#Parameters = {R_fat=48; R_glandular=38; R_skin_outer=50; T10=5; T15=7.5; T5=2.5; T_rad=4; T_x=10; T_y=0; T_z=75; Zc=65; skin_thickness=2; Mesh Pass=1}
#"Frequency / GHz"	"S1,1 (Mesh Pass=1) [Magnitude / dB]"
#-------------------------------------------------------
0.30000001192093	-6.6537828640804
0.30469998717308	-6.5206254264176
0.30939999222755	-6.3810903222134
0.31409999728203	-6.2358510544877
0.31880000233650	-6.0861742286083
0.32350000739098	-5.9337481197637
0.32820001244545	-5.7804300238205
0.33289998769760	-5.6279603987068
0.33759999275208	-5.4777073270930
0.34229999780655	-5.3304718542877
0.34700000286102	-5.1864073089077
0.35170000791550	-5.0450541277635
0.35640001296997	-4.9054811566953
0.36109998822212	-4.7665421145240
0.36579999327660	-4.6271622666718
0.37049999833107	-4.4866243722047
0.37520000338554	-4.3447990452735
0.37990000844002	-4.2022222011470
0.38460001349449	-4.0600469339569
0.38929998874664	-3.9198450654938
0.39399999380112	-3.7833112767950
0.39869999885559	-3.6519316917590
0.40340000391006	-3.5266928953075
0.40810000896454	-3.4078747269518
0.41280001401901	-3.2949738087027
0.41749998927116	-3.1868078131572
0.42219999432564	-3.0817525754884
0.42689999938011	-2.9781023833383
0.43160000443459	-2.8744758473306
0.43630000948906	-2.7701562954234
0.44100001454353	-2.6652968232620
0.44569998979568	-2.5609175616469
0.45039999485016	-2.4586859244212
0.45509999990463	-2.3605405468479
0.45980000495911	-2.2682338858558
0.46450001001358	-2.1829068365282
0.46919998526573	-2.1047711864790
0.47389999032021	-2.0330110202246
0.47859999537468	-1.9659001618166
0.48330000042915	-1.9011661102256
0.48800000548363	-1.8365169701936
0.49270001053810	-1.7701975315849
0.49739998579025	-1.7014634465249
0.50209999084473	-1.6307945517529
0.50679999589920	-1.5598043287216
0.51150000095367	-1.4908547459978
0.51620000600815	-1.4264656947653
0.52090001106262	-1.3686675855494
0.52560001611710	-1.3184557408154
0.53030002117157	-1.2754703093438
0.53500002622604	-1.2379919643588
0.53969997167587	-1.2033011171663
0.54439997673035	-1.1683046053174
0.54909998178482	-1.1303271736407
0.55379998683929	-1.0878403042688
0.55849999189377	-1.0409106802913
0.56319999694824	-0.99122846849334
0.56790000200272	-0.94170262897723
0.57260000705719	-0.89572041891001
0.57730001211166	-0.85625100165486
0.58200001716614	-0.82504806265946
0.58670002222061	-0.80210922564848
0.59140002727509	-0.78558360856611
0.59609997272491	-0.77211528356130
0.60079997777939	-0.75767414645247
0.60549998283386	-0.73858542962408
0.61019998788834	-0.71258770552023
0.61489999294281	-0.67951497262420
0.61959999799728	-0.64143541781014
0.62430000305176	-0.60215083210051
0.62900000810623	-0.56622391047692
0.63370001316071	-0.53774699307675
0.63840001821518	-0.51921842850589
0.64310002326965	-0.51076564207039
0.64780002832413	-0.50995997584923
0.65249997377396	-0.51227057392814
0.65719997882843	-0.51216488330808
0.66189998388290	-0.50461479439801
0.66659998893738	-0.48657332345038
0.67129999399185	-0.45801106476850
0.67599999904633	-0.42211450682836
0.68070000410080	-0.38454994256418
0.68540000915527	-0.35199092188974
0.69010001420975	-0.33032018510561
0.69480001926422	-0.32293216088621
0.69950002431870	-0.32956858408721
0.70420002937317	-0.34600151530998
0.70889997482300	-0.36476023109435
0.71359997987747	-0.37691370417551
0.71829998493195	-0.37462771900031
0.72299998998642	-0.35383053007452
0.72769999504089	-0.31614137727050
0.73240000009537	-0.26936587001359
0.73710000514984	-0.22631842729450
0.74180001020432	-0.20234700874149
0.74650001525879	-0.21220002386421
0.75120002031326	-0.26686960899839
0.75590002536774	-0.37085192965571
0.76059997081757	-0.52011009888632
0.76529997587204	-0.70107823265054
0.76999998092651	-0.89119191176228
0.77469998598099	-1.0616715599726
0.77939999103546	-1.1829353277937
0.78409999608994	-1.2320408167644
0.78880000114441	-1.1996728292672
0.79350000619888	-1.0933187940364
0.79820001125336	-0.93492937156469
0.80290001630783	-0.75436094429300
0.80760002136230	-0.58183695399536
0.81230002641678	-0.44193318594139
0.81699997186661	-0.34994049333941
0.82169997692108	-0.31028993527447
0.82639998197556	-0.31668030989228
0.83109998703003	-0.35374724035350
0.83579999208450	-0.40039302252054
0.84049999713898	-0.43471888611836
0.84520000219345	-0.43982760151768
0.84990000724792	-0.40892809870180
0.85460001230240	-0.34776449005110
0.85930001735687	-0.27337388188105
0.86400002241135	-0.20975108347579
0.86870002746582	-0.18216686461583
0.87339997291565	-0.21183970302043
0.87809997797012	-0.31177878217809
0.88279998302460	-0.48394009897014
0.88749998807907	-0.71750492096456
0.89219999313354	-0.98828929600151
0.89689999818802	-1.2599477604869
0.90160000324249	-1.4883028975457
0.90630000829697	-1.6301708086850
0.91100001335144	-1.6555665275250
0.91570001840591	-1.5582063677189
0.92040002346039	-1.3577548314686
0.92510002851486	-1.0922416314365
0.92979997396469	-0.80572769919479
0.93449997901917	-0.53769021535486
0.93919998407364	-0.31702142262612
0.94389998912811	-0.16002435508670
0.94859999418259	-0.070816190549334
0.95329999923706	-0.042977877836828
0.95800000429153	-0.062016354487239
0.96270000934601	-0.10849266894736
0.96740001440048	-0.16175262301693
0.97210001945496	-0.20386912971442
0.97680002450943	-0.22306774297869
0.98150002956390	-0.21564025810630
0.98619997501373	-0.18571786821822
0.99089998006821	-0.14299928846403
0.99559998512268	-0.099347528067602
1.0003000497818	-0.065384883165629
1.0049999952316	-0.047999992190594
1.0096999406815	-0.049145598136418
1.0144000053406	-0.065950621097157
1.0190999507904	-0.091896367685497
1.0238000154495	-0.11874667323153
1.0284999608994	-0.13875401679471
1.0332000255585	-0.14665569191854
1.0378999710083	-0.14089304177089
1.0426000356674	-0.12374341377102
1.0472999811172	-0.10038563460199
1.0520000457764	-0.077240279751272
1.0566999912262	-0.060149200230168
1.0614000558853	-0.052911783089931
1.0661000013351	-0.056471091223095
1.0707999467850	-0.068899252350480
1.0755000114441	-0.086085956126672
1.0801999568939	-0.10293306915877
1.0849000215530	-0.11474103123268
1.0895999670029	-0.11844556438450
1.0943000316620	-0.11335754510358
1.0989999771118	-0.10121726175681
1.1037000417709	-0.085565367365805
1.1083999872208	-0.070677109752744
1.1131000518799	-0.060358847666142
1.1177999973297	-0.056983353091057
1.1224999427795	-0.060967032526616
1.1272000074387	-0.070770463176230
1.1318999528885	-0.083404693821317
1.1366000175476	-0.095289874248741
1.1412999629974	-0.10322061131586
1.1460000276566	-0.10520213974575
1.1506999731064	-0.10094679420861
1.1554000377655	-0.091854952951501
1.1600999832153	-0.080560723162841
1.1648000478745	-0.070156078976426
1.1694999933243	-0.063353311056937
1.1742000579834	-0.061804904363500
1.1789000034332	-0.065743351150376
1.1835999488831	-0.074020833930201
1.1883000135422	-0.084487695648074
1.1929999589920	-0.094606351727185
1.1977000236511	-0.10214255356908
1.2023999691010	-0.10573126356166
1.2071000337601	-0.10517698248359
1.2117999792099	-0.10140833678779
1.2165000438690	-0.096133137090194
1.2211999893188	-0.091278489521775
1.2259000539780	-0.088422432206765
1.2305999994278	-0.088361672555769
1.2352999448776	-0.090914326570416
1.2400000095367	-0.095029713876655
1.2446999549866	-0.099127019917054
1.2494000196457	-0.10157864046113
1.2540999650955	-0.10121417971697
1.2588000297546	-0.097658964711636
1.2634999752045	-0.091463613926713
1.2682000398636	-0.083954045868283
1.2728999853134	-0.076846993149177
1.2776000499725	-0.071796062429602
1.2822999954224	-0.069924786464299
1.2869999408722	-0.071541141241186
1.2917000055313	-0.076073132591106
1.2963999509811	-0.082210235745604
1.3011000156403	-0.088284255138698
1.3057999610901	-0.092698154716383
1.3105000257492	-0.094358739067726
1.3151999711990	-0.092943147036255
1.3199000358582	-0.088979803771325
1.3245999813080	-0.083666529136555
1.3293000459671	-0.078529028171141
1.3339999914169	-0.074995758949919
1.3387000560760	-0.074022123649317
1.3434000015259	-0.075851651785782
1.3480999469757	-0.079961379488448
1.3528000116348	-0.085248135945090
1.3574999570847	-0.090316254867514
1.3622000217438	-0.093880741549319
1.3668999671936	-0.095096838691596
1.3716000318527	-0.093790306035649
1.3762999773026	-0.090476277304390
1.3810000419617	-0.086203753830401
1.3856999874115	-0.082253534429536
1.3904000520706	-0.079777800467001
1.3950999975204	-0.079495036724696
1.3997999429703	-0.081519066174983
1.4045000076294	-0.085333476648849
1.4091999530792	-0.089954769904350
1.4139000177383	-0.094221048454947
1.4185999631882	-0.097087616936099
1.4233000278473	-0.097936789578380
1.4279999732971	-0.096709332656546
1.4327000379562	-0.093923628185548
1.4373999834061	-0.090513890133125
1.4421000480652	-0.087553717910409
1.4467999935150	-0.085977310090865
1.4515000581741	-0.086309266057886
1.4562000036240	-0.088555165800728
1.4608999490738	-0.092205723604828
1.4656000137329	-0.096386239468732
1.4702999591827	-0.10010756985724
1.4750000238419	-0.10254202499133
1.4796999692917	-0.10323333038849
1.4844000339508	-0.10222628086536
1.4890999794006	-0.10002668221624
1.4938000440598	-0.097471803969927
1.4984999895096	-0.095469694896876
1.5032000541687	-0.094768080777603
1.5078999996185	-0.095750775969238
1.5125999450684	-0.098336989446368
1.5173000097275	-0.10203247977792
1.5219999551773	-0.10605937988187
1.5267000198364	-0.10958325802685
1.5313999652863	-0.11193884942085
1.5361000299454	-0.11281088657077
1.5407999753952	-0.11230980186353
1.5455000400543	-0.11093549802702
1.5501999855042	-0.10943055049235
1.5549000501633	-0.10856572484465
1.5595999956131	-0.10893682616472
1.5642999410629	-0.11081305186295
1.5690000057220	-0.11405959856638
1.5736999511719	-0.11819361456209
1.5784000158310	-0.12253165239108
1.5830999612808	-0.12636921914771
1.5878000259399	-0.12917802695113
1.5924999713898	-0.13075246001728
1.5972000360489	-0.13125721160028
1.6018999814987	-0.13117582593522
1.6066000461578	-0.13116279866217
1.6112999916077	-0.13188190772457
1.6160000562668	-0.13380362207505
1.6207000017166	-0.13709841814643
1.6253999471664	-0.14159421453076
1.6301000118256	-0.14683862147903
1.6347999572754	-0.15221797025810
1.6395000219345	-0.15714142069390
1.6441999673843	-0.16119479500566
1.6489000320435	-0.16425573437696
1.6535999774933	-0.16652596289425
1.6583000421524	-0.16845873281357
1.6629999876022	-0.17064231209740
1.6677000522614	-0.17362900159918
1.6723999977112	-0.17778527735279
1.6770999431610	-0.18320736594339
1.6818000078201	-0.18968629756848
1.6864999532700	-0.19678501165244
1.6912000179291	-0.20395856414990
1.6958999633789	-0.21069484195087
1.7006000280380	-0.21667058786178
1.7052999734879	-0.22182074754485
1.7100000381470	-0.22635103941688
1.7146999835968	-0.23068709132350
1.7194000482559	-0.23533138810807
1.7240999937057	-0.24073461972032
1.7288000583649	-0.24716392260301
1.7335000038147	-0.25463460871170
1.7381999492645	-0.26289998535261
1.7429000139236	-0.27152312843758
1.7475999593735	-0.27999730297922
1.7523000240326	-0.28787312575111
1.7569999694824	-0.29487807517916
1.7617000341415	-0.30097900485635
1.7663999795914	-0.30638279884527
1.7711000442505	-0.31146460003135
1.7757999897003	-0.31665815807898
1.7805000543594	-0.32232184233296
1.7851999998093	-0.32863895821384
1.7898999452591	-0.33556398866465
1.7946000099182	-0.34282813480629
1.7992999553680	-0.35001448168634
1.8040000200272	-0.35666923468381
1.8086999654770	-0.36241737542778
1.8134000301361	-0.36705608648428
1.8180999755859	-0.37061389169040
1.8228000402451	-0.37332603167965
1.8274999856949	-0.37555827147600
1.8322000503540	-0.37771374553477
1.8368999958038	-0.38010651087756
1.8415999412537	-0.38288566338767
1.8463000059128	-0.38598850147436
1.8509999513626	-0.38917287300329
1.8557000160217	-0.39207903860932
1.8603999614716	-0.39433572602831
1.8651000261307	-0.39567039602190
1.8697999715805	-0.39597499463723
1.8745000362396	-0.39534704190475
1.8791999816895	-0.39405173789798
1.8839000463486	-0.39246051048485
1.8885999917984	-0.39093792068716
1.8933000564575	-0.38975898948262
1.8980000019073	-0.38902767647184
1.9026999473572	-0.38866787033810
1.9074000120163	-0.38844305942747
1.9120999574661	-0.38803652609773
1.9168000221252	-0.38714068034157
1.9214999675751	-0.38554945904889
1.9262000322342	-0.38321698992568
1.9308999776840	-0.38026797669376
1.9356000423431	-0.37696553187491
1.9402999877930	-0.37364624891269
1.9450000524521	-0.37061698492795
1.9496999979019	-0.36808639969603
1.9543999433517	-0.36610043926258
1.9591000080109	-0.36455127770614
1.9637999534607	-0.36320167654118
1.9685000181198	-0.36176325985900
1.9731999635696	-0.35997139325895
1.9779000282288	-0.35767017239866
1.9825999736786	-0.35485050905312
1.9873000383377	-0.35164894575095
1.9919999837875	-0.34831692306202
1.9967000484467	-0.34514062749845
2.0013999938965	-0.34236984522868
2.0060999393463	-0.34014885269469
2.0107998847961	-0.33848009405464
2.0155000686646	-0.33723033766626
2.0202000141144	-0.33617018535359
2.0248999595642	-0.33503990906560
2.0295999050140	-0.33362555098945
2.0343000888824	-0.33181896779549
2.0390000343323	-0.32964299175013
2.0436999797821	-0.32724633102139
2.0483999252319	-0.32486002302133
2.0531001091003	-0.32272905021288
2.0578000545502	-0.32104925026062
2.0625000000000	-0.31991016781777
2.0671999454498	-0.31928093850573
2.0718998908997	-0.31901443376294
2.0766000747681	-0.31889971021218
2.0813000202179	-0.31871635425824
2.0859999656677	-0.31830431213771
2.0906999111176	-0.31760200103215
2.0954000949860	-0.31666584031124
2.1001000404358	-0.31565102460556
2.1047999858856	-0.31476762267906
2.1094999313354	-0.31421851690863
2.1142001152039	-0.31414611692686
2.1189000606537	-0.31459537433565
2.1236000061035	-0.31550425247127
2.1282999515533	-0.31672637710793
2.1329998970032	-0.31807804805101
2.1377000808716	-0.31939116676761
2.1424000263214	-0.32056534018654
2.1470999717712	-0.32159327211343
2.1517999172211	-0.32256336233192
2.1565001010895	-0.32363423026037
2.1612000465393	-0.32498956225970
2.1658999919891	-0.32678375437732
2.1705999374390	-0.32910060498443
2.1752998828888	-0.33193830933583
2.1800000667572	-0.33521384600919
2.1847000122070	-0.33879302517387
2.1893999576569	-0.34254185886451
2.1940999031067	-0.34636506752643
2.1988000869751	-0.35024819230964
2.2035000324249	-0.35425594820669
2.2081999778748	-0.35851885879401
2.2128999233246	-0.36319783309082
2.2176001071930	-0.36843226640474
2.2223000526428	-0.37430255913622
2.2269999980927	-0.38081514447583
2.2316999435425	-0.38790667096157
2.2363998889923	-0.39547913197051
2.2411000728607	-0.40344813646576
2.2458000183105	-0.41178797969058
2.2504999637604	-0.42056509473877
2.2551999092102	-0.42991896046019
2.2599000930786	-0.44003214156785
2.2646000385284	-0.45104379264761
2.2692999839783	-0.46296705862465
2.2739999294281	-0.47560288604613
2.2787001132965	-0.48850074261614
2.2834000587463	-0.50096983623600
2.2881000041962	-0.51215025490614
2.2927999496460	-0.52115480201711
2.2974998950958	-0.52723200422844
2.3022000789642	-0.52993986406042
2.3069000244141	-0.52927681008095
2.3115999698639	-0.52573865089095
2.3162999153137	-0.52028429711757
2.3210000991821	-0.51419898803766
2.3257000446320	-0.50890246096723
2.3303999900818	-0.50572904662591
2.3350999355316	-0.50571852183501
2.3397998809814	-0.50947957074991
2.3445000648499	-0.51712548766988
2.3492000102997	-0.52830215267129
2.3538999557495	-0.54229795451669
2.3585999011993	-0.55820203652133
2.3633000850677	-0.57508639608464
2.3680000305176	-0.59217224267564
2.3726999759674	-0.60894015341590
2.3773999214172	-0.62518329381533
2.3821001052856	-0.64096672760837
2.3868000507355	-0.65654014445672
2.3914999961853	-0.67221669759665
2.3961999416351	-0.68824137177296
2.4008998870850	-0.70470118409183
2.4056000709534	-0.72148816033157
2.4103000164032	-0.73831181586622
2.4149999618530	-0.75477575014196
2.4196999073029	-0.77046364388375
2.4244000911713	-0.78504576938330
2.4291000366211	-0.79834213572291
2.4337999820709	-0.81035753798088
2.4384999275208	-0.82125282726213
2.4432001113892	-0.83128067003562
2.4479000568390	-0.84070468725721
2.4526000022888	-0.84971151570387
2.4572999477386	-0.85835442616757
2.4619998931885	-0.86653799449630
2.4667000770569	-0.87404545970989
2.4714000225067	-0.88060324863238
2.4760999679565	-0.88595855497694
2.4807999134064	-0.88995325807605
2.4855000972748	-0.89257175726054
2.4902000427246	-0.89394963419487
2.4948999881744	-0.89433868536908
2.4995999336243	-0.89404643703402
2.5043001174927	-0.89335737411520
2.5090000629425	-0.89246734096236
2.5137000083923	-0.89144381381666
2.5183999538422	-0.89022275055874
2.5230998992920	-0.88864274601172
2.5278000831604	-0.88650514629101
2.5325000286102	-0.88364606059553
2.5371999740601	-0.87998922089492
2.5418999195099	-0.87558708750632
2.5466001033783	-0.87060836363457
2.5513000488281	-0.86530584914046
2.5559999942780	-0.85995534607305
2.5606999397278	-0.85478879488497
2.5653998851776	-0.84993927125249
2.5701000690460	-0.84542414396192
2.5748000144958	-0.84114056352230
2.5794999599457	-0.83691213737885
2.5841999053955	-0.83254205510117
2.5889000892639	-0.82788064392358
2.5936000347137	-0.82286536659383
2.5982999801636	-0.81754857895221
2.6029999256134	-0.81208526828218
2.6077001094818	-0.80668831587343
2.6124000549316	-0.80158349307140
2.6171000003815	-0.79693893983195
2.6217999458313	-0.79283335749882
2.6264998912811	-0.78923096618240
2.6312000751495	-0.78600268760409
2.6359000205994	-0.78295874573804
2.6405999660492	-0.77990799790514
2.6452999114990	-0.77671347659335
2.6500000953674	-0.77332324389404
2.6547000408173	-0.76979613090625
2.6593999862671	-0.76627580678877
2.6640999317169	-0.76295290592026
2.6688001155853	-0.76001693692868
2.6735000610352	-0.75759869438614
2.6782000064850	-0.75573906851058
2.6828999519348	-0.75437815804796
2.6875998973846	-0.75337296579518
2.6923000812531	-0.75253729494378
2.6970000267029	-0.75169388944063
2.7016999721527	-0.75072420160156
2.7063999176025	-0.74959613551924
2.7111001014709	-0.74837491580305
2.7158000469208	-0.74720545010138
2.7204999923706	-0.74626514528884
2.7251999378204	-0.74572048245670
2.7298998832703	-0.74567764873443
2.7346000671387	-0.74615321445158
2.7393000125885	-0.74707383362977
2.7439999580383	-0.74829266234638
2.7486999034882	-0.74963117147707
2.7534000873566	-0.75092983143734
2.7581000328064	-0.75208738481969
2.7627999782562	-0.75309251181719
2.7674999237061	-0.75402066839538
2.7722001075745	-0.75501692889212
2.7769000530243	-0.75625133341121
2.7815999984741	-0.75787356860763
2.7862999439240	-0.75997180514186
2.7909998893738	-0.76254631682897
2.7957000732422	-0.76551304914103
2.8004000186920	-0.76872477968026
2.8050999641418	-0.77201387545643
2.8097999095917	-0.77523371070961
2.8145000934601	-0.77830415169489
2.8192000389099	-0.78123110852700
2.8238999843597	-0.78410117976638
2.8285999298096	-0.78706162615837
2.8333001136780	-0.79027526602233
2.8380000591278	-0.79388243636830
2.8427000045776	-0.79795325631140
2.8473999500275	-0.80247764059852
2.8520998954773	-0.80736288243066
2.8568000793457	-0.81246535769898
2.8615000247955	-0.81762157457081
2.8661999702454	-0.82270541303718
2.8708999156952	-0.82765269052171
2.8756000995636	-0.83248134856852
2.8803000450134	-0.83729140048909
2.8849999904633	-0.84222925288305
2.8896999359131	-0.84745274426781
2.8943998813629	-0.85309046994730
2.8991000652313	-0.85919843087035
2.9038000106812	-0.86575528680774
2.9084999561310	-0.87266217769280
2.9131999015808	-0.87977530494395
2.9179000854492	-0.88694041324011
2.9226000308990	-0.89404329735456
2.9272999763489	-0.90103318714110
2.9319999217987	-0.90794496549551
2.9367001056671	-0.91488095803521
2.9414000511169	-0.92199080444646
2.9460999965668	-0.92942779231444
2.9507999420166	-0.93730292769619
2.9554998874664	-0.94566042910345
2.9602000713348	-0.95446490420866
2.9649000167847	-0.96360846034106
2.9695999622345	-0.97294312610391
2.9742999076843	-0.98232097744095
2.9790000915527	-0.99163480427703
2.9837000370026	-1.0008466277201
2.9883999824524	-1.0099968485193
2.9930999279022	-1.0191965498971
2.9978001117706	-1.0285897714838
3.0025000572205	-1.0383207123194
3.0072000026703	-1.0484847288190
3.0118999481201	-1.0591092962496
3.0165998935699	-1.0701392537336
3.0213000774384	-1.0814552905656
3.0260000228882	-1.0928999003245
3.0306999683380	-1.1043252231375
3.0353999137878	-1.1156247368887
3.0401000976562	-1.1267669161407
3.0448000431061	-1.1377969775889
3.0494999885559	-1.1488247723783
3.0541999340057	-1.1599869910884
3.0589001178741	-1.1714138729212
3.0636000633240	-1.1831814162516
3.0683000087738	-1.1952932376704
3.0729999542236	-1.2076716125237
3.0776998996735	-1.2201770294232
3.0824000835419	-1.2326382305583
3.0871000289917	-1.2449007749822
3.0917999744415	-1.2568582695829
3.0964999198914	-1.2684793787238
3.1012001037598	-1.2798121791388
3.1059000492096	-1.2909635708482
3.1105999946594	-1.3020647563920
3.1152999401093	-1.3132279443839
3.1199998855591	-1.3245103983552
3.1247000694275	-1.3358920585945
3.1294000148773	-1.3472734443222
3.1340999603271	-1.3584969802710
3.1387999057770	-1.3693849301307
3.1435000896454	-1.3797806696013
3.1482000350952	-1.3895849170587
3.1528999805450	-1.3987794435362
3.1575999259949	-1.4074245264221
3.1623001098633	-1.4156345360063
3.1670000553131	-1.4235463467619
3.1717000007629	-1.4312698324788
3.1763999462128	-1.4388549995808
3.1810998916626	-1.4462752972997
3.1858000755310	-1.4534276000146
3.1905000209808	-1.4601595060499
3.1951999664307	-1.4663069288670
3.1998999118805	-1.4717394320119
3.2046000957489	-1.4763917646563
3.2093000411987	-1.4802845797213
3.2139999866486	-1.4835173116442
3.2186999320984	-1.4862394980873
3.2234001159668	-1.4886134049339
3.2281000614166	-1.4907709127321
3.2328000068665	-1.4927820205371
3.2374999523163	-1.4946352408710
3.2421998977661	-1.4962530012670
3.2469000816345	-1.4975155926028
3.2516000270844	-1.4982998302336
3.2562999725342	-1.4985291199643
3.2609999179840	-1.4981947611790
3.2657001018524	-1.4973761853857
3.2704000473022	-1.4962278634419
3.2750999927521	-1.4949481090650
3.2797999382019	-1.4937417359235
3.2844998836517	-1.4927749096359
3.2892000675201	-1.4921487617241
3.2939000129700	-1.4918883010375
3.2985999584198	-1.4919548194278
3.3032999038696	-1.4922740423594
3.3080000877380	-1.4927840192442
3.3127000331879	-1.4934703615719
3.3173999786377	-1.4943956305149
3.3220999240875	-1.4957108646397
3.3268001079559	-1.4976385349797
3.3315000534058	-1.5004475945877
3.3361999988556	-1.5044086377115
3.3408999443054	-1.5097577852794
3.3455998897552	-1.5166685842944
3.3503000736237	-1.5252476927365
3.3550000190735	-1.5355509915602
3.3596999645233	-1.5476105091141
3.3643999099731	-1.5614817719867
3.3691000938416	-1.5772788484238
3.3738000392914	-1.5952035498019
3.3784999847412	-1.6155534072345
3.3831999301910	-1.6387090725155
3.3879001140594	-1.6650956781401
3.3926000595093	-1.6951529725643
3.3973000049591	-1.7292813917415
3.4019999504089	-1.7678232406541
3.4066998958588	-1.8110429851629
3.4114000797272	-1.8591333566518
3.4161000251770	-1.9122367893057
3.4207999706268	-1.9704731813328
3.4254999160767	-2.0339609202383
3.4302000999451	-2.1028254444537
3.4349000453949	-2.1771854661120
3.4395999908447	-2.2571079025250
3.4442999362946	-2.3425473373218
3.4489998817444	-2.4332663259902
3.4537000656128	-2.5287555394840
3.4584000110626	-2.6281751637199
3.4630999565125	-2.7303181199839
3.4677999019623	-2.8336222985458
3.4725000858307	-2.9362260968863
3.4772000312805	-3.0360580477040
3.4818999767303	-3.1309805772522
3.4865999221802	-3.2189155840863
3.4913001060486	-3.2979901101886
3.4960000514984	-3.3666370423527
3.5006999969482	-3.4236556330973
3.5053999423981	-3.4682483409486
3.5100998878479	-3.5000025120097
3.5148000717163	-3.5188805619610
3.5195000171661	-3.5251852759036
3.5241999626160	-3.5195385080389
3.5288999080658	-3.5028568054884
3.5336000919342	-3.4763256884226
3.5383000373840	-3.4413428707961
3.5429999828339	-3.3994566860455
3.5476999282837	-3.3522709374052
3.5524001121521	-3.3013339592430
3.5571000576019	-3.2480582993864
3.5618000030518	-3.1936294920765
3.5664999485016	-3.1389720030094
3.5711998939514	-3.0847480836846
3.5759000778198	-3.0313911637225
3.5806000232697	-2.9791732726647
3.5852999687195	-2.9282754935741
3.5899999141693	-2.8788590676922
3.5947000980377	-2.8311082740171
3.5994000434875	-2.7852503960493
3.6040999889374	-2.7415394288097
3.6087999343872	-2.7002287865200
3.6135001182556	-2.6615145120338
3.6182000637054	-2.6255034117196
3.6229000091553	-2.5921899076310
3.6275999546051	-2.5614535974680
3.6322999000549	-2.5330947137306
3.6370000839233	-2.5068745314103
3.6417000293732	-2.4825707769522
3.6463999748230	-2.4600283296968
3.6510999202728	-2.4391850212340
3.6558001041412	-2.4200773285204
3.6605000495911	-2.4028148522995
3.6651999950409	-2.3875406125633
3.6698999404907	-2.3743808931403
3.6745998859406	-2.3634012344403
3.6793000698090	-2.3545770909974
3.6840000152588	-2.3477957736356
3.6886999607086	-2.3428760584414
3.6933999061584	-2.3396157516141
3.6981000900269	-2.3378362025132
3.7028000354767	-2.3374310845518
3.7074999809265	-2.3383942150086
3.7121999263763	-2.3408146239532
3.7169001102448	-2.3448662684135
3.7216000556946	-2.3507538811521
3.7263000011444	-2.3586628253354
3.7309999465942	-2.3687208454399
3.7356998920441	-2.3809652738677
3.7404000759125	-2.3953423088456
3.7451000213623	-2.4117280682915
3.7497999668121	-2.4299758193680
3.7544999122620	-2.4499624638189
3.7592000961304	-2.4716381059919
3.7639000415802	-2.4950539482137
3.7685999870300	-2.5203624693253
3.7732999324799	-2.5477958946845
3.7780001163483	-2.5776148530355
3.7827000617981	-2.6100589129968
3.7874000072479	-2.6452915088520
3.7920999526978	-2.6833701434423
3.7967998981476	-2.7242396567760
3.8015000820160	-2.7677541349078
3.8062000274658	-2.8137205977615
3.8108999729156	-2.8619514673289
3.8155999183655	-2.9123148336375
3.8203001022339	-2.9647607826371
3.8250000476837	-3.0193254135006
3.8296999931335	-3.0760942769119
3.8343999385834	-3.1351537922156
3.8390998840332	-3.1965191655413
3.8438000679016	-3.2600752370627
3.8485000133514	-3.3255397663914
3.8531999588013	-3.3924518609070
3.8578999042511	-3.4602084526395
3.8626000881195	-3.5281165826102
3.8673000335693	-3.5954771687047
3.8719999790192	-3.6616487343213
3.8766999244690	-3.7261011403677
3.8814001083374	-3.7884316870037
3.8861000537872	-3.8483341753720
3.8907999992371	-3.9055551760395
3.8954999446869	-3.9598184631460
3.9001998901367	-4.0107816004788
3.9049000740051	-4.0580067875612
3.9096000194550	-4.1009851255790
3.9142999649048	-4.1391915910789
3.9189999103546	-4.1721785799579
3.9237000942230	-4.1996666955973
3.9284000396729	-4.2216101760198
3.9330999851227	-4.2382232238061
3.9377999305725	-4.2499516689174
3.9425001144409	-4.2573999160159
3.9472000598907	-4.2612309070270
3.9519000053406	-4.2620615714657
3.9565999507904	-4.2603964464903
3.9612998962402	-4.2565878663057
3.9660000801086	-4.2508621678117
3.9707000255585	-4.2433812093180
3.9753999710083	-4.2343146558891
3.9800999164581	-4.2239237569483
3.9848001003265	-4.2126088624008
3.9895000457764	-4.2009166641466
3.9941999912262	-4.1895005611122
3.9988999366760	-4.1790549344017
4.0036001205444	-4.1702265084969
4.0082998275757	-4.1635407575021
4.0130000114441	-4.1593517158562
4.0177001953125	-4.1578404057860
4.0223999023438	-4.1590569321760
4.0271000862122	-4.1629858290369
4.0317997932434	-4.1696401406971
4.0364999771118	-4.1791447331744
4.0412001609802	-4.1917848333470
4.0458998680115	-4.2080258822181
4.0506000518799	-4.2284759175903
4.0553002357483	-4.2538332673812
4.0599999427795	-4.2848023026031
4.0647001266479	-4.3220157557581
4.0693998336792	-4.3660012459585
4.0741000175476	-4.4171616596753
4.0788002014160	-4.4758182913063
4.0834999084473	-4.5422798456150
4.0882000923157	-4.6169343763924
4.0928997993469	-4.7003365101541
4.0975999832153	-4.7932743033188
4.1023001670837	-4.8967824988525
4.1069998741150	-5.0121150397494
4.1117000579834	-5.1406646240987
4.1163997650146	-5.2838432024017
4.1210999488831	-5.4429494652049
4.1258001327515	-5.6190330609388
4.1304998397827	-5.8127900312161
4.1352000236511	-6.0244775422079
4.1399002075195	-6.2538794095425
4.1445999145508	-6.5002893352956
4.1493000984192	-6.7625192824728
4.1539998054504	-7.0389070423378
4.1586999893188	-7.3272954625976
4.1634001731873	-7.6249847062141
4.1680998802185	-7.9286470871686
4.1728000640869	-8.2342370776641
4.1774997711182	-8.5369311203821
4.1821999549866	-8.8311810076456
4.1869001388550	-9.1109074130370
4.1915998458862	-9.3698970508212
4.1963000297546	-9.6023595221326
4.2010002136230	-9.8035375020602
4.2056999206543	-9.9702057204621
4.2104001045227	-10.100911302504
4.2150998115540	-10.195848649215
4.2197999954224	-10.256418775219
4.2245001792908	-10.284626389121
4.2291998863220	-10.282526495115
4.2339000701904	-10.251877764911
4.2385997772217	-10.194102374838
4.2432999610901	-10.110492647577
4.2480001449585	-10.002571875236
4.2526998519897	-9.8724063380305
4.2574000358582	-9.7227695219448
4.2621002197266	-9.5570624082756
4.2667999267578	-9.3790335559365
4.2715001106262	-9.1923893045489
4.2761998176575	-9.0004178774016
4.2809000015259	-8.8057362642971
4.2856001853943	-8.6101902663119
4.2902998924255	-8.4149456234266
4.2950000762939	-8.2206878921752
4.2996997833252	-8.0278799816804
4.3043999671936	-7.8369979736195
4.3091001510620	-7.6486850459338
4.3137998580933	-7.4637862617821
4.3185000419617	-7.2832754608711
4.3232002258301	-7.1081062715863
4.3278999328613	-6.9390367324368
4.3326001167297	-6.7764828521697
4.3372998237610	-6.6204459854037
4.3420000076294	-6.4705327790444
4.3467001914978	-6.3260520701960
4.3513998985291	-6.1861815326326
4.3561000823975	-6.0501477056717
4.3607997894287	-5.9173863904680
4.3654999732971	-5.7876325903353
4.3702001571655	-5.6609292236688
4.3748998641968	-5.5375537754341
4.3796000480652	-5.4178901564235
4.3843002319336	-5.3022711525678
4.3889999389648	-5.1908528878640
4.3937001228333	-5.0835421438422
4.3983998298645	-4.9799900999765
4.4031000137329	-4.8796659613724
4.4078001976013	-4.7819739318948
4.4124999046326	-4.6863918737019
4.4172000885010	-4.5925933708204
4.4218997955322	-4.5005135718164
4.4265999794006	-4.4103527364127
4.4313001632690	-4.3225046082665
4.4359998703003	-4.2374436855856
4.4407000541687	-4.1555918466001
4.4454002380371	-4.0772058835673
4.4500999450684	-4.0023090367987
4.4548001289368	-3.9306912809288
4.4594998359680	-3.8619609316903
4.4642000198364	-3.7956510812424
4.4689002037048	-3.7313489404459
4.4735999107361	-3.6687978893147
4.4783000946045	-3.6079694291473
4.4829998016357	-3.5490714900540
4.4876999855042	-3.4924948016462
4.4924001693726	-3.4387124986553
4.4970998764038	-3.3881644333103
4.5018000602722	-3.3411542950902
4.5064997673035	-3.2977725854303
4.5111999511719	-3.2578956752636
4.5159001350403	-3.2212274834311
4.5205998420715	-3.1873972499323
4.5253000259399	-3.1560680322347
4.5300002098083	-3.1270533257144
4.5346999168396	-3.1003880240063
4.5394001007080	-3.0763432186260
4.5440998077393	-3.0553924470973
4.5487999916077	-3.0381081877363
4.5535001754761	-3.0250572197496
4.5581998825073	-3.0166700536511
4.5629000663757	-3.0131692360581
4.5675997734070	-3.0145293003622
4.5722999572754	-3.0205010013185
4.5770001411438	-3.0306943500405
4.5816998481750	-3.0446855374852
4.5864000320435	-3.0621321923160
4.5911002159119	-3.0828622668661
4.5957999229431	-3.1069109658260
4.6005001068115	-3.1344948524176
4.6051998138428	-3.1659247729719
4.6098999977112	-3.2014864445614
4.6146001815796	-3.2413094481309
4.6192998886108	-3.2852575371143
4.6240000724792	-3.3328878420001
4.6286997795105	-3.3834618481028
4.6333999633789	-3.4360464274645
4.6381001472473	-3.4896371412687
4.6427998542786	-3.5433250022989
4.6475000381470	-3.5964090024745
4.6522002220154	-3.6484621439653
4.6568999290466	-3.6993046468428
4.6616001129150	-3.7488909062454
4.6662998199463	-3.7971519750338
4.6710000038147	-3.8438249711780
4.6757001876831	-3.8883235771411
4.6803998947144	-3.9296977276595
4.6851000785828	-3.9666991097042
4.6897997856140	-3.9979423523000
4.6944999694824	-4.0221380691522
4.6992001533508	-4.0383246761343
4.7038998603821	-4.0460457629021
4.7086000442505	-4.0454158618899
4.7133002281189	-4.0370585663951
4.7179999351501	-4.0219420785529
4.7227001190186	-4.0011453566893
4.7273998260498	-3.9756502201924
4.7321000099182	-3.9461868353738
4.7368001937866	-3.9131904117692
4.7414999008179	-3.8768590897801
4.7462000846863	-3.8373017901259
4.7508997917175	-3.7947110860085
4.7555999755859	-3.7495211570342
4.7603001594543	-3.7024849698000
4.7649998664856	-3.6546609911395
4.7697000503540	-3.6073035330597
4.7744002342224	-3.5616780297439
4.7790999412537	-3.5188727143496
4.7838001251221	-3.4796260463680
4.7884998321533	-3.4442392912707
4.7932000160217	-3.4125769456527
4.7979001998901	-3.3841586738665
4.8025999069214	-3.3583355772493
4.8073000907898	-3.3344847064841
4.8119997978210	-3.3121994951933
4.8166999816895	-3.2914045355724
4.8214001655579	-3.2723822602374
4.8260998725891	-3.2556957581739
4.8308000564575	-3.2420340153658
4.8354997634888	-3.2320145074167
4.8401999473572	-3.2260031630019
4.8449001312256	-3.2239932490510
4.8495998382568	-3.2255743575176
4.8543000221252	-3.2300125293376
4.8590002059937	-3.2364036789642
4.8636999130249	-3.2438917159625
4.8684000968933	-3.2518706956409
4.8730998039246	-3.2601388481435
4.8777999877930	-3.2689356324368
4.8825001716614	-3.2788738360646
4.8871998786926	-3.2907681074452
4.8919000625610	-3.3054127210064
4.8965997695923	-3.3233525107098
4.9012999534607	-3.3447252367026
4.9060001373291	-3.3692054335886
4.9106998443604	-3.3960673038554
4.9154000282288	-3.4243534298275
4.9201002120972	-3.4531293358305
4.9247999191284	-3.4817223885923
4.9295001029968	-3.5099176500714
4.9341998100281	-3.5380267331917
4.9388999938965	-3.5668243214022
4.9436001777649	-3.5973469714979
4.9482998847961	-3.6306344120413
4.9530000686646	-3.6674459354947
4.9576997756958	-3.7080590932606
4.9623999595642	-3.7521732802713
4.9671001434326	-3.7989681249944
4.9717998504639	-3.8472989529168
4.9765000343323	-3.8959957591350
4.9812002182007	-3.9441606591943
4.9858999252319	-3.9914375511619
4.9906001091003	-4.0381087077177
4.9952998161316	-4.0850365406587
5.0000000000000	-4.1334517460667
#Parameters = {R_fat=48; R_glandular=38; R_skin_outer=50; T10=5; T15=7.5; T5=2.5; T_rad=4; T_x=10; T_y=0; T_z=75; Zc=65; skin_thickness=2; Mesh Pass=2}
#"Frequency / GHz"	"S1,1 (Mesh Pass=2) [Magnitude / dB]"
#-------------------------------------------------------
0.30000001192093	-8.6945851832612
0.30469998717308	-8.3746264645477
0.30939999222755	-8.1626145469690
0.31409999728203	-8.1143224112729
0.31880000233650	-8.2493221808358
0.32350000739098	-8.5541620334209
0.32820001244545	-8.9777376452012
0.33289998769760	-9.4193486923515
0.33759999275208	-9.7294106086198
0.34229999780655	-9.7641403909591
0.34700000286102	-9.4910911536288
0.35170000791550	-9.0298877591933
0.35640001296997	-8.5673751172088
0.36109998822212	-8.2610512880746
0.36579999327660	-8.2139826593278
0.37049999833107	-8.4974405960143
0.37520000338554	-9.1871787897985
0.37990000844002	-10.409613104568
0.38460001349449	-12.429487519758
0.38929998874664	-15.927222985588
0.39399999380112	-23.727370974627
0.39869999885559	-27.293053756465
0.40340000391006	-15.974995099971
0.40810000896454	-11.190461120389
0.41280001401901	-8.3037845017681
0.41749998927116	-6.4371744690904
0.42219999432564	-5.2476072761219
0.42689999938011	-4.5473577696105
0.43160000443459	-4.2130395901897
0.43630000948906	-4.1567176119401
0.44100001454353	-4.3121159699201
0.44569998979568	-4.6232102903614
0.45039999485016	-5.0322642712151
0.45509999990463	-5.4689918682911
0.45980000495911	-5.8481706616594
0.46450001001358	-6.0870367963311
0.46919998526573	-6.1418587853369
0.47389999032021	-6.0342670393235
0.47859999537468	-5.8366978199315
0.48330000042915	-5.6311184248497
0.48800000548363	-5.4778891723053
0.49270001053810	-5.4070840155728
0.49739998579025	-5.4223728848228
0.50209999084473	-5.5071999267821
0.50679999589920	-5.6299933408841
0.51150000095367	-5.7502039343498
0.51620000600815	-5.8279700991331
0.52090001106262	-5.8369627751181
0.52560001611710	-5.7743002621828
0.53030002117157	-5.6603033218264
0.53500002622604	-5.5279979960372
0.53969997167587	-5.4098172693860
0.54439997673035	-5.3284106535787
0.54909998178482	-5.2931037325306
0.55379998683929	-5.3001423708718
0.55849999189377	-5.3349371128953
0.56319999694824	-5.3758942120473
0.56790000200272	-5.4000909599694
0.57260000705719	-5.3901570396378
0.57730001211166	-5.3399612106359
0.58200001716614	-5.2561695249072
0.58670002222061	-5.1547755806323
0.59140002727509	-5.0547766160667
0.59609997272491	-4.9721611359776
0.60079997777939	-4.9161210140632
0.60549998283386	-4.8876744098083
0.61019998788834	-4.8801853550778
0.61489999294281	-4.8814309363826
0.61959999799728	-4.8769880456546
0.62430000305176	-4.8544677028046
0.62900000810623	-4.8073280970609
0.63370001316071	-4.7367316341185
0.63840001821518	-4.6506170489813
0.64310002326965	-4.5605564525743
0.64780002832413	-4.4779401598977
0.65249997377396	-4.4108455537581
0.65719997882843	-4.3622539170596
0.66189998388290	-4.3296840666637
0.66659998893738	-4.3061290253326
0.67129999399185	-4.2821046832132
0.67599999904633	-4.2484344849776
0.68070000410080	-4.1990389573010
0.68540000915527	-4.1327183488717
0.69010001420975	-4.0532686092703
0.69480001926422	-3.9679606407780
0.69950002431870	-3.8850900994121
0.70420002937317	-3.8115376607357
0.70889997482300	-3.7509909647074
0.71359997987747	-3.7031545043762
0.71829998493195	-3.6639976913915
0.72299998998642	-3.6269926104222
0.72769999504089	-3.5850561643576
0.73240000009537	-3.5327091929212
0.73710000514984	-3.4677246327119
0.74180001020432	-3.3917144702087
0.74650001525879	-3.3094390067545
0.75120002031326	-3.2271990623552
0.75590002536774	-3.1509026928495
0.76059997081757	-3.0844218589294
0.76529997587204	-3.0285992781446
0.76999998092651	-2.9811281450746
0.77469998598099	-2.9372952843946
0.77939999103546	-2.8914319576753
0.78409999608994	-2.8386807920576
0.78880000114441	-2.7765153668082
0.79350000619888	-2.7054961979894
0.79820001125336	-2.6290016051484
0.80290001630783	-2.5520894649929
0.80760002136230	-2.4799003203813
0.81230002641678	-2.4161391818721
0.81699997186661	-2.3620254253545
0.82169997692108	-2.3160118777757
0.82639998197556	-2.2743105850124
0.83109998703003	-2.2321175800985
0.83579999208450	-2.1851877881197
0.84049999713898	-2.1312437827615
0.84520000219345	-2.0707529012345
0.84990000724792	-2.0067644857731
0.85460001230240	-1.9439236094653
0.85930001735687	-1.8869866348904
0.86400002241135	-1.8393553452926
0.86870002746582	-1.8020506990279
0.87339997291565	-1.7734259199242
0.87809997797012	-1.7497324628796
0.88279998302460	-1.7263804788710
0.88749998807907	-1.6995463569506
0.89219999313354	-1.6675758043563
0.89689999818802	-1.6316725527606
0.90160000324249	-1.5956371047873
0.90630000829697	-1.5647152115315
0.91100001335144	-1.5439831204799
0.91570001840591	-1.5367746791814
0.92040002346039	-1.5436785175800
0.92510002851486	-1.5623979746811
0.92979997396469	-1.5886075015804
0.93449997901917	-1.6175596375029
0.93919998407364	-1.6460075191933
0.94389998912811	-1.6737494068268
0.94859999418259	-1.7042737471442
0.95329999923706	-1.7441655589124
0.95800000429153	-1.8015033314480
0.96270000934601	-1.8837818925614
0.96740001440048	-1.9960537233459
0.97210001945496	-2.1399151024744
0.97680002450943	-2.3137232874014
0.98150002956390	-2.5140946924521
0.98619997501373	-2.7384833138684
0.99089998006821	-2.9881501637081
0.99559998512268	-3.2706939464978
1.0003000497818	-3.6012696924619
1.0049999952316	-4.0021587845798
1.0096999406815	-4.5010865390433
1.0144000053406	-5.1292969688074
1.0190999507904	-5.9204811950964
1.0238000154495	-6.9112096462883
1.0284999608994	-8.1420991330645
1.0332000255585	-9.6555055151412
1.0378999710083	-11.471938833081
1.0426000356674	-13.477730251139
1.0472999811172	-15.076110963384
1.0520000457764	-15.091249484783
1.0566999912262	-13.467525167544
1.0614000558853	-11.380050635318
1.0661000013351	-9.4719551974611
1.0707999467850	-7.8755145616926
1.0755000114441	-6.5753980759954
1.0801999568939	-5.5303951672193
1.0849000215530	-4.6992985218790
1.0895999670029	-4.0437416654944
1.0943000316620	-3.5272693602426
1.0989999771118	-3.1153518195806
1.1037000417709	-2.7770018188366
1.1083999872208	-2.4871947904178
1.1131000518799	-2.2289260359399
1.1177999973297	-1.9937644143226
1.1224999427795	-1.7805194940639
1.1272000074387	-1.5924375156215
1.1318999528885	-1.4338641274259
1.1366000175476	-1.3073786533658
1.1412999629974	-1.2120512011879
1.1460000276566	-1.1430833257856
1.1506999731064	-1.0927337022678
1.1554000377655	-1.0521348273915
1.1600999832153	-1.0134333861315
1.1648000478745	-0.97163185887612
1.1694999933243	-0.92550591007449
1.1742000579834	-0.87737339782490
1.1789000034332	-0.83181539511824
1.1835999488831	-0.79383968190729
1.1883000135422	-0.76714678325360
1.1929999589920	-0.75297173143041
1.1977000236511	-0.74976796559403
1.2023999691010	-0.75375713891173
1.2071000337601	-0.76008593338311
1.2117999792099	-0.76425613633460
1.2165000438690	-0.76337859313523
1.2211999893188	-0.75691901619700
1.2259000539780	-0.74664354063787
1.2305999994278	-0.73588472317161
1.2352999448776	-0.72835531489600
1.2400000095367	-0.72696890251435
1.2446999549866	-0.73297042343426
1.2494000196457	-0.74566872755327
1.2540999650955	-0.76272211968652
1.2588000297546	-0.78091895989747
1.2634999752045	-0.79715406562340
1.2682000398636	-0.80935447992161
1.2728999853134	-0.81703397085670
1.2776000499725	-0.82135666368744
1.2822999954224	-0.82467810561448
1.2869999408722	-0.82973947687117
1.2917000055313	-0.83880577285555
1.2963999509811	-0.85301883258348
1.3011000156403	-0.87212178451752
1.3057999610901	-0.89460214023998
1.3105000257492	-0.91821412409478
1.3151999711990	-0.94067250030376
1.3199000358582	-0.96034558179602
1.3245999813080	-0.97671104714829
1.3293000459671	-0.99047437234317
1.3339999914169	-1.0032899741771
1.3387000560760	-1.0172175904435
1.3434000015259	-1.0340862457896
1.3480999469757	-1.0549665797436
1.3528000116348	-1.0799048200255
1.3574999570847	-1.1079734086325
1.3622000217438	-1.1375894855138
1.3668999671936	-1.1670247016402
1.3716000318527	-1.1949259233634
1.3762999773026	-1.2207176099257
1.3810000419617	-1.2447498425243
1.3856999874115	-1.2681694966739
1.3904000520706	-1.2925487490574
1.3950999975204	-1.3194152290953
1.3997999429703	-1.3498204804178
1.4045000076294	-1.3840724228284
1.4091999530792	-1.4216949686821
1.4139000177383	-1.4616131080430
1.4185999631882	-1.5025123423818
1.4233000278473	-1.5432341045948
1.4279999732971	-1.5831392574720
1.4327000379562	-1.6222959260336
1.4373999834061	-1.6614512391921
1.4421000480652	-1.7018168795120
1.4467999935150	-1.7447149175965
1.4515000581741	-1.7912209581669
1.4562000036240	-1.8418856634622
1.4608999490738	-1.8966258678033
1.4656000137329	-1.9547928115185
1.4702999591827	-2.0153966634222
1.4750000238419	-2.0774295277517
1.4796999692917	-2.1401791644951
1.4844000339508	-2.2034610488594
1.4890999794006	-2.2676885680041
1.4938000440598	-2.3337797804588
1.4984999895096	-2.4029063522013
1.5032000541687	-2.4761955056302
1.5078999996185	-2.5544351152269
1.5125999450684	-2.6379075277947
1.5173000097275	-2.7263359445843
1.5219999551773	-2.8190115991152
1.5267000198364	-2.9150260659087
1.5313999652863	-3.0135754897935
1.5361000299454	-3.1142188405613
1.5407999753952	-3.2170506569373
1.5455000400543	-3.3227163087463
1.5501999855042	-3.4322664615834
1.5549000501633	-3.5468959509988
1.5595999956131	-3.6676440352086
1.5642999410629	-3.7951390833074
1.5690000057220	-3.9294495039053
1.5736999511719	-4.0700969146420
1.5784000158310	-4.2162143609255
1.5830999612808	-4.3668295484601
1.5878000259399	-4.5211831233990
1.5924999713898	-4.6790034307072
1.5972000360489	-4.8406455963417
1.6018999814987	-5.0070529366566
1.6066000461578	-5.1795400536545
1.6112999916077	-5.3594601345224
1.6160000562668	-5.5478614397826
1.6207000017166	-5.7452023451523
1.6253999471664	-5.9512358822320
1.6301000118256	-6.1650935366766
1.6347999572754	-6.3855508017062
1.6395000219345	-6.6114280827116
1.6441999673843	-6.8419951805385
1.6489000320435	-7.0772852507608
1.6535999774933	-7.3181750968798
1.6583000421524	-7.5662305018426
1.6629999876022	-7.8233191844141
1.6677000522614	-8.0911253806386
1.6723999977112	-8.3706984173097
1.6770999431610	-8.6621554466655
1.6818000078201	-8.9646650532158
1.6864999532700	-9.2767055393814
1.6912000179291	-9.5965813277691
1.6958999633789	-9.9230533562032
1.7006000280380	-10.255879739946
1.7052999734879	-10.596087774396
1.7100000381470	-10.945907060101
1.7146999835968	-11.308260884917
1.7194000482559	-11.686076020307
1.7240999937057	-12.081528315151
1.7288000583649	-12.495454612354
1.7335000038147	-12.927182323918
1.7381999492645	-13.374772410596
1.7429000139236	-13.835783406361
1.7475999593735	-14.308270771704
1.7523000240326	-14.791817153858
1.7569999694824	-15.288217606956
1.7617000341415	-15.801469998083
1.7663999795914	-16.337093701795
1.7711000442505	-16.900840959555
1.7757999897003	-17.497175934115
1.7805000543594	-18.127894768886
1.7851999998093	-18.791280035850
1.7898999452591	-19.482025382838
1.7946000099182	-20.192205960696
1.7992999553680	-20.913078873023
1.8040000200272	-21.637142312026
1.8086999654770	-22.359307946664
1.8134000301361	-23.075831939676
1.8180999755859	-23.780150971462
1.8228000402451	-24.456055796260
1.8274999856949	-25.070425885091
1.8322000503540	-25.570787615550
1.8368999958038	-25.895108186070
1.8415999412537	-25.996388131477
1.8463000059128	-25.868888278417
1.8509999513626	-25.552626861881
1.8557000160217	-25.111556556995
1.8603999614716	-24.605826575580
1.8651000261307	-24.076678456516
1.8697999715805	-23.545280333522
1.8745000362396	-23.018816280266
1.8791999816895	-22.497939030607
1.8839000463486	-21.982647830425
1.8885999917984	-21.475502648038
1.8933000564575	-20.982072390047
1.8980000019073	-20.509549359833
1.9026999473572	-20.064596471515
1.9074000120163	-19.651534438289
1.9120999574661	-19.271368461848
1.9168000221252	-18.921758686112
1.9214999675751	-18.597835188981
1.9262000322342	-18.293573131160
1.9308999776840	-18.003304988727
1.9356000423431	-17.723039530571
1.9402999877930	-17.451190447484
1.9450000524521	-17.188534605320
1.9496999979019	-16.937467544103
1.9543999433517	-16.700889597151
1.9591000080109	-16.481062743426
1.9637999534607	-16.278811765840
1.9685000181198	-16.093203073108
1.9731999635696	-15.921755881107
1.9779000282288	-15.761085768890
1.9825999736786	-15.607785534508
1.9873000383377	-15.459273411617
1.9919999837875	-15.314399814326
1.9967000484467	-15.173580174243
2.0013999938965	-15.038484826541
2.0060999393463	-14.911367295311
2.0107998847961	-14.794286840832
2.0155000686646	-14.688448655591
2.0202000141144	-14.593831154848
2.0248999595642	-14.509183491568
2.0295999050140	-14.432372873203
2.0343000888824	-14.360972991321
2.0390000343323	-14.292929000613
2.0436999797821	-14.227099185300
2.0483999252319	-14.163521270374
2.0531001091003	-14.103324147335
2.0578000545502	-14.048323918171
2.0625000000000	-14.000439947251
2.0671999454498	-13.961114704005
2.0718998908997	-13.930897206205
2.0766000747681	-13.909286764029
2.0813000202179	-13.894878645491
2.0859999656677	-13.885757323059
2.0906999111176	-13.880033635344
2.0954000949860	-13.876368842453
2.1001000404358	-13.874347003189
2.1047999858856	-13.874558730710
2.1094999313354	-13.878405223852
2.1142001152039	-13.887667444454
2.1189000606537	-13.903980635909
2.1236000061035	-13.928365451973
2.1282999515533	-13.960931997866
2.1329998970032	-14.000842775159
2.1377000808716	-14.046528992279
2.1424000263214	-14.096105421905
2.1470999717712	-14.147885523366
2.1517999172211	-14.200825542077
2.1565001010895	-14.254803290740
2.1612000465393	-14.310622346844
2.1658999919891	-14.369736727124
2.1705999374390	-14.433806699825
2.1752998828888	-14.504194348353
2.1800000667572	-14.581530044456
2.1847000122070	-14.665483647037
2.1893999576569	-14.754795227450
2.1940999031067	-14.847530351967
2.1988000869751	-14.941539577962
2.2035000324249	-15.034976431713
2.2081999778748	-15.126733499351
2.2128999233246	-15.216657281044
2.2176001071930	-15.305512587387
2.2223000526428	-15.394654448489
2.2269999980927	-15.485541199289
2.2316999435425	-15.579206119896
2.2363998889923	-15.675852252235
2.2411000728607	-15.774651807821
2.2458000183105	-15.873818497399
2.2504999637604	-15.970928014862
2.2551999092102	-16.063448848307
2.2599000930786	-16.149287193974
2.2646000385284	-16.227229176531
2.2692999839783	-16.297187066656
2.2739999294281	-16.360066563395
2.2787001132965	-16.417440677193
2.2834000587463	-16.470995292650
2.2881000041962	-16.521970770567
2.2927999496460	-16.570769556594
2.2974998950958	-16.616761677298
2.3022000789642	-16.658409661738
2.3069000244141	-16.693635066683
2.3115999698639	-16.720373607397
2.3162999153137	-16.737139857481
2.3210000991821	-16.743470891845
2.3257000446320	-16.740099980946
2.3303999900818	-16.728808637102
2.3350999355316	-16.711998438857
2.3397998809814	-16.692116095007
2.3445000648499	-16.671088561578
2.3492000102997	-16.649915626854
2.3538999557495	-16.628521148411
2.3585999011993	-16.605894622415
2.3633000850677	-16.580505472532
2.3680000305176	-16.550837194403
2.3726999759674	-16.515954300187
2.3773999214172	-16.475879780993
2.3821001052856	-16.431709168511
2.3868000507355	-16.385422696988
2.3914999961853	-16.339430645202
2.3961999416351	-16.296009650248
2.4008998870850	-16.256787980235
2.4056000709534	-16.222412631024
2.4103000164032	-16.192479488288
2.4149999618530	-16.165741477282
2.4196999073029	-16.140557357954
2.4244000911713	-16.115414614486
2.4291000366211	-16.089444097184
2.4337999820709	-16.062736206031
2.4384999275208	-16.036349202640
2.4432001113892	-16.012087713254
2.4479000568390	-15.992011491465
2.4526000022888	-15.977921037504
2.4572999477386	-15.970899467478
2.4619998931885	-15.971070776499
2.4667000770569	-15.977623436721
2.4714000225067	-15.989060653525
2.4760999679565	-16.003703369033
2.4807999134064	-16.020147087531
2.4855000972748	-16.037735058513
2.4902000427246	-16.056778407752
2.4948999881744	-16.078454890982
2.4995999336243	-16.104546805470
2.5043001174927	-16.136925456996
2.5090000629425	-16.177057116746
2.5137000083923	-16.225635949221
2.5183999538422	-16.282413437132
2.5230998992920	-16.346295775228
2.5278000831604	-16.415681088714
2.5325000286102	-16.488935906558
2.5371999740601	-16.564882769933
2.5418999195099	-16.643193017130
2.5466001033783	-16.724486450896
2.5513000488281	-16.810207227731
2.5559999942780	-16.902243832991
2.5606999397278	-17.002404146550
2.5653998851776	-17.111958247840
2.5701000690460	-17.231288896087
2.5748000144958	-17.359805428161
2.5794999599457	-17.496109549826
2.5841999053955	-17.638394470466
2.5889000892639	-17.784953770022
2.5936000347137	-17.934699835237
2.5982999801636	-18.087476337071
2.6029999256134	-18.244140500775
2.6077001094818	-18.406333997711
2.6124000549316	-18.576010193657
2.6171000003815	-18.754886074409
2.6217999458313	-18.943912618931
2.6264998912811	-19.142955134548
2.6312000751495	-19.350722037842
2.6359000205994	-19.564982876368
2.6405999660492	-19.783024657040
2.6452999114990	-20.002226578094
2.6500000953674	-20.220600130639
2.6547000408173	-20.437126052267
2.6593999862671	-20.651780928790
2.6640999317169	-20.865229457394
2.6688001155853	-21.078259759244
2.6735000610352	-21.291122516835
2.6782000064850	-21.502945376885
2.6828999519348	-21.711362571517
2.6875998973846	-21.912492052738
2.6923000812531	-22.101214240597
2.6970000267029	-22.271782951415
2.7016999721527	-22.418599859775
2.7063999176025	-22.536997979951
2.7111001014709	-22.623838130537
2.7158000469208	-22.677725016518
2.7204999923706	-22.698890473365
2.7251999378204	-22.688764296516
2.7298998832703	-22.649299815282
2.7346000671387	-22.582421074813
2.7393000125885	-22.489567469749
2.7439999580383	-22.371480725639
2.7486999034882	-22.228389248758
2.7534000873566	-22.060351739872
2.7581000328064	-21.867789926996
2.7627999782562	-21.652029042046
2.7674999237061	-21.415632702873
2.7722001075745	-21.162382591072
2.7769000530243	-20.896956027679
2.7815999984741	-20.624325857574
2.7862999439240	-20.349002991905
2.7909998893738	-20.074475942328
2.7957000732422	-19.802793843221
2.8004000186920	-19.534512557577
2.8050999641418	-19.268998349167
2.8097999095917	-19.004935400332
2.8145000934601	-18.741013290754
2.8192000389099	-18.476500925173
2.8238999843597	-18.211637734511
2.8285999298096	-17.947690818028
2.8333001136780	-17.686661461583
2.8380000591278	-17.430778455367
2.8427000045776	-17.181932689655
2.8473999500275	-16.941222960332
2.8520998954773	-16.708671789435
2.8568000793457	-16.483324602635
2.8615000247955	-16.263544175465
2.8661999702454	-16.047502957208
2.8708999156952	-15.833728517104
2.8756000995636	-15.621503924179
2.8803000450134	-15.411031641041
2.8849999904633	-15.203334167230
2.8896999359131	-14.999885933960
2.8943998813629	-14.802145926306
2.8991000652313	-14.611089319073
2.9038000106812	-14.426939407769
2.9084999561310	-14.249074113511
2.9131999015808	-14.076236008478
2.9179000854492	-13.906886771838
2.9226000308990	-13.739653208982
2.9272999763489	-13.573714707530
2.9319999217987	-13.409009788291
2.9367001056671	-13.246203577899
2.9414000511169	-13.086451071570
2.9460999965668	-12.930987383058
2.9507999420166	-12.780761582536
2.9554998874664	-12.636113410202
2.9602000713348	-12.496678258295
2.9649000167847	-12.361505076915
2.9695999622345	-12.229336063731
2.9742999076843	-12.098977165768
2.9790000915527	-11.969656773237
2.9837000370026	-11.841222912883
2.9883999824524	-11.714172437858
2.9930999279022	-11.589462999434
2.9978001117706	-11.468186220419
3.0025000572205	-11.351222948347
3.0072000026703	-11.238963902165
3.0118999481201	-11.131197683801
3.0165998935699	-11.027164784988
3.0213000774384	-10.925799147006
3.0260000228882	-10.826049215418
3.0306999683380	-10.727199055897
3.0353999137878	-10.629062381204
3.0401000976562	-10.532028615482
3.0448000431061	-10.436915468189
3.0494999885559	-10.344699316702
3.0541999340057	-10.256195947225
3.0589001178741	-10.171811128528
3.0636000633240	-10.091402134933
3.0683000087738	-10.014339578924
3.0729999542236	-9.9396919532581
3.0776998996735	-9.8665119910208
3.0824000835419	-9.7941326513224
3.0871000289917	-9.7223491313353
3.0917999744415	-9.6514846890291
3.0964999198914	-9.5822633766751
3.1012001037598	-9.5155665794227
3.1059000492096	-9.4521520215238
3.1105999946594	-9.3924132384933
3.1152999401093	-9.3362522823687
3.1199998855591	-9.2831039377047
3.1247000694275	-9.2321260135467
3.1294000148773	-9.1824426714741
3.1340999603271	-9.1334212205094
3.1387999057770	-9.0848598947383
3.1435000896454	-9.0370373319992
3.1482000350952	-8.9906218377969
3.1528999805450	-8.9464291167439
3.1575999259949	-8.9051777727808
3.1623001098633	-8.8672417655189
3.1670000553131	-8.8325377604771
3.1717000007629	-8.8005385782198
3.1763999462128	-8.7704474134476
3.1810998916626	-8.7414261040294
3.1858000755310	-8.7128608028265
3.1905000209808	-8.6845460281198
3.1951999664307	-8.6567298270711
3.1998999118805	-8.6300366356973
3.2046000957489	-8.6052376901306
3.2093000411987	-8.5830062671421
3.2139999866486	-8.5636900881848
3.2186999320984	-8.5471913304700
3.2234001159668	-8.5329813962944
3.2281000614166	-8.5202645894674
3.2328000068665	-8.5082027424760
3.2374999523163	-8.4961745640137
3.2421998977661	-8.4839512480699
3.2469000816345	-8.4717527544754
3.2516000270844	-8.4601469580377
3.2562999725342	-8.4498449637903
3.2609999179840	-8.4414493864699
3.2657001018524	-8.4352280376168
3.2704000473022	-8.4309982741114
3.2750999927521	-8.4281514590307
3.2797999382019	-8.4258110727432
3.2844998836517	-8.4230765437341
3.2892000675201	-8.4192565162929
3.2939000129700	-8.4140675135942
3.2985999584198	-8.4076605478505
3.3032999038696	-8.4005233846449
3.3080000877380	-8.3932612444267
3.3127000331879	-8.3863332318036
3.3173999786377	-8.3798360903403
3.3220999240875	-8.3733947270964
3.3268001079559	-8.3662121267158
3.3315000534058	-8.3572384351147
3.3361999988556	-8.3454263158657
3.3408999443054	-8.3299936716838
3.3455998897552	-8.3105900252936
3.3503000736237	-8.2873110526358
3.3550000190735	-8.2605774357036
3.3596999645233	-8.2308963545919
3.3643999099731	-8.1985951488467
3.3691000938416	-8.1636181904790
3.3738000392914	-8.1254600198956
3.3784999847412	-8.0832322535899
3.3831999301910	-8.0358970438414
3.3879001140594	-7.9825338656845
3.3926000595093	-7.9225792388454
3.3973000049591	-7.8559796894276
3.4019999504089	-7.7831527047523
3.4066998958588	-7.7048294055379
3.4114000797272	-7.6217973529226
3.4161000251770	-7.5346474198931
3.4207999706268	-7.4436214056540
3.4254999160767	-7.3485757062056
3.4302000999451	-7.2491109133391
3.4349000453949	-7.1447943051721
3.4395999908447	-7.0354087916200
3.4442999362946	-6.9211291632534
3.4489998817444	-6.8025969988032
3.4537000656128	-6.6808277456021
3.4584000110626	-6.5570274658912
3.4630999565125	-6.4323412943337
3.4677999019623	-6.3076574663583
3.4725000858307	-6.1834900735785
3.4772000312805	-6.0599916012025
3.4818999767303	-5.9370807322164
3.4865999221802	-5.8146422657611
3.4913001060486	-5.6927125422773
3.4960000514984	-5.5716112367422
3.5006999969482	-5.4519722203002
3.5053999423981	-5.3346582739291
3.5100998878479	-5.2205912434676
3.5148000717163	-5.1105762968081
3.5195000171661	-5.0051357408752
3.5241999626160	-4.9044488558771
3.5288999080658	-4.8083675817036
3.5336000919342	-4.7165376622243
3.5383000373840	-4.6285572148611
3.5429999828339	-4.5441476121132
3.5476999282837	-4.4632538478816
3.5524001121521	-4.3860805508146
3.5571000576019	-4.3130256802784
3.5618000030518	-4.2445605205394
3.5664999485016	-4.1810665471496
3.5711998939514	-4.1227220103476
3.5759000778198	-4.0694205794704
3.5806000232697	-4.0208044224759
3.5852999687195	-3.9763412692891
3.5899999141693	-3.9354701444396
3.5947000980377	-3.8977376761519
3.5994000434875	-3.8629140824677
3.6040999889374	-3.8310084617144
3.6087999343872	-3.8022463174711
3.6135001182556	-3.7769448459118
3.6182000637054	-3.7553870270367
3.6229000091553	-3.7376916930361
3.6275999546051	-3.7237482423192
3.6322999000549	-3.7132191340261
3.6370000839233	-3.7056033858784
3.6417000293732	-3.7003654039074
3.6463999748230	-3.6970652422938
3.6510999202728	-3.6954618758597
3.6558001041412	-3.6955628156620
3.6605000495911	-3.6975855184803
3.6651999950409	-3.7018661926694
3.6698999404907	-3.7087303514548
3.6745998859406	-3.7183677613511
3.6793000698090	-3.7307511812953
3.6840000152588	-3.7456231751568
3.6886999607086	-3.7625584778813
3.6933999061584	-3.7810744679308
3.6981000900269	-3.8007625834266
3.7028000354767	-3.8214043964727
3.7074999809265	-3.8430168130403
3.7121999263763	-3.8658453660760
3.7169001102448	-3.8902662109729
3.7216000556946	-3.9166666297668
3.7263000011444	-3.9453068096382
3.7309999465942	-3.9762349912310
3.7356998920441	-4.0092582641638
3.7404000759125	-4.0439987325898
3.7451000213623	-4.0799945538841
3.7497999668121	-4.1168456602320
3.7544999122620	-4.1543258553560
3.7592000961304	-4.1924576739774
3.7639000415802	-4.2315002024086
3.7685999870300	-4.2718685599920
3.7732999324799	-4.3139969775431
3.7780001163483	-4.3582083055709
3.7827000617981	-4.4046004426590
3.7874000072479	-4.4530147886043
3.7920999526978	-4.5030767328867
3.7967998981476	-4.5543059288057
3.8015000820160	-4.6062657356353
3.8062000274658	-4.6586942278562
3.8108999729156	-4.7115907228753
3.8155999183655	-4.7652159968604
3.8203001022339	-4.8200081959478
3.8250000476837	-4.8764474734756
3.8296999931335	-4.9348942117184
3.8343999385834	-4.9954695662887
3.8390998840332	-5.0580041922298
3.8438000679016	-5.1220777888432
3.8485000133514	-5.1871350498985
3.8531999588013	-5.2526451820094
3.8578999042511	-5.3182670935559
3.8626000881195	-5.3839436681888
3.8673000335693	-5.4499132723473
3.8719999790192	-5.5166255683815
3.8766999244690	-5.5845817600400
3.8814001083374	-5.6541577419655
3.8861000537872	-5.7254522721802
3.8907999992371	-5.7982312136776
3.8954999446869	-5.8719591977602
3.9001998901367	-5.9459374242841
3.9049000740051	-6.0194931522344
3.9096000194550	-6.0921620736191
3.9142999649048	-6.1638166659092
3.9189999103546	-6.2346724587312
3.9237000942230	-6.3051948976701
3.9284000396729	-6.3759097921390
3.9330999851227	-6.4471897124428
3.9377999305725	-6.5190872479769
3.9425001144409	-6.5912659330715
3.9472000598907	-6.6630443335804
3.9519000053406	-6.7335741090921
3.9565999507904	-6.8020592706412
3.9612998962402	-6.8679834035179
3.9660000801086	-6.9312452613648
3.9707000255585	-6.9921591356519
3.9753999710083	-7.0513258095470
3.9800999164581	-7.1094038829369
3.9848001003265	-7.1668573826468
3.9895000457764	-7.2237705895262
3.9941999912262	-7.2797817088984
3.9988999366760	-7.3341707290723
4.0036001205444	-7.3860741770598
4.0082998275757	-7.4347492516802
4.0130000114441	-7.4798270558677
4.0177001953125	-7.5214349676925
4.0223999023438	-7.5601769722608
4.0271000862122	-7.5969447983893
4.0317997932434	-7.6326436576928
4.0364999771118	-7.6679164422321
4.0412001609802	-7.7029485286016
4.0458998680115	-7.7374322799253
4.0506000518799	-7.7706917473120
4.0553002357483	-7.8019330159082
4.0599999427795	-7.8305464583510
4.0647001266479	-7.8563548593482
4.0693998336792	-7.8797173029767
4.0741000175476	-7.9014720371822
4.0788002014160	-7.9227025842884
4.0834999084473	-7.9444374626983
4.0882000923157	-7.9673650427166
4.0928997993469	-7.9916469259177
4.0975999832153	-8.0169138936627
4.1023001670837	-8.0424160617093
4.1069998741150	-8.0673158829418
4.1117000579834	-8.0909938626621
4.1163997650146	-8.1133038647009
4.1210999488831	-8.1346614412619
4.1258001327515	-8.1559571233609
4.1304998397827	-8.1783051709892
4.1352000236511	-8.2027203379134
4.1399002075195	-8.2298210432691
4.1445999145508	-8.2596564725330
4.1493000984192	-8.2917080147940
4.1539998054504	-8.3250703693140
4.1586999893188	-8.3587576978521
4.1634001731873	-8.3920383023293
4.1680998802185	-8.4246955997733
4.1728000640869	-8.4571191585237
4.1774997711182	-8.4902034118523
4.1821999549866	-8.5250723435289
4.1869001388550	-8.5627291870414
4.1915998458862	-8.6037429801073
4.1963000297546	-8.6480558962055
4.2010002136230	-8.6949938384851
4.2056999206543	-8.7434654133434
4.2104001045227	-8.7922935985854
4.2150998115540	-8.8405892286109
4.2197999954224	-8.8880353355213
4.2245001792908	-8.9349865674754
4.2291998863220	-8.9823553850792
4.2339000701904	-9.0313012057496
4.2385997772217	-9.0828397941842
4.2432999610901	-9.1374830670504
4.2480001449585	-9.1950353220336
4.2526998519897	-9.2545972241184
4.2574000358582	-9.3147956712754
4.2621002197266	-9.3741735346230
4.2667999267578	-9.4316077718578
4.2715001106262	-9.4866429540051
4.2761998176575	-9.5395978429459
4.2809000015259	-9.5914231706037
4.2856001853943	-9.6433412532711
4.2902998924255	-9.6963953996482
4.2950000762939	-9.7510404266850
4.2996997833252	-9.8069208766788
4.3043999671936	-9.8629089666679
4.3091001510620	-9.9173894084113
4.3137998580933	-9.9687323230074
4.3185000419617	-10.015792494696
4.3232002258301	-10.058272246235
4.3278999328613	-10.096841157099
4.3326001167297	-10.132935564204
4.3372998237610	-10.168336206870
4.3420000076294	-10.204649744691
4.3467001914978	-10.242863926093
4.3513998985291	-10.283121816208
4.3561000823975	-10.324781324161
4.3607997894287	-10.366735738965
4.3654999732971	-10.407908972506
4.3702001571655	-10.447762853544
4.3748998641968	-10.486645575668
4.3796000480652	-10.525861470280
4.3843002319336	-10.567433996023
4.3889999389648	-10.613639514282
4.3937001228333	-10.666446816136
4.3983998298645	-10.727047449007
4.4031000137329	-10.795593005356
4.4078001976013	-10.871225646058
4.4124999046326	-10.952397379257
4.4172000885010	-11.037385667449
4.4218997955322	-11.124874471181
4.4265999794006	-11.214410602775
4.4313001632690	-11.306587909720
4.4359998703003	-11.402891744088
4.4407000541687	-11.505266427627
4.4454002380371	-11.615492728327
4.4500999450684	-11.734622646566
4.4548001289368	-11.862585178160
4.4594998359680	-11.998126998748
4.4642000198364	-12.139092365231
4.4689002037048	-12.283013255785
4.4735999107361	-12.427825823566
4.4783000946045	-12.572504118366
4.4829998016357	-12.717427205893
4.4876999855042	-12.864270891662
4.4924001693726	-13.015531756416
4.4970998764038	-13.173744092607
4.5018000602722	-13.340676502722
4.5064997673035	-13.516741550172
4.5111999511719	-13.700762033816
4.5159001350403	-13.890226744988
4.5205998420715	-14.081967338530
4.5253000259399	-14.273097211724
4.5300002098083	-14.461941996197
4.5346999168396	-14.648631273260
4.5394001007080	-14.835160651135
4.5440998077393	-15.024812595583
4.5487999916077	-15.221202952102
4.5535001754761	-15.427145753982
4.5581998825073	-15.643753315048
4.5629000663757	-15.869961551645
4.5675997734070	-16.102675593193
4.5722999572754	-16.337525319283
4.5770001411438	-16.570066143140
4.5816998481750	-16.797110313521
4.5864000320435	-17.017756635816
4.5911002159119	-17.233715741794
4.5957999229431	-17.448783156577
4.6005001068115	-17.667636638988
4.6051998138428	-17.894323457591
4.6098999977112	-18.130872065475
4.6146001815796	-18.376398613948
4.6192998886108	-18.626966535112
4.6240000724792	-18.876222277034
4.6286997795105	-19.116836908454
4.6333999633789	-19.342277524384
4.6381001472473	-19.548506129471
4.6427998542786	-19.734955670359
4.6475000381470	-19.904380741787
4.6522002220154	-20.061653053784
4.6568999290466	-20.211899552903
4.6616001129150	-20.358634244038
4.6662998199463	-20.502257989093
4.6710000038147	-20.639468836493
4.6757001876831	-20.763575301814
4.6803998947144	-20.865776499913
4.6851000785828	-20.937260438686
4.6897997856140	-20.971514620251
4.6944999694824	-20.966258095565
4.6992001533508	-20.924097404368
4.7038998603821	-20.851877417649
4.7086000442505	-20.758731547383
4.7133002281189	-20.653723983665
4.7179999351501	-20.543622408500
4.7227001190186	-20.431483583612
4.7273998260498	-20.316205413628
4.7321000099182	-20.193161477253
4.7368001937866	-20.055865487234
4.7414999008179	-19.898213490483
4.7462000846863	-19.716834881416
4.7508997917175	-19.512596278640
4.7555999755859	-19.290830337507
4.7603001594543	-19.060032186315
4.7649998664856	-18.829680476689
4.7697000503540	-18.607823099748
4.7744002342224	-18.399209244182
4.7790999412537	-18.204367742761
4.7838001251221	-18.019733903597
4.7884998321533	-17.838895726366
4.7932000160217	-17.654596839563
4.7979001998901	-17.461056248820
4.8025999069214	-17.255896070952
4.8073000907898	-17.040973775209
4.8119997978210	-16.821833375132
4.8166999816895	-16.605952267837
4.8214001655579	-16.400520295733
4.8260998725891	-16.210397961073
4.8308000564575	-16.036865209699
4.8354997634888	-15.877376621927
4.8401999473572	-15.726350095409
4.8449001312256	-15.576857167031
4.8495998382568	-15.422700708060
4.8543000221252	-15.260392367248
4.8590002059937	-15.090234314781
4.8636999130249	-14.916187031334
4.8684000968933	-14.744531455462
4.8730998039246	-14.581871198910
4.8777999877930	-14.433133988709
4.8825001716614	-14.300178249849
4.8871998786926	-14.181317029081
4.8919000625610	-14.071843631901
4.8965997695923	-13.965445511343
4.9012999534607	-13.856132074579
4.9060001373291	-13.740114683489
4.9106998443604	-13.617041556877
4.9154000282288	-13.490083431586
4.9201002120972	-13.364889604572
4.9247999191284	-13.247750283812
4.9295001029968	-13.143677107006
4.9341998100281	-13.054934252958
4.9388999938965	-12.980430517654
4.9436001777649	-12.916061546653
4.9482998847961	-12.855954690809
4.9530000686646	-12.794282926472
4.9576997756958	-12.727121167498
4.9623999595642	-12.653785152251
4.9671001434326	-12.577068279320
4.9717998504639	-12.502385627650
4.9765000343323	-12.436025589191
4.9812002182007	-12.383238814342
4.9858999252319	-12.346684884460
4.9906001091003	-12.325659986930
4.9952998161316	-12.316327152357
5.0000000000000	-12.312823465133
#Parameters = {R_fat=48; R_glandular=38; R_skin_outer=50; T10=5; T15=7.5; T5=2.5; T_rad=4; T_x=10; T_y=0; T_z=75; Zc=65; skin_thickness=2; Mesh Pass=3}
#"Frequency / GHz"	"S1,1 (Mesh Pass=3) [Magnitude / dB]"
#-------------------------------------------------------
0.30000001192093	-9.8523876391532
0.30469998717308	-10.247909524756
0.30939999222755	-10.686595970595
0.31409999728203	-11.058848033902
0.31880000233650	-11.245240513477
0.32350000739098	-11.181498193446
0.32820001244545	-10.911928162529
0.33289998769760	-10.567493966758
0.33759999275208	-10.295866811684
0.34229999780655	-10.215501438407
0.34700000286102	-10.411146448956
0.35170000791550	-10.950424577269
0.35640001296997	-11.905360256651
0.36109998822212	-13.370029598577
0.36579999327660	-15.438278557669
0.37049999833107	-17.882169717074
0.37520000338554	-18.802556211504
0.37990000844002	-16.468088612124
0.38460001349449	-13.371476620036
0.38929998874664	-10.839432972111
0.39399999380112	-8.9481635359612
0.39869999885559	-7.5975621770668
0.40340000391006	-6.6958409542270
0.40810000896454	-6.1694633946426
0.41280001401901	-5.9570195742967
0.41749998927116	-6.0053839695571
0.42219999432564	-6.2670239778457
0.42689999938011	-6.6957975113087
0.43160000443459	-7.2398754977512
0.43630000948906	-7.8327578649272
0.44100001454353	-8.3881018223073
0.44569998979568	-8.8104252679046
0.45039999485016	-9.0301050408937
0.45509999990463	-9.0431918301240
0.45980000495911	-8.9146307993928
0.46450001001358	-8.7388095055551
0.46919998526573	-8.5967502637953
0.47389999032021	-8.5372637068107
0.47859999537468	-8.5773612747650
0.48330000042915	-8.7087572393601
0.48800000548363	-8.9037293673177
0.49270001053810	-9.1202814210894
0.49739998579025	-9.3098458482642
0.50209999084473	-9.4300739716417
0.50679999589920	-9.4598714448591
0.51150000095367	-9.4076490408621
0.51620000600815	-9.3060210640286
0.52090001106262	-9.1966983178771
0.52560001611710	-9.1157395599395
0.53030002117157	-9.0852716330685
0.53500002622604	-9.1113726718508
0.53969997167587	-9.1853280026018
0.54439997673035	-9.2865603224083
0.54909998178482	-9.3872566623642
0.55379998683929	-9.4592606649662
0.55849999189377	-9.4824897923730
0.56319999694824	-9.4516893884192
0.56790000200272	-9.3777007744621
0.57260000705719	-9.2823834133680
0.57730001211166	-9.1902834568417
0.58200001716614	-9.1212625462621
0.58670002222061	-9.0861981675864
0.59140002727509	-9.0856772193421
0.59609997272491	-9.1107913616839
0.60079997777939	-9.1455593219881
0.60549998283386	-9.1708957695473
0.61019998788834	-9.1698339426249
0.61489999294281	-9.1326654010233
0.61959999799728	-9.0598977073509
0.62430000305176	-8.9615250295090
0.62900000810623	-8.8530698385437
0.63370001316071	-8.7504209298566
0.63840001821518	-8.6655222756570
0.64310002326965	-8.6038584846360
0.64780002832413	-8.5637534006632
0.65249997377396	-8.5371694914104
0.65719997882843	-8.5118295917764
0.66189998388290	-8.4744485700743
0.66659998893738	-8.4144936548563
0.67129999399185	-8.3273020831374
0.67599999904633	-8.2153425073751
0.68070000410080	-8.0870472866059
0.68540000915527	-7.9538632229062
0.69010001420975	-7.8268084596579
0.69480001926422	-7.7136559786073
0.69950002431870	-7.6173075899229
0.70420002937317	-7.5354035670258
0.70889997482300	-7.4611067402522
0.71359997987747	-7.3849106451836
0.71829998493195	-7.2972354650139
0.72299998998642	-7.1911630821883
0.72769999504089	-7.0644657004883
0.73240000009537	-6.9201392121640
0.73710000514984	-6.7652875444749
0.74180001020432	-6.6088754259078
0.74650001525879	-6.4592199879151
0.75120002031326	-6.3219302921138
0.75590002536774	-6.1986983655551
0.76059997081757	-6.0870436824315
0.76529997587204	-5.9810365352353
0.76999998092651	-5.8728765666325
0.77469998598099	-5.7550587146377
0.77939999103546	-5.6225581830256
0.78409999608994	-5.4743161896231
0.78880000114441	-5.3135146405499
0.79350000619888	-5.1465516643999
0.79820001125336	-4.9811817404833
0.80290001630783	-4.8244350878991
0.80760002136230	-4.6808748497956
0.81230002641678	-4.5515460113439
0.81699997186661	-4.4337631063240
0.82169997692108	-4.3218185577563
0.82639998197556	-4.2084995688810
0.83109998703003	-4.0871354655349
0.83579999208450	-3.9535999118981
0.84049999713898	-3.8075981096998
0.84520000219345	-3.6528006560024
0.84990000724792	-3.4958091805972
0.85460001230240	-3.3443166126119
0.85930001735687	-3.2050775316989
0.86400002241135	-3.0821796657028
0.86870002746582	-2.9759891432565
0.87339997291565	-2.8830117728117
0.87809997797012	-2.7967401712680
0.88279998302460	-2.7094284882265
0.88749998807907	-2.6143451478041
0.89219999313354	-2.5079031979704
0.89689999818802	-2.3909140982141
0.90160000324249	-2.2685146688092
0.90630000829697	-2.1487890020992
0.91100001335144	-2.0405865959442
0.91570001840591	-1.9511426346320
0.92040002346039	-1.8841456359715
0.92510002851486	-1.8386691658434
0.92979997396469	-1.8092474568507
0.93449997901917	-1.7872519286796
0.93919998407364	-1.7633137604456
0.94389998912811	-1.7302704259419
0.94859999418259	-1.6857061187946
0.95329999923706	-1.6331872798632
0.95800000429153	-1.5816753766780
0.96270000934601	-1.5433349530337
0.96740001440048	-1.5304272837448
0.97210001945496	-1.5522207892752
0.97680002450943	-1.6126823011141
0.98150002956390	-1.7095005831721
0.98619997501373	-1.8347714552929
0.99089998006821	-1.9774667380501
0.99559998512268	-2.1274274846630
1.0003000497818	-2.2800698662160
1.0049999952316	-2.4404465428162
1.0096999406815	-2.6252336188015
1.0144000053406	-2.8619415420971
1.0190999507904	-3.1860303174588
1.0238000154495	-3.6375773611757
1.0284999608994	-4.2594634093203
1.0332000255585	-5.0988831066977
1.0378999710083	-6.2138514373515
1.0426000356674	-7.6878891002967
1.0472999811172	-9.6609370221679
1.0520000457764	-12.400328150440
1.0566999912262	-16.465335447401
1.0614000558853	-22.151476582911
1.0661000013351	-20.069021619839
1.0707999467850	-14.647209179624
1.0755000114441	-11.047815856397
1.0801999568939	-8.5339558053288
1.0849000215530	-6.6777207589619
1.0895999670029	-5.2709776825081
1.0943000316620	-4.1997552459714
1.0989999771118	-3.3920657657648
1.1037000417709	-2.7945677838876
1.1083999872208	-2.3617545201522
1.1131000518799	-2.0517618213432
1.1177999973297	-1.8261272923520
1.1224999427795	-1.6517816165538
1.1272000074387	-1.5036612727769
1.1318999528885	-1.3665262073804
1.1366000175476	-1.2349297077729
1.1412999629974	-1.1111386798308
1.1460000276566	-1.0016730570337
1.1506999731064	-0.91356891747217
1.1554000377655	-0.85141244768410
1.1600999832153	-0.81570756504103
1.1648000478745	-0.80266935517890
1.1694999933243	-0.80524480672261
1.1742000579834	-0.81494612261452
1.1789000034332	-0.82394653658603
1.1835999488831	-0.82693522283308
1.1883000135422	-0.82217924424733
1.1929999589920	-0.81149066567217
1.1977000236511	-0.79922246116755
1.2023999691010	-0.79061993330795
1.2071000337601	-0.79012808752018
1.2117999792099	-0.80014561539104
1.2165000438690	-0.82047876989799
1.2211999893188	-0.84857590364067
1.2259000539780	-0.88036358354683
1.2305999994278	-0.91145037792318
1.2352999448776	-0.93834135534017
1.2400000095367	-0.95933929114164
1.2446999549866	-0.97487238214590
1.2494000196457	-0.98719780311240
1.2540999650955	-0.99958101635692
1.2588000297546	-1.0152597029933
1.2634999752045	-1.0365027585051
1.2682000398636	-1.0640509102776
1.2728999853134	-1.0969999132867
1.2776000499725	-1.1331809897965
1.2822999954224	-1.1698252649928
1.2869999408722	-1.2043850786359
1.2917000055313	-1.2352351915900
1.2963999509811	-1.2620893377693
1.3011000156403	-1.2859900210661
1.3057999610901	-1.3089350411783
1.3105000257492	-1.3332333710682
1.3151999711990	-1.3608274187538
1.3199000358582	-1.3927827951609
1.3245999813080	-1.4290415226891
1.3293000459671	-1.4685193587415
1.3339999914169	-1.5094831412262
1.3387000560760	-1.5500624756728
1.3434000015259	-1.5888043134242
1.3480999469757	-1.6250710805943
1.3528000116348	-1.6591814142373
1.3574999570847	-1.6922882890735
1.3622000217438	-1.7260112502707
1.3668999671936	-1.7619580767293
1.3716000318527	-1.8012972622639
1.3762999773026	-1.8444614372574
1.3810000419617	-1.8910973049232
1.3856999874115	-1.9402101255294
1.3904000520706	-1.9904983465023
1.3950999975204	-2.0407385047626
1.3997999429703	-2.0901510569714
1.4045000076294	-2.1386119749236
1.4091999530792	-2.1866869739927
1.4139000177383	-2.2354574646887
1.4185999631882	-2.2862221919824
1.4233000278473	-2.3401474603460
1.4279999732971	-2.3979880357175
1.4327000379562	-2.4599198524512
1.4373999834061	-2.5255529428011
1.4421000480652	-2.5940945242016
1.4467999935150	-2.6646048310588
1.4515000581741	-2.7362987002790
1.4562000036240	-2.8087869356479
1.4608999490738	-2.8822085827785
1.4656000137329	-2.9572114442071
1.4702999591827	-3.0347971922716
1.4750000238419	-3.1160794578232
1.4796999692917	-3.2020162872324
1.4844000339508	-3.2932120877792
1.4890999794006	-3.3898050845891
1.4938000440598	-3.4914938200727
1.4984999895096	-3.5976742026899
1.5032000541687	-3.7076574242393
1.5078999996185	-3.8209046168852
1.5125999450684	-3.9372263325787
1.5173000097275	-4.0568823820594
1.5219999551773	-4.1805608469332
1.5267000198364	-4.3092533707235
1.5313999652863	-4.4440417365165
1.5361000299454	-4.5858719502014
1.5407999753952	-4.7353674856358
1.5455000400543	-4.8927256327737
1.5501999855042	-5.0577308963085
1.5549000501633	-5.2298681948940
1.5595999956131	-5.4085246726051
1.5642999410629	-5.5932184406377
1.5690000057220	-5.7838051650441
1.5736999511719	-5.9805952732799
1.5784000158310	-6.1843578605967
1.5830999612808	-6.3962039291934
1.5878000259399	-6.6173698509956
1.5924999713898	-6.8489712838243
1.5972000360489	-7.0917844047245
1.6018999814987	-7.3461026508748
1.6066000461578	-7.6117277120576
1.6112999916077	-7.8880908660899
1.6160000562668	-8.1744834256327
1.6207000017166	-8.4703564361099
1.6253999471664	-8.7755968866997
1.6301000118256	-9.0907095725408
1.6347999572754	-9.4168541325250
1.6395000219345	-9.7556983095601
1.6441999673843	-10.109143266155
1.6489000320435	-10.478972941950
1.6535999774933	-10.866525644169
1.6583000421524	-11.272488375967
1.6629999876022	-11.696869586653
1.6677000522614	-12.139184713790
1.6723999977112	-12.598836226643
1.6770999431610	-13.075609170669
1.6818000078201	-13.570162009214
1.6864999532700	-14.084372487134
1.6912000179291	-14.621430454367
1.6958999633789	-15.185621561667
1.7006000280380	-15.781895785006
1.7052999734879	-16.415264149639
1.7100000381470	-17.090279524939
1.7146999835968	-17.810685262927
1.7194000482559	-18.579424648192
1.7240999937057	-19.399094079600
1.7288000583649	-20.272860568934
1.7335000038147	-21.205738842023
1.7381999492645	-22.205967198566
1.7429000139236	-23.286042360189
1.7475999593735	-24.462648704927
1.7523000240326	-25.754221277614
1.7569999694824	-27.173005478259
1.7617000341415	-28.703748709508
1.7663999795914	-30.253160252733
1.7711000442505	-31.562963827149
1.7757999897003	-32.202438767537
1.7805000543594	-31.906848629676
1.7851999998093	-30.915467292274
1.7898999452591	-29.658234708385
1.7946000099182	-28.400549283998
1.7992999553680	-27.240047660651
1.8040000200272	-26.194456721238
1.8086999654770	-25.254211015299
1.8134000301361	-24.404254410202
1.8180999755859	-23.631776304273
1.8228000402451	-22.927855980260
1.8274999856949	-22.286841069955
1.8322000503540	-21.704905206114
1.8368999958038	-21.178632452340
1.8415999412537	-20.704053975264
1.8463000059128	-20.276163895117
1.8509999513626	-19.889028080249
1.8557000160217	-19.536241267760
1.8603999614716	-19.211608994180
1.8651000261307	-18.909910621848
1.8697999715805	-18.627410914209
1.8745000362396	-18.362089678277
1.8791999816895	-18.113488363168
1.8839000463486	-17.882176639984
1.8885999917984	-17.669120560749
1.8933000564575	-17.475013455527
1.8980000019073	-17.299792863191
1.9026999473572	-17.142458983285
1.9074000120163	-17.001149567421
1.9120999574661	-16.873472237108
1.9168000221252	-16.756982817618
1.9214999675751	-16.649682548767
1.9262000322342	-16.550381078296
1.9308999776840	-16.458844061410
1.9356000423431	-16.375710281256
1.9402999877930	-16.302144890288
1.9450000524521	-16.239428026800
1.9496999979019	-16.188523278044
1.9543999433517	-16.149765876632
1.9591000080109	-16.122750192842
1.9637999534607	-16.106412975721
1.9685000181198	-16.099288189861
1.9731999635696	-16.099876296222
1.9779000282288	-16.107019213444
1.9825999736786	-16.120165027014
1.9873000383377	-16.139491448213
1.9919999837875	-16.165816591213
1.9967000484467	-16.200350339151
2.0013999938965	-16.244351722160
2.0060999393463	-16.298789224319
2.0107998847961	-16.364082543254
2.0155000686646	-16.439996569755
2.0202000141144	-16.525693815242
2.0248999595642	-16.619939717382
2.0295999050140	-16.721404119775
2.0343000888824	-16.828978681846
2.0390000343323	-16.942032540726
2.0436999797821	-17.060527463402
2.0483999252319	-17.184968352893
2.0531001091003	-17.316203510962
2.0578000545502	-17.455115050547
2.0625000000000	-17.602281191189
2.0671999454498	-17.757711889337
2.0718998908997	-17.920675095510
2.0766000747681	-18.089685812583
2.0813000202179	-18.262641889953
2.0859999656677	-18.437069477967
2.0906999111176	-18.610421106690
2.0954000949860	-18.780380210917
2.1001000404358	-18.945012145046
2.1047999858856	-19.102853474563
2.1094999313354	-19.252767723959
2.1142001152039	-19.393751197781
2.1189000606537	-19.524647504910
2.1236000061035	-19.643931581640
2.1282999515533	-19.749546356578
2.1329998970032	-19.838932382734
2.1377000808716	-19.909188804903
2.1424000263214	-19.957406950843
2.1470999717712	-19.981027340292
2.1517999172211	-19.978286249388
2.1565001010895	-19.948484337576
2.1612000465393	-19.892176581107
2.1658999919891	-19.811083580649
2.1705999374390	-19.707877508099
2.1752998828888	-19.585804346550
2.1800000667572	-19.448224837288
2.1847000122070	-19.298251108749
2.1893999576569	-19.138449840103
2.1940999031067	-18.970723117526
2.1988000869751	-18.796381432463
2.2035000324249	-18.616300344810
2.2081999778748	-18.431217233706
2.2128999233246	-18.242003564835
2.2176001071930	-18.049865555021
2.2223000526428	-17.856424501093
2.2269999980927	-17.663629828654
2.2316999435425	-17.473546107580
2.2363998889923	-17.288106860911
2.2411000728607	-17.108822026655
2.2458000183105	-16.936595121492
2.2504999637604	-16.771669268734
2.2551999092102	-16.613701000423
2.2599000930786	-16.461957913149
2.2646000385284	-16.315591381686
2.2692999839783	-16.173914944250
2.2739999294281	-16.036623976768
2.2787001132965	-15.903896707054
2.2834000587463	-15.776338679492
2.2881000041962	-15.654817174506
2.2927999496460	-15.540231196957
2.2974998950958	-15.433247665568
2.3022000789642	-15.334142323594
2.3069000244141	-15.242706607010
2.3115999698639	-15.158302399367
2.3162999153137	-15.080023909011
2.3210000991821	-15.006913431530
2.3257000446320	-14.938215000148
2.3303999900818	-14.873542084525
2.3350999355316	-14.812942085886
2.3397998809814	-14.756863959406
2.3445000648499	-14.705991617582
2.3492000102997	-14.661035120095
2.3538999557495	-14.622514892807
2.3585999011993	-14.590594730988
2.3633000850677	-14.565036862961
2.3680000305176	-14.545252245844
2.3726999759674	-14.530439790428
2.3773999214172	-14.519812238680
2.3821001052856	-14.512769959447
2.3868000507355	-14.509075639462
2.3914999961853	-14.508885118977
2.3961999416351	-14.512701026441
2.4008998870850	-14.521201043749
2.4056000709534	-14.535063519936
2.4103000164032	-14.554748919637
2.4149999618530	-14.580392061542
2.4196999073029	-14.611756843113
2.4244000911713	-14.648288315776
2.4291000366211	-14.689288986940
2.4337999820709	-14.734083927357
2.4384999275208	-14.782222713984
2.4432001113892	-14.833601289577
2.4479000568390	-14.888487228903
2.4526000022888	-14.947444701890
2.4572999477386	-15.011188200239
2.4619998931885	-15.080384365822
2.4667000770569	-15.155463678563
2.4714000225067	-15.236529930293
2.4760999679565	-15.323314199807
2.4807999134064	-15.415251902742
2.4855000972748	-15.511652568561
2.4902000427246	-15.611869995088
2.4948999881744	-15.715490886883
2.4995999336243	-15.822447187963
2.5043001174927	-15.933025605033
2.5090000629425	-16.047785555810
2.5137000083923	-16.167417206206
2.5183999538422	-16.292508379967
2.5230998992920	-16.423397862755
2.5278000831604	-16.560035057844
2.5325000286102	-16.701972430595
2.5371999740601	-16.848425020142
2.5418999195099	-16.998442927563
2.5466001033783	-17.151085322279
2.5513000488281	-17.305611760923
2.5559999942780	-17.461585807318
2.5606999397278	-17.618900038342
2.5653998851776	-17.777688224335
2.5701000690460	-17.938138023859
2.5748000144958	-18.100290865451
2.5794999599457	-18.263837060008
2.5841999053955	-18.427979399763
2.5889000892639	-18.591390466089
2.5936000347137	-18.752283025410
2.5982999801636	-18.908565921146
2.6029999256134	-19.058059178202
2.6077001094818	-19.198703160800
2.6124000549316	-19.328733741214
2.6171000003815	-19.446744570947
2.6217999458313	-19.551663377150
2.6264998912811	-19.642643480567
2.6312000751495	-19.718892394629
2.6359000205994	-19.779517097899
2.6405999660492	-19.823428177343
2.6452999114990	-19.849330676590
2.6500000953674	-19.855818040784
2.6547000408173	-19.841541382848
2.6593999862671	-19.805473800005
2.6640999317169	-19.747099520826
2.6688001155853	-19.666588721984
2.6735000610352	-19.564865642029
2.6782000064850	-19.443538286762
2.6828999519348	-19.304688920464
2.6875998973846	-19.150676511056
2.6923000812531	-18.983779837098
2.6970000267029	-18.806052255732
2.7016999721527	-18.619126647740
2.7063999176025	-18.424196839654
2.7111001014709	-18.222116541669
2.7158000469208	-18.013538185201
2.7204999923706	-17.799108412034
2.7251999378204	-17.579633757796
2.7298998832703	-17.356178422066
2.7346000671387	-17.130058183877
2.7393000125885	-16.902732151547
2.7439999580383	-16.675656856589
2.7486999034882	-16.450082381055
2.7534000873566	-16.226919475311
2.7581000328064	-16.006641924325
2.7627999782562	-15.789315957483
2.7674999237061	-15.574696005410
2.7722001075745	-15.362393661517
2.7769000530243	-15.152053054315
2.7815999984741	-14.943520047400
2.7862999439240	-14.736924119985
2.7909998893738	-14.532666084236
2.7957000732422	-14.331325336454
2.8004000186920	-14.133529663410
2.8050999641418	-13.939772374795
2.8097999095917	-13.750314929584
2.8145000934601	-13.565099981745
2.8192000389099	-13.383797052843
2.8238999843597	-13.205887410082
2.8285999298096	-13.030819203767
2.8333001136780	-12.858139274331
2.8380000591278	-12.687626294933
2.8427000045776	-12.519319184310
2.8473999500275	-12.353496460544
2.8520998954773	-12.190565083140
2.8568000793457	-12.030944621550
2.8615000247955	-11.874904478491
2.8661999702454	-11.722512918156
2.8708999156952	-11.573575311376
2.8756000995636	-11.427710730012
2.8803000450134	-11.284432215329
2.8849999904633	-11.143288098308
2.8896999359131	-11.003972620791
2.8943998813629	-10.866399074471
2.8991000652313	-10.730708736812
2.9038000106812	-10.597210419619
2.9084999561310	-10.466271675463
2.9131999015808	-10.338208474019
2.9179000854492	-10.213178651570
2.9226000308990	-10.091131846797
2.9272999763489	-9.9718201260291
2.9319999217987	-9.8548669902962
2.9367001056671	-9.7398726467573
2.9414000511169	-9.6265239971444
2.9460999965668	-9.5146758833621
2.9507999420166	-9.4043795708482
2.9554998874664	-9.2958717016379
2.9602000713348	-9.1894707085190
2.9649000167847	-9.0854997169107
2.9695999622345	-8.9841710766065
2.9742999076843	-8.8855234705460
2.9790000915527	-8.7894145658822
2.9837000370026	-8.6955588195874
2.9883999824524	-8.6036129400094
2.9930999279022	-8.5132613367512
2.9978001117706	-8.4243183896040
3.0025000572205	-8.3367738502858
3.0072000026703	-8.2507832465494
3.0118999481201	-8.1666143116895
3.0165998935699	-8.0845667322516
3.0213000774384	-8.0048804094289
3.0260000228882	-7.9276464122073
3.0306999683380	-7.8528002775906
3.0353999137878	-7.7801233757821
3.0401000976562	-7.7093095092857
3.0448000431061	-7.6400633588411
3.0494999885559	-7.5721654935346
3.0541999340057	-7.5055409022874
3.0589001178741	-7.4402881265195
3.0636000633240	-7.3766160886536
3.0683000087738	-7.3147939650293
3.0729999542236	-7.2550576020216
3.0776998996735	-7.1975379556757
3.0824000835419	-7.1422212593032
3.0871000289917	-7.0889421105699
3.0917999744415	-7.0374360759583
3.0964999198914	-6.9874155506357
3.1012001037598	-6.9386461577229
3.1059000492096	-6.8910091552670
3.1105999946594	-6.8445450231099
3.1152999401093	-6.7994139497703
3.1199998855591	-6.7558514776407
3.1247000694275	-6.7140955636581
3.1294000148773	-6.6742979917175
3.1340999603271	-6.6364821066653
3.1387999057770	-6.6005319464306
3.1435000896454	-6.5662209208081
3.1482000350952	-6.5332746593147
3.1528999805450	-6.5014438494935
3.1575999259949	-6.4705862227172
3.1623001098633	-6.4406835887770
3.1670000553131	-6.4118600532829
3.1717000007629	-6.3843232525114
3.1763999462128	-6.3582985738313
3.1810998916626	-6.3339577185792
3.1858000755310	-6.3113590836389
3.1905000209808	-6.2904204929344
3.1951999664307	-6.2709468203519
3.1998999118805	-6.2526733982534
3.2046000957489	-6.2353448819495
3.2093000411987	-6.2187845238146
3.2139999866486	-6.2029330721059
3.2186999320984	-6.1878666064186
3.2234001159668	-6.1737577074874
3.2281000614166	-6.1608207578009
3.2328000068665	-6.1492191879659
3.2374999523163	-6.1390345549679
3.2421998977661	-6.1301989298125
3.2469000816345	-6.1225307933245
3.2516000270844	-6.1157608206423
3.2562999725342	-6.1096033108061
3.2609999179840	-6.1038323225280
3.2657001018524	-6.0983341349894
3.2704000473022	-6.0931120288523
3.2750999927521	-6.0882840532591
3.2797999382019	-6.0840109444429
3.2844998836517	-6.0804310101870
3.2892000675201	-6.0775926660301
3.2939000129700	-6.0754078840712
3.2985999584198	-6.0736564861498
3.3032999038696	-6.0720165052722
3.3080000877380	-6.0701245831854
3.3127000331879	-6.0676639694494
3.3173999786377	-6.0643977593332
3.3220999240875	-6.0602250982708
3.3268001079559	-6.0551454957633
3.3315000534058	-6.0492154128895
3.3361999988556	-6.0424818122343
3.3408999443054	-6.0349011314796
3.3455998897552	-6.0263042265732
3.3503000736237	-6.0163736508349
3.3550000190735	-6.0046851685018
3.3596999645233	-5.9907715793234
3.3643999099731	-5.9741905320564
3.3691000938416	-5.9546053148586
3.3738000392914	-5.9318021185355
3.3784999847412	-5.9057066686085
3.3831999301910	-5.8763242375146
3.3879001140594	-5.8436839407626
3.3926000595093	-5.8077641977925
3.3973000049591	-5.7684524248582
3.4019999504089	-5.7255301759668
3.4066998958588	-5.6787136519333
3.4114000797272	-5.6277171749054
3.4161000251770	-5.5723317348602
3.4207999706268	-5.5124928287373
3.4254999160767	-5.4483229361976
3.4302000999451	-5.3801149846559
3.4349000453949	-5.3082963870486
3.4395999908447	-5.2333620547043
3.4442999362946	-5.1557922518211
3.4489998817444	-5.0760112874089
3.4537000656128	-4.9943630132437
3.4584000110626	-4.9111343761356
3.4630999565125	-4.8265973807385
3.4677999019623	-4.7410737717797
3.4725000858307	-4.6549826462807
3.4772000312805	-4.5688524242334
3.4818999767303	-4.4833125436547
3.4865999221802	-4.3990474534080
3.4913001060486	-4.3167314151229
3.4960000514984	-4.2369519038505
3.5006999969482	-4.1601746160905
3.5053999423981	-4.0867138730237
3.5100998878479	-4.0167536179884
3.5148000717163	-3.9503823829056
3.5195000171661	-3.8876581500252
3.5241999626160	-3.8286466697181
3.5288999080658	-3.7734660831716
3.5336000919342	-3.7222843923155
3.5383000373840	-3.6753044653867
3.5429999828339	-3.6327152965303
3.5476999282837	-3.5946525183031
3.5524001121521	-3.5611459168591
3.5571000576019	-3.5321187922745
3.5618000030518	-3.5073830593751
3.5664999485016	-3.4866810573616
3.5711998939514	-3.4697318304542
3.5759000778198	-3.4562838104334
3.5806000232697	-3.4461566327921
3.5852999687195	-3.4392502253027
3.5899999141693	-3.4355446571726
3.5947000980377	-3.4350606494011
3.5994000434875	-3.4378138565571
3.6040999889374	-3.4437754418194
3.6087999343872	-3.4528375197119
3.6135001182556	-3.4648139727529
3.6182000637054	-3.4794477862882
3.6229000091553	-3.4964720261595
3.6275999546051	-3.5156318688003
3.6322999000549	-3.5367455709538
3.6370000839233	-3.5597226885565
3.6417000293732	-3.5845569436129
3.6463999748230	-3.6113143782069
3.6510999202728	-3.6400815568842
3.6558001041412	-3.6709139588575
3.6605000495911	-3.7038044091878
3.6651999950409	-3.7386646965738
3.6698999404907	-3.7753292054021
3.6745998859406	-3.8135888588552
3.6793000698090	-3.8532427387995
3.6840000152588	-3.8941314030653
3.6886999607086	-3.9361869883467
3.6933999061584	-3.9794305468883
3.6981000900269	-4.0239588035365
3.7028000354767	-4.0699120945196
3.7074999809265	-4.1174134720241
3.7121999263763	-4.1665270202668
3.7169001102448	-4.2172310126653
3.7216000556946	-4.2694158351923
3.7263000011444	-4.3229015685295
3.7309999465942	-4.3774904094999
3.7356998920441	-4.4330192001306
3.7404000759125	-4.4893940847324
3.7451000213623	-4.5466216236393
3.7497999668121	-4.6047928237975
3.7544999122620	-4.6640555572745
3.7592000961304	-4.7245562286264
3.7639000415802	-4.7863928331631
3.7685999870300	-4.8495685100152
3.7732999324799	-4.9139811755289
3.7780001163483	-4.9794399278786
3.7827000617981	-5.0457096384667
3.7874000072479	-5.1125700266258
3.7920999526978	-5.1798621995071
3.7967998981476	-5.2475288579195
3.8015000820160	-5.3156115471979
3.8062000274658	-5.3842271129532
3.8108999729156	-5.4535009081990
3.8155999183655	-5.5235207519698
3.8203001022339	-5.5942679770305
3.8250000476837	-5.6656043469853
3.8296999931335	-5.7372826197423
3.8343999385834	-5.8089806807471
3.8390998840332	-5.8803774070869
3.8438000679016	-5.9512095662435
3.8485000133514	-6.0213228222890
3.8531999588013	-6.0906827699435
3.8578999042511	-6.1593507560123
3.8626000881195	-6.2274216301439
3.8673000335693	-6.2949553272972
3.8719999790192	-6.3619055553215
3.8766999244690	-6.4280955193803
3.8814001083374	-6.4932092062738
3.8861000537872	-6.5568534258687
3.8907999992371	-6.6186224408599
3.8954999446869	-6.6781863186676
3.9001998901367	-6.7353420336103
3.9049000740051	-6.7900480488428
3.9096000194550	-6.8423875486622
3.9142999649048	-6.8925134884778
3.9189999103546	-6.9405544716104
3.9237000942230	-6.9865451394330
3.9284000396729	-7.0303791889705
3.9330999851227	-7.0718134927840
3.9377999305725	-7.1105195307813
3.9425001144409	-7.1461717753252
3.9472000598907	-7.1785350155737
3.9519000053406	-7.2075371937230
3.9565999507904	-7.2332958279052
3.9612998962402	-7.2560787803614
3.9660000801086	-7.2762452697416
3.9707000255585	-7.2941285270474
3.9753999710083	-7.3099668389972
3.9800999164581	-7.3238427057489
3.9848001003265	-7.3356846329816
3.9895000457764	-7.3453296151984
3.9941999912262	-7.3526040207408
3.9988999366760	-7.3574267922289
4.0036001205444	-7.3598758214837
4.0082998275757	-7.3602138309833
4.0130000114441	-7.3588571205940
4.0177001953125	-7.3562908307076
4.0223999023438	-7.3529751835549
4.0271000862122	-7.3492449660193
4.0317997932434	-7.3452659614208
4.0364999771118	-7.3410250030443
4.0412001609802	-7.3363931344476
4.0458998680115	-7.3312102864092
4.0506000518799	-7.3253886988672
4.0553002357483	-7.3189802418175
4.0599999427795	-7.3122144216444
4.0647001266479	-7.3054657607405
4.0693998336792	-7.2991823732454
4.0741000175476	-7.2937830831392
4.0788002014160	-7.2895681404560
4.0834999084473	-7.2866597364860
4.0882000923157	-7.2849983539826
4.0928997993469	-7.2843875329179
4.0975999832153	-7.2845827413745
4.1023001670837	-7.2853903004680
4.1069998741150	-7.2867548361600
4.1117000579834	-7.2887890942223
4.1163997650146	-7.2917657413514
4.1210999488831	-7.2960514459824
4.1258001327515	-7.3020063933780
4.1304998397827	-7.3098853901007
4.1352000236511	-7.3197779767397
4.1399002075195	-7.3315818939387
4.1445999145508	-7.3450452388035
4.1493000984192	-7.3598476079746
4.1539998054504	-7.3756965825187
4.1586999893188	-7.3924292237862
4.1634001731873	-7.4100583466640
4.1680998802185	-7.4287737011601
4.1728000640869	-7.4488921397875
4.1774997711182	-7.4707491341367
4.1821999549866	-7.4946092034088
4.1869001388550	-7.5205773039905
4.1915998458862	-7.5485654986981
4.1963000297546	-7.5783165409276
4.2010002136230	-7.6094774892044
4.2056999206543	-7.6417109330400
4.2104001045227	-7.6747966446390
4.2150998115540	-7.7087069714966
4.2197999954224	-7.7436240881954
4.2245001792908	-7.7798995221112
4.2291998863220	-7.8179626995792
4.2339000701904	-7.8582124805691
4.2385997772217	-7.9009200781468
4.2432999610901	-7.9461691106511
4.2480001449585	-7.9938671479540
4.2526998519897	-8.0438127780873
4.2574000358582	-8.0957930974285
4.2621002197266	-8.1497059098731
4.2667999267578	-8.2056388656588
4.2715001106262	-8.2639097829578
4.2761998176575	-8.3250265024879
4.2809000015259	-8.3895956856513
4.2856001853943	-8.4581838984441
4.2902998924255	-8.5312030297796
4.2950000762939	-8.6088081939192
4.2996997833252	-8.6908774990991
4.3043999671936	-8.7770588161540
4.3091001510620	-8.8668715440289
4.3137998580933	-8.9598482011648
4.3185000419617	-9.0556604442728
4.3232002258301	-9.1542048293158
4.3278999328613	-9.2556121350898
4.3326001167297	-9.3601797147879
4.3372998237610	-9.4682500561493
4.3420000076294	-9.5800645397015
4.3467001914978	-9.6956472115769
4.3513998985291	-9.8147465296578
4.3561000823975	-9.9368631722295
4.3607997894287	-10.061363808879
4.3654999732971	-10.187638226101
4.3702001571655	-10.315269330040
4.3748998641968	-10.444156545342
4.3796000480652	-10.574548732513
4.3843002319336	-10.706976269155
4.3889999389648	-10.842097662109
4.3937001228333	-10.980498741145
4.3983998298645	-11.122514095612
4.4031000137329	-11.268119600311
4.4078001976013	-11.416931197349
4.4124999046326	-11.568322178276
4.4172000885010	-11.721618287005
4.4218997955322	-11.876334103105
4.4265999794006	-12.032354201180
4.4313001632690	-12.190012401147
4.4359998703003	-12.350038287430
4.4407000541687	-12.513369120662
4.4454002380371	-12.680895619070
4.4500999450684	-12.853201854849
4.4548001289368	-13.030396165114
4.4594998359680	-13.212074069127
4.4642000198364	-13.397445892407
4.4689002037048	-13.585592526147
4.4735999107361	-13.775786329839
4.4783000946045	-13.967766739359
4.4829998016357	-14.161893185903
4.4876999855042	-14.359099905678
4.4924001693726	-14.560664705253
4.4970998764038	-14.767853950852
4.5018000602722	-14.981540961044
4.5064997673035	-15.201931111309
4.5111999511719	-15.428470172006
4.5159001350403	-15.659988158761
4.5205998420715	-15.895050367429
4.5253000259399	-16.132428343622
4.5300002098083	-16.371529996848
4.5346999168396	-16.612663014935
4.5394001007080	-16.856998449803
4.5440998077393	-17.106235136616
4.5487999916077	-17.362043020741
4.5535001754761	-17.625462416388
4.5581998825073	-17.896423811048
4.5629000663757	-18.173579126733
4.5675997734070	-18.454497481428
4.5722999572754	-18.736222417516
4.5770001411438	-19.016050240235
4.5816998481750	-19.292260873101
4.5864000320435	-19.564532021093
4.5911002159119	-19.833809578402
4.5957999229431	-20.101649515721
4.6005001068115	-20.369171193399
4.6051998138428	-20.635970123461
4.6098999977112	-20.899392794431
4.6146001815796	-21.154424690079
4.6192998886108	-21.394407458251
4.6240000724792	-21.612433344882
4.6286997795105	-21.802993971114
4.6333999633789	-21.963261625986
4.6381001472473	-22.093417857751
4.6427998542786	-22.195775035517
4.6475000381470	-22.273089409271
4.6522002220154	-22.326815890069
4.6568999290466	-22.355963043344
4.6616001129150	-22.357248669540
4.6662998199463	-22.326314288211
4.6710000038147	-22.259793018870
4.6757001876831	-22.157207031551
4.6803998947144	-22.021870985530
4.6851000785828	-21.860405326619
4.6897997856140	-21.681033986646
4.6944999694824	-21.491495036848
4.6992001533508	-21.297321209317
4.7038998603821	-21.101043981841
4.7086000442505	-20.902459655091
4.7133002281189	-20.699681718545
4.7179999351501	-20.490693759436
4.7227001190186	-20.274745821367
4.7273998260498	-20.053136655509
4.7321000099182	-19.829219277158
4.7368001937866	-19.607614160026
4.7414999008179	-19.392979895987
4.7462000846863	-19.188868234526
4.7508997917175	-18.996936237367
4.7555999755859	-18.816738796108
4.7603001594543	-18.646154216878
4.7649998664856	-18.482233188785
4.7697000503540	-18.322260121610
4.7744002342224	-18.164687183911
4.7790999412537	-18.009648034756
4.7838001251221	-17.858893342773
4.7884998321533	-17.715209224790
4.7932000160217	-17.581517841409
4.7979001998901	-17.459930676457
4.8025999069214	-17.351116664217
4.8073000907898	-17.254058126505
4.8119997978210	-17.166325655511
4.8166999816895	-17.084738013189
4.8214001655579	-17.006269696901
4.8260998725891	-16.928877125318
4.8308000564575	-16.852037263593
4.8354997634888	-16.776779680063
4.8401999473572	-16.705208667325
4.8449001312256	-16.639677836679
4.8495998382568	-16.581893974238
4.8543000221252	-16.532219262276
4.8590002059937	-16.489399474079
4.8636999130249	-16.450769137239
4.8684000968933	-16.412899854754
4.8730998039246	-16.372542939172
4.8777999877930	-16.327533765128
4.8825001716614	-16.277374174141
4.8871998786926	-16.223309617567
4.8919000625610	-16.167803759834
4.8965997695923	-16.113667454984
4.9012999534607	-16.063073677050
4.9060001373291	-16.016828049648
4.9106998443604	-15.974075713384
4.9154000282288	-15.932549669174
4.9201002120972	-15.889304928805
4.9247999191284	-15.841675340697
4.9295001029968	-15.788198897585
4.9341998100281	-15.729173193266
4.9388999938965	-15.666578518783
4.9436001777649	-15.603493161058
4.9482998847961	-15.543098332114
4.9530000686646	-15.487673710833
4.9576997756958	-15.437848625297
4.9623999595642	-15.392348481756
4.9671001434326	-15.348311666532
4.9717998504639	-15.302037610719
4.9765000343323	-15.250017128044
4.9812002182007	-15.189851909018
4.9858999252319	-15.120779643558
4.9906001091003	-15.043576019842
4.9952998161316	-14.959871399620
5.0000000000000	-14.871129283373
#Parameters = {R_fat=48; R_glandular=38; R_skin_outer=50; T10=5; T15=7.5; T5=2.5; T_rad=4; T_x=10; T_y=0; T_z=75; Zc=65; skin_thickness=2; Mesh Pass=4}
#"Frequency / GHz"	"S1,1 (Mesh Pass=4) [Magnitude / dB]"
#-------------------------------------------------------
0.30000001192093	-16.826170102117
0.30469998717308	-17.561855397196
0.30939999222755	-17.935681913929
0.31409999728203	-17.806100454219
0.31880000233650	-17.309791716131
0.32350000739098	-16.738879057891
0.32820001244545	-16.342530790490
0.33289998769760	-16.280420154510
0.33759999275208	-16.667855301710
0.34229999780655	-17.639166098915
0.34700000286102	-19.441610127073
0.35170000791550	-22.694546084139
0.35640001296997	-29.852641017007
0.36109998822212	-34.993822392526
0.36579999327660	-22.919610972630
0.37049999833107	-17.734192374743
0.37520000338554	-14.424191068776
0.37990000844002	-12.073205061174
0.38460001349449	-10.356766321179
0.38929998874664	-9.1257344396405
0.39399999380112	-8.2967089713178
0.39869999885559	-7.8125857938334
0.40340000391006	-7.6275495422348
0.40810000896454	-7.7025874256532
0.41280001401901	-8.0051534475734
0.41749998927116	-8.5090615407306
0.42219999432564	-9.1923004793825
0.42689999938011	-10.030878965336
0.43160000443459	-10.986556666550
0.43630000948906	-11.987114040813
0.44100001454353	-12.906498353815
0.44569998979568	-13.576263585179
0.45039999485016	-13.868774402090
0.45509999990463	-13.801653072645
0.45980000495911	-13.526332511606
0.46450001001358	-13.215653909607
0.46919998526573	-12.988472093374
0.47389999032021	-12.903341991759
0.47859999537468	-12.977156515793
0.48330000042915	-13.200245435512
0.48800000548363	-13.542210137437
0.49270001053810	-13.951206919431
0.49739998579025	-14.353188864419
0.50209999084473	-14.661456786452
0.50679999589920	-14.804532281984
0.51150000095367	-14.761217307978
0.51620000600815	-14.571843846566
0.52090001106262	-14.313091423584
0.52560001611710	-14.061477279576
0.53030002117157	-13.871881270789
0.53500002622604	-13.773342955681
0.53969997167587	-13.772440116620
0.54439997673035	-13.857027403011
0.54909998178482	-13.998388894404
0.55379998683929	-14.153539456154
0.55849999189377	-14.271395547087
0.56319999694824	-14.305601438274
0.56790000200272	-14.231044169894
0.57260000705719	-14.054035898659
0.57730001211166	-13.807995478205
0.58200001716614	-13.538127379884
0.58670002222061	-13.285952619099
0.59140002727509	-13.080464775593
0.59609997272491	-12.935557379524
0.60079997777939	-12.850575210610
0.60549998283386	-12.811876984685
0.61019998788834	-12.795169259759
0.61489999294281	-12.769715003327
0.61959999799728	-12.705311758111
0.62430000305176	-12.581053185021
0.62900000810623	-12.392169543441
0.63370001316071	-12.150966929083
0.63840001821518	-11.881316858679
0.64310002326965	-11.610228842570
0.64780002832413	-11.360590568537
0.65249997377396	-11.146962511274
0.65719997882843	-10.974064862701
0.66189998388290	-10.836990082570
0.66659998893738	-10.722638749449
0.67129999399185	-10.612490432882
0.67599999904633	-10.486836610776
0.68070000410080	-10.329955832677
0.68540000915527	-10.134608325815
0.69010001420975	-9.9038891703440
0.69480001926422	-9.6495900700719
0.69950002431870	-9.3880383341408
0.70420002937317	-9.1353804043282
0.70889997482300	-8.9038722885919
0.71359997987747	-8.6997363311417
0.71829998493195	-8.5224631327053
0.72299998998642	-8.3653371145314
0.72769999504089	-8.2170779680077
0.73240000009537	-8.0645358398500
0.73710000514984	-7.8960262140367
0.74180001020432	-7.7044806369595
0.74650001525879	-7.4892728634184
0.75120002031326	-7.2560629447883
0.75590002536774	-7.0148004059757
0.76059997081757	-6.7768069014699
0.76529997587204	-6.5519287893710
0.76999998092651	-6.3464486436854
0.77469998598099	-6.1619728589090
0.77939999103546	-5.9953282414260
0.78409999608994	-5.8394302991722
0.78880000114441	-5.6850247356898
0.79350000619888	-5.5230401556608
0.79820001125336	-5.3469986899318
0.80290001630783	-5.1547369441919
0.80760002136230	-4.9488788878514
0.81230002641678	-4.7359393240011
0.81699997186661	-4.5244518498825
0.82169997692108	-4.3227674116460
0.82639998197556	-4.1371192094064
0.83109998703003	-3.9703000403561
0.83579999208450	-3.8211623114280
0.84049999713898	-3.6849579321849
0.84520000219345	-3.5545478534374
0.84990000724792	-3.4222210491326
0.85460001230240	-3.2817832782361
0.85930001735687	-3.1302992666141
0.86400002241135	-2.9689313370686
0.86870002746582	-2.8026442321010
0.87339997291565	-2.6388848431365
0.87809997797012	-2.4856975012180
0.88279998302460	-2.3497937095501
0.88749998807907	-2.2350261473980
0.89219999313354	-2.1415349378130
0.89689999818802	-2.0657748884613
0.90160000324249	-2.0014091509515
0.90630000829697	-1.9410101995460
0.91100001335144	-1.8781468834765
0.91570001840591	-1.8093920070361
0.92040002346039	-1.7355547288541
0.92510002851486	-1.6617997524985
0.92979997396469	-1.5965595460397
0.93449997901917	-1.5496207894309
0.93919998407364	-1.5299420111440
0.94389998912811	-1.5437189958530
0.94859999418259	-1.5931888728595
0.95329999923706	-1.6763958721878
0.95800000429153	-1.7880607186639
0.96270000934601	-1.9215299737810
0.96740001440048	-2.0714619038501
0.97210001945496	-2.2367630607576
0.97680002450943	-2.4229460948364
0.98150002956390	-2.6432675775793
0.98619997501373	-2.9183392667007
0.99089998006821	-3.2746276301968
0.99559998512268	-3.7426832221636
1.0003000497818	-4.3562512360167
1.0049999952316	-5.1533264368981
1.0096999406815	-6.1802531996308
1.0144000053406	-7.5005625290071
1.0190999507904	-9.2120565555150
1.0238000154495	-11.479482863535
1.0284999608994	-14.584585900172
1.0332000255585	-18.731376172306
1.0378999710083	-20.675840930517
1.0426000356674	-16.769272174600
1.0472999811172	-12.956344671063
1.0520000457764	-10.175354131124
1.0566999912262	-8.0996045203269
1.0614000558853	-6.5037884906177
1.0661000013351	-5.2579124760553
1.0707999467850	-4.2822099574361
1.0755000114441	-3.5224273977836
1.0801999568939	-2.9370811062298
1.0849000215530	-2.4910803190223
1.0895999670029	-2.1530401019927
1.0943000316620	-1.8948710702894
1.0989999771118	-1.6925772602646
1.1037000417709	-1.5274302954219
1.1083999872208	-1.3867500073917
1.1131000518799	-1.2638229676884
1.1177999973297	-1.1568475284593
1.1224999427795	-1.0671577399165
1.1272000074387	-0.99721876543079
1.1318999528885	-0.94884680270335
1.1366000175476	-0.92207594568121
1.1412999629974	-0.91472547405604
1.1460000276566	-0.92270222793622
1.1506999731064	-0.94079655304251
1.1554000377655	-0.96376992352948
1.1600999832153	-0.98740703767712
1.1648000478745	-1.0092854473255
1.1694999933243	-1.0290426820494
1.1742000579834	-1.0481100681952
1.1789000034332	-1.0690143974599
1.1835999488831	-1.0944857224430
1.1883000135422	-1.1265950609672
1.1929999589920	-1.1661905738733
1.1977000236511	-1.2127008945784
1.2023999691010	-1.2643187555900
1.2071000337601	-1.3185141205777
1.2117999792099	-1.3726790786492
1.2165000438690	-1.4247802007064
1.2211999893188	-1.4738311381277
1.2259000539780	-1.5200440557733
1.2305999994278	-1.5646851032739
1.2352999448776	-1.6096330078243
1.2400000095367	-1.6568168697604
1.2446999549866	-1.7076929075244
1.2494000196457	-1.7628682320605
1.2540999650955	-1.8219938872997
1.2588000297546	-1.8838901577636
1.2634999752045	-1.9468969390558
1.2682000398636	-2.0093253558955
1.2728999853134	-2.0698894767360
1.2776000499725	-2.1280360763873
1.2822999954224	-2.1840509732868
1.2869999408722	-2.2389366845545
1.2917000055313	-2.2941217202470
1.2963999509811	-2.3510562033802
1.3011000156403	-2.4108340290317
1.3057999610901	-2.4739302880794
1.3105000257492	-2.5401146542381
1.3151999711990	-2.6085471307704
1.3199000358582	-2.6780241591843
1.3245999813080	-2.7473174736447
1.3293000459671	-2.8154962819575
1.3339999914169	-2.8821738422666
1.3387000560760	-2.9475980588401
1.3434000015259	-3.0125738771833
1.3480999469757	-3.0782466251307
1.3528000116348	-3.1457942448981
1.3574999570847	-3.2161459503041
1.3622000217438	-3.2897609876995
1.3668999671936	-3.3665491798088
1.3716000318527	-3.4459263686128
1.3762999773026	-3.5269949904675
1.3810000419617	-3.6088055870991
1.3856999874115	-3.6906138132627
1.3904000520706	-3.7720873407592
1.3950999975204	-3.8534078211731
1.3997999429703	-3.9352255304743
1.4045000076294	-4.0185061816287
1.4091999530792	-4.1043037082391
1.4139000177383	-4.1935108201620
1.4185999631882	-4.2866778886862
1.4233000278473	-4.3839004515019
1.4279999732971	-4.4848450425379
1.4327000379562	-4.5888669419875
1.4373999834061	-4.6952100738150
1.4421000480652	-4.8032286252999
1.4467999935150	-4.9125818815563
1.4515000581741	-5.0233534006648
1.4562000036240	-5.1360610530775
1.4608999490738	-5.2515627656779
1.4656000137329	-5.3708784270863
1.4702999591827	-5.4949803881736
1.4750000238419	-5.6246010370912
1.4796999692917	-5.7601010635650
1.4844000339508	-5.9014318207128
1.4890999794006	-6.0481960689169
1.4938000440598	-6.1997897005147
1.4984999895096	-6.3556024022535
1.5032000541687	-6.5152135371493
1.5078999996185	-6.6785529628473
1.5125999450684	-6.8459748944473
1.5173000097275	-7.0182374994839
1.5219999551773	-7.1963793161477
1.5267000198364	-7.3815302397047
1.5313999652863	-7.5747074846376
1.5361000299454	-7.7766316679611
1.5407999753952	-7.9876125182798
1.5455000400543	-8.2075275783871
1.5501999855042	-8.4359046679941
1.5549000501633	-8.6720829562010
1.5595999956131	-8.9154358153641
1.5642999410629	-9.1655863043383
1.5690000057220	-9.4225809121233
1.5736999511719	-9.6869688074775
1.5784000158310	-9.9597611607031
1.5830999612808	-10.242277921129
1.5878000259399	-10.535920082415
1.5924999713898	-10.841907820804
1.5972000360489	-11.161053614097
1.6018999814987	-11.493609990678
1.6066000461578	-11.839238496129
1.6112999916077	-12.197106441524
1.6160000562668	-12.566101428265
1.6207000017166	-12.945122620477
1.6253999471664	-13.333378936834
1.6301000118256	-13.730634610802
1.6347999572754	-14.137307512364
1.6395000219345	-14.554378712660
1.6441999673843	-14.983186980815
1.6489000320435	-15.424999327231
1.6535999774933	-15.880611756764
1.6583000421524	-16.349914589981
1.6629999876022	-16.831574663272
1.6677000522614	-17.322852802915
1.6723999977112	-17.819623585669
1.6770999431610	-18.316562623373
1.6818000078201	-18.807450159576
1.6864999532700	-19.285553010868
1.6912000179291	-19.744009173649
1.6958999633789	-20.176076267916
1.7006000280380	-20.575289291932
1.7052999734879	-20.935549648070
1.7100000381470	-21.251238852807
1.7146999835968	-21.517385914638
1.7194000482559	-21.729980911689
1.7240999937057	-21.886321952092
1.7288000583649	-21.985286954527
1.7335000038147	-22.027544356473
1.7381999492645	-22.015459507742
1.7429000139236	-21.953020871212
1.7475999593735	-21.845585050290
1.7523000240326	-21.699731832909
1.7569999694824	-21.522980977418
1.7617000341415	-21.323520321473
1.7663999795914	-21.109728899988
1.7711000442505	-20.889661578833
1.7757999897003	-20.670434540254
1.7805000543594	-20.457738296444
1.7851999998093	-20.255477357420
1.7898999452591	-20.065653690966
1.7946000099182	-19.888523113573
1.7992999553680	-19.722995457826
1.8040000200272	-19.567207080622
1.8086999654770	-19.419204114832
1.8134000301361	-19.277553951038
1.8180999755859	-19.141820904840
1.8228000402451	-19.012697144503
1.8274999856949	-18.891876041683
1.8322000503540	-18.781651630801
1.8368999958038	-18.684362129334
1.8415999412537	-18.601853405558
1.8463000059128	-18.535060689940
1.8509999513626	-18.483822795612
1.8557000160217	-18.446916950382
1.8603999614716	-18.422354488659
1.8651000261307	-18.407874249077
1.8697999715805	-18.401436163874
1.8745000362396	-18.401763448792
1.8791999816895	-18.408623275567
1.8839000463486	-18.422907604340
1.8885999917984	-18.446411963440
1.8933000564575	-18.481427366213
1.8980000019073	-18.530226802510
1.9026999473572	-18.594575336176
1.9074000120163	-18.675379867460
1.9120999574661	-18.772575615434
1.9168000221252	-18.885185800412
1.9214999675751	-19.011698535903
1.9262000322342	-19.150484701678
1.9308999776840	-19.300360458585
1.9356000423431	-19.461000079930
1.9402999877930	-19.633231224568
1.9450000524521	-19.819032181958
1.9496999979019	-20.021309767356
1.9543999433517	-20.243445421613
1.9591000080109	-20.488832730581
1.9637999534607	-20.760372761544
1.9685000181198	-21.060195994538
1.9731999635696	-21.389552162397
1.9779000282288	-21.748905056876
1.9825999736786	-22.138355547875
1.9873000383377	-22.558128887250
1.9919999837875	-23.009144200003
1.9967000484467	-23.493609775349
2.0013999938965	-24.015320078439
2.0060999393463	-24.579707813157
2.0107998847961	-25.193484395126
2.0155000686646	-25.863835447428
2.0202000141144	-26.597049960776
2.0248999595642	-27.396290665608
2.0295999050140	-28.257823494184
2.0343000888824	-29.164502113965
2.0390000343323	-30.075160868144
2.0436999797821	-30.910523071839
2.0483999252319	-31.545453381302
2.0531001091003	-31.833244271708
2.0578000545502	-31.678831761336
2.0625000000000	-31.107001512849
2.0671999454498	-30.241646647112
2.0718998908997	-29.224300642885
2.0766000747681	-28.160413160485
2.0813000202179	-27.112574564951
2.0859999656677	-26.112780115525
2.0906999111176	-25.175037645850
2.0954000949860	-24.303592205113
2.1001000404358	-23.497394515517
2.1047999858856	-22.752546640837
2.1094999313354	-22.063618859639
2.1142001152039	-21.424517859542
2.1189000606537	-20.829094864058
2.1236000061035	-20.271685038930
2.1282999515533	-19.747492333950
2.1329998970032	-19.252829981470
2.1377000808716	-18.785202210608
2.1424000263214	-18.343149366944
2.1470999717712	-17.926002264092
2.1517999172211	-17.533484331594
2.1565001010895	-17.165341062451
2.1612000465393	-16.821037878196
2.1658999919891	-16.499558651026
2.1705999374390	-16.199378633487
2.1752998828888	-15.918538142238
2.1800000667572	-15.654877163217
2.1847000122070	-15.406298494155
2.1893999576569	-15.171044887909
2.1940999031067	-14.947883668044
2.1988000869751	-14.736203947951
2.2035000324249	-14.535956701051
2.2081999778748	-14.347496433529
2.2128999233246	-14.171323140406
2.2176001071930	-14.007829795582
2.2223000526428	-13.857094280014
2.2269999980927	-13.718746681412
2.2316999435425	-13.591976760386
2.2363998889923	-13.475629868574
2.2411000728607	-13.368404336094
2.2458000183105	-13.269084409530
2.2504999637604	-13.176736775252
2.2551999092102	-13.090871679433
2.2599000930786	-13.011463687038
2.2646000385284	-12.938881126495
2.2692999839783	-12.873728441483
2.2739999294281	-12.816615963315
2.2787001132965	-12.767968158395
2.2834000587463	-12.727859626276
2.2881000041962	-12.695967185569
2.2927999496460	-12.671597649030
2.2974998950958	-12.653841772967
2.3022000789642	-12.641745972533
2.3069000244141	-12.634531692599
2.3115999698639	-12.631754020748
2.3162999153137	-12.633367908196
2.3210000991821	-12.639742115997
2.3257000446320	-12.651514351291
2.3303999900818	-12.669417325705
2.3350999355316	-12.694083287881
2.3397998809814	-12.725876342962
2.3445000648499	-12.764795109578
2.3492000102997	-12.810462144494
2.3538999557495	-12.862217427719
2.3585999011993	-12.919301235188
2.3633000850677	-12.981023676382
2.3680000305176	-13.046961706780
2.3726999759674	-13.117068844737
2.3773999214172	-13.191710304664
2.3821001052856	-13.271571464222
2.3868000507355	-13.357525068715
2.3914999961853	-13.450423380192
2.3961999416351	-13.550912904350
2.4008998870850	-13.659302000312
2.4056000709534	-13.775520854608
2.4103000164032	-13.899170314723
2.4149999618530	-14.029650873556
2.4196999073029	-14.166368253481
2.4244000911713	-14.308936591390
2.4291000366211	-14.457323041961
2.4337999820709	-14.611935513908
2.4384999275208	-14.773607394900
2.4432001113892	-14.943447761662
2.4479000568390	-15.122676991462
2.4526000022888	-15.312399097435
2.4572999477386	-15.513426899504
2.4619998931885	-15.726183304337
2.4667000770569	-15.950693518357
2.4714000225067	-16.186682879325
2.4760999679565	-16.433790024530
2.4807999134064	-16.691768977926
2.4855000972748	-16.960727038772
2.4902000427246	-17.241280601645
2.4948999881744	-17.534611751101
2.4995999336243	-17.842406928858
2.5043001174927	-18.166662216163
2.5090000629425	-18.509469554035
2.5137000083923	-18.872723016193
2.5183999538422	-19.257938383756
2.5230998992920	-19.666095628363
2.5278000831604	-20.097629597977
2.5325000286102	-20.552496307626
2.5371999740601	-21.030323570331
2.5418999195099	-21.530531389436
2.5466001033783	-22.052402339667
2.5513000488281	-22.594930260144
2.5559999942780	-23.156370895360
2.5606999397278	-23.733396873707
2.5653998851776	-24.319790191996
2.5701000690460	-24.904744124771
2.5748000144958	-25.470902169983
2.5794999599457	-25.992824598280
2.5841999053955	-26.436932947402
2.5889000892639	-26.764601693544
2.5936000347137	-26.939479108577
2.5982999801636	-26.937564051885
2.6029999256134	-26.755326616568
2.6077001094818	-26.410730509578
2.6124000549316	-25.936593530868
2.6171000003815	-25.370931584106
2.6217999458313	-24.749012747646
2.6264998912811	-24.099586075584
2.6312000751495	-23.444021908887
2.6359000205994	-22.797159732957
2.6405999660492	-22.168626674376
2.6452999114990	-21.564049218392
2.6500000953674	-20.986078280447
2.6547000408173	-20.435220682649
2.6593999862671	-19.910522836297
2.6640999317169	-19.410189156524
2.6688001155853	-18.932082319934
2.6735000610352	-18.474154378324
2.6782000064850	-18.034742865782
2.6828999519348	-17.612710270504
2.6875998973846	-17.207451837619
2.6923000812531	-16.818733333099
2.6970000267029	-16.446513165220
2.7016999721527	-16.090682264764
2.7063999176025	-15.750892254096
2.7111001014709	-15.426418366299
2.7158000469208	-15.116163355955
2.7204999923706	-14.818746503682
2.7251999378204	-14.532664529129
2.7298998832703	-14.256498047454
2.7346000671387	-13.989083059288
2.7393000125885	-13.729656106312
2.7439999580383	-13.477871966208
2.7486999034882	-13.233751676718
2.7534000873566	-12.997531793751
2.7581000328064	-12.769493445335
2.7627999782562	-12.549780126050
2.7674999237061	-12.338278321365
2.7722001075745	-12.134554119633
2.7769000530243	-11.937890946556
2.7815999984741	-11.747411864089
2.7862999439240	-11.562207948064
2.7909998893738	-11.381517887281
2.7957000732422	-11.204838561984
2.8004000186920	-11.031984290467
2.8050999641418	-10.863069558728
2.8097999095917	-10.698410830550
2.8145000934601	-10.538379546634
2.8192000389099	-10.383271534510
2.8238999843597	-10.233166625635
2.8285999298096	-10.087886651428
2.8333001136780	-9.9469981865896
2.8380000591278	-9.8099015550429
2.8427000045776	-9.6759401369121
2.8473999500275	-9.5445526101505
2.8520998954773	-9.4153774154275
2.8568000793457	-9.2883118246661
2.8615000247955	-9.1635027849282
2.8661999702454	-9.0412912525121
2.8708999156952	-8.9220595500811
2.8756000995636	-8.8061450078367
2.8803000450134	-8.6936996440222
2.8849999904633	-8.5846595434523
2.8896999359131	-8.4787184092274
2.8943998813629	-8.3754300979688
2.8991000652313	-8.2742756925443
2.9038000106812	-8.1748118600543
2.9084999561310	-8.0767599300263
2.9131999015808	-7.9800660503756
2.9179000854492	-7.8848961633968
2.9226000308990	-7.7915802431306
2.9272999763489	-7.7005065285429
2.9319999217987	-7.6119993156967
2.9367001056671	-7.5262415571159
2.9414000511169	-7.4432041900939
2.9460999965668	-7.3626564614233
2.9507999420166	-7.2842179227256
2.9554998874664	-7.2074581409242
2.9602000713348	-7.1319980062817
2.9649000167847	-7.0576130257365
2.9695999622345	-6.9842713372240
2.9742999076843	-6.9121415425581
2.9790000915527	-6.8415396148717
2.9837000370026	-6.7728212990637
2.9883999824524	-6.7063031386995
2.9930999279022	-6.6421555435014
2.9978001117706	-6.5803574544243
3.0025000572205	-6.5207051862678
3.0072000026703	-6.4628589024592
3.0118999481201	-6.4064264020680
3.0165998935699	-6.3510739394005
3.0213000774384	-6.2966038596258
3.0260000228882	-6.2429927556962
3.0306999683380	-6.1904107986322
3.0353999137878	-6.1391479652050
3.0401000976562	-6.0895411506801
3.0448000431061	-6.0418783520298
3.0494999885559	-5.9963120426337
3.0541999340057	-5.9528178079959
3.0589001178741	-5.9111969145365
3.0636000633240	-5.8711302971988
3.0683000087738	-5.8322517898217
3.0729999542236	-5.7942522368888
3.0776998996735	-5.7569501014982
3.0824000835419	-5.7203380507652
3.0871000289917	-5.6845744059426
3.0917999744415	-5.6499383064500
3.0964999198914	-5.6167475782606
3.1012001037598	-5.5852671473018
3.1059000492096	-5.5556320096359
3.1105999946594	-5.5278046339961
3.1152999401093	-5.5015897370011
3.1199998855591	-5.4766764608847
3.1247000694275	-5.4527232105160
3.1294000148773	-5.4294316267816
3.1340999603271	-5.4066404820165
3.1387999057770	-5.3843545376220
3.1435000896454	-5.3627364015120
3.1482000350952	-5.3420533112365
3.1528999805450	-5.3226088338903
3.1575999259949	-5.3046463103714
3.1623001098633	-5.2882854817919
3.1670000553131	-5.2734704488749
3.1717000007629	-5.2600030809972
3.1763999462128	-5.2475745966808
3.1810998916626	-5.2358430309662
3.1858000755310	-5.2245335378154
3.1905000209808	-5.2134944338316
3.1951999664307	-5.2027351847974
3.1998999118805	-5.1924202598447
3.2046000957489	-5.1828110437052
3.2093000411987	-5.1741898289236
3.2139999866486	-5.1667751753769
3.2186999320984	-5.1606567800631
3.2234001159668	-5.1557537866642
3.2281000614166	-5.1518432090427
3.2328000068665	-5.1485907543143
3.2374999523163	-5.1456558670468
3.2421998977661	-5.1427489769678
3.2469000816345	-5.1397194370986
3.2516000270844	-5.1365661005749
3.2562999725342	-5.1334433320397
3.2609999179840	-5.1305861282298
3.2657001018524	-5.1282399636795
3.2704000473022	-5.1265741528494
3.2750999927521	-5.1256190418589
3.2797999382019	-5.1252308086154
3.2844998836517	-5.1251209303387
3.2892000675201	-5.1249034126789
3.2939000129700	-5.1241813152365
3.2985999584198	-5.1226269970230
3.3032999038696	-5.1200436782805
3.3080000877380	-5.1164010415105
3.3127000331879	-5.1117947097829
3.3173999786377	-5.1064074210495
3.3220999240875	-5.1004073922949
3.3268001079559	-5.0938741233776
3.3315000534058	-5.0867387875881
3.3361999988556	-5.0787554332784
3.3408999443054	-5.0695463167618
3.3455998897552	-5.0586427390530
3.3503000736237	-5.0455946722447
3.3550000190735	-5.0300411003970
3.3596999645233	-5.0117746095070
3.3643999099731	-4.9907599581697
3.3691000938416	-4.9671061080846
3.3738000392914	-4.9409947451100
3.3784999847412	-4.9126050728865
3.3831999301910	-4.8820254927532
3.3879001140594	-4.8492156131643
3.3926000595093	-4.8140023724714
3.3973000049591	-4.7761035732978
3.4019999504089	-4.7352266815197
3.4066998958588	-4.6911386923681
3.4114000797272	-4.6437551418332
3.4161000251770	-4.5931842812961
3.4207999706268	-4.5397312634933
3.4254999160767	-4.4838517594052
3.4302000999451	-4.4260757882335
3.4349000453949	-4.3669280439246
3.4395999908447	-4.3068422530894
3.4442999362946	-4.2461348096132
3.4489998817444	-4.1849991628200
3.4537000656128	-4.1235379759976
3.4584000110626	-4.0618483666549
3.4630999565125	-4.0000734039992
3.4677999019623	-3.9384725688902
3.4725000858307	-3.8774445950265
3.4772000312805	-3.8175029765262
3.4818999767303	-3.7592339709192
3.4865999221802	-3.7032209477857
3.4913001060486	-3.6499643360010
3.4960000514984	-3.5998236194298
3.5006999969482	-3.5529949304818
3.5053999423981	-3.5095098230126
3.5100998878479	-3.4692908451233
3.5148000717163	-3.4322042283870
3.5195000171661	-3.3981425138748
3.5241999626160	-3.3670668949543
3.5288999080658	-3.3390410109455
3.5336000919342	-3.3142241990886
3.5383000373840	-3.2928260162133
3.5429999828339	-3.2750566927351
3.5476999282837	-3.2610591205521
3.5524001121521	-3.2508628100964
3.5571000576019	-3.2443595438462
3.5618000030518	-3.2413169612174
3.5664999485016	-3.2414209435436
3.5711998939514	-3.2443305470170
3.5759000778198	-3.2497474290293
3.5806000232697	-3.2574699030799
3.5852999687195	-3.2674151098882
3.5899999141693	-3.2796202327964
3.5947000980377	-3.2942034766255
3.5994000434875	-3.3113056255162
3.6040999889374	-3.3310272245519
3.6087999343872	-3.3533773086240
3.6135001182556	-3.3782517757816
3.6182000637054	-3.4054340693564
3.6229000091553	-3.4346247987153
3.6275999546051	-3.4655119662248
3.6322999000549	-3.4978274424448
3.6370000839233	-3.5314009329178
3.6417000293732	-3.5661866602725
3.6463999748230	-3.6022699776450
3.6510999202728	-3.6398175292731
3.6558001041412	-3.6790279933326
3.6605000495911	-3.7200657789789
3.6651999950409	-3.7629944178445
3.6698999404907	-3.8077667589028
3.6745998859406	-3.8542035138445
3.6793000698090	-3.9020475418392
3.6840000152588	-3.9510097394170
3.6886999607086	-4.0008478064141
3.6933999061584	-4.0514143964105
3.6981000900269	-4.1026946324392
3.7028000354767	-4.1548040540519
3.7074999809265	-4.2079504879998
3.7121999263763	-4.2623647543464
3.7169001102448	-4.3182447791112
3.7216000556946	-4.3756773890890
3.7263000011444	-4.4346144116246
3.7309999465942	-4.4948681058879
3.7356998920441	-4.5561555163889
3.7404000759125	-4.6181535036412
3.7451000213623	-4.6805861813782
3.7497999668121	-4.7432789790386
3.7544999122620	-4.8062010886114
3.7592000961304	-4.8694583447665
3.7639000415802	-4.9332583024133
3.7685999870300	-4.9978342031078
3.7732999324799	-5.0633611431329
3.7780001163483	-5.1298971686074
3.7827000617981	-5.1973332732906
3.7874000072479	-5.2654060853245
3.7920999526978	-5.3337336697743
3.7967998981476	-5.4019013186779
3.8015000820160	-5.4695429906309
3.8062000274658	-5.5364166586850
3.8108999729156	-5.6024480560431
3.8155999183655	-5.6677181241236
3.8203001022339	-5.7324176337208
3.8250000476837	-5.7967600044628
3.8296999931335	-5.8608858547170
3.8343999385834	-5.9247891597118
3.8390998840332	-5.9882762520793
3.8438000679016	-6.0509745356783
3.8485000133514	-6.1124018222358
3.8531999588013	-6.1720539604655
3.8578999042511	-6.2295130991028
3.8626000881195	-6.2845315521418
3.8673000335693	-6.3370655309914
3.8719999790192	-6.3872679042185
3.8766999244690	-6.4354074186808
3.8814001083374	-6.4817750540947
3.8861000537872	-6.5265649147687
3.8907999992371	-6.5698009551878
3.8954999446869	-6.6113043356786
3.9001998901367	-6.6507222645650
3.9049000740051	-6.6876143243405
3.9096000194550	-6.7215630313800
3.9142999649048	-6.7522953971179
3.9189999103546	-6.7797565220159
3.9237000942230	-6.8041401999732
3.9284000396729	-6.8258416521823
3.9330999851227	-6.8453600912141
3.9377999305725	-6.8631779695439
3.9425001144409	-6.8796458800923
3.9472000598907	-6.8949045265016
3.9519000053406	-6.9088720367177
3.9565999507904	-6.9213007698025
3.9612998962402	-6.9318740362964
3.9660000801086	-6.9403351854895
3.9707000255585	-6.9466000438930
3.9753999710083	-6.9508211889020
3.9800999164581	-6.9533891994791
3.9848001003265	-6.9548649556846
3.9895000457764	-6.9558695875694
3.9941999912262	-6.9569476730526
3.9988999366760	-6.9584629961125
4.0036001205444	-6.9605372211551
4.0082998275757	-6.9630571661285
4.0130000114441	-6.9657432391366
4.0177001953125	-6.9682687674497
4.0223999023438	-6.9703819413250
4.0271000862122	-6.9720215576808
4.0317997932434	-6.9733580271373
4.0364999771118	-6.9747924027411
4.0412001609802	-6.9768651339594
4.0458998680115	-6.9801464816788
4.0506000518799	-6.9851020907791
4.0553002357483	-6.9919938416328
4.0599999427795	-7.0008291432291
4.0647001266479	-7.0113840217795
4.0693998336792	-7.0232772526053
4.0741000175476	-7.0360988920559
4.0788002014160	-7.0495377130662
4.0834999084473	-7.0634814584153
4.0882000923157	-7.0780697513813
4.0928997993469	-7.0936651167363
4.0975999832153	-7.1107705650259
4.1023001670837	-7.1299084913059
4.1069998741150	-7.1514855928743
4.1117000579834	-7.1756912718159
4.1163997650146	-7.2024551311557
4.1210999488831	-7.2314725733321
4.1258001327515	-7.2622888404035
4.1304998397827	-7.2944330378752
4.1352000236511	-7.3275489046828
4.1399002075195	-7.3615053445188
4.1445999145508	-7.3964396241974
4.1493000984192	-7.4327313293744
4.1539998054504	-7.4709111826453
4.1586999893188	-7.5115255541759
4.1634001731873	-7.5549930898661
4.1680998802185	-7.6015049754856
4.1728000640869	-7.6509690593169
4.1774997711182	-7.7030504728287
4.1821999549866	-7.7572539502683
4.1869001388550	-7.8130815246890
4.1915998458862	-7.8701716138225
4.1963000297546	-7.9284211092766
4.2010002136230	-7.9880358549776
4.2056999206543	-8.0494964725507
4.2104001045227	-8.1134611778057
4.2150998115540	-8.1806053334481
4.2197999954224	-8.2514636460158
4.2245001792908	-8.3263014836550
4.2291998863220	-8.4050639746707
4.2339000701904	-8.4873953716389
4.2385997772217	-8.5727441955042
4.2432999610901	-8.6605231115529
4.2480001449585	-8.7502732507816
4.2526998519897	-8.8417986065469
4.2574000358582	-8.9352246383246
4.2621002197266	-9.0309651872759
4.2667999267578	-9.1295968012035
4.2715001106262	-9.2316815966125
4.2761998176575	-9.3375743828861
4.2809000015259	-9.4472851221630
4.2856001853943	-9.5604115165865
4.2902998924255	-9.6761846864309
4.2950000762939	-9.7936227297456
4.2996997833252	-9.9117356610533
4.3043999671936	-10.029773999511
4.3091001510620	-10.147399282708
4.3137998580933	-10.264774960774
4.3185000419617	-10.382512061612
4.3232002258301	-10.501497396855
4.3278999328613	-10.622648265448
4.3326001167297	-10.746645373960
4.3372998237610	-10.873739207668
4.3420000076294	-11.003665827058
4.3467001914978	-11.135703715665
4.3513998985291	-11.268871996624
4.3561000823975	-11.402210066287
4.3607997894287	-11.535071219302
4.3654999732971	-11.667339233306
4.3702001571655	-11.799510706250
4.3748998641968	-11.932589383583
4.3796000480652	-12.067844321870
4.3843002319336	-12.206468000449
4.3889999389648	-12.349248159584
4.3937001228333	-12.496331217552
4.3983998298645	-12.647158089583
4.4031000137329	-12.800583615927
4.4078001976013	-12.955180513400
4.4124999046326	-13.109627593342
4.4172000885010	-13.263109452372
4.4218997955322	-13.415579920602
4.4265999794006	-13.567814416518
4.4313001632690	-13.721217946920
4.4359998703003	-13.877436080197
4.4407000541687	-14.037874184756
4.4454002380371	-14.203256062513
4.4500999450684	-14.373351888504
4.4548001289368	-14.546950226136
4.4594998359680	-14.722111109028
4.4642000198364	-14.896647379847
4.4689002037048	-15.068710047581
4.4735999107361	-15.237317737694
4.4783000946045	-15.402650320684
4.4829998016357	-15.565993741994
4.4876999855042	-15.729347203814
4.4924001693726	-15.894744417543
4.4970998764038	-16.063568884080
4.5018000602722	-16.235971921263
4.5064997673035	-16.410618099676
4.5111999511719	-16.584847809308
4.5159001350403	-16.755240380272
4.5205998420715	-16.918440194949
4.5253000259399	-17.072053741571
4.5300002098083	-17.215287053623
4.5346999168396	-17.349094419574
4.5394001007080	-17.475747657470
4.5440998077393	-17.597946205069
4.5487999916077	-17.717751617005
4.5535001754761	-17.835658539689
4.5581998825073	-17.950133629497
4.5629000663757	-18.057724275016
4.5675997734070	-18.153835554349
4.5722999572754	-18.233940068210
4.5770001411438	-18.294881367709
4.5816998481750	-18.335825390381
4.5864000320435	-18.358477551197
4.5911002159119	-18.366465164465
4.5957999229431	-18.364067205288
4.6005001068115	-18.354818889491
4.6051998138428	-18.340355479894
4.6098999977112	-18.319943581988
4.6146001815796	-18.290741046961
4.6192998886108	-18.248788535473
4.6240000724792	-18.190421389756
4.6286997795105	-18.113629313906
4.6333999633789	-18.018925137746
4.6381001472473	-17.909373691177
4.6427998542786	-17.789768340393
4.6475000381470	-17.665340965675
4.6522002220154	-17.540358066862
4.6568999290466	-17.417125515597
4.6616001129150	-17.295609125621
4.6662998199463	-17.173730148397
4.6710000038147	-17.048244301426
4.6757001876831	-16.915965126785
4.6803998947144	-16.774918746140
4.6851000785828	-16.625113417659
4.6897997856140	-16.468682431201
4.6944999694824	-16.309327744939
4.6992001533508	-16.151323967266
4.7038998603821	-15.998393034542
4.7086000442505	-15.852821988591
4.7133002281189	-15.714972730064
4.7179999351501	-15.583353530818
4.7227001190186	-15.455204310001
4.7273998260498	-15.327360890277
4.7321000099182	-15.197259993311
4.7368001937866	-15.063747978637
4.7414999008179	-14.927466078256
4.7462000846863	-14.790677707942
4.7508997917175	-14.656646479158
4.7555999755859	-14.528742120996
4.7603001594543	-14.409560110025
4.7649998664856	-14.300268916133
4.7697000503540	-14.200391627247
4.7744002342224	-14.107979572179
4.7790999412537	-14.020201801356
4.7838001251221	-13.934158517991
4.7884998321533	-13.847715459258
4.7932000160217	-13.760131135065
4.7979001998901	-13.672293113732
4.8025999069214	-13.586460338194
4.8073000907898	-13.505642472633
4.8119997978210	-13.432756518903
4.8166999816895	-13.369825568688
4.8214001655579	-13.317420251402
4.8260998725891	-13.274439974022
4.8308000564575	-13.238301359241
4.8354997634888	-13.205478668515
4.8401999473572	-13.172282475550
4.8449001312256	-13.135644991317
4.8495998382568	-13.093746501061
4.8543000221252	-13.046271314010
4.8590002059937	-12.994197246520
4.8636999130249	-12.939266281140
4.8684000968933	-12.883231995407
4.8730998039246	-12.827200671453
4.8777999877930	-12.771246501121
4.8825001716614	-12.714389755895
4.8871998786926	-12.654989335393
4.8919000625610	-12.591381970133
4.8965997695923	-12.522609301026
4.9012999534607	-12.448965534280
4.9060001373291	-12.372181153569
4.9106998443604	-12.295175211866
4.9154000282288	-12.221418010440
4.9201002120972	-12.154113930341
4.9247999191284	-12.095435253411
4.9295001029968	-12.045988695294
4.9341998100281	-12.004656186331
4.9388999938965	-11.968851215598
4.9436001777649	-11.935167121730
4.9482998847961	-11.900224276969
4.9530000686646	-11.861573125953
4.9576997756958	-11.818326673191
4.9623999595642	-11.771377094884
4.9671001434326	-11.723082281305
4.9717998504639	-11.676534989757
4.9765000343323	-11.634617730191
4.9812002182007	-11.599127518522
4.9858999252319	-11.570187137153
4.9906001091003	-11.546082064996
4.9952998161316	-11.523587651487
5.0000000000000	-11.498683368539
#Parameters = {R_fat=48; R_glandular=38; R_skin_outer=50; T10=5; T15=7.5; T5=2.5; T_rad=4; T_x=10; T_y=0; T_z=75; Zc=65; skin_thickness=2; Mesh Pass=5}
#"Frequency / GHz"	"S1,1 (Mesh Pass=5) [Magnitude / dB]"
#-------------------------------------------------------
0.30000001192093	-23.065741591658
0.30469998717308	-24.071908878000
0.30939999222755	-24.354763520482
0.31409999728203	-23.819043940613
0.31880000233650	-22.922418184353
0.32350000739098	-22.143307878532
0.32820001244545	-21.742406631925
0.33289998769760	-21.856605135708
0.33759999275208	-22.607775053182
0.34229999780655	-24.170555861790
0.34700000286102	-26.710327596523
0.35170000791550	-28.943985276082
0.35640001296997	-26.332394181393
0.36109998822212	-21.910123974045
0.36579999327660	-18.326070928161
0.37049999833107	-15.543850781752
0.37520000338554	-13.351106749858
0.37990000844002	-11.616275781493
0.38460001349449	-10.265437227724
0.38929998874664	-9.2550421287226
0.39399999380112	-8.5545097677006
0.39869999885559	-8.1364841703498
0.40340000391006	-7.9731965504172
0.40810000896454	-8.0371379730393
0.41280001401901	-8.3037898208416
0.41749998927116	-8.7542009029148
0.42219999432564	-9.3760200179567
0.42689999938011	-10.162101889092
0.43160000443459	-11.105368825550
0.43630000948906	-12.187086608907
0.44100001454353	-13.353790577061
0.44569998979568	-14.482068675674
0.45039999485016	-15.360196646146
0.45509999990463	-15.769796673368
0.45980000495911	-15.671276492292
0.46450001001358	-15.250943824349
0.46919998526573	-14.750434967755
0.47389999032021	-14.333091585471
0.47859999537468	-14.075843944859
0.48330000042915	-14.002934612879
0.48800000548363	-14.111115628781
0.49270001053810	-14.379720617234
0.49739998579025	-14.769733230308
0.50209999084473	-15.216850722880
0.50679999589920	-15.627112331106
0.51150000095367	-15.890895803338
0.51620000600815	-15.926440638489
0.52090001106262	-15.728163569097
0.52560001611710	-15.368784413797
0.53030002117157	-14.952204175113
0.53500002622604	-14.567097152479
0.53969997167587	-14.269646757725
0.54439997673035	-14.086208041561
0.54909998178482	-14.020440191953
0.55379998683929	-14.057778426744
0.55849999189377	-14.166606844398
0.56319999694824	-14.298914480477
0.56790000200272	-14.395378112421
0.57260000705719	-14.399413621898
0.57730001211166	-14.277808686413
0.58200001716614	-14.035160367872
0.58670002222061	-13.709869785370
0.59140002727509	-13.355272522876
0.59609997272491	-13.020558549846
0.60079997777939	-12.740476045844
0.60549998283386	-12.532959216874
0.61019998788834	-12.400185684185
0.61489999294281	-12.330268195155
0.61959999799728	-12.299026271637
0.62430000305176	-12.273257739715
0.62900000810623	-12.217125957004
0.63370001316071	-12.101716406733
0.63840001821518	-11.914431255600
0.64310002326965	-11.662830180096
0.64780002832413	-11.370485778668
0.65249997377396	-11.067751353155
0.65719997882843	-10.782729550292
0.66189998388290	-10.535596432518
0.66659998893738	-10.336222454494
0.67129999399185	-10.183902285764
0.67599999904633	-10.068244547561
0.68070000410080	-9.9711829361918
0.68540000915527	-9.8705307495564
0.69010001420975	-9.7451543991606
0.69480001926422	-9.5806975162470
0.69950002431870	-9.3736458293966
0.70420002937317	-9.1317842664426
0.70889997482300	-8.8709423503429
0.71359997987747	-8.6098364115462
0.71829998493195	-8.3652227150275
0.72299998998642	-8.1485678741671
0.72769999504089	-7.9644177233080
0.73240000009537	-7.8100938713001
0.73710000514984	-7.6765568721369
0.74180001020432	-7.5503876730998
0.74650001525879	-7.4168483178050
0.75120002031326	-7.2635673119147
0.75590002536774	-7.0838040859763
0.76059997081757	-6.8780892344688
0.76529997587204	-6.6536413907526
0.76999998092651	-6.4219194269088
0.77469998598099	-6.1953783059524
0.77939999103546	-5.9845152119273
0.78409999608994	-5.7957870686242
0.78880000114441	-5.6305568347924
0.79350000619888	-5.4850752743402
0.79820001125336	-5.3514283680197
0.80290001630783	-5.2194072674716
0.80760002136230	-5.0790080687770
0.81230002641678	-4.9230007935842
0.81699997186661	-4.7488006987805
0.82169997692108	-4.5590013187489
0.82639998197556	-4.3604432599988
0.83109998703003	-4.1622512411473
0.83579999208450	-3.9734997177386
0.84049999713898	-3.8011583968043
0.84520000219345	-3.6486601806336
0.84990000724792	-3.5153072340202
0.85460001230240	-3.3965369028742
0.85930001735687	-3.2850573732088
0.86400002241135	-3.1726664200614
0.86870002746582	-3.0523725591912
0.87339997291565	-2.9202958099563
0.87809997797012	-2.7767071930720
0.88279998302460	-2.6259417855028
0.88749998807907	-2.4752159627200
0.89219999313354	-2.3327881671479
0.89689999818802	-2.2059732784183
0.90160000324249	-2.0995085201286
0.90630000829697	-2.0145467903825
0.91100001335144	-1.9484947238276
0.91570001840591	-1.8956951752202
0.92040002346039	-1.8489234969226
0.92510002851486	-1.8013647195034
0.92979997396469	-1.7486154126626
0.93449997901917	-1.6901319078893
0.93919998407364	-1.6296488385882
0.94389998912811	-1.5744602248065
0.94859999418259	-1.5337790532872
0.95329999923706	-1.5166601731501
0.95800000429153	-1.5300878532551
0.96270000934601	-1.5775991217285
0.96740001440048	-1.6587924882320
0.97210001945496	-1.7698464241696
0.97680002450943	-1.9050309740141
0.98150002956390	-2.0590162110558
0.98619997501373	-2.2295376669685
0.99089998006821	-2.4197991935900
0.99559998512268	-2.6399216239495
1.0003000497818	-2.9070923833933
1.0049999952316	-3.2445252356003
1.0096999406815	-3.6798904414103
1.0144000053406	-4.2441831512763
1.0190999507904	-4.9719896491521
1.0238000154495	-5.9041027636905
1.0284999608994	-7.0935850706909
1.0332000255585	-8.6172058307152
1.0378999710083	-10.595286280501
1.0426000356674	-13.216904488866
1.0472999811172	-16.651926455804
1.0520000457764	-19.614273205426
1.0566999912262	-17.768598548927
1.0614000558853	-14.066278732778
1.0661000013351	-11.098150949602
1.0707999467850	-8.8522806337608
1.0755000114441	-7.1207881896047
1.0801999568939	-5.7648567831713
1.0849000215530	-4.6973610237554
1.0895999670029	-3.8598581013919
1.0943000316620	-3.2088999720932
1.0989999771118	-2.7086390027567
1.1037000417709	-2.3273124764743
1.1083999872208	-2.0362058800537
1.1131000518799	-1.8101048974035
1.1177999973297	-1.6284055789194
1.1224999427795	-1.4761234513859
1.1272000074387	-1.3442314872656
1.1318999528885	-1.2290643255792
1.1366000175476	-1.1308563778942
1.1412999629974	-1.0518298477727
1.1460000276566	-0.99428957276921
1.1506999731064	-0.95918245219900
1.1554000377655	-0.94530927238390
1.1600999832153	-0.94929184133415
1.1648000478745	-0.96614576478580
1.1694999933243	-0.99027718844769
1.1742000579834	-1.0166081080184
1.1789000034332	-1.0415788379463
1.1835999488831	-1.0637373167719
1.1883000135422	-1.0837635886384
1.1929999589920	-1.1039916931013
1.1977000236511	-1.1275229489753
1.2023999691010	-1.1572517386699
1.2071000337601	-1.1950461734458
1.2117999792099	-1.2412476900163
1.2165000438690	-1.2946303549204
1.2211999893188	-1.3527253151050
1.2259000539780	-1.4124458346002
1.2305999994278	-1.4708648003627
1.2352999448776	-1.5259032361565
1.2400000095367	-1.5768005820708
1.2446999549866	-1.6242273118968
1.2494000196457	-1.6700102070411
1.2540999650955	-1.7165895253023
1.2588000297546	-1.7663376170378
1.2634999752045	-1.8209424372407
1.2682000398636	-1.8810086947704
1.2728999853134	-1.9459408364223
1.2776000499725	-2.0141394858634
1.2822999954224	-2.0834139410549
1.2869999408722	-2.1515567499682
1.2917000055313	-2.2168838253435
1.2963999509811	-2.2786501669110
1.3011000156403	-2.3372064374050
1.3057999610901	-2.3938745359130
1.3105000257492	-2.4505753902377
1.3151999711990	-2.5093224722609
1.3199000358582	-2.5717100666656
1.3245999813080	-2.6385503343252
1.3293000459671	-2.7096942595246
1.3339999914169	-2.7841154182999
1.3387000560760	-2.8601877904175
1.3434000015259	-2.9361092433725
1.3480999469757	-3.0103536446150
1.3528000116348	-3.0820570513318
1.3574999570847	-3.1512337119847
1.3622000217438	-3.2187525099191
1.3668999671936	-3.2861136342928
1.3716000318527	-3.3550668787972
1.3762999773026	-3.4271806601939
1.3810000419617	-3.5034861643482
1.3856999874115	-3.5842558765583
1.3904000520706	-3.6689745148506
1.3950999975204	-3.7564957896309
1.3997999429703	-3.8453521549888
1.4045000076294	-3.9341240399135
1.4091999530792	-4.0218104685531
1.4139000177383	-4.1080855974453
1.4185999631882	-4.1933930519063
1.4233000278473	-4.2788407335503
1.4279999732971	-4.3659477963708
1.4327000379562	-4.4562864589801
1.4373999834061	-4.5511343179440
1.4421000480652	-4.6512043852357
1.4467999935150	-4.7565199176325
1.4515000581741	-4.8664447160201
1.4562000036240	-4.9798708444374
1.4608999490738	-5.0955094651810
1.4656000137329	-5.2122366989609
1.4702999591827	-5.3293866592358
1.4750000238419	-5.4469507212048
1.4796999692917	-5.5656200817588
1.4844000339508	-5.6866456181725
1.4890999794006	-5.8115928827906
1.4938000440598	-5.9420062742357
1.4984999895096	-6.0790974266626
1.5032000541687	-6.2235184814319
1.5078999996185	-6.3752548115719
1.5125999450684	-6.5336730879418
1.5173000097275	-6.6977078452973
1.5219999551773	-6.8661458270231
1.5267000198364	-7.0379568326492
1.5313999652863	-7.2125941688377
1.5361000299454	-7.3901892421523
1.5407999753952	-7.5715930510191
1.5455000400543	-7.7582522715902
1.5501999855042	-7.9519474760844
1.5549000501633	-8.1544553590136
1.5595999956131	-8.3672113230335
1.5642999410629	-8.5910454813484
1.5690000057220	-8.8260400648395
1.5736999511719	-9.0715525855638
1.5784000158310	-9.3263918713257
1.5830999612808	-9.5891332070404
1.5878000259399	-9.8585037702609
1.5924999713898	-10.133773244919
1.5972000360489	-10.415027234310
1.6018999814987	-10.703279103754
1.6066000461578	-11.000367350102
1.6112999916077	-11.308658776713
1.6160000562668	-11.630624558996
1.6207000017166	-11.968376797698
1.6253999471664	-12.323269031116
1.6301000118256	-12.695629665315
1.6347999572754	-13.084703472379
1.6395000219345	-13.488816790674
1.6441999673843	-13.905749966306
1.6489000320435	-14.333301006892
1.6535999774933	-14.769872665549
1.6583000421524	-15.214966957023
1.6629999876022	-15.669476936143
1.6677000522614	-16.135590721627
1.6723999977112	-16.616417977495
1.6770999431610	-17.115296550911
1.6818000078201	-17.635024191197
1.6864999532700	-18.177001575233
1.6912000179291	-18.740621340045
1.6958999633789	-19.322742553389
1.7006000280380	-19.917577140689
1.7052999734879	-20.516793618227
1.7100000381470	-21.109943044545
1.7146999835968	-21.685148193610
1.7194000482559	-22.229872444421
1.7240999937057	-22.731641291776
1.7288000583649	-23.178700691115
1.7335000038147	-23.560688833080
1.7381999492645	-23.869287915159
1.7429000139236	-24.099131051522
1.7475999593735	-24.248565136378
1.7523000240326	-24.319959565783
1.7569999694824	-24.319354277007
1.7617000341415	-24.255156552786
1.7663999795914	-24.136613895271
1.7711000442505	-23.972467415539
1.7757999897003	-23.770297676892
1.7805000543594	-23.536662983057
1.7851999998093	-23.277781762061
1.7898999452591	-23.000335791826
1.7946000099182	-22.711887944233
1.7992999553680	-22.420891596723
1.8040000200272	-22.136018270068
1.8086999654770	-21.865275608761
1.8134000301361	-21.615086668405
1.8180999755859	-21.389525917107
1.8228000402451	-21.189978212455
1.8274999856949	-21.015128075134
1.8322000503540	-20.861475642246
1.8368999958038	-20.724082483721
1.8415999412537	-20.597696036626
1.8463000059128	-20.477843431622
1.8509999513626	-20.361837174844
1.8557000160217	-20.249293384218
1.8603999614716	-20.142114111818
1.8651000261307	-20.043916351613
1.8697999715805	-19.959101478340
1.8745000362396	-19.891777035711
1.8791999816895	-19.844822284425
1.8839000463486	-19.819324286326
1.8885999917984	-19.814326208931
1.8933000564575	-19.827053330229
1.8980000019073	-19.853474776357
1.9026999473572	-19.889174416537
1.9074000120163	-19.930321951375
1.9120999574661	-19.974540752568
1.9168000221252	-20.021455858613
1.9214999675751	-20.072780464036
1.9262000322342	-20.131887448015
1.9308999776840	-20.203007766770
1.9356000423431	-20.290301776507
1.9402999877930	-20.396946898423
1.9450000524521	-20.524534968079
1.9496999979019	-20.672754169129
1.9543999433517	-20.839464250417
1.9591000080109	-21.021131832087
1.9637999534607	-21.213528442453
1.9685000181198	-21.412630556955
1.9731999635696	-21.615444477717
1.9779000282288	-21.820642224078
1.9825999736786	-22.028731193565
1.9873000383377	-22.241781525134
1.9919999837875	-22.462704481876
1.9967000484467	-22.694283617586
2.0013999938965	-22.938207680770
2.0060999393463	-23.194169367536
2.0107998847961	-23.459314916423
2.0155000686646	-23.727944596777
2.0202000141144	-23.991627940183
2.0248999595642	-24.239657709664
2.0295999050140	-24.459884021085
2.0343000888824	-24.639830093546
2.0390000343323	-24.767992980849
2.0436999797821	-24.835110215994
2.0483999252319	-24.835201268523
2.0531001091003	-24.766194276145
2.0578000545502	-24.630020981206
2.0625000000000	-24.432062953524
2.0671999454498	-24.180239970903
2.0718998908997	-23.883734763402
2.0766000747681	-23.551774558998
2.0813000202179	-23.192584940863
2.0859999656677	-22.812835607617
2.0906999111176	-22.417486020463
2.0954000949860	-22.010047315845
2.1001000404358	-21.593174398422
2.1047999858856	-21.169290713680
2.1094999313354	-20.741157406546
2.1142001152039	-20.312162460921
2.1189000606537	-19.886309051660
2.1236000061035	-19.467909856405
2.1282999515533	-19.061134736101
2.1329998970032	-18.669489445059
2.1377000808716	-18.295404679764
2.1424000263214	-17.939968840677
2.1470999717712	-17.602913682520
2.1517999172211	-17.282806035861
2.1565001010895	-16.977404497708
2.1612000465393	-16.684170745798
2.1658999919891	-16.400806034599
2.1705999374390	-16.125705981672
2.1752998828888	-15.858238395968
2.1800000667572	-15.598789213174
2.1847000122070	-15.348579654377
2.1893999576569	-15.109297528545
2.1940999031067	-14.882627582174
2.1988000869751	-14.669844249840
2.2035000324249	-14.471468148654
2.2081999778748	-14.287141463338
2.2128999233246	-14.115660931072
2.2176001071930	-13.955216188281
2.2223000526428	-13.803745371861
2.2269999980927	-13.659358030735
2.2316999435425	-13.520694667464
2.2363998889923	-13.387178128337
2.2411000728607	-13.259068032157
2.2458000183105	-13.137321990408
2.2504999637604	-13.023297353128
2.2551999092102	-12.918372107092
2.2599000930786	-12.823580950513
2.2646000385284	-12.739331891511
2.2692999839783	-12.665293791024
2.2739999294281	-12.600430985837
2.2787001132965	-12.543225532957
2.2834000587463	-12.491995358698
2.2881000041962	-12.445254307200
2.2927999496460	-12.402037111604
2.2974998950958	-12.362079440954
2.3022000789642	-12.325852471783
2.3069000244141	-12.294398471465
2.3115999698639	-12.269059178742
2.3162999153137	-12.251108123482
2.3210000991821	-12.241436516217
2.3257000446320	-12.240329029921
2.3303999900818	-12.247377012729
2.3350999355316	-12.261581631125
2.3397998809814	-12.281554026254
2.3445000648499	-12.305861266357
2.3492000102997	-12.333351416586
2.3538999557495	-12.363434574426
2.3585999011993	-12.396204525026
2.3633000850677	-12.432447905334
2.3680000305176	-12.473404881738
2.3726999759674	-12.520502552300
2.3773999214172	-12.575008083381
2.3821001052856	-12.637722037785
2.3868000507355	-12.708806772090
2.3914999961853	-12.787761170738
2.3961999416351	-12.873554149105
2.4008998870850	-12.964877076309
2.4056000709534	-13.060497527214
2.4103000164032	-13.159571480945
2.4149999618530	-13.261903016739
2.4196999073029	-13.368022065484
2.4244000911713	-13.479119641751
2.4291000366211	-13.596779117217
2.4337999820709	-13.722673784387
2.4384999275208	-13.858189835747
2.4432001113892	-14.004164527952
2.4479000568390	-14.160731698205
2.4526000022888	-14.327355109964
2.4572999477386	-14.502997890867
2.4619998931885	-14.686455836955
2.4667000770569	-14.876745078534
2.4714000225067	-15.073439548649
2.4760999679565	-15.276925206362
2.4807999134064	-15.488466447324
2.4855000972748	-15.710048551949
2.4902000427246	-15.944101286721
2.4948999881744	-16.193077493078
2.4995999336243	-16.459083835463
2.5043001174927	-16.743559870058
2.5090000629425	-17.047164989097
2.5137000083923	-17.369834318408
2.5183999538422	-17.711065522485
2.5230998992920	-18.070347790053
2.5278000831604	-18.447685642517
2.5325000286102	-18.844138679800
2.5371999740601	-19.262151838799
2.5418999195099	-19.705753508342
2.5466001033783	-20.180455413324
2.5513000488281	-20.692968403077
2.5559999942780	-21.250828722871
2.5606999397278	-21.862081810112
2.5653998851776	-22.535139330623
2.5701000690460	-23.278955193022
2.5748000144958	-24.103733642369
2.5794999599457	-25.022257746854
2.5841999053955	-26.052109629453
2.5889000892639	-27.219349035782
2.5936000347137	-28.564362536499
2.5982999801636	-30.152102071008
2.6029999256134	-32.091237514403
2.6077001094818	-34.573832393338
2.6124000549316	-37.951531621014
2.6171000003815	-42.584267797941
2.6217999458313	-44.299495722812
2.6264998912811	-39.597919218252
2.6312000751495	-35.605510413534
2.6359000205994	-32.725235316900
2.6405999660492	-30.529319879404
2.6452999114990	-28.771179645662
2.6500000953674	-27.311542692406
2.6547000408173	-26.065234123981
2.6593999862671	-24.976402098583
2.6640999317169	-24.006814436283
2.6688001155853	-23.129794700480
2.6735000610352	-22.326932143279
2.6782000064850	-21.585785549664
2.6828999519348	-20.898218806545
2.6875998973846	-20.258938327447
2.6923000812531	-19.664261039852
2.6970000267029	-19.111134665180
2.7016999721527	-18.596465122722
2.7063999176025	-18.116737713001
2.7111001014709	-17.667954090613
2.7158000469208	-17.245802602598
2.7204999923706	-16.845988417538
2.7251999378204	-16.464663911640
2.7298998832703	-16.098782051145
2.7346000671387	-15.746333069952
2.7393000125885	-15.406372759193
2.7439999580383	-15.078850389509
2.7486999034882	-14.764266641794
2.7534000873566	-14.463259612830
2.7581000328064	-14.176235142541
2.7627999782562	-13.903058856800
2.7674999237061	-13.642945173984
2.7722001075745	-13.394508837896
2.7769000530243	-13.155971411289
2.7815999984741	-12.925442600237
2.7862999439240	-12.701272683659
2.7909998893738	-12.482319441735
2.7957000732422	-12.268076453797
2.8004000186920	-12.058696353381
2.8050999641418	-11.854808888282
2.8097999095917	-11.657264451636
2.8145000934601	-11.466825612628
2.8192000389099	-11.283928353699
2.8238999843597	-11.108494382200
2.8285999298096	-10.939915377023
2.8333001136780	-10.777156828017
2.8380000591278	-10.618971036951
2.8427000045776	-10.464155501883
2.8473999500275	-10.311802259476
2.8520998954773	-10.161473110939
2.8568000793457	-10.013253458919
2.8615000247955	-9.8676679374366
2.8661999702454	-9.7255011947004
2.8708999156952	-9.5875573657334
2.8756000995636	-9.4544206524554
2.8803000450134	-9.3262843504734
2.8849999904633	-9.2028918550982
2.8896999359131	-9.0835700035592
2.8943998813629	-8.9673963751853
2.8991000652313	-8.8534041197159
2.9038000106812	-8.7408110778818
2.9084999561310	-8.6291876407952
2.9131999015808	-8.5185463167578
2.9179000854492	-8.4093040038097
2.9226000308990	-8.3021514053089
2.9272999763489	-8.1978543536555
2.9319999217987	-8.0970457748960
2.9367001056671	-8.0000438366494
2.9414000511169	-7.9067742646461
2.9460999965668	-7.8167850196411
2.9507999420166	-7.7293460238298
2.9554998874664	-7.6436387288401
2.9602000713348	-7.5589530294554
2.9649000167847	-7.4748584362820
2.9695999622345	-7.3912921225082
2.9742999076843	-7.3085776303549
2.9790000915527	-7.2273108417534
2.9837000370026	-7.1481999108864
2.9883999824524	-7.0718748867289
2.9930999279022	-6.9987196128382
2.9978001117706	-6.9287679495573
3.0025000572205	-6.8617019282009
3.0072000026703	-6.7969242688857
3.0118999481201	-6.7337090821136
3.0165998935699	-6.6713896499466
3.0213000774384	-6.6095156568967
3.0260000228882	-6.5479677962887
3.0306999683380	-6.4869763872458
3.0353999137878	-6.4270450968248
3.0401000976562	-6.3688238785217
3.0448000431061	-6.3129210399758
3.0494999885559	-6.2597536358380
3.0541999340057	-6.2094242070918
3.0589001178741	-6.1617057545055
3.0636000633240	-6.1160940780353
3.0683000087738	-6.0719303627759
3.0729999542236	-6.0285761390067
3.0776998996735	-5.9855652117503
3.0824000835419	-5.9427214437613
3.0871000289917	-5.9002016574447
3.0917999744415	-5.8584347380342
3.0964999198914	-5.8180092097949
3.1012001037598	-5.7795194893721
3.1059000492096	-5.7433932128980
3.1105999946594	-5.7097895117694
3.1152999401093	-5.6785500211496
3.1199998855591	-5.6492348911600
3.1247000694275	-5.6212408599491
3.1294000148773	-5.5939459680473
3.1340999603271	-5.5668722873968
3.1387999057770	-5.5397954878553
3.1435000896454	-5.5128114946829
3.1482000350952	-5.4862860714884
3.1528999805450	-5.4607731820910
3.1575999259949	-5.4368445909573
3.1623001098633	-5.4149443665239
3.1670000553131	-5.3952775285800
3.1717000007629	-5.3777375286021
3.1763999462128	-5.3619455197419
3.1810998916626	-5.3473320309977
3.1858000755310	-5.3332864486928
3.1905000209808	-5.3193137433145
3.1951999664307	-5.3051537534981
3.1998999118805	-5.2908402460925
3.2046000957489	-5.2766910578975
3.2093000411987	-5.2632158093003
3.2139999866486	-5.2509747372130
3.2186999320984	-5.2404267613872
3.2234001159668	-5.2318035974223
3.2281000614166	-5.2250403201906
3.2328000068665	-5.2197926631239
3.2374999523163	-5.2155141242776
3.2421998977661	-5.2115928869899
3.2469000816345	-5.2075030347929
3.2516000270844	-5.2029347374015
3.2562999725342	-5.1978678890637
3.2609999179840	-5.1925612172634
3.2657001018524	-5.1874878227636
3.2704000473022	-5.1831762849133
3.2750999927521	-5.1800836649980
3.2797999382019	-5.1784463774613
3.2844998836517	-5.1782123602919
3.2892000675201	-5.1790382499740
3.2939000129700	-5.1803658605650
3.2985999584198	-5.1815400956514
3.3032999038696	-5.1819856602475
3.3080000877380	-5.1813178081261
3.3127000331879	-5.1794387925676
3.3173999786377	-5.1765353759199
3.3220999240875	-5.1730088279938
3.3268001079559	-5.1693422834470
3.3315000534058	-5.1659508142056
3.3361999988556	-5.1630362932400
3.3408999443054	-5.1605133712717
3.3455998897552	-5.1579899709958
3.3503000736237	-5.1548529266932
3.3550000190735	-5.1503825025492
3.3596999645233	-5.1439162768963
3.3643999099731	-5.1349929018808
3.3691000938416	-5.1234335166223
3.3738000392914	-5.1093591576204
3.3784999847412	-5.0931202767149
3.3831999301910	-5.0751622867265
3.3879001140594	-5.0558744906754
3.3926000595093	-5.0354500132737
3.3973000049591	-5.0138053512522
3.4019999504089	-4.9905704448646
3.4066998958588	-4.9651578783214
3.4114000797272	-4.9369075570777
3.4161000251770	-4.9052463663227
3.4207999706268	-4.8698208141699
3.4254999160767	-4.8305927149781
3.4302000999451	-4.7878540009784
3.4349000453949	-4.7421371356313
3.4395999908447	-4.6941033817351
3.4442999362946	-4.6443778333267
3.4489998817444	-4.5934142316548
3.4537000656128	-4.5414226440502
3.4584000110626	-4.4883587699921
3.4630999565125	-4.4339947003792
3.4677999019623	-4.3780555751708
3.4725000858307	-4.3203473486528
3.4772000312805	-4.2608949120399
3.4818999767303	-4.2000078652927
3.4865999221802	-4.1382713161740
3.4913001060486	-4.0764779053817
3.4960000514984	-4.0154969967872
3.5006999969482	-3.9561262993991
3.5053999423981	-3.8989737842027
3.5100998878479	-3.8443735570622
3.5148000717163	-3.7923926094710
3.5195000171661	-3.7428755931515
3.5241999626160	-3.6955642062953
3.5288999080658	-3.6502240572233
3.5336000919342	-3.6067528174969
3.5383000373840	-3.5652538479157
3.5429999828339	-3.5260457249482
3.5476999282837	-3.4896143765404
3.5524001121521	-3.4564996042557
3.5571000576019	-3.4271869745819
3.5618000030518	-3.4019946802551
3.5664999485016	-3.3809987225897
3.5711998939514	-3.3640196059117
3.5759000778198	-3.3506783784261
3.5806000232697	-3.3404754323261
3.5852999687195	-3.3329160637608
3.5899999141693	-3.3276202497763
3.5947000980377	-3.3244052538358
3.5994000434875	-3.3233154467081
3.6040999889374	-3.3245833889252
3.6087999343872	-3.3285635513063
3.6135001182556	-3.3355994121457
3.6182000637054	-3.3459357126635
3.6229000091553	-3.3596192029084
3.6275999546051	-3.3764773861091
3.6322999000549	-3.3961280163450
3.6370000839233	-3.4180696524991
3.6417000293732	-3.4417743780786
3.6463999748230	-3.4668144164227
3.6510999202728	-3.4929460883163
3.6558001041412	-3.5201582890052
3.6605000495911	-3.5486596457031
3.6651999950409	-3.5788066310431
3.6698999404907	-3.6110037305210
3.6745998859406	-3.6455765384853
3.6793000698090	-3.6826865832554
3.6840000152588	-3.7222631309133
3.6886999607086	-3.7640231766183
3.6933999061584	-3.8075141489643
3.6981000900269	-3.8522312402899
3.7028000354767	-3.8977333237236
3.7074999809265	-3.9437464705906
3.7121999263763	-3.9902290448074
3.7169001102448	-4.0373820595823
3.7216000556946	-4.0855880477736
3.7263000011444	-4.1353096376783
3.7309999465942	-4.1869617439021
3.7356998920441	-4.2407967234216
3.7404000759125	-4.2968328593438
3.7451000213623	-4.3548370464019
3.7497999668121	-4.4143718410668
3.7544999122620	-4.4748988454020
3.7592000961304	-4.5359107287705
3.7639000415802	-4.5970488751576
3.7685999870300	-4.6582038409189
3.7732999324799	-4.7195223243270
3.7780001163483	-4.7813820943690
3.7827000617981	-4.8442699930373
3.7874000072479	-4.9086560268038
3.7920999526978	-4.9748486325008
3.7967998981476	-5.0428993151049
3.8015000820160	-5.1125646026475
3.8062000274658	-5.1833518409810
3.8108999729156	-5.2546129191522
3.8155999183655	-5.3256957095032
3.8203001022339	-5.3960944970908
3.8250000476837	-5.4655634327016
3.8296999931335	-5.5341621632509
3.8343999385834	-5.6022235664500
3.8390998840332	-5.6702397140705
3.8438000679016	-5.7387045494578
3.8485000133514	-5.8079496613443
3.8531999588013	-5.8780151521111
3.8578999042511	-5.9486010524172
3.8626000881195	-6.0190919996048
3.8673000335693	-6.0886831759347
3.8719999790192	-6.1565433621066
3.8766999244690	-6.2220060654172
3.8814001083374	-6.2847093890544
3.8861000537872	-6.3446702754307
3.8907999992371	-6.4022387260654
3.8954999446869	-6.4579848423440
3.9001998901367	-6.5124985559338
3.9049000740051	-6.5662032251406
3.9096000194550	-6.6191921393564
3.9142999649048	-6.6711755705367
3.9189999103546	-6.7215111229632
3.9237000942230	-6.7693535087420
3.9284000396729	-6.8138542852427
3.9330999851227	-6.8543777443996
3.9377999305725	-6.8906716152507
3.9425001144409	-6.9229306789637
3.9472000598907	-6.9517527439773
3.9519000053406	-6.9779771884723
3.9565999507904	-7.0024622459388
3.9612998962402	-7.0258629383650
3.9660000801086	-7.0484632080495
3.9707000255585	-7.0701159990466
3.9753999710083	-7.0903025079240
3.9800999164581	-7.1082879291147
3.9848001003265	-7.1233626380836
3.9895000457764	-7.1350622728301
3.9941999912262	-7.1433403877249
3.9988999366760	-7.1486209800086
4.0036001205444	-7.1517288256977
4.0082998275757	-7.1537142035489
4.0130000114441	-7.1556002178029
4.0177001953125	-7.1581630354335
4.0223999023438	-7.1617598132929
4.0271000862122	-7.1662798076809
4.0317997932434	-7.1712105851171
4.0364999771118	-7.1758208428171
4.0412001609802	-7.1793882739331
4.0458998680115	-7.1814439256720
4.0506000518799	-7.1819299010980
4.0553002357483	-7.1812607305859
4.0599999427795	-7.1802474230746
4.0647001266479	-7.1799111631241
4.0693998336792	-7.1812475155037
4.0741000175476	-7.1849900724057
4.0788002014160	-7.1914391595741
4.0834999084473	-7.2004178357232
4.0882000923157	-7.2113302495033
4.0928997993469	-7.2233359348679
4.0975999832153	-7.2355926892450
4.1023001670837	-7.2474997584458
4.1069998741150	-7.2588685014047
4.1117000579834	-7.2699998965577
4.1163997650146	-7.2816116859478
4.1210999488831	-7.2946740477138
4.1258001327515	-7.3101534828755
4.1304998397827	-7.3287728537667
4.1352000236511	-7.3508277918874
4.1399002075195	-7.3761139861987
4.1445999145508	-7.4039758336099
4.1493000984192	-7.4334730208152
4.1539998054504	-7.4636304364338
4.1586999893188	-7.4936932949775
4.1634001731873	-7.5233339725583
4.1680998802185	-7.5527381531984
4.1728000640869	-7.5825715638265
4.1774997711182	-7.6138056356662
4.1821999549866	-7.6474550382498
4.1869001388550	-7.6843177262309
4.1915998458862	-7.7247537982833
4.1963000297546	-7.7685788029829
4.2010002136230	-7.8151017424076
4.2056999206543	-7.8632760582702
4.2104001045227	-7.9119680499846
4.2150998115540	-7.9602439090633
4.2197999954224	-8.0076058340582
4.2245001792908	-8.0541385534557
4.2291998863220	-8.1004797739762
4.2339000701904	-8.1476547061463
4.2385997772217	-8.1968025313191
4.2432999610901	-8.2488675350444
4.2480001449585	-8.3043390890017
4.2526998519897	-8.3631073081421
4.2574000358582	-8.4244707684162
4.2621002197266	-8.4873013781119
4.2667999267578	-8.5503259744562
4.2715001106262	-8.6124587014199
4.2761998176575	-8.6731071743438
4.2809000015259	-8.7323498910266
4.2856001853943	-8.7909490990434
4.2902998924255	-8.8501792377586
4.2950000762939	-8.9115262823045
4.2996997833252	-8.9763336515157
4.3043999671936	-9.0454838065620
4.3091001510620	-9.1192076286451
4.3137998580933	-9.1970602089032
4.3185000419617	-9.2780723273670
4.3232002258301	-9.3610544957391
4.3278999328613	-9.4449681170106
4.3326001167297	-9.5292719653030
4.3372998237610	-9.6141534419332
4.3420000076294	-9.7005625087354
4.3467001914978	-9.7900432719707
4.3513998985291	-9.8843913216351
4.3561000823975	-9.9852298434473
4.3607997894287	-10.093620896434
4.3654999732971	-10.209786793092
4.3702001571655	-10.333027364187
4.3748998641968	-10.461852082015
4.3796000480652	-10.594318458328
4.3843002319336	-10.728491593905
4.3889999389648	-10.862933106245
4.3937001228333	-10.997077821018
4.3983998298645	-11.131381382381
4.4031000137329	-11.267201838082
4.4078001976013	-11.406410016469
4.4124999046326	-11.550852580554
4.4172000885010	-11.701803841559
4.4218997955322	-11.859536680637
4.4265999794006	-12.023140827119
4.4313001632690	-12.190644968623
4.4359998703003	-12.359433401426
4.4407000541687	-12.526882389380
4.4454002380371	-12.691057552144
4.4500999450684	-12.851279768079
4.4548001289368	-13.008359454688
4.4594998359680	-13.164425243848
4.4642000198364	-13.322354896531
4.4689002037048	-13.484968615612
4.4735999107361	-13.654222689563
4.4783000946045	-13.830579441095
4.4829998016357	-14.012752811946
4.4876999855042	-14.197898215283
4.4924001693726	-14.382255781827
4.4970998764038	-14.562102401930
4.5018000602722	-14.734808485384
4.5064997673035	-14.899646349259
4.5111999511719	-15.058075506196
4.5159001350403	-15.213354656458
4.5205998420715	-15.369611836195
4.5253000259399	-15.530592364335
4.5300002098083	-15.698481183054
4.5346999168396	-15.873080032319
4.5394001007080	-16.051597118170
4.5440998077393	-16.229116250379
4.5487999916077	-16.399735625404
4.5535001754761	-16.558140887271
4.5581998825073	-16.701148526426
4.5629000663757	-16.828704446348
4.5675997734070	-16.943908863092
4.5722999572754	-17.052003155097
4.5770001411438	-17.158639817677
4.5816998481750	-17.268020626763
4.5864000320435	-17.381396525301
4.5911002159119	-17.496390117950
4.5957999229431	-17.607289495729
4.6005001068115	-17.706397204752
4.6051998138428	-17.786138218300
4.6098999977112	-17.841384841191
4.6146001815796	-17.871151125508
4.6192998886108	-17.878941520802
4.6240000724792	-17.871625246457
4.6286997795105	-17.857172512338
4.6333999633789	-17.842185844178
4.6381001472473	-17.829939476194
4.6427998542786	-17.819446414054
4.6475000381470	-17.805775147067
4.6522002220154	-17.781510970998
4.6568999290466	-17.739097487400
4.6616001129150	-17.673326657945
4.6662998199463	-17.583256900164
4.6710000038147	-17.472664283722
4.6757001876831	-17.348944653918
4.6803998947144	-17.220879964480
4.6851000785828	-17.096195498890
4.6897997856140	-16.979563551162
4.6944999694824	-16.871627883694
4.6992001533508	-16.769098067492
4.7038998603821	-16.665905309124
4.7086000442505	-16.555121820761
4.7133002281189	-16.431126171123
4.7179999351501	-16.291479783173
4.7227001190186	-16.137747690703
4.7273998260498	-15.975084653642
4.7321000099182	-15.810703911363
4.7368001937866	-15.651845809281
4.7414999008179	-15.503891061388
4.7462000846863	-15.369131577363
4.7508997917175	-15.246373055811
4.7555999755859	-15.131406371979
4.7603001594543	-15.018258584427
4.7649998664856	-14.900883291491
4.7697000503540	-14.774933983039
4.7744002342224	-14.639044441432
4.7790999412537	-14.495254711365
4.7838001251221	-14.348379194303
4.7884998321533	-14.204605828195
4.7932000160217	-14.069804150476
4.7979001998901	-13.948021709467
4.8025999069214	-13.840532038005
4.8073000907898	-13.745614551636
4.8119997978210	-13.659051038199
4.8166999816895	-13.575248996757
4.8214001655579	-13.488735074108
4.8260998725891	-13.395686136621
4.8308000564575	-13.294993059862
4.8354997634888	-13.188589585602
4.8401999473572	-13.080856095179
4.8449001312256	-12.977373902596
4.8495998382568	-12.883385297742
4.8543000221252	-12.802438472155
4.8590002059937	-12.735510140451
4.8636999130249	-12.680768323663
4.8684000968933	-12.634043740485
4.8730998039246	-12.589834619066
4.8777999877930	-12.542762736578
4.8825001716614	-12.488997061774
4.8871998786926	-12.427349220831
4.8919000625610	-12.359594965253
4.8965997695923	-12.289949884283
4.9012999534607	-12.223857358451
4.9060001373291	-12.166478483760
4.9106998443604	-12.121321361915
4.9154000282288	-12.089320597220
4.9201002120972	-12.068576121388
4.9247999191284	-12.054781701029
4.9295001029968	-12.042261106005
4.9341998100281	-12.025425846627
4.9388999938965	-12.000301204163
4.9436001777649	-11.965680751432
4.9482998847961	-11.923461843745
4.9530000686646	-11.878118923403
4.9576997756958	-11.835386820813
4.9623999595642	-11.800654017466
4.9671001434326	-11.777449992585
4.9717998504639	-11.766468827024
4.9765000343323	-11.765257591851
4.9812002182007	-11.768676083143
4.9858999252319	-11.770047273975
4.9906001091003	-11.762771199994
4.9952998161316	-11.742069966359
5.0000000000000	-11.706223724342
#Parameters = {R_fat=48; R_glandular=38; R_skin_outer=50; T10=5; T15=7.5; T5=2.5; T_rad=4; T_x=10; T_y=0; T_z=75; Zc=65; skin_thickness=2; Mesh Pass=6}
#"Frequency / GHz"	"S1,1 (Mesh Pass=6) [Magnitude / dB]"
#-------------------------------------------------------
0.30000001192093	-23.949806700130
0.30469998717308	-23.732945674740
0.30939999222755	-23.906776383460
0.31409999728203	-24.512735834122
0.31880000233650	-25.587555351025
0.32350000739098	-27.035860193942
0.32820001244545	-28.153231496317
0.33289998769760	-27.412675873677
0.33759999275208	-24.915314148938
0.34229999780655	-22.154185828796
0.34700000286102	-19.728466465225
0.35170000791550	-17.686817689302
0.35640001296997	-15.965379511130
0.36109998822212	-14.498265560624
0.36579999327660	-13.236511080037
0.37049999833107	-12.148762273961
0.37520000338554	-11.218831317149
0.37990000844002	-10.442392357564
0.38460001349449	-9.8227201408771
0.38929998874664	-9.3653507251004
0.39399999380112	-9.0725506558286
0.39869999885559	-8.9395773986469
0.40340000391006	-8.9543628401414
0.40810000896454	-9.1006256870126
0.41280001401901	-9.3626714439709
0.41749998927116	-9.7297232318692
0.42219999432564	-10.198555526664
0.42689999938011	-10.774180432906
0.43160000443459	-11.468627617462
0.43630000948906	-12.297187205496
0.44100001454353	-13.269749496498
0.44569998979568	-14.371689573505
0.45039999485016	-15.525847042671
0.45509999990463	-16.540259479478
0.45980000495911	-17.118001232423
0.46450001001358	-17.061826823938
0.46919998526573	-16.495392275231
0.47389999032021	-15.727042330304
0.47859999537468	-14.999131579343
0.48330000042915	-14.430858398277
0.48800000548363	-14.063731695231
0.49270001053810	-13.902491531804
0.49739998579025	-13.933310749864
0.50209999084473	-14.126286623647
0.50679999589920	-14.428914592184
0.51150000095367	-14.757523657127
0.51620000600815	-15.000175072142
0.52090001106262	-15.049021876860
0.52560001611710	-14.856493429426
0.53030002117157	-14.464782607149
0.53500002622604	-13.973601687276
0.53969997167587	-13.484295994439
0.54439997673035	-13.068624862747
0.54909998178482	-12.765280473500
0.55379998683929	-12.586691102913
0.55849999189377	-12.524778050880
0.56319999694824	-12.553216970694
0.56790000200272	-12.628235644868
0.57260000705719	-12.692592986518
0.57730001211166	-12.687592800839
0.58200001716614	-12.572658107814
0.58670002222061	-12.342024164269
0.59140002727509	-12.025273798201
0.59609997272491	-11.671504535998
0.60079997777939	-11.329948242063
0.60549998283386	-11.037752885852
0.61019998788834	-10.815843905266
0.61489999294281	-10.669122326836
0.61959999799728	-10.587845945188
0.62430000305176	-10.549465397914
0.62900000810623	-10.522006600225
0.63370001316071	-10.470506457405
0.63840001821518	-10.366389724623
0.64310002326965	-10.196555543757
0.64780002832413	-9.9672194484552
0.65249997377396	-9.7001653614191
0.65719997882843	-9.4240771781740
0.66189998388290	-9.1658580565365
0.66659998893738	-8.9449351894385
0.67129999399185	-8.7706795300462
0.67599999904633	-8.6419540081994
0.68070000410080	-8.5479866198259
0.68540000915527	-8.4705937307423
0.69010001420975	-8.3880462808329
0.69480001926422	-8.2804268221889
0.69950002431870	-8.1351472866607
0.70420002937317	-7.9504366926017
0.70889997482300	-7.7351681611104
0.71359997987747	-7.5052883753928
0.71829998493195	-7.2787537339427
0.72299998998642	-7.0709743690707
0.72769999504089	-6.8917653283381
0.73240000009537	-6.7439234785779
0.73710000514984	-6.6231603371584
0.74180001020432	-6.5192620731367
0.74650001525879	-6.4184517854644
0.75120002031326	-6.3067443285020
0.75590002536774	-6.1735788074635
0.76059997081757	-6.0146232184787
0.76529997587204	-5.8326750008909
0.76999998092651	-5.6363823058636
0.77469998598099	-5.4374655792673
0.77939999103546	-5.2475244865708
0.78409999608994	-5.0753594204400
0.78880000114441	-4.9252628352057
0.79350000619888	-4.7963877496480
0.79820001125336	-4.6831719255981
0.80290001630783	-4.5767359236222
0.80760002136230	-4.4671065690692
0.81230002641678	-4.3457873153656
0.81699997186661	-4.2079791551122
0.82169997692108	-4.0537508158819
0.82639998197556	-3.8878025964393
0.83109998703003	-3.7179484054978
0.83579999208450	-3.5529464015241
0.84049999713898	-3.4003223942391
0.84520000219345	-3.2647026378974
0.84990000724792	-3.1469290132157
0.85460001230240	-3.0440189292794
0.85930001735687	-2.9500402863074
0.86400002241135	-2.8576519753454
0.86870002746582	-2.7600661060567
0.87339997291565	-2.6528948552500
0.87809997797012	-2.5353322652926
0.88279998302460	-2.4103279923278
0.88749998807907	-2.2837207524248
0.89219999313354	-2.1626552642934
0.89689999818802	-2.0537722159721
0.90160000324249	-1.9616452642348
0.90630000829697	-1.8878090383242
0.91100001335144	-1.8305519913799
0.91570001840591	-1.7855026865147
0.92040002346039	-1.7469408482514
0.92510002851486	-1.7095018186681
0.92979997396469	-1.6698629218495
0.93449997901917	-1.6279250244685
0.93919998407364	-1.5871025912238
0.94389998912811	-1.5536671967744
0.94859999418259	-1.5353236103861
0.95329999923706	-1.5394889826696
0.95800000429153	-1.5717456618233
0.96270000934601	-1.6348589775242
0.96740001440048	-1.7286131001279
0.97210001945496	-1.8505680021800
0.97680002450943	-1.9976342419866
0.98150002956390	-2.1682072673316
0.98619997501373	-2.3643748357485
0.99089998006821	-2.5936429382348
0.99559998512268	-2.8697723911773
1.0003000497818	-3.2125352690558
1.0049999952316	-3.6468449670497
1.0096999406815	-4.2018822831125
1.0144000053406	-4.9111833546685
1.0190999507904	-5.8146414810684
1.0238000154495	-6.9635508399867
1.0284999608994	-8.4303976987102
1.0332000255585	-10.325872458660
1.0378999710083	-12.819812340508
1.0426000356674	-16.073615310489
1.0472999811172	-19.151177634882
1.0520000457764	-18.001713758233
1.0566999912262	-14.426665426516
1.0614000558853	-11.411130481523
1.0661000013351	-9.1124260514365
1.0707999467850	-7.3386368570155
1.0755000114441	-5.9491715985662
1.0801999568939	-4.8543585271787
1.0849000215530	-3.9941181836775
1.0895999670029	-3.3240590028406
1.0943000316620	-2.8077267041189
1.0989999771118	-2.4127755293959
1.1037000417709	-2.1097743825873
1.1083999872208	-1.8726599299280
1.1131000518799	-1.6800073562705
1.1177999973297	-1.5162770914128
1.1224999427795	-1.3723494574422
1.1272000074387	-1.2450191374947
1.1318999528885	-1.1354327776369
1.1366000175476	-1.0469484055316
1.1412999629974	-0.98295584952615
1.1460000276566	-0.94514863452192
1.1506999731064	-0.93255742525561
1.1554000377655	-0.94142444314476
1.1600999832153	-0.96581931228825
1.1648000478745	-0.99881244882211
1.1694999933243	-1.0338955426136
1.1742000579834	-1.0662973170743
1.1789000034332	-1.0938787836109
1.1835999488831	-1.1173483585235
1.1883000135422	-1.1397315712919
1.1929999589920	-1.1653125604200
1.1977000236511	-1.1983384692782
1.2023999691010	-1.2418537942292
1.2071000337601	-1.2969339608519
1.2117999792099	-1.3624677380312
1.2165000438690	-1.4354595206066
1.2211999893188	-1.5117636823675
1.2259000539780	-1.5870976550812
1.2305999994278	-1.6580510126632
1.2352999448776	-1.7228881423589
1.2400000095367	-1.7818998157273
1.2446999549866	-1.8372310543557
1.2494000196457	-1.8922268904189
1.2540999650955	-1.9505093754393
1.2588000297546	-2.0150499436280
1.2634999752045	-2.0874501093082
1.2682000398636	-2.1676087669519
1.2728999853134	-2.2537932594776
1.2776000499725	-2.3430997316210
1.2822999954224	-2.4321724071221
1.2869999408722	-2.5180239883622
1.2917000055313	-2.5987682828606
1.2963999509811	-2.6740664510680
1.3011000156403	-2.7451775765011
1.3057999610901	-2.8145868336770
1.3105000257492	-2.8853486793626
1.3151999711990	-2.9603044124802
1.3199000358582	-3.0414084547244
1.3245999813080	-3.1292896402108
1.3293000459671	-3.2231567894998
1.3339999914169	-3.3210165414587
1.3387000560760	-3.4201907633300
1.3434000015259	-3.5179582954810
1.3480999469757	-3.6122403334167
1.3528000116348	-3.7021002245495
1.3574999570847	-3.7879850996008
1.3622000217438	-3.8715853800888
1.3668999671936	-3.9554090361944
1.3716000318527	-4.0421441529127
1.3762999773026	-4.1340289591066
1.3810000419617	-4.2323435998657
1.3856999874115	-4.3371524219718
1.3904000520706	-4.4473287493418
1.3950999975204	-4.5608510101536
1.3997999429703	-4.6753004010501
1.4045000076294	-4.7884540697000
1.4091999530792	-4.8988410802305
1.4139000177383	-5.0061110001830
1.4185999631882	-5.1111458110566
1.4233000278473	-5.2158354770280
1.4279999732971	-5.3226413534875
1.4327000379562	-5.4340166488199
1.4373999834061	-5.5518587658995
1.4421000480652	-5.6771114099959
1.4467999935150	-5.8095892656875
1.4515000581741	-5.9480565076724
1.4562000036240	-6.0905354688301
1.4608999490738	-6.2347839824420
1.4656000137329	-6.3788512885297
1.4702999591827	-6.5215739324170
1.4750000238419	-6.6628918210198
1.4796999692917	-6.8039061991774
1.4844000339508	-6.9466548766582
1.4890999794006	-7.0936662590863
1.4938000440598	-7.2474121321824
1.4984999895096	-7.4097857489539
1.5032000541687	-7.5817245754444
1.5078999996185	-7.7630295684967
1.5125999450684	-7.9524389603560
1.5173000097275	-8.1479196793159
1.5219999551773	-8.3471405165083
1.5267000198364	-8.5480456302442
1.5313999652863	-8.7493775211737
1.5361000299454	-8.9510406714080
1.5407999753952	-9.1542043532060
1.5455000400543	-9.3610912193447
1.5501999855042	-9.5745368513393
1.5549000501633	-9.7973937147831
1.5595999956131	-10.031948620079
1.5642999410629	-10.279442594506
1.5690000057220	-10.539803727318
1.5736999511719	-10.811634815855
1.5784000158310	-11.092467158948
1.5830999612808	-11.379268438209
1.5878000259399	-11.669099465219
1.5924999713898	-11.959813710416
1.5972000360489	-12.250598700597
1.6018999814987	-12.542229082573
1.6066000461578	-12.836936286293
1.6112999916077	-13.137922004014
1.6160000562668	-13.448630963755
1.6207000017166	-13.771944560423
1.6253999471664	-14.109472950812
1.6301000118256	-14.461031496742
1.6347999572754	-14.824443417593
1.6395000219345	-15.195674963529
1.6441999673843	-15.569357365442
1.6489000320435	-15.939595118240
1.6535999774933	-16.300979851492
1.6583000421524	-16.649505419772
1.6629999876022	-16.983209292772
1.6677000522614	-17.302262752101
1.6723999977112	-17.608559760231
1.6770999431610	-17.904842357148
1.6818000078201	-18.193674235306
1.6864999532700	-18.476413768130
1.6912000179291	-18.752512800624
1.6958999633789	-19.019102830321
1.7006000280380	-19.271087179696
1.7052999734879	-19.501680055046
1.7100000381470	-19.703425149558
1.7146999835968	-19.869513798144
1.7194000482559	-19.995230067048
1.7240999937057	-20.079093789712
1.7288000583649	-20.123410605432
1.7335000038147	-20.134030615041
1.7381999492645	-20.119326720317
1.7429000139236	-20.088740727066
1.7475999593735	-20.051191410282
1.7523000240326	-20.013756103822
1.7569999694824	-19.980737460914
1.7617000341415	-19.953267615661
1.7663999795914	-19.929503681042
1.7711000442505	-19.905384600649
1.7757999897003	-19.875819112947
1.7805000543594	-19.836226086117
1.7851999998093	-19.783975027030
1.7898999452591	-19.719414504101
1.7946000099182	-19.646103428555
1.7992999553680	-19.570206966246
1.8040000200272	-19.499253473751
1.8086999654770	-19.440607781134
1.8134000301361	-19.400042908879
1.8180999755859	-19.380737097678
1.8228000402451	-19.382794186744
1.8274999856949	-19.403310632010
1.8322000503540	-19.437091139781
1.8368999958038	-19.477775798954
1.8415999412537	-19.519359392054
1.8463000059128	-19.557678616423
1.8509999513626	-19.591551020662
1.8557000160217	-19.623148735565
1.8603999614716	-19.657556932643
1.8651000261307	-19.701581018533
1.8697999715805	-19.762216622723
1.8745000362396	-19.845213834544
1.8791999816895	-19.953908574086
1.8839000463486	-20.088668276163
1.8885999917984	-20.246901501053
1.8933000564575	-20.423622127967
1.8980000019073	-20.612639161813
1.9026999473572	-20.808030699849
1.9074000120163	-21.005807684588
1.9120999574661	-21.205174737913
1.9168000221252	-21.409102105919
1.9214999675751	-21.623945744621
1.9262000322342	-21.858312376863
1.9308999776840	-22.121418595203
1.9356000423431	-22.421566289661
1.9402999877930	-22.764833328703
1.9450000524521	-23.154338969378
1.9496999979019	-23.590065901705
1.9543999433517	-24.069346436776
1.9591000080109	-24.587936999157
1.9637999534607	-25.141794560622
1.9685000181198	-25.729196536964
1.9731999635696	-26.352871059618
1.9779000282288	-27.021517988221
1.9825999736786	-27.750298342779
1.9873000383377	-28.560007943505
1.9919999837875	-29.475071333526
1.9967000484467	-30.519872261828
2.0013999938965	-31.711381014488
2.0060999393463	-33.041616530309
2.0107998847961	-34.435514313429
2.0155000686646	-35.669684035549
2.0202000141144	-36.326645937055
2.0248999595642	-36.053487067346
2.0295999050140	-34.981267225047
2.0343000888824	-33.538170514021
2.0390000343323	-32.032638678432
2.0436999797821	-30.592804532277
2.0483999252319	-29.253927159640
2.0531001091003	-28.018323808240
2.0578000545502	-26.880327312887
2.0625000000000	-25.834041982309
2.0671999454498	-24.874669712241
2.0718998908997	-23.997782539714
2.0766000747681	-23.198332978271
2.0813000202179	-22.470060399727
2.0859999656677	-21.805191654024
2.0906999111176	-21.194736596841
2.0954000949860	-20.629056481187
2.1001000404358	-20.098756513563
2.1047999858856	-19.595614415112
2.1094999313354	-19.113448352678
2.1142001152039	-18.648603667023
2.1189000606537	-18.199983865874
2.1236000061035	-17.768581565503
2.1282999515533	-17.356667768920
2.1329998970032	-16.966821013477
2.1377000808716	-16.601060176727
2.1424000263214	-16.260210329055
2.1470999717712	-15.943591324212
2.1517999172211	-15.649066544920
2.1565001010895	-15.373374308224
2.1612000465393	-15.112728840294
2.1658999919891	-14.863493317012
2.1705999374390	-14.622846745268
2.1752998828888	-14.389245035311
2.1800000667572	-14.162597975418
2.1847000122070	-13.944087798171
2.1893999576569	-13.735722426505
2.1940999031067	-13.539729503706
2.1988000869751	-13.357947289165
2.2035000324249	-13.191345561748
2.2081999778748	-13.039754931610
2.2128999233246	-12.901877827174
2.2176001071930	-12.775540501707
2.2223000526428	-12.658143715610
2.2269999980927	-12.547197355280
2.2316999435425	-12.440852418918
2.2363998889923	-12.338253692637
2.2411000728607	-12.239669264935
2.2458000183105	-12.146334965947
2.2504999637604	-12.060075254062
2.2551999092102	-11.982812365703
2.2599000930786	-11.916046078059
2.2646000385284	-11.860477784854
2.2692999839783	-11.815826830572
2.2739999294281	-11.780855645034
2.2787001132965	-11.753649837680
2.2834000587463	-11.732031648379
2.2881000041962	-11.714051868571
2.2927999496460	-11.698428832888
2.2974998950958	-11.684826688578
2.3022000789642	-11.673901268815
2.3069000244141	-11.667099178533
2.3115999698639	-11.666271631366
2.3162999153137	-11.673203835614
2.3210000991821	-11.689153668861
2.3257000446320	-11.714559560369
2.3303999900818	-11.748911248534
2.3350999355316	-11.790867980461
2.3397998809814	-11.838570762417
2.3445000648499	-11.890082780322
2.3492000102997	-11.943845659116
2.3538999557495	-11.999087616473
2.3585999011993	-12.056006968005
2.3633000850677	-12.115722851796
2.3680000305176	-12.180021814304
2.3726999759674	-12.250912596480
2.3773999214172	-12.330142721672
2.3821001052856	-12.418809001778
2.3868000507355	-12.517086169005
2.3914999961853	-12.624210767523
2.3961999416351	-12.738670618045
2.4008998870850	-12.858580136903
2.4056000709534	-12.982178204778
2.4103000164032	-13.108302901027
2.4149999618530	-13.236725527178
2.4196999073029	-13.368284164425
2.4244000911713	-13.504744054084
2.4291000366211	-13.648414546300
2.4337999820709	-13.801665878837
2.4384999275208	-13.966404124574
2.4432001113892	-14.143675421370
2.4479000568390	-14.333479191443
2.4526000022888	-14.534808531423
2.4572999477386	-14.745964891604
2.4619998931885	-14.965040551291
2.4667000770569	-15.190516921975
2.4714000225067	-15.421782130565
2.4760999679565	-15.659506949455
2.4807999134064	-15.905673182113
2.4855000972748	-16.163333474226
2.4902000427246	-16.436084993143
2.4948999881744	-16.727455172634
2.4995999336243	-17.040263970978
2.5043001174927	-17.376190542804
2.5090000629425	-17.735624472150
2.5137000083923	-18.117779930303
2.5183999538422	-18.521219038840
2.5230998992920	-18.944599366407
2.5278000831604	-19.387575930616
2.5325000286102	-19.851642445312
2.5371999740601	-20.340715613020
2.5418999195099	-20.861276900455
2.5466001033783	-21.422064058442
2.5513000488281	-22.033358760481
2.5559999942780	-22.706136258056
2.5606999397278	-23.451147244323
2.5653998851776	-24.278236918339
2.5701000690460	-25.195698223960
2.5748000144958	-26.209909619741
2.5794999599457	-27.324528293793
2.5841999053955	-28.538473255691
2.5889000892639	-29.839693993504
2.5936000347137	-31.188219547638
2.5982999801636	-32.477519776600
2.6029999256134	-33.477134949735
2.6077001094818	-33.846890028714
2.6124000549316	-33.383533577820
2.6171000003815	-32.261123851321
2.6217999458313	-30.836670328487
2.6264998912811	-29.371097867537
2.6312000751495	-27.987629613860
2.6359000205994	-26.728606651878
2.6405999660492	-25.599797315740
2.6452999114990	-24.591929593711
2.6500000953674	-23.689958306445
2.6547000408173	-22.877078383510
2.6593999862671	-22.136826176361
2.6640999317169	-21.454360369566
2.6688001155853	-20.817454876298
2.6735000610352	-20.217050561728
2.6782000064850	-19.647415527168
2.6828999519348	-19.105763048180
2.6875998973846	-18.591449587962
2.6923000812531	-18.104982985823
2.6970000267029	-17.647010606624
2.7016999721527	-17.217526024216
2.7063999176025	-16.815403090612
2.7111001014709	-16.438282491225
2.7158000469208	-16.082786254600
2.7204999923706	-15.745014897783
2.7251999378204	-15.421120163510
2.7298998832703	-15.107940932034
2.7346000671387	-14.803422842963
2.7393000125885	-14.506805368006
2.7439999580383	-14.218507434968
2.7486999034882	-13.939730312119
2.7534000873566	-13.671939204437
2.7581000328064	-13.416330445717
2.7627999782562	-13.173407323339
2.7674999237061	-12.942759528049
2.7722001075745	-12.723089040868
2.7769000530243	-12.512442246827
2.7815999984741	-12.308603689205
2.7862999439240	-12.109549380579
2.7909998893738	-11.913844797124
2.7957000732422	-11.720897993621
2.8004000186920	-11.530984418825
2.8050999641418	-11.345078504044
2.8097999095917	-11.164493803771
2.8145000934601	-10.990489007570
2.8192000389099	-10.823887201375
2.8238999843597	-10.664839793761
2.8285999298096	-10.512753870020
2.8333001136780	-10.366411673744
2.8380000591278	-10.224251965298
2.8427000045776	-10.084708186767
2.8473999500275	-9.9465844665670
2.8520998954773	-9.8092883924780
2.8568000793457	-9.6729454142196
2.8615000247955	-9.5383051812205
2.8661999702454	-9.4064950323577
2.8708999156952	-9.2787053565224
2.8756000995636	-9.1558483566396
2.8803000450134	-9.0383118564637
2.8849999904633	-8.9258577676846
2.8896999359131	-8.8176651936066
2.8943998813629	-8.7125364064386
2.8991000652313	-8.6091802675631
2.9038000106812	-8.5065251163919
2.9084999561310	-8.4039759496110
2.9131999015808	-8.3015336975352
2.9179000854492	-8.1997798673733
2.9226000308990	-8.0996825883985
2.9272999763489	-8.0023382510797
2.9319999217987	-7.9086743339170
2.9367001056671	-7.8192019655858
2.9414000511169	-7.7338897585338
2.9460999965668	-7.6521621415033
2.9507999420166	-7.5730611578903
2.9554998874664	-7.4954668417854
2.9602000713348	-7.4183970916620
2.9649000167847	-7.3412398183246
2.9695999622345	-7.2638948785611
2.9742999076843	-7.1868011947414
2.9790000915527	-7.1107882838133
2.9837000370026	-7.0368590445139
2.9883999824524	-6.9659220646131
2.9930999279022	-6.8985523662568
2.9978001117706	-6.8348479020320
3.0025000572205	-6.7744027855911
3.0072000026703	-6.7164154713346
3.0118999481201	-6.6598925232654
3.0165998935699	-6.6039002685529
3.0213000774384	-6.5478017119528
3.0260000228882	-6.4914130760407
3.0306999683380	-6.4350434349193
3.0353999137878	-6.3794024293218
3.0401000976562	-6.3253982866059
3.0448000431061	-6.2739146269021
3.0494999885559	-6.2255596246070
3.0541999340057	-6.1805187863498
3.0589001178741	-6.1385113783336
3.0636000633240	-6.0988452483531
3.0683000087738	-6.0606194103983
3.0729999542236	-6.0229338872288
3.0776998996735	-5.9851236432068
3.0824000835419	-5.9469294389521
3.0871000289917	-5.9085535771586
3.0917999744415	-5.8705936961417
3.0964999198914	-5.8338922943029
3.1012001037598	-5.7992984536522
3.1059000492096	-5.7674442147908
3.1105999946594	-5.7385865735905
3.1152999401093	-5.7125362856525
3.1199998855591	-5.6886979483663
3.1247000694275	-5.6662377113939
3.1294000148773	-5.6442769606437
3.1340999603271	-5.6221269859309
3.1387999057770	-5.5994616511084
3.1435000896454	-5.5763935452894
3.1482000350952	-5.5534382588296
3.1528999805450	-5.5313724311879
3.1575999259949	-5.5110201452981
3.1623001098633	-5.4930445684325
3.1670000553131	-5.4777558031751
3.1717000007629	-5.4650454368593
3.1763999462128	-5.4543926018702
3.1810998916626	-5.4450128405796
3.1858000755310	-5.4360455295594
3.1905000209808	-5.4267758421781
3.1951999664307	-5.4168162859418
3.1998999118805	-5.4062056571859
3.2046000957489	-5.3953811561283
3.2093000411987	-5.3850698739036
3.2139999866486	-5.3760839622234
3.2186999320984	-5.3690935497815
3.2234001159668	-5.3644667505018
3.2281000614166	-5.3621396926027
3.2328000068665	-5.3616570062715
3.2374999523163	-5.3622538562391
3.2421998977661	-5.3630718675727
3.2469000816345	-5.3633542492339
3.2516000270844	-5.3626480715214
3.2562999725342	-5.3609153230456
3.2609999179840	-5.3585258464112
3.2657001018524	-5.3561512761733
3.2704000473022	-5.3545768064530
3.2750999927521	-5.3544813088660
3.2797999382019	-5.3562445876602
3.2844998836517	-5.3598368423865
3.2892000675201	-5.3648064149288
3.2939000129700	-5.3703859329204
3.2985999584198	-5.3756718213082
3.3032999038696	-5.3798437211870
3.3080000877380	-5.3823611684744
3.3127000331879	-5.3830925220337
3.3173999786377	-5.3823193948463
3.3220999240875	-5.3806490356258
3.3268001079559	-5.3788150100098
3.3315000534058	-5.3774712456032
3.3361999988556	-5.3769753053572
3.3408999443054	-5.3772700361421
3.3455998897552	-5.3778721038023
3.3503000736237	-5.3779556683988
3.3550000190735	-5.3765442061152
3.3596999645233	-5.3727296360072
3.3643999099731	-5.3658912742434
3.3691000938416	-5.3558066018678
3.3738000392914	-5.3426982702818
3.3784999847412	-5.3271280075213
3.3831999301910	-5.3098027554197
3.3879001140594	-5.2913647168836
3.3926000595093	-5.2721751934652
3.3973000049591	-5.2521945730869
3.4019999504089	-5.2309615868000
3.4066998958588	-5.2077044794581
3.4114000797272	-5.1815088976081
3.4161000251770	-5.1515721061077
3.4207999706268	-5.1173932477243
3.4254999160767	-5.0789123896246
3.4302000999451	-5.0365389603203
3.4349000453949	-4.9910315132092
3.4395999908447	-4.9433276184193
3.4442999362946	-4.8943102503156
3.4489998817444	-4.8446110532837
3.4537000656128	-4.7944946759075
3.4584000110626	-4.7438429461411
3.4630999565125	-4.6922521923792
3.4677999019623	-4.6392137432622
3.4725000858307	-4.5843225578190
3.4772000312805	-4.5274593831584
3.4818999767303	-4.4689068262772
3.4865999221802	-4.4093504856617
3.4913001060486	-4.3497729806270
3.4960000514984	-4.2912826729467
3.5006999969482	-4.2349057362945
3.5053999423981	-4.1813914875473
3.5100998878479	-4.1311209648171
3.5148000717163	-4.0840803506026
3.5195000171661	-4.0399353266245
3.5241999626160	-3.9981979683215
3.5288999080658	-3.9584031445513
3.5336000919342	-3.9202832523281
3.5383000373840	-3.8838728052079
3.5429999828339	-3.8495357620186
3.5476999282837	-3.8178957418966
3.5524001121521	-3.7896949571731
3.5571000576019	-3.7656140665046
3.5618000030518	-3.7461185904025
3.5664999485016	-3.7313357323197
3.5711998939514	-3.7210381322077
3.5759000778198	-3.7146888413649
3.5806000232697	-3.7115749409263
3.5852999687195	-3.7109718857894
3.5899999141693	-3.7123214794498
3.5947000980377	-3.7153418100044
3.5994000434875	-3.7200923189634
3.6040999889374	-3.7269277703647
3.6087999343872	-3.7363849311175
3.6135001182556	-3.7490273749570
3.6182000637054	-3.7652727138292
3.6229000091553	-3.7852664820866
3.6275999546051	-3.8088206751053
3.6322999000549	-3.8354431392128
3.6370000839233	-3.8644342418733
3.6417000293732	-3.8950392518490
3.6463999748230	-3.9266337617477
3.6510999202728	-3.9588481514160
3.6558001041412	-3.9916585914367
3.6605000495911	-4.0253750989119
3.6651999950409	-4.0605446400325
3.6698999404907	-4.0977985455171
3.6745998859406	-4.1376768731318
3.6793000698090	-4.1804775169416
3.6840000152588	-4.2261619708829
3.6886999607086	-4.2743525335263
3.6933999061584	-4.3244155691752
3.6981000900269	-4.3756058969168
3.7028000354767	-4.4272537307347
3.7074999809265	-4.4789249098816
3.7121999263763	-4.5305317885626
3.7169001102448	-4.5823524132913
3.7216000556946	-4.6349599559064
3.7263000011444	-4.6890623825688
3.7309999465942	-4.7453218377424
3.7356998920441	-4.8041744290594
3.7404000759125	-4.8657041300391
3.7451000213623	-4.9296089311140
3.7497999668121	-4.9952683130308
3.7544999122620	-5.0618878883734
3.7592000961304	-5.1286876700515
3.7639000415802	-5.1951093257945
3.7685999870300	-5.2609507317693
3.7732999324799	-5.3264189398127
3.7780001163483	-5.3920800069379
3.7827000617981	-5.4586993052240
3.7874000072479	-5.5270340831493
3.7920999526978	-5.5976240298843
3.7967998981476	-5.6706274217409
3.8015000820160	-5.7457602504825
3.8062000274658	-5.8223339828205
3.8108999729156	-5.8994141896766
3.8155999183655	-5.9760296893167
3.8203001022339	-6.0514148690361
3.8250000476837	-6.1251939378575
3.8296999931335	-6.1974652922507
3.8343999385834	-6.2687586991794
3.8390998840332	-6.3398817781261
3.8438000679016	-6.4116708269007
3.8485000133514	-6.4847421847816
3.8531999588013	-6.5592820394349
3.8578999042511	-6.6349552889744
3.8626000881195	-6.7109396348030
3.8673000335693	-6.7860877685071
3.8719999790192	-6.8591938425716
3.8766999244690	-6.9292685923475
3.8814001083374	-6.9957867897074
3.8861000537872	-7.0587956892857
3.8907999992371	-7.1188803716274
3.8954999446869	-7.1769789508392
3.9001998901367	-7.2340924613862
3.9049000740051	-7.2909779981292
3.9096000194550	-7.3479069027620
3.9142999649048	-7.4045454337397
3.9189999103546	-7.4600013521834
3.9237000942230	-7.5130298774764
3.9284000396729	-7.5623422946061
3.9330999851227	-7.6069421275048
3.9377999305725	-7.6463994511006
3.9425001144409	-7.6809709025337
3.9472000598907	-7.7115437471842
3.9519000053406	-7.7393960901369
3.9565999507904	-7.7658590583011
3.9612998962402	-7.7919672827184
3.9660000801086	-7.8181864940354
3.9707000255585	-7.8443066102235
3.9753999710083	-7.8695108192950
3.9800999164581	-7.8926192093781
3.9848001003265	-7.9124409855845
3.9895000457764	-7.9281294370918
3.9941999912262	-7.9394675572821
3.9988999366760	-7.9469716265849
4.0036001205444	-7.9518038853838
4.0082998275757	-7.9554974809784
4.0130000114441	-7.9595847751728
4.0177001953125	-7.9652383809227
4.0223999023438	-7.9729990551463
4.0271000862122	-7.9826734243316
4.0317997932434	-7.9934320069233
4.0364999771118	-8.0040610921630
4.0412001609802	-8.0133313823942
4.0458998680115	-8.0203680358614
4.0506000518799	-8.0249296279224
4.0553002357483	-8.0275199751154
4.0599999427795	-8.0292881638235
4.0647001266479	-8.0317563300790
4.0693998336792	-8.0364445421981
4.0741000175476	-8.0445002565081
4.0788002014160	-8.0564248971574
4.0834999084473	-8.0719639031157
4.0882000923157	-8.0901882857731
4.0928997993469	-8.1097601670349
4.0975999832153	-8.1292909789686
4.1023001670837	-8.1477281874108
4.1069998741150	-8.1646596504488
4.1117000579834	-8.1804424363770
4.1163997650146	-8.1961321876666
4.1210999488831	-8.2132086287807
4.1258001327515	-8.2332056097142
4.1304998397827	-8.2573096276832
4.1352000236511	-8.2860624283274
4.1399002075195	-8.3192110947352
4.1445999145508	-8.3557744806089
4.1493000984192	-8.3942838509414
4.1539998054504	-8.4331576684001
4.1586999893188	-8.4711195593205
4.1634001731873	-8.5075451280006
4.1680998802185	-8.5426326378472
4.1728000640869	-8.5773728668174
4.1774997711182	-8.6132843089642
4.1821999549866	-8.6520175227729
4.1869001388550	-8.6949176028939
4.1915998458862	-8.7426659742991
4.1963000297546	-8.7950890357156
4.2010002136230	-8.8511772271053
4.2056999206543	-8.9093161191042
4.2104001045227	-8.9676926474762
4.2150998115540	-9.0247517672250
4.2197999954224	-9.0796171884075
4.2245001792908	-9.1323385654250
4.2291998863220	-9.1838840553383
4.2339000701904	-9.2359029649736
4.2385997772217	-9.2902807637306
4.2432999610901	-9.3486510714008
4.2480001449585	-9.4119554640910
4.2526998519897	-9.4801902830643
4.2574000358582	-9.5523829484481
4.2621002197266	-9.6268252848947
4.2667999267578	-9.7015069284594
4.2715001106262	-9.7746520828574
4.2761998176575	-9.8452327054113
4.2809000015259	-9.9132889750661
4.2856001853943	-9.9799915888036
4.2902998924255	-10.047389185583
4.2950000762939	-10.117926368562
4.2996997833252	-10.193871184624
4.3043999671936	-10.276777736965
4.3091001510620	-10.367145342813
4.3137998580933	-10.464327982547
4.3185000419617	-10.566736228376
4.3232002258301	-10.672291057257
4.3278999328613	-10.779022215959
4.3326001167297	-10.885667467828
4.3372998237610	-10.992112651200
4.3420000076294	-11.099522275781
4.3467001914978	-11.210120648672
4.3513998985291	-11.326680665230
4.3561000823975	-11.451829707970
4.3607997894287	-11.587385909531
4.3654999732971	-11.733854532587
4.3702001571655	-11.890216031598
4.3748998641968	-12.054078777061
4.3796000480652	-12.222172649821
4.3843002319336	-12.391110697711
4.3889999389648	-12.558259144259
4.3937001228333	-12.722456996116
4.3983998298645	-12.884377076957
4.4031000137329	-13.046385352666
4.4078001976013	-13.211907229092
4.4124999046326	-13.384484449613
4.4172000885010	-13.566772773804
4.4218997955322	-13.759727853705
4.4265999794006	-13.962193428972
4.4313001632690	-14.170999772054
4.4359998703003	-14.381621695908
4.4407000541687	-14.589280451963
4.4454002380371	-14.790265034371
4.4500999450684	-14.983084766697
4.4548001289368	-15.169040041620
4.4594998359680	-15.351990880579
4.4642000198364	-15.537332405058
4.4689002037048	-15.730489980508
4.4735999107361	-15.935366675815
4.4783000946045	-16.153121754043
4.4829998016357	-16.381577192906
4.4876999855042	-16.615454919073
4.4924001693726	-16.847474817833
4.4970998764038	-17.070212182530
4.5018000602722	-17.278254019652
4.5064997673035	-17.469979966335
4.5111999511719	-17.648239897910
4.5159001350403	-17.819566355676
4.5205998420715	-17.992170867005
4.5253000259399	-18.173361160776
4.5300002098083	-18.367159095009
4.5346999168396	-18.572677369740
4.5394001007080	-18.783729670624
4.5440998077393	-18.989789358728
4.5487999916077	-19.178496712365
4.5535001754761	-19.339160128649
4.5581998825073	-19.466244159763
4.5629000663757	-19.561362560297
4.5675997734070	-19.632717332829
4.5722999572754	-19.692166210787
4.5770001411438	-19.751129426647
4.5816998481750	-19.816795270871
4.5864000320435	-19.889663390650
4.5911002159119	-19.962977210157
4.5957999229431	-20.024222433193
4.6005001068115	-20.058643357322
4.6051998138428	-20.054057633147
4.6098999977112	-20.005298656955
4.6146001815796	-19.916399589522
4.6192998886108	-19.799211576911
4.6240000724792	-19.669377742311
4.6286997795105	-19.541395536141
4.6333999633789	-19.424637480742
4.6381001472473	-19.321255225712
4.6427998542786	-19.226130348562
4.6475000381470	-19.128722206152
4.6522002220154	-19.016425938173
4.6568999290466	-18.878774455796
4.6616001129150	-18.711097560202
4.6662998199463	-18.516304464029
4.6710000038147	-18.303916885746
4.6757001876831	-18.087001972037
4.6803998947144	-17.878268650160
4.6851000785828	-17.686782886429
4.6897997856140	-17.516021651830
4.6944999694824	-17.363484478799
4.6992001533508	-17.221665295318
4.7038998603821	-17.080283806383
4.7086000442505	-16.929214645774
4.7133002281189	-16.761553142653
4.7179999351501	-16.575717006834
4.7227001190186	-16.375908033947
4.7273998260498	-16.170674423629
4.7321000099182	-15.970273347539
4.7368001937866	-15.783849090600
4.7414999008179	-15.617120199480
4.7462000846863	-15.471220102475
4.7508997917175	-15.342610142506
4.7555999755859	-15.224085940156
4.7603001594543	-15.106677675996
4.7649998664856	-14.982072060684
4.7697000503540	-14.844953765282
4.7744002342224	-14.694542410175
4.7790999412537	-14.534760741039
4.7838001251221	-14.372973000653
4.7884998321533	-14.217827438727
4.7932000160217	-14.076876575506
4.7979001998901	-13.954728932494
4.8025999069214	-13.852018035297
4.8073000907898	-13.765343006633
4.8119997978210	-13.688128562127
4.8166999816895	-13.612283922854
4.8214001655579	-13.530321998648
4.8260998725891	-13.437417081328
4.8308000564575	-13.332806181010
4.8354997634888	-13.219969135113
4.8401999473572	-13.105571446490
4.8449001312256	-12.997535174341
4.8495998382568	-12.902873671880
4.8543000221252	-12.825932231818
4.8590002059937	-12.767343918935
4.8636999130249	-12.723885415335
4.8684000968933	-12.689236528980
4.8730998039246	-12.655481218181
4.8777999877930	-12.615174636439
4.8825001716614	-12.563350778148
4.8871998786926	-12.498995569807
4.8919000625610	-12.425320864949
4.8965997695923	-12.348829314705
4.9012999534607	-12.277410004591
4.9060001373291	-12.218191738342
4.9106998443604	-12.175680356192
4.9154000282288	-12.150658224226
4.9201002120972	-12.139921613509
4.9247999191284	-12.137012985345
4.9295001029968	-12.133735210853
4.9341998100281	-12.122268458585
4.9388999938965	-12.097342596669
4.9436001777649	-12.057805067388
4.9482998847961	-12.006987175042
4.9530000686646	-11.951697626393
4.9576997756958	-11.900212253050
4.9623999595642	-11.859901799306
4.9671001434326	-11.835235191357
4.9717998504639	-11.826505051612
4.9765000343323	-11.829576116060
4.9812002182007	-11.836638225517
4.9858999252319	-11.837944531058
4.9906001091003	-11.824215757918
4.9952998161316	-11.789156818030
5.0000000000000	-11.731201511105
