#Parameters = {R_fat=48; R_glandular=38; R_skin_outer=50; T10=5; T15=7.5; T5=2.5; T_rad=4; T_x=10; T_y=0; T_z=75; Zc=65; skin_thickness=2}
#"Frequency / GHz"	"S1,1 [Magnitude / dB]"
#-----------------------------------------
0.30000001192093	-24.016780017684
0.30469998717308	-23.794194732172
0.30939999222755	-23.962965583802
0.31409999728203	-24.565224207036
0.31880000233650	-25.639933638738
0.32350000739098	-27.097854443237
0.32820001244545	-28.241939841739
0.33289998769760	-27.519478624730
0.33759999275208	-25.007493752370
0.34229999780655	-22.226045243366
0.34700000286102	-19.784744418823
0.35170000791550	-17.731549532193
0.35640001296997	-16.001126713687
0.36109998822212	-14.526698532901
0.36579999327660	-13.258782970106
0.37049999833107	-12.165751162706
0.37520000338554	-11.231262273592
0.37990000844002	-10.450911562044
0.38460001349449	-9.8279630927779
0.38929998874664	-9.3679549066575
0.39399999380112	-9.0731880642882
0.39869999885559	-8.9389541792289
0.40340000391006	-8.9531694402635
0.40810000896454	-9.0995025763378
0.41280001401901	-9.3621544777881
0.41749998927116	-9.7302199222204
0.42219999432564	-10.200341934268
0.42689999938011	-10.777411593502
0.43160000443459	-11.473378501795
0.43630000948906	-12.303504152707
0.44100001454353	-13.277732014933
0.44569998979568	-14.381604661769
0.45039999485016	-15.538239240621
0.45509999990463	-16.555837429722
0.45980000495911	-17.136901167208
0.46450001001358	-17.082828515945
0.46919998526573	-16.516712359488
0.47389999032021	-15.747592967946
0.47859999537468	-15.018610051773
0.48330000042915	-14.449330863384
0.48800000548363	-14.081377710762
0.49270001053810	-13.919516923851
0.49739998579025	-13.949943141798
0.50209999084473	-14.142800293372
0.50679999589920	-14.445657735372
0.51150000095367	-14.774876891565
0.51620000600815	-15.018435481122
0.52090001106262	-15.068173668979
0.52560001611710	-14.876115787574
0.53030002117157	-14.484259289327
0.53500002622604	-13.992415812696
0.53969997167587	-13.502166519490
0.54439997673035	-13.085469712047
0.54909998178482	-12.781157608765
0.55379998683929	-12.601723304387
0.55849999189377	-12.539149995653
0.56319999694824	-12.567163025313
0.56790000200272	-12.642020482032
0.57260000705719	-12.706466583678
0.57730001211166	-12.701711589159
0.58200001716614	-12.587019942208
0.58670002222061	-12.356454927722
0.59140002727509	-12.039515171288
0.59609997272491	-11.685299400726
0.60079997777939	-11.343128874881
0.60549998283386	-11.050228214879
0.61019998788834	-10.827608796283
0.61489999294281	-10.680237599748
0.61959999799728	-10.598419711759
0.62430000305176	-10.559646659376
0.62900000810623	-10.531960508449
0.63370001316071	-10.480383546718
0.63840001821518	-10.376275071685
0.64310002326965	-10.206441348830
0.64780002832413	-9.9770280166296
0.65249997377396	-9.7097676456338
0.65719997882843	-9.4333386163748
0.66189998388290	-9.1746804097552
0.66659998893738	-8.9532547556950
0.67129999399185	-8.7784889818142
0.67599999904633	-8.6492861917251
0.68070000410080	-8.5549155010172
0.68540000915527	-8.4772238227627
0.69010001420975	-8.3944852554347
0.69480001926422	-8.2867655690695
0.69950002431870	-8.1414317993400
0.70420002937317	-7.9566613348982
0.70889997482300	-7.7412776986199
0.71359997987747	-7.5112006548359
0.71829998493195	-7.2843869100066
0.72299998998642	-7.0762592564569
0.72769999504089	-6.8966628923412
0.73240000009537	-6.7484276045767
0.73710000514984	-6.6273004632301
0.74180001020432	-6.5230983704021
0.74650001525879	-6.4220641685158
0.75120002031326	-6.3102091716306
0.75590002536774	-6.1769551718200
0.76059997081757	-6.0179362237222
0.76529997587204	-5.8359074372795
0.76999998092651	-5.6394909487326
0.77469998598099	-5.4403849235062
0.77939999103546	-5.2501949862415
0.78409999608994	-5.0777262527857
0.78880000114441	-4.9273054654307
0.79350000619888	-4.7981148291665
0.79820001125336	-4.6846148916444
0.80290001630783	-4.5779553181263
0.80760002136230	-4.4681746296345
0.81230002641678	-4.3467692364555
0.81699997186661	-4.2089142344008
0.82169997692108	-4.0546497152167
0.82639998197556	-3.8886478268942
0.83109998703003	-3.7186900151973
0.83579999208450	-3.5535299562474
0.84049999713898	-3.4006955735600
0.84520000219345	-3.2648316404044
0.84990000724792	-3.1468000672025
0.85460001230240	-3.0436579860303
0.85930001735687	-2.9494929288647
0.86400002241135	-2.8569807781810
0.86870002746582	-2.7593450084940
0.87339997291565	-2.6521838101290
0.87809997797012	-2.5346598876874
0.88279998302460	-2.4096989578487
0.88749998807907	-2.2831087409482
0.89219999313354	-2.1620143345728
0.89689999818802	-2.0530508006585
0.90160000324249	-1.9608049839009
0.90630000829697	-1.8868346783608
0.91100001335144	-1.8294565789706
0.91570001840591	-1.7843382781960
0.92040002346039	-1.7457823464309
0.92510002851486	-1.7084372778149
0.92979997396469	-1.6689770466098
0.93449997901917	-1.6272791480366
0.93919998407364	-1.5867320016740
0.94389998912811	-1.5535694040189
0.94859999418259	-1.5354697079374
0.95329999923706	-1.5398394284996
0.95800000429153	-1.5722645174603
0.96270000934601	-1.6355387705401
0.96740001440048	-1.7294819170910
0.97210001945496	-1.8517004713450
0.97680002450943	-1.9991534814479
0.98150002956390	-2.1702627123862
0.98619997501373	-2.3671254456941
0.99089998006821	-2.5972333694049
0.99559998512268	-2.8742998465743
1.0003000497818	-3.2180502722974
1.0049999952316	-3.6533453783633
1.0096999406815	-4.2093245848153
1.0144000053406	-4.9195175227412
1.0190999507904	-5.8238378073024
1.0238000154495	-6.9736595372757
1.0284999608994	-8.4416405602981
1.0332000255585	-10.338848231923
1.0378999710083	-12.836120352554
1.0426000356674	-16.097631526711
1.0472999811172	-19.188184878251
1.0520000457764	-18.029028422694
1.0566999912262	-14.441694768064
1.0614000558853	-11.421756897997
1.0661000013351	-9.1212727458459
1.0707999467850	-7.3465374114013
1.0755000114441	-5.9563994554700
1.0801999568939	-4.8609905588315
1.0849000215530	-4.0001393489394
1.0895999670029	-3.3294266076751
1.0943000316620	-2.8123995706566
1.0989999771118	-2.4167334779265
1.1037000417709	-2.1130280757685
1.1083999872208	-1.8752626609387
1.1131000518799	-1.6820443994923
1.1177999973297	-1.5178594953361
1.1224999427795	-1.3735982816230
1.1272000074387	-1.2460405577020
1.1318999528885	-1.1363131030741
1.1366000175476	-1.0477432070306
1.1412999629974	-0.98369212932440
1.1460000276566	-0.94583001784628
1.1506999731064	-0.93317272309574
1.1554000377655	-0.94195882362170
1.1600999832153	-0.96626085759733
1.1648000478745	-0.99916386274258
1.1694999933243	-1.0341679189796
1.1742000579834	-1.0665207919099
1.1789000034332	-1.0940882194837
1.1835999488831	-1.1175761695485
1.1883000135422	-1.1400069369468
1.1929999589920	-1.1656520339463
1.1977000236511	-1.1987495706555
1.2023999691010	-1.2423279354203
1.2071000337601	-1.2974591247325
1.2117999792099	-1.3630306357058
1.2165000438690	-1.4360378938434
1.2211999893188	-1.5123520558196
1.2259000539780	-1.5876937530338
1.2305999994278	-1.6586645756202
1.2352999448776	-1.7235302406339
1.2400000095367	-1.7825886501061
1.2446999549866	-1.8379802799934
1.2494000196457	-1.8930442481253
1.2540999650955	-1.9513996831746
1.2588000297546	-2.0160113223127
1.2634999752045	-2.0884736650673
1.2682000398636	-2.1686812645048
1.2728999853134	-2.2549040471313
1.2776000499725	-2.3442373084865
1.2822999954224	-2.4333344057738
1.2869999408722	-2.5192127979572
1.2917000055313	-2.5999908686856
1.2963999509811	-2.6753335400720
1.3011000156403	-2.7464979002062
1.3057999610901	-2.8159719599971
1.3105000257492	-2.8868028506744
1.3151999711990	-2.9618306463511
1.3199000358582	-3.0430035454488
1.3245999813080	-3.1309494539335
1.3293000459671	-3.2248688351305
1.3339999914169	-3.3227762080952
1.3387000560760	-3.4219905740025
1.3434000015259	-3.5197962794064
1.3480999469757	-3.6141157064498
1.3528000116348	-3.7040204753938
1.3574999570847	-3.7899562500364
1.3622000217438	-3.8736179499407
1.3668999671936	-3.9575080925837
1.3716000318527	-4.0443171973003
1.3762999773026	-4.1362780568856
1.3810000419617	-4.2346685338359
1.3856999874115	-4.3395494501853
1.3904000520706	-4.4497934652334
1.3950999975204	-4.5633810036803
1.3997999429703	-4.6778924282216
1.4045000076294	-4.7911094784348
1.4091999530792	-4.9015613648799
1.4139000177383	-5.0089039972638
1.4185999631882	-5.1140130241824
1.4233000278473	-5.2187878566530
1.4279999732971	-5.3256850803794
1.4327000379562	-5.4371556868585
1.4373999834061	-5.5550970615187
1.4421000480652	-5.6804513303780
1.4467999935150	-5.8130313506440
1.4515000581741	-5.9516009601970
1.4562000036240	-6.0941809422274
1.4608999490738	-6.2385326047862
1.4656000137329	-6.3827069480401
1.4702999591827	-6.5255399928807
1.4750000238419	-6.6669764862843
1.4796999692917	-6.8081164687716
1.4844000339508	-6.9510004102874
1.4890999794006	-7.0981570302172
1.4938000440598	-7.2520550087473
1.4984999895096	-7.4145877930225
1.5032000541687	-7.5866904597568
1.5078999996185	-7.7681645142790
1.5125999450684	-7.9577478028712
1.5173000097275	-8.1534047120284
1.5219999551773	-8.3528091337693
1.5267000198364	-8.5539037835586
1.5313999652863	-8.7554334886273
1.5361000299454	-8.9573057325109
1.5407999753952	-9.1606900002687
1.5455000400543	-9.3678113391221
1.5501999855042	-9.5815037652826
1.5549000501633	-9.8046218786144
1.5595999956131	-10.039448646066
1.5642999410629	-10.287224281332
1.5690000057220	-10.547877639633
1.5736999511719	-10.820007250936
1.5784000158310	-11.101148916263
1.5830999612808	-11.388266980162
1.5878000259399	-11.678424427905
1.5924999713898	-11.969477443022
1.5972000360489	-12.260614743357
1.6018999814987	-12.552612055219
1.6066000461578	-12.847701070545
1.6112999916077	-13.149085005632
1.6160000562668	-13.460206189083
1.6207000017166	-13.783946547251
1.6253999471664	-14.121906322694
1.6301000118256	-14.473904571603
1.6347999572754	-14.837752394466
1.6395000219345	-15.209409856651
1.6441999673843	-15.583499048041
1.6489000320435	-15.954114317278
1.6535999774933	-16.315831864916
1.6583000421524	-16.664640763286
1.6629999876022	-16.998555539159
1.6677000522614	-17.317735800227
1.6723999977112	-17.624055490877
1.6770999431610	-17.920249890673
1.6818000078201	-18.208860421288
1.6864999532700	-18.491246312006
1.6912000179291	-18.766850034340
1.6958999633789	-19.032799725466
1.7006000280380	-19.284004336664
1.7052999734879	-19.513697207060
1.7100000381470	-19.714426903895
1.7146999835968	-19.879414293878
1.7194000482559	-20.003960689835
1.7240999937057	-20.086596713857
1.7288000583649	-20.129666769607
1.7335000038147	-20.139032392627
1.7381999492645	-20.123081051994
1.7429000139236	-20.091270583315
1.7475999593735	-20.052545211461
1.7523000240326	-20.013983843943
1.7569999694824	-19.979906444140
1.7617000341415	-19.951458161595
1.7663999795914	-19.926808968487
1.7711000442505	-19.901896121515
1.7757999897003	-19.871642142917
1.7805000543594	-19.831454783089
1.7851999998093	-19.778708989042
1.7898999452591	-19.713734955879
1.7946000099182	-19.640072216174
1.7992999553680	-19.563880950394
1.8040000200272	-19.492665568109
1.8086999654770	-19.433776349573
1.8134000301361	-19.392976015611
1.8180999755859	-19.373439244636
1.8228000402451	-19.375266388722
1.8274999856949	-19.395572415567
1.8322000503540	-19.429153496196
1.8368999958038	-19.469664235047
1.8415999412537	-19.511106216323
1.8463000059128	-19.549323118807
1.8509999513626	-19.583131099242
1.8557000160217	-19.614698989017
1.8603999614716	-19.649087011434
1.8651000261307	-19.693095533887
1.8697999715805	-19.753719027164
1.8745000362396	-19.836670937235
1.8791999816895	-19.945301599410
1.8839000463486	-20.079973186820
1.8885999917984	-20.238085358288
1.8933000564575	-20.414678947387
1.8980000019073	-20.603548334338
1.9026999473572	-20.798805628798
1.9074000120163	-20.996470420258
1.9120999574661	-21.195746290092
1.9168000221252	-21.399612035578
1.9214999675751	-21.614406608188
1.9262000322342	-21.848733283696
1.9308999776840	-22.111789467076
1.9356000423431	-22.411868827228
1.9402999877930	-22.755029950132
1.9450000524521	-23.144382029321
1.9496999979019	-23.579917240552
1.9543999433517	-24.058950709551
1.9591000080109	-24.577271173936
1.9637999534607	-25.130843638747
1.9685000181198	-25.717969574133
1.9731999635696	-26.341432984413
1.9779000282288	-27.009981096129
1.9825999736786	-27.738827237376
1.9873000383377	-28.548870190367
1.9919999837875	-29.464761211178
1.9967000484467	-30.511201589471
2.0013999938965	-31.705802155015
2.0060999393463	-33.041893670961
2.0107998847961	-34.446360813662
2.0155000686646	-35.697414917479
2.0202000141144	-36.373585326742
2.0248999595642	-36.110534932635
2.0295999050140	-35.035368471627
2.0343000888824	-33.583486354886
2.0390000343323	-32.069146096322
2.0436999797821	-30.622215263955
2.0483999252319	-29.277877499415
2.0531001091003	-28.038117633527
2.0578000545502	-26.896891259015
2.0625000000000	-25.848084126315
2.0671999454498	-24.886689340340
2.0718998908997	-24.008156231423
2.0766000747681	-23.207364145593
2.0813000202179	-22.477959862455
2.0859999656677	-21.812141869258
2.0906999111176	-21.200874033477
2.0954000949860	-20.634506985455
2.1001000404358	-20.103605068590
2.1047999858856	-19.599944328764
2.1094999313354	-19.117317651025
2.1142001152039	-18.652061754473
2.1189000606537	-18.203080816246
2.1236000061035	-17.771358733067
2.1282999515533	-17.359155958305
2.1329998970032	-16.969041928355
2.1377000808716	-16.603034407026
2.1424000263214	-16.261953318635
2.1470999717712	-15.945121896758
2.1517999172211	-15.650396259165
2.1565001010895	-15.374521432821
2.1612000465393	-15.113701923598
2.1658999919891	-14.864304998126
2.1705999374390	-14.623510503889
2.1752998828888	-14.389774624533
2.1800000667572	-14.163003767617
2.1847000122070	-13.944378328589
2.1893999576569	-13.735903492024
2.1940999031067	-13.539802941018
2.1988000869751	-13.357921264036
2.2035000324249	-13.191214787595
2.2081999778748	-13.039520676708
2.2128999233246	-12.901543647774
2.2176001071930	-12.775112669727
2.2223000526428	-12.657622684342
2.2269999980927	-12.546593864933
2.2316999435425	-12.440170662092
2.2363998889923	-12.337501765366
2.2411000728607	-12.238855341324
2.2458000183105	-12.145461850470
2.2504999637604	-12.059151876184
2.2551999092102	-11.981833053660
2.2599000930786	-11.915010998484
2.2646000385284	-11.859387281815
2.2692999839783	-11.814674834878
2.2739999294281	-11.779643436849
2.2787001132965	-11.752379233232
2.2834000587463	-11.730702872697
2.2881000041962	-11.712666353970
2.2927999496460	-11.696993880429
2.2974998950958	-11.683347881667
2.3022000789642	-11.672380667874
2.3069000244141	-11.665544528022
2.3115999698639	-11.664681993262
2.3162999153137	-11.671578870678
2.3210000991821	-11.687490922405
2.3257000446320	-11.712858106635
2.3303999900818	-11.747165551201
2.3350999355316	-11.789078484198
2.3397998809814	-11.836739082701
2.3445000648499	-11.888208368697
2.3492000102997	-11.941936309506
2.3538999557495	-11.997145898563
2.3585999011993	-12.054038248804
2.3633000850677	-12.113735440004
2.3680000305176	-12.178014166825
2.3726999759674	-12.248880071780
2.3773999214172	-12.328091887943
2.3821001052856	-12.416727571146
2.3868000507355	-12.514973218781
2.3914999961853	-12.622059941731
2.3961999416351	-12.736478458711
2.4008998870850	-12.856347996782
2.4056000709534	-12.979911454726
2.4103000164032	-13.106000191743
2.4149999618530	-13.234394596690
2.4196999073029	-13.365928245255
2.4244000911713	-13.502364445651
2.4291000366211	-13.646013845333
2.4337999820709	-13.799245170312
2.4384999275208	-13.963952931936
2.4432001113892	-14.141194756878
2.4479000568390	-14.330958624011
2.4526000022888	-14.532248809542
2.4572999477386	-14.743357578179
2.4619998931885	-14.962391349272
2.4667000770569	-15.187822643727
2.4714000225067	-15.419054701439
2.4760999679565	-15.656745316861
2.4807999134064	-15.902881185533
2.4855000972748	-16.160504468449
2.4902000427246	-16.433224430825
2.4948999881744	-16.724542320887
2.4995999336243	-17.037284200363
2.5043001174927	-17.373131195621
2.5090000629425	-17.732461693421
2.5137000083923	-18.114498263940
2.5183999538422	-18.517812907921
2.5230998992920	-18.941049775653
2.5278000831604	-19.383881559887
2.5325000286102	-19.847799735378
2.5371999740601	-20.336713849486
2.5418999195099	-20.857097861893
2.5466001033783	-21.417677403106
2.5513000488281	-22.028732569474
2.5559999942780	-22.701189577799
2.5606999397278	-23.445807347504
2.5653998851776	-24.272359227907
2.5701000690460	-25.189136920497
2.5748000144958	-26.202438030708
2.5794999599457	-27.315899736124
2.5841999053955	-28.528370832324
2.5889000892639	-29.827755645926
2.5936000347137	-31.174123397460
2.5982999801636	-32.461429154104
2.6029999256134	-33.460281600873
2.6077001094818	-33.832061598851
2.6124000549316	-33.373243546480
2.6171000003815	-32.255456537778
2.6217999458313	-30.834227875039
2.6264998912811	-29.370518231461
2.6312000751495	-27.988066516813
2.6359000205994	-26.729586287145
2.6405999660492	-25.601061871859
2.6452999114990	-24.593339525310
2.6500000953674	-23.691427952039
2.6547000408173	-22.878569970815
2.6593999862671	-22.138305638970
2.6640999317169	-21.455833626424
2.6688001155853	-20.818907040230
2.6735000610352	-20.218488346605
2.6782000064850	-19.648849596925
2.6828999519348	-19.107188596407
2.6875998973846	-18.592882630449
2.6923000812531	-18.106423613358
2.6970000267029	-17.648457969381
2.7016999721527	-17.218982887365
2.7063999176025	-16.816868959439
2.7111001014709	-16.439752390769
2.7158000469208	-16.084268442519
2.7204999923706	-15.746507397818
2.7251999378204	-15.422626614956
2.7298998832703	-15.109464077575
2.7346000671387	-14.804965649642
2.7393000125885	-14.508376352597
2.7439999580383	-14.220104400436
2.7486999034882	-13.941356319223
2.7534000873566	-13.673595542592
2.7581000328064	-13.418015109179
2.7627999782562	-13.175114701661
2.7674999237061	-12.944490571630
2.7722001075745	-12.724838208545
2.7769000530243	-12.514209899991
2.7815999984741	-12.310387410768
2.7862999439240	-12.111350843727
2.7909998893738	-11.915665082935
2.7957000732422	-11.722739313917
2.8004000186920	-11.532849267897
2.8050999641418	-11.346967798301
2.8097999095917	-11.166406543532
2.8145000934601	-10.992422900535
2.8192000389099	-10.825842660237
2.8238999843597	-10.666809252928
2.8285999298096	-10.514736189469
2.8333001136780	-10.368407280171
2.8380000591278	-10.226252657250
2.8427000045776	-10.086717979477
2.8473999500275	-9.9485991233471
2.8520998954773	-9.8113102373918
2.8568000793457	-9.6749757753255
2.8615000247955	-9.5403419954807
2.8661999702454	-9.4085430172439
2.8708999156952	-9.2807606305423
2.8756000995636	-9.1579075333406
2.8803000450134	-9.0403747125636
2.8849999904633	-8.9279164920885
2.8896999359131	-8.8197203151898
2.8943998813629	-8.7145830072912
2.8991000652313	-8.6112133644907
2.9038000106812	-8.5085464868905
2.9084999561310	-8.4059824318238
2.9131999015808	-8.3035294406920
2.9179000854492	-8.2017626388172
2.9226000308990	-8.1016539242861
2.9272999763489	-8.0042983915797
2.9319999217987	-7.9106223280428
2.9367001056671	-7.8211347928253
2.9414000511169	-7.7358014630098
2.9460999965668	-7.6540525464403
2.9507999420166	-7.5749264947575
2.9554998874664	-7.4973048984058
2.9602000713348	-7.4202062716345
2.9649000167847	-7.3430177082126
2.9695999622345	-7.2656466220577
2.9742999076843	-7.1885248414883
2.9790000915527	-7.1124809154227
2.9837000370026	-7.0385237541007
2.9883999824524	-6.9675551677221
2.9930999279022	-6.9001563896521
2.9978001117706	-6.8364162299209
3.0025000572205	-6.7759321931623
3.0072000026703	-6.7179034630336
3.0118999481201	-6.6613357746526
3.0165998935699	-6.6052981422694
3.0213000774384	-6.5491543955435
3.0260000228882	-6.4927208235366
3.0306999683380	-6.4363072952391
3.0353999137878	-6.3806193319985
3.0401000976562	-6.3265747902923
3.0448000431061	-6.2750471322284
3.0494999885559	-6.2266486426762
3.0541999340057	-6.1815621110909
3.0589001178741	-6.1395006000712
3.0636000633240	-6.0997853792750
3.0683000087738	-6.0615022664192
3.0729999542236	-6.0237601704682
3.0776998996735	-5.9858930651893
3.0824000835419	-5.9476398341498
3.0871000289917	-5.9092040862085
3.0917999744415	-5.8711889588305
3.0964999198914	-5.8344313881432
3.1012001037598	-5.7997807527004
3.1059000492096	-5.7678674986965
3.1105999946594	-5.7389523552484
3.1152999401093	-5.7128397552671
3.1199998855591	-5.6889421339443
3.1247000694275	-5.6664158558743
3.1294000148773	-5.6443894723233
3.1340999603271	-5.6221740526321
3.1387999057770	-5.5994428416883
3.1435000896454	-5.5763095159119
3.1482000350952	-5.5532896747019
3.1528999805450	-5.5311582235218
3.1575999259949	-5.5107438184651
3.1623001098633	-5.4927026270839
3.1670000553131	-5.4773471122551
3.1717000007629	-5.4645616051267
3.1763999462128	-5.4538349157893
3.1810998916626	-5.4443785949028
3.1858000755310	-5.4353306450740
3.1905000209808	-5.4259811896225
3.1951999664307	-5.4159380533417
3.1998999118805	-5.4052454814498
3.2046000957489	-5.3943422045356
3.2093000411987	-5.3839524695362
3.2139999866486	-5.3748854188446
3.2186999320984	-5.3678140401085
3.2234001159668	-5.3631028840590
3.2281000614166	-5.3606895294818
3.2328000068665	-5.3601188659626
3.2374999523163	-5.3606224384340
3.2421998977661	-5.3613428172963
3.2469000816345	-5.3615265825579
3.2516000270844	-5.3607245081239
3.2562999725342	-5.3588932719862
3.2609999179840	-5.3564036992360
3.2657001018524	-5.3539293806134
3.2704000473022	-5.3522547592473
3.2750999927521	-5.3520576359224
3.2797999382019	-5.3537149587448
3.2844998836517	-5.3571965379164
3.2892000675201	-5.3620548561234
3.2939000129700	-5.3675185554239
3.2985999584198	-5.3726882388878
3.3032999038696	-5.3767407373457
3.3080000877380	-5.3791391674172
3.3127000331879	-5.3797543290147
3.3173999786377	-5.3788673742223
3.3220999240875	-5.3770846222718
3.3268001079559	-5.3751414960390
3.3315000534058	-5.3736873948790
3.3361999988556	-5.3730784628262
3.3408999443054	-5.3732636013487
3.3455998897552	-5.3737500029831
3.3503000736237	-5.3737200127013
3.3550000190735	-5.3721976496665
3.3596999645233	-5.3682777789810
3.3643999099731	-5.3613375558704
3.3691000938416	-5.3511593866304
3.3738000392914	-5.3379678452069
3.3784999847412	-5.3223213160915
3.3831999301910	-5.3049320490418
3.3879001140594	-5.2864348757565
3.3926000595093	-5.2671962173259
3.3973000049591	-5.2471733309684
3.4019999504089	-5.2259068542847
3.4066998958588	-5.2026199676727
3.4114000797272	-5.1764094458639
3.4161000251770	-5.1464663326847
3.4207999706268	-5.1122936270781
3.4254999160767	-5.0738387816396
3.4302000999451	-5.0315031783830
3.4349000453949	-4.9860511223442
3.4395999908447	-4.9384165665885
3.4442999362946	-4.8894828878928
3.4489998817444	-4.8398789792044
3.4537000656128	-4.7898670427469
3.4584000110626	-4.7393292910461
3.4630999565125	-4.6878639173288
3.4677999019623	-4.6349588245925
3.4725000858307	-4.5802082404657
3.4772000312805	-4.5234946627856
3.4818999767303	-4.4651010707130
3.4865999221802	-4.4057071684670
3.4913001060486	-4.3462977683380
3.4960000514984	-4.2879810136287
3.5006999969482	-4.2317748700163
3.5053999423981	-4.1784370115492
3.5100998878479	-4.1283431812059
3.5148000717163	-4.0814734945397
3.5195000171661	-4.0375020962049
3.5241999626160	-3.9959381088130
3.5288999080658	-3.9563143802801
3.5336000919342	-3.9183639281289
3.5383000373840	-3.8821206678224
3.5429999828339	-3.8479487221372
3.5476999282837	-3.8164704136859
3.5524001121521	-3.7884255436192
3.5571000576019	-3.7644982448123
3.5618000030518	-3.7451488115649
3.5664999485016	-3.7305087593768
3.5711998939514	-3.7203476716880
3.5759000778198	-3.7141284907933
3.5806000232697	-3.7111408959452
3.5852999687195	-3.7106614759270
3.5899999141693	-3.7121292647381
3.5947000980377	-3.7152642993362
3.5994000434875	-3.7201270592675
3.6040999889374	-3.7270694665708
3.6087999343872	-3.7366315105116
3.6135001182556	-3.7493737692558
3.6182000637054	-3.7657140865700
3.6229000091553	-3.7857980023386
3.6275999546051	-3.8094395169101
3.6322999000549	-3.8361439223453
3.6370000839233	-3.8652115605583
3.6417000293732	-3.8958916280992
3.6463999748230	-3.9275543449488
3.6510999202728	-3.9598360060103
3.6558001041412	-3.9927109553362
3.6605000495911	-4.0264860214654
3.6651999950409	-4.0617124016027
3.6698999404907	-4.0990172005233
3.6745998859406	-4.1389428964333
3.6793000698090	-4.1817827476324
3.6840000152588	-4.2275022610468
3.6886999607086	-4.2757206286870
3.6933999061584	-4.3258061619979
3.6981000900269	-4.3770164100601
3.7028000354767	-4.4286775500162
3.7074999809265	-4.4803602738349
3.7121999263763	-4.5319746149398
3.7169001102448	-4.5838009698011
3.7216000556946	-4.6364085214790
3.7263000011444	-4.6905090157664
3.7309999465942	-4.7467642092554
3.7356998920441	-4.8056039437075
3.7404000759125	-4.8671152229949
3.7451000213623	-4.9309950705035
3.7497999668121	-4.9966227587484
3.7544999122620	-5.0631993655896
3.7592000961304	-5.1299516144196
3.7639000415802	-5.1963153695589
3.7685999870300	-5.2620922808529
3.7732999324799	-5.3274925340761
3.7780001163483	-5.3930781733165
3.7827000617981	-5.4596156160419
3.7874000072479	-5.5278644427351
3.7920999526978	-5.5983594445372
3.7967998981476	-5.6712623003798
3.8015000820160	-5.7462833076099
3.8062000274658	-5.8227379011107
3.8108999729156	-5.8996857074069
3.8155999183655	-5.9761599806191
3.8203001022339	-6.0513958751278
3.8250000476837	-6.1250147413673
3.8296999931335	-6.1971195964356
3.8343999385834	-6.2682389300538
3.8390998840332	-6.3391803847028
3.8438000679016	-6.4107798658759
3.8485000133514	-6.4836522391386
3.8531999588013	-6.5579837849406
3.8578999042511	-6.6334377534890
3.8626000881195	-6.7091906374670
3.8673000335693	-6.7840966957349
3.8719999790192	-6.8569517676766
3.8766999244690	-6.9267705924528
3.8814001083374	-6.9930289008316
3.8861000537872	-7.0557786320843
3.8907999992371	-7.1156061975366
3.8954999446869	-7.1734514115238
3.9001998901367	-7.2303139272824
3.9049000740051	-7.2869516441867
3.9096000194550	-7.3436321672493
3.9142999649048	-7.4000218303330
3.9189999103546	-7.4552275552792
3.9237000942230	-7.5080091324210
3.9284000396729	-7.5570735621057
3.9330999851227	-7.6014328567479
3.9377999305725	-7.6406565132699
3.9425001144409	-7.6750077398468
3.9472000598907	-7.7053700954968
3.9519000053406	-7.7330276372008
3.9565999507904	-7.7593089877263
3.9612998962402	-7.7852469347908
3.9660000801086	-7.8113081180384
3.9707000255585	-7.8372789196389
3.9753999710083	-7.8623464070466
3.9800999164581	-7.8853318290494
3.9848001003265	-7.9050403621870
3.9895000457764	-7.9206315236064
3.9941999912262	-7.9318894674121
3.9988999366760	-7.9393304708261
4.0036001205444	-7.9441117517565
4.0082998275757	-7.9477660621737
4.0130000114441	-7.9518239693610
4.0177001953125	-7.9574552026156
4.0223999023438	-7.9651958683394
4.0271000862122	-7.9748560315004
4.0317997932434	-7.9856034916871
4.0364999771118	-7.9962278557647
4.0412001609802	-8.0055011789007
4.0458998680115	-8.0125497015189
4.0506000518799	-8.0171362944639
4.0553002357483	-8.0197602481186
4.0599999427795	-8.0215702216622
4.0647001266479	-8.0240848530057
4.0693998336792	-8.0288210087040
4.0741000175476	-8.0369250593114
4.0788002014160	-8.0488925248847
4.0834999084473	-8.0644682302138
4.0882000923157	-8.0827300286675
4.0928997993469	-8.1023365353667
4.0975999832153	-8.1219020586360
4.1023001670837	-8.1403782987446
4.1069998741150	-8.1573525201559
4.1117000579834	-8.1731847179528
4.1163997650146	-8.1889269389829
4.1210999488831	-8.2060608641951
4.1258001327515	-8.2261149681411
4.1304998397827	-8.2502758359073
4.1352000236511	-8.2790813723985
4.1399002075195	-8.3122796911421
4.1445999145508	-8.3488897156902
4.1493000984192	-8.3874414357405
4.1539998054504	-8.4263569957185
4.1586999893188	-8.4643616357720
4.1634001731873	-8.5008275970445
4.1680998802185	-8.5359585362487
4.1728000640869	-8.5707428492459
4.1774997711182	-8.6066967637626
4.1821999549866	-8.6454724110852
4.1869001388550	-8.6884134789124
4.1915998458862	-8.7362010877682
4.1963000297546	-8.7886641251084
4.2010002136230	-8.8447929451784
4.2056999206543	-8.9029795151261
4.2104001045227	-8.9614101817912
4.2150998115540	-9.0185325276589
4.2197999954224	-9.0734712627364
4.2245001792908	-9.1262740096573
4.2291998863220	-9.1779101188967
4.2339000701904	-9.2300221712038
4.2385997772217	-9.2844970613294
4.2432999610901	-9.3429643677090
4.2480001449585	-9.4063687733108
4.2526998519897	-9.4747047835828
4.2574000358582	-9.5470045596634
4.2621002197266	-9.6215615337038
4.2667999267578	-9.6963655999653
4.2715001106262	-9.7696432644772
4.2761998176575	-9.8403653347453
4.2809000015259	-9.9085702172688
4.2856001853943	-9.9754248116027
4.2902998924255	-10.042969302010
4.2950000762939	-10.113648071824
4.2996997833252	-10.189723925438
4.3043999671936	-10.272749129418
4.3091001510620	-10.363221897250
4.3137998580933	-10.460495673663
4.3185000419617	-10.562981552416
4.3232002258301	-10.668602727274
4.3278999328613	-10.775385826254
4.3326001167297	-10.882068378732
4.3372998237610	-10.988533763054
4.3420000076294	-11.095942462723
4.3467001914978	-11.206518175254
4.3513998985291	-11.323029164779
4.3561000823975	-11.448101872605
4.3607997894287	-11.583557217330
4.3654999732971	-11.729902858095
4.3702001571655	-11.886125635643
4.3748998641968	-12.049840964518
4.3796000480652	-12.217786523257
4.3843002319336	-12.386583859360
4.3889999389648	-12.553604877817
4.3937001228333	-12.717692421701
4.3983998298645	-12.879524850790
4.4031000137329	-13.041463263286
4.4078001976013	-13.206935879344
4.4124999046326	-13.379481699436
4.4172000885010	-13.561759923810
4.4218997955322	-13.754733675724
4.4265999794006	-13.957256297568
4.4313001632690	-14.166169749670
4.4359998703003	-14.376958874076
4.4407000541687	-14.584853026538
4.4454002380371	-14.786143911767
4.4500999450684	-14.979336817910
4.4548001289368	-15.165724291819
4.4594998359680	-15.349154284572
4.4642000198364	-15.535012421744
4.4689002037048	-15.728726943781
4.4735999107361	-15.934213410547
4.4783000946045	-16.152642004483
4.4829998016357	-16.381860499509
4.4876999855042	-16.616609850528
4.4924001693726	-16.849627726681
4.4970998764038	-17.073483492321
4.5018000602722	-17.282759353391
4.5064997673035	-17.475799410559
4.5111999511719	-17.655425897692
4.5159001350403	-17.828157104285
4.5205998420715	-18.002200805128
4.5253000259399	-18.184879159290
4.5300002098083	-18.380236915573
4.5346999168396	-18.587432678551
4.5394001007080	-18.800292973616
4.5440998077393	-19.008297790015
4.5487999916077	-19.199040137200
4.5535001754761	-19.361766747413
4.5581998825073	-19.490867273526
4.5629000663757	-19.587885800400
4.5675997734070	-19.660979974304
4.5722999572754	-19.722018661635
4.5770001411438	-19.782462464404
4.5816998481750	-19.849524951237
4.5864000320435	-19.923729904650
4.5911002159119	-19.998293362723
4.5957999229431	-20.060646790453
4.6005001068115	-20.095948264042
4.6051998138428	-20.091930283309
4.6098999977112	-20.043397442559
4.6146001815796	-19.954385577460
4.6192998886108	-19.836821460985
4.6240000724792	-19.706443753997
4.6286997795105	-19.577821016012
4.6333999633789	-19.460364464401
4.6381001472473	-19.356227166339
4.6427998542786	-19.260254641447
4.6475000381470	-19.161846559777
4.6522002220154	-19.048377604063
4.6568999290466	-18.909349308925
4.6616001129150	-18.740154517668
4.6662998199463	-18.543759732446
4.6710000038147	-18.329786296463
4.6757001876831	-18.111368257816
4.6803998947144	-17.901244547575
4.6851000785828	-17.708479579472
4.6897997856140	-17.536521689746
4.6944999694824	-17.382810619381
4.6992001533508	-17.239803342505
4.7038998603821	-17.097174023007
4.7086000442505	-16.944804084419
4.7133002281189	-16.775802218241
4.7179999351501	-16.588647952334
4.7227001190186	-16.387585444576
4.7273998260498	-16.181198058700
4.7321000099182	-15.979766224614
4.7368001937866	-15.792412796307
4.7414999008179	-15.624835294769
4.7462000846863	-15.478119876798
4.7508997917175	-15.348683168817
4.7555999755859	-15.229297310921
4.7603001594543	-15.110968310432
4.7649998664856	-14.985399026777
4.7697000503540	-14.847294988380
4.7744002342224	-14.695917362281
4.7790999412537	-14.535219954890
4.7838001251221	-14.372593916040
4.7884998321533	-14.216673106831
4.7932000160217	-14.075002804634
4.7979001998901	-13.952160418453
4.8025999069214	-13.848736160050
4.8073000907898	-13.761303725973
4.8119997978210	-13.683269705455
4.8166999816895	-13.606537060612
4.8214001655579	-13.523633802285
4.8260998725891	-13.429767290957
4.8308000564575	-13.324206616769
4.8354997634888	-13.210461813161
4.8401999473572	-13.095206544833
4.8449001312256	-12.986350255271
4.8495998382568	-12.890888655203
4.8543000221252	-12.813128373796
4.8590002059937	-12.753669045593
4.8636999130249	-12.709261937401
4.8684000968933	-12.673572393636
4.8730998039246	-12.638698129540
4.8777999877930	-12.597216095610
4.8825001716614	-12.544207375376
4.8871998786926	-12.478692776458
4.8919000625610	-12.403915155706
4.8965997695923	-12.326376092381
4.9012999534607	-12.253951999892
4.9060001373291	-12.193738109745
4.9106998443604	-12.150198230102
4.9154000282288	-12.124074508813
4.9201002120972	-12.112145096081
4.9247999191284	-12.107950027920
4.9295001029968	-12.103313911439
4.9341998100281	-12.090462845656
4.9388999938965	-12.064174491121
4.9436001777649	-12.023338504348
4.9482998847961	-11.971303463712
4.9530000686646	-11.914879434936
4.9576997756958	-11.862303438570
4.9623999595642	-11.820916580269
4.9671001434326	-11.795141446915
4.9717998504639	-11.785261846948
4.9765000343323	-11.787150564123
4.9812002182007	-11.793050577584
4.9858999252319	-11.793287074139
4.9906001091003	-11.778677493488
4.9952998161316	-11.743004011012
5.0000000000000	-11.684750882795
#Parameters = {R_fat=48; R_glandular=38; R_skin_outer=50; T10=5; T15=7.5; T5=2.5; T_rad=4; T_x=10; T_y=0; T_z=75; Zc=65; skin_thickness=2; Mesh Pass=1}
#"Frequency / GHz"	"S1,1 (Mesh Pass=1) [Magnitude / dB]"
#-------------------------------------------------------
0.30000001192093	-6.6538107077803
0.30469998717308	-6.5206620708775
0.30939999222755	-6.3811417459910
0.31409999728203	-6.2359209527223
0.31880000233650	-6.0862614538123
0.32350000739098	-5.9338474391712
0.32820001244545	-5.7805312979351
0.33289998769760	-5.6280564022874
0.33759999275208	-5.4777872811485
0.34229999780655	-5.3305291778852
0.34700000286102	-5.1864381587897
0.35170000791550	-5.0450549924201
0.35640001296997	-4.9054553723477
0.36109998822212	-4.7664950565510
0.36579999327660	-4.6270999477564
0.37049999833107	-4.4865593456480
0.37520000338554	-4.3447375823867
0.37990000844002	-4.2021747395040
0.38460001349449	-4.0600169254176
0.38929998874664	-3.9198356591323
0.39399999380112	-3.7833199124247
0.39869999885559	-3.6519581936935
0.40340000391006	-3.5267339774149
0.40810000896454	-3.4079214549309
0.41280001401901	-3.2950236352684
0.41749998927116	-3.1868562564799
0.42219999432564	-3.0817960492827
0.42689999938011	-2.9781406766761
0.43160000443459	-2.8745071561312
0.43630000948906	-2.7701807319030
0.44100001454353	-2.6653147081509
0.44569998979568	-2.5609296560270
0.45039999485016	-2.4586927315950
0.45509999990463	-2.3605412053559
0.45980000495911	-2.2682315349765
0.46450001001358	-2.1829019171802
0.46919998526573	-2.1047656622972
0.47389999032021	-2.0330051574387
0.47859999537468	-1.9658959997662
0.48330000042915	-1.9011684513058
0.48800000548363	-1.8365262736150
0.49270001053810	-1.7702174780585
0.49739998579025	-1.7014926859698
0.50209999084473	-1.6308302348062
0.50679999589920	-1.5598450719134
0.51150000095367	-1.4908953609328
0.51620000600815	-1.4265018537458
0.52090001106262	-1.3686964846715
0.52560001611710	-1.3184729514739
0.53030002117157	-1.2754741599832
0.53500002622604	-1.2379861156849
0.53969997167587	-1.2032849343375
0.54439997673035	-1.1682838920802
0.54909998178482	-1.1303061049539
0.55379998683929	-1.0878246573461
0.55849999189377	-1.0409015046347
0.56319999694824	-0.99122618654497
0.56790000200272	-0.94171082369171
0.57260000705719	-0.89573546074289
0.57730001211166	-0.85627068480297
0.58200001716614	-0.82506828450094
0.58670002222061	-0.80212873652387
0.59140002727509	-0.78559777089310
0.59609997272491	-0.77212567334587
0.60079997777939	-0.75767676882050
0.60549998283386	-0.73858596876235
0.61019998788834	-0.71258458751534
0.61489999294281	-0.67951054759351
0.61959999799728	-0.64143143118839
0.62430000305176	-0.60214758552364
0.62900000810623	-0.56622316554344
0.63370001316071	-0.53774945745453
0.63840001821518	-0.51921936915266
0.64310002326965	-0.51077137010071
0.64780002832413	-0.50996712668717
0.65249997377396	-0.51227781827538
0.65719997882843	-0.51217434147474
0.66189998388290	-0.50462448500056
0.66659998893738	-0.48658350843714
0.67129999399185	-0.45802142675618
0.67599999904633	-0.42212229587339
0.68070000410080	-0.38455242909670
0.68540000915527	-0.35198962159430
0.69010001420975	-0.33031270242058
0.69480001926422	-0.32292123786355
0.69950002431870	-0.32955749675120
0.70420002937317	-0.34599358468877
0.70889997482300	-0.36475499511885
0.71359997987747	-0.37691643072210
0.71829998493195	-0.37463890160450
0.72299998998642	-0.35384666125472
0.72769999504089	-0.31615900402914
0.73240000009537	-0.26937925568411
0.73710000514984	-0.22632171604067
0.74180001020432	-0.20233386520848
0.74650001525879	-0.21216675155236
0.75120002031326	-0.26681516922764
0.75590002536774	-0.37077790778480
0.76059997081757	-0.52002373201524
0.76529997587204	-0.70099096318544
0.76999998092651	-0.89112050084856
0.77469998598099	-1.0616288304013
0.77939999103546	-1.1829366498078
0.78409999608994	-1.2320956457591
0.78880000114441	-1.1997757373561
0.79350000619888	-1.0934632068667
0.79820001125336	-0.93509793036071
0.80290001630783	-0.75453713735892
0.80760002136230	-0.58200185279827
0.81230002641678	-0.44207535939100
0.81699997186661	-0.35004869889057
0.82169997692108	-0.31036196834909
0.82639998197556	-0.31671743911378
0.83109998703003	-0.35375392648860
0.83579999208450	-0.40038122108145
0.84049999713898	-0.43469904005265
0.84520000219345	-0.43981389973028
0.84990000724792	-0.40892930918761
0.85460001230240	-0.34778381472520
0.85930001735687	-0.27341203828546
0.86400002241135	-0.20980180438487
0.86870002746582	-0.18222467344134
0.87339997291565	-0.21189233278295
0.87809997797012	-0.31181330045743
0.88279998302460	-0.48394959150135
0.88749998807907	-0.71748034018615
0.89219999313354	-0.98822732289675
0.89689999818802	-1.2598467635589
0.90160000324249	-1.4881697696520
0.90630000829697	-1.6300143740806
0.91100001335144	-1.6554037866003
0.91570001840591	-1.5580514329206
0.92040002346039	-1.3576193610938
0.92510002851486	-1.0921344045100
0.92979997396469	-0.80564951807493
0.93449997901917	-0.53763830408610
0.93919998407364	-0.31699200004084
0.94389998912811	-0.16001158174099
0.94859999418259	-0.070815454119659
0.95329999923706	-0.042984565354282
0.95800000429153	-0.062023972823493
0.96270000934601	-0.10849768595796
0.96740001440048	-0.16175532502802
0.97210001945496	-0.20386858489482
0.97680002450943	-0.22306396585231
0.98150002956390	-0.21563480667367
0.98619997501373	-0.18571085412182
0.99089998006821	-0.14299336619166
0.99559998512268	-0.099344190463360
1.0003000497818	-0.065385221524975
1.0049999952316	-0.048001602017487
1.0096999406815	-0.049148248164369
1.0144000053406	-0.065953037613341
1.0190999507904	-0.091898698200146
1.0238000154495	-0.11874566003902
1.0284999608994	-0.13875119337112
1.0332000255585	-0.14664982840043
1.0378999710083	-0.14088540384280
1.0426000356674	-0.12373495904105
1.0472999811172	-0.10037780121513
1.0520000457764	-0.077231498582428
1.0566999912262	-0.060144764736316
1.0614000558853	-0.052909519459203
1.0661000013351	-0.056470021135514
1.0707999467850	-0.068897347242834
1.0755000114441	-0.086084999029031
1.0801999568939	-0.10293052532434
1.0849000215530	-0.11473941555037
1.0895999670029	-0.11844119236612
1.0943000316620	-0.11335397873408
1.0989999771118	-0.10121307041358
1.1037000417709	-0.085561877906053
1.1083999872208	-0.070672261825777
1.1131000518799	-0.060356652346763
1.1177999973297	-0.056982195567393
1.1224999427795	-0.060968337620463
1.1272000074387	-0.070772658576595
1.1318999528885	-0.083407631917687
1.1366000175476	-0.095293896323586
1.1412999629974	-0.10322272461130
1.1460000276566	-0.10520390844521
1.1506999731064	-0.10094664613269
1.1554000377655	-0.091854724428036
1.1600999832153	-0.080559427236509
1.1648000478745	-0.070155115622385
1.1694999933243	-0.063353234129646
1.1742000579834	-0.061802946340307
1.1789000034332	-0.065743948996346
1.1835999488831	-0.074022142359326
1.1883000135422	-0.084488306561702
1.1929999589920	-0.094605063936280
1.1977000236511	-0.10214061989264
1.2023999691010	-0.10572860087446
1.2071000337601	-0.10517228125499
1.2117999792099	-0.10140518744209
1.2165000438690	-0.096130690725620
1.2211999893188	-0.091278963253111
1.2259000539780	-0.088426283157641
1.2305999994278	-0.088367469634109
1.2352999448776	-0.090921331912529
1.2400000095367	-0.095039166893516
1.2446999549866	-0.099134117801503
1.2494000196457	-0.10158474838374
1.2540999650955	-0.10121839241398
1.2588000297546	-0.097659396815561
1.2634999752045	-0.091463723245976
1.2682000398636	-0.083950703892901
1.2728999853134	-0.076847102282099
1.2776000499725	-0.071796531916912
1.2822999954224	-0.069926895433890
1.2869999408722	-0.071546820753326
1.2917000055313	-0.076079605733105
1.2963999509811	-0.082220133767858
1.3011000156403	-0.088294289763151
1.3057999610901	-0.092710910842974
1.3105000257492	-0.094368439557813
1.3151999711990	-0.092952276380487
1.3199000358582	-0.088987700778425
1.3245999813080	-0.083670963189610
1.3293000459671	-0.078529768782820
1.3339999914169	-0.074997306258539
1.3387000560760	-0.074021518920481
1.3434000015259	-0.075850225370499
1.3480999469757	-0.079960056780820
1.3528000116348	-0.085246389813582
1.3574999570847	-0.090314757855069
1.3622000217438	-0.093879711924690
1.3668999671936	-0.095095585189250
1.3716000318527	-0.093787013996629
1.3762999773026	-0.090472280011325
1.3810000419617	-0.086201176278459
1.3856999874115	-0.082250327576441
1.3904000520706	-0.079775623957147
1.3950999975204	-0.079493378248730
1.3997999429703	-0.081519359041037
1.4045000076294	-0.085333134755913
1.4091999530792	-0.089957278883423
1.4139000177383	-0.094219621606416
1.4185999631882	-0.097089341670829
1.4233000278473	-0.097936318967466
1.4279999732971	-0.096707469845801
1.4327000379562	-0.093923125965991
1.4373999834061	-0.090511139662167
1.4421000480652	-0.087553383578124
1.4467999935150	-0.085973973133325
1.4515000581741	-0.086306524673059
1.4562000036240	-0.088552497143510
1.4608999490738	-0.092200035310041
1.4656000137329	-0.096378275264393
1.4702999591827	-0.10010116479104
1.4750000238419	-0.10253407091689
1.4796999692917	-0.10322408692357
1.4844000339508	-0.10221341261439
1.4890999794006	-0.10001598932351
1.4938000440598	-0.097459900558257
1.4984999895096	-0.095461875131147
1.5032000541687	-0.094761148786426
1.5078999996185	-0.095746825133648
1.5125999450684	-0.098337296899510
1.5173000097275	-0.10203449799145
1.5219999551773	-0.10606097388078
1.5267000198364	-0.10958343576850
1.5313999652863	-0.11193859699386
1.5361000299454	-0.11280927583269
1.5407999753952	-0.11230538416109
1.5455000400543	-0.11092746254799
1.5501999855042	-0.10941966300657
1.5549000501633	-0.10855399539149
1.5595999956131	-0.10892634375442
1.5642999410629	-0.11080424431739
1.5690000057220	-0.11405184402283
1.5736999511719	-0.11819004975888
1.5784000158310	-0.12253078666007
1.5830999612808	-0.12636841296749
1.5878000259399	-0.12917609274885
1.5924999713898	-0.13075127111621
1.5972000360489	-0.13125544901663
1.6018999814987	-0.13117022074685
1.6066000461578	-0.13115769209400
1.6112999916077	-0.13187601237132
1.6160000562668	-0.13379792959160
1.6207000017166	-0.13709312404987
1.6253999471664	-0.14159318091201
1.6301000118256	-0.14684044857331
1.6347999572754	-0.15221976803282
1.6395000219345	-0.15714297295501
1.6441999673843	-0.16119642354173
1.6489000320435	-0.16425678803331
1.6535999774933	-0.16652627056880
1.6583000421524	-0.16845644593718
1.6629999876022	-0.17063598808323
1.6677000522614	-0.17362034512068
1.6723999977112	-0.17777384889492
1.6770999431610	-0.18319366540791
1.6818000078201	-0.18967094241574
1.6864999532700	-0.19677253282809
1.6912000179291	-0.20394455118288
1.6958999633789	-0.21068084186773
1.7006000280380	-0.21665637462499
1.7052999734879	-0.22180279206944
1.7100000381470	-0.22633378503991
1.7146999835968	-0.23066396223608
1.7194000482559	-0.23530392544961
1.7240999937057	-0.24070348467899
1.7288000583649	-0.24712736433471
1.7335000038147	-0.25459013793869
1.7381999492645	-0.26285064038907
1.7429000139236	-0.27147140465155
1.7475999593735	-0.27994344281524
1.7523000240326	-0.28781492276784
1.7569999694824	-0.29481564781589
1.7617000341415	-0.30091305501755
1.7663999795914	-0.30631323408997
1.7711000442505	-0.31139226761737
1.7757999897003	-0.31658189237750
1.7805000543594	-0.32224287402657
1.7851999998093	-0.32855562937908
1.7898999452591	-0.33547674806852
1.7946000099182	-0.34273533795917
1.7992999553680	-0.34991988163192
1.8040000200272	-0.35657273969600
1.8086999654770	-0.36231735869361
1.8134000301361	-0.36695637102038
1.8180999755859	-0.37051277332467
1.8228000402451	-0.37322349831176
1.8274999856949	-0.37545603920066
1.8322000503540	-0.37761050942070
1.8368999958038	-0.38000083855791
1.8415999412537	-0.38277789407777
1.8463000059128	-0.38587607040899
1.8509999513626	-0.38905821566272
1.8557000160217	-0.39195811212489
1.8603999614716	-0.39421383487782
1.8651000261307	-0.39554517980204
1.8697999715805	-0.39584878457644
1.8745000362396	-0.39522169993797
1.8791999816895	-0.39392962297478
1.8839000463486	-0.39234082378585
1.8885999917984	-0.39082381855266
1.8933000564575	-0.38964769998958
1.8980000019073	-0.38892075058625
1.9026999473572	-0.38856258979875
1.9074000120163	-0.38833930525195
1.9120999574661	-0.38793167689174
1.9168000221252	-0.38703578535142
1.9214999675751	-0.38544291214737
1.9262000322342	-0.38310985778801
1.9308999776840	-0.38015967072687
1.9356000423431	-0.37686086545547
1.9402999877930	-0.37354406190104
1.9450000524521	-0.37051999898114
1.9496999979019	-0.36799288667302
1.9543999433517	-0.36601366810583
1.9591000080109	-0.36447067426201
1.9637999534607	-0.36312734157008
1.9685000181198	-0.36169145160323
1.9731999635696	-0.35990257972486
1.9779000282288	-0.35760286467435
1.9825999736786	-0.35478450940384
1.9873000383377	-0.35158431767292
1.9919999837875	-0.34825273774368
1.9967000484467	-0.34507806973583
2.0013999938965	-0.34230915329442
2.0060999393463	-0.34008972320241
2.0107998847961	-0.33842556963624
2.0155000686646	-0.33717877355380
2.0202000141144	-0.33612102019675
2.0248999595642	-0.33499314241543
2.0295999050140	-0.33358232363282
2.0343000888824	-0.33177819131120
2.0390000343323	-0.32960468689565
2.0436999797821	-0.32721149647324
2.0483999252319	-0.32482810194760
2.0531001091003	-0.32270064275042
2.0578000545502	-0.32102430841035
2.0625000000000	-0.31988931248947
2.0671999454498	-0.31926251697619
2.0718998908997	-0.31899957223296
2.0766000747681	-0.31888634671246
2.0813000202179	-0.31870490375493
2.0859999656677	-0.31829332432042
2.0906999111176	-0.31759113347553
2.0954000949860	-0.31665472270228
2.1001000404358	-0.31564133618196
2.1047999858856	-0.31475958269491
2.1094999313354	-0.31421216159363
2.1142001152039	-0.31414305924279
2.1189000606537	-0.31459619029093
2.1236000061035	-0.31551020566321
2.1282999515533	-0.31673681240626
2.1329998970032	-0.31809350820207
2.1377000808716	-0.31940993611796
2.1424000263214	-0.32058611779732
2.1470999717712	-0.32161541891128
2.1517999172211	-0.32258584437582
2.1565001010895	-0.32365817623828
2.1612000465393	-0.32501392770801
2.1658999919891	-0.32680802400463
2.1705999374390	-0.32912688745096
2.1752998828888	-0.33196737413027
2.1800000667572	-0.33524552378733
2.1847000122070	-0.33882966745536
2.1893999576569	-0.34258073604091
2.1940999031067	-0.34640776188808
2.1988000869751	-0.35029383526513
2.2035000324249	-0.35430388983728
2.2081999778748	-0.35856930263779
2.2128999233246	-0.36324877390580
2.2176001071930	-0.36848288511943
2.2223000526428	-0.37435401451494
2.2269999980927	-0.38086731709581
2.2316999435425	-0.38795985653917
2.2363998889923	-0.39553308686138
2.2411000728607	-0.40350471974713
2.2458000183105	-0.41184759130310
2.2504999637604	-0.42062716449960
2.2551999092102	-0.42998379893065
2.2599000930786	-0.44009989192379
2.2646000385284	-0.45111352407588
2.2692999839783	-0.46303773418103
2.2739999294281	-0.47567214300176
2.2787001132965	-0.48856799597196
2.2834000587463	-0.50103303954942
2.2881000041962	-0.51221042477942
2.2927999496460	-0.52120856794926
2.2974998950958	-0.52727935310699
2.3022000789642	-0.52998055112083
2.3069000244141	-0.52931174091471
2.3115999698639	-0.52576794381360
2.3162999153137	-0.52030909651173
2.3210000991821	-0.51422129180074
2.3257000446320	-0.50892376792667
2.3303999900818	-0.50574987589676
2.3350999355316	-0.50574133244655
2.3397998809814	-0.50950455035039
2.3445000648499	-0.51715316175182
2.3492000102997	-0.52833256888715
2.3538999557495	-0.54232976097596
2.3585999011993	-0.55823242410506
2.3633000850677	-0.57511654526855
2.3680000305176	-0.59219967860084
2.3726999759674	-0.60896379132903
2.3773999214172	-0.62520226132701
2.3821001052856	-0.64098052743889
2.3868000507355	-0.65654962017505
2.3914999961853	-0.67222212560198
2.3961999416351	-0.68824246091815
2.4008998870850	-0.70469854426698
2.4056000709534	-0.72148163658362
2.4103000164032	-0.73830232563535
2.4149999618530	-0.75476089206344
2.4196999073029	-0.77044416776465
2.4244000911713	-0.78502028309636
2.4291000366211	-0.79830890124558
2.4337999820709	-0.81031728652379
2.4384999275208	-0.82120328086177
2.4432001113892	-0.83122280076892
2.4479000568390	-0.84063839093338
2.4526000022888	-0.84963675356652
2.4572999477386	-0.85827246813545
2.4619998931885	-0.86644988703558
2.4667000770569	-0.87395288126996
2.4714000225067	-0.88050702121988
2.4760999679565	-0.88586021390295
2.4807999134064	-0.88985215537731
2.4855000972748	-0.89246901961360
2.4902000427246	-0.89384466251603
2.4948999881744	-0.89423128391846
2.4995999336243	-0.89393682983015
2.5043001174927	-0.89324563076355
2.5090000629425	-0.89235353843831
2.5137000083923	-0.89132811604070
2.5183999538422	-0.89010590570757
2.5230998992920	-0.88852573320162
2.5278000831604	-0.88638797543635
2.5325000286102	-0.88352797221612
2.5371999740601	-0.87987224202090
2.5418999195099	-0.87547164189559
2.5466001033783	-0.87049382458144
2.5513000488281	-0.86519299253583
2.5559999942780	-0.85984430901400
2.5606999397278	-0.85467845094706
2.5653998851776	-0.84983166162106
2.5701000690460	-0.84531877666728
2.5748000144958	-0.84103630297084
2.5794999599457	-0.83680961501614
2.5841999053955	-0.83244224111476
2.5889000892639	-0.82778222336701
2.5936000347137	-0.82276905843694
2.5982999801636	-0.81745363375645
2.6029999256134	-0.81199167265092
2.6077001094818	-0.80659788921231
2.6124000549316	-0.80149492687539
2.6171000003815	-0.79685393100403
2.6217999458313	-0.79275143855656
2.6264998912811	-0.78915347771802
2.6312000751495	-0.78592939628615
2.6359000205994	-0.78288885137564
2.6405999660492	-0.77984168566073
2.6452999114990	-0.77664853790469
2.6500000953674	-0.77326133606238
2.6547000408173	-0.76973604010819
2.6593999862671	-0.76621614492382
2.6640999317169	-0.76289420858204
2.6688001155853	-0.75995761446934
2.6735000610352	-0.75754141295250
2.6782000064850	-0.75568297502652
2.6828999519348	-0.75432447043025
2.6875998973846	-0.75332232784907
2.6923000812531	-0.75248963362828
2.6970000267029	-0.75165055670514
2.7016999721527	-0.75068496692772
2.7063999176025	-0.74955925839804
2.7111001014709	-0.74834154828091
2.7158000469208	-0.74717437084887
2.7204999923706	-0.74623535918925
2.7251999378204	-0.74569034557726
2.7298998832703	-0.74564647355831
2.7346000671387	-0.74612297067068
2.7393000125885	-0.74704502353693
2.7439999580383	-0.74826411759239
2.7486999034882	-0.74960531847239
2.7534000873566	-0.75090662619700
2.7581000328064	-0.75206802047357
2.7627999782562	-0.75307546060665
2.7674999237061	-0.75400673213583
2.7722001075745	-0.75500499230218
2.7769000530243	-0.75624064907979
2.7815999984741	-0.75786183192041
2.7862999439240	-0.75995828860187
2.7909998893738	-0.76252906413535
2.7957000732422	-0.76549132545256
2.8004000186920	-0.76869977264614
2.8050999641418	-0.77198479244861
2.8097999095917	-0.77520142803249
2.8145000934601	-0.77827179328242
2.8192000389099	-0.78119722406316
2.8238999843597	-0.78406661783358
2.8285999298096	-0.78702647696972
2.8333001136780	-0.79024085370140
2.8380000591278	-0.79384619197230
2.8427000045776	-0.79791388651633
2.8473999500275	-0.80243333913139
2.8520998954773	-0.80731323300344
2.8568000793457	-0.81240875447371
2.8615000247955	-0.81755990875472
2.8661999702454	-0.82263661364134
2.8708999156952	-0.82757759102074
2.8756000995636	-0.83240210642994
2.8803000450134	-0.83720790578901
2.8849999904633	-0.84214162779123
2.8896999359131	-0.84736290117013
2.8943998813629	-0.85299704964981
2.8991000652313	-0.85910079803565
2.9038000106812	-0.86565155788411
2.9084999561310	-0.87255102560515
2.9131999015808	-0.87965317612844
2.9179000854492	-0.88680667151398
2.9226000308990	-0.89389640764432
2.9272999763489	-0.90087147475282
2.9319999217987	-0.90776823673603
2.9367001056671	-0.91468900117748
2.9414000511169	-0.92178558784354
2.9460999965668	-0.92920872999525
2.9507999420166	-0.93707068301393
2.9554998874664	-0.94541484159597
2.9602000713348	-0.95420684369038
2.9649000167847	-0.96333747296094
2.9695999622345	-0.97265882777176
2.9742999076843	-0.98202240363850
2.9790000915527	-0.99132081890883
2.9837000370026	-1.0005154735132
2.9883999824524	-1.0096480402202
2.9930999279022	-1.0188296046244
2.9978001117706	-1.0282019361652
3.0025000572205	-1.0379106113767
3.0072000026703	-1.0480522987125
3.0118999481201	-1.0586529480720
3.0165998935699	-1.0696589734002
3.0213000774384	-1.0809490748340
3.0260000228882	-1.0923693740828
3.0306999683380	-1.1037701157168
3.0353999137878	-1.1150460660265
3.0401000976562	-1.1261648009581
3.0448000431061	-1.1371724815646
3.0494999885559	-1.1481769376690
3.0541999340057	-1.1593181514006
3.0589001178741	-1.1707213668071
3.0636000633240	-1.1824658665479
3.0683000087738	-1.1945537058693
3.0729999542236	-1.2069056707568
3.0776998996735	-1.2193840013697
3.0824000835419	-1.2318176275022
3.0871000289917	-1.2440524743008
3.0917999744415	-1.2559823829833
3.0964999198914	-1.2675755159800
3.1012001037598	-1.2788829583067
3.1059000492096	-1.2900105326837
3.1105999946594	-1.3010889976127
3.1152999401093	-1.3122300030635
3.1199998855591	-1.3234923939234
3.1247000694275	-1.3348537077562
3.1294000148773	-1.3462158016972
3.1340999603271	-1.3574222008922
3.1387999057770	-1.3682928887728
3.1435000896454	-1.3786724756539
3.1482000350952	-1.3884637263122
3.1528999805450	-1.3976460880440
3.1575999259949	-1.4062825903019
3.1623001098633	-1.4144866283900
3.1670000553131	-1.4223934401345
3.1717000007629	-1.4301138704840
3.1763999462128	-1.4376977633292
3.1810998916626	-1.4451162789945
3.1858000755310	-1.4522673755277
3.1905000209808	-1.4589984248749
3.1951999664307	-1.4651448619783
3.1998999118805	-1.4705778594312
3.2046000957489	-1.4752338309131
3.2093000411987	-1.4791307776537
3.2139999866486	-1.4823718346897
3.2186999320984	-1.4851048845661
3.2234001159668	-1.4874944234926
3.2281000614166	-1.4896704595840
3.2328000068665	-1.4917011029871
3.2374999523163	-1.4935771396414
3.2421998977661	-1.4952186541482
3.2469000816345	-1.4965034505813
3.2516000270844	-1.4973108724704
3.2562999725342	-1.4975621408656
3.2609999179840	-1.4972493195520
3.2657001018524	-1.4964525514123
3.2704000473022	-1.4953259095400
3.2750999927521	-1.4940698496900
3.2797999382019	-1.4928867779517
3.2844998836517	-1.4919465512003
3.2892000675201	-1.4913480723183
3.2939000129700	-1.4911164160663
3.2985999584198	-1.4912131801707
3.3032999038696	-1.4915665090856
3.3080000877380	-1.4921116182250
3.3127000331879	-1.4928336729736
3.3173999786377	-1.4937977777820
3.3220999240875	-1.4951515930732
3.3268001079559	-1.4971215970733
3.3315000534058	-1.4999742669859
3.3361999988556	-1.5039820902624
3.3408999443054	-1.5093807020098
3.3455998897552	-1.5163454246108
3.3503000736237	-1.5249832173064
3.3550000190735	-1.5353496557828
3.3596999645233	-1.5474793619432
3.3643999099731	-1.5614273089670
3.3691000938416	-1.5773104715068
3.3738000392914	-1.5953308768775
3.3784999847412	-1.6157885143482
3.3831999301910	-1.6390604424380
3.3879001140594	-1.6655784685976
3.3926000595093	-1.6957783845782
3.3973000049591	-1.7300649947590
3.4019999504089	-1.7687792578752
3.4066998958588	-1.8121847206500
3.4114000797272	-1.8604754353179
3.4161000251770	-1.9137937990587
3.4207999706268	-1.9722572241454
3.4254999160767	-2.0359849629926
3.4302000999451	-2.1050993342548
3.4349000453949	-2.1797153477542
3.4395999908447	-2.2598948001042
3.4442999362946	-2.3455855637300
3.4489998817444	-2.4365390195808
3.4537000656128	-2.5322387587514
3.4584000110626	-2.6318314644373
3.4630999565125	-2.7340961588707
3.4677999019623	-2.8374599816348
3.4725000858307	-2.9400475714697
3.4772000312805	-3.0397826544787
3.4818999767303	-3.1345195102260
3.4865999221802	-3.2221861103453
3.4913001060486	-3.3009142656648
3.4960000514984	-3.3691472081173
3.5006999969482	-3.4257055578028
3.5053999423981	-3.4698077321993
3.5100998878479	-3.5010653735402
3.5148000717163	-3.5194594658223
3.5195000171661	-3.5253081791149
3.5241999626160	-3.5192485411642
3.5288999080658	-3.5022100535594
3.5336000919342	-3.4753776354359
3.5383000373840	-3.4401544326486
3.5429999828339	-3.3980858110524
3.5476999282837	-3.3507704420820
3.5524001121521	-3.2997541486845
3.5571000576019	-3.2464411246295
3.5618000030518	-3.1920111518543
3.5664999485016	-3.1373803112782
3.5711998939514	-3.0832076150794
3.5759000778198	-3.0299193106125
3.5806000232697	-2.9777809078155
3.5852999687195	-2.9269730215742
3.5899999141693	-2.8776502662505
3.5947000980377	-2.8299955421200
3.5994000434875	-2.7842329886360
3.6040999889374	-2.7406187548320
3.6087999343872	-2.6993998441617
3.6135001182556	-2.6607746478409
3.6182000637054	-2.6248476583919
3.6229000091553	-2.5916144613866
3.6275999546051	-2.5609550405022
3.6322999000549	-2.5326666454995
3.6370000839233	-2.5065116293919
3.6417000293732	-2.4822687488537
3.6463999748230	-2.4597818879297
3.6510999202728	-2.4389884334849
3.6558001041412	-2.4199245310431
3.6605000495911	-2.4027032378708
3.6651999950409	-2.3874657977360
3.6698999404907	-2.3743399225742
3.6745998859406	-2.3633906056756
3.6793000698090	-2.3545947237400
3.6840000152588	-2.3478376551546
3.6886999607086	-2.3429409732707
3.6933999061584	-2.3396991525628
3.6981000900269	-2.3379356515875
3.7028000354767	-2.3375434974927
3.7074999809265	-2.3385158692722
3.7121999263763	-2.3409445170920
3.7169001102448	-2.3450013769269
3.7216000556946	-2.3508918549738
3.7263000011444	-2.3588026732089
3.7309999465942	-2.3688615812530
3.7356998920441	-2.3811045549460
3.7404000759125	-2.3954771058839
3.7451000213623	-2.4118573804998
3.7497999668121	-2.4300958780444
3.7544999122620	-2.4500708040311
3.7592000961304	-2.4717321778311
3.7639000415802	-2.4951324817292
3.7685999870300	-2.5204241068622
3.7732999324799	-2.5478391854190
3.7780001163483	-2.5776396790888
3.7827000617981	-2.6100658350530
3.7874000072479	-2.6452818024904
3.7920999526978	-2.6833437273585
3.7967998981476	-2.7241964969792
3.8015000820160	-2.7676941928356
3.8062000274658	-2.8136410170930
3.8108999729156	-2.8618506366472
3.8155999183655	-2.9121881964336
3.8203001022339	-2.9646063678537
3.8250000476837	-3.0191380966398
3.8296999931335	-3.0758730987852
3.8343999385834	-3.1348946238211
3.8390998840332	-3.1962206438869
3.8438000679016	-3.2597366773910
3.8485000133514	-3.3251596943030
3.8531999588013	-3.3920309669504
3.8578999042511	-3.4597461110477
3.8626000881195	-3.5276136848830
3.8673000335693	-3.5949330180469
3.8719999790192	-3.6610652350949
3.8766999244690	-3.7254800803589
3.8814001083374	-3.7877734968307
3.8861000537872	-3.8476426642083
3.8907999992371	-3.9048333136277
3.8954999446869	-3.9590704932918
3.9001998901367	-4.0100128635824
3.9049000740051	-4.0572230516591
3.9096000194550	-4.1001913860033
3.9142999649048	-4.1383949107569
3.9189999103546	-4.1713870203578
3.9237000942230	-4.1988842175641
3.9284000396729	-4.2208455782901
3.9330999851227	-4.2374819999043
3.9377999305725	-4.2492434053214
3.9425001144409	-4.2567324434428
3.9472000598907	-4.2606129941684
3.9519000053406	-4.2615019605049
3.9565999507904	-4.2599024365216
3.9612998962402	-4.2561658671611
3.9660000801086	-4.2505195360131
3.9707000255585	-4.2431193820028
3.9753999710083	-4.2341357124564
3.9800999164581	-4.2238262007238
3.9848001003265	-4.2125923505968
3.9895000457764	-4.2009764463817
3.9941999912262	-4.1896357227048
3.9988999366760	-4.1792634766062
4.0036001205444	-4.1705081428251
4.0082998275757	-4.1638944520828
4.0130000114441	-4.1597790745084
4.0177001953125	-4.1583443811198
4.0223999023438	-4.1596382493182
4.0271000862122	-4.1636471278552
4.0317997932434	-4.1703837538639
4.0364999771118	-4.1799727981549
4.0412001609802	-4.1926980639299
4.0458998680115	-4.2090235687884
4.0506000518799	-4.2295613115132
4.0553002357483	-4.2550082461486
4.0599999427795	-4.2860673079842
4.0647001266479	-4.3233776197171
4.0693998336792	-4.3674650406033
4.0741000175476	-4.4187359534724
4.0788002014160	-4.4775132565553
4.0834999084473	-4.5441078454589
4.0882000923157	-4.6189090613616
4.0928997993469	-4.7024764306472
4.0975999832153	-4.7955962159813
4.1023001670837	-4.8993059801575
4.1069998741150	-5.0148608235258
4.1117000579834	-5.1436529775504
4.1163997650146	-5.2870926690254
4.1210999488831	-5.4464751235977
4.1258001327515	-5.6228477903801
4.1304998397827	-5.8168964929395
4.1352000236511	-6.0288685764032
4.1399002075195	-6.2585337607091
4.1445999145508	-6.5051707049958
4.1493000984192	-6.7675742757490
4.1539998054504	-7.0440654212203
4.1586999893188	-7.3324675128816
4.1634001731873	-7.6300678767221
4.1680998802185	-7.9335295256797
4.1728000640869	-8.2388064407461
4.1774997711182	-8.5410837743780
4.1821999549866	-8.8348274866533
4.1869001388550	-9.1139874726759
4.1915998458862	-9.3723887695001
4.1963000297546	-9.6042811673371
4.2010002136230	-9.8049470811897
4.2056999206543	-9.9711953715492
4.2104001045227	-10.101595481055
4.2150998115540	-10.196345966572
4.2197999954224	-10.256837020011
4.2245001792908	-10.285056397697
4.2291998863220	-10.283028293088
4.2339000701904	-10.252485458523
4.2385997772217	-10.194821890467
4.2432999610901	-10.111313787794
4.2480001449585	-10.003467744683
4.2526998519897	-9.8733461986347
4.2574000358582	-9.7237214086863
4.2621002197266	-9.5579981715745
4.2667999267578	-9.3799282198800
4.2715001106262	-9.1932235893638
4.2761998176575	-9.0011778437647
4.2809000015259	-8.8064078236497
4.2856001853943	-8.6107645929467
4.2902998924255	-8.4154146626561
4.2950000762939	-8.2210457143508
4.2996997833252	-8.0281249757091
4.3043999671936	-7.8371301902573
4.3091001510620	-7.6487087668873
4.3137998580933	-7.4637093299699
4.3185000419617	-7.2831086383583
4.3232002258301	-7.1078607242111
4.3278999328613	-6.9387245600474
4.3326001167297	-6.7761150155055
4.3372998237610	-6.6200325407923
4.3420000076294	-6.4700809394661
4.3467001914978	-6.3255661542726
4.3513998985291	-6.1856644203875
4.3561000823975	-6.0496016760082
4.3607997894287	-5.9168127313564
4.3654999732971	-5.7870311876071
4.3702001571655	-5.6603020285883
4.3748998641968	-5.5369040322665
4.3796000480652	-5.4172207749936
4.3843002319336	-5.3015856556942
4.3889999389648	-5.1901561734133
4.3937001228333	-5.0828368873809
4.3983998298645	-4.9792795558941
4.4031000137329	-4.8789523126141
4.4078001976013	-4.7812601848156
4.4124999046326	-4.6856800656707
4.4172000885010	-4.5918846366959
4.4218997955322	-4.4998124640143
4.4265999794006	-4.4096610427453
4.4313001632690	-4.3218264975497
4.4359998703003	-4.2367822572676
4.4407000541687	-4.1549508476165
4.4454002380371	-4.0765880935771
4.4500999450684	-4.0017180107209
4.4548001289368	-3.9301281330258
4.4594998359680	-3.8614252635324
4.4642000198364	-3.7951442418715
4.4689002037048	-3.7308699859472
4.4735999107361	-3.6683459707914
4.4783000946045	-3.6075445777345
4.4829998016357	-3.5486737770348
4.4876999855042	-3.4921243563157
4.4924001693726	-3.4383703216575
4.4970998764038	-3.3878523766547
4.5018000602722	-3.3408682511170
4.5064997673035	-3.2975131848338
4.5111999511719	-3.2576606258509
4.5159001350403	-3.2210159948892
4.5205998420715	-3.1872039661250
4.5253000259399	-3.1558919620622
4.5300002098083	-3.1268926195187
4.5346999168396	-3.1002400274681
4.5394001007080	-3.0762123744960
4.5440998077393	-3.0552784761989
4.5487999916077	-3.0380162030213
4.5535001754761	-3.0249887533530
4.5581998825073	-3.0166293602137
4.5629000663757	-3.0131558742716
4.5675997734070	-3.0145416184558
4.5722999572754	-3.0205372773258
4.5770001411438	-3.0307500663788
4.5816998481750	-3.0447528866069
4.5864000320435	-3.0622060317999
4.5911002159119	-3.0829376421115
4.5957999229431	-3.1069843919193
4.6005001068115	-3.1345655930805
4.6051998138428	-3.1659975046868
4.6098999977112	-3.2015660608921
4.6146001815796	-3.2414028576511
4.6192998886108	-3.2853731634483
4.6240000724792	-3.3330306206073
4.6286997795105	-3.3836376965741
4.6333999633789	-3.4362538440987
4.6381001472473	-3.4898732543891
4.6427998542786	-3.5435838649732
4.6475000381470	-3.5966825222428
4.6522002220154	-3.6487430530657
4.6568999290466	-3.6995865075041
4.6616001129150	-3.7491691207726
4.6662998199463	-3.7974262019328
4.6710000038147	-3.8440959455311
4.6757001876831	-3.8885970655651
4.6803998947144	-3.9299767489445
4.6851000785828	-3.9669872370570
4.6897997856140	-3.9982376890265
4.6944999694824	-4.0224404104488
4.6992001533508	-4.0386248640887
4.7038998603821	-4.0463370295851
4.7086000442505	-4.0456890103598
4.7133002281189	-4.0373053729118
4.7179999351501	-4.0221585397959
4.7227001190186	-4.0013280919828
4.7273998260498	-3.9758013081085
4.7321000099182	-3.9463084115564
4.7368001937866	-3.9132860235851
4.7414999008179	-3.8769324806661
4.7462000846863	-3.8373529665342
4.7508997917175	-3.7947395654104
4.7555999755859	-3.7495207336732
4.7603001594543	-3.7024504086593
4.7649998664856	-3.6545859424948
4.7697000503540	-3.6071797097937
4.7744002342224	-3.5615019401224
4.7790999412537	-3.5186419750523
4.7838001251221	-3.4793412383110
4.7884998321533	-3.4439051988870
4.7932000160217	-3.4121963785812
4.7979001998901	-3.3837404844243
4.8025999069214	-3.3578855382899
4.8073000907898	-3.3340085834368
4.8119997978210	-3.3117011305765
4.8166999816895	-3.2908866900624
4.8214001655579	-3.2718464859450
4.8260998725891	-3.2551421849572
4.8308000564575	-3.2414603870847
4.8354997634888	-3.2314209223816
4.8401999473572	-3.2253877503531
4.8449001312256	-3.2233543178321
4.8495998382568	-3.2249124204731
4.8543000221252	-3.2293252120485
4.8590002059937	-3.2356905336162
4.8636999130249	-3.2431501646078
4.8684000968933	-3.2511000239066
4.8730998039246	-3.2593323349256
4.8777999877930	-3.2680903372772
4.8825001716614	-3.2779857160802
4.8871998786926	-3.2898338329331
4.8919000625610	-3.3044261215192
4.8965997695923	-3.3223104457310
4.9012999534607	-3.3436234463015
4.9060001373291	-3.3680421071750
4.9106998443604	-3.3948375813071
4.9154000282288	-3.4230537956025
4.9201002120972	-3.4517587530920
4.9247999191284	-3.4802789821040
4.9295001029968	-3.5083987881158
4.9341998100281	-3.5364348777929
4.9388999938965	-3.5651590180707
4.9436001777649	-3.5956121432330
4.9482998847961	-3.6288309356102
4.9530000686646	-3.6655777339430
4.9576997756958	-3.7061257612856
4.9623999595642	-3.7501707800764
4.9671001434326	-3.7968916439648
4.9717998504639	-3.8451386036205
4.9765000343323	-3.8937358127100
4.9812002182007	-3.9417897052884
4.9858999252319	-3.9889402700262
4.9906001091003	-4.0354680766824
4.9952998161316	-4.0822481624711
5.0000000000000	-4.1305115714965
#Parameters = {R_fat=48; R_glandular=38; R_skin_outer=50; T10=5; T15=7.5; T5=2.5; T_rad=4; T_x=10; T_y=0; T_z=75; Zc=65; skin_thickness=2; Mesh Pass=2}
#"Frequency / GHz"	"S1,1 (Mesh Pass=2) [Magnitude / dB]"
#-------------------------------------------------------
0.30000001192093	-8.6941126175984
0.30469998717308	-8.3743509675001
0.30939999222755	-8.1625710004828
0.31409999728203	-8.1145016525485
0.31880000233650	-8.2496889793150
0.32350000739098	-8.5546466305435
0.32820001244545	-8.9782313580686
0.33289998769760	-9.4196990646254
0.33759999275208	-9.7294510067620
0.34229999780655	-9.7638072559459
0.34700000286102	-9.4904987004441
0.35170000791550	-9.0292648307580
0.35640001296997	-8.5669282668569
0.36109998822212	-8.2609067267124
0.36579999327660	-8.2142193496281
0.37049999833107	-8.4981295350206
0.37520000338554	-9.1884242726273
0.37990000844002	-10.411625445062
0.38460001349449	-12.432749918335
0.38929998874664	-15.933134919071
0.39399999380112	-23.744044663710
0.39869999885559	-27.264788318515
0.40340000391006	-15.967004052448
0.40810000896454	-11.185969330802
0.41280001401901	-8.3008858718306
0.41749998927116	-6.4352580705054
0.42219999432564	-5.2463831826344
0.42689999938011	-4.5466528759217
0.43160000443459	-4.2127343592631
0.43630000948906	-4.1567311081353
0.44100001454353	-4.3123854624525
0.44569998979568	-4.6236773057351
0.45039999485016	-5.0328606745180
0.45509999990463	-5.4696174551830
0.45980000495911	-5.8487058390835
0.46450001001358	-6.0873674179027
0.46919998526573	-6.1419373596817
0.47389999032021	-6.0341372813177
0.47859999537468	-5.8364631876693
0.48330000042915	-5.6308851897524
0.48800000548363	-5.4777379916360
0.49270001053810	-5.4070560387393
0.49739998579025	-5.4224791230512
0.50209999084473	-5.5074195595008
0.50679999589920	-5.6302840132271
0.51150000095367	-5.7505010040608
0.51620000600815	-5.8282047626730
0.52090001106262	-5.8370855160429
0.52560001611710	-5.7742992047678
0.53030002117157	-5.6602025846958
0.53500002622604	-5.5278475117343
0.53969997167587	-5.4096701183076
0.54439997673035	-5.3283099974501
0.54909998178482	-5.2930751045364
0.55379998683929	-5.3001939096940
0.55849999189377	-5.3350537369878
0.56319999694824	-5.3760464791359
0.56790000200272	-5.4002388508701
0.57260000705719	-5.3902652851609
0.57730001211166	-5.3400094107769
0.58200001716614	-5.2561573863780
0.58670002222061	-5.1547235820799
0.59140002727509	-5.0547140830838
0.59609997272491	-4.9721192391762
0.60079997777939	-4.9161218201190
0.60549998283386	-4.8877277314684
0.61019998788834	-4.8802885698670
0.61489999294281	-4.8815640105412
0.61959999799728	-4.8771223815183
0.62430000305176	-4.8545726204313
0.62900000810623	-4.8073801163021
0.63370001316071	-4.7367233199538
0.63840001821518	-4.6505561979044
0.64310002326965	-4.5604653383370
0.64780002832413	-4.4778484039011
0.65249997377396	-4.4107815155459
0.65719997882843	-4.3622360541137
0.66189998388290	-4.3297224628947
0.66659998893738	-4.3062202137171
0.67129999399185	-4.2822272515729
0.67599999904633	-4.2485655436035
0.68070000410080	-4.1991497624572
0.68540000915527	-4.1327883510482
0.69010001420975	-4.0532936783559
0.69480001926422	-3.9679443802565
0.69950002431870	-3.8850527111363
0.70420002937317	-3.8115014389045
0.70889997482300	-3.7509798722558
0.71359997987747	-3.7031843983238
0.71829998493195	-3.6640752602508
0.72299998998642	-3.6271102550353
0.72769999504089	-3.5851974886245
0.73240000009537	-3.5328491035011
0.73710000514984	-3.4678392289419
0.74180001020432	-3.3917889819629
0.74650001525879	-3.3094679539526
0.75120002031326	-3.2271876945888
0.75590002536774	-3.1508684522789
0.76059997081757	-3.0843858429836
0.76529997587204	-3.0285837981421
0.76999998092651	-2.9811445046298
0.77469998598099	-2.9373486734545
0.77939999103546	-2.8915157004277
0.78409999608994	-2.8387770808539
0.78880000114441	-2.7766019290934
0.79350000619888	-2.7055556398185
0.79820001125336	-2.6290220706806
0.80290001630783	-2.5520709162288
0.80760002136230	-2.4798555404430
0.81230002641678	-2.4160849259273
0.81699997186661	-2.3619845001790
0.82169997692108	-2.3160044245714
0.82639998197556	-2.2743475005447
0.83109998703003	-2.2321996620606
0.83579999208450	-2.1852982818851
0.84049999713898	-2.1313661474285
0.84520000219345	-2.0708599035320
0.84990000724792	-2.0068379004227
0.85460001230240	-1.9439522638131
0.85930001735687	-1.8869748717009
0.86400002241135	-1.8393164733933
0.86870002746582	-1.8020074943833
0.87339997291565	-1.7734036401910
0.87809997797012	-1.7497469200003
0.88279998302460	-1.7264402934881
0.88749998807907	-1.6996447656200
0.89219999313354	-1.6676939583111
0.89689999818802	-1.6317821307393
0.90160000324249	-1.5957110340042
0.90630000829697	-1.5647373456735
0.91100001335144	-1.5439502301159
0.91570001840591	-1.5366967713763
0.92040002346039	-1.5435756193040
0.92510002851486	-1.5623029131008
0.92979997396469	-1.5885463864401
0.93449997901917	-1.6175495756745
0.93919998407364	-1.6460461384821
0.94389998912811	-1.6738194734296
0.94859999418259	-1.7043419147605
0.95329999923706	-1.7441948220745
0.95800000429153	-1.8014582781130
0.96270000934601	-1.8836428086451
0.96740001440048	-1.9958187798897
0.97210001945496	-2.1396011279750
0.97680002450943	-2.3133547438158
0.98150002956390	-2.5137037983316
0.98619997501373	-2.7380872046946
0.99089998006821	-2.9877421788058
0.99559998512268	-3.2702356518158
1.0003000497818	-3.6006879101780
1.0049999952316	-4.0013486149958
1.0096999406815	-4.4999152182857
1.0144000053406	-5.1276125688345
1.0190999507904	-5.9181093265538
1.0238000154495	-6.9079308764869
1.0284999608994	-8.1376331016160
1.0332000255585	-9.6494748581261
1.0378999710083	-11.463938363663
1.0426000356674	-13.467929040895
1.0472999811172	-15.067469844759
1.0520000457764	-15.089225137388
1.0566999912262	-13.471260196567
1.0614000558853	-11.385694058777
1.0661000013351	-9.4777026240052
1.0707999467850	-7.8808075974308
1.0755000114441	-6.5800923687595
1.0801999568939	-5.5344745106115
1.0849000215530	-4.7027942417637
1.0895999670029	-4.0467027472056
1.0943000316620	-3.5297551319043
1.0989999771118	-3.1174459135602
1.1037000417709	-2.7787818670109
1.1083999872208	-2.4887385675771
1.1131000518799	-2.2302959303441
1.1177999973297	-1.9950016060915
1.1224999427795	-1.7816469347531
1.1272000074387	-1.5934591068500
1.1318999528885	-1.4347768052131
1.1366000175476	-1.3081761195119
1.1412999629974	-1.2127307919045
1.1460000276566	-1.1436540257767
1.1506999731064	-1.0932087877555
1.1554000377655	-1.0525342262101
1.1600999832153	-1.0137800882943
1.1648000478745	-0.97194499139727
1.1694999933243	-0.92580038015476
1.1742000579834	-0.87765444685823
1.1789000034332	-0.83207725314886
1.1835999488831	-0.79407956434394
1.1883000135422	-0.76735263999503
1.1929999589920	-0.75313968433370
1.1977000236511	-0.74989397577131
1.2023999691010	-0.75384886336094
1.2071000337601	-0.76014828566361
1.2117999792099	-0.76429948639581
1.2165000438690	-0.76341709537785
1.2211999893188	-0.75695608986075
1.2259000539780	-0.74668444010197
1.2305999994278	-0.73592287368427
1.2352999448776	-0.72838963760001
1.2400000095367	-0.72699113323402
1.2446999549866	-0.73297889503261
1.2494000196457	-0.74565662593746
1.2540999650955	-0.76269115506626
1.2588000297546	-0.78087097982748
1.2634999752045	-0.79709620439474
1.2682000398636	-0.80929403583735
1.2728999853134	-0.81697673424170
1.2776000499725	-0.82130512498054
1.2822999954224	-0.82463297204747
1.2869999408722	-0.82969577371127
1.2917000055313	-0.83876218862275
1.2963999509811	-0.85297061865917
1.3011000156403	-0.87206453286133
1.3057999610901	-0.89453288700359
1.3105000257492	-0.91813714220525
1.3151999711990	-0.94058869351790
1.3199000358582	-0.96025740435469
1.3245999813080	-0.97662428550395
1.3293000459671	-0.99039031076728
1.3339999914169	-1.0032098983431
1.3387000560760	-1.0171403182904
1.3434000015259	-1.0340090359995
1.3480999469757	-1.0548873245843
1.3528000116348	-1.0798216661096
1.3574999570847	-1.1078838350750
1.3622000217438	-1.1374938159435
1.3668999671936	-1.1669246520386
1.3716000318527	-1.1948231975050
1.3762999773026	-1.2206146570003
1.3810000419617	-1.2446498047120
1.3856999874115	-1.2680718665011
1.3904000520706	-1.2924520342450
1.3950999975204	-1.3193198993114
1.3997999429703	-1.3497234720582
1.4045000076294	-1.3839722280507
1.4091999530792	-1.4215903116203
1.4139000177383	-1.4615042906526
1.4185999631882	-1.5023994176227
1.4233000278473	-1.5431199510231
1.4279999732971	-1.5830259210462
1.4327000379562	-1.6221845355186
1.4373999834061	-1.6613454871577
1.4421000480652	-1.7017158838214
1.4467999935150	-1.7446177740268
1.4515000581741	-1.7911261633938
1.4562000036240	-1.8417920896387
1.4608999490738	-1.8965314067782
1.4656000137329	-1.9546952594444
1.4702999591827	-2.0152973014808
1.4750000238419	-2.0773284478469
1.4796999692917	-2.1400768236334
1.4844000339508	-2.2033589363840
1.4890999794006	-2.2675880255459
1.4938000440598	-2.3336817176616
1.4984999895096	-2.4028104996422
1.5032000541687	-2.4761006201616
1.5078999996185	-2.5543422147253
1.5125999450684	-2.6378128448972
1.5173000097275	-2.7262383164572
1.5219999551773	-2.8189099957809
1.5267000198364	-2.9149244762274
1.5313999652863	-3.0134733954582
1.5361000299454	-3.1141184702802
1.5407999753952	-3.2169554191583
1.5455000400543	-3.3226274763922
1.5501999855042	-3.4321860369885
1.5549000501633	-3.5468222119628
1.5595999956131	-3.6675767989115
1.5642999410629	-3.7950772389435
1.5690000057220	-3.9293908389469
1.5736999511719	-4.0700412150669
1.5784000158310	-4.2161627037017
1.5830999612808	-4.3667836561584
1.5878000259399	-4.5211482376432
1.5924999713898	-4.6789826854164
1.5972000360489	-4.8406462767323
1.6018999814987	-5.0070787704976
1.6066000461578	-5.1795935066560
1.6112999916077	-5.3595432156380
1.6160000562668	-5.5479712737423
1.6207000017166	-5.7453383755883
1.6253999471664	-5.9513958444912
1.6301000118256	-6.1652786096395
1.6347999572754	-6.3857622579212
1.6395000219345	-6.6116683502471
1.6441999673843	-6.8422727673606
1.6489000320435	-7.0776078478442
1.6535999774933	-7.3185541532920
1.6583000421524	-7.5666735978820
1.6629999876022	-7.8238357466186
1.6677000522614	-8.0917250672458
1.6723999977112	-8.3713846862792
1.6770999431610	-8.6629350077805
1.6818000078201	-8.9655391392249
1.6864999532700	-9.2776790476375
1.6912000179291	-9.5976615335344
1.6958999633789	-9.9242496286779
1.7006000280380	-10.257198396869
1.7052999734879	-10.597548970637
1.7100000381470	-10.947524042659
1.7146999835968	-11.310049512172
1.7194000482559	-11.688062235069
1.7240999937057	-12.083729443615
1.7288000583649	-12.497895665619
1.7335000038147	-12.929881616976
1.7381999492645	-13.377764501344
1.7429000139236	-13.839095550693
1.7475999593735	-14.311935211344
1.7523000240326	-14.795880892408
1.7569999694824	-15.292722444494
1.7617000341415	-15.806472092570
1.7663999795914	-16.342656384007
1.7711000442505	-16.907041782823
1.7757999897003	-17.504104831857
1.7805000543594	-18.135661363913
1.7851999998093	-18.800005620107
1.7898999452591	-19.491841258967
1.7946000099182	-20.203252789181
1.7992999553680	-20.925482475850
1.8040000200272	-21.651025789547
1.8086999654770	-22.374755609390
1.8134000301361	-23.092871525871
1.8180999755859	-23.798721316610
1.8228000402451	-24.475913188327
1.8274999856949	-25.091029838420
1.8322000503540	-25.591224200050
1.8368999958038	-25.914112160574
1.8415999412537	-26.012688713342
1.8463000059128	-25.881629628020
1.8509999513626	-25.561612780708
1.8557000160217	-25.117084844160
1.8603999614716	-24.608425123613
1.8651000261307	-24.076878496367
1.8697999715805	-23.543540067655
1.8745000362396	-23.015503777282
1.8791999816895	-22.493366092059
1.8839000463486	-21.977095539061
1.8885999917984	-21.469212025630
1.8933000564575	-20.975259239249
1.8980000019073	-20.502372916963
1.9026999473572	-20.057175154862
1.9074000120163	-19.643945136850
1.9120999574661	-19.263648313998
1.9168000221252	-18.913922390359
1.9214999675751	-18.589891560121
1.9262000322342	-18.285520306321
1.9308999776840	-17.995147616203
1.9356000423431	-17.714791088593
1.9402999877930	-17.442877507383
1.9450000524521	-17.180180335049
1.9496999979019	-16.929096444317
1.9543999433517	-16.692516507383
1.9591000080109	-16.472694481743
1.9637999534607	-16.270447624570
1.9685000181198	-16.084833588015
1.9731999635696	-15.913367533965
1.9779000282288	-15.752666072804
1.9825999736786	-15.599326402677
1.9873000383377	-15.450772454011
1.9919999837875	-15.305859240511
1.9967000484467	-15.165008084393
2.0013999938965	-15.029889054225
2.0060999393463	-14.902754026598
2.0107998847961	-14.785659231887
2.0155000686646	-14.679803842514
2.0202000141144	-14.585161826774
2.0248999595642	-14.500480904132
2.0295999050140	-14.423627864518
2.0343000888824	-14.352179337774
2.0390000343323	-14.284083924263
2.0436999797821	-14.218203699835
2.0483999252319	-14.154581081251
2.0531001091003	-14.094344829652
2.0578000545502	-14.039310941117
2.0625000000000	-13.991395686927
2.0671999454498	-13.952038938919
2.0718998908997	-13.921784911487
2.0766000747681	-13.900129641729
2.0813000202179	-13.885669137148
2.0859999656677	-13.876487588295
2.0906999111176	-13.870700201031
2.0954000949860	-13.866973479495
2.1001000404358	-13.864891936975
2.1047999858856	-13.865051149107
2.1094999313354	-13.868850731357
2.1142001152039	-13.878075080105
2.1189000606537	-13.894354962495
2.1236000061035	-13.918706088929
2.1282999515533	-13.951238782905
2.1329998970032	-13.991115252404
2.1377000808716	-14.036761333998
2.1424000263214	-14.086297714871
2.1470999717712	-14.138036829202
2.1517999172211	-14.190940516499
2.1565001010895	-14.244889465460
2.1612000465393	-14.300687868384
2.1658999919891	-14.359790460934
2.1705999374390	-14.423859124199
2.1752998828888	-14.494249283485
2.1800000667572	-14.571592166153
2.1847000122070	-14.655559445833
2.1893999576569	-14.744886746123
2.1940999031067	-14.837645547894
2.1988000869751	-14.931684433476
2.2035000324249	-15.025160325864
2.2081999778748	-15.116972022183
2.2128999233246	-15.206965343369
2.2176001071930	-15.295908232706
2.2223000526428	-15.385157335471
2.2269999980927	-15.476170862786
2.2316999435425	-15.569977336063
2.2363998889923	-15.666781931941
2.2411000728607	-15.765755826848
2.2458000183105	-15.865106033601
2.2504999637604	-15.962413659497
2.2551999092102	-16.055147036867
2.2599000930786	-16.141207603075
2.2646000385284	-16.219390470631
2.2692999839783	-16.289605183655
2.2739999294281	-16.352763879738
2.2787001132965	-16.410431106809
2.2834000587463	-16.464289031217
2.2881000041962	-16.515582623268
2.2927999496460	-16.564707995978
2.2974998950958	-16.611029375701
2.3022000789642	-16.653008841262
2.3069000244141	-16.688564127231
2.3115999698639	-16.715624475161
2.3162999153137	-16.732712730685
2.3210000991821	-16.739356671539
2.3257000446320	-16.736293647831
2.3303999900818	-16.725296872366
2.3350999355316	-16.708771366339
2.3397998809814	-16.689166547075
2.3445000648499	-16.668400622005
2.3492000102997	-16.647472789303
2.3538999557495	-16.626307129627
2.3585999011993	-16.603895147739
2.3633000850677	-16.578701246274
2.3680000305176	-16.549209273163
2.3726999759674	-16.514492681772
2.3773999214172	-16.474567268967
2.3821001052856	-16.430532957054
2.3868000507355	-16.384374757997
2.3914999961853	-16.338496821861
2.3961999416351	-16.295182076737
2.4008998870850	-16.256054845286
2.4056000709534	-16.221764232319
2.4103000164032	-16.191900450040
2.4149999618530	-16.165225296230
2.4196999073029	-16.140088002930
2.4244000911713	-16.114981763758
2.4291000366211	-16.089036236123
2.4337999820709	-16.062337813894
2.4384999275208	-16.035959034887
2.4432001113892	-16.011694484978
2.4479000568390	-15.991613914492
2.4526000022888	-15.977511495879
2.4572999477386	-15.970475692483
2.4619998931885	-15.970629162990
2.4667000770569	-15.977157845974
2.4714000225067	-15.988581564384
2.4760999679565	-16.003193778738
2.4807999134064	-16.019605844659
2.4855000972748	-16.037162206609
2.4902000427246	-16.056158841817
2.4948999881744	-16.077784742749
2.4995999336243	-16.103820772882
2.5043001174927	-16.136129001488
2.5090000629425	-16.176187963508
2.5137000083923	-16.224684297162
2.5183999538422	-16.281379089705
2.5230998992920	-16.345168849155
2.5278000831604	-16.414468307332
2.5325000286102	-16.487632905516
2.5371999740601	-16.563492288928
2.5418999195099	-16.641708228174
2.5466001033783	-16.722907915655
2.5513000488281	-16.808526597836
2.5559999942780	-16.900455593412
2.5606999397278	-17.000499939302
2.5653998851776	-17.109930437535
2.5701000690460	-17.229122407668
2.5748000144958	-17.357490412298
2.5794999599457	-17.493637765169
2.5841999053955	-17.635756715642
2.5889000892639	-17.782149709335
2.5936000347137	-17.931722227359
2.5982999801636	-18.084322194492
2.6029999256134	-18.240803958176
2.6077001094818	-18.402807812947
2.6124000549316	-18.572282144096
2.6171000003815	-18.750942076608
2.6217999458313	-18.939738128658
2.6264998912811	-19.138528182594
2.6312000751495	-19.346025799892
2.6359000205994	-19.560000476925
2.6405999660492	-19.777742693202
2.6452999114990	-19.996632544983
2.6500000953674	-20.214686675726
2.6547000408173	-20.430887681765
2.6593999862671	-20.645213181815
2.6640999317169	-20.858330666134
2.6688001155853	-21.071024240145
2.6735000610352	-21.283545296629
2.6782000064850	-21.495020850371
2.6828999519348	-21.703097726174
2.6875998973846	-21.903887383868
2.6923000812531	-22.092281914200
2.6970000267029	-22.262549386302
2.7016999721527	-22.409102037261
2.7063999176025	-22.527287456424
2.7111001014709	-22.613970520241
2.7158000469208	-22.667760797605
2.7204999923706	-22.688894470232
2.7251999378204	-22.678800165745
2.7298998832703	-22.639424595835
2.7346000671387	-22.572676990574
2.7393000125885	-22.479989029007
2.7439999580383	-22.362108443418
2.7486999034882	-22.219228085756
2.7534000873566	-22.051414706003
2.7581000328064	-21.859084871961
2.7627999782562	-21.643562475278
2.7674999237061	-21.407406159342
2.7722001075745	-21.154393585364
2.7769000530243	-20.889209028380
2.7815999984741	-20.616806044882
2.7862999439240	-20.341707837872
2.7909998893738	-20.067383225025
2.7957000732422	-19.795886842745
2.8004000186920	-19.527773091100
2.8050999641418	-19.262401501239
2.8097999095917	-18.998467163167
2.8145000934601	-18.734649228662
2.8192000389099	-18.470227377055
2.8238999843597	-18.205447705785
2.8285999298096	-17.941573727657
2.8333001136780	-17.680607447239
2.8380000591278	-17.424779946758
2.8427000045776	-17.175995893657
2.8473999500275	-16.935329366609
2.8520998954773	-16.702820289793
2.8568000793457	-16.477514749262
2.8615000247955	-16.257766847409
2.8661999702454	-16.041766829592
2.8708999156952	-15.828030554938
2.8756000995636	-15.615846223215
2.8803000450134	-15.405417969749
2.8849999904633	-15.197763663799
2.8896999359131	-14.994365625425
2.8943998813629	-14.796671092824
2.8991000652313	-14.605663461801
2.9038000106812	-14.421558614633
2.9084999561310	-14.243739468818
2.9131999015808	-14.070948483865
2.9179000854492	-13.901646225961
2.9226000308990	-13.734461099264
2.9272999763489	-13.568576231005
2.9319999217987	-13.403928503297
2.9367001056671	-13.241186267666
2.9414000511169	-13.081496295147
2.9460999965668	-12.926107622198
2.9507999420166	-12.775957660396
2.9554998874664	-12.631390212599
2.9602000713348	-12.492042658696
2.9649000167847	-12.356960257130
2.9695999622345	-12.224889701029
2.9742999076843	-12.094632634152
2.9790000915527	-11.965417243976
2.9837000370026	-11.837092917622
2.9883999824524	-11.710155112250
2.9930999279022	-11.585560247687
2.9978001117706	-11.464399349902
3.0025000572205	-11.347558239977
3.0072000026703	-11.235425343982
3.0118999481201	-11.127787821020
3.0165998935699	-11.023887829055
3.0213000774384	-10.922663557667
3.0260000228882	-10.823061070440
3.0306999683380	-10.724362519495
3.0353999137878	-10.626379775337
3.0401000976562	-10.529504748031
3.0448000431061	-10.434549499420
3.0494999885559	-10.342487903749
3.0541999340057	-10.254144531111
3.0589001178741	-10.169916809695
3.0636000633240	-10.089665735483
3.0683000087738	-10.012769058733
3.0729999542236	-9.9382873642478
3.0776998996735	-9.8652814786919
3.0824000835419	-9.7930785223070
3.0871000289917	-9.7214763296672
3.0917999744415	-9.6507970222544
3.0964999198914	-9.5817600556463
3.1012001037598	-9.5152505524736
3.1059000492096	-9.4520255173146
3.1105999946594	-9.3924747546883
3.1152999401093	-9.3365026653868
3.1199998855591	-9.2835464763840
3.1247000694275	-9.2327598281121
3.1294000148773	-9.1832688932972
3.1340999603271	-9.1344416814153
3.1387999057770	-9.0860771817938
3.1435000896454	-9.0384537909808
3.1482000350952	-8.9922357138732
3.1528999805450	-8.9482471809030
3.1575999259949	-8.9071986885239
3.1623001098633	-8.8694661901964
3.1670000553131	-8.8349680088176
3.1717000007629	-8.8031791551175
3.1763999462128	-8.7733003479629
3.1810998916626	-8.7444911939914
3.1858000755310	-8.7161388307441
3.1905000209808	-8.6880383355299
3.1951999664307	-8.6604366173463
3.1998999118805	-8.6339543794893
3.2046000957489	-8.6093676536133
3.2093000411987	-8.5873505881862
3.2139999866486	-8.5682499783096
3.2186999320984	-8.5519685124675
3.2234001159668	-8.5379788675207
3.2281000614166	-8.5254842035440
3.2328000068665	-8.5136469149557
3.2374999523163	-8.5018418298205
3.2421998977661	-8.4898444761018
3.2469000816345	-8.4778665270005
3.2516000270844	-8.4664748166428
3.2562999725342	-8.4563873681833
3.2609999179840	-8.4482036605559
3.2657001018524	-8.4421867535273
3.2704000473022	-8.4381626093611
3.2750999927521	-8.4355174356730
3.2797999382019	-8.4333769576725
3.2844998836517	-8.4308328433156
3.2892000675201	-8.4272005735905
3.2939000129700	-8.4221858647812
3.2985999584198	-8.4159435352440
3.3032999038696	-8.4089579103922
3.3080000877380	-8.4018333399931
3.3127000331879	-8.3950278487592
3.3173999786377	-8.3886382603491
3.3220999240875	-8.3822903861923
3.3268001079559	-8.3751799868948
3.3315000534058	-8.3662567282546
3.3361999988556	-8.3544739012537
3.3408999443054	-8.3390450809588
3.3455998897552	-8.3196136214258
3.3503000736237	-8.2962744323634
3.3550000190735	-8.2694488849325
3.3596999645233	-8.2396415911378
3.3643999099731	-8.2071773771934
3.3691000938416	-8.1720043449412
3.3738000392914	-8.1336046603916
3.3784999847412	-8.0911001051946
3.3831999301910	-8.0434481092979
3.3879001140594	-7.9897284357773
3.3926000595093	-7.9293818969253
3.3973000049591	-7.8623560069454
3.4019999504089	-7.7890720503707
3.4066998958588	-7.7102659685263
3.4114000797272	-7.6267238611649
3.4161000251770	-7.5390500529337
3.4207999706268	-7.4474838917283
3.4254999160767	-7.3518857669963
3.4302000999451	-7.2518615377400
3.4349000453949	-7.1469870222279
3.4395999908447	-7.0370455620060
3.4442999362946	-6.9222237883925
3.4489998817444	-6.8031649017824
3.4537000656128	-6.6808891337707
3.4584000110626	-6.5566076534252
3.4630999565125	-6.4314685691214
3.4677999019623	-6.3063629941675
3.4725000858307	-6.1818053267947
3.4772000312805	-6.0579510305905
3.4818999767303	-5.9347201408344
3.4865999221802	-5.8120004879626
3.4913001060486	-5.6898270293716
3.4960000514984	-5.5685231030656
3.5006999969482	-5.4487223226650
3.5053999423981	-5.3312851725426
3.5100998878479	-5.2171311427239
3.5148000717163	-5.1070609391359
3.5195000171661	-5.0015953573665
3.5241999626160	-4.9009084455955
3.5288999080658	-4.8048489653622
3.5336000919342	-4.7130607700771
3.5383000373840	-4.6251450579348
3.5429999828339	-4.5408160590837
3.5476999282837	-4.4600218073992
3.5524001121521	-4.3829637856179
3.5571000576019	-4.3100402429417
3.5618000030518	-4.2417140450169
3.5664999485016	-4.1783727613485
3.5711998939514	-4.1201841822653
3.5759000778198	-4.0670457754105
3.5806000232697	-4.0185916187176
3.5852999687195	-3.9742923201148
3.5899999141693	-3.9335824288588
3.5947000980377	-3.8960117272926
3.5994000434875	-3.8613451870846
3.6040999889374	-3.8295962151603
3.6087999343872	-3.8009877293473
3.6135001182556	-3.7758376469763
3.6182000637054	-3.7544279532822
3.6229000091553	-3.7368809785914
3.6275999546051	-3.7230859410308
3.6322999000549	-3.7127004641533
3.6370000839233	-3.7052218424411
3.6417000293732	-3.7001189326677
3.6463999748230	-3.6969463821370
3.6510999202728	-3.6954653894096
3.6558001041412	-3.6956833047436
3.6605000495911	-3.6978173040388
3.6651999950409	-3.7022042250510
3.6698999404907	-3.7091714681775
3.6745998859406	-3.7189096281242
3.6793000698090	-3.7313894339884
3.6840000152588	-3.7463569407498
3.6886999607086	-3.7633837380279
3.6933999061584	-3.7819889997905
3.6981000900269	-3.8017633889435
3.7028000354767	-3.8224865418721
3.7074999809265	-3.8441784896303
3.7121999263763	-3.8670813868796
3.7169001102448	-3.8915760552198
3.7216000556946	-3.9180477633413
3.7263000011444	-3.9467569425614
3.7309999465942	-3.9777533499542
3.7356998920441	-4.0108445567455
3.7404000759125	-4.0456514675034
3.7451000213623	-4.0817152439468
3.7497999668121	-4.1186300046589
3.7544999122620	-4.1561726292099
3.7592000961304	-4.1943648553355
3.7639000415802	-4.2334664981393
3.7685999870300	-4.2738891905158
3.7732999324799	-4.3160729247459
3.7780001163483	-4.3603379559723
3.7827000617981	-4.4067831783948
3.7874000072479	-4.4552498281004
3.7920999526978	-4.5053618912173
3.7967998981476	-4.5566412523858
3.8015000820160	-4.6086509189366
3.8062000274658	-4.6611265993425
3.8108999729156	-4.7140705785653
3.8155999183655	-4.7677421613663
3.8203001022339	-4.8225807204689
3.8250000476837	-4.8790660639202
3.8296999931335	-4.9375594649408
3.8343999385834	-4.9981811944696
3.8390998840332	-5.0607627232304
3.8438000679016	-5.1248812899775
3.8485000133514	-5.1899791225516
3.8531999588013	-5.2555278623988
3.8578999042511	-5.3211853581690
3.8626000881195	-5.3868922850235
3.8673000335693	-5.4528891562373
3.8719999790192	-5.5196248184819
3.8766999244690	-5.5876021009362
3.8814001083374	-5.6571968135510
3.8861000537872	-5.7285093009116
3.8907999992371	-5.8013043315278
3.8954999446869	-5.8750463220340
3.9001998901367	-5.9490345537760
3.9049000740051	-6.0225950119082
3.9096000194550	-6.0952634023706
3.9142999649048	-6.1669097295590
3.9189999103546	-6.2377514721191
3.9237000942230	-6.3082518560187
3.9284000396729	-6.3789390778396
3.9330999851227	-6.4501865193198
3.9377999305725	-6.5220477435593
3.9425001144409	-6.5941813582845
3.9472000598907	-6.6659084782077
3.9519000053406	-6.7363769648707
3.9565999507904	-6.8047895822258
3.9612998962402	-6.8706296768203
3.9660000801086	-6.9337924417734
3.9707000255585	-6.9945959530074
3.9753999710083	-7.0536419578471
3.9800999164581	-7.1115904222239
3.9848001003265	-7.1689085894577
3.9895000457764	-7.2256803983703
3.9941999912262	-7.2815454170224
3.9988999366760	-7.3357858830538
4.0036001205444	-7.3875352556631
4.0082998275757	-7.4360488737009
4.0130000114441	-7.4809579761430
4.0177001953125	-7.5223892875114
4.0223999023438	-7.5609458331906
4.0271000862122	-7.5975197077378
4.0317997932434	-7.6330188249176
4.0364999771118	-7.6680863905166
4.0412001609802	-7.7029126001862
4.0458998680115	-7.7371893781462
4.0506000518799	-7.7702443344349
4.0553002357483	-7.8012838117126
4.0599999427795	-7.8297001151028
4.0647001266479	-7.8553139758048
4.0693998336792	-7.8784873379804
4.0741000175476	-7.9000535163636
4.0788002014160	-7.9210979795212
4.0834999084473	-7.9426490749794
4.0882000923157	-7.9653939679701
4.0928997993469	-7.9894959561240
4.0975999832153	-8.0145850157959
4.1023001670837	-8.0399147574176
4.1069998741150	-8.0646467682037
4.1117000579834	-8.0881630934999
4.1163997650146	-8.1103173279242
4.1210999488831	-8.1315240691244
4.1258001327515	-8.1526712313040
4.1304998397827	-8.1748740560599
4.1352000236511	-8.1991438668003
4.1399002075195	-8.2261007897197
4.1445999145508	-8.2557918166027
4.1493000984192	-8.2877004088169
4.1539998054504	-8.3209210288316
4.1586999893188	-8.3544701610273
4.1634001731873	-8.3876166046037
4.1680998802185	-8.4201443565591
4.1728000640869	-8.4524425550776
4.1774997711182	-8.4854027043574
4.1821999549866	-8.5201487870119
4.1869001388550	-8.5576830017956
4.1915998458862	-8.5985725618183
4.1963000297546	-8.6427608392471
4.2010002136230	-8.6895748558187
4.2056999206543	-8.7379220314389
4.2104001045227	-8.7866275289451
4.2150998115540	-8.8348010303859
4.2197999954224	-8.8821249657579
4.2245001792908	-8.9289535971227
4.2291998863220	-8.9761954336447
4.2339000701904	-9.0250089178861
4.2385997772217	-9.0764092211061
4.2432999610901	-9.1309092038431
4.2480001449585	-9.1883138684688
4.2526998519897	-9.2477268781586
4.2574000358582	-9.3077767592603
4.2621002197266	-9.3670063337582
4.2667999267578	-9.4242941308003
4.2715001106262	-9.4791812598122
4.2761998176575	-9.5319812431364
4.2809000015259	-9.5836416215469
4.2856001853943	-9.6353805179572
4.2902998924255	-9.6882413595946
4.2950000762939	-9.7426784654496
4.2996997833252	-9.7983422090029
4.3043999671936	-9.8541095824425
4.3091001510620	-9.9083753520932
4.3137998580933	-9.9595156120235
4.3185000419617	-10.006389504349
4.3232002258301	-10.048704408042
4.3278999328613	-10.087126086365
4.3326001167297	-10.123090407861
4.3372998237610	-10.158374860926
4.3420000076294	-10.194585146888
4.3467001914978	-10.232714803399
4.3513998985291	-10.272911372975
4.3561000823975	-10.314542908046
4.3607997894287	-10.356514360181
4.3654999732971	-10.397757844364
4.3702001571655	-10.437742540794
4.3748998641968	-10.476815559555
4.3796000480652	-10.516274249898
4.3843002319336	-10.558135442601
4.3889999389648	-10.604661848857
4.3937001228333	-10.657815993244
4.3983998298645	-10.718780025475
4.4031000137329	-10.787699288669
4.4078001976013	-10.863715770877
4.4124999046326	-10.945277344181
4.4172000885010	-11.030662552726
4.4218997955322	-11.118549708137
4.4265999794006	-11.208479444516
4.4313001632690	-11.301038446188
4.4359998703003	-11.397706492783
4.4407000541687	-11.500418775259
4.4454002380371	-11.610955678056
4.4500999450684	-11.730363292711
4.4548001289368	-11.858573381112
4.4594998359680	-11.994340077730
4.4642000198364	-12.135510044784
4.4689002037048	-12.279620003537
4.4735999107361	-12.424605562954
4.4783000946045	-12.569446925940
4.4829998016357	-12.714514936123
4.4876999855042	-12.861490888824
4.4924001693726	-13.012869580501
4.4970998764038	-13.171174393377
4.5018000602722	-13.338180300763
4.5064997673035	-13.514296667191
4.5111999511719	-13.698353739035
4.5159001350403	-13.887845701295
4.5205998420715	-14.079600303123
4.5253000259399	-14.270738065466
4.5300002098083	-14.459586124600
4.5346999168396	-14.646272257682
4.5394001007080	-14.832788795331
4.5440998077393	-15.022415773881
4.5487999916077	-15.218769901965
4.5535001754761	-15.424663831612
4.5581998825073	-15.641213512395
4.5629000663757	-15.867356296139
4.5675997734070	-16.100005391844
4.5722999572754	-16.334785903319
4.5770001411438	-16.567263500604
4.5816998481750	-16.794248082698
4.5864000320435	-17.014837228535
4.5911002159119	-17.230721692343
4.5957999229431	-17.445693571633
4.6005001068115	-17.664424844883
4.6051998138428	-17.890963145527
4.6098999977112	-18.127330517858
4.6146001815796	-18.372663669503
4.6192998886108	-18.623019314339
4.6240000724792	-18.872082460316
4.6286997795105	-19.112515334115
4.6333999633789	-19.337810608336
4.6381001472473	-19.543937956104
4.6427998542786	-19.730331239146
4.6475000381470	-19.899720943110
4.6522002220154	-20.056972938204
4.6568999290466	-20.207213478259
4.6616001129150	-20.353920941316
4.6662998199463	-20.497510715457
4.6710000038147	-20.634675989115
4.6757001876831	-20.758726515540
4.6803998947144	-20.860882707474
4.6851000785828	-20.932352874893
4.6897997856140	-20.966661496649
4.6944999694824	-20.961505607540
4.6992001533508	-20.919524246715
4.7038998603821	-20.847537336219
4.7086000442505	-20.754673505942
4.7133002281189	-20.649963265638
4.7179999351501	-20.540166810733
4.7227001190186	-20.428312679749
4.7273998260498	-20.313289565587
4.7321000099182	-20.190475962776
4.7368001937866	-20.053375561377
4.7414999008179	-19.895906213269
4.7462000846863	-19.714696962981
4.7508997917175	-19.510647426051
4.7555999755859	-19.289080799879
4.7603001594543	-19.058496523185
4.7649998664856	-18.828377116593
4.7697000503540	-18.606750663950
4.7744002342224	-18.398367052911
4.7790999412537	-18.203726628206
4.7838001251221	-18.019277885988
4.7884998321533	-17.838604454685
4.7932000160217	-17.654441808641
4.7979001998901	-17.461023661663
4.8025999069214	-17.255977893987
4.8073000907898	-17.041167860566
4.8119997978210	-16.822141480089
4.8166999816895	-16.606378820638
4.8214001655579	-16.401063008101
4.8260998725891	-16.211061301117
4.8308000564575	-16.037640819499
4.8354997634888	-15.878252220850
4.8401999473572	-15.727322363450
4.8449001312256	-15.577918798995
4.8495998382568	-15.423855216989
4.8543000221252	-15.261646932789
4.8590002059937	-15.091601224080
4.8636999130249	-14.917679139127
4.8684000968933	-14.746163676670
4.8730998039246	-14.583657279050
4.8777999877930	-14.435074575651
4.8825001716614	-14.302273314281
4.8871998786926	-14.183557888779
4.8919000625610	-14.074223396729
4.8965997695923	-13.967954761898
4.9012999534607	-13.858761018449
4.9060001373291	-13.742861491379
4.9106998443604	-13.619911838739
4.9154000282288	-13.493088754209
4.9201002120972	-13.368049536097
4.9247999191284	-13.251088155471
4.9295001029968	-13.147220788288
4.9341998100281	-13.058708551063
4.9388999938965	-12.984457719749
4.9436001777649	-12.920360954656
4.9482998847961	-12.860543588755
4.9530000686646	-12.799168383567
4.9576997756958	-12.732308304195
4.9623999595642	-12.659279309437
4.9671001434326	-12.582877745858
4.9717998504639	-12.508517074337
4.9765000343323	-12.442495211121
4.9812002182007	-12.390060948679
4.9858999252319	-12.353871500156
4.9906001091003	-12.333228373457
4.9952998161316	-12.324278614689
5.0000000000000	-12.321150511513
#Parameters = {R_fat=48; R_glandular=38; R_skin_outer=50; T10=5; T15=7.5; T5=2.5; T_rad=4; T_x=10; T_y=0; T_z=75; Zc=65; skin_thickness=2; Mesh Pass=3}
#"Frequency / GHz"	"S1,1 (Mesh Pass=3) [Magnitude / dB]"
#-------------------------------------------------------
0.30000001192093	-9.8539004177769
0.30469998717308	-10.249518727234
0.30939999222755	-10.687859207871
0.31409999728203	-11.059274103548
0.31880000233650	-11.244528417369
0.32350000739098	-11.179803425060
0.32820001244545	-10.909837331493
0.33289998769760	-10.565702745664
0.33759999275208	-10.294917043601
0.34229999780655	-10.215741438130
0.34700000286102	-10.412798017704
0.35170000791550	-10.953681426335
0.35640001296997	-11.910458746647
0.36109998822212	-13.377242350061
0.36579999327660	-15.447376406440
0.37049999833107	-17.888979952047
0.37520000338554	-18.794485114688
0.37990000844002	-16.451768008886
0.38460001349449	-13.357704119792
0.38929998874664	-10.829171878722
0.39399999380112	-8.9407371546642
0.39869999885559	-7.5923802179092
0.40340000391006	-6.6924848248827
0.40810000896454	-6.1676169062958
0.41280001401901	-5.9564294403147
0.41749998927116	-6.0058437537575
0.42219999432564	-6.2683528167592
0.42689999938011	-6.6978130723388
0.43160000443459	-7.2423536567703
0.43630000948906	-7.8353870779750
0.44100001454353	-8.3904696819560
0.44569998979568	-8.8120945785735
0.45039999485016	-9.0308136906775
0.45509999990463	-9.0429993456889
0.45980000495911	-8.9138716613073
0.46450001001358	-8.7378912357048
0.46919998526573	-8.5960037021317
0.47389999032021	-8.5368890138749
0.47859999537468	-8.5774412247352
0.48330000042915	-8.7092760821725
0.48800000548363	-8.9045814477168
0.49270001053810	-9.1212893638512
0.49739998579025	-9.3107823973044
0.50209999084473	-9.4307268502773
0.50679999589920	-9.4601134202705
0.51150000095367	-9.4074860987637
0.51620000600815	-9.3055653824721
0.52090001106262	-9.1961192874039
0.52560001611710	-9.1151982463258
0.53030002117157	-9.0848919424048
0.53500002622604	-9.1112193441439
0.53969997167587	-9.1854095112583
0.54439997673035	-9.2868252618673
0.54909998178482	-9.3876058181980
0.55379998683929	-9.4595717520255
0.55849999189377	-9.4826502839859
0.56319999694824	-9.4516325646126
0.56790000200272	-9.3774312414044
0.57260000705719	-9.2819568584884
0.57730001211166	-9.1897923050793
0.58200001716614	-9.1208006523150
0.58670002222061	-9.0858417847873
0.59140002727509	-9.0854730735752
0.59609997272491	-9.1107487005286
0.60079997777939	-9.1456477658356
0.60549998283386	-9.1710534970914
0.61019998788834	-9.1699829748735
0.61489999294281	-9.1327353683382
0.61959999799728	-9.0598446959386
0.62430000305176	-8.9613455871463
0.62900000810623	-8.8527952375265
0.63370001316071	-8.7501076159894
0.63840001821518	-8.6652329984472
0.64310002326965	-8.6036502382651
0.64780002832413	-8.5636638190546
0.65249997377396	-8.5372107623206
0.65719997882843	-8.5119841090794
0.66189998388290	-8.4746749238847
0.66659998893738	-8.4147311233337
0.67129999399185	-8.3274934559679
0.67599999904633	-8.2154455036890
0.68070000410080	-8.0870461583633
0.68540000915527	-7.9537700109727
0.69010001420975	-7.8266553234654
0.69480001926422	-7.7134889697875
0.69950002431870	-7.6171731773479
0.70420002937317	-7.5353432217572
0.70889997482300	-7.4611432154929
0.71359997987747	-7.3850496264223
0.71829998493195	-7.2974588007332
0.72299998998642	-7.1914367362731
0.72769999504089	-7.0647463466876
0.73240000009537	-6.9203917536365
0.73710000514984	-6.7654878274020
0.74180001020432	-6.6090160376542
0.74650001525879	-6.4593102872091
0.75120002031326	-6.3219943348222
0.75590002536774	-6.1987646436982
0.76059997081757	-6.0871434246611
0.76529997587204	-5.9811941013258
0.76999998092651	-5.8730995778305
0.77469998598099	-5.7553425412423
0.77939999103546	-5.6228835307896
0.78409999608994	-5.4746528988541
0.78880000114441	-5.3138312985470
0.79350000619888	-5.1468240491735
0.79820001125336	-4.9813988728175
0.80290001630783	-4.8245954976653
0.80760002136230	-4.6809947333100
0.81230002641678	-4.5516481627670
0.81699997186661	-4.4338764553905
0.82169997692108	-4.3219641020331
0.82639998197556	-4.2086945588231
0.83109998703003	-4.0873853542076
0.83579999208450	-3.9538941228588
0.84049999713898	-3.8079109060468
0.84520000219345	-3.6531081138324
0.84990000724792	-3.4960832569566
0.85460001230240	-3.3445387932598
0.85930001735687	-3.2052447963138
0.86400002241135	-3.0822967035262
0.86870002746582	-2.9760786024882
0.87339997291565	-2.8830973202064
0.87809997797012	-2.7968532727888
0.88279998302460	-2.7095885210963
0.88749998807907	-2.6145569330818
0.89219999313354	-2.5081600382036
0.89689999818802	-2.3911934052218
0.90160000324249	-2.2687833316465
0.90630000829697	-2.1490165089504
0.91100001335144	-2.0407444534176
0.91570001840591	-1.9512210547092
0.92040002346039	-1.8841563809107
0.92510002851486	-1.8386322545720
0.92979997396469	-1.8092056969488
0.93449997901917	-1.7872455383837
0.93919998407364	-1.7633791416894
0.94389998912811	-1.7304224589905
0.94859999418259	-1.6859402196889
0.95329999923706	-1.6334732949233
0.95800000429153	-1.5819660798739
0.96270000934601	-1.5435795057940
0.96740001440048	-1.5305814476163
0.97210001945496	-1.5522619837713
0.97680002450943	-1.6126170004006
0.98150002956390	-1.7093636816670
0.98619997501373	-1.8346230202438
0.99089998006821	-1.9773742489276
0.99559998512268	-2.1274509944292
1.0003000497818	-2.2802383732241
1.0049999952316	-2.4407406848387
1.0096999406815	-2.6255789293457
1.0144000053406	-2.8622117324843
1.0190999507904	-3.1860659286387
1.0238000154495	-3.6371898165975
1.0284999608994	-4.2584581730955
1.0332000255585	-5.0970319090093
1.0378999710083	-6.2108892501514
1.0426000356674	-7.6834379715606
1.0472999811172	-9.6544261276486
1.0520000457764	-12.390914606636
1.0566999912262	-16.453158459529
1.0614000558853	-22.165749860739
1.0661000013351	-20.123072135558
1.0707999467850	-14.677270849508
1.0755000114441	-11.067598231942
1.0801999568939	-8.5486278085240
1.0849000215530	-6.6892781734891
1.0895999670029	-5.2803354438343
1.0943000316620	-4.2073992995992
1.0989999771118	-3.3982888310806
1.1037000417709	-2.7995880282525
1.1083999872208	-2.3657622975908
1.1131000518799	-2.0549446609997
1.1177999973297	-1.8286748093787
1.1224999427795	-1.6538702286933
1.1272000074387	-1.5054420767820
1.1318999528885	-1.3681062226465
1.1366000175476	-1.2363702648153
1.1412999629974	-1.1124581455337
1.1460000276566	-1.0028575117944
1.1506999731064	-0.91459452087792
1.1554000377655	-0.85225435178721
1.1600999832153	-0.81635698722357
1.1648000478745	-0.80313918725472
1.1694999933243	-0.80556813201421
1.1742000579834	-0.81516576386055
1.1789000034332	-0.82411135214630
1.1835999488831	-0.82708570932797
1.1883000135422	-0.82234030755574
1.1929999589920	-0.81167200849668
1.1977000236511	-0.79941126985844
1.2023999691010	-0.79079129798693
1.2071000337601	-0.79025601681182
1.2117999792099	-0.80021103711886
1.2165000438690	-0.82047173793445
1.2211999893188	-0.84850205698589
1.2259000539780	-0.88023954358367
1.2305999994278	-0.91130370798414
1.2352999448776	-0.93819813523635
1.2400000095367	-0.95921561057097
1.2446999549866	-0.97478130655599
1.2494000196457	-0.98713605090095
1.2540999650955	-0.99953438307336
1.2588000297546	-1.0152083712513
1.2634999752045	-1.0364277281672
1.2682000398636	-1.0639373869936
1.2728999853134	-1.0968497630408
1.2776000499725	-1.1329992445105
1.2822999954224	-1.1696244757630
1.2869999408722	-1.2041860176590
1.2917000055313	-1.2350559210956
1.2963999509811	-1.2619387892250
1.3011000156403	-1.2858737394597
1.3057999610901	-1.3088456792843
1.3105000257492	-1.3331566665356
1.3151999711990	-1.3607531996732
1.3199000358582	-1.3926940540619
1.3245999813080	-1.4289311156443
1.3293000459671	-1.4683895222454
1.3339999914169	-1.5093371027764
1.3387000560760	-1.5499123010747
1.3434000015259	-1.5886653735103
1.3480999469757	-1.6249520562365
1.3528000116348	-1.6590901862157
1.3574999570847	-1.6922253858910
1.3622000217438	-1.7259679116068
1.3668999671936	-1.7619264784939
1.3716000318527	-1.8012645594809
1.3762999773026	-1.8444197973604
1.3810000419617	-1.8910425510077
1.3856999874115	-1.9401457788010
1.3904000520706	-1.9904313376747
1.3950999975204	-2.0406796889262
1.3997999429703	-2.0901116789259
1.4045000076294	-2.1386027781164
1.4091999530792	-2.1867103012177
1.4139000177383	-2.2355121005342
1.4185999631882	-2.2863036641536
1.4233000278473	-2.3402487509646
1.4279999732971	-2.3980996204867
1.4327000379562	-2.4600362927975
1.4373999834061	-2.5256725902690
1.4421000480652	-2.5942203780162
1.4467999935150	-2.6647453087911
1.4515000581741	-2.7364642274646
1.4562000036240	-2.8089887754056
1.4608999490738	-2.8824538060583
1.4656000137329	-2.9575037737398
1.4702999591827	-3.0351350842759
1.4750000238419	-3.1164570659471
1.4796999692917	-3.2024267117991
1.4844000339508	-3.2936484587570
1.4890999794006	-3.3902626344503
1.4938000440598	-3.4919705546238
1.4984999895096	-3.5981767052886
1.5032000541687	-3.7081940451966
1.5078999996185	-3.8214881261586
1.5125999450684	-3.9378712011509
1.5173000097275	-4.0576001156434
1.5219999551773	-4.1813622913908
1.5267000198364	-4.3101428376457
1.5313999652863	-4.4450194617732
1.5361000299454	-4.5869366174017
1.5407999753952	-4.7365171377520
1.5455000400543	-4.8939611742755
1.5501999855042	-5.0590540030022
1.5549000501633	-5.2312863817529
1.5595999956131	-5.4100497232833
1.5642999410629	-5.5948677703665
1.5690000057220	-5.7855962653677
1.5736999511719	-5.9825445799050
1.5784000158310	-6.1864824808370
1.5830999612808	-6.3985155789502
1.5878000259399	-6.6198775893336
1.5924999713898	-6.8516841077605
1.5972000360489	-7.0947085069288
1.6018999814987	-7.3492482849875
1.6066000461578	-7.6151090770841
1.6112999916077	-7.8917275889480
1.6160000562668	-8.1784026385323
1.6207000017166	-8.4745890250230
1.6253999471664	-8.7801765124805
1.6301000118256	-9.0956736645947
1.6347999572754	-9.4222387630617
1.6395000219345	-9.7615381611898
1.6441999673843	-10.115472490240
1.6489000320435	-10.485825218353
1.6535999774933	-10.873942255370
1.6583000421524	-11.280520037257
1.6629999876022	-11.705575645097
1.6677000522614	-12.148638902342
1.6723999977112	-12.609124545657
1.6770999431610	-13.086836546752
1.6818000078201	-13.582445228525
1.6864999532700	-14.097841669926
1.6912000179291	-14.636223292276
1.6958999633789	-15.201901577803
1.7006000280380	-15.799846429554
1.7052999734879	-16.435110615792
1.7100000381470	-17.112301745607
1.7146999835968	-17.835236016535
1.7194000482559	-18.606942439112
1.7240999937057	-19.430138155538
1.7288000583649	-20.308132953371
1.7335000038147	-21.246115055517
1.7381999492645	-22.252552126626
1.7429000139236	-23.340232401383
1.7475999593735	-24.526256651026
1.7523000240326	-25.829563425332
1.7569999694824	-27.262763212772
1.7617000341415	-28.810030984162
1.7663999795914	-30.373888272701
1.7711000442505	-31.683674595388
1.7757999897003	-32.293005745473
1.7805000543594	-31.946145533124
1.7851999998093	-30.911558489311
1.7898999452591	-29.629475697458
1.7946000099182	-28.359851914256
1.7992999553680	-27.194253589185
1.8040000200272	-26.146949238815
1.8086999654770	-25.206655229051
1.8134000301361	-24.357506177102
1.8180999755859	-23.586282820830
1.8228000402451	-22.883818057518
1.8274999856949	-22.244303498336
1.8322000503540	-21.663808051282
1.8368999958038	-21.138857017320
1.8415999412537	-20.665420488886
1.8463000059128	-20.238516406890
1.8509999513626	-19.852218273159
1.8557000160217	-19.500140596347
1.8603999614716	-19.176131258622
1.8651000261307	-18.874993859716
1.8697999715805	-18.593015447210
1.8745000362396	-18.328191218784
1.8791999816895	-18.080051199302
1.8839000463486	-17.849167256338
1.8885999917984	-17.636484387469
1.8933000564575	-17.442680816239
1.8980000019073	-17.267696728211
1.9026999473572	-17.110528664097
1.9074000120163	-16.969326173101
1.9120999574661	-16.841711228828
1.9168000221252	-16.725256785843
1.9214999675751	-16.617984210652
1.9262000322342	-16.518699136323
1.9308999776840	-16.427180809259
1.9356000423431	-16.344053747876
1.9402999877930	-16.270473799414
1.9450000524521	-16.207712630733
1.9496999979019	-16.156721320875
1.9543999433517	-16.117830303515
1.9591000080109	-16.090637850638
1.9637999534607	-16.074081963825
1.9685000181198	-16.066713688946
1.9731999635696	-16.067045915755
1.9779000282288	-16.073927214588
1.9825999736786	-16.086811591783
1.9873000383377	-16.105878679362
1.9919999837875	-16.131937412731
1.9967000484467	-16.166188191034
2.0013999938965	-16.209880800415
2.0060999393463	-16.263975017239
2.0107998847961	-16.328886399736
2.0155000686646	-16.404382058960
2.0202000141144	-16.489632151780
2.0248999595642	-16.583413165540
2.0295999050140	-16.684407481939
2.0343000888824	-16.791518505355
2.0390000343323	-16.904121004506
2.0436999797821	-17.022181564704
2.0483999252319	-17.146198793143
2.0531001091003	-17.277017528327
2.0578000545502	-17.415508155364
2.0625000000000	-17.562250588124
2.0671999454498	-17.717252652098
2.0718998908997	-17.879791320063
2.0766000747681	-18.048397510303
2.0813000202179	-18.220987626625
2.0859999656677	-18.395117057932
2.0906999111176	-18.568269534293
2.0954000949860	-18.738147447874
2.1001000404358	-18.902839906792
2.1047999858856	-19.060905044723
2.1094999313354	-19.211205974574
2.1142001152039	-19.352759402835
2.1189000606537	-19.484405576679
2.1236000061035	-19.604620662142
2.1282999515533	-19.711357693047
2.1329998970032	-19.802055887450
2.1377000808716	-19.873814937995
2.1424000263214	-19.923712039547
2.1470999717712	-19.949184451434
2.1517999172211	-19.948439436997
2.1565001010895	-19.920749795695
2.1612000465393	-19.866624380352
2.1658999919891	-19.787756220628
2.1705999374390	-19.686759023729
2.1752998828888	-19.566833343698
2.1800000667572	-19.431301594223
2.1847000122070	-19.283249071682
2.1893999576569	-19.125220951248
2.1940999031067	-18.959117772253
2.1988000869751	-18.786239478328
2.2035000324249	-18.607479349890
2.2081999778748	-18.423584347451
2.2128999233246	-18.235443486226
2.2176001071930	-18.044275837597
2.2223000526428	-17.851712034826
2.2269999980927	-17.659700102410
2.2316999435425	-17.470317621924
2.2363998889923	-17.285495234970
2.2411000728607	-17.106745876353
2.2458000183105	-16.934976501838
2.2504999637604	-16.770445870257
2.2551999092102	-16.612809119463
2.2599000930786	-16.461356331052
2.2646000385284	-16.315238357056
2.2692999839783	-16.173790444912
2.2739999294281	-16.036716675186
2.2787001132965	-15.904191718392
2.2834000587463	-15.776820021256
2.2881000041962	-15.655470576184
2.2927999496460	-15.541036535911
2.2974998950958	-15.434189121037
2.3022000789642	-15.335190451147
2.3069000244141	-15.243841214920
2.3115999698639	-15.159499287724
2.3162999153137	-15.081268513220
2.3210000991821	-15.008195500255
2.3257000446320	-14.939534411479
2.3303999900818	-14.874892134631
2.3350999355316	-14.814332424747
2.3397998809814	-14.758291596735
2.3445000648499	-14.707457289338
2.3492000102997	-14.662533062857
2.3538999557495	-14.624037263815
2.3585999011993	-14.592130391075
2.3633000850677	-14.566578178916
2.3680000305176	-14.546791008712
2.3726999759674	-14.531970707371
2.3773999214172	-14.521328965677
2.3821001052856	-14.514277930895
2.3868000507355	-14.510573306062
2.3914999961853	-14.510375405240
2.3961999416351	-14.514178336205
2.4008998870850	-14.522669388038
2.4056000709534	-14.536508721149
2.4103000164032	-14.556163603612
2.4149999618530	-14.581770313141
2.4196999073029	-14.613087749499
2.4244000911713	-14.649570898021
2.4291000366211	-14.690516165302
2.4337999820709	-14.735253856981
2.4384999275208	-14.783340352594
2.4432001113892	-14.834664537664
2.4479000568390	-14.889495895450
2.4526000022888	-14.948394675400
2.4572999477386	-15.012070672241
2.4619998931885	-15.081187299689
2.4667000770569	-15.156179442303
2.4714000225067	-15.237139564237
2.4760999679565	-15.323803581381
2.4807999134064	-15.415611304752
2.4855000972748	-15.511876877993
2.4902000427246	-15.611957021450
2.4948999881744	-15.715435209228
2.4995999336243	-15.822240304104
2.5043001174927	-15.932660318512
2.5090000629425	-16.047250763849
2.5137000083923	-16.166691424480
2.5183999538422	-16.291572440842
2.5230998992920	-16.422217624407
2.5278000831604	-16.558584062522
2.5325000286102	-16.700220726121
2.5371999740601	-16.846344959663
2.5418999195099	-16.996009497127
2.5466001033783	-17.148271126121
2.5513000488281	-17.302396146236
2.5559999942780	-17.457944061563
2.5606999397278	-17.614805312730
2.5653998851776	-17.773100802822
2.5701000690460	-17.933018051384
2.5748000144958	-18.094587936764
2.5794999599457	-18.257497179652
2.5841999053955	-18.420943401234
2.5889000892639	-18.583600307454
2.5936000347137	-18.743681235658
2.5982999801636	-18.899100612476
2.6029999256134	-19.047680702361
2.6077001094818	-19.187370989696
2.6124000549316	-19.316407058825
2.6171000003815	-19.433388157791
2.6217999458313	-19.537248522995
2.6264998912811	-19.627140269354
2.6312000751495	-19.702278476801
2.6359000205994	-19.761777337248
2.6405999660492	-19.804565632168
2.6452999114990	-19.829362202263
2.6500000953674	-19.834773415041
2.6547000408173	-19.819485545313
2.6593999862671	-19.782466411404
2.6640999317169	-19.723221191830
2.6688001155853	-19.641943130001
2.6735000610352	-19.539544544048
2.6782000064850	-19.417629212464
2.6828999519348	-19.278294919809
2.6875998973846	-19.123856482879
2.6923000812531	-18.956609893137
2.6970000267029	-18.778584718057
2.7016999721527	-18.591410522474
2.7063999176025	-18.396283728167
2.7111001014709	-18.194047068788
2.7158000469208	-17.985362243663
2.7204999923706	-17.770863269950
2.7251999378204	-17.551362704229
2.7298998832703	-17.327913687335
2.7346000671387	-17.101821070848
2.7393000125885	-16.874541139659
2.7439999580383	-16.647511233884
2.7486999034882	-16.421979127796
2.7534000873566	-16.198846065195
2.7581000328064	-15.978589596938
2.7627999782562	-15.761269422407
2.7674999237061	-15.546653569948
2.7722001075745	-15.334346535028
2.7769000530243	-15.124014525122
2.7815999984741	-14.915493502602
2.7862999439240	-14.708916941983
2.7909998893738	-14.504683848318
2.7957000732422	-14.303372398533
2.8004000186920	-14.105599492561
2.8050999641418	-13.911863292382
2.8097999095917	-13.722413938252
2.8145000934601	-13.537200256991
2.8192000389099	-13.355891548094
2.8238999843597	-13.177975399576
2.8285999298096	-13.002902211176
2.8333001136780	-12.830227560153
2.8380000591278	-12.659730572913
2.8427000045776	-12.491449339534
2.8473999500275	-12.325661169344
2.8520998954773	-12.162774619275
2.8568000793457	-12.003200064273
2.8615000247955	-11.847209215218
2.8661999702454	-11.694868926736
2.8708999156952	-11.545990049683
2.8756000995636	-11.400192205471
2.8803000450134	-11.256989797392
2.8849999904633	-11.115939114624
2.8896999359131	-10.976734187169
2.8943998813629	-10.839292046276
2.8991000652313	-10.703748463035
2.9038000106812	-10.570411243307
2.9084999561310	-10.439647262607
2.9131999015808	-10.311767824176
2.9179000854492	-10.186927770091
2.9226000308990	-10.065081469778
2.9272999763489	-9.9459801680076
2.9319999217987	-9.8292554387346
2.9367001056671	-9.7145073555421
2.9414000511169	-9.6014241957263
2.9460999965668	-9.4898628090219
2.9507999420166	-9.3798763394813
2.9554998874664	-9.2716888860578
2.9602000713348	-9.1656280359983
2.9649000167847	-9.0620064903266
2.9695999622345	-8.9610360609621
2.9742999076843	-8.8627594311819
2.9790000915527	-8.7670336675856
2.9837000370026	-8.6735749121544
2.9883999824524	-8.5820380106289
2.9930999279022	-8.4921153448224
2.9978001117706	-8.4036193962332
3.0025000572205	-8.3165374799049
3.0072000026703	-8.2310219681494
3.0118999481201	-8.1473416884224
3.0165998935699	-8.0657938322858
3.0213000774384	-7.9866104946310
3.0260000228882	-7.9098882431540
3.0306999683380	-7.8355601375082
3.0353999137878	-7.7634098455414
3.0401000976562	-7.6931326815949
3.0448000431061	-7.6244345135378
3.0494999885559	-7.5570950787893
3.0541999340057	-7.4910456245946
3.0589001178741	-7.4263725661182
3.0636000633240	-7.3632886217730
3.0683000087738	-7.3020543580382
3.0729999542236	-7.2429091348010
3.0776998996735	-7.1859850304077
3.0824000835419	-7.1312618596137
3.0871000289917	-7.0785811564993
3.0917999744415	-7.0276778109600
3.0964999198914	-6.9782654806578
3.1012001037598	-6.9301121411353
3.1059000492096	-6.8831011297506
3.1105999946594	-6.8372636850700
3.1152999401093	-6.7927637367835
3.1199998855591	-6.7498335589805
3.1247000694275	-6.7087087331005
3.1294000148773	-6.6695415825652
3.1340999603271	-6.6323534227595
3.1387999057770	-6.5970336982538
3.1435000896454	-6.5633536796681
3.1482000350952	-6.5310378710480
3.1528999805450	-6.4998466395618
3.1575999259949	-6.4696284323052
3.1623001098633	-6.4403770134023
3.1670000553131	-6.4122046168398
3.1717000007629	-6.3853219361129
3.1763999462128	-6.3599484554545
3.1810998916626	-6.3362607349579
3.1858000755310	-6.3143119675427
3.1905000209808	-6.2940243638712
3.1951999664307	-6.2752037916508
3.1998999118805	-6.2575874171905
3.2046000957489	-6.2409194425423
3.2093000411987	-6.2250249351737
3.2139999866486	-6.2098463308786
3.2186999320984	-6.1954540043463
3.2234001159668	-6.1820235409637
3.2281000614166	-6.1697622559774
3.2328000068665	-6.1588399099025
3.2374999523163	-6.1493310794256
3.2421998977661	-6.1411734945605
3.2469000816345	-6.1341802141440
3.2516000270844	-6.1280850595185
3.2562999725342	-6.1226055401511
3.2609999179840	-6.1175123047032
3.2657001018524	-6.1126899568844
3.2704000473022	-6.1081431055099
3.2750999927521	-6.1039821182656
3.2797999382019	-6.1003709560161
3.2844998836517	-6.0974440176838
3.2892000675201	-6.0952469547324
3.2939000129700	-6.0936908470329
3.2985999584198	-6.0925534936573
3.3032999038696	-6.0915081357315
3.3080000877380	-6.0901942393268
3.3127000331879	-6.0882837335320
3.3173999786377	-6.0855429496112
3.3220999240875	-6.0818593710420
3.3268001079559	-6.0772296455246
3.3315000534058	-6.0717037626715
3.3361999988556	-6.0653207967363
3.3408999443054	-6.0580333735027
3.3455998897552	-6.0496630413057
3.3503000736237	-6.0398906252791
3.3550000190735	-6.0282864225754
3.3596999645233	-6.0143729143808
3.3643999099731	-5.9977061147556
3.3691000938416	-5.9779416672311
3.3738000392914	-5.9548624242050
3.3784999847412	-5.9283852745214
3.3831999301910	-5.8985163645781
3.3879001140594	-5.8652760536675
3.3926000595093	-5.8286441890721
3.3973000049591	-5.7885084092752
3.4019999504089	-5.7446529732975
3.4066998958588	-5.6967969832264
3.4114000797272	-5.6446649802025
3.4161000251770	-5.5880563678025
3.4207999706268	-5.5269174236174
3.4254999160767	-5.4613824360481
3.4302000999451	-5.3917614629169
3.4349000453949	-5.3184974157330
3.4395999908447	-5.2420987873065
3.4442999362946	-5.1630654338949
3.4489998817444	-5.0818374525538
3.4537000656128	-4.9987786902978
3.4584000110626	-4.9141921128914
3.4630999565125	-4.8283697258158
3.4677999019623	-4.7416481220546
3.4725000858307	-4.6544525261171
3.4772000312805	-4.5673292498501
3.4818999767303	-4.4809079855205
3.4865999221802	-4.3958787967583
3.4913001060486	-4.3129128578156
3.4960000514984	-4.2325962787816
3.5006999969482	-4.1553907339865
3.5053999423981	-4.0816079190758
3.5100998878479	-4.0114233637511
3.5148000717163	-3.9449253916738
3.5195000171661	-3.8821592252090
3.5241999626160	-3.8231872371326
3.5288999080658	-3.7681195474651
3.5336000919342	-3.7171129432756
3.5383000373840	-3.6703598424809
3.5429999828339	-3.6280410603848
3.5476999282837	-3.5902760089396
3.5524001121521	-3.5570930732190
3.5571000576019	-3.5284027522486
3.5618000030518	-3.5040147422869
3.5664999485016	-3.4836653626053
3.5711998939514	-3.4670706208250
3.5759000778198	-3.4539780161617
3.5806000232697	-3.4442036683572
3.5852999687195	-3.4376495711593
3.5899999141693	-3.4342878228660
3.5947000980377	-3.4341372180033
3.5994000434875	-3.4372133216192
3.6040999889374	-3.4434844014390
3.6087999343872	-3.4528403999561
3.6135001182556	-3.4650938224144
3.6182000637054	-3.4799937162916
3.6229000091553	-3.4972658836303
3.6275999546051	-3.5166632820006
3.6322999000549	-3.5380033748655
3.6370000839233	-3.5611969109732
3.6417000293732	-3.5862427288192
3.6463999748230	-3.6132032690513
3.6510999202728	-3.6421639047927
3.6558001041412	-3.6731851169952
3.6605000495911	-3.7062536925042
3.6651999950409	-3.7412851530775
3.6698999404907	-3.7781114823631
3.6745998859406	-3.8165305107093
3.6793000698090	-3.8563363476994
3.6840000152588	-3.8973740264394
3.6886999607086	-3.9395774933999
3.6933999061584	-3.9829680171926
3.6981000900269	-4.0276470401460
3.7028000354767	-4.0737488343736
3.7074999809265	-4.1214002506588
3.7121999263763	-4.1706622012341
3.7169001102448	-4.2215174808844
3.7216000556946	-4.2738498529373
3.7263000011444	-4.3274856722214
3.7309999465942	-4.3822260774982
3.7356998920441	-4.4379055615936
3.7404000759125	-4.4944347146491
3.7451000213623	-4.5518185362810
3.7497999668121	-4.6101523697033
3.7544999122620	-4.6695806943278
3.7592000961304	-4.7302533814909
3.7639000415802	-4.7922638857960
3.7685999870300	-4.8556166814060
3.7732999324799	-4.9202091017370
3.7780001163483	-4.9858504176922
3.7827000617981	-5.0523051540585
3.7874000072479	-5.1193518449435
3.7920999526978	-5.1868330082503
3.7967998981476	-5.2546881168873
3.8015000820160	-5.3229630362731
3.8062000274658	-5.3917679036841
3.8108999729156	-5.4612336706154
3.8155999183655	-5.5314412893120
3.8203001022339	-5.6023745611595
3.8250000476837	-5.6738937538381
3.8296999931335	-5.7457503214258
3.8343999385834	-5.8176211463845
3.8390998840332	-5.8891825981106
3.8438000679016	-5.9601716514911
3.8485000133514	-6.0304329310881
3.8531999588013	-6.0999289442035
3.8578999042511	-6.1687195916659
3.8626000881195	-6.2368990596032
3.8673000335693	-6.3045225765082
3.8719999790192	-6.3715442916311
3.8766999244690	-6.4377819515192
3.8814001083374	-6.5029204663635
3.8861000537872	-6.5665658424009
3.8907999992371	-6.6283091063974
3.8954999446869	-6.6878188953408
3.9001998901367	-6.7448957519147
3.9049000740051	-6.7994928989522
3.9096000194550	-6.8516964252382
3.9142999649048	-6.9016562190214
3.9189999103546	-6.9495009346313
3.9237000942230	-6.9952626333567
3.9284000396729	-7.0388363858689
3.9330999851227	-7.0799779391609
3.9377999305725	-7.1183582118900
3.9425001144409	-7.1536539555600
3.9472000598907	-7.1856301980509
3.9519000053406	-7.2142188988880
3.9565999507904	-7.2395389719692
3.9612998962402	-7.2618631431767
3.9660000801086	-7.2815490444625
3.9707000255585	-7.2989347820646
3.9753999710083	-7.3142624109021
3.9800999164581	-7.3276124817639
3.9848001003265	-7.3389187620833
3.9895000457764	-7.3480198605274
3.9941999912262	-7.3547457589765
3.9988999366760	-7.3590154530740
4.0036001205444	-7.3609113016738
4.0082998275757	-7.3606987661725
4.0130000114441	-7.3587952517057
4.0177001953125	-7.3556892088603
4.0223999023438	-7.3518423344922
4.0271000862122	-7.3475914271383
4.0317997932434	-7.3431019334186
4.0364999771118	-7.3383639465317
4.0412001609802	-7.3332497901071
4.0458998680115	-7.3276026167344
4.0506000518799	-7.3213335895657
4.0553002357483	-7.3144958864234
4.0599999427795	-7.3073178403626
4.0647001266479	-7.3001735108951
4.0693998336792	-7.2935095712657
4.0741000175476	-7.2877427489264
4.0788002014160	-7.2831738389307
4.0834999084473	-7.2799260413907
4.0882000923157	-7.2779391329051
4.0928997993469	-7.2770176518526
4.0975999832153	-7.2769201201740
4.1023001670837	-7.2774536164090
4.1069998741150	-7.2785606820961
4.1117000579834	-7.2803536113177
4.1163997650146	-7.2831065458064
4.1210999488831	-7.2871764934081
4.1258001327515	-7.2929212830443
4.1304998397827	-7.3005986714156
4.1352000236511	-7.3102897162479
4.1399002075195	-7.3218983847823
4.1445999145508	-7.3351705255640
4.1493000984192	-7.3497895243668
4.1539998054504	-7.3654658793444
4.1586999893188	-7.3820377143638
4.1634001731873	-7.3995182621259
4.1680998802185	-7.4180997099378
4.1728000640869	-7.4380901044820
4.1774997711182	-7.4598275676020
4.1821999549866	-7.4835706840413
4.1869001388550	-7.5094228198983
4.1915998458862	-7.5372955108009
4.1963000297546	-7.5669296114124
4.2010002136230	-7.5979778483674
4.2056999206543	-7.6301033190973
4.2104001045227	-7.6630901283547
4.2150998115540	-7.6969110086157
4.2197999954224	-7.7317532794300
4.2245001792908	-7.7679721887711
4.2291998863220	-7.8059980569717
4.2339000701904	-7.8462338874917
4.2385997772217	-7.8889544382927
4.2432999610901	-7.9342476299341
4.2480001449585	-7.9820302861766
4.2526998519897	-8.0321029558841
4.2574000358582	-8.0842596472622
4.2621002197266	-8.1384000217028
4.2667999267578	-8.1946148798342
4.2715001106262	-8.2532205359993
4.2761998176575	-8.3147211170582
4.2809000015259	-8.3797162285998
4.2856001853943	-8.4487700097173
4.2902998924255	-8.5222834964878
4.2950000762939	-8.6004057910018
4.2996997833252	-8.6830101507367
4.3043999671936	-8.7697341544574
4.3091001510620	-8.8600916295115
4.3137998580933	-8.9536054186607
4.3185000419617	-9.0499406093842
4.3232002258301	-9.1489838404884
4.3278999328613	-9.2508581780564
4.3326001167297	-9.3558545710775
4.3372998237610	-9.4643120806360
4.3420000076294	-9.5764688415333
4.3467001914978	-9.6923492349315
4.3513998985291	-9.8117053494474
4.3561000823975	-9.9340438422489
4.3607997894287	-10.058732732655
4.3654999732971	-10.185168968936
4.3702001571655	-10.312939766269
4.3748998641968	-10.441945528931
4.3796000480652	-10.572437544979
4.3843002319336	-10.704948240028
4.3889999389648	-10.840135033528
4.3937001228333	-10.978584579696
4.3983998298645	-11.120634503149
4.4031000137329	-11.266260150173
4.4078001976013	-11.415080641985
4.4124999046326	-11.566470451807
4.4172000885010	-11.719760373382
4.4218997955322	-11.874463029424
4.4265999794006	-12.030464491712
4.4313001632690	-12.188099070990
4.4359998703003	-12.348095444893
4.4407000541687	-12.511393943775
4.4454002380371	-12.678886070615
4.4500999450684	-12.851159805227
4.4548001289368	-13.028327295947
4.4594998359680	-13.209987656189
4.4642000198364	-13.395353215424
4.4689002037048	-13.583505623479
4.4735999107361	-13.773711470301
4.4783000946045	-13.965706253828
4.4829998016357	-14.159842389192
4.4876999855042	-14.357047933773
4.4924001693726	-14.558599112359
4.4970998764038	-14.765760980815
4.5018000602722	-14.979415262046
4.5064997673035	-15.199776168968
4.5111999511719	-15.426301607334
4.5159001350403	-15.657832513569
4.5205998420715	-15.892940143007
4.5253000259399	-16.130395918903
4.5300002098083	-16.369600953450
4.5346999168396	-16.610852992430
4.5394001007080	-16.855306137353
4.5440998077393	-17.104651516066
4.5487999916077	-17.360555840554
4.5535001754761	-17.624064107983
4.5581998825073	-17.895126780148
4.5629000663757	-18.172414401995
4.5675997734070	-18.453518122458
4.5722999572754	-18.735498518942
4.5770001411438	-19.015654883335
4.5816998481750	-19.292255155801
4.5864000320435	-19.564947502008
4.5911002159119	-19.834656019973
4.5957999229431	-20.102906934846
4.6005001068115	-20.370801484001
4.6051998138428	-20.637945745330
4.6098999977112	-20.901705516474
4.6146001815796	-21.157103088773
4.6192998886108	-21.397516079886
4.6240000724792	-21.616056706649
4.6286997795105	-21.807219773899
4.6333999633789	-21.968151714652
4.6381001472473	-22.098986558654
4.6427998542786	-22.201989628535
4.6475000381470	-22.279876871074
4.6522002220154	-22.334069094005
4.6568999290466	-22.363599903978
4.6616001129150	-22.365179499277
4.6662998199463	-22.334487741155
4.6710000038147	-22.268159641503
4.6757001876831	-22.165715895699
4.6803998947144	-22.030472419417
4.6851000785828	-21.869016524180
4.6897997856140	-21.689574373884
4.6944999694824	-21.499870137852
4.6992001533508	-21.305450755540
4.7038998603821	-21.108877703134
4.7086000442505	-20.909966080212
4.7133002281189	-20.706879715640
4.7179999351501	-20.497618411277
4.7227001190186	-20.281436870019
4.7273998260498	-20.059643392089
4.7321000099182	-19.835573478929
4.7368001937866	-19.613816981604
4.7414999008179	-19.399022165750
4.7462000846863	-19.194736751198
4.7508997917175	-19.002607965075
4.7555999755859	-18.822200802115
4.7603001594543	-18.651412347331
4.7649998664856	-18.487303146191
4.7697000503540	-18.327164605093
4.7744002342224	-18.169443865738
4.7790999412537	-18.014267142818
4.7838001251221	-17.863375517557
4.7884998321533	-17.719549236281
4.7932000160217	-17.585692552492
4.7979001998901	-17.463927835262
4.8025999069214	-17.354931057026
4.8073000907898	-17.257709001958
4.8119997978210	-17.169845902058
4.8166999816895	-17.088183733740
4.8214001655579	-17.009694761677
4.8260998725891	-16.932326999805
4.8308000564575	-16.855543108200
4.8354997634888	-16.780335534116
4.8401999473572	-16.708784632581
4.8449001312256	-16.643220303046
4.8495998382568	-16.585350712830
4.8543000221252	-16.535561532497
4.8590002059937	-16.492609367634
4.8636999130249	-16.453883117753
4.8684000968933	-16.415987865470
4.8730998039246	-16.375706114978
4.8777999877930	-16.330892614735
4.8825001716614	-16.281033723670
4.8871998786926	-16.227353748844
4.8919000625610	-16.172288742715
4.8965997695923	-16.118616938799
4.9012999534607	-16.068509208386
4.9060001373291	-16.022766816489
4.9106998443604	-15.980561348357
4.9154000282288	-15.939668158568
4.9201002120972	-15.897175448679
4.9247999191284	-15.850446859929
4.9295001029968	-15.798030176347
4.9341998100281	-15.740203859716
4.9388999938965	-15.678918386442
4.9436001777649	-15.617214384334
4.9482998847961	-15.558223419756
4.9530000686646	-15.504190708924
4.9576997756958	-15.455723206065
4.9623999595642	-15.411543225151
4.9671001434326	-15.368765913764
4.9717998504639	-15.323685279224
4.9765000343323	-15.272762242897
4.9812002182007	-15.213552631611
4.9858999252319	-15.145226514243
4.9906001091003	-15.068473466063
4.9952998161316	-14.984834853271
5.0000000000000	-14.895672144243
#Parameters = {R_fat=48; R_glandular=38; R_skin_outer=50; T10=5; T15=7.5; T5=2.5; T_rad=4; T_x=10; T_y=0; T_z=75; Zc=65; skin_thickness=2; Mesh Pass=4}
#"Frequency / GHz"	"S1,1 (Mesh Pass=4) [Magnitude / dB]"
#-------------------------------------------------------
0.30000001192093	-16.856741951908
0.30469998717308	-17.572527604318
0.30939999222755	-17.925849754327
0.31409999728203	-17.786854562727
0.31880000233650	-17.295902368452
0.32350000739098	-16.739118556747
0.32820001244545	-16.359455269842
0.33289998769760	-16.314032336581
0.33759999275208	-16.718311712532
0.34229999780655	-17.708766094515
0.34700000286102	-19.538110283681
0.35170000791550	-22.843426155036
0.35640001296997	-30.199364009638
0.36109998822212	-34.486548161739
0.36579999327660	-22.789294754715
0.37049999833107	-17.670560991964
0.37520000338554	-14.388451701135
0.37990000844002	-12.052995397155
0.38460001349449	-10.346473134862
0.38929998874664	-9.1221810896739
0.39399999380112	-8.2977866717515
0.39869999885559	-7.8167623271679
0.40340000391006	-7.6336684625180
0.40810000896454	-7.7098127794557
0.41280001401901	-8.0129160493576
0.41749998927116	-8.5170585455534
0.42219999432564	-9.2004881905334
0.42689999938011	-10.039520328145
0.43160000443459	-10.996288258460
0.43630000948906	-11.998952047272
0.44100001454353	-12.921512589049
0.44569998979568	-13.594665496735
0.45039999485016	-13.888985883954
0.45509999990463	-13.820868224081
0.45980000495911	-13.542174574552
0.46450001001358	-13.226995146286
0.46919998526573	-12.995182181686
0.47389999032021	-12.905849518962
0.47859999537468	-12.976241020706
0.48330000042915	-13.197024243345
0.48800000548363	-13.538227224084
0.49270001053810	-13.948480548299
0.49739998579025	-14.353972910867
0.50209999084473	-14.667475852611
0.50679999589920	-14.815921623241
0.51150000095367	-14.776088240762
0.51620000600815	-14.587105845133
0.52090001106262	-14.325826905751
0.52560001611710	-14.069765163793
0.53030002117157	-13.874911345956
0.53500002622604	-13.771220730428
0.53969997167587	-13.766005547708
0.54439997673035	-13.847757072804
0.54909998178482	-13.988325118928
0.55379998683929	-14.145076568989
0.55849999189377	-14.266755962947
0.56319999694824	-14.306055613875
0.56790000200272	-14.236286037502
0.57260000705719	-14.062242363994
0.57730001211166	-13.816585644258
0.58200001716614	-13.544674488773
0.58670002222061	-13.288757074619
0.59140002727509	-13.078736816962
0.59609997272491	-12.929377570627
0.60079997777939	-12.840800460442
0.60549998283386	-12.800018852977
0.61019998788834	-12.783200274317
0.61489999294281	-12.759694858699
0.61959999799728	-12.698859902186
0.62430000305176	-12.578822384203
0.62900000810623	-12.393609695299
0.63370001316071	-12.154557752985
0.63840001821518	-11.885134186066
0.64310002326965	-11.612491224165
0.64780002832413	-11.360046611634
0.65249997377396	-11.143060782786
0.65719997882843	-10.966970003358
0.66189998388290	-10.827525140624
0.66659998893738	-10.712139760809
0.67129999399185	-10.602541795438
0.67599999904633	-10.478909149898
0.68070000410080	-10.325004932661
0.68540000915527	-10.132805433389
0.69010001420975	-9.9045963067928
0.69480001926422	-9.6516056949540
0.69950002431870	-9.3899711181674
0.70420002937317	-9.1359992283328
0.70889997482300	-8.9023563713508
0.71359997987747	-8.6958008458102
0.71829998493195	-8.5163825784227
0.72299998998642	-8.3578798159159
0.72769999504089	-8.2093433852189
0.73240000009537	-8.0576978510557
0.73710000514984	-7.8910461294013
0.74180001020432	-7.7018478725890
0.74650001525879	-7.4888939263114
0.75120002031326	-7.2573169143973
0.75590002536774	-7.0167448608627
0.76059997081757	-6.7784292071485
0.76529997587204	-6.5523867344118
0.76999998092651	-6.3452343351506
0.77469998598099	-6.1590022663748
0.77939999103546	-5.9909483262891
0.78409999608994	-5.8343311061813
0.78880000114441	-5.6800851906484
0.79350000619888	-5.5191153345087
0.79820001125336	-5.3446911030482
0.80290001630783	-5.1542524594148
0.80760002136230	-4.9499953800808
0.81230002641678	-4.7380779641404
0.81699997186661	-4.5268485963886
0.82169997692108	-4.3246609934650
0.82639998197556	-4.1379149579780
0.83109998703003	-3.9696996023941
0.83579999208450	-3.8192166577691
0.84049999713898	-3.6820556729584
0.84520000219345	-3.5513160478043
0.84990000724792	-3.4193788228243
0.85460001230240	-3.2799596826138
0.85930001735687	-3.1298707477075
0.86400002241135	-2.9699308677509
0.86870002746582	-2.8047674632780
0.87339997291565	-2.6415825278815
0.87809997797012	-2.4883130830208
0.88279998302460	-2.3517197258318
0.88749998807907	-2.2358404216320
0.89219999313354	-2.1410901115725
0.89689999818802	-2.0642276588366
0.90160000324249	-1.9991899715632
0.90630000829697	-1.9387102533559
0.91100001335144	-1.8763777365478
0.91570001840591	-1.8086205351602
0.92040002346039	-1.7359916866479
0.92510002851486	-1.6633459566406
0.92979997396469	-1.5988475494721
0.93449997901917	-1.5521081755758
0.93919998407364	-1.5320409736391
0.94389998912811	-1.5449382544327
0.94859999418259	-1.5932348518199
0.95329999923706	-1.6752344905852
0.95800000429153	-1.7859269521506
0.96270000934601	-1.9188678683523
0.96740001440048	-2.0688264571558
0.97210001945496	-2.2346777324707
0.97680002450943	-2.4217772314957
0.98150002956390	-2.6431335641262
0.98619997501373	-2.9190997185149
0.99089998006821	-3.2759191313509
0.99559998512268	-3.7440079361772
1.0003000497818	-4.3570663341429
1.0049999952316	-5.1530983214806
1.0096999406815	-6.1784937666106
1.0144000053406	-7.4967992966621
1.0190999507904	-9.2057460439506
1.0238000154495	-11.469851398398
1.0284999608994	-14.570496138426
1.0332000255585	-18.714185802147
1.0378999710083	-20.679276515958
1.0426000356674	-16.780054833288
1.0472999811172	-12.962516260652
1.0520000457764	-10.178076912163
1.0566999912262	-8.1001410037254
1.0614000558853	-6.5030194219264
1.0661000013351	-5.2565049862942
1.0707999467850	-4.2807303647056
1.0755000114441	-3.5213421940199
1.0801999568939	-2.9367330230386
1.0849000215530	-2.4916510797896
1.0895999670029	-2.1545174644992
1.0943000316620	-1.8970425663952
1.0989999771118	-1.6950701143702
1.1037000417709	-1.5297926158300
1.1083999872208	-1.3885580561734
1.1131000518799	-1.2647881409115
1.1177999973297	-1.1568837831786
1.1224999427795	-1.0664067622806
1.1272000074387	-0.99599834205555
1.1318999528885	-0.94758495851002
1.1366000175476	-0.92119840596099
1.1412999629974	-0.91456030669317
1.1460000276566	-0.92340083744690
1.1506999731064	-0.94230025876376
1.1554000377655	-0.96582048565227
1.1600999832153	-0.98962123638648
1.1648000478745	-1.0112455400879
1.1694999933243	-1.0304063004108
1.1742000579834	-1.0487003253034
1.1789000034332	-1.0688628654265
1.1835999488831	-1.0938116263296
1.1883000135422	-1.1257555013980
1.1929999589920	-1.1655903202736
1.1977000236511	-1.2126791983173
1.2023999691010	-1.2650841711821
1.2071000337601	-1.3200774247829
1.2117999792099	-1.3748630793141
1.2165000438690	-1.4272657452108
1.2211999893188	-1.4762339719760
1.2259000539780	-1.5220210002731
1.2305999994278	-1.5660173438589
1.2352999448776	-1.6102822586545
1.2400000095367	-1.6569352769576
1.2446999549866	-1.7075722357611
1.2494000196457	-1.7628715606816
1.2540999650955	-1.8224564935322
1.2588000297546	-1.8850466045765
1.2634999752045	-1.9488147365140
1.2682000398636	-2.0118905740677
1.2728999853134	-2.0728414764778
1.2776000499725	-2.1310342071508
1.2822999954224	-2.1867616327913
1.2869999408722	-2.2411207735606
1.2917000055313	-2.2956952436319
1.2963999509811	-2.3521092492954
1.3011000156403	-2.4116046355782
1.3057999610901	-2.4747415538384
1.3105000257492	-2.5412953620760
1.3151999711990	-2.6103508482935
1.3199000358582	-2.6805640910587
1.3245999813080	-2.7505392652081
1.3293000459671	-2.8191935669377
1.3339999914169	-2.8860449703252
1.3387000560760	-2.9513181118755
1.3434000015259	-3.0158855571839
1.3480999469757	-3.0810144947484
1.3528000116348	-3.1480461621459
1.3574999570847	-3.2180593967724
1.3622000217438	-3.2916209047362
1.3668999671936	-3.3686687416209
1.3716000318527	-3.4485823838815
1.3762999773026	-3.5303511474176
1.3810000419617	-3.6128766924568
1.3856999874115	-3.6952611740457
1.3904000520706	-3.7770569065748
1.3950999975204	-3.8583925632556
1.3997999429703	-3.9399453173056
1.4045000076294	-4.0227793801553
1.4091999530792	-4.1080853067001
1.4139000177383	-4.1969139258920
1.4185999631882	-4.2899347059732
1.4233000278473	-4.3873135360483
1.4279999732971	-4.4887131978397
1.4327000379562	-4.5934137721303
1.4373999834061	-4.7005319211003
1.4421000480652	-4.8092691093521
1.4467999935150	-4.9191467402890
1.4515000581741	-5.0301604989487
1.4562000036240	-5.1428074746299
1.4608999490738	-5.2580021254113
1.4656000137329	-5.3768821607891
1.4702999591827	-5.5005680623462
1.4750000238419	-5.6299430760853
1.4796999692917	-5.7654745561247
1.4844000339508	-5.9071626675332
1.4890999794006	-6.0545859067280
1.4938000440598	-6.2070417925361
1.4984999895096	-6.3637740765146
1.5032000541687	-6.5242020009567
1.5078999996185	-6.6881179912364
1.5125999450684	-6.8557961711226
1.5173000097275	-7.0279901603508
1.5219999551773	-7.2058163159266
1.5267000198364	-7.3905463203471
1.5313999652863	-7.5833710097866
1.5361000299454	-7.7851762000620
1.5407999753952	-7.9963945586262
1.5455000400543	-8.2169502784621
1.5501999855042	-8.4463305558031
1.5549000501633	-8.6837483498676
1.5595999956131	-8.9283923297382
1.5642999410629	-9.1796800818175
1.5690000057220	-9.4374834141451
1.5736999511719	-9.7022463555968
1.5784000158310	-9.9749777017598
1.5830999612808	-10.257102115168
1.5878000259399	-10.550212767034
1.5924999713898	-10.855769356934
1.5972000360489	-11.174821024056
1.6018999814987	-11.507795304485
1.6066000461578	-11.854428416002
1.6112999916077	-12.213828468765
1.6160000562668	-12.584694827831
1.6207000017166	-12.965632902317
1.6253999471664	-13.355517461510
1.6301000118256	-13.753811192013
1.6347999572754	-14.160718520739
1.6395000219345	-14.577176215608
1.6441999673843	-15.004623034096
1.6489000320435	-15.444594633318
1.6535999774933	-15.898237259522
1.6583000421524	-16.365787936722
1.6629999876022	-16.846174731187
1.6677000522614	-17.336773046811
1.6723999977112	-17.833337688634
1.6770999431610	-18.330188907559
1.6818000078201	-18.820547191666
1.6864999532700	-19.297012127079
1.6912000179291	-19.752047305565
1.6958999633789	-20.178406646277
1.7006000280380	-20.569398232910
1.7052999734879	-20.919077818061
1.7100000381470	-21.222337432855
1.7146999835968	-21.475043179451
1.7194000482559	-21.674198330785
1.7240999937057	-21.818135496261
1.7288000583649	-21.906642629979
1.7335000038147	-21.940941305686
1.7381999492645	-21.923569863330
1.7429000139236	-21.858237041234
1.7475999593735	-21.749690350706
1.7523000240326	-21.603687829765
1.7569999694824	-21.426940488355
1.7617000341415	-21.227004469412
1.7663999795914	-21.011942152442
1.7711000442505	-20.789829302214
1.7757999897003	-20.568126765029
1.7805000543594	-20.353031057893
1.7851999998093	-20.149022414222
1.7898999452591	-19.958576598259
1.7946000099182	-19.782225315970
1.7992999553680	-19.618861942557
1.8040000200272	-19.466318861115
1.8086999654770	-19.322111484566
1.8134000301361	-19.184155369539
1.8180999755859	-19.051365673728
1.8228000402451	-18.923974190280
1.8274999856949	-18.803504964231
1.8322000503540	-18.692360387696
1.8368999958038	-18.593270999469
1.8415999412537	-18.508643373380
1.8463000059128	-18.439999454667
1.8509999513626	-18.387651374225
1.8557000160217	-18.350663470579
1.8603999614716	-18.327066238313
1.8651000261307	-18.314323124602
1.8697999715805	-18.309934361590
1.8745000362396	-18.312037589199
1.8791999816895	-18.319858773869
1.8839000463486	-18.333919522601
1.8885999917984	-18.355908822395
1.8933000564575	-18.388284948984
1.8980000019073	-18.433727320124
1.9026999473572	-18.494522349696
1.9074000120163	-18.572129795746
1.9120999574661	-18.666879300330
1.9168000221252	-18.778024122824
1.9214999675751	-18.903968817580
1.9262000322342	-19.042770461317
1.9308999776840	-19.192697683979
1.9356000423431	-19.352822688996
1.9402999877930	-19.523415652936
1.9450000524521	-19.706091497719
1.9496999979019	-19.903646289463
1.9543999433517	-20.119676312287
1.9591000080109	-20.357968212978
1.9637999534607	-20.621975104390
1.9685000181198	-20.914369665295
1.9731999635696	-21.236766755995
1.9779000282288	-21.589803143525
1.9825999736786	-21.973390719912
1.9873000383377	-22.387222271577
1.9919999837875	-22.831438998725
1.9967000484467	-23.307258332180
2.0013999938965	-23.817451549365
2.0060999393463	-24.366564619389
2.0107998847961	-24.960635227631
2.0155000686646	-25.606454111253
2.0202000141144	-26.310228755338
2.0248999595642	-27.075402976516
2.0295999050140	-27.899121343601
2.0343000888824	-28.766492156498
2.0390000343323	-29.641481866416
2.0436999797821	-30.455023340046
2.0483999252319	-31.097656222684
2.0531001091003	-31.436385655561
2.0578000545502	-31.372340750380
2.0625000000000	-30.905247819140
2.0671999454498	-30.131957923109
2.0718998908997	-29.181912816232
2.0766000747681	-28.161401440635
2.0813000202179	-27.138680137293
2.0859999656677	-26.151487534034
2.0906999111176	-25.218354422092
2.0954000949860	-24.346819532268
2.1001000404358	-23.538173678752
2.1047999858856	-22.790142317832
2.1094999313354	-22.098338080959
2.1142001152039	-21.457182893508
2.1189000606537	-20.860661504819
2.1236000061035	-20.302909502983
2.1282999515533	-19.778729112528
2.1329998970032	-19.283948271452
2.1377000808716	-18.815641462555
2.1424000263214	-18.372099184530
2.1470999717712	-17.952586106336
2.1517999172211	-17.556987779733
2.1565001010895	-17.185386049162
2.1612000465393	-16.837652704751
2.1658999919891	-16.513179753739
2.1705999374390	-16.210741091686
2.1752998828888	-15.928533998831
2.1800000667572	-15.664366486613
2.1847000122070	-15.415930702690
2.1893999576569	-15.181141396022
2.1940999031067	-14.958402649565
2.1988000869751	-14.746779874234
2.2035000324249	-14.546027716170
2.2081999778748	-14.356452815512
2.2128999233246	-14.178676491398
2.2176001071930	-14.013344231605
2.2223000526428	-13.860844148536
2.2269999980927	-13.721101232538
2.2316999435425	-13.593518385366
2.2363998889923	-13.477019477481
2.2411000728607	-13.370237974339
2.2458000183105	-13.271751479680
2.2504999637604	-13.180346872585
2.2551999092102	-13.095235029614
2.2599000930786	-13.016156414568
2.2646000385284	-12.943364644726
2.2692999839783	-12.877488550277
2.2739999294281	-12.819300610505
2.2787001132965	-12.769467041221
2.2834000587463	-12.728345410179
2.2881000041962	-12.695844624116
2.2927999496460	-12.671420671840
2.2974998950958	-12.654159988028
2.3022000789642	-12.642986236563
2.3069000244141	-12.636896769993
2.3115999698639	-12.635168627113
2.3162999153137	-12.637516121848
2.3210000991821	-12.644131512581
2.3257000446320	-12.655625353851
2.3303999900818	-12.672822488984
2.3350999355316	-12.696566779648
2.3397998809814	-12.727482513011
2.3445000648499	-12.765815801518
2.3492000102997	-12.811379039410
2.3538999557495	-12.863578368902
2.3585999011993	-12.921581556081
2.3633000850677	-12.984514275288
2.3680000305176	-13.051693776677
2.3726999759674	-13.122803530692
2.3773999214172	-13.198001202407
2.3821001052856	-13.277884382370
2.3868000507355	-13.363365636837
2.3914999961853	-13.455465983837
2.3961999416351	-13.555090264601
2.4008998870850	-13.662828694965
2.4056000709534	-13.778841211756
2.4103000164032	-13.902853062552
2.4149999618530	-14.034265768157
2.4196999073029	-14.172333484232
2.4244000911713	-14.316410519159
2.4291000366211	-14.466166600300
2.4337999820709	-14.621743512787
2.4384999275208	-14.783800982901
2.4432001113892	-14.953424752700
2.4479000568390	-15.131965436142
2.4526000022888	-15.320769940659
2.4572999477386	-15.520987904579
2.4619998931885	-15.733344337151
2.4667000770569	-15.958095735514
2.4714000225067	-16.195063391614
2.4760999679565	-16.443788500602
2.4807999134064	-16.703792200059
2.4855000972748	-16.974825626998
2.4902000427246	-17.257138046757
2.4948999881744	-17.551602336311
2.4995999336243	-17.859728313710
2.5043001174927	-18.183553963883
2.5090000629425	-18.525362405018
2.5137000083923	-18.887433102072
2.5183999538422	-19.271701626296
2.5230998992920	-19.679555017991
2.5278000831604	-20.111706915795
2.5325000286102	-20.568196395099
2.5371999740601	-21.048471484648
2.5418999195099	-21.551569456158
2.5466001033783	-22.076179172698
2.5513000488281	-22.620615888262
2.5559999942780	-23.182482249244
2.5606999397278	-23.757884745037
2.5653998851776	-24.340228627569
2.5701000690460	-24.918510926760
2.5748000144958	-25.475342772158
2.5794999599457	-25.985469132662
2.5841999053955	-26.415757507247
2.5889000892639	-26.728488826460
2.5936000347137	-26.888727108279
2.5982999801636	-26.874197009640
2.6029999256134	-26.682803290205
2.6077001094818	-26.333129944941
2.6124000549316	-25.857590950671
2.6171000003815	-25.293022309751
2.6217999458313	-24.673449519204
2.6264998912811	-24.026459299563
2.6312000751495	-23.372765303550
2.6359000205994	-22.726971068494
2.6405999660492	-22.098831699220
2.6452999114990	-21.494339577769
2.6500000953674	-20.916605089849
2.6547000408173	-20.366531521266
2.6593999862671	-19.843433239378
2.6640999317169	-19.345541732418
2.6688001155853	-18.870560838659
2.6735000610352	-18.416091152026
2.6782000064850	-17.980041608260
2.6828999519348	-17.560853438252
2.6875998973846	-17.157619740097
2.6923000812531	-16.769972166018
2.6970000267029	-16.397947558637
2.7016999721527	-16.041677958565
2.7063999176025	-15.701160236739
2.7111001014709	-15.376047799650
2.7158000469208	-15.065556199613
2.7204999923706	-14.768484815714
2.7251999378204	-14.483349487581
2.7298998832703	-14.208583468492
2.7346000671387	-13.942768740737
2.7393000125885	-13.684828003409
2.7439999580383	-13.434142957928
2.7486999034882	-13.190547828635
2.7534000873566	-12.954243455876
2.7581000328064	-12.725618870369
2.7627999782562	-12.505037221175
2.7674999237061	-12.292660268832
2.7722001075745	-12.088316127279
2.7769000530243	-11.891472622002
2.7815999984741	-11.701309804222
2.7862999439240	-11.516857408125
2.7909998893738	-11.337171964895
2.7957000732422	-11.161508819783
2.8004000186920	-10.989447502955
2.8050999641418	-10.820931947415
2.8097999095917	-10.656208445126
2.8145000934601	-10.495709317117
2.8192000389099	-10.339884353802
2.8238999843597	-10.189034686575
2.8285999298096	-10.043209264753
2.8333001136780	-9.9021379716142
2.8380000591278	-9.7652954710812
2.8427000045776	-9.6319867348110
2.8473999500275	-9.5015099268920
2.8520998954773	-9.3733037691660
2.8568000793457	-9.2470565349097
2.8615000247955	-9.1227606173802
2.8661999702454	-9.0006753526312
2.8708999156952	-8.8812267440776
2.8756000995636	-8.7648761012183
2.8803000450134	-8.6519673415232
2.8849999904633	-8.5426313378308
2.8896999359131	-8.4367196258901
2.8943998813629	-8.3338534644965
2.8991000652313	-8.2334882779158
2.9038000106812	-8.1350642659527
2.9084999561310	-8.0381272800215
2.9131999015808	-7.9424325289187
2.9179000854492	-7.8480046288340
2.9226000308990	-7.7550974963762
2.9272999763489	-7.6641224344118
2.9319999217987	-7.5755198621222
2.9367001056671	-7.4896391402615
2.9414000511169	-7.4066312810854
2.9460999965668	-7.3264001877766
2.9507999420166	-7.2486427671018
2.9554998874664	-7.1728991672337
2.9602000713348	-7.0986856985657
2.9649000167847	-7.0256155583635
2.9695999622345	-6.9534845104137
2.9742999076843	-6.8823217982929
2.9790000915527	-6.8123797512766
2.9837000370026	-6.7440345283039
2.9883999824524	-6.6777054873101
2.9930999279022	-6.6137155476576
2.9978001117706	-6.5522125354894
3.0025000572205	-6.4931205375181
3.0072000026703	-6.4361640593398
3.0118999481201	-6.3809294636197
3.0165998935699	-6.3269804166693
3.0213000774384	-6.2739649920712
3.0260000228882	-6.2217013683892
3.0306999683380	-6.1702270771158
3.0353999137878	-6.1197758732952
3.0401000976562	-6.0707038705650
3.0448000431061	-6.0233943019033
3.0494999885559	-5.9781486130004
3.0541999340057	-5.9351010337151
3.0589001178741	-5.8941746647156
3.0636000633240	-5.8551059921315
3.0683000087738	-5.8175089484619
3.0729999542236	-5.7809756193812
3.0776998996735	-5.7451739544062
3.0824000835419	-5.7099470522288
3.0871000289917	-5.6753289000879
3.0917999744415	-5.6415470307360
3.0964999198914	-5.6089424881890
3.1012001037598	-5.5778750100556
3.1059000492096	-5.5486233773531
3.1105999946594	-5.5213058689201
3.1152999401093	-5.4958408007816
3.1199998855591	-5.4719728953247
3.1247000694275	-5.4493272107244
3.1294000148773	-5.4275169378969
3.1340999603271	-5.4062321443414
3.1387999057770	-5.3853279849680
3.1435000896454	-5.3648477991011
3.1482000350952	-5.3450182763972
3.1528999805450	-5.3261651952812
3.1575999259949	-5.3086372310706
3.1623001098633	-5.2926921337767
3.1670000553131	-5.2784281100487
3.1717000007629	-5.2657557728420
3.1763999462128	-5.2544151236789
3.1810998916626	-5.2440336915908
3.1858000755310	-5.2342346590827
3.1905000209808	-5.2247223841631
3.1951999664307	-5.2153586372471
3.1998999118805	-5.2061941530766
3.2046000957489	-5.1974488305438
3.2093000411987	-5.1894442364075
3.2139999866486	-5.1824993116005
3.2186999320984	-5.1768484205123
3.2234001159668	-5.1725643883061
3.2281000614166	-5.1695229945302
3.2328000068665	-5.1674390838471
3.2374999523163	-5.1659289075846
3.2421998977661	-5.1645975362388
3.2469000816345	-5.1631407462770
3.2516000270844	-5.1614185262036
3.2562999725342	-5.1594694575971
3.2609999179840	-5.1574952648790
3.2657001018524	-5.1557810651406
3.2704000473022	-5.1546090605228
3.2750999927521	-5.1541525661131
3.2797999382019	-5.1544159491638
3.2844998836517	-5.1552121424544
3.2892000675201	-5.1561829478500
3.2939000129700	-5.1568802713828
3.2985999584198	-5.1568596201001
3.3032999038696	-5.1557647617528
3.3080000877380	-5.1534151361625
3.3127000331879	-5.1498067707667
3.3173999786377	-5.1450869963059
3.3220999240875	-5.1394740253499
3.3268001079559	-5.1331698410728
3.3315000534058	-5.1262490395526
3.3361999988556	-5.1186119287142
3.3408999443054	-5.1099593436720
3.3455998897552	-5.0998382051850
3.3503000736237	-5.0877262551951
3.3550000190735	-5.0731270341417
3.3596999645233	-5.0556650368128
3.3643999099731	-5.0351588900213
3.3691000938416	-5.0116213470219
3.3738000392914	-4.9852258912046
3.3784999847412	-4.9562185923129
3.3831999301910	-4.9248246807228
3.3879001140594	-4.8911578743781
3.3926000595093	-4.8551775246941
3.3973000049591	-4.8166845517060
3.4019999504089	-4.7753764206573
3.4066998958588	-4.7309443863492
3.4114000797272	-4.6831674705400
3.4161000251770	-4.6320026868307
3.4207999706268	-4.5776321900771
3.4254999160767	-4.5204578945958
3.4302000999451	-4.4610337471465
3.4349000453949	-4.3999830045620
3.4395999908447	-4.3378959724810
3.4442999362946	-4.2752476531740
3.4489998817444	-4.2123620202231
3.4537000656128	-4.1494124917286
3.4584000110626	-4.0864808085556
3.4630999565125	-4.0236296984124
3.4677999019623	-3.9609974225880
3.4725000858307	-3.8988388710061
3.4772000312805	-3.8375737831893
3.4818999767303	-3.7777413314963
3.4865999221802	-3.7199574136234
3.4913001060486	-3.6648161533627
3.4960000514984	-3.6128109394006
3.5006999969482	-3.5642733310480
3.5053999423981	-3.5193372297014
3.5100998878479	-3.4779682382684
3.5148000717163	-3.4400104603955
3.5195000171661	-3.4052687278537
3.5241999626160	-3.3735739626497
3.5288999080658	-3.3448615940172
3.5336000919342	-3.3191858507341
3.5383000373840	-3.2967159307822
3.5429999828339	-3.2776801730568
3.5476999282837	-3.2623036061236
3.5524001121521	-3.2507321277832
3.5571000576019	-3.2429863082932
3.5618000030518	-3.2389293924542
3.5664999485016	-3.2382900900309
3.5711998939514	-3.2407072235372
3.5759000778198	-3.2458010639115
3.5806000232697	-3.2532489925025
3.5852999687195	-3.2628447275812
3.5899999141693	-3.2745238589793
3.5947000980377	-3.2883530816567
3.5994000434875	-3.3044938554111
3.6040999889374	-3.3231232329845
3.6087999343872	-3.3443742415799
3.6135001182556	-3.3682631761788
3.6182000637054	-3.3946771005780
3.6229000091553	-3.4233700699162
3.6275999546051	-3.4540114371088
3.6322999000549	-3.4862549496547
3.6370000839233	-3.5198108300223
3.6417000293732	-3.5545039159025
3.6463999748230	-3.5903096545310
3.6510999202728	-3.6273461109238
3.6558001041412	-3.6658231334487
3.6605000495911	-3.7059835090076
3.6651999950409	-3.7480251252738
3.6698999404907	-3.7920258675621
3.6745998859406	-3.8379225733716
3.6793000698090	-3.8855169300679
3.6840000152588	-3.9345074661102
3.6886999607086	-3.9845676836311
3.6933999061584	-4.0354253352301
3.6981000900269	-4.0869208289040
3.7028000354767	-4.1390507505853
3.7074999809265	-4.1919626059228
3.7121999263763	-4.2459039633872
3.7169001102448	-4.3011551785712
3.7216000556946	-4.3579427362971
3.7263000011444	-4.4163711383055
3.7309999465942	-4.4763789060435
3.7356998920441	-4.5377476906188
3.7404000759125	-4.6001473896162
3.7451000213623	-4.6632065962422
3.7497999668121	-4.7266102624522
3.7544999122620	-4.7901604346927
3.7592000961304	-4.8538340367297
3.7639000415802	-4.9177675055898
3.7685999870300	-4.9822034903389
3.7732999324799	-5.0474232636266
3.7780001163483	-5.1136345489456
3.7827000617981	-5.1809082798060
3.7874000072479	-5.2491183739415
3.7920999526978	-5.3179617039353
3.7967998981476	-5.3870022914023
3.8015000820160	-5.4557631042398
3.8062000274658	-5.5238295867893
3.8108999729156	-5.5909354434686
3.8155999183655	-5.6570088080918
3.8203001022339	-5.7221629046660
3.8250000476837	-5.7866351418268
3.8296999931335	-5.8506914186083
3.8343999385834	-5.9145088665265
3.8390998840332	-5.9780931076580
3.8438000679016	-6.0412288805182
3.8485000133514	-6.1034991338528
3.8531999588013	-6.1643565854426
3.8578999042511	-6.2232308297889
3.8626000881195	-6.2796607094028
3.8673000335693	-6.3333785354835
3.8719999790192	-6.3843678784377
3.8766999244690	-6.4328319546330
3.8814001083374	-6.4791120280628
3.8861000537872	-6.5235733982436
3.8907999992371	-6.5664643205511
3.8954999446869	-6.6078337676428
3.9001998901367	-6.6474904992675
3.9049000740051	-6.6850389990764
3.9096000194550	-6.7199807158624
3.9142999649048	-6.7518452523033
3.9189999103546	-6.7803277353981
3.9237000942230	-6.8053799616338
3.9284000396729	-6.8272404796786
3.9330999851227	-6.8463788691591
3.9377999305725	-6.8633903385732
3.9425001144409	-6.8788404881012
3.9472000598907	-6.8931367884106
3.9519000053406	-6.9064457215426
3.9565999507904	-6.9186672602782
3.9612998962402	-6.9295021669483
3.9660000801086	-6.9385691792367
3.9707000255585	-6.9455524169852
3.9753999710083	-6.9503357122002
3.9800999164581	-6.9530696603306
3.9848001003265	-6.9541863615687
3.9895000457764	-6.9543163026100
3.9941999912262	-6.9541568125003
3.9988999366760	-6.9543245708646
4.0036001205444	-6.9552256163310
4.0082998275757	-6.9569846087986
4.0130000114441	-6.9594498387698
4.0177001953125	-6.9622762047244
4.0223999023438	-6.9650557304852
4.0271000862122	-6.9674676131069
4.0317997932434	-6.9693996715147
4.0364999771118	-6.9710178398089
4.0412001609802	-6.9727511308048
4.0458998680115	-6.9752018204950
4.0506000518799	-6.9790145793761
4.0553002357483	-6.9847178132563
4.0599999427795	-6.9926090723175
4.0647001266479	-7.0026972058911
4.0693998336792	-7.0147119929317
4.0741000175476	-7.0282038177036
4.0788002014160	-7.0426759442609
4.0834999084473	-7.0577395292661
4.0882000923157	-7.0732355298421
4.0928997993469	-7.0892902532840
4.0975999832153	-7.1063013002206
4.1023001670837	-7.1248403145750
4.1069998741150	-7.1455113415719
4.1117000579834	-7.1687923687329
4.1163997650146	-7.1949172292068
4.1210999488831	-7.2238242644531
4.1258001327515	-7.2551642414123
4.1304998397827	-7.2884115395196
4.1352000236511	-7.3230008874605
4.1399002075195	-7.3584946372257
4.1445999145508	-7.3947054922682
4.1493000984192	-7.4317614462230
4.1539998054504	-7.4700836697921
4.1586999893188	-7.5102798604145
4.1634001731873	-7.5529959988334
4.1680998802185	-7.5987462303287
4.1728000640869	-7.6477814282554
4.1774997711182	-7.7000302041854
4.1821999549866	-7.7551181229907
4.1869001388550	-7.8124809416675
4.1915998458862	-7.8715164138456
4.1963000297546	-7.9317713409216
4.2010002136230	-7.9930814483956
4.2056999206543	-8.0556376184485
4.2104001045227	-8.1199704586045
4.2150998115540	-8.1868270838246
4.2197999954224	-8.2569990076276
4.2245001792908	-8.3311318805531
4.2291998863220	-8.4095631303949
4.2339000701904	-8.4922528816058
4.2385997772217	-8.5787882374931
4.2432999610901	-8.6685074753091
4.2480001449585	-8.7606682558120
4.2526998519897	-8.8546579378563
4.2574000358582	-8.9501595573614
4.2621002197266	-9.0472329869274
4.2667999267578	-9.1463008398727
4.2715001106262	-9.2480104493715
4.2761998176575	-9.3530344190613
4.2809000015259	-9.4618436048419
4.2856001853943	-9.5745231373147
4.2902998924255	-9.6906874821456
4.2950000762939	-9.8095139163094
4.2996997833252	-9.9298986001981
4.3043999671936	-10.050706335026
4.3091001510620	-10.171047460214
4.3137998580933	-10.290503964170
4.3185000419617	-10.409242744307
4.3232002258301	-10.527983689139
4.3278999328613	-10.647792149141
4.3326001167297	-10.769803963281
4.3372998237610	-10.894900507561
4.3420000076294	-11.023466101924
4.3467001914978	-11.155264523553
4.3513998985291	-11.289488545247
4.3561000823975	-11.424981475931
4.3607997894287	-11.560555006002
4.3654999732971	-11.695353463450
4.3702001571655	-11.829128110113
4.3748998641968	-11.962363877762
4.3796000480652	-12.096186512094
4.3843002319336	-12.232085274480
4.3889999389648	-12.371512458319
4.3937001228333	-12.515488617589
4.3983998298645	-12.664291998060
4.4031000137329	-12.817351781812
4.4078001976013	-12.973358692316
4.4124999046326	-13.130603019620
4.4172000885010	-13.287435071816
4.4218997955322	-13.442749637991
4.4265999794006	-13.596339231479
4.4313001632690	-13.748996996367
4.4359998703003	-13.902328112734
4.4407000541687	-14.058300997729
4.4454002380371	-14.218676941685
4.4500999450684	-14.384467399767
4.4548001289368	-14.555565968674
4.4594998359680	-14.730669965440
4.4642000198364	-14.907540989764
4.4689002037048	-15.083546975668
4.4735999107361	-15.256361689521
4.4783000946045	-15.424642266402
4.4829998016357	-15.588420389407
4.4876999855042	-15.749109750803
4.4924001693726	-15.909062521156
4.4970998764038	-16.070798653008
4.5018000602722	-16.236157579108
4.5064997673035	-16.405561490771
4.5111999511719	-16.577680210180
4.5159001350403	-16.749537143145
4.5205998420715	-16.917130735098
4.5253000259399	-17.076427899500
4.5300002098083	-17.224452812219
4.5346999168396	-17.360113248293
4.5394001007080	-17.484448870574
4.5440998077393	-17.600208213489
4.5487999916077	-17.710782816119
4.5535001754761	-17.818949710151
4.5581998825073	-17.925717619871
4.5629000663757	-18.029709885777
4.5675997734070	-18.127231001559
4.5722999572754	-18.213127016559
4.5770001411438	-18.282146210166
4.5816998481750	-18.330537090569
4.5864000320435	-18.357222130992
4.5911002159119	-18.364139875775
4.5957999229431	-18.355581872952
4.6005001068115	-18.336753808334
4.6051998138428	-18.312098584487
4.6098999977112	-18.283929778520
4.6146001815796	-18.251789396384
4.6192998886108	-18.212678919546
4.6240000724792	-18.162111166599
4.6286997795105	-18.095700832069
4.6333999633789	-18.010768868777
4.6381001472473	-17.907419811598
4.6427998542786	-17.788732946173
4.6475000381470	-17.659921613890
4.6522002220154	-17.526882866000
4.6568999290466	-17.394604186406
4.6616001129150	-17.265949220079
4.6662998199463	-17.141129955435
4.6710000038147	-17.017931136942
4.6757001876831	-16.892625899939
4.6803998947144	-16.761284052186
4.6851000785828	-16.621168714797
4.6897997856140	-16.471702334891
4.6944999694824	-16.314770962329
4.6992001533508	-16.154229476107
4.7038998603821	-15.994826541458
4.7086000442505	-15.840932245122
4.7133002281189	-15.695433440630
4.7179999351501	-15.559098558399
4.7227001190186	-15.430540972428
4.7273998260498	-15.306733090729
4.7321000099182	-15.183956915592
4.7368001937866	-15.058955473903
4.7414999008179	-14.929922110081
4.7462000846863	-14.797063198674
4.7508997917175	-14.662574851302
4.7555999755859	-14.530004646897
4.7603001594543	-14.403269791990
4.7649998664856	-14.285603863903
4.7697000503540	-14.178747887142
4.7744002342224	-14.082556635802
4.7790999412537	-13.995101091753
4.7838001251221	-13.913225185410
4.7884998321533	-13.833460834944
4.7932000160217	-13.752992753777
4.7979001998901	-13.670501107899
4.8025999069214	-13.586530820634
4.8073000907898	-13.503374390293
4.8119997978210	-13.424398126179
4.8166999816895	-13.353094987318
4.8214001655579	-13.292121359835
4.8260998725891	-13.242522256235
4.8308000564575	-13.203392060818
4.8354997634888	-13.171958174716
4.8401999473572	-13.144130264938
4.8449001312256	-13.115394330294
4.8495998382568	-13.081792081040
4.8543000221252	-13.040805636765
4.8590002059937	-12.991802692906
4.8636999130249	-12.935959026833
4.8684000968933	-12.875681449298
4.8730998039246	-12.813708584866
4.8777999877930	-12.752217895620
4.8825001716614	-12.692192065182
4.8871998786926	-12.633213114944
4.8919000625610	-12.573744728120
4.8965997695923	-12.511779365803
4.9012999534607	-12.445681765359
4.9060001373291	-12.374944201057
4.9106998443604	-12.300601065143
4.9154000282288	-12.225167442240
4.9201002120972	-12.152099526878
4.9247999191284	-12.084954453470
4.9295001029968	-12.026467290940
4.9341998100281	-11.977865176094
4.9388999938965	-11.938517039977
4.9436001777649	-11.906040781613
4.9482998847961	-11.876871916252
4.9530000686646	-11.847155045520
4.9576997756958	-11.813743788516
4.9623999595642	-11.775054244279
4.9671001434326	-11.731473519670
4.9717998504639	-11.685199500366
4.9765000343323	-11.639559684807
4.9812002182007	-11.597965915608
4.9858999252319	-11.562863973627
4.9906001091003	-11.534961749566
4.9952998161316	-11.512852724868
5.0000000000000	-11.493208144387
#Parameters = {R_fat=48; R_glandular=38; R_skin_outer=50; T10=5; T15=7.5; T5=2.5; T_rad=4; T_x=10; T_y=0; T_z=75; Zc=65; skin_thickness=2; Mesh Pass=5}
#"Frequency / GHz"	"S1,1 (Mesh Pass=5) [Magnitude / dB]"
#-------------------------------------------------------
0.30000001192093	-23.080158591817
0.30469998717308	-24.070419425375
0.30939999222755	-24.331498302134
0.31409999728203	-23.783791644729
0.31880000233650	-22.889003058406
0.32350000739098	-22.119067937865
0.32820001244545	-21.730170756124
0.33289998769760	-21.858170502239
0.33759999275208	-22.626074115373
0.34229999780655	-24.211432074368
0.34700000286102	-26.779804296758
0.35170000791550	-28.983718605060
0.35640001296997	-26.268685723570
0.36109998822212	-21.839745771949
0.36579999327660	-18.267843233752
0.37049999833107	-15.496464874322
0.37520000338554	-13.312466194485
0.37990000844002	-11.585051032086
0.38460001349449	-10.240834510360
0.38929998874664	-9.2365366379141
0.39399999380112	-8.5416519741447
0.39869999885559	-8.1288067192373
0.40340000391006	-7.9702036343118
0.40810000896454	-8.0383708910674
0.41280001401901	-8.3088847803699
0.41749998927116	-8.7629289423512
0.42219999432564	-9.3882832560608
0.42689999938011	-10.177869020412
0.43160000443459	-11.124491007851
0.43630000948906	-12.208908165394
0.44100001454353	-13.376438268360
0.44569998979568	-14.501574000378
0.45039999485016	-15.370821897429
0.45509999990463	-15.767710743772
0.45980000495911	-15.658544994405
0.46450001001358	-15.233459009769
0.46919998526573	-14.733325051174
0.47389999032021	-14.319247110236
0.47859999537468	-14.066509035067
0.48330000042915	-13.998470333951
0.48800000548363	-14.111399176078
0.49270001053810	-14.384222809273
0.49739998579025	-14.777374656786
0.50209999084473	-15.225757983901
0.50679999589920	-15.634573775548
0.51150000095367	-15.894011954863
0.51620000600815	-15.923537332697
0.52090001106262	-15.719821803304
0.52560001611710	-15.357315984785
0.53030002117157	-14.940272593596
0.53500002622604	-14.556797881178
0.53969997167587	-14.262299277621
0.54439997673035	-14.082475647885
0.54909998178482	-14.020463156418
0.55379998683929	-14.061213663465
0.55849999189377	-14.172594442940
0.56319999694824	-14.306061381674
0.56790000200272	-14.401917516756
0.57260000705719	-14.403685921212
0.57730001211166	-14.278890690962
0.58200001716614	-14.033236906722
0.58670002222061	-13.706025140098
0.59140002727509	-13.350963274781
0.59609997272491	-13.017138107800
0.60079997777939	-12.738963148871
0.60549998283386	-12.533960474879
0.61019998788834	-12.403896070773
0.61489999294281	-12.336462896729
0.61959999799728	-12.307068983581
0.62430000305176	-12.282156868440
0.62900000810623	-12.225730981818
0.63370001316071	-12.109029970568
0.63840001821518	-11.919922798929
0.64310002326965	-11.666588442315
0.64780002832413	-11.373108562785
0.65249997377396	-11.070096005399
0.65719997882843	-10.785674853869
0.66189998388290	-10.539858935159
0.66659998893738	-10.342264758895
0.67129999399185	-10.191879206239
0.67599999904633	-10.077987962968
0.68070000410080	-9.9822130642409
0.68540000915527	-9.8821447540995
0.69010001420975	-9.7565813520324
0.69480001926422	-9.5913071558356
0.69950002431870	-9.3831225305421
0.70420002937317	-9.1401933899886
0.70889997482300	-8.8786701735120
0.71359997987747	-8.6174509638094
0.71829998493195	-8.3733256351340
0.72299998998642	-8.1576704741962
0.72769999504089	-7.9748530632656
0.73240000009537	-7.8219626772014
0.73710000514984	-7.6897134643525
0.74180001020432	-7.5644525892214
0.74650001525879	-7.4313014058186
0.75120002031326	-7.2778659340700
0.75590002536774	-7.0975251880469
0.76059997081757	-6.8910389907056
0.76529997587204	-6.6658859042181
0.76999998092651	-6.4337417634090
0.77469998598099	-6.2071974568000
0.77939999103546	-5.9967745966060
0.78409999608994	-5.8088691345929
0.78880000114441	-5.6447002053787
0.79350000619888	-5.5003298950551
0.79820001125336	-5.3676445963098
0.80290001630783	-5.2362613825364
0.80760002136230	-5.0960726477842
0.81230002641678	-4.9398553823598
0.81699997186661	-4.7651278220746
0.82169997692108	-4.5746619247673
0.82639998197556	-4.3754998762454
0.83109998703003	-4.1769344022857
0.83579999208450	-3.9881465472036
0.84049999713898	-3.8161208564812
0.84520000219345	-3.6642322483828
0.84990000724792	-3.5316575326267
0.85460001230240	-3.4136647665364
0.85930001735687	-3.3027845028136
0.86400002241135	-3.1906652511386
0.86870002746582	-3.0702415414602
0.87339997291565	-2.9376409804569
0.87809997797012	-2.7932390491920
0.88279998302460	-2.6415287249622
0.88749998807907	-2.4899057526746
0.89219999313354	-2.3467726584608
0.89689999818802	-2.2195340917733
0.90160000324249	-2.1129405116620
0.90630000829697	-2.0280784756191
0.91100001335144	-1.9622218455488
0.91570001840591	-1.9095356724306
0.92040002346039	-1.8626093984778
0.92510002851486	-1.8144797468073
0.92979997396469	-1.7606681306226
0.93449997901917	-1.7006421963782
0.93919998407364	-1.6382481427079
0.94389998912811	-1.5809457730157
0.94859999418259	-1.5381229920608
0.95329999923706	-1.5189950575321
0.95800000429153	-1.5306268016432
0.96270000934601	-1.5765523306352
0.96740001440048	-1.6562708692439
0.97210001945496	-1.7657682216282
0.97680002450943	-1.8990581254899
0.98150002956390	-2.0505319672759
0.98619997501373	-2.2176841175814
0.99089998006821	-2.4035600070967
0.99559998512268	-2.6182481180462
1.0003000497818	-2.8790185962778
1.0049999952316	-3.2092255988143
1.0096999406815	-3.6366670346624
1.0144000053406	-4.1923648031844
1.0190999507904	-4.9107015035836
1.0238000154495	-5.8318975656470
1.0284999608994	-7.0077676498115
1.0332000255585	-8.5124739098791
1.0378999710083	-10.460556800505
1.0426000356674	-13.026853537578
1.0472999811172	-16.348587741746
1.0520000457764	-19.205165103473
1.0566999912262	-17.588779889573
1.0614000558853	-14.015389698886
1.0661000013351	-11.078395860838
1.0707999467850	-8.8395871449893
1.0755000114441	-7.1089079362361
1.0801999568939	-5.7521015595944
1.0849000215530	-4.6834539057130
1.0895999670029	-3.8450472859328
1.0943000316620	-3.1936574268997
1.0989999771118	-2.6935399088513
1.1037000417709	-2.3129394713793
1.1083999872208	-2.0230771357507
1.1131000518799	-1.7986076042703
1.1177999973297	-1.6187389707124
1.1224999427795	-1.4682857107328
1.1272000074387	-1.3380278607290
1.1318999528885	-1.2241664479328
1.1366000175476	-1.1268633219195
1.1412999629974	-1.0483510655866
1.1460000276566	-0.99100589282951
1.1506999731064	-0.95587339484716
1.1554000377655	-0.94187952909350
1.1600999832153	-0.94575473033196
1.1648000478745	-0.96259483837695
1.1694999933243	-0.98684225058321
1.1742000579834	-1.0134189594011
1.1789000034332	-1.0387288533616
1.1835999488831	-1.0612423762678
1.1883000135422	-1.0815760653043
1.1929999589920	-1.1019964514527
1.1977000236511	-1.1255705094505
1.2023999691010	-1.1551902694736
1.2071000337601	-1.1927403903414
1.2117999792099	-1.2386181714218
1.2165000438690	-1.2916473541719
1.2211999893188	-1.3494165973332
1.2259000539780	-1.4088882384418
1.2305999994278	-1.4671566289760
1.2352999448776	-1.5221412991907
1.2400000095367	-1.5730532782767
1.2446999549866	-1.6205251358094
1.2494000196457	-1.6663363489638
1.2540999650955	-1.7128851323961
1.2588000297546	-1.7625158118667
1.2634999752045	-1.8169104488016
1.2682000398636	-1.8766847227733
1.2728999853134	-1.9412712117026
1.2776000499725	-2.0091071036286
1.2822999954224	-2.0780453736001
1.2869999408722	-2.1459065610303
1.2917000055313	-2.2110269157440
1.2963999509811	-2.2726617970242
1.3011000156403	-2.3311395506654
1.3057999610901	-2.3877576108711
1.3105000257492	-2.4443977876200
1.3151999711990	-2.5030400846525
1.3199000358582	-2.5652583027291
1.3245999813080	-2.6318516019996
1.3293000459671	-2.7026831160705
1.3339999914169	-2.7767455349306
1.3387000560760	-2.8524441168055
1.3434000015259	-2.9280056298759
1.3480999469757	-3.0019339573297
1.3528000116348	-3.0733814098243
1.3574999570847	-3.1423585622085
1.3622000217438	-3.2097219510930
1.3668999671936	-3.2769463969867
1.3716000318527	-3.3457471911572
1.3762999773026	-3.4176681583625
1.3810000419617	-3.4937183224406
1.3856999874115	-3.5741606232967
1.3904000520706	-3.6584863921024
1.3950999975204	-3.7455681964328
1.3997999429703	-3.8339623161806
1.4045000076294	-3.9222828900376
1.4091999530792	-4.0095507314348
1.4139000177383	-4.0954553079616
1.4185999631882	-4.1804381077759
1.4233000278473	-4.2655986670335
1.4279999732971	-4.3524276013158
1.4327000379562	-4.4424689263051
1.4373999834061	-4.5369708844443
1.4421000480652	-4.6366262792975
1.4467999935150	-4.7414499200076
1.4515000581741	-4.8508073200692
1.4562000036240	-4.9636078364837
1.4608999490738	-5.0785943284113
1.4656000137329	-5.1946655113149
1.4702999591827	-5.3111840589296
1.4750000238419	-5.4281570807293
1.4796999692917	-5.5462763489702
1.4844000339508	-5.6667828731235
1.4890999794006	-5.7912128842157
1.4938000440598	-5.9210808205287
1.4984999895096	-6.0575654438366
1.5032000541687	-6.2012951322045
1.5078999996185	-6.3522416704480
1.5125999450684	-6.5097767312287
1.5173000097275	-6.6728505146144
1.5219999551773	-6.8402797685743
1.5267000198364	-7.0110710585874
1.5313999652863	-7.1847078656212
1.5361000299454	-7.3613452610111
1.5407999753952	-7.5418379158066
1.5455000400543	-7.7276217289256
1.5501999855042	-7.9204473873108
1.5549000501633	-8.1220538885698
1.5595999956131	-8.3338353856996
1.5642999410629	-8.5565875998031
1.5690000057220	-8.7903733713131
1.5736999511719	-9.0345509285567
1.5784000158310	-9.2879489546880
1.5830999612808	-9.5491824332627
1.5878000259399	-9.8170290436692
1.5924999713898	-10.090805008552
1.5972000360489	-10.370633571170
1.6018999814987	-10.657542658598
1.6066000461578	-10.953358901623
1.6112999916077	-11.260411467620
1.6160000562668	-11.581113137745
1.6207000017166	-11.917515832516
1.6253999471664	-12.270914042758
1.6301000118256	-12.641602105781
1.6347999572754	-13.028814793880
1.6395000219345	-13.430904436328
1.6441999673843	-13.845715363877
1.6489000320435	-14.271132844953
1.6535999774933	-14.705648259018
1.6583000421524	-15.148858501261
1.6629999876022	-15.601699704291
1.6677000522614	-16.066386144921
1.6723999977112	-16.545992992287
1.6770999431610	-17.043804028177
1.6818000078201	-17.562538739302
1.6864999532700	-18.103552473126
1.6912000179291	-18.666192720840
1.6958999633789	-19.247375331465
1.7006000280380	-19.841419028256
1.7052999734879	-20.440189575825
1.7100000381470	-21.033534729582
1.7146999835968	-21.609933134994
1.7194000482559	-22.157197464342
1.7240999937057	-22.663168820903
1.7288000583649	-23.116280047496
1.7335000038147	-23.506097281991
1.7381999492645	-23.824023610936
1.7429000139236	-24.064110471006
1.7475999593735	-24.223930717664
1.7523000240326	-24.305064744537
1.7569999694824	-24.312821720232
1.7617000341415	-24.255131462655
1.7663999795914	-24.141042884676
1.7711000442505	-23.979386586708
1.7757999897003	-23.778014964662
1.7805000543594	-23.543905601169
1.7851999998093	-23.283715482627
1.7898999452591	-23.004500732787
1.7946000099182	-22.714163897907
1.7992999553680	-22.421313044811
1.8040000200272	-22.134693550571
1.8086999654770	-21.862283512075
1.8134000301361	-21.610401076034
1.8180999755859	-21.383022059615
1.8228000402451	-21.181412550334
1.8274999856949	-21.004217738829
1.8322000503540	-20.847912725101
1.8368999958038	-20.707633183659
1.8415999412537	-20.578227103049
1.8463000059128	-20.455374725510
1.8509999513626	-20.336531765768
1.8557000160217	-20.221417651995
1.8603999614716	-20.111990517838
1.8651000261307	-20.011852515177
1.8697999715805	-19.925303832010
1.8745000362396	-19.856328233775
1.8791999816895	-19.807672290660
1.8839000463486	-19.780291646097
1.8885999917984	-19.773140744956
1.8933000564575	-19.783418090613
1.8980000019073	-19.807128254191
1.9026999473572	-19.839934406387
1.9074000120163	-19.878140267379
1.9120999574661	-19.919493392640
1.9168000221252	-19.963738956382
1.9214999675751	-20.012635534244
1.9262000322342	-20.069548818768
1.9308999776840	-20.138627470454
1.9356000423431	-20.223915796777
1.9402999877930	-20.328455193582
1.9450000524521	-20.453700709303
1.9496999979019	-20.599255953685
1.9543999433517	-20.762939467984
1.9591000080109	-20.941257304281
1.9637999534607	-21.130074894720
1.9685000181198	-21.325524103815
1.9731999635696	-21.524806498177
1.9779000282288	-21.726772358147
1.9825999736786	-21.932081279754
1.9873000383377	-22.142908414371
1.9919999837875	-22.362206044275
1.9967000484467	-22.592777384395
2.0013999938965	-22.836299657724
2.0060999393463	-23.092499655889
2.0107998847961	-23.358613457563
2.0155000686646	-23.629093520234
2.0202000141144	-23.895756693071
2.0248999595642	-24.148223456794
2.0295999050140	-24.374704317256
2.0343000888824	-24.563062859613
2.0390000343323	-24.702021573373
2.0436999797821	-24.782330976988
2.0483999252319	-24.797754951769
2.0531001091003	-24.745675261553
2.0578000545502	-24.627200276117
2.0625000000000	-24.446837399193
2.0671999454498	-24.211608622249
2.0718998908997	-23.929976850204
2.0766000747681	-23.610672883039
2.0813000202179	-23.261690036988
2.0859999656677	-22.889678131852
2.0906999111176	-22.499748615312
2.0954000949860	-22.095716030031
2.1001000404358	-21.680591458991
2.1047999858856	-21.257203366711
2.1094999313354	-20.828668135679
2.1142001152039	-20.398694255330
2.1189000606537	-19.971523921854
2.1236000061035	-19.551644452812
2.1282999515533	-19.143295476161
2.1329998970032	-18.750012170140
2.1377000808716	-18.374204266650
2.1424000263214	-18.016931533657
2.1470999717712	-17.677902502893
2.1517999172211	-17.355660380666
2.1565001010895	-17.047986986579
2.1612000465393	-16.752387071234
2.1658999919891	-16.466637918214
2.1705999374390	-16.189209239047
2.1752998828888	-15.919546050822
2.1800000667572	-15.658091364022
2.1847000122070	-15.406096953118
2.1893999576569	-15.165235946545
2.1940999031067	-14.937165835087
2.1988000869751	-14.723106508229
2.2035000324249	-14.523522014415
2.2081999778748	-14.337997041216
2.2128999233246	-14.165298193372
2.2176001071930	-14.003603939392
2.2223000526428	-13.850869221641
2.2269999980927	-13.705237119677
2.2316999435425	-13.565394742555
2.2363998889923	-13.430813815339
2.2411000728607	-13.301784792102
2.2458000183105	-13.179276799082
2.2504999637604	-13.064642988951
2.2551999092102	-12.959226506607
2.2599000930786	-12.864021096087
2.2646000385284	-12.779392203011
2.2692999839783	-12.704960820080
2.2739999294281	-12.639678171434
2.2787001132965	-12.582016244087
2.2834000587463	-12.530312266451
2.2881000041962	-12.483113893843
2.2927999496460	-12.439489213030
2.2974998950958	-12.399219769442
2.3022000789642	-12.362792219619
2.3069000244141	-12.331264110568
2.3115999698639	-12.305955254129
2.3162999153137	-12.288114989735
2.3210000991821	-12.278595605685
2.3257000446320	-12.277638753644
2.3303999900818	-12.284813239636
2.3350999355316	-12.299097392088
2.3397998809814	-12.319110038658
2.3445000648499	-12.343439240285
2.3492000102997	-12.370963807696
2.3538999557495	-12.401128874236
2.3585999011993	-12.434069353845
2.3633000850677	-12.470578015874
2.3680000305176	-12.511906591091
2.3726999759674	-12.559464200329
2.3773999214172	-12.614490835014
2.3821001052856	-12.677747179615
2.3868000507355	-12.749363698026
2.3914999961853	-12.828821367060
2.3961999416351	-12.915071703403
2.4008998870850	-13.006826655831
2.4056000709534	-13.102875708273
2.4103000164032	-13.202405627803
2.4149999618530	-13.305260895857
2.4196999073029	-13.411997148462
2.4244000911713	-13.523817995728
2.4291000366211	-13.642306801466
2.4337999820709	-13.769110585848
2.4384999275208	-13.905593646982
2.4432001113892	-14.052555314812
2.4479000568390	-14.210105811823
2.4526000022888	-14.377682625734
2.4572999477386	-14.554259775027
2.4619998931885	-14.738658947514
2.4667000770569	-14.929927593452
2.4714000225067	-15.127682143087
2.4760999679565	-15.332353095476
2.4807999134064	-15.545239306277
2.4855000972748	-15.768336759900
2.4902000427246	-16.004067848817
2.4948999881744	-16.254871335288
2.4995999336243	-16.522812922756
2.5043001174927	-16.809311427126
2.5090000629425	-17.115001907450
2.5137000083923	-17.439821930569
2.5183999538422	-17.783288149549
2.5230998992920	-18.144942963560
2.5278000831604	-18.524880592656
2.5325000286102	-18.924232895803
2.5371999740601	-19.345557299788
2.5418999195099	-19.792968627791
2.5466001033783	-20.272050749134
2.5513000488281	-20.789604597219
2.5559999942780	-21.353222559125
2.5606999397278	-21.971055143104
2.5653998851776	-22.651631390257
2.5701000690460	-23.404128181544
2.5748000144958	-24.239064414062
2.5794999599457	-25.169704767834
2.5841999053955	-26.214375290124
2.5889000892639	-27.400228626549
2.5936000347137	-28.769290205691
2.5982999801636	-30.388958029847
2.6029999256134	-32.371291618820
2.6077001094818	-34.910563303338
2.6124000549316	-38.333114440132
2.6171000003815	-42.658533341016
2.6217999458313	-43.123914083442
2.6264998912811	-38.743431699123
2.6312000751495	-35.073870747185
2.6359000205994	-32.356388934176
2.6405999660492	-30.252296811122
2.6452999114990	-28.551678726696
2.6500000953674	-27.130862615841
2.6547000408173	-25.912166992726
2.6593999862671	-24.843790649173
2.6640999317169	-23.889903765002
2.6688001155853	-23.025357216494
2.6735000610352	-22.232737433934
2.6782000064850	-21.500278468501
2.6828999519348	-20.820264700646
2.6875998973846	-20.187657752075
2.6923000812531	-19.598917214688
2.6970000267029	-19.051050633015
2.7016999721527	-18.540998919700
2.7063999176025	-18.065263531253
2.7111001014709	-17.619888217627
2.7158000469208	-17.200612857880
2.7204999923706	-16.803229810634
2.7251999378204	-16.423990828966
2.7298998832703	-16.059962344246
2.7346000671387	-15.709226173537
2.7393000125885	-15.370916533649
2.7439999580383	-15.045025079561
2.7486999034882	-14.732052209992
2.7534000873566	-14.432620756725
2.7581000328064	-14.147079697117
2.7627999782562	-13.875256111972
2.7674999237061	-13.616326769169
2.7722001075745	-13.368887825664
2.7769000530243	-13.131160314345
2.7815999984741	-12.901300746290
2.7862999439240	-12.677701113592
2.7909998893738	-12.459273931090
2.7957000732422	-12.245573535256
2.8004000186920	-12.036777944085
2.8050999641418	-11.833529931295
2.8097999095917	-11.636665295417
2.8145000934601	-11.446916056962
2.8192000389099	-11.264675478260
2.8238999843597	-11.089821510354
2.8285999298096	-10.921723764538
2.8333001136780	-10.759336205493
2.8380000591278	-10.601425373724
2.8427000045776	-10.446811918393
2.8473999500275	-10.294636981180
2.8520998954773	-10.144500821180
2.8568000793457	-9.9965193660756
2.8615000247955	-9.8512338739425
2.8661999702454	-9.7094275725044
2.8708999156952	-9.5718777396510
2.8756000995636	-9.4391377943880
2.8803000450134	-9.3113635732675
2.8849999904633	-9.1882649992075
2.8896999359131	-9.0691610334821
2.8943998813629	-8.9531212134780
2.8991000652313	-8.8392027912230
2.9038000106812	-8.7266494882269
2.9084999561310	-8.6150700364523
2.9131999015808	-8.5045056416644
2.9179000854492	-8.3953948183714
2.9226000308990	-8.2884274161042
2.9272999763489	-8.1843547356654
2.9319999217987	-8.0837860157358
2.9367001056671	-7.9870049627206
2.9414000511169	-7.8939134845896
2.9460999965668	-7.8040382983290
2.9507999420166	-7.7166490086337
2.9554998874664	-7.6309354131964
2.9602000713348	-7.5462148400306
2.9649000167847	-7.4620811009553
2.9695999622345	-7.3785095478143
2.9742999076843	-7.2958291579589
2.9790000915527	-7.2146506387320
2.9837000370026	-7.1356684681861
2.9883999824524	-7.0594876602973
2.9930999279022	-6.9864684594111
2.9978001117706	-6.9166192327436
3.0025000572205	-6.8495968603659
3.0072000026703	-6.7848004685561
3.0118999481201	-6.7215162720168
3.0165998935699	-6.6590941461648
3.0213000774384	-6.5971129271257
3.0260000228882	-6.5354782566973
3.0306999683380	-6.4744428084587
3.0353999137878	-6.4145209682771
3.0401000976562	-6.3563506962175
3.0448000431061	-6.3005250724307
3.0494999885559	-6.2474337065935
3.0541999340057	-6.1971574028349
3.0589001178741	-6.1494425262847
3.0636000633240	-6.1037774408766
3.0683000087738	-6.0595105745509
3.0729999542236	-6.0160158346487
3.0776998996735	-5.9728507878106
3.0824000835419	-5.9298716385409
3.0871000289917	-5.8872451006703
3.0917999744415	-5.8454203744571
3.0964999198914	-5.8049806908682
3.1012001037598	-5.7665038881243
3.1059000492096	-5.7303959453351
3.1105999946594	-5.6967904243881
3.1152999401093	-5.6655109472839
3.1199998855591	-5.6361058776434
3.1247000694275	-5.6079735445197
3.1294000148773	-5.5805063117136
3.1340999603271	-5.5532455099067
3.1387999057770	-5.5259977110465
3.1435000896454	-5.4988732831345
3.1482000350952	-5.4722528190221
3.1528999805450	-5.4466825971544
3.1575999259949	-5.4227241280502
3.1623001098633	-5.4008046001171
3.1670000553131	-5.3810970451181
3.1717000007629	-5.3634788210818
3.1763999462128	-5.3475542670596
3.1810998916626	-5.3327619887214
3.1858000755310	-5.3185009243726
3.1905000209808	-5.3042985610038
3.1951999664307	-5.2899128572951
3.1998999118805	-5.2754102988344
3.2046000957489	-5.2611151410855
3.2093000411987	-5.2475392075834
3.2139999866486	-5.2352304790640
3.2186999320984	-5.2246261391715
3.2234001159668	-5.2159336787128
3.2281000614166	-5.2090654857160
3.2328000068665	-5.2036643873385
3.2374999523163	-5.1991788653602
3.2421998977661	-5.1950128830052
3.2469000816345	-5.1906561951455
3.2516000270844	-5.1858302181224
3.2562999725342	-5.1805345307460
3.2609999179840	-5.1750475868354
3.2657001018524	-5.1698369577945
3.2704000473022	-5.1654315149430
3.2750999927521	-5.1622623902277
3.2797999382019	-5.1605439051719
3.2844998836517	-5.1602011052183
3.2892000675201	-5.1608736977771
3.2939000129700	-5.1619996985382
3.2985999584198	-5.1629435421990
3.3032999038696	-5.1631403839383
3.3080000877380	-5.1622400281446
3.3127000331879	-5.1601667059738
3.3173999786377	-5.1571244814960
3.3220999240875	-5.1535250929308
3.3268001079559	-5.1498412799185
3.3315000534058	-5.1464715947489
3.3361999988556	-5.1435920878206
3.3408999443054	-5.1410954750683
3.3455998897552	-5.1385789999593
3.3503000736237	-5.1354173703078
3.3550000190735	-5.1309093742855
3.3596999645233	-5.1244093633840
3.3643999099731	-5.1154882676171
3.3691000938416	-5.1039926352352
3.3738000392914	-5.0900631880825
3.3784999847412	-5.0740558406589
3.3831999301910	-5.0564113864644
3.3879001140594	-5.0375022580428
3.3926000595093	-5.0174940837344
3.3973000049591	-4.9962812301232
3.4019999504089	-4.9734710879593
3.4066998958588	-4.9484753833274
3.4114000797272	-4.9206445829398
3.4161000251770	-4.8894147066828
3.4207999706268	-4.8544604764474
3.4254999160767	-4.8157658582635
3.4302000999451	-4.7736286169636
3.4349000453949	-4.7285930928909
3.4395999908447	-4.6812999158892
3.4442999362946	-4.6323524927845
3.4489998817444	-4.5821726831857
3.4537000656128	-4.5309396856755
3.4584000110626	-4.4785844001523
3.4630999565125	-4.4248709599984
3.4677999019623	-4.3695185883409
3.4725000858307	-4.3123499782074
3.4772000312805	-4.2534062620537
3.4818999767303	-4.1930123766607
3.4865999221802	-4.1317657838722
3.4913001060486	-4.0704618681999
3.4960000514984	-4.0099612222088
3.5006999969482	-3.9510426969246
3.5053999423981	-3.8942882575418
3.5100998878479	-3.8400131791125
3.5148000717163	-3.7882653365548
3.5195000171661	-3.7388846730312
3.5241999626160	-3.6916210887163
3.5288999080658	-3.6462533036696
3.5336000919342	-3.6027065886001
3.5383000373840	-3.5611065162691
3.5429999828339	-3.5217936942625
3.5476999282837	-3.4852638779380
3.5524001121521	-3.4520565920214
3.5571000576019	-3.4226504657840
3.5618000030518	-3.3973424414348
3.5664999485016	-3.3761907830083
3.5711998939514	-3.3590085963053
3.5759000778198	-3.3454028354802
3.5806000232697	-3.3348805654047
3.5852999687195	-3.3269580359866
3.5899999141693	-3.3212785841920
3.5947000980377	-3.3176813416074
3.5994000434875	-3.3162259313555
3.6040999889374	-3.3171621209765
3.6087999343872	-3.3208396834926
3.6135001182556	-3.3275984018354
3.6182000637054	-3.3376613778801
3.6229000091553	-3.3510579528040
3.6275999546051	-3.3675954025842
3.6322999000549	-3.3868837234829
3.6370000839233	-3.4084147550209
3.6417000293732	-3.4316753972476
3.6463999748230	-3.4562501596141
3.6510999202728	-3.4819189219166
3.6558001041412	-3.5086880284392
3.6605000495911	-3.5367785205036
3.6651999950409	-3.5665510745286
3.6698999404907	-3.5983978377591
3.6745998859406	-3.6326340881043
3.6793000698090	-3.6693921220514
3.6840000152588	-3.7085869266139
3.6886999607086	-3.7499143904866
3.6933999061584	-3.7929230117655
3.6981000900269	-3.8371123994036
3.7028000354767	-3.8820583096888
3.7074999809265	-3.9275053115138
3.7121999263763	-3.9734350688649
3.7169001102448	-4.0200620018702
3.7216000556946	-4.0677760747088
3.7263000011444	-4.1170329399957
3.7309999465942	-4.1682274042740
3.7356998920441	-4.2215950497986
3.7404000759125	-4.2771281134199
3.7451000213623	-4.3345787152914
3.7497999668121	-4.3934982908048
3.7544999122620	-4.4533605699691
3.7592000961304	-4.5136719153579
3.7639000415802	-4.5741033781531
3.7685999870300	-4.6345639197829
3.7732999324799	-4.6952285201863
3.7780001163483	-4.7564792735920
3.7827000617981	-4.8188036498851
3.7874000072479	-4.8826522467156
3.7920999526978	-4.9483081435281
3.7967998981476	-5.0157985751476
3.8015000820160	-5.0848615128723
3.8062000274658	-5.1549934308181
3.8108999729156	-5.2255529502699
3.8155999183655	-5.2959103140992
3.8203001022339	-5.3655888335201
3.8250000476837	-5.4343742775631
3.8296999931335	-5.5023569271205
3.8343999385834	-5.5698839656124
3.8390998840332	-5.6374451469316
3.8438000679016	-5.7055183813185
3.8485000133514	-5.7744065317072
3.8531999588013	-5.8441241229979
3.8578999042511	-5.9143436944136
3.8626000881195	-5.9844442653209
3.8673000335693	-6.0536245106214
3.8719999790192	-6.1210790038180
3.8766999244690	-6.1861770479647
3.8814001083374	-6.2485958227362
3.8861000537872	-6.3083822589520
3.8907999992371	-6.3659074878121
3.8954999446869	-6.4217351293221
3.9001998901367	-6.4764368745298
3.9049000740051	-6.5303958549070
3.9096000194550	-6.5836748269528
3.9142999649048	-6.6359481215429
3.9189999103546	-6.6865581963527
3.9237000942230	-6.7346609397147
3.9284000396729	-6.7794308001193
3.9330999851227	-6.8202646232508
3.9377999305725	-6.8569439675933
3.9425001144409	-6.8896933492622
3.9472000598907	-6.9191209840650
3.9519000053406	-6.9460517704116
3.9565999507904	-6.9713190214282
3.9612998962402	-6.9955300050246
3.9660000801086	-7.0189284250677
3.9707000255585	-7.0413305199856
3.9753999710083	-7.0621948761573
3.9800999164581	-7.0807948367354
3.9848001003265	-7.0964420358242
3.9895000457764	-7.1087058609263
3.9941999912262	-7.1175785326140
3.9988999366760	-7.1235116468200
4.0036001205444	-7.1273411300287
4.0082998275757	-7.1301026572683
4.0130000114441	-7.1327882937310
4.0177001953125	-7.1361292031085
4.0223999023438	-7.1404368428256
4.0271000862122	-7.1455656594252
4.0317997932434	-7.1509900847730
4.0364999771118	-7.1559814489968
4.0412001609802	-7.1598506177969
4.0458998680115	-7.1621674909439
4.0506000518799	-7.1629240588926
4.0553002357483	-7.1625687513165
4.0599999427795	-7.1619297778290
4.0647001266479	-7.1620225032608
4.0693998336792	-7.1638137235870
4.0741000175476	-7.1679938746553
4.0788002014160	-7.1748203723967
4.0834999084473	-7.1840770863766
4.0882000923157	-7.1951491838216
4.0928997993469	-7.2072039666141
4.0975999832153	-7.2194271931442
4.1023001670837	-7.2312621242336
4.1069998741150	-7.2425708519075
4.1117000579834	-7.2536957069885
4.1163997650146	-7.2653785163311
4.1210999488831	-7.2785875918800
4.1258001327515	-7.2942653382378
4.1304998397827	-7.3130926173192
4.1352000236511	-7.3353211264298
4.1399002075195	-7.3607036563248
4.1445999145508	-7.3885582367121
4.1493000984192	-7.4179534348961
4.1539998054504	-7.4479347707279
4.1586999893188	-7.4777946728586
4.1634001731873	-7.5072509905031
4.1680998802185	-7.5365416774112
4.1728000640869	-7.5663593263601
4.1774997711182	-7.5976733446001
4.1821999549866	-7.6314772989719
4.1869001388550	-7.6685280904752
4.1915998458862	-7.7091361919367
4.1963000297546	-7.7530714842915
4.2010002136230	-7.7996149281657
4.2056999206543	-7.8477242494791
4.2104001045227	-7.8962885798025
4.2150998115540	-7.9444227117088
4.2197999954224	-7.9916921396968
4.2245001792908	-8.0382327490412
4.2291998863220	-8.0847174578899
4.2339000701904	-8.1321825453834
4.2385997772217	-8.1817426900229
4.2432999610901	-8.2342995715002
4.2480001449585	-8.2902821867574
4.2526998519897	-8.3495313710150
4.2574000358582	-8.4113102140130
4.2621002197266	-8.4744821894125
4.2667999267578	-8.5377959680251
4.2715001106262	-8.6002194682612
4.2761998176575	-8.6612180346102
4.2809000015259	-8.7209313603720
4.2856001853943	-8.7801598679299
4.2902998924255	-8.8401859596073
4.2950000762939	-8.9024701052109
4.2996997833252	-8.9682969487991
4.3043999671936	-9.0384817488585
4.3091001510620	-9.1131802907979
4.3137998580933	-9.1918936118526
4.3185000419617	-9.2736267591373
4.3232002258301	-9.3572012520514
4.3278999328613	-9.4416155036394
4.3326001167297	-9.5263919410609
4.3372998237610	-9.6117800061425
4.3420000076294	-9.6987779847100
4.3467001914978	-9.7889433620598
4.3513998985291	-9.8840496625810
4.3561000823975	-9.9856654013135
4.3607997894287	-10.094776209734
4.3654999732971	-10.211522374394
4.3702001571655	-10.335140353466
4.3748998641968	-10.464111520372
4.3796000480652	-10.596508447139
4.3843002319336	-10.730456025089
4.3889999389648	-10.864608822324
4.3937001228333	-10.998504889651
4.3983998298645	-11.132687909898
4.4031000137329	-11.268560281557
4.4078001976013	-11.407984282034
4.4124999046326	-11.552746626929
4.4172000885010	-11.704022166609
4.4218997955322	-11.861973953304
4.4265999794006	-12.025597263141
4.4313001632690	-12.192871245649
4.4359998703003	-12.361194332956
4.4407000541687	-12.528018992515
4.4454002380371	-12.691542586469
4.4500999450684	-12.851229292819
4.4548001289368	-13.008015109263
4.4594998359680	-13.164087173898
4.4642000198364	-13.322308145001
4.4689002037048	-13.485403612371
4.4735999107361	-13.655182817447
4.4783000946045	-13.831947689888
4.4829998016357	-14.014279024887
4.4876999855042	-14.199272502219
4.4924001693726	-14.383193969847
4.4970998764038	-14.562455817025
4.5018000602722	-14.734628011547
4.5064997673035	-14.899200513369
4.5111999511719	-15.057797114419
4.5159001350403	-15.213751821727
4.5205998420715	-15.371141448083
4.5253000259399	-15.533549830691
4.5300002098083	-15.702938974071
4.5346999168396	-15.878884365979
4.5394001007080	-16.058418662294
4.5440998077393	-16.236566452145
4.5487999916077	-16.407511781467
4.5535001754761	-16.566150863369
4.5581998825073	-16.709600263910
4.5629000663757	-16.838086749666
4.5675997734070	-16.954892513424
4.5722999572754	-17.065273094250
4.5770001411438	-17.174731531800
4.5816998481750	-17.287189232957
4.5864000320435	-17.403569212272
4.5911002159119	-17.521189283342
4.5957999229431	-17.634164705759
4.6005001068115	-17.734789954700
4.6051998138428	-17.815674905385
4.6098999977112	-17.872033333886
4.6146001815796	-17.903238316032
4.6192998886108	-17.913084194077
4.6240000724792	-17.908522079800
4.6286997795105	-17.897393530480
4.6333999633789	-17.885983745748
4.6381001472473	-17.877172363848
4.6427998542786	-17.869581894315
4.6475000381470	-17.857993824929
4.6522002220154	-17.834902350702
4.6568999290466	-17.792886722571
4.6616001129150	-17.727089425245
4.6662998199463	-17.636997467240
4.6710000038147	-17.526763698360
4.6757001876831	-17.403982727457
4.6803998947144	-17.277420224947
4.6851000785828	-17.154563825814
4.6897997856140	-17.039718663283
4.6944999694824	-16.933137210350
4.6992001533508	-16.831225476484
4.7038998603821	-16.727774934407
4.7086000442505	-16.615919472877
4.7133002281189	-16.490322316063
4.7179999351501	-16.348946720895
4.7227001190186	-16.193768256570
4.7273998260498	-16.030234973455
4.7321000099182	-15.865633241573
4.7368001937866	-15.707082423523
4.7414999008179	-15.559674625518
4.7462000846863	-15.425345659679
4.7508997917175	-15.302559211685
4.7555999755859	-15.186882450019
4.7603001594543	-15.072290605370
4.7649998664856	-14.952874187022
4.7697000503540	-14.824589120174
4.7744002342224	-14.686449970731
4.7790999412537	-14.540835700849
4.7838001251221	-14.392755798027
4.7884998321533	-14.248412980594
4.7932000160217	-14.113505605799
4.7979001998901	-13.991785308012
4.8025999069214	-13.884181501075
4.8073000907898	-13.788684092136
4.8119997978210	-13.700902377244
4.8166999816895	-13.615231461485
4.8214001655579	-13.526384951079
4.8260998725891	-13.430848076094
4.8308000564575	-13.327887055794
4.8354997634888	-13.219754278131
4.8401999473572	-13.111014713223
4.8449001312256	-13.007239409292
4.8495998382568	-12.913492857402
4.8543000221252	-12.833039112525
4.8590002059937	-12.766522771308
4.8636999130249	-12.711836055450
4.8684000968933	-12.664645754802
4.8730998039246	-12.619460114827
4.8777999877930	-12.571071813366
4.8825001716614	-12.515969205607
4.8871998786926	-12.453323014743
4.8919000625610	-12.385221080626
4.8965997695923	-12.316056068310
4.9012999534607	-12.251271878298
4.9060001373291	-12.195863015857
4.9106998443604	-12.153055353417
4.9154000282288	-12.123474314666
4.9201002120972	-12.104950355658
4.9247999191284	-12.093005166168
4.9295001029968	-12.081955566789
4.9341998100281	-12.066364324923
4.9388999938965	-12.042524831542
4.9436001777649	-12.009541910096
4.9482998847961	-11.969580910403
4.9530000686646	-11.927237814733
4.9576997756958	-11.888187965721
4.9623999595642	-11.857575487438
4.9671001434326	-11.838571194424
4.9717998504639	-11.831436064850
4.9765000343323	-11.833292409910
4.9812002182007	-11.838670529348
4.9858999252319	-11.840702060742
4.9906001091003	-11.832794824094
4.9952998161316	-11.810328915523
5.0000000000000	-11.771845405578
#Parameters = {R_fat=48; R_glandular=38; R_skin_outer=50; T10=5; T15=7.5; T5=2.5; T_rad=4; T_x=10; T_y=0; T_z=75; Zc=65; skin_thickness=2; Mesh Pass=6}
#"Frequency / GHz"	"S1,1 (Mesh Pass=6) [Magnitude / dB]"
#-------------------------------------------------------
0.30000001192093	-24.016780017684
0.30469998717308	-23.794194732172
0.30939999222755	-23.962965583802
0.31409999728203	-24.565224207036
0.31880000233650	-25.639933638738
0.32350000739098	-27.097854443237
0.32820001244545	-28.241939841739
0.33289998769760	-27.519478624730
0.33759999275208	-25.007493752370
0.34229999780655	-22.226045243366
0.34700000286102	-19.784744418823
0.35170000791550	-17.731549532193
0.35640001296997	-16.001126713687
0.36109998822212	-14.526698532901
0.36579999327660	-13.258782970106
0.37049999833107	-12.165751162706
0.37520000338554	-11.231262273592
0.37990000844002	-10.450911562044
0.38460001349449	-9.8279630927779
0.38929998874664	-9.3679549066575
0.39399999380112	-9.0731880642882
0.39869999885559	-8.9389541792289
0.40340000391006	-8.9531694402635
0.40810000896454	-9.0995025763378
0.41280001401901	-9.3621544777881
0.41749998927116	-9.7302199222204
0.42219999432564	-10.200341934268
0.42689999938011	-10.777411593502
0.43160000443459	-11.473378501795
0.43630000948906	-12.303504152707
0.44100001454353	-13.277732014933
0.44569998979568	-14.381604661769
0.45039999485016	-15.538239240621
0.45509999990463	-16.555837429722
0.45980000495911	-17.136901167208
0.46450001001358	-17.082828515945
0.46919998526573	-16.516712359488
0.47389999032021	-15.747592967946
0.47859999537468	-15.018610051773
0.48330000042915	-14.449330863384
0.48800000548363	-14.081377710762
0.49270001053810	-13.919516923851
0.49739998579025	-13.949943141798
0.50209999084473	-14.142800293372
0.50679999589920	-14.445657735372
0.51150000095367	-14.774876891565
0.51620000600815	-15.018435481122
0.52090001106262	-15.068173668979
0.52560001611710	-14.876115787574
0.53030002117157	-14.484259289327
0.53500002622604	-13.992415812696
0.53969997167587	-13.502166519490
0.54439997673035	-13.085469712047
0.54909998178482	-12.781157608765
0.55379998683929	-12.601723304387
0.55849999189377	-12.539149995653
0.56319999694824	-12.567163025313
0.56790000200272	-12.642020482032
0.57260000705719	-12.706466583678
0.57730001211166	-12.701711589159
0.58200001716614	-12.587019942208
0.58670002222061	-12.356454927722
0.59140002727509	-12.039515171288
0.59609997272491	-11.685299400726
0.60079997777939	-11.343128874881
0.60549998283386	-11.050228214879
0.61019998788834	-10.827608796283
0.61489999294281	-10.680237599748
0.61959999799728	-10.598419711759
0.62430000305176	-10.559646659376
0.62900000810623	-10.531960508449
0.63370001316071	-10.480383546718
0.63840001821518	-10.376275071685
0.64310002326965	-10.206441348830
0.64780002832413	-9.9770280166296
0.65249997377396	-9.7097676456338
0.65719997882843	-9.4333386163748
0.66189998388290	-9.1746804097552
0.66659998893738	-8.9532547556950
0.67129999399185	-8.7784889818142
0.67599999904633	-8.6492861917251
0.68070000410080	-8.5549155010172
0.68540000915527	-8.4772238227627
0.69010001420975	-8.3944852554347
0.69480001926422	-8.2867655690695
0.69950002431870	-8.1414317993400
0.70420002937317	-7.9566613348982
0.70889997482300	-7.7412776986199
0.71359997987747	-7.5112006548359
0.71829998493195	-7.2843869100066
0.72299998998642	-7.0762592564569
0.72769999504089	-6.8966628923412
0.73240000009537	-6.7484276045767
0.73710000514984	-6.6273004632301
0.74180001020432	-6.5230983704021
0.74650001525879	-6.4220641685158
0.75120002031326	-6.3102091716306
0.75590002536774	-6.1769551718200
0.76059997081757	-6.0179362237222
0.76529997587204	-5.8359074372795
0.76999998092651	-5.6394909487326
0.77469998598099	-5.4403849235062
0.77939999103546	-5.2501949862415
0.78409999608994	-5.0777262527857
0.78880000114441	-4.9273054654307
0.79350000619888	-4.7981148291665
0.79820001125336	-4.6846148916444
0.80290001630783	-4.5779553181263
0.80760002136230	-4.4681746296345
0.81230002641678	-4.3467692364555
0.81699997186661	-4.2089142344008
0.82169997692108	-4.0546497152167
0.82639998197556	-3.8886478268942
0.83109998703003	-3.7186900151973
0.83579999208450	-3.5535299562474
0.84049999713898	-3.4006955735600
0.84520000219345	-3.2648316404044
0.84990000724792	-3.1468000672025
0.85460001230240	-3.0436579860303
0.85930001735687	-2.9494929288647
0.86400002241135	-2.8569807781810
0.86870002746582	-2.7593450084940
0.87339997291565	-2.6521838101290
0.87809997797012	-2.5346598876874
0.88279998302460	-2.4096989578487
0.88749998807907	-2.2831087409482
0.89219999313354	-2.1620143345728
0.89689999818802	-2.0530508006585
0.90160000324249	-1.9608049839009
0.90630000829697	-1.8868346783608
0.91100001335144	-1.8294565789706
0.91570001840591	-1.7843382781960
0.92040002346039	-1.7457823464309
0.92510002851486	-1.7084372778149
0.92979997396469	-1.6689770466098
0.93449997901917	-1.6272791480366
0.93919998407364	-1.5867320016740
0.94389998912811	-1.5535694040189
0.94859999418259	-1.5354697079374
0.95329999923706	-1.5398394284996
0.95800000429153	-1.5722645174603
0.96270000934601	-1.6355387705401
0.96740001440048	-1.7294819170910
0.97210001945496	-1.8517004713450
0.97680002450943	-1.9991534814479
0.98150002956390	-2.1702627123862
0.98619997501373	-2.3671254456941
0.99089998006821	-2.5972333694049
0.99559998512268	-2.8742998465743
1.0003000497818	-3.2180502722974
1.0049999952316	-3.6533453783633
1.0096999406815	-4.2093245848153
1.0144000053406	-4.9195175227412
1.0190999507904	-5.8238378073024
1.0238000154495	-6.9736595372757
1.0284999608994	-8.4416405602981
1.0332000255585	-10.338848231923
1.0378999710083	-12.836120352554
1.0426000356674	-16.097631526711
1.0472999811172	-19.188184878251
1.0520000457764	-18.029028422694
1.0566999912262	-14.441694768064
1.0614000558853	-11.421756897997
1.0661000013351	-9.1212727458459
1.0707999467850	-7.3465374114013
1.0755000114441	-5.9563994554700
1.0801999568939	-4.8609905588315
1.0849000215530	-4.0001393489394
1.0895999670029	-3.3294266076751
1.0943000316620	-2.8123995706566
1.0989999771118	-2.4167334779265
1.1037000417709	-2.1130280757685
1.1083999872208	-1.8752626609387
1.1131000518799	-1.6820443994923
1.1177999973297	-1.5178594953361
1.1224999427795	-1.3735982816230
1.1272000074387	-1.2460405577020
1.1318999528885	-1.1363131030741
1.1366000175476	-1.0477432070306
1.1412999629974	-0.98369212932440
1.1460000276566	-0.94583001784628
1.1506999731064	-0.93317272309574
1.1554000377655	-0.94195882362170
1.1600999832153	-0.96626085759733
1.1648000478745	-0.99916386274258
1.1694999933243	-1.0341679189796
1.1742000579834	-1.0665207919099
1.1789000034332	-1.0940882194837
1.1835999488831	-1.1175761695485
1.1883000135422	-1.1400069369468
1.1929999589920	-1.1656520339463
1.1977000236511	-1.1987495706555
1.2023999691010	-1.2423279354203
1.2071000337601	-1.2974591247325
1.2117999792099	-1.3630306357058
1.2165000438690	-1.4360378938434
1.2211999893188	-1.5123520558196
1.2259000539780	-1.5876937530338
1.2305999994278	-1.6586645756202
1.2352999448776	-1.7235302406339
1.2400000095367	-1.7825886501061
1.2446999549866	-1.8379802799934
1.2494000196457	-1.8930442481253
1.2540999650955	-1.9513996831746
1.2588000297546	-2.0160113223127
1.2634999752045	-2.0884736650673
1.2682000398636	-2.1686812645048
1.2728999853134	-2.2549040471313
1.2776000499725	-2.3442373084865
1.2822999954224	-2.4333344057738
1.2869999408722	-2.5192127979572
1.2917000055313	-2.5999908686856
1.2963999509811	-2.6753335400720
1.3011000156403	-2.7464979002062
1.3057999610901	-2.8159719599971
1.3105000257492	-2.8868028506744
1.3151999711990	-2.9618306463511
1.3199000358582	-3.0430035454488
1.3245999813080	-3.1309494539335
1.3293000459671	-3.2248688351305
1.3339999914169	-3.3227762080952
1.3387000560760	-3.4219905740025
1.3434000015259	-3.5197962794064
1.3480999469757	-3.6141157064498
1.3528000116348	-3.7040204753938
1.3574999570847	-3.7899562500364
1.3622000217438	-3.8736179499407
1.3668999671936	-3.9575080925837
1.3716000318527	-4.0443171973003
1.3762999773026	-4.1362780568856
1.3810000419617	-4.2346685338359
1.3856999874115	-4.3395494501853
1.3904000520706	-4.4497934652334
1.3950999975204	-4.5633810036803
1.3997999429703	-4.6778924282216
1.4045000076294	-4.7911094784348
1.4091999530792	-4.9015613648799
1.4139000177383	-5.0089039972638
1.4185999631882	-5.1140130241824
1.4233000278473	-5.2187878566530
1.4279999732971	-5.3256850803794
1.4327000379562	-5.4371556868585
1.4373999834061	-5.5550970615187
1.4421000480652	-5.6804513303780
1.4467999935150	-5.8130313506440
1.4515000581741	-5.9516009601970
1.4562000036240	-6.0941809422274
1.4608999490738	-6.2385326047862
1.4656000137329	-6.3827069480401
1.4702999591827	-6.5255399928807
1.4750000238419	-6.6669764862843
1.4796999692917	-6.8081164687716
1.4844000339508	-6.9510004102874
1.4890999794006	-7.0981570302172
1.4938000440598	-7.2520550087473
1.4984999895096	-7.4145877930225
1.5032000541687	-7.5866904597568
1.5078999996185	-7.7681645142790
1.5125999450684	-7.9577478028712
1.5173000097275	-8.1534047120284
1.5219999551773	-8.3528091337693
1.5267000198364	-8.5539037835586
1.5313999652863	-8.7554334886273
1.5361000299454	-8.9573057325109
1.5407999753952	-9.1606900002687
1.5455000400543	-9.3678113391221
1.5501999855042	-9.5815037652826
1.5549000501633	-9.8046218786144
1.5595999956131	-10.039448646066
1.5642999410629	-10.287224281332
1.5690000057220	-10.547877639633
1.5736999511719	-10.820007250936
1.5784000158310	-11.101148916263
1.5830999612808	-11.388266980162
1.5878000259399	-11.678424427905
1.5924999713898	-11.969477443022
1.5972000360489	-12.260614743357
1.6018999814987	-12.552612055219
1.6066000461578	-12.847701070545
1.6112999916077	-13.149085005632
1.6160000562668	-13.460206189083
1.6207000017166	-13.783946547251
1.6253999471664	-14.121906322694
1.6301000118256	-14.473904571603
1.6347999572754	-14.837752394466
1.6395000219345	-15.209409856651
1.6441999673843	-15.583499048041
1.6489000320435	-15.954114317278
1.6535999774933	-16.315831864916
1.6583000421524	-16.664640763286
1.6629999876022	-16.998555539159
1.6677000522614	-17.317735800227
1.6723999977112	-17.624055490877
1.6770999431610	-17.920249890673
1.6818000078201	-18.208860421288
1.6864999532700	-18.491246312006
1.6912000179291	-18.766850034340
1.6958999633789	-19.032799725466
1.7006000280380	-19.284004336664
1.7052999734879	-19.513697207060
1.7100000381470	-19.714426903895
1.7146999835968	-19.879414293878
1.7194000482559	-20.003960689835
1.7240999937057	-20.086596713857
1.7288000583649	-20.129666769607
1.7335000038147	-20.139032392627
1.7381999492645	-20.123081051994
1.7429000139236	-20.091270583315
1.7475999593735	-20.052545211461
1.7523000240326	-20.013983843943
1.7569999694824	-19.979906444140
1.7617000341415	-19.951458161595
1.7663999795914	-19.926808968487
1.7711000442505	-19.901896121515
1.7757999897003	-19.871642142917
1.7805000543594	-19.831454783089
1.7851999998093	-19.778708989042
1.7898999452591	-19.713734955879
1.7946000099182	-19.640072216174
1.7992999553680	-19.563880950394
1.8040000200272	-19.492665568109
1.8086999654770	-19.433776349573
1.8134000301361	-19.392976015611
1.8180999755859	-19.373439244636
1.8228000402451	-19.375266388722
1.8274999856949	-19.395572415567
1.8322000503540	-19.429153496196
1.8368999958038	-19.469664235047
1.8415999412537	-19.511106216323
1.8463000059128	-19.549323118807
1.8509999513626	-19.583131099242
1.8557000160217	-19.614698989017
1.8603999614716	-19.649087011434
1.8651000261307	-19.693095533887
1.8697999715805	-19.753719027164
1.8745000362396	-19.836670937235
1.8791999816895	-19.945301599410
1.8839000463486	-20.079973186820
1.8885999917984	-20.238085358288
1.8933000564575	-20.414678947387
1.8980000019073	-20.603548334338
1.9026999473572	-20.798805628798
1.9074000120163	-20.996470420258
1.9120999574661	-21.195746290092
1.9168000221252	-21.399612035578
1.9214999675751	-21.614406608188
1.9262000322342	-21.848733283696
1.9308999776840	-22.111789467076
1.9356000423431	-22.411868827228
1.9402999877930	-22.755029950132
1.9450000524521	-23.144382029321
1.9496999979019	-23.579917240552
1.9543999433517	-24.058950709551
1.9591000080109	-24.577271173936
1.9637999534607	-25.130843638747
1.9685000181198	-25.717969574133
1.9731999635696	-26.341432984413
1.9779000282288	-27.009981096129
1.9825999736786	-27.738827237376
1.9873000383377	-28.548870190367
1.9919999837875	-29.464761211178
1.9967000484467	-30.511201589471
2.0013999938965	-31.705802155015
2.0060999393463	-33.041893670961
2.0107998847961	-34.446360813662
2.0155000686646	-35.697414917479
2.0202000141144	-36.373585326742
2.0248999595642	-36.110534932635
2.0295999050140	-35.035368471627
2.0343000888824	-33.583486354886
2.0390000343323	-32.069146096322
2.0436999797821	-30.622215263955
2.0483999252319	-29.277877499415
2.0531001091003	-28.038117633527
2.0578000545502	-26.896891259015
2.0625000000000	-25.848084126315
2.0671999454498	-24.886689340340
2.0718998908997	-24.008156231423
2.0766000747681	-23.207364145593
2.0813000202179	-22.477959862455
2.0859999656677	-21.812141869258
2.0906999111176	-21.200874033477
2.0954000949860	-20.634506985455
2.1001000404358	-20.103605068590
2.1047999858856	-19.599944328764
2.1094999313354	-19.117317651025
2.1142001152039	-18.652061754473
2.1189000606537	-18.203080816246
2.1236000061035	-17.771358733067
2.1282999515533	-17.359155958305
2.1329998970032	-16.969041928355
2.1377000808716	-16.603034407026
2.1424000263214	-16.261953318635
2.1470999717712	-15.945121896758
2.1517999172211	-15.650396259165
2.1565001010895	-15.374521432821
2.1612000465393	-15.113701923598
2.1658999919891	-14.864304998126
2.1705999374390	-14.623510503889
2.1752998828888	-14.389774624533
2.1800000667572	-14.163003767617
2.1847000122070	-13.944378328589
2.1893999576569	-13.735903492024
2.1940999031067	-13.539802941018
2.1988000869751	-13.357921264036
2.2035000324249	-13.191214787595
2.2081999778748	-13.039520676708
2.2128999233246	-12.901543647774
2.2176001071930	-12.775112669727
2.2223000526428	-12.657622684342
2.2269999980927	-12.546593864933
2.2316999435425	-12.440170662092
2.2363998889923	-12.337501765366
2.2411000728607	-12.238855341324
2.2458000183105	-12.145461850470
2.2504999637604	-12.059151876184
2.2551999092102	-11.981833053660
2.2599000930786	-11.915010998484
2.2646000385284	-11.859387281815
2.2692999839783	-11.814674834878
2.2739999294281	-11.779643436849
2.2787001132965	-11.752379233232
2.2834000587463	-11.730702872697
2.2881000041962	-11.712666353970
2.2927999496460	-11.696993880429
2.2974998950958	-11.683347881667
2.3022000789642	-11.672380667874
2.3069000244141	-11.665544528022
2.3115999698639	-11.664681993262
2.3162999153137	-11.671578870678
2.3210000991821	-11.687490922405
2.3257000446320	-11.712858106635
2.3303999900818	-11.747165551201
2.3350999355316	-11.789078484198
2.3397998809814	-11.836739082701
2.3445000648499	-11.888208368697
2.3492000102997	-11.941936309506
2.3538999557495	-11.997145898563
2.3585999011993	-12.054038248804
2.3633000850677	-12.113735440004
2.3680000305176	-12.178014166825
2.3726999759674	-12.248880071780
2.3773999214172	-12.328091887943
2.3821001052856	-12.416727571146
2.3868000507355	-12.514973218781
2.3914999961853	-12.622059941731
2.3961999416351	-12.736478458711
2.4008998870850	-12.856347996782
2.4056000709534	-12.979911454726
2.4103000164032	-13.106000191743
2.4149999618530	-13.234394596690
2.4196999073029	-13.365928245255
2.4244000911713	-13.502364445651
2.4291000366211	-13.646013845333
2.4337999820709	-13.799245170312
2.4384999275208	-13.963952931936
2.4432001113892	-14.141194756878
2.4479000568390	-14.330958624011
2.4526000022888	-14.532248809542
2.4572999477386	-14.743357578179
2.4619998931885	-14.962391349272
2.4667000770569	-15.187822643727
2.4714000225067	-15.419054701439
2.4760999679565	-15.656745316861
2.4807999134064	-15.902881185533
2.4855000972748	-16.160504468449
2.4902000427246	-16.433224430825
2.4948999881744	-16.724542320887
2.4995999336243	-17.037284200363
2.5043001174927	-17.373131195621
2.5090000629425	-17.732461693421
2.5137000083923	-18.114498263940
2.5183999538422	-18.517812907921
2.5230998992920	-18.941049775653
2.5278000831604	-19.383881559887
2.5325000286102	-19.847799735378
2.5371999740601	-20.336713849486
2.5418999195099	-20.857097861893
2.5466001033783	-21.417677403106
2.5513000488281	-22.028732569474
2.5559999942780	-22.701189577799
2.5606999397278	-23.445807347504
2.5653998851776	-24.272359227907
2.5701000690460	-25.189136920497
2.5748000144958	-26.202438030708
2.5794999599457	-27.315899736124
2.5841999053955	-28.528370832324
2.5889000892639	-29.827755645926
2.5936000347137	-31.174123397460
2.5982999801636	-32.461429154104
2.6029999256134	-33.460281600873
2.6077001094818	-33.832061598851
2.6124000549316	-33.373243546480
2.6171000003815	-32.255456537778
2.6217999458313	-30.834227875039
2.6264998912811	-29.370518231461
2.6312000751495	-27.988066516813
2.6359000205994	-26.729586287145
2.6405999660492	-25.601061871859
2.6452999114990	-24.593339525310
2.6500000953674	-23.691427952039
2.6547000408173	-22.878569970815
2.6593999862671	-22.138305638970
2.6640999317169	-21.455833626424
2.6688001155853	-20.818907040230
2.6735000610352	-20.218488346605
2.6782000064850	-19.648849596925
2.6828999519348	-19.107188596407
2.6875998973846	-18.592882630449
2.6923000812531	-18.106423613358
2.6970000267029	-17.648457969381
2.7016999721527	-17.218982887365
2.7063999176025	-16.816868959439
2.7111001014709	-16.439752390769
2.7158000469208	-16.084268442519
2.7204999923706	-15.746507397818
2.7251999378204	-15.422626614956
2.7298998832703	-15.109464077575
2.7346000671387	-14.804965649642
2.7393000125885	-14.508376352597
2.7439999580383	-14.220104400436
2.7486999034882	-13.941356319223
2.7534000873566	-13.673595542592
2.7581000328064	-13.418015109179
2.7627999782562	-13.175114701661
2.7674999237061	-12.944490571630
2.7722001075745	-12.724838208545
2.7769000530243	-12.514209899991
2.7815999984741	-12.310387410768
2.7862999439240	-12.111350843727
2.7909998893738	-11.915665082935
2.7957000732422	-11.722739313917
2.8004000186920	-11.532849267897
2.8050999641418	-11.346967798301
2.8097999095917	-11.166406543532
2.8145000934601	-10.992422900535
2.8192000389099	-10.825842660237
2.8238999843597	-10.666809252928
2.8285999298096	-10.514736189469
2.8333001136780	-10.368407280171
2.8380000591278	-10.226252657250
2.8427000045776	-10.086717979477
2.8473999500275	-9.9485991233471
2.8520998954773	-9.8113102373918
2.8568000793457	-9.6749757753255
2.8615000247955	-9.5403419954807
2.8661999702454	-9.4085430172439
2.8708999156952	-9.2807606305423
2.8756000995636	-9.1579075333406
2.8803000450134	-9.0403747125636
2.8849999904633	-8.9279164920885
2.8896999359131	-8.8197203151898
2.8943998813629	-8.7145830072912
2.8991000652313	-8.6112133644907
2.9038000106812	-8.5085464868905
2.9084999561310	-8.4059824318238
2.9131999015808	-8.3035294406920
2.9179000854492	-8.2017626388172
2.9226000308990	-8.1016539242861
2.9272999763489	-8.0042983915797
2.9319999217987	-7.9106223280428
2.9367001056671	-7.8211347928253
2.9414000511169	-7.7358014630098
2.9460999965668	-7.6540525464403
2.9507999420166	-7.5749264947575
2.9554998874664	-7.4973048984058
2.9602000713348	-7.4202062716345
2.9649000167847	-7.3430177082126
2.9695999622345	-7.2656466220577
2.9742999076843	-7.1885248414883
2.9790000915527	-7.1124809154227
2.9837000370026	-7.0385237541007
2.9883999824524	-6.9675551677221
2.9930999279022	-6.9001563896521
2.9978001117706	-6.8364162299209
3.0025000572205	-6.7759321931623
3.0072000026703	-6.7179034630336
3.0118999481201	-6.6613357746526
3.0165998935699	-6.6052981422694
3.0213000774384	-6.5491543955435
3.0260000228882	-6.4927208235366
3.0306999683380	-6.4363072952391
3.0353999137878	-6.3806193319985
3.0401000976562	-6.3265747902923
3.0448000431061	-6.2750471322284
3.0494999885559	-6.2266486426762
3.0541999340057	-6.1815621110909
3.0589001178741	-6.1395006000712
3.0636000633240	-6.0997853792750
3.0683000087738	-6.0615022664192
3.0729999542236	-6.0237601704682
3.0776998996735	-5.9858930651893
3.0824000835419	-5.9476398341498
3.0871000289917	-5.9092040862085
3.0917999744415	-5.8711889588305
3.0964999198914	-5.8344313881432
3.1012001037598	-5.7997807527004
3.1059000492096	-5.7678674986965
3.1105999946594	-5.7389523552484
3.1152999401093	-5.7128397552671
3.1199998855591	-5.6889421339443
3.1247000694275	-5.6664158558743
3.1294000148773	-5.6443894723233
3.1340999603271	-5.6221740526321
3.1387999057770	-5.5994428416883
3.1435000896454	-5.5763095159119
3.1482000350952	-5.5532896747019
3.1528999805450	-5.5311582235218
3.1575999259949	-5.5107438184651
3.1623001098633	-5.4927026270839
3.1670000553131	-5.4773471122551
3.1717000007629	-5.4645616051267
3.1763999462128	-5.4538349157893
3.1810998916626	-5.4443785949028
3.1858000755310	-5.4353306450740
3.1905000209808	-5.4259811896225
3.1951999664307	-5.4159380533417
3.1998999118805	-5.4052454814498
3.2046000957489	-5.3943422045356
3.2093000411987	-5.3839524695362
3.2139999866486	-5.3748854188446
3.2186999320984	-5.3678140401085
3.2234001159668	-5.3631028840590
3.2281000614166	-5.3606895294818
3.2328000068665	-5.3601188659626
3.2374999523163	-5.3606224384340
3.2421998977661	-5.3613428172963
3.2469000816345	-5.3615265825579
3.2516000270844	-5.3607245081239
3.2562999725342	-5.3588932719862
3.2609999179840	-5.3564036992360
3.2657001018524	-5.3539293806134
3.2704000473022	-5.3522547592473
3.2750999927521	-5.3520576359224
3.2797999382019	-5.3537149587448
3.2844998836517	-5.3571965379164
3.2892000675201	-5.3620548561234
3.2939000129700	-5.3675185554239
3.2985999584198	-5.3726882388878
3.3032999038696	-5.3767407373457
3.3080000877380	-5.3791391674172
3.3127000331879	-5.3797543290147
3.3173999786377	-5.3788673742223
3.3220999240875	-5.3770846222718
3.3268001079559	-5.3751414960390
3.3315000534058	-5.3736873948790
3.3361999988556	-5.3730784628262
3.3408999443054	-5.3732636013487
3.3455998897552	-5.3737500029831
3.3503000736237	-5.3737200127013
3.3550000190735	-5.3721976496665
3.3596999645233	-5.3682777789810
3.3643999099731	-5.3613375558704
3.3691000938416	-5.3511593866304
3.3738000392914	-5.3379678452069
3.3784999847412	-5.3223213160915
3.3831999301910	-5.3049320490418
3.3879001140594	-5.2864348757565
3.3926000595093	-5.2671962173259
3.3973000049591	-5.2471733309684
3.4019999504089	-5.2259068542847
3.4066998958588	-5.2026199676727
3.4114000797272	-5.1764094458639
3.4161000251770	-5.1464663326847
3.4207999706268	-5.1122936270781
3.4254999160767	-5.0738387816396
3.4302000999451	-5.0315031783830
3.4349000453949	-4.9860511223442
3.4395999908447	-4.9384165665885
3.4442999362946	-4.8894828878928
3.4489998817444	-4.8398789792044
3.4537000656128	-4.7898670427469
3.4584000110626	-4.7393292910461
3.4630999565125	-4.6878639173288
3.4677999019623	-4.6349588245925
3.4725000858307	-4.5802082404657
3.4772000312805	-4.5234946627856
3.4818999767303	-4.4651010707130
3.4865999221802	-4.4057071684670
3.4913001060486	-4.3462977683380
3.4960000514984	-4.2879810136287
3.5006999969482	-4.2317748700163
3.5053999423981	-4.1784370115492
3.5100998878479	-4.1283431812059
3.5148000717163	-4.0814734945397
3.5195000171661	-4.0375020962049
3.5241999626160	-3.9959381088130
3.5288999080658	-3.9563143802801
3.5336000919342	-3.9183639281289
3.5383000373840	-3.8821206678224
3.5429999828339	-3.8479487221372
3.5476999282837	-3.8164704136859
3.5524001121521	-3.7884255436192
3.5571000576019	-3.7644982448123
3.5618000030518	-3.7451488115649
3.5664999485016	-3.7305087593768
3.5711998939514	-3.7203476716880
3.5759000778198	-3.7141284907933
3.5806000232697	-3.7111408959452
3.5852999687195	-3.7106614759270
3.5899999141693	-3.7121292647381
3.5947000980377	-3.7152642993362
3.5994000434875	-3.7201270592675
3.6040999889374	-3.7270694665708
3.6087999343872	-3.7366315105116
3.6135001182556	-3.7493737692558
3.6182000637054	-3.7657140865700
3.6229000091553	-3.7857980023386
3.6275999546051	-3.8094395169101
3.6322999000549	-3.8361439223453
3.6370000839233	-3.8652115605583
3.6417000293732	-3.8958916280992
3.6463999748230	-3.9275543449488
3.6510999202728	-3.9598360060103
3.6558001041412	-3.9927109553362
3.6605000495911	-4.0264860214654
3.6651999950409	-4.0617124016027
3.6698999404907	-4.0990172005233
3.6745998859406	-4.1389428964333
3.6793000698090	-4.1817827476324
3.6840000152588	-4.2275022610468
3.6886999607086	-4.2757206286870
3.6933999061584	-4.3258061619979
3.6981000900269	-4.3770164100601
3.7028000354767	-4.4286775500162
3.7074999809265	-4.4803602738349
3.7121999263763	-4.5319746149398
3.7169001102448	-4.5838009698011
3.7216000556946	-4.6364085214790
3.7263000011444	-4.6905090157664
3.7309999465942	-4.7467642092554
3.7356998920441	-4.8056039437075
3.7404000759125	-4.8671152229949
3.7451000213623	-4.9309950705035
3.7497999668121	-4.9966227587484
3.7544999122620	-5.0631993655896
3.7592000961304	-5.1299516144196
3.7639000415802	-5.1963153695589
3.7685999870300	-5.2620922808529
3.7732999324799	-5.3274925340761
3.7780001163483	-5.3930781733165
3.7827000617981	-5.4596156160419
3.7874000072479	-5.5278644427351
3.7920999526978	-5.5983594445372
3.7967998981476	-5.6712623003798
3.8015000820160	-5.7462833076099
3.8062000274658	-5.8227379011107
3.8108999729156	-5.8996857074069
3.8155999183655	-5.9761599806191
3.8203001022339	-6.0513958751278
3.8250000476837	-6.1250147413673
3.8296999931335	-6.1971195964356
3.8343999385834	-6.2682389300538
3.8390998840332	-6.3391803847028
3.8438000679016	-6.4107798658759
3.8485000133514	-6.4836522391386
3.8531999588013	-6.5579837849406
3.8578999042511	-6.6334377534890
3.8626000881195	-6.7091906374670
3.8673000335693	-6.7840966957349
3.8719999790192	-6.8569517676766
3.8766999244690	-6.9267705924528
3.8814001083374	-6.9930289008316
3.8861000537872	-7.0557786320843
3.8907999992371	-7.1156061975366
3.8954999446869	-7.1734514115238
3.9001998901367	-7.2303139272824
3.9049000740051	-7.2869516441867
3.9096000194550	-7.3436321672493
3.9142999649048	-7.4000218303330
3.9189999103546	-7.4552275552792
3.9237000942230	-7.5080091324210
3.9284000396729	-7.5570735621057
3.9330999851227	-7.6014328567479
3.9377999305725	-7.6406565132699
3.9425001144409	-7.6750077398468
3.9472000598907	-7.7053700954968
3.9519000053406	-7.7330276372008
3.9565999507904	-7.7593089877263
3.9612998962402	-7.7852469347908
3.9660000801086	-7.8113081180384
3.9707000255585	-7.8372789196389
3.9753999710083	-7.8623464070466
3.9800999164581	-7.8853318290494
3.9848001003265	-7.9050403621870
3.9895000457764	-7.9206315236064
3.9941999912262	-7.9318894674121
3.9988999366760	-7.9393304708261
4.0036001205444	-7.9441117517565
4.0082998275757	-7.9477660621737
4.0130000114441	-7.9518239693610
4.0177001953125	-7.9574552026156
4.0223999023438	-7.9651958683394
4.0271000862122	-7.9748560315004
4.0317997932434	-7.9856034916871
4.0364999771118	-7.9962278557647
4.0412001609802	-8.0055011789007
4.0458998680115	-8.0125497015189
4.0506000518799	-8.0171362944639
4.0553002357483	-8.0197602481186
4.0599999427795	-8.0215702216622
4.0647001266479	-8.0240848530057
4.0693998336792	-8.0288210087040
4.0741000175476	-8.0369250593114
4.0788002014160	-8.0488925248847
4.0834999084473	-8.0644682302138
4.0882000923157	-8.0827300286675
4.0928997993469	-8.1023365353667
4.0975999832153	-8.1219020586360
4.1023001670837	-8.1403782987446
4.1069998741150	-8.1573525201559
4.1117000579834	-8.1731847179528
4.1163997650146	-8.1889269389829
4.1210999488831	-8.2060608641951
4.1258001327515	-8.2261149681411
4.1304998397827	-8.2502758359073
4.1352000236511	-8.2790813723985
4.1399002075195	-8.3122796911421
4.1445999145508	-8.3488897156902
4.1493000984192	-8.3874414357405
4.1539998054504	-8.4263569957185
4.1586999893188	-8.4643616357720
4.1634001731873	-8.5008275970445
4.1680998802185	-8.5359585362487
4.1728000640869	-8.5707428492459
4.1774997711182	-8.6066967637626
4.1821999549866	-8.6454724110852
4.1869001388550	-8.6884134789124
4.1915998458862	-8.7362010877682
4.1963000297546	-8.7886641251084
4.2010002136230	-8.8447929451784
4.2056999206543	-8.9029795151261
4.2104001045227	-8.9614101817912
4.2150998115540	-9.0185325276589
4.2197999954224	-9.0734712627364
4.2245001792908	-9.1262740096573
4.2291998863220	-9.1779101188967
4.2339000701904	-9.2300221712038
4.2385997772217	-9.2844970613294
4.2432999610901	-9.3429643677090
4.2480001449585	-9.4063687733108
4.2526998519897	-9.4747047835828
4.2574000358582	-9.5470045596634
4.2621002197266	-9.6215615337038
4.2667999267578	-9.6963655999653
4.2715001106262	-9.7696432644772
4.2761998176575	-9.8403653347453
4.2809000015259	-9.9085702172688
4.2856001853943	-9.9754248116027
4.2902998924255	-10.042969302010
4.2950000762939	-10.113648071824
4.2996997833252	-10.189723925438
4.3043999671936	-10.272749129418
4.3091001510620	-10.363221897250
4.3137998580933	-10.460495673663
4.3185000419617	-10.562981552416
4.3232002258301	-10.668602727274
4.3278999328613	-10.775385826254
4.3326001167297	-10.882068378732
4.3372998237610	-10.988533763054
4.3420000076294	-11.095942462723
4.3467001914978	-11.206518175254
4.3513998985291	-11.323029164779
4.3561000823975	-11.448101872605
4.3607997894287	-11.583557217330
4.3654999732971	-11.729902858095
4.3702001571655	-11.886125635643
4.3748998641968	-12.049840964518
4.3796000480652	-12.217786523257
4.3843002319336	-12.386583859360
4.3889999389648	-12.553604877817
4.3937001228333	-12.717692421701
4.3983998298645	-12.879524850790
4.4031000137329	-13.041463263286
4.4078001976013	-13.206935879344
4.4124999046326	-13.379481699436
4.4172000885010	-13.561759923810
4.4218997955322	-13.754733675724
4.4265999794006	-13.957256297568
4.4313001632690	-14.166169749670
4.4359998703003	-14.376958874076
4.4407000541687	-14.584853026538
4.4454002380371	-14.786143911767
4.4500999450684	-14.979336817910
4.4548001289368	-15.165724291819
4.4594998359680	-15.349154284572
4.4642000198364	-15.535012421744
4.4689002037048	-15.728726943781
4.4735999107361	-15.934213410547
4.4783000946045	-16.152642004483
4.4829998016357	-16.381860499509
4.4876999855042	-16.616609850528
4.4924001693726	-16.849627726681
4.4970998764038	-17.073483492321
4.5018000602722	-17.282759353391
4.5064997673035	-17.475799410559
4.5111999511719	-17.655425897692
4.5159001350403	-17.828157104285
4.5205998420715	-18.002200805128
4.5253000259399	-18.184879159290
4.5300002098083	-18.380236915573
4.5346999168396	-18.587432678551
4.5394001007080	-18.800292973616
4.5440998077393	-19.008297790015
4.5487999916077	-19.199040137200
4.5535001754761	-19.361766747413
4.5581998825073	-19.490867273526
4.5629000663757	-19.587885800400
4.5675997734070	-19.660979974304
4.5722999572754	-19.722018661635
4.5770001411438	-19.782462464404
4.5816998481750	-19.849524951237
4.5864000320435	-19.923729904650
4.5911002159119	-19.998293362723
4.5957999229431	-20.060646790453
4.6005001068115	-20.095948264042
4.6051998138428	-20.091930283309
4.6098999977112	-20.043397442559
4.6146001815796	-19.954385577460
4.6192998886108	-19.836821460985
4.6240000724792	-19.706443753997
4.6286997795105	-19.577821016012
4.6333999633789	-19.460364464401
4.6381001472473	-19.356227166339
4.6427998542786	-19.260254641447
4.6475000381470	-19.161846559777
4.6522002220154	-19.048377604063
4.6568999290466	-18.909349308925
4.6616001129150	-18.740154517668
4.6662998199463	-18.543759732446
4.6710000038147	-18.329786296463
4.6757001876831	-18.111368257816
4.6803998947144	-17.901244547575
4.6851000785828	-17.708479579472
4.6897997856140	-17.536521689746
4.6944999694824	-17.382810619381
4.6992001533508	-17.239803342505
4.7038998603821	-17.097174023007
4.7086000442505	-16.944804084419
4.7133002281189	-16.775802218241
4.7179999351501	-16.588647952334
4.7227001190186	-16.387585444576
4.7273998260498	-16.181198058700
4.7321000099182	-15.979766224614
4.7368001937866	-15.792412796307
4.7414999008179	-15.624835294769
4.7462000846863	-15.478119876798
4.7508997917175	-15.348683168817
4.7555999755859	-15.229297310921
4.7603001594543	-15.110968310432
4.7649998664856	-14.985399026777
4.7697000503540	-14.847294988380
4.7744002342224	-14.695917362281
4.7790999412537	-14.535219954890
4.7838001251221	-14.372593916040
4.7884998321533	-14.216673106831
4.7932000160217	-14.075002804634
4.7979001998901	-13.952160418453
4.8025999069214	-13.848736160050
4.8073000907898	-13.761303725973
4.8119997978210	-13.683269705455
4.8166999816895	-13.606537060612
4.8214001655579	-13.523633802285
4.8260998725891	-13.429767290957
4.8308000564575	-13.324206616769
4.8354997634888	-13.210461813161
4.8401999473572	-13.095206544833
4.8449001312256	-12.986350255271
4.8495998382568	-12.890888655203
4.8543000221252	-12.813128373796
4.8590002059937	-12.753669045593
4.8636999130249	-12.709261937401
4.8684000968933	-12.673572393636
4.8730998039246	-12.638698129540
4.8777999877930	-12.597216095610
4.8825001716614	-12.544207375376
4.8871998786926	-12.478692776458
4.8919000625610	-12.403915155706
4.8965997695923	-12.326376092381
4.9012999534607	-12.253951999892
4.9060001373291	-12.193738109745
4.9106998443604	-12.150198230102
4.9154000282288	-12.124074508813
4.9201002120972	-12.112145096081
4.9247999191284	-12.107950027920
4.9295001029968	-12.103313911439
4.9341998100281	-12.090462845656
4.9388999938965	-12.064174491121
4.9436001777649	-12.023338504348
4.9482998847961	-11.971303463712
4.9530000686646	-11.914879434936
4.9576997756958	-11.862303438570
4.9623999595642	-11.820916580269
4.9671001434326	-11.795141446915
4.9717998504639	-11.785261846948
4.9765000343323	-11.787150564123
4.9812002182007	-11.793050577584
4.9858999252319	-11.793287074139
4.9906001091003	-11.778677493488
4.9952998161316	-11.743004011012
5.0000000000000	-11.684750882795
