#Parameters = {R_fat=48; R_glandular=38; R_skin_outer=50; T10=5; T15=7.5; T5=2.5; T_rad=4; T_x=10; T_y=0; T_z=75; Zc=65; skin_thickness=2; Mesh Pass=1}
#"Frequency / GHz"	"S1,1 (Mesh Pass=1) [Magnitude / dB]"
#-------------------------------------------------------
0.30000001192093	-6.5850569960065
0.30469998717308	-6.4615925976372
0.30939999222755	-6.3438680942170
0.31409999728203	-6.2278875995114
0.31880000233650	-6.1087779403029
0.32350000739098	-5.9819557536995
0.32820001244545	-5.8442666143326
0.33289998769760	-5.6947982028756
0.33759999275208	-5.5351370568985
0.34229999780655	-5.3689891865426
0.34700000286102	-5.2013069331397
0.35170000791550	-5.0371938350604
0.35640001296997	-4.8808638706112
0.36109998822212	-4.7348697840387
0.36579999327660	-4.5996948574183
0.37049999833107	-4.4737421871675
0.37520000338554	-4.3537304484239
0.37990000844002	-4.2354357659062
0.38460001349449	-4.1146882547509
0.38929998874664	-3.9884018769720
0.39399999380112	-3.8553707032035
0.39869999885559	-3.7165967182066
0.40340000391006	-3.5750554106449
0.40810000896454	-3.4349740289095
0.41280001401901	-3.3008363257454
0.41749998927116	-3.1763748749433
0.42219999432564	-3.0637519558092
0.42689999938011	-2.9630793426360
0.43160000443459	-2.8723597291164
0.43630000948906	-2.7878884258600
0.44100001454353	-2.7050919685998
0.44569998979568	-2.6196309406713
0.45039999485016	-2.5285218388423
0.45509999990463	-2.4309453226394
0.45980000495911	-2.3284739680814
0.46450001001358	-2.2246789110095
0.46919998526573	-2.1241961462363
0.47389999032021	-2.0315779501360
0.47859999537468	-1.9501629247613
0.48330000042915	-1.8812320532995
0.48800000548363	-1.8236348642738
0.49270001053810	-1.7739680717040
0.49739998579025	-1.7273276123903
0.50209999084473	-1.6785193970726
0.50679999589920	-1.6234303838820
0.51150000095367	-1.5601750732351
0.51620000600815	-1.4896481218412
0.52090001106262	-1.4152895647822
0.52560001611710	-1.3421650949197
0.53030002117157	-1.2756220110000
0.53500002622604	-1.2199004513491
0.53969997167587	-1.1770134552547
0.54439997673035	-1.1461546229715
0.54909998178482	-1.1237819002992
0.55379998683929	-1.1044195796053
0.55849999189377	-1.0820425985865
0.56319999694824	-1.0517213143677
0.56790000200272	-1.0110432407626
0.57260000705719	-0.96084565866578
0.57730001211166	-0.90502061307157
0.58200001716614	-0.84945113099036
0.58670002222061	-0.80040391182760
0.59140002727509	-0.76286425562906
0.59609997272491	-0.73918184710864
0.60079997777939	-0.72835135984063
0.60549998283386	-0.72613084101621
0.61019998788834	-0.72603033329076
0.61489999294281	-0.72098268048200
0.61959999799728	-0.70534549528575
0.62430000305176	-0.67659416917918
0.62900000810623	-0.63614454300757
0.63370001316071	-0.58902534598349
0.63840001821518	-0.54248605100958
0.64310002326965	-0.50401239436178
0.64780002832413	-0.47928462704686
0.65249997377396	-0.47058185510207
0.65719997882843	-0.47602286169664
0.66189998388290	-0.48981867063333
0.66659998893738	-0.50364258349504
0.67129999399185	-0.50884234014935
0.67599999904633	-0.49897463307859
0.68070000410080	-0.47188274831634
0.68540000915527	-0.43053356528622
0.69010001420975	-0.38235164485464
0.69480001926422	-0.33717129949041
0.69950002431870	-0.30455652572595
0.70420002937317	-0.29113317790266
0.70889997482300	-0.29859442334874
0.71359997987747	-0.32283848849144
0.71829998493195	-0.35453292447521
0.72299998998642	-0.38122636222303
0.72769999504089	-0.39077370347988
0.73240000009537	-0.37524803515050
0.73710000514984	-0.33408067519833
0.74180001020432	-0.27523155118816
0.74650001525879	-0.21391289169610
0.75120002031326	-0.16935106796230
0.75590002536774	-0.16065954465240
0.76059997081757	-0.20276795314037
0.76529997587204	-0.30302021046879
0.76999998092651	-0.45868592502987
0.77469998598099	-0.65570528090363
0.77939999103546	-0.86912348234620
0.78409999608994	-1.0660799412198
0.78880000114441	-1.2120166026257
0.79350000619888	-1.2795393078612
0.79820001125336	-1.2569880017766
0.80290001630783	-1.1524269362303
0.80760002136230	-0.99067527717951
0.81230002641678	-0.80520605278823
0.81699997186661	-0.62911650863157
0.82169997692108	-0.48829229411639
0.82639998197556	-0.39763427502084
0.83109998703003	-0.35982304859101
0.83579999208450	-0.36605887078512
0.84049999713898	-0.39860652060880
0.84520000219345	-0.43512864501567
0.84990000724792	-0.45452634852300
0.85460001230240	-0.44307946558388
0.85930001735687	-0.39893268255616
0.86400002241135	-0.33308236555504
0.86870002746582	-0.26647846980069
0.87339997291565	-0.22454714443449
0.87809997797012	-0.23116374078144
0.88279998302460	-0.30350281457011
0.88749998807907	-0.44830830526549
0.89219999313354	-0.65952122254810
0.89689999818802	-0.91717579608374
0.90160000324249	-1.1879496957823
0.90630000829697	-1.4286113931648
0.91100001335144	-1.5938595429957
0.91570001840591	-1.6483983406187
0.92040002346039	-1.5789747001053
0.92510002851486	-1.3993552485527
0.92979997396469	-1.1447652797042
0.93449997901917	-0.85964957958946
0.93919998407364	-0.58583377776722
0.94389998912811	-0.35516136110986
0.94859999418259	-0.18665174563146
0.95329999923706	-0.086516087452642
0.95800000429153	-0.049725451206683
0.96270000934601	-0.062488833141294
0.96740001440048	-0.10547839922779
0.97210001945496	-0.15767202941527
0.97680002450943	-0.20047440571900
0.98150002956390	-0.22132812089411
0.98619997501373	-0.21583966800106
0.99089998006821	-0.18767779002209
0.99559998512268	-0.14632953895697
1.0003000497818	-0.10362315318973
1.0049999952316	-0.070225200146874
1.0096999406815	-0.053052099303077
1.0144000053406	-0.054046723710805
1.0190999507904	-0.070292306464332
1.0238000154495	-0.095257534882978
1.0284999608994	-0.12078311218928
1.0332000255585	-0.13933108667034
1.0378999710083	-0.14594602487868
1.0426000356674	-0.13940742761742
1.0472999811172	-0.12225522294025
1.0520000457764	-0.099745354518770
1.0566999912262	-0.078144926481752
1.0614000558853	-0.062945769167104
1.0661000013351	-0.057461092613022
1.0707999467850	-0.062156748142224
1.0755000114441	-0.074754165941182
1.0801999568939	-0.091029439187354
1.0849000215530	-0.10606052018614
1.0895999670029	-0.11559155963771
1.0943000316620	-0.11716303723179
1.0989999771118	-0.11067521795328
1.1037000417709	-0.098273420297722
1.1083999872208	-0.083596558362436
1.1131000518799	-0.070669442078237
1.1177999973297	-0.062773146816657
1.1224999427795	-0.061624151911031
1.1272000074387	-0.067025039634170
1.1318999528885	-0.077024777883151
1.1366000175476	-0.088551275725772
1.1412999629974	-0.098295808421124
1.1460000276566	-0.10361723980871
1.1506999731064	-0.10323624567567
1.1554000377655	-0.097509840903670
1.1600999832153	-0.088249301277768
1.1648000478745	-0.078137152471857
1.1694999933243	-0.069936632151588
1.1742000579834	-0.065758269105283
1.1789000034332	-0.066538982743844
1.1835999488831	-0.071883260550778
1.1883000135422	-0.080257149076608
1.1929999589920	-0.089476345630907
1.1977000236511	-0.097335294441071
1.2023999691010	-0.10219491475482
1.2071000337601	-0.10339376710589
1.2117999792099	-0.10134635037804
1.2165000438690	-0.097323672118792
1.2211999893188	-0.093012717650023
1.2259000539780	-0.089981020663495
1.2305999994278	-0.089210643230008
1.2352999448776	-0.090839842530871
1.2400000095367	-0.094163545894847
1.2446999549866	-0.097878935919248
1.2494000196457	-0.10050438912621
1.2540999650955	-0.10083660876242
1.2588000297546	-0.098333913856730
1.2634999752045	-0.093274472510195
1.2682000398636	-0.086693108532462
1.2728999853134	-0.080082054778582
1.2776000499725	-0.074975012435426
1.2822999954224	-0.072520637667679
1.2869999408722	-0.073175947556539
1.2917000055313	-0.076586801647461
1.2963999509811	-0.081704094600519
1.3011000156403	-0.087079988659770
1.3057999610901	-0.091253487481009
1.3105000257492	-0.093158092289907
1.3151999711990	-0.092389265723649
1.3199000358582	-0.089298967765545
1.3245999813080	-0.084868337591134
1.3293000459671	-0.080410195519082
1.3339999914169	-0.077204384930899
1.3387000560760	-0.076140332257553
1.3434000015259	-0.077489280796864
1.3480999469757	-0.080853082881406
1.3528000116348	-0.085300452990589
1.3574999570847	-0.089630662753923
1.3622000217438	-0.092721686496587
1.3668999671936	-0.093840067969567
1.3716000318527	-0.092812995050663
1.3762999773026	-0.090087992628223
1.3810000419617	-0.086559376101544
1.3856999874115	-0.083322646230311
1.3904000520706	-0.081355778292804
1.3950999975204	-0.081252004452014
1.3997999429703	-0.083074033677157
1.4045000076294	-0.086348022944687
1.4091999530792	-0.090221115817339
1.4139000177383	-0.093702581913820
1.4185999631882	-0.095941956926280
1.4233000278473	-0.096462386753098
1.4279999732971	-0.095290276407401
1.4327000379562	-0.092921802367360
1.4373999834061	-0.090175171072867
1.4421000480652	-0.087952923583726
1.4467999935150	-0.086986073434048
1.4515000581741	-0.087641137854553
1.4562000036240	-0.089824134431913
1.4608999490738	-0.093020752739313
1.4656000137329	-0.096464855905828
1.4702999591827	-0.099341153690109
1.4750000238419	-0.10102287291052
1.4796999692917	-0.10124136022856
1.4844000339508	-0.10015225469722
1.4890999794006	-0.098273160104992
1.4938000440598	-0.096337999323752
1.4984999895096	-0.095086115756918
1.5032000541687	-0.095044895125431
1.5078999996185	-0.096403688431619
1.5125999450684	-0.098964809685466
1.5173000097275	-0.10220725911079
1.5219999551773	-0.10544864153379
1.5267000198364	-0.10803764915112
1.5313999652863	-0.10952645929760
1.5361000299454	-0.10980456179626
1.5407999753952	-0.10911546028859
1.5455000400543	-0.10797602179989
1.5501999855042	-0.10703689123396
1.5549000501633	-0.10687948524292
1.5595999956131	-0.10787524685754
1.5642999410629	-0.11008175898991
1.5690000057220	-0.11322994884113
1.5736999511719	-0.11682060164440
1.5784000158310	-0.12025894173013
1.5830999612808	-0.12303210033547
1.5878000259399	-0.12484703118778
1.5924999713898	-0.12570931472563
1.5972000360489	-0.12592056647833
1.6018999814987	-0.12597612508828
1.6066000461578	-0.12643587272563
1.6112999916077	-0.12775739701059
1.6160000562668	-0.13017894228597
1.6207000017166	-0.13365818465042
1.6253999471664	-0.13788897294472
1.6301000118256	-0.14239781251726
1.6347999572754	-0.14668703551649
1.6395000219345	-0.15036126880731
1.6441999673843	-0.15325354292266
1.6489000320435	-0.15545983624135
1.6535999774933	-0.15730421767355
1.6583000421524	-0.15925586563549
1.6629999876022	-0.16178758435995
1.6677000522614	-0.16523858753727
1.6723999977112	-0.16974221705391
1.6770999431610	-0.17517570296190
1.6818000078201	-0.18120935343490
1.6864999532700	-0.18740990559323
1.6912000179291	-0.19335008131300
1.6958999633789	-0.19873872528318
1.7006000280380	-0.20349816840576
1.7052999734879	-0.20778094185036
1.7100000381470	-0.21192017727182
1.7146999835968	-0.21633218810528
1.7194000482559	-0.22139627204035
1.7240999937057	-0.22734881895573
1.7288000583649	-0.23421658113062
1.7335000038147	-0.24180929773233
1.7381999492645	-0.24977581950682
1.7429000139236	-0.25770224495356
1.7475999593735	-0.26522047995998
1.7523000240326	-0.27210865919542
1.7569999694824	-0.27834527563044
1.7617000341415	-0.28410744302499
1.7663999795914	-0.28970862522753
1.7711000442505	-0.29550066235470
1.7757999897003	-0.30176891178464
1.7805000543594	-0.30864494614288
1.7851999998093	-0.31606762958091
1.7898999452591	-0.32379081272937
1.7946000099182	-0.33144864325947
1.7992999553680	-0.33865471519021
1.8040000200272	-0.34510314039083
1.8086999654770	-0.35064423299963
1.8134000301361	-0.35531728660936
1.8180999755859	-0.35933225286099
1.8228000402451	-0.36299848053328
1.8274999856949	-0.36663361508340
1.8322000503540	-0.37046653871494
1.8368999958038	-0.37457314167589
1.8415999412537	-0.37885248652361
1.8463000059128	-0.38305127055413
1.8509999513626	-0.38685067441320
1.8557000160217	-0.38993588654649
1.8603999614716	-0.39210449168984
1.8651000261307	-0.39331025546343
1.8697999715805	-0.39367996604201
1.8745000362396	-0.39347762923034
1.8791999816895	-0.39302965838680
1.8839000463486	-0.39263440956737
1.8885999917984	-0.39248151388308
1.8933000564575	-0.39260786870396
1.8980000019073	-0.39288782967652
1.9026999473572	-0.39307977393053
1.9074000120163	-0.39290215344456
1.9120999574661	-0.39211700967573
1.9168000221252	-0.39059878134549
1.9214999675751	-0.38837901314574
1.9262000322342	-0.38563791962499
1.9308999776840	-0.38265487172984
1.9356000423431	-0.37973421989425
1.9402999877930	-0.37712544822021
1.9450000524521	-0.37495041014248
1.9496999979019	-0.37318607688864
1.9543999433517	-0.37166525728388
1.9591000080109	-0.37014245132201
1.9637999534607	-0.36835499828420
1.9685000181198	-0.36610857392361
1.9731999635696	-0.36333729812867
1.9779000282288	-0.36011668850444
1.9825999736786	-0.35664752344637
1.9873000383377	-0.35320031315063
1.9919999837875	-0.35004261368983
1.9967000484467	-0.34735732364754
2.0013999938965	-0.34520235261478
2.0060999393463	-0.34349643947541
2.0107998847961	-0.34204145737396
2.0155000686646	-0.34058266015443
2.0202000141144	-0.33888634539532
2.0248999595642	-0.33680389404113
2.0295999050140	-0.33431596095917
2.0343000888824	-0.33153909464372
2.0390000343323	-0.32869291113511
2.0436999797821	-0.32603469407277
2.0483999252319	-0.32379061945353
2.0531001091003	-0.32209430206450
2.0578000545502	-0.32094753608207
2.0625000000000	-0.32021937627204
2.0671999454498	-0.31968926447077
2.0718998908997	-0.31911048530043
2.0766000747681	-0.31827843242291
2.0813000202179	-0.31709391262711
2.0859999656677	-0.31558521701852
2.0906999111176	-0.31390994002995
2.0954000949860	-0.31230306821101
2.1001000404358	-0.31101524944228
2.1047999858856	-0.31023903404812
2.1094999313354	-0.31005857587746
2.1142001152039	-0.31042424543031
2.1189000606537	-0.31116861546730
2.1236000061035	-0.31205658425794
2.1282999515533	-0.31285000926695
2.1329998970032	-0.31338116347475
2.1377000808716	-0.31359800299866
2.1424000263214	-0.31358811537714
2.1470999717712	-0.31354801080334
2.1517999172211	-0.31373394766548
2.1565001010895	-0.31439311423579
2.1612000465393	-0.31568632272428
2.1658999919891	-0.31764996338591
2.1705999374390	-0.32018609039373
2.1752998828888	-0.32308468534234
2.1800000667572	-0.32609509312527
2.1847000122070	-0.32898965875800
2.1893999576569	-0.33164182834370
2.1940999031067	-0.33406414045878
2.1988000869751	-0.33641206178133
2.2035000324249	-0.33894794478914
2.2081999778748	-0.34197000272643
2.2128999233246	-0.34573209747120
2.2176001071930	-0.35037398459455
2.2223000526428	-0.35587718768657
2.2269999980927	-0.36207642606894
2.2316999435425	-0.36870108832706
2.2363998889923	-0.37546391545377
2.2411000728607	-0.38214789148103
2.2458000183105	-0.38869040343367
2.2504999637604	-0.39521761551753
2.2551999092102	-0.40203788665003
2.2599000930786	-0.40956598029351
2.2646000385284	-0.41822139271804
2.2692999839783	-0.42829302789956
2.2739999294281	-0.43983471886539
2.2787001132965	-0.45258940669853
2.2834000587463	-0.46598817805720
2.2881000041962	-0.47920536449003
2.2927999496460	-0.49129366313283
2.2974998950958	-0.50134396297977
2.3022000789642	-0.50866637891817
2.3069000244141	-0.51292850836609
2.3115999698639	-0.51424239397976
2.3162999153137	-0.51316300639278
2.3210000991821	-0.51060270072804
2.3257000446320	-0.50768361437347
2.3303999900818	-0.50556294833424
2.3350999355316	-0.50525044931132
2.3397998809814	-0.50747741927993
2.3445000648499	-0.51262645474656
2.3492000102997	-0.52071585556655
2.3538999557495	-0.53145894496703
2.3585999011993	-0.54435639912474
2.3633000850677	-0.55881483516732
2.3680000305176	-0.57425451310411
2.3726999759674	-0.59020113555283
2.3773999214172	-0.60632681229627
2.3821001052856	-0.62246869237425
2.3868000507355	-0.63858467097261
2.3914999961853	-0.65471534374170
2.3961999416351	-0.67091845028175
2.4008998870850	-0.68722389210300
2.4056000709534	-0.70360496308641
2.4103000164032	-0.71997356710049
2.4149999618530	-0.73619589568507
2.4196999073029	-0.75211807561876
2.4244000911713	-0.76759651118635
2.4291000366211	-0.78252326102725
2.4337999820709	-0.79682993272761
2.4384999275208	-0.81048917887835
2.4432001113892	-0.82349718864735
2.4479000568390	-0.83585333244035
2.4526000022888	-0.84754245543866
2.4572999477386	-0.85852756447866
2.4619998931885	-0.86875046015360
2.4667000770569	-0.87813986142425
2.4714000225067	-0.88663097264608
2.4760999679565	-0.89417666993655
2.4807999134064	-0.90076255101823
2.4855000972748	-0.90640591183201
2.4902000427246	-0.91115008323367
2.4948999881744	-0.91505269646776
2.4995999336243	-0.91816931003501
2.5043001174927	-0.92054249285186
2.5090000629425	-0.92219424483129
2.5137000083923	-0.92313011885905
2.5183999538422	-0.92334864240046
2.5230998992920	-0.92285376237838
2.5278000831604	-0.92166751951299
2.5325000286102	-0.91983463306091
2.5371999740601	-0.91742508783280
2.5418999195099	-0.91452438999404
2.5466001033783	-0.91122309548346
2.5513000488281	-0.90760033626719
2.5559999942780	-0.90371468606790
2.5606999397278	-0.89959837217123
2.5653998851776	-0.89525905682871
2.5701000690460	-0.89069340555450
2.5748000144958	-0.88589736970036
2.5794999599457	-0.88087869019430
2.5841999053955	-0.87566574716780
2.5889000892639	-0.87031311066582
2.5936000347137	-0.86488529458028
2.5982999801636	-0.85945776496559
2.6029999256134	-0.85409386884642
2.6077001094818	-0.84883575659953
2.6124000549316	-0.84370054417617
2.6171000003815	-0.83867743395329
2.6217999458313	-0.83374149369008
2.6264998912811	-0.82885946068593
2.6312000751495	-0.82401086452208
2.6359000205994	-0.81919324982700
2.6405999660492	-0.81442970184251
2.6452999114990	-0.80976198275184
2.6500000953674	-0.80524516839673
2.6547000408173	-0.80093413871573
2.6593999862671	-0.79686241140275
2.6640999317169	-0.79304723609990
2.6688001155853	-0.78947067727845
2.6735000610352	-0.78610204721853
2.6782000064850	-0.78289608508189
2.6828999519348	-0.77981050353504
2.6875998973846	-0.77682452030914
2.6923000812531	-0.77393624193593
2.6970000267029	-0.77117230923787
2.7016999721527	-0.76857310312695
2.7063999176025	-0.76618916407516
2.7111001014709	-0.76405850135472
2.7158000469208	-0.76220425781466
2.7204999923706	-0.76061748358372
2.7251999378204	-0.75927355643149
2.7298998832703	-0.75812289268768
2.7346000671387	-0.75712076167983
2.7393000125885	-0.75622801133105
2.7439999580383	-0.75542815139467
2.7486999034882	-0.75473079742930
2.7534000873566	-0.75416778039884
2.7581000328064	-0.75378349697847
2.7627999782562	-0.75362442263547
2.7674999237061	-0.75372209558158
2.7722001075745	-0.75408510113768
2.7769000530243	-0.75469708897568
2.7815999984741	-0.75551995888443
2.7862999439240	-0.75650546180798
2.7909998893738	-0.75760549650254
2.7957000732422	-0.75879149360065
2.8004000186920	-0.76005607768161
2.8050999641418	-0.76141955807212
2.8097999095917	-0.76291941521393
2.8145000934601	-0.76460423051499
2.8192000389099	-0.76651782424003
2.8238999843597	-0.76868324471971
2.8285999298096	-0.77110343174155
2.8333001136780	-0.77375154459986
2.8380000591278	-0.77658754503029
2.8427000045776	-0.77956184469515
2.8473999500275	-0.78263515779510
2.8520998954773	-0.78578373074783
2.8568000793457	-0.78901662403577
2.8615000247955	-0.79235815265698
2.8661999702454	-0.79585526802701
2.8708999156952	-0.79955643547227
2.8756000995636	-0.80350202274195
2.8803000450134	-0.80770767346610
2.8849999904633	-0.81216719663158
2.8896999359131	-0.81684969779888
2.8943998813629	-0.82171048657421
2.8991000652313	-0.82670395608826
2.9038000106812	-0.83179572557509
2.9084999561310	-0.83697458197127
2.9131999015808	-0.84225506251416
2.9179000854492	-0.84767354882858
2.9226000308990	-0.85327916299750
2.9272999763489	-0.85911852484832
2.9319999217987	-0.86522551274435
2.9367001056671	-0.87160939849333
2.9414000511169	-0.87825469313739
2.9460999965668	-0.88512415877284
2.9507999420166	-0.89217101521044
2.9554998874664	-0.89935204638352
2.9602000713348	-0.90663892993307
2.9649000167847	-0.91402688300209
2.9695999622345	-0.92153831867998
2.9742999076843	-0.92921300803946
2.9790000915527	-0.93709974565034
2.9837000370026	-0.94524054028302
2.9883999824524	-0.95365926942920
2.9930999279022	-0.96235322956598
2.9978001117706	-0.97129728065957
3.0025000572205	-0.98044649412230
3.0072000026703	-0.98974827145261
3.0118999481201	-0.99916071206840
3.0165998935699	-1.0086561635243
3.0213000774384	-1.0182365139795
3.0260000228882	-1.0279263454146
3.0306999683380	-1.0377634621956
3.0353999137878	-1.0477921106990
3.0401000976562	-1.0580412896992
3.0448000431061	-1.0685230811267
3.0494999885559	-1.0792197724539
3.0541999340057	-1.0900891652386
3.0589001178741	-1.1010744016391
3.0636000633240	-1.1121147564708
3.0683000087738	-1.1231644670553
3.0729999542236	-1.1341956683703
3.0776998996735	-1.1452068216903
3.0824000835419	-1.1562201001306
3.0871000289917	-1.1672697626160
3.0917999744415	-1.1783845580744
3.0964999198914	-1.1895820128964
3.1012001037598	-1.2008529121539
3.1059000492096	-1.2121639288848
3.1105999946594	-1.2234545683789
3.1152999401093	-1.2346565401144
3.1199998855591	-1.2457037895328
3.1247000694275	-1.2565440550900
3.1294000148773	-1.2671521448784
3.1340999603271	-1.2775283090649
3.1387999057770	-1.2876921387706
3.1435000896454	-1.2976707920370
3.1482000350952	-1.3074896577887
3.1528999805450	-1.3171501732633
3.1575999259949	-1.3266332214233
3.1623001098633	-1.3358922900645
3.1670000553131	-1.3448624908044
3.1717000007629	-1.3534747639355
3.1763999462128	-1.3616692757180
3.1810998916626	-1.3694091839181
3.1858000755310	-1.3766846387649
3.1905000209808	-1.3835140301963
3.1951999664307	-1.3899329691121
3.1998999118805	-1.3959840779146
3.2046000957489	-1.4017005033360
3.2093000411987	-1.4070969348575
3.2139999866486	-1.4121617230239
3.2186999320984	-1.4168609763308
3.2234001159668	-1.4211505004358
3.2281000614166	-1.4249886556237
3.2328000068665	-1.4283477026117
3.2374999523163	-1.4312312817073
3.2421998977661	-1.4336696028881
3.2469000816345	-1.4357221418708
3.2516000270844	-1.4374630865698
3.2562999725342	-1.4389688498220
3.2609999179840	-1.4403029768048
3.2657001018524	-1.4415094674740
3.2704000473022	-1.4426075782661
3.2750999927521	-1.4435977373999
3.2797999382019	-1.4444751733172
3.2844998836517	-1.4452451497122
3.2892000675201	-1.4459314650796
3.2939000129700	-1.4465889215536
3.2985999584198	-1.4473029418806
3.3032999038696	-1.4481841544873
3.3080000877380	-1.4493546125140
3.3127000331879	-1.4509340134754
3.3173999786377	-1.4530296746209
3.3220999240875	-1.4557280643395
3.3268001079559	-1.4590940621536
3.3315000534058	-1.4631821983454
3.3361999988556	-1.4680483128512
3.3408999443054	-1.4737635163404
3.3455998897552	-1.4804279419844
3.3503000736237	-1.4881771798292
3.3550000190735	-1.4971797147861
3.3596999645233	-1.5076331751269
3.3643999099731	-1.5197486761424
3.3691000938416	-1.5337392954948
3.3738000392914	-1.5498077801989
3.3784999847412	-1.5681448540826
3.3831999301910	-1.5889282026022
3.3879001140594	-1.6123330606597
3.3926000595093	-1.6385461398572
3.3973000049591	-1.6677750814095
3.4019999504089	-1.7002610224080
3.4066998958588	-1.7362793897614
3.4114000797272	-1.7761329057503
3.4161000251770	-1.8201371577507
3.4207999706268	-1.8686006916994
3.4254999160767	-1.9218034933740
3.4302000999451	-1.9799698309422
3.4349000453949	-2.0432465112918
3.4395999908447	-2.1116954878227
3.4442999362946	-2.1852693339705
3.4489998817444	-2.2638097550848
3.4537000656128	-2.3470301557164
3.4584000110626	-2.4345005358495
3.4630999565125	-2.5256268375369
3.4677999019623	-2.6196252142144
3.4725000858307	-2.7155046300500
3.4772000312805	-2.8120417314355
3.4818999767303	-2.9077841096263
3.4865999221802	-3.0010758669338
3.4913001060486	-3.0901072629219
3.4960000514984	-3.1730053402884
3.5006999969482	-3.2479423046991
3.5053999423981	-3.3132651110647
3.5100998878479	-3.3676140707330
3.5148000717163	-3.4100252439437
3.5195000171661	-3.4399900019802
3.5241999626160	-3.4574609945606
3.5288999080658	-3.4628219643049
3.5336000919342	-3.4568090238281
3.5383000373840	-3.4404250861793
3.5429999828339	-3.4148396794258
3.5476999282837	-3.3813155144877
3.5524001121521	-3.3411399161177
3.5571000576019	-3.2955804011004
3.5618000030518	-3.2458609475195
3.5664999485016	-3.1931325048035
3.5711998939514	-3.1384610314645
3.5759000778198	-3.0828008384512
3.5806000232697	-3.0269850413533
3.5852999687195	-2.9717027691993
3.5899999141693	-2.9174956012295
3.5947000980377	-2.8647633077520
3.5994000434875	-2.8137744048836
3.6040999889374	-2.7646960081966
3.6087999343872	-2.7176205631578
3.6135001182556	-2.6726029121591
3.6182000637054	-2.6296810272067
3.6229000091553	-2.5888966753854
3.6275999546051	-2.5502990739822
3.6322999000549	-2.5139362545379
3.6370000839233	-2.4798474888529
3.6417000293732	-2.4480442995383
3.6463999748230	-2.4185016103205
3.6510999202728	-2.3911520661786
3.6558001041412	-2.3658960731961
3.6605000495911	-2.3426131841062
3.6651999950409	-2.3211801653486
3.6698999404907	-2.3014925374910
3.6745998859406	-2.2834766733921
3.6793000698090	-2.2670989115984
3.6840000152588	-2.2523598297473
3.6886999607086	-2.2392772778880
3.6933999061584	-2.2278763532713
3.6981000900269	-2.2181653693972
3.7028000354767	-2.2101280165568
3.7074999809265	-2.2037131810983
3.7121999263763	-2.1988474629343
3.7169001102448	-2.1954430470526
3.7216000556946	-2.1934225125755
3.7263000011444	-2.1927256346414
3.7309999465942	-2.1933341633626
3.7356998920441	-2.1952678785593
3.7404000759125	-2.1985783177024
3.7451000213623	-2.2033354799170
3.7497999668121	-2.2096112261470
3.7544999122620	-2.2174601041490
3.7592000961304	-2.2269076793097
3.7639000415802	-2.2379459625144
3.7685999870300	-2.2505452712380
3.7732999324799	-2.2646634684429
3.7780001163483	-2.2802719572471
3.7827000617981	-2.2973649345377
3.7874000072479	-2.3159798328149
3.7920999526978	-2.3361928727291
3.7967998981476	-2.3581126857415
3.8015000820160	-2.3818662450098
3.8062000274658	-2.4075758961646
3.8108999729156	-2.4353412232687
3.8155999183655	-2.4652328448275
3.8203001022339	-2.4972840162286
3.8250000476837	-2.5315020447759
3.8296999931335	-2.5678863750965
3.8343999385834	-2.6064466492664
3.8390998840332	-2.6472218349738
3.8438000679016	-2.6902905402646
3.8485000133514	-2.7357710172709
3.8531999588013	-2.7838119629493
3.8578999042511	-2.8345718182340
3.8626000881195	-2.8881946584691
3.8673000335693	-2.9447927018054
3.8719999790192	-3.0044296311668
3.8766999244690	-3.0671191473672
3.8814001083374	-3.1328410217049
3.8861000537872	-3.2015504369123
3.8907999992371	-3.2732057049122
3.8954999446869	-3.3477853614165
3.9001998901367	-3.4252953809453
3.9049000740051	-3.5057730740134
3.9096000194550	-3.5892590837678
3.9142999649048	-3.6757820218215
3.9189999103546	-3.7653241836002
3.9237000942230	-3.8577944922337
3.9284000396729	-3.9530147509892
3.9330999851227	-4.0507187803349
3.9377999305725	-4.1505653384001
3.9425001144409	-4.2521643650908
3.9472000598907	-4.3551031648216
3.9519000053406	-4.4589738396644
3.9565999507904	-4.5633818584941
3.9612998962402	-4.6679455687652
3.9660000801086	-4.7722645299647
3.9707000255585	-4.8759028536250
3.9753999710083	-4.9783455468953
3.9800999164581	-5.0789874541653
3.9848001003265	-5.1771245824764
3.9895000457764	-5.2719788512239
3.9941999912262	-5.3627456139628
3.9988999366760	-5.4486443251656
4.0036001205444	-5.5289773052807
4.0082998275757	-5.6031721301861
4.0130000114441	-5.6707973138449
4.0177001953125	-5.7315604325656
4.0223999023438	-5.7852744143431
4.0271000862122	-5.8318249572130
4.0317997932434	-5.8711395569326
4.0364999771118	-5.9031712135958
4.0412001609802	-5.9279150301434
4.0458998680115	-5.9454350439585
4.0506000518799	-5.9559145759013
4.0553002357483	-5.9596911012502
4.0599999427795	-5.9572786359830
4.0647001266479	-5.9493612915686
4.0693998336792	-5.9367592209403
4.0741000175476	-5.9203672900981
4.0788002014160	-5.9010916845447
4.0834999084473	-5.8797916207564
4.0882000923157	-5.8572458765018
4.0928997993469	-5.8341412464737
4.0975999832153	-5.8110883132214
4.1023001670837	-5.7886543201977
4.1069998741150	-5.7673996653116
4.1117000579834	-5.7478997362288
4.1163997650146	-5.7307509017559
4.1210999488831	-5.7165447481752
4.1258001327515	-5.7058282968246
4.1304998397827	-5.6990352198030
4.1352000236511	-5.6964312055296
4.1399002075195	-5.6980585576301
4.1445999145508	-5.7037073026595
4.1493000984192	-5.7129175395900
4.1539998054504	-5.7250007133426
4.1586999893188	-5.7390844057313
4.1634001731873	-5.7541729213288
4.1680998802185	-5.7692029287740
4.1728000640869	-5.7830939136960
4.1774997711182	-5.7947853202708
4.1821999549866	-5.8032602208316
4.1869001388550	-5.8075644480116
4.1915998458862	-5.8068294675026
4.1963000297546	-5.8003044878991
4.2010002136230	-5.7873993185057
4.2056999206543	-5.7677367808300
4.2104001045227	-5.7412079994494
4.2150998115540	-5.7080015930501
4.2197999954224	-5.6686078267742
4.2245001792908	-5.6237860262596
4.2291998863220	-5.5744932314044
4.2339000701904	-5.5217925436703
4.2385997772217	-5.4667471428157
4.2432999610901	-5.4103333919354
4.2480001449585	-5.3533800658563
4.2526998519897	-5.2965393392515
4.2574000358582	-5.2402972351115
4.2621002197266	-5.1850139228775
4.2667999267578	-5.1309720942691
4.2715001106262	-5.0784283830390
4.2761998176575	-5.0276491234438
4.2809000015259	-4.9789249409926
4.2856001853943	-4.9325499256725
4.2902998924255	-4.8888019844931
4.2950000762939	-4.8478981169399
4.2996997833252	-4.8099601424741
4.3043999671936	-4.7750028292569
4.3091001510620	-4.7429342684571
4.3137998580933	-4.7135878128182
4.3185000419617	-4.6867589496031
4.3232002258301	-4.6622610284030
4.3278999328613	-4.6399608302102
4.3326001167297	-4.6198079811849
4.3372998237610	-4.6018282211321
4.3420000076294	-4.5861087808944
4.3467001914978	-4.5727512730188
4.3513998985291	-4.5618324145352
4.3561000823975	-4.5533640222694
4.3607997894287	-4.5472718997114
4.3654999732971	-4.5434025366900
4.3702001571655	-4.5415455604071
4.3748998641968	-4.5414828725574
4.3796000480652	-4.5430254077385
4.3843002319336	-4.5460594321458
4.3889999389648	-4.5505645399907
4.3937001228333	-4.5566028823899
4.3983998298645	-4.5642934659943
4.4031000137329	-4.5737678871323
4.4078001976013	-4.5851188948305
4.4124999046326	-4.5983596304462
4.4172000885010	-4.6134159113262
4.4218997955322	-4.6301226400701
4.4265999794006	-4.6482658214239
4.4313001632690	-4.6676252180203
4.4359998703003	-4.6880276459456
4.4407000541687	-4.7093842733842
4.4454002380371	-4.7317068521439
4.4500999450684	-4.7550944826408
4.4548001289368	-4.7796941290583
4.4594998359680	-4.8056481731772
4.4642000198364	-4.8330420095374
4.4689002037048	-4.8618619244271
4.4735999107361	-4.8919841611671
4.4783000946045	-4.9231880649692
4.4829998016357	-4.9552037929062
4.4876999855042	-4.9877619414841
4.4924001693726	-5.0206599791562
4.4970998764038	-5.0537900014820
4.5018000602722	-5.0871582743038
4.5064997673035	-5.1208511022397
4.5111999511719	-5.1549941328146
4.5159001350403	-5.1896839797535
4.5205998420715	-5.2249282172854
4.5253000259399	-5.2606092232607
4.5300002098083	-5.2964831538132
4.5346999168396	-5.3322030858977
4.5394001007080	-5.3673896783089
4.5440998077393	-5.4016943711658
4.5487999916077	-5.4348695004728
4.5535001754761	-5.4668050786465
4.5581998825073	-5.4975373647664
4.5629000663757	-5.5272053235259
4.5675997734070	-5.5560027579412
4.5722999572754	-5.5841013346464
4.5770001411438	-5.6115994121191
4.5816998481750	-5.6385021830221
4.5864000320435	-5.6647404939808
4.5911002159119	-5.6902228855670
4.5957999229431	-5.7149228372879
4.6005001068115	-5.7389543964382
4.6051998138428	-5.7626320395006
4.6098999977112	-5.7864836377705
4.6146001815796	-5.8112179691210
4.6192998886108	-5.8376406225417
4.6240000724792	-5.8665419532556
4.6286997795105	-5.8985813195077
4.6333999633789	-5.9341814875147
4.6381001472473	-5.9734554950964
4.6427998542786	-6.0161882453819
4.6475000381470	-6.0618389654693
4.6522002220154	-6.1095857960736
4.6568999290466	-6.1583803574671
4.6616001129150	-6.2069823187372
4.6662998199463	-6.2539956274231
4.6710000038147	-6.2978679595489
4.6757001876831	-6.3368929856149
4.6803998947144	-6.3692167958768
4.6851000785828	-6.3928942340556
4.6897997856140	-6.4059910593207
4.6944999694824	-6.4067560201676
4.6992001533508	-6.3938303174062
4.7038998603821	-6.3664697822119
4.7086000442505	-6.3246978065324
4.7133002281189	-6.2693790436689
4.7179999351501	-6.2021694679670
4.7227001190186	-6.1253397102321
4.7273998260498	-6.0415349910664
4.7321000099182	-5.9535043791774
4.7368001937866	-5.8638587797840
4.7414999008179	-5.7748957648624
4.7462000846863	-5.6885123645942
4.7508997917175	-5.6061931204535
4.7555999755859	-5.5290611658861
4.7603001594543	-5.4579624938055
4.7649998664856	-5.3935618813393
4.7697000503540	-5.3364021370784
4.7744002342224	-5.2869478656004
4.7790999412537	-5.2455761375915
4.7838001251221	-5.2125427124550
4.7884998321533	-5.1879310185053
4.7932000160217	-5.1716050396359
4.7979001998901	-5.1631849932552
4.8025999069214	-5.1620568783259
4.8073000907898	-5.1674270741908
4.8119997978210	-5.1784023303404
4.8166999816895	-5.1940936795363
4.8214001655579	-5.2137076622683
4.8260998725891	-5.2366142316820
4.8308000564575	-5.2623679471846
4.8354997634888	-5.2906711557395
4.8401999473572	-5.3213040091927
4.8449001312256	-5.3540208738243
4.8495998382568	-5.3884627125112
4.8543000221252	-5.4240884637537
4.8590002059937	-5.4601700434596
4.8636999130249	-5.4958369969180
4.8684000968933	-5.5301727303903
4.8730998039246	-5.5623382116816
4.8777999877930	-5.5916805857772
4.8825001716614	-5.6178022027896
4.8871998786926	-5.6405791883135
4.8919000625610	-5.6600962080800
4.8965997695923	-5.6765484204191
4.9012999534607	-5.6901198655537
4.9060001373291	-5.7008734496535
4.9106998443604	-5.7087030823417
4.9154000282288	-5.7133437880650
4.9201002120972	-5.7144562571100
4.9247999191284	-5.7117485303286
4.9295001029968	-5.7051119095034
4.9341998100281	-5.6947296284942
4.9388999938965	-5.6811210274989
4.9436001777649	-5.6651112307398
4.9482998847961	-5.6477354581615
4.9530000686646	-5.6301009471194
4.9576997756958	-5.6132353193740
4.9623999595642	-5.5979755506861
4.9671001434326	-5.5849122193977
4.9717998504639	-5.5744002032031
4.9765000343323	-5.5666326826649
4.9812002182007	-5.5617512235879
4.9858999252319	-5.5599739307176
4.9906001091003	-5.5616770525325
4.9952998161316	-5.5674409626508
5.0000000000000	-5.5780148514283
#Parameters = {R_fat=48; R_glandular=38; R_skin_outer=50; T10=5; T15=7.5; T5=2.5; T_rad=4; T_x=10; T_y=0; T_z=75; Zc=65; skin_thickness=2; Mesh Pass=2}
#"Frequency / GHz"	"S1,1 (Mesh Pass=2) [Magnitude / dB]"
#-------------------------------------------------------
0.30000001192093	-9.0289207064119
0.30469998717308	-8.7368733106840
0.30939999222755	-8.4892202071530
0.31409999728203	-8.3496771441673
0.31880000233650	-8.3546567924157
0.32350000739098	-8.5133789535307
0.32820001244545	-8.8072035297757
0.33289998769760	-9.1833208016611
0.33759999275208	-9.5464658970837
0.34229999780655	-9.7679173067399
0.34700000286102	-9.7393991207689
0.35170000791550	-9.4526523365846
0.35640001296997	-9.0167731024137
0.36109998822212	-8.5882831096825
0.36579999327660	-8.2999509064746
0.37049999833107	-8.2423391979044
0.37520000338554	-8.4810291652834
0.37990000844002	-9.0854971155842
0.38460001349449	-10.166116677165
0.38929998874664	-11.939954471101
0.39399999380112	-14.910256898166
0.39869999885559	-20.604919175503
0.40340000391006	-27.279892556700
0.40810000896454	-17.094113704163
0.41280001401901	-11.867373348977
0.41749998927116	-8.7199123638434
0.42219999432564	-6.6684419944262
0.42689999938011	-5.3312686224290
0.43160000443459	-4.5048045398371
0.43630000948906	-4.0581158448966
0.44100001454353	-3.8999726327107
0.44569998979568	-3.9644690379963
0.45039999485016	-4.2004729328709
0.45509999990463	-4.5607413673368
0.45980000495911	-4.9902369642105
0.46450001001358	-5.4169242012916
0.46919998526573	-5.7544361162613
0.47389999032021	-5.9271822549743
0.47859999537468	-5.9094690187168
0.48330000042915	-5.7422878030635
0.48800000548363	-5.5069566636467
0.49270001053810	-5.2830625256998
0.49739998579025	-5.1241840379774
0.50209999084473	-5.0546705270497
0.50679999589920	-5.0751518423142
0.51150000095367	-5.1680789736709
0.51620000600815	-5.3015584518545
0.52090001106262	-5.4339555092985
0.52560001611710	-5.5226993664041
0.53030002117157	-5.5375563320371
0.53500002622604	-5.4722894505009
0.53969997167587	-5.3461962467235
0.54439997673035	-5.1940090125096
0.54909998178482	-5.0516930995520
0.55379998683929	-4.9461640838439
0.55849999189377	-4.8910637489512
0.56319999694824	-4.8865489732914
0.56790000200272	-4.9208734365739
0.57260000705719	-4.9731476405442
0.57730001211166	-5.0178941882429
0.58200001716614	-5.0317674770907
0.58670002222061	-5.0008919689230
0.59140002727509	-4.9254279310557
0.59609997272491	-4.8186326035111
0.60079997777939	-4.7011269788847
0.60549998283386	-4.5937472171897
0.61019998788834	-4.5120694993302
0.61489999294281	-4.4635473089397
0.61959999799728	-4.4468407012650
0.62430000305176	-4.4526706014649
0.62900000810623	-4.4660853724168
0.63370001316071	-4.4702019069827
0.63840001821518	-4.4509630206263
0.64310002326965	-4.4014230594234
0.64780002832413	-4.3237261945861
0.65249997377396	-4.2278100195851
0.65719997882843	-4.1276762177273
0.66189998388290	-4.0370326726424
0.66659998893738	-3.9658364766476
0.67129999399185	-3.9182897175160
0.67599999904633	-3.8922917502604
0.68070000410080	-3.8801560818874
0.68540000915527	-3.8705879919064
0.69010001420975	-3.8517063473481
0.69480001926422	-3.8144657007843
0.69950002431870	-3.7553283119766
0.70420002937317	-3.6771212968759
0.70889997482300	-3.5877874434379
0.71359997987747	-3.4976923595133
0.71829998493195	-3.4165955037811
0.72299998998642	-3.3512114568673
0.72769999504089	-3.3037484505262
0.73240000009537	-3.2715661336819
0.73710000514984	-3.2479580220624
0.74180001020432	-3.2239570776598
0.74650001525879	-3.1908629402673
0.75120002031326	-3.1427790651273
0.75590002536774	-3.0783263074837
0.76059997081757	-3.0008684489816
0.76529997587204	-2.9172708868244
0.76999998092651	-2.8357304865519
0.77469998598099	-2.7634679478420
0.77939999103546	-2.7048703701167
0.78409999608994	-2.6604875044564
0.78880000114441	-2.6269978763169
0.79350000619888	-2.5981685953166
0.79820001125336	-2.5666494032426
0.80290001630783	-2.5261252417642
0.80760002136230	-2.4732186672985
0.81230002641678	-2.4084353039093
0.81699997186661	-2.3358865242758
0.82169997692108	-2.2619156840567
0.82639998197556	-2.1931772341756
0.83109998703003	-2.1347619737819
0.83579999208450	-2.0888586623527
0.84049999713898	-2.0542436040716
0.84520000219345	-2.0267066125931
0.84990000724792	-2.0003396815626
0.85460001230240	-1.9693321457234
0.85930001735687	-1.9297909647827
0.86400002241135	-1.8809384161637
0.86870002746582	-1.8253041093604
0.87339997291565	-1.7678605278211
0.87809997797012	-1.7144409082188
0.88279998302460	-1.6699859936136
0.88749998807907	-1.6371215279218
0.89219999313354	-1.6154608645791
0.89689999818802	-1.6018034523111
0.90160000324249	-1.5912002528932
0.90630000829697	-1.5785951217825
0.91100001335144	-1.5605275229751
0.91570001840591	-1.5363380474159
0.92040002346039	-1.5084491565516
0.92510002851486	-1.4816109770005
0.92979997396469	-1.4613833233285
0.93449997901917	-1.4524048701376
0.93919998407364	-1.4569652901922
0.94389998912811	-1.4743331999217
0.94859999418259	-1.5010646024972
0.95329999923706	-1.5322582094097
0.95800000429153	-1.5633823120120
0.96270000934601	-1.5921522286899
0.96740001440048	-1.6197674794260
0.97210001945496	-1.6510321520775
0.97680002450943	-1.6932745403020
0.98150002956390	-1.7544231714347
0.98619997501373	-1.8408617473687
0.99089998006821	-1.9558112294621
0.99559998512268	-2.0987188928763
1.0003000497818	-2.2659885958193
1.0049999952316	-2.4530458531649
1.0096999406815	-2.6573243604158
1.0144000053406	-2.8814737764758
1.0190999507904	-3.1357629236807
1.0238000154495	-3.4388821014000
1.0284999608994	-3.8170400478189
1.0332000255585	-4.3020712776515
1.0378999710083	-4.9299489896372
1.0426000356674	-5.7411796996016
1.0472999811172	-6.7844658378514
1.0520000457764	-8.1250773488906
1.0566999912262	-9.8599706811964
1.0614000558853	-12.139432371420
1.0661000013351	-15.149414082372
1.0707999467850	-18.515815696445
1.0755000114441	-18.740519444035
1.0801999568939	-15.336603650794
1.0849000215530	-12.106050816792
1.0895999670029	-9.6327627413229
1.0943000316620	-7.7441247293255
1.0989999771118	-6.2866961672508
1.1037000417709	-5.1607045778934
1.1083999872208	-4.2978118183314
1.1131000518799	-3.6447859955345
1.1177999973297	-3.1548162147389
1.1224999427795	-2.7843512041687
1.1272000074387	-2.4937736321673
1.1318999528885	-2.2501580698909
1.1366000175476	-2.0302877798439
1.1412999629974	-1.8222480937345
1.1460000276566	-1.6245324367339
1.1506999731064	-1.4428772402057
1.1554000377655	-1.2858781087081
1.1600999832153	-1.1608118001619
1.1648000478745	-1.0707191006884
1.1694999933243	-1.0131869592085
1.1742000579834	-0.98080780166028
1.1789000034332	-0.96297318516872
1.1835999488831	-0.94848239138932
1.1883000135422	-0.92829510525295
1.1929999589920	-0.89764313562839
1.1977000236511	-0.85687630815424
1.2023999691010	-0.81076021672805
1.2071000337601	-0.76652248250761
1.2117999792099	-0.73138544995737
1.2165000438690	-0.71037892440725
1.2211999893188	-0.70502609741023
1.2259000539780	-0.71312502074908
1.2305999994278	-0.72952054832158
1.2352999448776	-0.74763194266756
1.2400000095367	-0.76130168172654
1.2446999549866	-0.76646699536894
1.2494000196457	-0.76220609075809
1.2540999650955	-0.75079224500385
1.2588000297546	-0.73681488081330
1.2634999752045	-0.72564418265352
1.2682000398636	-0.72180856792369
1.2728999853134	-0.72777042571964
1.2776000499725	-0.74336186932217
1.2822999954224	-0.76599318068072
1.2869999408722	-0.79147980535006
1.2917000055313	-0.81527493568915
1.2963999509811	-0.83374525390942
1.3011000156403	-0.84516877736977
1.3057999610901	-0.85014276825866
1.3105000257492	-0.85130243377858
1.3151999711990	-0.85242675308272
1.3199000358582	-0.85729314341085
1.3245999813080	-0.86860475041919
1.3293000459671	-0.88730622864887
1.3339999914169	-0.91244121322969
1.3387000560760	-0.94150992458923
1.3434000015259	-0.97123180846441
1.3480999469757	-0.99848971176269
1.3528000116348	-1.0212009684438
1.3574999570847	-1.0388781004604
1.3622000217438	-1.0527122221338
1.3668999671936	-1.0651591258824
1.3716000318527	-1.0791855674984
1.3762999773026	-1.0974078574829
1.3810000419617	-1.1214111390441
1.3856999874115	-1.1513728837980
1.3904000520706	-1.1861029606095
1.3950999975204	-1.2234356635246
1.3997999429703	-1.2608692012804
1.4045000076294	-1.2962760388280
1.4091999530792	-1.3284938774845
1.4139000177383	-1.3576434471209
1.4185999631882	-1.3850536058975
1.4233000278473	-1.4128651719952
1.4279999732971	-1.4434087452120
1.4327000379562	-1.4785805755023
1.4373999834061	-1.5193683600339
1.4421000480652	-1.5656458811939
1.4467999935150	-1.6162711661719
1.4515000581741	-1.6694405451505
1.4562000036240	-1.7232196092345
1.4608999490738	-1.7760843150838
1.4656000137329	-1.8273585682329
1.4702999591827	-1.8774072469267
1.4750000238419	-1.9275336157840
1.4796999692917	-1.9796220607361
1.4844000339508	-2.0356390508143
1.4890999794006	-2.0971226501031
1.4938000440598	-2.1648268119005
1.4984999895096	-2.2385684875155
1.5032000541687	-2.3173192904581
1.5078999996185	-2.3995193783873
1.5125999450684	-2.4835250402257
1.5173000097275	-2.5680815053290
1.5219999551773	-2.6527045473682
1.5267000198364	-2.7378379216309
1.5313999652863	-2.8247716108485
1.5361000299454	-2.9153153790283
1.5407999753952	-3.0113495387704
1.5455000400543	-3.1143559872495
1.5501999855042	-3.2250663738558
1.5549000501633	-3.3432979628365
1.5595999956131	-3.4680281479910
1.5642999410629	-3.5976845119423
1.5690000057220	-3.7305900584997
1.5736999511719	-3.8654592651255
1.5784000158310	-4.0018052799389
1.5830999612808	-4.1401365080873
1.5878000259399	-4.2818840388806
1.5924999713898	-4.4290638576888
1.5972000360489	-4.5837801726041
1.6018999814987	-4.7476929474093
1.6066000461578	-4.9215928995759
1.6112999916077	-5.1051991731181
1.6160000562668	-5.2972136830684
1.6207000017166	-5.4956781526045
1.6253999471664	-5.6985189911303
1.6301000118256	-5.9041804238007
1.6347999572754	-6.1121535350278
1.6395000219345	-6.3232248632526
1.6441999673843	-6.5393678025442
1.6489000320435	-6.7632800877762
1.6535999774933	-6.9977021448179
1.6583000421524	-7.2447007289862
1.6629999876022	-7.5051026705287
1.6677000522614	-7.7782401276841
1.6723999977112	-8.0620957275734
1.6770999431610	-8.3538404189144
1.6818000078201	-8.6506803481845
1.6864999532700	-8.9507798065074
1.6912000179291	-9.2539965926810
1.6958999633789	-9.5621408336720
1.7006000280380	-9.8786813943685
1.7052999734879	-10.207924277677
1.7100000381470	-10.553938467313
1.7146999835968	-10.919471430700
1.7194000482559	-11.305199756164
1.7240999937057	-11.709477217097
1.7288000583649	-12.128766589089
1.7335000038147	-12.558670253469
1.7381999492645	-12.995459977967
1.7429000139236	-13.437577133926
1.7475999593735	-13.886680863521
1.7523000240326	-14.347773217060
1.7569999694824	-14.828280583238
1.7617000341415	-15.336334853744
1.7663999795914	-15.878768893558
1.7711000442505	-16.459235202401
1.7757999897003	-17.076982177826
1.7805000543594	-17.726623431998
1.7851999998093	-18.399224503718
1.7898999452591	-19.084798231958
1.7946000099182	-19.775762337340
1.7992999553680	-20.470109341847
1.8040000200272	-21.172629425787
1.8086999654770	-21.892694516570
1.8134000301361	-22.638412175871
1.8180999755859	-23.407551789446
1.8228000402451	-24.176655144916
1.8274999856949	-24.891685338470
1.8322000503540	-25.469017422976
1.8368999958038	-25.819548285156
1.8415999412537	-25.893997025346
1.8463000059128	-25.713758750216
1.8509999513626	-25.353269998733
1.8557000160217	-24.894026665597
1.8603999614716	-24.392570166016
1.8651000261307	-23.874863065581
1.8697999715805	-23.345791977153
1.8745000362396	-22.802185826922
1.8791999816895	-22.243138077138
1.8839000463486	-21.674929237831
1.8885999917984	-21.110514520778
1.8933000564575	-20.565576230096
1.8980000019073	-20.053966972817
1.9026999473572	-19.584470506470
1.9074000120163	-19.159485609175
1.9120999574661	-18.775399490218
1.9168000221252	-18.424147352819
1.9214999675751	-18.095570154998
1.9262000322342	-17.780006865954
1.9308999776840	-17.470621677105
1.9356000423431	-17.164761456419
1.9402999877930	-16.864000052926
1.9450000524521	-16.572916973165
1.9496999979019	-16.297160658456
1.9543999433517	-16.041485678300
1.9591000080109	-15.808318745834
1.9637999534607	-15.597118123570
1.9685000181198	-15.404570952522
1.9731999635696	-15.225480982079
1.9779000282288	-15.054115478366
1.9825999736786	-14.885679450709
1.9873000383377	-14.717483786930
1.9919999837875	-14.549475682139
1.9967000484467	-14.383981390914
2.0013999938965	-14.224767852611
2.0060999393463	-14.075784926590
2.0107998847961	-13.939980599418
2.0155000686646	-13.818488702632
2.0202000141144	-13.710355081081
2.0248999595642	-13.612826733576
2.0295999050140	-13.522101959091
2.0343000888824	-13.434345511264
2.0390000343323	-13.346709761599
2.0436999797821	-13.258060497021
2.0483999252319	-13.169201326950
2.0531001091003	-13.082525889872
2.0578000545502	-13.001243417225
2.0625000000000	-12.928426371383
2.0671999454498	-12.866161191717
2.0718998908997	-12.815008117963
2.0766000747681	-12.773887332777
2.0813000202179	-12.740387649847
2.0859999656677	-12.711423334885
2.0906999111176	-12.684069688305
2.0954000949860	-12.656359120996
2.1001000404358	-12.627804746649
2.1047999858856	-12.599497227630
2.1094999313354	-12.573760432301
2.1142001152039	-12.553472342809
2.1189000606537	-12.541272936268
2.1236000061035	-12.538863648777
2.1282999515533	-12.546584926235
2.1329998970032	-12.563341809208
2.1377000808716	-12.586909374725
2.1424000263214	-12.614518208594
2.1470999717712	-12.643608084838
2.1517999172211	-12.672524059050
2.1565001010895	-12.700980824661
2.1612000465393	-12.730131877873
2.1658999919891	-12.762242038654
2.1705999374390	-12.800067447245
2.1752998828888	-12.846116681604
2.1800000667572	-12.901988789639
2.1847000122070	-12.967956395108
2.1893999576569	-13.042885903799
2.1940999031067	-13.124502409536
2.1988000869751	-13.209966006639
2.2035000324249	-13.296589425783
2.2081999778748	-13.382574766764
2.2128999233246	-13.467479342981
2.2176001071930	-13.552327587122
2.2223000526428	-13.639320402518
2.2269999980927	-13.731221375329
2.2316999435425	-13.830577070168
2.2363998889923	-13.939019625300
2.2411000728607	-14.056778048526
2.2458000183105	-14.182540495946
2.2504999637604	-14.313683081336
2.2551999092102	-14.446847107367
2.2599000930786	-14.578712393381
2.2646000385284	-14.706811492436
2.2692999839783	-14.830110113129
2.2739999294281	-14.949221170402
2.2787001132965	-15.066147948230
2.2834000587463	-15.183657155192
2.2881000041962	-15.304439643712
2.2927999496460	-15.430290937867
2.2974998950958	-15.561519142743
2.3022000789642	-15.696713242321
2.3069000244141	-15.832906628771
2.3115999698639	-15.966170079874
2.3162999153137	-16.092454807636
2.3210000991821	-16.208518874077
2.3257000446320	-16.312684263296
2.3303999900818	-16.405185263811
2.3350999355316	-16.488023545766
2.3397998809814	-16.564338965951
2.3445000648499	-16.637524346934
2.3492000102997	-16.710283743959
2.3538999557495	-16.783903702044
2.3585999011993	-16.857896374576
2.3633000850677	-16.930068412474
2.3680000305176	-16.997044689372
2.3726999759674	-17.055120052723
2.3773999214172	-17.101216258410
2.3821001052856	-17.133784198218
2.3868000507355	-17.153265263800
2.3914999961853	-17.162070124192
2.3961999416351	-17.164011559794
2.4008998870850	-17.163402567321
2.4056000709534	-17.164054566984
2.4103000164032	-17.168433108687
2.4149999618530	-17.177178917506
2.4196999073029	-17.189064516969
2.4244000911713	-17.201426836753
2.4291000366211	-17.210949081303
2.4337999820709	-17.214625119140
2.4384999275208	-17.210685450031
2.4432001113892	-17.199169324220
2.4479000568390	-17.182055862732
2.4526000022888	-17.162790810605
2.4572999477386	-17.145477313669
2.4619998931885	-17.133871471891
2.4667000770569	-17.130546008509
2.4714000225067	-17.136315471351
2.4760999679565	-17.150143536702
2.4807999134064	-17.169478197772
2.4855000972748	-17.190938172910
2.4902000427246	-17.211284735640
2.4948999881744	-17.228307519751
2.4995999336243	-17.241494383848
2.5043001174927	-17.252211131836
2.5090000629425	-17.263354115882
2.5137000083923	-17.278630399377
2.5183999538422	-17.301558094686
2.5230998992920	-17.334634970838
2.5278000831604	-17.378732075331
2.5325000286102	-17.432890674209
2.5371999740601	-17.494597223842
2.5418999195099	-17.560416942574
2.5466001033783	-17.626901503728
2.5513000488281	-17.691486100339
2.5559999942780	-17.753223986868
2.5606999397278	-17.813042453384
2.5653998851776	-17.873502675988
2.5701000690460	-17.938085828611
2.5748000144958	-18.010272506105
2.5794999599457	-18.092610628576
2.5841999053955	-18.186071166711
2.5889000892639	-18.289765631515
2.5936000347137	-18.401097848191
2.5982999801636	-18.516360340870
2.6029999256134	-18.631598210435
2.6077001094818	-18.743588366321
2.6124000549316	-18.850639662795
2.6171000003815	-18.952987980129
2.6217999458313	-19.052637679552
2.6264998912811	-19.152727061586
2.6312000751495	-19.256576122249
2.6359000205994	-19.366694739646
2.6405999660492	-19.484003855462
2.6452999114990	-19.607425068888
2.6500000953674	-19.733925454609
2.6547000408173	-19.859018647558
2.6593999862671	-19.977630604375
2.6640999317169	-20.085153227663
2.6688001155853	-20.178393298797
2.6735000610352	-20.256180466072
2.6782000064850	-20.319404274961
2.6828999519348	-20.370514439760
2.6875998973846	-20.412576236085
2.6923000812531	-20.448268016113
2.6970000267029	-20.478964678302
2.7016999721527	-20.504216532529
2.7063999176025	-20.521644472626
2.7111001014709	-20.527354531646
2.7158000469208	-20.516732627002
2.7204999923706	-20.485513260163
2.7251999378204	-20.430841641888
2.7298998832703	-20.352019482033
2.7346000671387	-20.250759883127
2.7393000125885	-20.130750930560
2.7439999580383	-19.996840481439
2.7486999034882	-19.853910195829
2.7534000873566	-19.705857193235
2.7581000328064	-19.554879689943
2.7627999782562	-19.401192683771
2.7674999237061	-19.243241162491
2.7722001075745	-19.078366928309
2.7769000530243	-18.903729411917
2.7815999984741	-18.717331641254
2.7862999439240	-18.518791994023
2.7909998893738	-18.309663255860
2.7957000732422	-18.093210364647
2.8004000186920	-17.873677674347
2.8050999641418	-17.655343937788
2.8097999095917	-17.441559499626
2.8145000934601	-17.234104052267
2.8192000389099	-17.032911580227
2.8238999843597	-16.836246036025
2.8285999298096	-16.641332336499
2.8333001136780	-16.445209364572
2.8380000591278	-16.245616954599
2.8427000045776	-16.041692655081
2.8473999500275	-15.834245871804
2.8520998954773	-15.625523628082
2.8568000793457	-15.418593899724
2.8615000247955	-15.216504850173
2.8661999702454	-15.021488829748
2.8708999156952	-14.834430325655
2.8756000995636	-14.654676685069
2.8803000450134	-14.480295725081
2.8849999904633	-14.308635428093
2.8896999359131	-14.137097099755
2.8943998813629	-13.963873827635
2.8991000652313	-13.788443508578
2.9038000106812	-13.611693380654
2.9084999561310	-13.435626234520
2.9131999015808	-13.262736758928
2.9179000854492	-13.095307736458
2.9226000308990	-12.934760256316
2.9272999763489	-12.781293634848
2.9319999217987	-12.633864676205
2.9367001056671	-12.490497952905
2.9414000511169	-12.348866241261
2.9460999965668	-12.206955810583
2.9507999420166	-12.063641756117
2.9554998874664	-11.918983471612
2.9602000713348	-11.774170972737
2.9649000167847	-11.631144133988
2.9695999622345	-11.491997482542
2.9742999076843	-11.358379411418
2.9790000915527	-11.231018855522
2.9837000370026	-11.109543890498
2.9883999824524	-10.992603313830
2.9930999279022	-10.878281411188
2.9978001117706	-10.764640286239
3.0025000572205	-10.650288246938
3.0072000026703	-10.534769525150
3.0118999481201	-10.418681965660
3.0165998935699	-10.303459078402
3.0213000774384	-10.190924720760
3.0260000228882	-10.082759141653
3.0306999683380	-9.9799911941876
3.0353999137878	-9.8827256474862
3.0401000976562	-9.7901228405292
3.0448000431061	-9.7006482131401
3.0494999885559	-9.6125344662458
3.0541999340057	-9.5242897960014
3.0589001178741	-9.4351278418679
3.0636000633240	-9.3451911676866
3.0683000087738	-9.2554776302491
3.0729999542236	-9.1675281881141
3.0776998996735	-9.0829486474621
3.0824000835419	-9.0029353573927
3.0871000289917	-8.9279215038015
3.0917999744415	-8.8574696322889
3.0964999198914	-8.7903961655221
3.1012001037598	-8.7251286978397
3.1059000492096	-8.6601579575375
3.1105999946594	-8.5944881548515
3.1152999401093	-8.5279140004590
3.1199998855591	-8.4610688214569
3.1247000694275	-8.3952089742650
3.1294000148773	-8.3318315897382
3.1340999603271	-8.2722047077896
3.1387999057770	-8.2170067310754
3.1435000896454	-8.1661151742603
3.1482000350952	-8.1186581876744
3.1528999805450	-8.0732584393567
3.1575999259949	-8.0284485114706
3.1623001098633	-7.9830949947213
3.1670000553131	-7.9367346230184
3.1717000007629	-7.8896885310251
3.1763999462128	-7.8429592406963
3.1810998916626	-7.7979010221961
3.1858000755310	-7.7558108505110
3.1905000209808	-7.7175304876968
3.1951999664307	-7.6831875717490
3.1998999118805	-7.6521634792070
3.2046000957489	-7.6232727776942
3.2093000411987	-7.5950965816914
3.2139999866486	-7.5664166032421
3.2186999320984	-7.5365614569185
3.2234001159668	-7.5055949090714
3.2281000614166	-7.4742807939677
3.2328000068665	-7.4438399535479
3.2374999523163	-7.4155538037263
3.2421998977661	-7.3903729219109
3.2469000816345	-7.3686173703066
3.2516000270844	-7.3498728230590
3.2562999725342	-7.3330942341432
3.2609999179840	-7.3169110072670
3.2657001018524	-7.3000212479553
3.2704000473022	-7.2815640548539
3.2750999927521	-7.2613674904838
3.2797999382019	-7.2399701799217
3.2844998836517	-7.2184373637140
3.2892000675201	-7.1980024393471
3.2939000129700	-7.1796699508594
3.2985999584198	-7.1638814094438
3.3032999038696	-7.1503520765657
3.3080000877380	-7.1381352499912
3.3127000331879	-7.1258684310588
3.3173999786377	-7.1121455423503
3.3220999240875	-7.0959299455992
3.3268001079559	-7.0768138380980
3.3315000534058	-7.0551160104634
3.3361999988556	-7.0317342063336
3.3408999443054	-7.0078196304011
3.3455998897552	-6.9843790473077
3.3503000736237	-6.9619115770227
3.3550000190735	-6.9402134380941
3.3596999645233	-6.9183919061977
3.3643999099731	-6.8950842143558
3.3691000938416	-6.8688316994507
3.3738000392914	-6.8384764286509
3.3784999847412	-6.8034703901799
3.3831999301910	-6.7640029708158
3.3879001140594	-6.7208852278131
3.3926000595093	-6.6752486941074
3.3973000049591	-6.6281512300639
3.4019999504089	-6.5802096910995
3.4066998958588	-6.5313819432096
3.4114000797272	-6.4809723048263
3.4161000251770	-6.4278172751410
3.4207999706268	-6.3706523276371
3.4254999160767	-6.3085063249213
3.4302000999451	-6.2409985903259
3.4349000453949	-6.1684837694959
3.4395999908447	-6.0919455781089
3.4442999362946	-6.0127153266885
3.4489998817444	-5.9321003596404
3.4537000656128	-5.8510332067683
3.4584000110626	-5.7698561326038
3.4630999565125	-5.6883004004655
3.4677999019623	-5.6056626409568
3.4725000858307	-5.5211202074008
3.4772000312805	-5.4340683975132
3.4818999767303	-5.3444107460703
3.4865999221802	-5.2526685514889
3.4913001060486	-5.1599174060170
3.4960000514984	-5.0675292891663
3.5006999969482	-4.9768715603335
3.5053999423981	-4.8889667541193
3.5100998878479	-4.8043134354760
3.5148000717163	-4.7228267477823
3.5195000171661	-4.6439817736760
3.5241999626160	-4.5670436884028
3.5288999080658	-4.4913803984547
3.5336000919342	-4.4167118256081
3.5383000373840	-4.3432474378955
3.5429999828339	-4.2716602100103
3.5476999282837	-4.2029276657898
3.5524001121521	-4.1380666383294
3.5571000576019	-4.0778625471377
3.5618000030518	-4.0226728217077
3.5664999485016	-3.9723459674773
3.5711998939514	-3.9262901665306
3.5759000778198	-3.8836574747267
3.5806000232697	-3.8436060428895
3.5852999687195	-3.8055320179316
3.5899999141693	-3.7692399348609
3.5947000980377	-3.7349900760519
3.5994000434875	-3.7033882098369
3.6040999889374	-3.6751915999849
3.6087999343872	-3.6510614793142
3.6135001182556	-3.6313573746754
3.6182000637054	-3.6160001521780
3.6229000091553	-3.6044913576850
3.6275999546051	-3.5960281667405
3.6322999000549	-3.5897188226832
3.6370000839233	-3.5848221086022
3.6417000293732	-3.5809313969432
3.6463999748230	-3.5780794460558
3.6510999202728	-3.5766916546839
3.6558001041412	-3.5774478679336
3.6605000495911	-3.5810453519294
3.6651999950409	-3.5879802761522
3.6698999404907	-3.5983822924912
3.6745998859406	-3.6119519031635
3.6793000698090	-3.6280389275084
3.6840000152588	-3.6458042255859
3.6886999607086	-3.6644555767507
3.6933999061584	-3.6834632592826
3.6981000900269	-3.7027015043627
3.7028000354767	-3.7224788260085
3.7074999809265	-3.7434337374229
3.7121999263763	-3.7663316663071
3.7169001102448	-3.7918310301468
3.7216000556946	-3.8202824120577
3.7263000011444	-3.8516070346898
3.7309999465942	-3.8853175072681
3.7356998920441	-3.9206420231913
3.7404000759125	-3.9567506695623
3.7451000213623	-3.9929835930115
3.7497999668121	-4.0290565985370
3.7544999122620	-4.0651384403760
3.7592000961304	-4.1018015708917
3.7639000415802	-4.1398562810494
3.7685999870300	-4.1801040529910
3.7732999324799	-4.2230968019182
3.7780001163483	-4.2689738015351
3.7827000617981	-4.3174047165968
3.7874000072479	-4.3676807775969
3.7920999526978	-4.4189178967807
3.7967998981476	-4.4703112080809
3.8015000820160	-4.5213734617450
3.8062000274658	-4.5720923687744
3.8108999729156	-4.6229321851176
3.8155999183655	-4.6747009789558
3.8203001022339	-4.7283108499601
3.8250000476837	-4.7844968568950
3.8296999931335	-4.8435920753827
3.8343999385834	-4.9054118841151
3.8390998840332	-4.9692881957141
3.8438000679016	-5.0342532197950
3.8485000133514	-5.0993090286597
3.8531999588013	-5.1637174486566
3.8578999042511	-5.2272249341124
3.8626000881195	-5.2901294617167
3.8673000335693	-5.3531949011572
3.8719999790192	-5.4174011458766
3.8766999244690	-5.4836347413513
3.8814001083374	-5.5523901279726
3.8861000537872	-5.6235865993448
3.8907999992371	-5.6965473747750
3.8954999446869	-5.7701526822869
3.9001998901367	-5.8431408137191
3.9049000740051	-5.9144475792038
3.9096000194550	-5.9835146596941
3.9142999649048	-6.0504294048761
3.9189999103546	-6.1158783175371
3.9237000942230	-6.1808994089383
3.9284000396729	-6.2465183609517
3.9330999851227	-6.3133840056260
3.9377999305725	-6.3815017979409
3.9425001144409	-6.4501625932645
3.9472000598907	-6.5180849450607
3.9519000053406	-6.5837401864329
3.9565999507904	-6.6457743504793
3.9612998962402	-6.7033902512057
3.9660000801086	-6.7565630319047
3.9707000255585	-6.8060264408074
3.9753999710083	-6.8530078494449
3.9800999164581	-6.8988064075500
3.9848001003265	-6.9443544689424
3.9895000457764	-6.9898822006510
3.9941999912262	-7.0348080568468
3.9988999366760	-7.0778815306715
4.0036001205444	-7.1175485430265
4.0082998275757	-7.1524301563725
4.0130000114441	-7.1817667796693
4.0177001953125	-7.2056848161840
4.0223999023438	-7.2251830502535
4.0271000862122	-7.2418470357780
4.0317997932434	-7.2573809848839
4.0364999771118	-7.2731100798244
4.0412001609802	-7.2896029522137
4.0458998680115	-7.3065411420634
4.0506000518799	-7.3228485539989
4.0553002357483	-7.3370794502302
4.0599999427795	-7.3479113061659
4.0647001266479	-7.3546292031050
4.0693998336792	-7.3574147578393
4.0741000175476	-7.3573528725544
4.0788002014160	-7.3561596860255
4.0834999084473	-7.3557062422299
4.0882000923157	-7.3575039118716
4.0928997993469	-7.3623021215619
4.0975999832153	-7.3699145049097
4.1023001670837	-7.3793240317905
4.1069998741150	-7.3890377816831
4.1117000579834	-7.3975868006465
4.1163997650146	-7.4040231715030
4.1210999488831	-7.4082683235544
4.1258001327515	-7.4111792183512
4.1304998397827	-7.4143272814174
4.1352000236511	-7.4195575821762
4.1399002075195	-7.4284559732069
4.1445999145508	-7.4419065751493
4.1493000984192	-7.4598481770044
4.1539998054504	-7.4813070469302
4.1586999893188	-7.5046985620859
4.1634001731873	-7.5283110059145
4.1680998802185	-7.5508427793683
4.1728000640869	-7.5718236661265
4.1774997711182	-7.5917819929287
4.1821999549866	-7.6121063972760
4.1869001388550	-7.6346399053667
4.1915998458862	-7.6611312293006
4.1963000297546	-7.6927191505590
4.2010002136230	-7.7295851515273
4.2056999206543	-7.7708857234886
4.2104001045227	-7.8149764730569
4.2150998115540	-7.8598847169934
4.2197999954224	-7.9038887765707
4.2245001792908	-7.9460450500991
4.2291998863220	-7.9864867027493
4.2339000701904	-8.0263905023332
4.2385997772217	-8.0676146662766
4.2432999610901	-8.1121264879606
4.2480001449585	-8.1613844197324
4.2526998519897	-8.2158669453975
4.2574000358582	-8.2748660980777
4.2621002197266	-8.3366332356679
4.2667999267578	-8.3988229919065
4.2715001106262	-8.4591456546979
4.2761998176575	-8.5160199235450
4.2809000015259	-8.5690296445124
4.2856001853943	-8.6190275612381
4.2902998924255	-8.6678240610489
4.2950000762939	-8.7175774309748
4.2996997833252	-8.7700603657436
4.3043999671936	-8.8260423288660
4.3091001510620	-8.8849466545736
4.3137998580933	-8.9449159655220
4.3185000419617	-9.0032619711540
4.3232002258301	-9.0572010007463
4.3278999328613	-9.1046700023047
4.3326001167297	-9.1449553783693
4.3372998237610	-9.1789244865474
4.3420000076294	-9.2087714569973
4.3467001914978	-9.2373558120824
4.3513998985291	-9.2673682884633
4.3561000823975	-9.3005626375277
4.3607997894287	-9.3373030765527
4.3654999732971	-9.3765236441926
4.3702001571655	-9.4161357886219
4.3748998641968	-9.4537634109644
4.3796000480652	-9.4875955208215
4.3843002319336	-9.5171099596183
4.3889999389648	-9.5433952755156
4.3937001228333	-9.5689848818363
4.3983998298645	-9.5972472545347
4.4031000137329	-9.6315153867429
4.4078001976013	-9.6742425911028
4.4124999046326	-9.7263945647728
4.4172000885010	-9.7872318006293
4.4218997955322	-9.8545569836104
4.4265999794006	-9.9253538520054
4.4313001632690	-9.9966905872265
4.4359998703003	-10.066622106993
4.4407000541687	-10.134828142921
4.4454002380371	-10.202759199429
4.4500999450684	-10.273234044234
4.4548001289368	-10.349633091655
4.4594998359680	-10.434892785519
4.4642000198364	-10.530635756976
4.4689002037048	-10.636633755498
4.4735999107361	-10.750759790375
4.4783000946045	-10.869465534027
4.4829998016357	-10.988714638552
4.4876999855042	-11.105125683908
4.4924001693726	-11.217000352834
4.4970998764038	-11.324888114127
4.5018000602722	-11.431461354533
4.5064997673035	-11.540767122524
4.5111999511719	-11.657020867500
4.5159001350403	-11.783362480911
4.5205998420715	-11.920891469548
4.5253000259399	-12.068229052309
4.5300002098083	-12.221737147650
4.5346999168396	-12.376413076683
4.5394001007080	-12.527242366622
4.5440998077393	-12.670726235608
4.5487999916077	-12.806004348403
4.5535001754761	-12.935214914510
4.5581998825073	-13.062948526089
4.5629000663757	-13.194886262711
4.5675997734070	-13.336161817130
4.5722999572754	-13.489849038020
4.5770001411438	-13.655975396180
4.5816998481750	-13.831299824020
4.5864000320435	-14.009981830023
4.5911002159119	-14.185051345547
4.5957999229431	-14.350380202401
4.6005001068115	-14.502566532693
4.6051998138428	-14.642100614324
4.6098999977112	-14.773312098922
4.6146001815796	-14.903104810970
4.6192998886108	-15.038927083890
4.6240000724792	-15.186595869193
4.6286997795105	-15.348593658985
4.6333999633789	-15.523146231030
4.6381001472473	-15.704395880482
4.6427998542786	-15.883617443035
4.6475000381470	-16.051457670943
4.6522002220154	-16.200613454024
4.6568999290466	-16.328094952897
4.6616001129150	-16.436275172768
4.6662998199463	-16.532166937556
4.6710000038147	-16.625309537753
4.6757001876831	-16.724943768918
4.6803998947144	-16.837379604172
4.6851000785828	-16.964188159868
4.6897997856140	-17.101488781680
4.6944999694824	-17.240569444018
4.6992001533508	-17.369830993390
4.7038998603821	-17.477821063658
4.7086000442505	-17.556666052439
4.7133002281189	-17.604608928411
4.7179999351501	-17.626726845641
4.7227001190186	-17.633365115721
4.7273998260498	-17.637038996528
4.7321000099182	-17.648887280138
4.7368001937866	-17.675742349634
4.7414999008179	-17.718351344322
4.7462000846863	-17.771020012316
4.7508997917175	-17.822779747044
4.7555999755859	-17.860114188349
4.7603001594543	-17.870785644406
4.7649998664856	-17.847777940037
4.7697000503540	-17.791816427230
4.7744002342224	-17.711322490271
4.7790999412537	-17.619837025551
4.7838001251221	-17.531947110066
4.7884998321533	-17.459284572761
4.7932000160217	-17.407557536482
4.7979001998901	-17.375131433530
4.8025999069214	-17.353313470616
4.8073000907898	-17.328375789409
4.8119997978210	-17.285252894457
4.8166999816895	-17.212104989707
4.8214001655579	-17.104310906983
4.8260998725891	-16.966117900447
4.8308000564575	-16.809152576642
4.8354997634888	-16.648475286824
4.8401999473572	-16.497819749855
4.8449001312256	-16.365675587288
4.8495998382568	-16.252967083391
4.8543000221252	-16.152710386223
4.8590002059937	-16.051677006810
4.8636999130249	-15.933928369922
4.8684000968933	-15.785618826791
4.8730998039246	-15.599544067638
4.8777999877930	-15.377571023433
4.8825001716614	-15.129766857007
4.8871998786926	-14.870687571007
4.8919000625610	-14.614590144149
4.8965997695923	-14.371302820848
4.9012999534607	-14.143861465920
4.9060001373291	-13.928187012836
4.9106998443604	-13.714644585778
4.9154000282288	-13.491212209467
4.9201002120972	-13.247484096408
4.9247999191284	-12.978280599607
4.9295001029968	-12.685562763594
4.9341998100281	-12.377837817437
4.9388999938965	-12.067433253133
4.9436001777649	-11.766868447628
4.9482998847961	-11.485605982460
4.9530000686646	-11.228007817179
4.9576997756958	-10.992764505453
4.9623999595642	-10.773723146951
4.9671001434326	-10.561896313270
4.9717998504639	-10.348194978234
4.9765000343323	-10.126230099128
4.9812002182007	-9.8942897367271
4.9858999252319	-9.6558097246792
4.9906001091003	-9.4181979806089
4.9952998161316	-9.1905120029693
5.0000000000000	-8.9808084682594
#Parameters = {R_fat=48; R_glandular=38; R_skin_outer=50; T10=5; T15=7.5; T5=2.5; T_rad=4; T_x=10; T_y=0; T_z=75; Zc=65; skin_thickness=2; Mesh Pass=3}
#"Frequency / GHz"	"S1,1 (Mesh Pass=3) [Magnitude / dB]"
#-------------------------------------------------------
0.30000001192093	-10.056600416767
0.30469998717308	-10.448996229377
0.30939999222755	-10.909965794809
0.31409999728203	-11.332833865990
0.31880000233650	-11.587516346936
0.32350000739098	-11.583031871428
0.32820001244545	-11.337710620883
0.33289998769760	-10.976117645230
0.33759999275208	-10.656204555585
0.34229999780655	-10.509784229110
0.34700000286102	-10.630765743432
0.35170000791550	-11.091267154085
0.35640001296997	-11.965780882659
0.36109998822212	-13.356211052971
0.36579999327660	-15.400986733701
0.37049999833107	-18.095986690671
0.37520000338554	-19.915324016188
0.37990000844002	-17.852383947266
0.38460001349449	-14.415836310099
0.38929998874664	-11.600076240991
0.39399999380112	-9.5111730021670
0.39869999885559	-8.0143010844053
0.40340000391006	-6.9977088357308
0.40810000896454	-6.3781717059504
0.41280001401901	-6.0893203139333
0.41749998927116	-6.0752848944615
0.42219999432564	-6.2874025456310
0.42689999938011	-6.6803961260583
0.43160000443459	-7.2059786325254
0.43630000948906	-7.8038419485706
0.44100001454353	-8.3938030295001
0.44569998979568	-8.8795578470873
0.45039999485016	-9.1764940265707
0.45509999990463	-9.2555096598824
0.45980000495911	-9.1625581773112
0.46450001001358	-8.9894140616224
0.46919998526573	-8.8261903951533
0.47389999032021	-8.7336057373129
0.47859999537468	-8.7388350416816
0.48330000042915	-8.8414162053850
0.48800000548363	-9.0196636291305
0.49270001053810	-9.2357483807084
0.49739998579025	-9.4419799990249
0.50209999084473	-9.5917335220171
0.50679999589920	-9.6545509986804
0.51150000095367	-9.6280650455532
0.51620000600815	-9.5377061576673
0.52090001106262	-9.4239817043921
0.52560001611710	-9.3264668759612
0.53030002117157	-9.2729624875236
0.53500002622604	-9.2754923438183
0.53969997167587	-9.3306367573301
0.54439997673035	-9.4219341890150
0.54909998178482	-9.5237474081024
0.55379998683929	-9.6072246255524
0.55849999189377	-9.6482971819738
0.56319999694824	-9.6354842675340
0.56790000200272	-9.5735719692401
0.57260000705719	-9.4808339772208
0.57730001211166	-9.3815349522808
0.58200001716614	-9.2978826170507
0.58670002222061	-9.2445121185498
0.59140002727509	-9.2261270008135
0.59609997272491	-9.2375533331359
0.60079997777939	-9.2655063392969
0.60549998283386	-9.2918884808663
0.61019998788834	-9.2985104654531
0.61489999294281	-9.2723721779878
0.61959999799728	-9.2096640750401
0.62430000305176	-9.1166024893382
0.62900000810623	-9.0066954359211
0.63370001316071	-8.8959288785367
0.63840001821518	-8.7980402120738
0.64310002326965	-8.7212806002111
0.64780002832413	-8.6670145373295
0.65249997377396	-8.6299026482708
0.65719997882843	-8.5994520603619
0.66189998388290	-8.5627419771411
0.66659998893738	-8.5079579043497
0.67129999399185	-8.4278282941332
0.67599999904633	-8.3217309885430
0.68070000410080	-8.1955621934388
0.68540000915527	-8.0595239304977
0.69010001420975	-7.9248547133474
0.69480001926422	-7.8007477106143
0.69950002431870	-7.6922434853895
0.70420002937317	-7.5993212426119
0.70889997482300	-7.5171674063091
0.71359997987747	-7.4375074037284
0.71829998493195	-7.3508265535882
0.72299998998642	-7.2490263166798
0.72769999504089	-7.1277762054340
0.73240000009537	-6.9877198527351
0.73710000514984	-6.8340981553784
0.74180001020432	-6.6749980047931
0.74650001525879	-6.5189749264057
0.75120002031326	-6.3728110387983
0.75590002536774	-6.2399578966816
0.76059997081757	-6.1198612749969
0.76529997587204	-6.0082282367255
0.76999998092651	-5.8981979927267
0.77469998598099	-5.7822022634961
0.77939999103546	-5.6541199831379
0.78409999608994	-5.5110763173633
0.78880000114441	-5.3542681602660
0.79350000619888	-5.1885504987376
0.79820001125336	-5.0209595482884
0.80290001630783	-4.8587740648886
0.80760002136230	-4.7076347600332
0.81230002641678	-4.5702098955420
0.81699997186661	-4.4455977386773
0.82169997692108	-4.3295915490179
0.82639998197556	-4.2157900889643
0.83109998703003	-4.0973629497349
0.83579999208450	-3.9690349594475
0.84049999713898	-3.8287076252586
0.84520000219345	-3.6781259167617
0.84990000724792	-3.5224042888748
0.85460001230240	-3.3686042515224
0.85930001735687	-3.2238169952439
0.86400002241135	-3.0933404637654
0.86870002746582	-2.9793270280409
0.87339997291565	-2.8802133579368
0.87809997797012	-2.7910712477608
0.88279998302460	-2.7049014442149
0.88749998807907	-2.6145984164109
0.89219999313354	-2.5150986516170
0.89689999818802	-2.4050591198729
0.90160000324249	-2.2874092583469
0.90630000829697	-2.1686411556627
0.91100001335144	-2.0570703920104
0.91570001840591	-1.9605966642323
0.92040002346039	-1.8846124066486
0.92510002851486	-1.8305374519145
0.92979997396469	-1.7953232516521
0.93449997901917	-1.7721552002528
0.93919998407364	-1.7522617977599
0.94389998912811	-1.7275312067172
0.94859999418259	-1.6931966664084
0.95329999923706	-1.6496963204712
0.95800000429153	-1.6030356874352
0.96270000934601	-1.5634736105788
0.96740001440048	-1.5429485267556
0.97210001945496	-1.5520975227778
0.97680002450943	-1.5976204612458
0.98150002956390	-1.6806649236137
0.98619997501373	-1.7966316872118
0.99089998006821	-1.9366250869562
0.99559998512268	-2.0904708802139
1.0003000497818	-2.2508693136225
1.0049999952316	-2.4176448772795
1.0096999406815	-2.6007863320479
1.0144000053406	-2.8211778924483
1.0190999507904	-3.1089527765938
1.0238000154495	-3.5005202269801
1.0284999608994	-4.0360372579447
1.0332000255585	-4.7591249691411
1.0378999710083	-5.7204976835734
1.0426000356674	-6.9876970462301
1.0472999811172	-8.6658707987841
1.0520000457764	-10.944146812717
1.0566999912262	-14.213248782612
1.0614000558853	-19.335567047564
1.0661000013351	-23.950584579556
1.0707999467850	-17.896989012797
1.0755000114441	-13.164986076182
1.0801999568939	-10.057466822139
1.0849000215530	-7.8367986993966
1.0895999670029	-6.1744182123510
1.0943000316620	-4.9069036754579
1.0989999771118	-3.9405396688500
1.1037000417709	-3.2127565450031
1.1083999872208	-2.6747074383141
1.1131000518799	-2.2834899066591
1.1177999973297	-1.9996284866456
1.1224999427795	-1.7876869256582
1.1272000074387	-1.6184076394061
1.1318999528885	-1.4709239709608
1.1366000175476	-1.3338152615052
1.1412999629974	-1.2043254504928
1.1460000276566	-1.0858816240689
1.1506999731064	-0.98468324007126
1.1554000377655	-0.90642268378992
1.1600999832153	-0.85393368102480
1.1648000478745	-0.82611563094495
1.1694999933243	-0.81817035814597
1.1742000579834	-0.82281502360132
1.1789000034332	-0.83210658159442
1.1835999488831	-0.83934639547867
1.1883000135422	-0.84056260692126
1.1929999589920	-0.83517924720620
1.1977000236511	-0.82567699464257
1.2023999691010	-0.81642858910200
1.2071000337601	-0.81214614318937
1.2117999792099	-0.81641849328391
1.2165000438690	-0.83074136573877
1.2211999893188	-0.85423898214218
1.2259000539780	-0.88406224339716
1.2305999994278	-0.91625950141239
1.2352999448776	-0.94692935119587
1.2400000095367	-0.97325387878773
1.2446999549866	-0.99419204467027
1.2494000196457	-1.0106163913781
1.2540999650955	-1.0249097085204
1.2588000297546	-1.0401232797148
1.2634999752045	-1.0590531965883
1.2682000398636	-1.0834532512262
1.2728999853134	-1.1136232429898
1.2776000499725	-1.1484218165640
1.2822999954224	-1.1856812172739
1.2869999408722	-1.2228711089595
1.2917000055313	-1.2578153130934
1.2963999509811	-1.2892905682662
1.3011000156403	-1.3173122221565
1.3057999610901	-1.3430494734987
1.3105000257492	-1.3684201388498
1.3151999711990	-1.3955011142142
1.3199000358582	-1.4259283983419
1.3245999813080	-1.4604794683526
1.3293000459671	-1.4989206229702
1.3339999914169	-1.5401401761319
1.3387000560760	-1.5825155184072
1.3434000015259	-1.6244003585824
1.3480999469757	-1.6645951603062
1.3528000116348	-1.7026661464002
1.3574999570847	-1.7390440173231
1.3622000217438	-1.7748624559341
1.3668999671936	-1.8116099321277
1.3716000318527	-1.8507100266050
1.3762999773026	-1.8931416229141
1.3810000419617	-1.9392125687986
1.3856999874115	-1.9885307791502
1.3904000520706	-2.0401667937051
1.3950999975204	-2.0929494381482
1.3997999429703	-2.1458265479583
1.4045000076294	-2.1981663503610
1.4091999530792	-2.2499306131587
1.4139000177383	-2.3016943395228
1.4185999631882	-2.3544669183269
1.4233000278473	-2.4094308962388
1.4279999732971	-2.4676267467659
1.4327000379562	-2.5297149750260
1.4373999834061	-2.5958359858003
1.4421000480652	-2.6656389939278
1.4467999935150	-2.7384149740387
1.4515000581741	-2.8133446750068
1.4562000036240	-2.8897551249248
1.4608999490738	-2.9673364488450
1.4656000137329	-3.0462444234510
1.4702999591827	-3.1270910477672
1.4750000238419	-3.2108011295214
1.4796999692917	-3.2983982002103
1.4844000339508	-3.3907680793450
1.4890999794006	-3.4884834136901
1.4938000440598	-3.5916954340611
1.4984999895096	-3.7001679015626
1.5032000541687	-3.8133850911913
1.5078999996185	-3.9307513324926
1.5125999450684	-4.0517986085170
1.5173000097275	-4.1763628975888
1.5219999551773	-4.3046879197651
1.5267000198364	-4.4374057481876
1.5313999652863	-4.5754336503426
1.5361000299454	-4.7197850379704
1.5407999753952	-4.8713680821796
1.5455000400543	-5.0308086660693
1.5501999855042	-5.1983533423029
1.5549000501633	-5.3738635963233
1.5595999956131	-5.5569161771754
1.5642999410629	-5.7469777450361
1.5690000057220	-5.9436133773800
1.5736999511719	-6.1466842284341
1.5784000158310	-6.3564604151252
1.5830999612808	-6.5736483567230
1.5878000259399	-6.7992905547376
1.5924999713898	-7.0345813703875
1.5972000360489	-7.2806382312374
1.6018999814987	-7.5382921005554
1.6066000461578	-7.8079410815258
1.6112999916077	-8.0895262320077
1.6160000562668	-8.3826189045394
1.6207000017166	-8.6866340992625
1.6253999471664	-9.0010984351012
1.6301000118256	-9.3259221502383
1.6347999572754	-9.6615960796135
1.6395000219345	-10.009250323570
1.6441999673843	-10.370553047708
1.6489000320435	-10.747472604398
1.6535999774933	-11.141955091458
1.6583000421524	-11.555613183706
1.6629999876022	-11.989498883695
1.6677000522614	-12.444047341938
1.6723999977112	-12.919219539816
1.6770999431610	-13.414843120563
1.6818000078201	-13.931071802310
1.6864999532700	-14.468902221001
1.6912000179291	-15.030585678238
1.6958999633789	-15.619798376001
1.7006000280380	-16.241602431455
1.7052999734879	-16.902109376823
1.7100000381470	-17.608043981132
1.7146999835968	-18.366286934513
1.7194000482559	-19.183620367776
1.7240999937057	-20.066803334730
1.7288000583649	-21.023118804775
1.7335000038147	-22.061529625772
1.7381999492645	-23.194398782343
1.7429000139236	-24.439704006150
1.7475999593735	-25.823244670038
1.7523000240326	-27.379363250063
1.7569999694824	-29.145065819900
1.7617000341415	-31.128342804942
1.7663999795914	-33.186713410149
1.7711000442505	-34.723457132228
1.7757999897003	-34.754976373824
1.7805000543594	-33.338689376919
1.7851999998093	-31.473523838962
1.7898999452591	-29.719283825517
1.7946000099182	-28.203092884521
1.7992999553680	-26.912325241753
1.8040000200272	-25.806382869838
1.8086999654770	-24.845918551644
1.8134000301361	-23.999105557347
1.8180999755859	-23.242255502584
1.8228000402451	-22.558738017951
1.8274999856949	-21.937621074543
1.8322000503540	-21.371987004944
1.8368999958038	-20.857326124231
1.8415999412537	-20.390166000741
1.8463000059128	-19.967056852044
1.8509999513626	-19.584013060358
1.8557000160217	-19.236423879485
1.8603999614716	-18.919263882513
1.8651000261307	-18.627557247659
1.8697999715805	-18.356968349108
1.8745000362396	-18.104197458591
1.8791999816895	-17.867271611707
1.8839000463486	-17.645461110588
1.8885999917984	-17.438970924705
1.8933000564575	-17.248474902461
1.8980000019073	-17.074572016137
1.9026999473572	-16.917387814075
1.9074000120163	-16.776329292787
1.9120999574661	-16.650100216795
1.9168000221252	-16.536886062955
1.9214999675751	-16.434706859245
1.9262000322342	-16.341812468652
1.9308999776840	-16.256999514968
1.9356000423431	-16.179812144482
1.9402999877930	-16.110510111934
1.9450000524521	-16.049901963518
1.9496999979019	-15.999005280573
1.9543999433517	-15.958720692428
1.9591000080109	-15.929536579576
1.9637999534607	-15.911368980833
1.9685000181198	-15.903569160571
1.9731999635696	-15.905075713122
1.9779000282288	-15.914666527461
1.9825999736786	-15.931263536964
1.9873000383377	-15.954188691226
1.9919999837875	-15.983312185661
1.9967000484467	-16.019057948302
2.0013999938965	-16.062262681664
2.0060999393463	-16.113932764413
2.0107998847961	-16.174967944615
2.0155000686646	-16.245915185765
2.0202000141144	-16.326818458714
2.0248999595642	-16.417194928094
2.0295999050140	-16.516132032649
2.0343000888824	-16.622490454096
2.0390000343323	-16.735152104707
2.0436999797821	-16.853247637296
2.0483999252319	-16.976316142930
2.0531001091003	-17.104334818437
2.0578000545502	-17.237624425800
2.0625000000000	-17.376647609610
2.0671999454498	-17.521744387988
2.0718998908997	-17.672890578684
2.0766000747681	-17.829491018674
2.0813000202179	-17.990302751834
2.0859999656677	-18.153460849674
2.0906999111176	-18.316630370450
2.0954000949860	-18.477224407893
2.1001000404358	-18.632658223228
2.1047999858856	-18.780570380899
2.1094999313354	-18.918949064689
2.1142001152039	-19.046181824879
2.1189000606537	-19.160962908536
2.1236000061035	-19.262150750891
2.1282999515533	-19.348583547283
2.1329998970032	-19.418967952578
2.1377000808716	-19.471808647213
2.1424000263214	-19.505456953791
2.1470999717712	-19.518274281834
2.1517999172211	-19.508841754760
2.1565001010895	-19.476269726854
2.1612000465393	-19.420386438814
2.1658999919891	-19.341916218444
2.1705999374390	-19.242468418116
2.1752998828888	-19.124445102055
2.1800000667572	-18.990761491883
2.1847000122070	-18.844546332130
2.1893999576569	-18.688792480541
2.1940999031067	-18.526107327386
2.1988000869751	-18.358524763511
2.2035000324249	-18.187471624167
2.2081999778748	-18.013879527792
2.2128999233246	-17.838355019680
2.2176001071930	-17.661415542751
2.2223000526428	-17.483696409777
2.2269999980927	-17.306110953009
2.2316999435425	-17.129868707112
2.2363998889923	-16.956386079371
2.2411000728607	-16.787143599239
2.2458000183105	-16.623449076249
2.2504999637604	-16.466259406504
2.2551999092102	-16.316067906247
2.2599000930786	-16.172869627299
2.2646000385284	-16.036252945327
2.2692999839783	-15.905575938472
2.2739999294281	-15.780155317482
2.2787001132965	-15.659502645625
2.2834000587463	-15.543444165449
2.2881000041962	-15.432168296904
2.2927999496460	-15.326171242769
2.2974998950958	-15.226107786538
2.3022000789642	-15.132608216173
2.3069000244141	-15.046092804038
2.3115999698639	-14.966662590654
2.3162999153137	-14.894049061788
2.3210000991821	-14.827679878819
2.3257000446320	-14.766828419126
2.3303999900818	-14.710767359385
2.3350999355316	-14.658966746416
2.3397998809814	-14.611196271999
2.3445000648499	-14.567561296136
2.3492000102997	-14.528449240949
2.3538999557495	-14.494405972120
2.3585999011993	-14.465951375421
2.3633000850677	-14.443426040523
2.3680000305176	-14.426892824431
2.3726999759674	-14.416107109389
2.3773999214172	-14.410570201509
2.3821001052856	-14.409647949008
2.3868000507355	-14.412752000854
2.3914999961853	-14.419472214546
2.3961999416351	-14.429684224863
2.4008998870850	-14.443565444878
2.4056000709534	-14.461549465774
2.4103000164032	-14.484179393993
2.4149999618530	-14.511966236300
2.4196999073029	-14.545245414196
2.4244000911713	-14.584081381606
2.4291000366211	-14.628255088496
2.4337999820709	-14.677321856949
2.4384999275208	-14.730734291095
2.4432001113892	-14.787990268945
2.4479000568390	-14.848783975615
2.4526000022888	-14.913074923523
2.4572999477386	-14.981115673392
2.4619998931885	-15.053387618815
2.4667000770569	-15.130452739003
2.4714000225067	-15.212832857442
2.4760999679565	-15.300856994175
2.4807999134064	-15.394579900145
2.4855000972748	-15.493772680625
2.4902000427246	-15.597980502377
2.4948999881744	-15.706647715653
2.4995999336243	-15.819263837202
2.5043001174927	-15.935507332703
2.5090000629425	-16.055314346372
2.5137000083923	-16.178894275331
2.5183999538422	-16.306664002432
2.5230998992920	-16.439120247181
2.5278000831604	-16.576673330616
2.5325000286102	-16.719515246469
2.5371999740601	-16.867520953007
2.5418999195099	-17.020227476469
2.5466001033783	-17.176893517920
2.5513000488281	-17.336601871258
2.5559999942780	-17.498432260914
2.5606999397278	-17.661567429996
2.5653998851776	-17.825400620436
2.5701000690460	-17.989547871667
2.5748000144958	-18.153768692177
2.5794999599457	-18.317844325596
2.5841999053955	-18.481401207957
2.5889000892639	-18.643756714989
2.5936000347137	-18.803809306127
2.5982999801636	-18.959997568473
2.6029999256134	-19.110357073452
2.6077001094818	-19.252648136215
2.6124000549316	-19.384535361315
2.6171000003815	-19.503769109613
2.6217999458313	-19.608362643768
2.6264998912811	-19.696678698355
2.6312000751495	-19.767455640801
2.6359000205994	-19.819761863953
2.6405999660492	-19.852902274916
2.6452999114990	-19.866317620495
2.6500000953674	-19.859507257268
2.6547000408173	-19.831987376857
2.6593999862671	-19.783350169901
2.6640999317169	-19.713353811637
2.6688001155853	-19.622033850059
2.6735000610352	-19.509857219871
2.6782000064850	-19.377789591549
2.6828999519348	-19.227314543310
2.6875998973846	-19.060396005226
2.6923000812531	-18.879300488068
2.6970000267029	-18.686413978972
2.7016999721527	-18.484063738080
2.7063999176025	-18.274276067747
2.7111001014709	-18.058715933393
2.7158000469208	-17.838640174959
2.7204999923706	-17.614932531531
2.7251999378204	-17.388237549771
2.7298998832703	-17.159109601843
2.7346000671387	-16.928128376058
2.7393000125885	-16.696020340107
2.7439999580383	-16.463678628037
2.7486999034882	-16.232097620259
2.7534000873566	-16.002292772325
2.7581000328064	-15.775173767500
2.7627999782562	-15.551410203017
2.7674999237061	-15.331376746633
2.7722001075745	-15.115152332295
2.7769000530243	-14.902554816035
2.7815999984741	-14.693277511405
2.7862999439240	-14.486988885241
2.7909998893738	-14.283484541451
2.7957000732422	-14.082739130258
2.8004000186920	-13.884932970019
2.8050999641418	-13.690400496070
2.8097999095917	-13.499544022810
2.8145000934601	-13.312709195034
2.8192000389099	-13.130097485349
2.8238999843597	-12.951705288493
2.8285999298096	-12.777315258517
2.8333001136780	-12.606562557329
2.8380000591278	-12.439021264379
2.8427000045776	-12.274305668140
2.8473999500275	-12.112171589488
2.8520998954773	-11.952558162802
2.8568000793457	-11.795581976732
2.8615000247955	-11.641484568957
2.8661999702454	-11.490544121585
2.8708999156952	-11.342977840607
2.8756000995636	-11.198861623929
2.8803000450134	-11.058101281184
2.8849999904633	-10.920451567804
2.8896999359131	-10.785567470892
2.8943998813629	-10.653096257433
2.8991000652313	-10.522758494497
2.9038000106812	-10.394418674713
2.9084999561310	-10.268105891344
2.9131999015808	-10.143979669554
2.9179000854492	-10.022285855990
2.9226000308990	-9.9032552006497
2.9272999763489	-9.7870330161196
2.9319999217987	-9.6736294794245
2.9367001056671	-9.5629065553747
2.9414000511169	-9.4546149712458
2.9460999965668	-9.3484593551816
2.9507999420166	-9.2441678241490
2.9554998874664	-9.1415773121728
2.9602000713348	-9.0406515809940
2.9649000167847	-8.9414998746586
2.9695999622345	-8.8443195297955
2.9742999076843	-8.7493388345000
2.9790000915527	-8.6567353190709
2.9837000370026	-8.5665837978320
2.9883999824524	-8.4788307837162
2.9930999279022	-8.3933047959794
2.9978001117706	-8.3097629741672
3.0025000572205	-8.2279526971674
3.0072000026703	-8.1476924223458
3.0118999481201	-8.0689005327326
3.0165998935699	-7.9916317836844
3.0213000774384	-7.9160327476488
3.0260000228882	-7.8423054313723
3.0306999683380	-7.7706358042041
3.0353999137878	-7.7011338269526
3.0401000976562	-7.6337995156459
3.0448000431061	-7.5685144825445
3.0494999885559	-7.5050775869891
3.0541999340057	-7.4432586557489
3.0589001178741	-7.3828595900040
3.0636000633240	-7.3237726946710
3.0683000087738	-7.2659944723622
3.0729999542236	-7.2096311037363
3.0776998996735	-7.1548508172923
3.0824000835419	-7.1018336678962
3.0871000289917	-7.0507084426416
3.0917999744415	-7.0015160127612
3.0964999198914	-6.9541765106040
3.1012001037598	-6.9085332596172
3.1059000492096	-6.8643747302499
3.1105999946594	-6.8214952507608
3.1152999401093	-6.7797615861765
3.1199998855591	-6.7391311227573
3.1247000694275	-6.6996679589497
3.1294000148773	-6.6615089677147
3.1340999603271	-6.6248234716049
3.1387999057770	-6.5897493102031
3.1435000896454	-6.5563519216996
3.1482000350952	-6.5245943989628
3.1528999805450	-6.4943492282366
3.1575999259949	-6.4654226050875
3.1623001098633	-6.4376142519973
3.1670000553131	-6.4107667859493
3.1717000007629	-6.3848063621426
3.1763999462128	-6.3597567401899
3.1810998916626	-6.3357294733001
3.1858000755310	-6.3128732332345
3.1905000209808	-6.2913267696232
3.1951999664307	-6.2711749841051
3.1998999118805	-6.2524028026895
3.2046000957489	-6.2349078646957
3.2093000411987	-6.2185065726369
3.2139999866486	-6.2029999105826
3.2186999320984	-6.1881976679645
3.2234001159668	-6.1739936159251
3.2281000614166	-6.1603665484438
3.2328000068665	-6.1473823345645
3.2374999523163	-6.1351579041303
3.2421998977661	-6.1238224235512
3.2469000816345	-6.1134517512640
3.2516000270844	-6.1040395239212
3.2562999725342	-6.0954803375680
3.2609999179840	-6.0875880907247
3.2657001018524	-6.0801255822571
3.2704000473022	-6.0728726347798
3.2750999927521	-6.0656518638526
3.2797999382019	-6.0583713818774
3.2844998836517	-6.0510273056160
3.2892000675201	-6.0436720583658
3.2939000129700	-6.0363749464415
3.2985999584198	-6.0291709080138
3.3032999038696	-6.0220049070997
3.3080000877380	-6.0147347134709
3.3127000331879	-6.0071159822618
3.3173999786377	-5.9988445551056
3.3220999240875	-5.9896152320374
3.3268001079559	-5.9791499487695
3.3315000534058	-5.9672580972768
3.3361999988556	-5.9538282534174
3.3408999443054	-5.9388160557860
3.3455998897552	-5.9222078162271
3.3503000736237	-5.9039645574112
3.3550000190735	-5.8839779407311
3.3596999645233	-5.8620464016432
3.3643999099731	-5.8378859873858
3.3691000938416	-5.8111540856665
3.3738000392914	-5.7815046379489
3.3784999847412	-5.7486476499588
3.3831999301910	-5.7123819617678
3.3879001140594	-5.6726179145744
3.3926000595093	-5.6293715257527
3.3973000049591	-5.5827210006439
3.4019999504089	-5.5327640964007
3.4066998958588	-5.4795731038560
3.4114000797272	-5.4231776458970
3.4161000251770	-5.3635545164888
3.4207999706268	-5.3006659563998
3.4254999160767	-5.2345024597469
3.4302000999451	-5.1651376866636
3.4349000453949	-5.0927564049685
3.4395999908447	-5.0176771583889
3.4442999362946	-4.9403331411162
3.4489998817444	-4.8612322121746
3.4537000656128	-4.7809039627769
3.4584000110626	-4.6998596788776
3.4630999565125	-4.6185442906619
3.4677999019623	-4.5373343646664
3.4725000858307	-4.4565578971118
3.4772000312805	-4.3765093769236
3.4818999767303	-4.2975015864753
3.4865999221802	-4.2198835598180
3.4913001060486	-4.1440553245925
3.4960000514984	-4.0704590214756
3.5006999969482	-3.9995462338005
3.5053999423981	-3.9317336279814
3.5100998878479	-3.8673675737520
3.5148000717163	-3.8066951524777
3.5195000171661	-3.7498569457928
3.5241999626160	-3.6968915308527
3.5288999080658	-3.6477796836790
3.5336000919342	-3.6024710426486
3.5383000373840	-3.5609258027896
3.5429999828339	-3.5231336084789
3.5476999282837	-3.4891267170990
3.5524001121521	-3.4589574077571
3.5571000576019	-3.4326805500960
3.5618000030518	-3.4103140247710
3.5664999485016	-3.3918172384043
3.5711998939514	-3.3770805841403
3.5759000778198	-3.3659270974983
3.5806000232697	-3.3581336909576
3.5852999687195	-3.3534677467619
3.5899999141693	-3.3517199136872
3.5947000980377	-3.3527298147792
3.5994000434875	-3.3564001316526
3.6040999889374	-3.3626877512354
3.6087999343872	-3.3715813645143
3.6135001182556	-3.3830797284689
3.6182000637054	-3.3971459322336
3.6229000091553	-3.4137008569628
3.6275999546051	-3.4326055418256
3.6322999000549	-3.4536842407589
3.6370000839233	-3.4767406752461
3.6417000293732	-3.5015911363486
3.6463999748230	-3.5281025319522
3.6510999202728	-3.5561986454570
3.6558001041412	-3.5858702087661
3.6605000495911	-3.6171580920473
3.6651999950409	-3.6501172637260
3.6698999404907	-3.6847918865393
3.6745998859406	-3.7211843041178
3.6793000698090	-3.7592363553668
3.6840000152588	-3.7988426061289
3.6886999607086	-3.8398593055327
3.6933999061584	-3.8821406255058
3.6981000900269	-3.9255721975906
3.7028000354767	-3.9700916474280
3.7074999809265	-4.0157072738131
3.7121999263763	-4.0624765664528
3.7169001102448	-4.1104914911293
3.7216000556946	-4.1598416842022
3.7263000011444	-4.2105783183369
3.7309999465942	-4.2626946894233
3.7356998920441	-4.3161208767624
3.7404000759125	-4.3707353033158
3.7451000213623	-4.4263936437344
3.7497999668121	-4.4829687481088
3.7544999122620	-4.5403764273878
3.7592000961304	-4.5985986214712
3.7639000415802	-4.6576785401986
3.7685999870300	-4.7177021664817
3.7732999324799	-4.7787636149629
3.7780001163483	-4.8409250104912
3.7827000617981	-4.9041886309816
3.7874000072479	-4.9684799273153
3.7920999526978	-5.0336587679926
3.7967998981476	-5.0995423378404
3.8015000820160	-5.1659435005427
3.8062000274658	-5.2327115980867
3.8108999729156	-5.2997590899717
3.8155999183655	-5.3670675964739
3.8203001022339	-5.4346734433169
3.8250000476837	-5.5026333938324
3.8296999931335	-5.5709815608180
3.8343999385834	-5.6396852398546
3.8390998840332	-5.7086326709590
3.8438000679016	-5.7776208803006
3.8485000133514	-5.8463902293266
3.8531999588013	-5.9146630350483
3.8578999042511	-5.9821878529586
3.8626000881195	-6.0487804214469
3.8673000335693	-6.1143426131183
3.8719999790192	-6.1788438778295
3.8766999244690	-6.2422989807148
3.8814001083374	-6.3047081710598
3.8861000537872	-6.3660191474929
3.8907999992371	-6.4260889835796
3.8954999446869	-6.4846873587963
3.9001998901367	-6.5415149563845
3.9049000740051	-6.5962523000124
3.9096000194550	-6.6486217562131
3.9142999649048	-6.6984253678261
3.9189999103546	-6.7455784950074
3.9237000942230	-6.7900995425885
3.9284000396729	-6.8320733347159
3.9330999851227	-6.8716011316382
3.9377999305725	-6.9087395218319
3.9425001144409	-6.9434696150695
3.9472000598907	-6.9756792443403
3.9519000053406	-7.0051963897366
3.9565999507904	-7.0318354655151
3.9612998962402	-7.0554552192950
3.9660000801086	-7.0760215882165
3.9707000255585	-7.0936229289058
3.9753999710083	-7.1084706969635
3.9800999164581	-7.1208526600896
3.9848001003265	-7.1310785243590
3.9895000457764	-7.1394092407446
3.9941999912262	-7.1460174703082
3.9988999366760	-7.1509753790678
4.0036001205444	-7.1542693644768
4.0082998275757	-7.1558595177854
4.0130000114441	-7.1557334946399
4.0177001953125	-7.1539677288823
4.0223999023438	-7.1507546967636
4.0271000862122	-7.1463929468169
4.0317997932434	-7.1412500347236
4.0364999771118	-7.1357029638158
4.0412001609802	-7.1300727221606
4.0458998680115	-7.1245733240709
4.0506000518799	-7.1193011344398
4.0553002357483	-7.1142493663971
4.0599999427795	-7.1093559549422
4.0647001266479	-7.1045679048291
4.0693998336792	-7.0999011972467
4.0741000175476	-7.0954713323898
4.0788002014160	-7.0915021385027
4.0834999084473	-7.0882844671313
4.0882000923157	-7.0861300913452
4.0928997993469	-7.0852987885493
4.0975999832153	-7.0859537114096
4.1023001670837	-7.0881341240561
4.1069998741150	-7.0917679288106
4.1117000579834	-7.0967134586950
4.1163997650146	-7.1028193151172
4.1210999488831	-7.1099942864759
4.1258001327515	-7.1182389155817
4.1304998397827	-7.1276673298785
4.1352000236511	-7.1384844354515
4.1399002075195	-7.1509317190572
4.1445999145508	-7.1652237238043
4.1493000984192	-7.1814923344264
4.1539998054504	-7.1997489339222
4.1586999893188	-7.2198882313078
4.1634001731873	-7.2417160423991
4.1680998802185	-7.2650147684816
4.1728000640869	-7.2896055286398
4.1774997711182	-7.3154045753903
4.1821999549866	-7.3424450115870
4.1869001388550	-7.3708737609822
4.1915998458862	-7.4009027519794
4.1963000297546	-7.4327437775171
4.2010002136230	-7.4665487649256
4.2056999206543	-7.5023555941448
4.2104001045227	-7.5400800606714
4.2150998115540	-7.5795345590971
4.2197999954224	-7.6204938392347
4.2245001792908	-7.6627572779382
4.2291998863220	-7.7062214131454
4.2339000701904	-7.7509269305231
4.2385997772217	-7.7970575503261
4.2432999610901	-7.8449115892262
4.2480001449585	-7.8948378035822
4.2526998519897	-7.9471592119629
4.2574000358582	-8.0021136958319
4.2621002197266	-8.0598141267773
4.2667999267578	-8.1202633733717
4.2715001106262	-8.1833904204780
4.2761998176575	-8.2491217146462
4.2809000015259	-8.3174518103537
4.2856001853943	-8.3884967311110
4.2902998924255	-8.4625065679021
4.2950000762939	-8.5398415585675
4.2996997833252	-8.6209011580527
4.3043999671936	-8.7060377660294
4.3091001510620	-8.7954765327698
4.3137998580933	-8.8892565152870
4.3185000419617	-8.9872178775911
4.3232002258301	-9.0890429974842
4.3278999328613	-9.1943322444237
4.3326001167297	-9.3027093242218
4.3372998237610	-9.4139083330977
4.3420000076294	-9.5278375707034
4.3467001914978	-9.6445824685660
4.3513998985291	-9.7643655028643
4.3561000823975	-9.8874518092649
4.3607997894287	-10.014046563756
4.3654999732971	-10.144209896335
4.3702001571655	-10.277813309414
4.3748998641968	-10.414551434022
4.3796000480652	-10.554020708157
4.3843002319336	-10.695832641430
4.3889999389648	-10.839730855315
4.3937001228333	-10.985681245402
4.3983998298645	-11.133904383599
4.4031000137329	-11.284830455189
4.4078001976013	-11.438993163242
4.4124999046326	-11.596892977595
4.4172000885010	-11.758858546129
4.4218997955322	-11.924966949120
4.4265999794006	-12.095030042554
4.4313001632690	-12.268669278884
4.4359998703003	-12.445455292456
4.4407000541687	-12.625071222635
4.4454002380371	-12.807462261660
4.4500999450684	-12.992905013865
4.4548001289368	-13.181990171558
4.4594998359680	-13.375501783142
4.4642000198364	-13.574235723365
4.4689002037048	-13.778808643586
4.4735999107361	-13.989507293323
4.4783000946045	-14.206239465431
4.4829998016357	-14.428599046614
4.4876999855042	-14.656038488363
4.4924001693726	-14.888099648966
4.4970998764038	-15.124649996633
4.5018000602722	-15.366023354436
4.5064997673035	-15.613043942878
4.5111999511719	-15.866893202741
4.5159001350403	-16.128862336040
4.5205998420715	-16.400056300590
4.5253000259399	-16.681143530736
4.5300002098083	-16.972221146426
4.5346999168396	-17.272851189132
4.5394001007080	-17.582285048886
4.5440998077393	-17.899810668975
4.5487999916077	-18.225128503654
4.5535001754761	-18.558658211340
4.5581998825073	-18.901619555588
4.5629000663757	-19.255893072362
4.5675997734070	-19.623630378959
4.5722999572754	-20.006734106981
4.5770001411438	-20.406360248551
4.5816998481750	-20.822548548365
4.5864000320435	-21.254172742289
4.5911002159119	-21.699180719260
4.5957999229431	-22.155162642981
4.6005001068115	-22.620016751993
4.6051998138428	-23.092509368300
4.6098999977112	-23.572411128832
4.6146001815796	-24.060003026616
4.6192998886108	-24.554912247995
4.6240000724792	-25.054436733786
4.6286997795105	-25.551803705808
4.6333999633789	-26.034857045995
4.6381001472473	-26.485968444706
4.6427998542786	-26.883764897109
4.6475000381470	-27.206802580754
4.6522002220154	-27.438223980129
4.6568999290466	-27.569273996510
4.6616001129150	-27.599986313965
4.6662998199463	-27.536743090559
4.6710000038147	-27.388682396266
4.6757001876831	-27.165038487940
4.6803998947144	-26.874703822195
4.6851000785828	-26.527333600638
4.6897997856140	-26.134492519609
4.6944999694824	-25.709890626560
4.6992001533508	-25.268193962839
4.7038998603821	-24.823220862796
4.7086000442505	-24.386037842923
4.7133002281189	-23.963960099228
4.7179999351501	-23.560329269602
4.7227001190186	-23.175159806361
4.7273998260498	-22.806379380636
4.7321000099182	-22.451129968256
4.7368001937866	-22.107149399624
4.7414999008179	-21.773517338910
4.7462000846863	-21.450958407052
4.7508997917175	-21.141417258162
4.7555999755859	-20.847362226233
4.7603001594543	-20.570864460041
4.7649998664856	-20.312918977140
4.7697000503540	-20.073091651212
4.7744002342224	-19.849581104758
4.7790999412537	-19.639658429278
4.7838001251221	-19.440379960319
4.7884998321533	-19.249299362057
4.7932000160217	-19.065035951505
4.7979001998901	-18.887494562305
4.8025999069214	-18.717667631745
4.8073000907898	-18.557130729548
4.8119997978210	-18.407358278219
4.8166999816895	-18.269074589338
4.8214001655579	-18.141881165139
4.8260998725891	-18.024187535138
4.8308000564575	-17.913512174422
4.8354997634888	-17.807020154089
4.8401999473572	-17.702225249806
4.8449001312256	-17.597531170925
4.8495998382568	-17.492547449757
4.8543000221252	-17.387980404841
4.8590002059937	-17.285215930504
4.8636999130249	-17.185670949841
4.8684000968933	-17.090180635445
4.8730998039246	-16.998553029362
4.8777999877930	-16.909510405182
4.8825001716614	-16.820936401831
4.8871998786926	-16.730450783152
4.8919000625610	-16.636072779750
4.8965997695923	-16.536805877557
4.9012999534607	-16.432892444392
4.9060001373291	-16.325734899832
4.9106998443604	-16.217407703931
4.9154000282288	-16.109979186487
4.9201002120972	-16.004913876789
4.9247999191284	-15.902624555465
4.9295001029968	-15.802390542881
4.9341998100281	-15.702651144234
4.9388999938965	-15.601528559624
4.9436001777649	-15.497466579782
4.9482998847961	-15.389729504824
4.9530000686646	-15.278661176846
4.9576997756958	-15.165505840943
4.9623999595642	-15.051955082938
4.9671001434326	-14.939494408980
4.9717998504639	-14.828809220389
4.9765000343323	-14.719391375708
4.9812002182007	-14.609479783124
4.9858999252319	-14.496376316283
4.9906001091003	-14.376994136254
4.9952998161316	-14.248540790276
5.0000000000000	-14.109058890392
#Parameters = {R_fat=48; R_glandular=38; R_skin_outer=50; T10=5; T15=7.5; T5=2.5; T_rad=4; T_x=10; T_y=0; T_z=75; Zc=65; skin_thickness=2; Mesh Pass=4}
#"Frequency / GHz"	"S1,1 (Mesh Pass=4) [Magnitude / dB]"
#-------------------------------------------------------
0.30000001192093	-16.643177056855
0.30469998717308	-17.359832759650
0.30939999222755	-17.750447689280
0.31409999728203	-17.668772551064
0.31880000233650	-17.219991716868
0.32350000739098	-16.672122653530
0.32820001244545	-16.270114161596
0.33289998769760	-16.176661086047
0.33759999275208	-16.507162051633
0.34229999780655	-17.387351362955
0.34700000286102	-19.035489031065
0.35170000791550	-21.969918282125
0.35640001296997	-28.029708003280
0.36109998822212	-41.002626499660
0.36579999327660	-24.254569304485
0.37049999833107	-18.502558178941
0.37520000338554	-14.963816166262
0.37990000844002	-12.480030715702
0.38460001349449	-10.669312509598
0.38929998874664	-9.3624482960992
0.39399999380112	-8.4679423281841
0.39869999885559	-7.9253898115742
0.40340000391006	-7.6875403899719
0.40810000896454	-7.7144700401486
0.41280001401901	-7.9727325176925
0.41749998927116	-8.4353068903408
0.42219999432564	-9.0798687315060
0.42689999938011	-9.8835420467283
0.43160000443459	-10.812093684836
0.43630000948906	-11.801841623379
0.44100001454353	-12.738896719960
0.44569998979568	-13.461216086271
0.45039999485016	-13.826127581555
0.45509999990463	-13.818839111282
0.45980000495911	-13.569781906581
0.46450001001358	-13.253514892335
0.46919998526573	-13.000466312654
0.47389999032021	-12.879687162915
0.47859999537468	-12.915193290061
0.48330000042915	-13.102460636336
0.48800000548363	-13.416074743809
0.49270001053810	-13.810114538307
0.49739998579025	-14.216683916756
0.50209999084473	-14.551846471156
0.50679999589920	-14.738419650203
0.51150000095367	-14.740727235538
0.51620000600815	-14.583963766236
0.52090001106262	-14.337598442167
0.52560001611710	-14.079587526681
0.53030002117157	-13.870466162097
0.53500002622604	-13.745490848483
0.53969997167587	-13.716795508294
0.54439997673035	-13.777316516172
0.54909998178482	-13.903317026851
0.55379998683929	-14.056337382789
0.55849999189377	-14.187772869741
0.56319999694824	-14.249403010791
0.56790000200272	-14.209025243649
0.57260000705719	-14.063199805500
0.57730001211166	-13.837540420862
0.58200001716614	-13.574220795012
0.58670002222061	-13.316075146452
0.59140002727509	-13.095784131763
0.59609997272491	-12.931699119822
0.60079997777939	-12.827676271338
0.60549998283386	-12.774386218073
0.61019998788834	-12.751313030166
0.61489999294281	-12.730123735260
0.61959999799728	-12.680525987269
0.62430000305176	-12.578344151406
0.62900000810623	-12.413155266436
0.63370001316071	-12.191348094195
0.63840001821518	-11.932811060680
0.64310002326965	-11.663389637680
0.64780002832413	-11.407202494660
0.65249997377396	-11.181514719167
0.65719997882843	-10.994409096915
0.66189998388290	-10.844482553052
0.66659998893738	-10.721822740120
0.67129999399185	-10.610195631123
0.67599999904633	-10.490622658318
0.68070000410080	-10.346088459331
0.68540000915527	-10.166256669692
0.69010001420975	-9.9502975408283
0.69480001926422	-9.7065816903089
0.69950002431870	-9.4494837109385
0.70420002937317	-9.1949156701902
0.70889997482300	-8.9563359246426
0.71359997987747	-8.7421008245585
0.71829998493195	-8.5542825066613
0.72299998998642	-8.3887328973908
0.72769999504089	-8.2362441519001
0.73240000009537	-8.0847547236580
0.73710000514984	-7.9223211186046
0.74180001020432	-7.7402590350564
0.74650001525879	-7.5354358419295
0.75120002031326	-7.3108938826739
0.75590002536774	-7.0746097148362
0.76059997081757	-6.8370113415426
0.76529997587204	-6.6081951992040
0.76999998092651	-6.3956222090810
0.77469998598099	-6.2026818720679
0.77939999103546	-6.0282057743486
0.78409999608994	-5.8669268740433
0.78880000114441	-5.7108172280063
0.79350000619888	-5.5510985897816
0.79820001125336	-5.3805419199385
0.80290001630783	-5.1953842396541
0.80760002136230	-4.9962708056467
0.81230002641678	-4.7879343389307
0.81699997186661	-4.5777595301059
0.82169997692108	-4.3738099798261
0.82639998197556	-4.1828656603704
0.83109998703003	-4.0089320391494
0.83579999208450	-3.8524466099106
0.84049999713898	-3.7102777702204
0.84520000219345	-3.5765609352536
0.84990000724792	-3.4441847649450
0.85460001230240	-3.3067029245268
0.85930001735687	-3.1601156735845
0.86400002241135	-3.0040083129371
0.86870002746582	-2.8417116980560
0.87339997291565	-2.6794106441689
0.87809997797012	-2.5245564597262
0.88279998302460	-2.3840389287051
0.88749998807907	-2.2625757995931
0.89219999313354	-2.1616621498082
0.89689999818802	-2.0792735459251
0.90160000324249	-2.0103965055343
0.90630000829697	-1.9483902391862
0.91100001335144	-1.8868254942634
0.91570001840591	-1.8214521132381
0.92040002346039	-1.7516494168196
0.92510002851486	-1.6809290261786
0.92979997396469	-1.6163081296909
0.93449997901917	-1.5667579132361
0.93919998407364	-1.5411875303364
0.94389998912811	-1.5465091573184
0.94859999418259	-1.5862257088745
0.95329999923706	-1.6598949390651
0.95800000429153	-1.7636129505036
0.96270000934601	-1.8915448917403
0.96740001440048	-2.0383158517774
0.97210001945496	-2.2017750848661
0.97680002450943	-2.3855032450860
0.98150002956390	-2.6003133748746
0.98619997501373	-2.8643789110818
0.99089998006821	-3.2021211799128
0.99559998512268	-3.6425812325576
1.0003000497818	-4.2183123618096
1.0049999952316	-4.9658669441509
1.0096999406815	-5.9290190419119
1.0144000053406	-7.1661828069398
1.0190999507904	-8.7651817749502
1.0238000154495	-10.872251558000
1.0284999608994	-13.746167205308
1.0332000255585	-17.748320685872
1.0378999710083	-21.278568718078
1.0426000356674	-18.184404799811
1.0472999811172	-13.967804817695
1.0520000457764	-10.900570104364
1.0566999912262	-8.6441806312988
1.0614000558853	-6.9244661623515
1.0661000013351	-5.5869365398561
1.0707999467850	-4.5399646012854
1.0755000114441	-3.7234509491392
1.0801999568939	-3.0929887953229
1.0849000215530	-2.6118762064334
1.0895999670029	-2.2475082544319
1.0943000316620	-1.9704653774627
1.0989999771118	-1.7551099064572
1.1037000417709	-1.5808398624622
1.1083999872208	-1.4331194124592
1.1131000518799	-1.3037227308444
1.1177999973297	-1.1899167612233
1.1224999427795	-1.0927830204929
1.1272000074387	-1.0151041690279
1.1318999528885	-0.95938676005682
1.1366000175476	-0.92643017639961
1.1412999629974	-0.91465056524857
1.1460000276566	-0.92020572766528
1.1506999731064	-0.93770847477393
1.1554000377655	-0.96136268280480
1.1600999832153	-0.98615528253902
1.1648000478745	-1.0088312006637
1.1694999933243	-1.0283974092424
1.1742000579834	-1.0460058943489
1.1789000034332	-1.0643234374104
1.1835999488831	-1.0865555389548
1.1883000135422	-1.1154418657768
1.1929999589920	-1.1524999377222
1.1977000236511	-1.1976427200348
1.2023999691010	-1.2492400311401
1.2071000337601	-1.3045970196872
1.2117999792099	-1.3606350879358
1.2165000438690	-1.4146871894164
1.2211999893188	-1.4651163457722
1.2259000539780	-1.5116825781040
1.2305999994278	-1.5554727103373
1.2352999448776	-1.5985376500686
1.2400000095367	-1.6432513217544
1.2446999549866	-1.6916596258191
1.2494000196457	-1.7449577383596
1.2540999650955	-1.8032041639013
1.2588000297546	-1.8653740591828
1.2634999752045	-1.9296525296201
1.2682000398636	-1.9939420371337
1.2728999853134	-2.0563951521744
1.2776000499725	-2.1158935211895
1.2822999954224	-2.1723113062341
1.2869999408722	-2.2264992151492
1.2917000055313	-2.2800214397731
1.2963999509811	-2.3347181115516
1.3011000156403	-2.3922151888017
1.3057999610901	-2.4535157270584
1.3105000257492	-2.5187786128337
1.3151999711990	-2.5873268965925
1.3199000358582	-2.6578474744156
1.3245999813080	-2.7287588949119
1.3293000459671	-2.7986289645837
1.3339999914169	-2.8665521058955
1.3387000560760	-2.9323729697451
1.3434000015259	-2.9967137862334
1.3480999469757	-3.0608025155143
1.3528000116348	-3.1261412854195
1.3574999570847	-3.1941312278580
1.3622000217438	-3.2657271952860
1.3668999671936	-3.3412421613219
1.3716000318527	-3.4202923701205
1.3762999773026	-3.5019422367790
1.3810000419617	-3.5849628469774
1.3856999874115	-3.6681675996393
1.3904000520706	-3.7507318327742
1.3950999975204	-3.8324097939435
1.3997999429703	-3.9136117434215
1.4045000076294	-3.9953004110591
1.4091999530792	-4.0787646795903
1.4139000177383	-4.1653054930361
1.4185999631882	-4.2559490468667
1.4233000278473	-4.3512211261325
1.4279999732971	-4.4510622809375
1.4327000379562	-4.5548877570358
1.4373999834061	-4.6617611717965
1.4421000480652	-4.7706681757558
1.4467999935150	-4.8807904473675
1.4515000581741	-4.9917479418642
1.4562000036240	-5.1037221820092
1.4608999490738	-5.2174417182586
1.4656000137329	-5.3340389855595
1.4702999591827	-5.4548106771707
1.4750000238419	-5.5809406916663
1.4796999692917	-5.7132667420931
1.4844000339508	-5.8521243378343
1.4890999794006	-5.9973188530371
1.4938000440598	-6.1482139086577
1.4984999895096	-6.3039318027673
1.5032000541687	-6.4636073674375
1.5078999996185	-6.6266452693469
1.5125999450684	-6.7929249889982
1.5173000097275	-6.9628871675220
1.5219999551773	-7.1374935388938
1.5267000198364	-7.3180596541932
1.5313999652863	-7.5060089743145
1.5361000299454	-7.7025948309575
1.5407999753952	-7.9086724056416
1.5455000400543	-8.1245447215797
1.5501999855042	-8.3499418498591
1.5549000501633	-8.5841249765331
1.5595999956131	-8.8261024498172
1.5642999410629	-9.0749136215116
1.5690000057220	-9.3299306196801
1.5736999511719	-9.5910840491151
1.5784000158310	-9.8589780285918
1.5830999612808	-10.134839789858
1.5878000259399	-10.420326218958
1.5924999713898	-10.717216224234
1.5972000360489	-11.027068635711
1.6018999814987	-11.350909713037
1.6066000461578	-11.689020899239
1.6112999916077	-12.040883797296
1.6160000562668	-12.405283325146
1.6207000017166	-12.780584150715
1.6253999471664	-13.165110701190
1.6301000118256	-13.557560320699
1.6347999572754	-13.957347587933
1.6395000219345	-14.364776928500
1.6441999673843	-14.780973481792
1.6489000320435	-15.207594107207
1.6535999774933	-15.646347140349
1.6583000421524	-16.098402429365
1.6629999876022	-16.563869587744
1.6677000522614	-17.041324232028
1.6723999977112	-17.527580756993
1.6770999431610	-18.017686751514
1.6818000078201	-18.505167051613
1.6864999532700	-18.982489008343
1.6912000179291	-19.441653120013
1.6958999633789	-19.874824887555
1.7006000280380	-20.274857012654
1.7052999734879	-20.635627195858
1.7100000381470	-20.952207285003
1.7146999835968	-21.220924032314
1.7194000482559	-21.439347336746
1.7240999937057	-21.606251239595
1.7288000583649	-21.721563983385
1.7335000038147	-21.786274074072
1.7381999492645	-21.802227760477
1.7429000139236	-21.772007369904
1.7475999593735	-21.698845893584
1.7523000240326	-21.586683733140
1.7569999694824	-21.440377165950
1.7617000341415	-21.265829755698
1.7663999795914	-21.069998995094
1.7711000442505	-20.860579675235
1.7757999897003	-20.645491181880
1.7805000543594	-20.432142923313
1.7851999998093	-20.226712332865
1.7898999452591	-20.033572077002
1.7946000099182	-19.855005055981
1.7992999553680	-19.691227862781
1.8040000200272	-19.540716460505
1.8086999654770	-19.400864105640
1.8134000301361	-19.268753441965
1.8180999755859	-19.141991307997
1.8228000402451	-19.019351387297
1.8274999856949	-18.901124124531
1.8322000503540	-18.789058973895
1.8368999958038	-18.685926317537
1.8415999412537	-18.594849741399
1.8463000059128	-18.518589337065
1.8509999513626	-18.458906782862
1.8557000160217	-18.416219104886
1.8603999614716	-18.389511365588
1.8651000261307	-18.376612965610
1.8697999715805	-18.374693160242
1.8745000362396	-18.380953824415
1.8791999816895	-18.393275052706
1.8839000463486	-18.410780438873
1.8885999917984	-18.434040038504
1.8933000564575	-18.464964986471
1.8980000019073	-18.506361703746
1.9026999473572	-18.561301197390
1.9074000120163	-18.632457616609
1.9120999574661	-18.721572350879
1.9168000221252	-18.829141879802
1.9214999675751	-18.954412419787
1.9262000322342	-19.095636483704
1.9308999776840	-19.250629002391
1.9356000423431	-19.417382702479
1.9402999877930	-19.594736336155
1.9450000524521	-19.782871340993
1.9496999979019	-19.983507789339
1.9543999433517	-20.199764843377
1.9591000080109	-20.435724359974
1.9637999534607	-20.695820321555
1.9685000181198	-20.984171234586
1.9731999635696	-21.304070249962
1.9779000282288	-21.657687502504
1.9825999736786	-22.046039030048
1.9873000383377	-22.469260155921
1.9919999837875	-22.927143835051
1.9967000484467	-23.419822738354
2.0013999938965	-23.948515447772
2.0060999393463	-24.516089099759
2.0107998847961	-25.127270225388
2.0155000686646	-25.788252956850
2.0202000141144	-26.505558641724
2.0248999595642	-27.283770998523
2.0295999050140	-28.121618302572
2.0343000888824	-29.005299038679
2.0390000343323	-29.897777422233
2.0436999797821	-30.724681812623
2.0483999252319	-31.365873049895
2.0531001091003	-31.676984703577
2.0578000545502	-31.559141617821
2.0625000000000	-31.028113093917
2.0671999454498	-30.199557481824
2.0718998908997	-29.210911303378
2.0766000747681	-28.166503765375
2.0813000202179	-27.129054534416
2.0859999656677	-26.131308687242
2.0906999111176	-25.188716151607
2.0954000949860	-24.307491632406
2.1001000404358	-23.488981541646
2.1047999858856	-22.731708487040
2.1094999313354	-22.032385153216
2.1142001152039	-21.386456389240
2.1189000606537	-20.788522352580
2.1236000061035	-20.232751336468
2.1282999515533	-19.713390525599
2.1329998970032	-19.225244009317
2.1377000808716	-18.764064217428
2.1424000263214	-18.326846453937
2.1470999717712	-17.911846615337
2.1517999172211	-17.518405384725
2.1565001010895	-17.146615831889
2.1612000465393	-16.796862819649
2.1658999919891	-16.469393471800
2.1705999374390	-16.163979932956
2.1752998828888	-15.879729871842
2.1800000667572	-15.615071349385
2.1847000122070	-15.367916968632
2.1893999576569	-15.135956719539
2.1940999031067	-14.916993925940
2.1988000869751	-14.709274784552
2.2035000324249	-14.511705328437
2.2081999778748	-14.323933643149
2.2128999233246	-14.146265591114
2.2176001071930	-13.979406063794
2.2223000526428	-13.824176951230
2.2269999980927	-13.681178885353
2.2316999435425	-13.550567982347
2.2363998889923	-13.431920240222
2.2411000728607	-13.324258891094
2.2458000183105	-13.226221231926
2.2504999637604	-13.136297144363
2.2551999092102	-13.053130610851
2.2599000930786	-12.975770342822
2.2646000385284	-12.903816529086
2.2692999839783	-12.837458054108
2.2739999294281	-12.777336124827
2.2787001132965	-12.724330120363
2.2834000587463	-12.679275060862
2.2881000041962	-12.642728472720
2.2927999496460	-12.614771013329
2.2974998950958	-12.594967372667
2.3022000789642	-12.582451057959
2.3069000244141	-12.576090034093
2.3115999698639	-12.574757816236
2.3162999153137	-12.577560858477
2.3210000991821	-12.584063525896
2.3257000446320	-12.594351697761
2.3303999900818	-12.608994400652
2.3350999355316	-12.628884381988
2.3397998809814	-12.655001503180
2.3445000648499	-12.688145922099
2.3492000102997	-12.728756693600
2.3538999557495	-12.776781183856
2.3585999011993	-12.831703324728
2.3633000850677	-12.892663700478
2.3680000305176	-12.958686890136
2.3726999759674	-13.028926904837
2.3773999214172	-13.102886296653
2.3821001052856	-13.180573319266
2.3868000507355	-13.262507909592
2.3914999961853	-13.349618282921
2.3961999416351	-13.443040959461
2.4008998870850	-13.543850198810
2.4056000709534	-13.652849144545
2.4103000164032	-13.770383029154
2.4149999618530	-13.896301915870
2.4196999073029	-14.030030799569
2.4244000911713	-14.170757588669
2.4291000366211	-14.317672730876
2.4337999820709	-14.470245222852
2.4384999275208	-14.628420787965
2.4432001113892	-14.792713993472
2.4479000568390	-14.964172790736
2.4526000022888	-15.144217725325
2.4572999477386	-15.334378515410
2.4619998931885	-15.536041504799
2.4667000770569	-15.750193483408
2.4714000225067	-15.977305527915
2.4760999679565	-16.217321436931
2.4807999134064	-16.469781725092
2.4855000972748	-16.734093773781
2.4902000427246	-17.009806681967
2.4948999881744	-17.296913739660
2.4995999336243	-17.596085384640
2.5043001174927	-17.908716081029
2.5090000629425	-18.236878941184
2.5137000083923	-18.583074123205
2.5183999538422	-18.949922192867
2.5230998992920	-19.339809547777
2.5278000831604	-19.754605026837
2.5325000286102	-20.195467095690
2.5371999740601	-20.662773986026
2.5418999195099	-21.156194071247
2.5466001033783	-21.674809917943
2.5513000488281	-22.217272807362
2.5559999942780	-22.781820677045
2.5606999397278	-23.365968979164
2.5653998851776	-23.965814657989
2.5701000690460	-24.574724878175
2.5748000144958	-25.181436780589
2.5794999599457	-25.767729022725
2.5841999053955	-26.306400613860
2.5889000892639	-26.760934831862
2.5936000347137	-27.089065894215
2.5982999801636	-27.251516617432
2.6029999256134	-27.224012956560
2.6077001094818	-27.006238304751
2.6124000549316	-26.621559913872
2.6171000003815	-26.107902047118
2.6217999458313	-25.506374968951
2.6264998912811	-24.853252665794
2.6312000751495	-24.176842269041
2.6359000205994	-23.497642634507
2.6405999660492	-22.829798069157
2.6452999114990	-22.182625536574
2.6500000953674	-21.561857329088
2.6547000408173	-20.970469226506
2.6593999862671	-20.409318109734
2.6640999317169	-19.877635627251
2.6688001155853	-19.373502252616
2.6735000610352	-18.894283955713
2.6782000064850	-18.437156682163
2.6828999519348	-17.999489185288
2.6875998973846	-17.579182364472
2.6923000812531	-17.174849355296
2.6970000267029	-16.785828290106
2.7016999721527	-16.412005466157
2.7063999176025	-16.053576615900
2.7111001014709	-15.710750457505
2.7158000469208	-15.383463885140
2.7204999923706	-15.071224622935
2.7251999378204	-14.773046251896
2.7298998832703	-14.487522488368
2.7346000671387	-14.213031568659
2.7393000125885	-13.947960525708
2.7439999580383	-13.690943647322
2.7486999034882	-13.441069614502
2.7534000873566	-13.197934154383
2.7581000328064	-12.961602811452
2.7627999782562	-12.732466589937
2.7674999237061	-12.511026305174
2.7722001075745	-12.297658214881
2.7769000530243	-12.092447533623
2.7815999984741	-11.895077741893
2.7862999439240	-11.704864595144
2.7909998893738	-11.520848715420
2.7957000732422	-11.341976359420
2.8004000186920	-11.167314061376
2.8050999641418	-10.996204453031
2.8097999095917	-10.828374959520
2.8145000934601	-10.663936597160
2.8192000389099	-10.503294433774
2.8238999843597	-10.346981950541
2.8285999298096	-10.195477457414
2.8333001136780	-10.049037012059
2.8380000591278	-9.9075999662207
2.8427000045776	-9.7707690042008
2.8473999500275	-9.6378906247388
2.8520998954773	-9.5081965269677
2.8568000793457	-9.3809675852009
2.8615000247955	-9.2556915097786
2.8661999702454	-9.1321702918011
2.8708999156952	-9.0105262133971
2.8756000995636	-8.8911490372848
2.8803000450134	-8.7745534594561
2.8849999904633	-8.6612366100794
2.8896999359131	-8.5515168487597
2.8943998813629	-8.4454290456461
2.8991000652313	-8.3427237409294
2.9038000106812	-8.2429122974109
2.9084999561310	-8.1453747549906
2.9131999015808	-8.0495266150211
2.9179000854492	-7.9549425548213
2.9226000308990	-7.8614607846388
2.9272999763489	-7.7692098058302
2.9319999217987	-7.6785492398390
2.9367001056671	-7.5899707346397
2.9414000511169	-7.5039497059459
2.9460999965668	-7.4208061480299
2.9507999420166	-7.3406251491354
2.9554998874664	-7.2632259006089
2.9602000713348	-7.1882029967997
2.9649000167847	-7.1150268996186
2.9695999622345	-7.0431880663959
2.9742999076843	-6.9723137536517
2.9790000915527	-6.9022639999778
2.9837000370026	-6.8331558270207
2.9883999824524	-6.7653251741751
2.9930999279022	-6.6992236200282
2.9978001117706	-6.6352974175805
3.0025000572205	-6.5738534347187
3.0072000026703	-6.5149891289505
3.0118999481201	-6.4585421794277
3.0165998935699	-6.4041594471380
3.0213000774384	-6.3513599820582
3.0260000228882	-6.2996773976465
3.0306999683380	-6.2487693974124
3.0353999137878	-6.1985019078811
3.0401000976562	-6.1489849175039
3.0448000431061	-6.1005292881673
3.0494999885559	-6.0535535752030
3.0541999340057	-6.0084744711665
3.0589001178741	-5.9655773850730
3.0636000633240	-5.9249561099723
3.0683000087738	-5.8864649534313
3.0729999542236	-5.8497676558294
3.0776998996735	-5.8144180324847
3.0824000835419	-5.7799791153831
3.0871000289917	-5.7461280622648
3.0917999744415	-5.7127434181964
3.0964999198914	-5.6799243943652
3.1012001037598	-5.6479639162772
3.1059000492096	-5.6172635096739
3.1105999946594	-5.5882074131731
3.1152999401093	-5.5610741489268
3.1199998855591	-5.5359445439815
3.1247000694275	-5.5126752517196
3.1294000148773	-5.4909506201219
3.1340999603271	-5.4703370168752
3.1387999057770	-5.4504165232959
3.1435000896454	-5.4308843377688
3.1482000350952	-5.4116265801344
3.1528999805450	-5.3927414579335
3.1575999259949	-5.3745137256094
3.1623001098633	-5.3573280351706
3.1670000553131	-5.3415572779242
3.1717000007629	-5.3274547594545
3.1763999462128	-5.3150960695164
3.1810998916626	-5.3043330714820
3.1858000755310	-5.2948449763323
3.1905000209808	-5.2862125146744
3.1951999664307	-5.2780192013695
3.1998999118805	-5.2699675865111
3.2046000957489	-5.2619470592636
3.2093000411987	-5.2540576840386
3.2139999866486	-5.2465658583079
3.2186999320984	-5.2398404959978
3.2234001159668	-5.2342314858339
3.2281000614166	-5.2299654128050
3.2328000068665	-5.2270816616707
3.2374999523163	-5.2254131997153
3.2421998977661	-5.2246065343226
3.2469000816345	-5.2242216720235
3.2516000270844	-5.2238288417809
3.2562999725342	-5.2231105630409
3.2609999179840	-5.2219352799526
3.2657001018524	-5.2203854991086
3.2704000473022	-5.2186978938577
3.2750999927521	-5.2171985661759
3.2797999382019	-5.2161810791600
3.2844998836517	-5.2158147551842
3.2892000675201	-5.2160670795122
3.2939000129700	-5.2166873073662
3.2985999584198	-5.2172552165983
3.3032999038696	-5.2172522210470
3.3080000877380	-5.2161867743520
3.3127000331879	-5.2136880685357
3.3173999786377	-5.2095664457568
3.3220999240875	-5.2038482501992
3.3268001079559	-5.1967126111965
3.3315000534058	-5.1884134844073
3.3361999988556	-5.1791524452372
3.3408999443054	-5.1690014952260
3.3455998897552	-5.1578223545486
3.3503000736237	-5.1452656112054
3.3550000190735	-5.1308258267800
3.3596999645233	-5.1139298246467
3.3643999099731	-5.0940605488875
3.3691000938416	-5.0708586848713
3.3738000392914	-5.0441772315227
3.3784999847412	-5.0141029500466
3.3831999301910	-4.9808833863630
3.3879001140594	-4.9448546183672
3.3926000595093	-4.9063079135246
3.3973000049591	-4.8654176908676
3.4019999504089	-4.8221791686798
3.4066998958588	-4.7764314295058
3.4114000797272	-4.7279058303922
3.4161000251770	-4.6763398835646
3.4207999706268	-4.6215871562860
3.4254999160767	-4.5636985607651
3.4302000999451	-4.5029698239106
3.4349000453949	-4.4399228104920
3.4395999908447	-4.3752299891420
3.4442999362946	-4.3096199165034
3.4489998817444	-4.2437609150737
3.4537000656128	-4.1781767974669
3.4584000110626	-4.1132060595105
3.4630999565125	-4.0490187216031
3.4677999019623	-3.9856695407993
3.4725000858307	-3.9231920965424
3.4772000312805	-3.8616798788413
3.4818999767303	-3.8013622977024
3.4865999221802	-3.7426248135503
3.4913001060486	-3.6859769786136
3.4960000514984	-3.6319991952813
3.5006999969482	-3.5812485717895
3.5053999423981	-3.5341635351381
3.5100998878479	-3.4910088234694
3.5148000717163	-3.4518408657196
3.5195000171661	-3.4165337960458
3.5241999626160	-3.3848363258993
3.5288999080658	-3.3564617233259
3.5336000919342	-3.3311639747080
3.5383000373840	-3.3088108646642
3.5429999828339	-3.2894150649368
3.5476999282837	-3.2731142982036
3.5524001121521	-3.2601308469270
3.5571000576019	-3.2506835490445
3.5618000030518	-3.2449201774565
3.5664999485016	-3.2428564970204
3.5711998939514	-3.2443394267340
3.5759000778198	-3.2490776831909
3.5806000232697	-3.2566760030262
3.5852999687195	-3.2667266523254
3.5899999141693	-3.2788797372304
3.5947000980377	-3.2929126028065
3.5994000434875	-3.3087623947552
3.6040999889374	-3.3265156312669
3.6087999343872	-3.3463591610144
3.6135001182556	-3.3685152677924
3.6182000637054	-3.3931460417359
3.6229000091553	-3.4203048445771
3.6275999546051	-3.4498879482682
3.6322999000549	-3.4816524397372
3.6370000839233	-3.5152500119774
3.6417000293732	-3.5503148974778
3.6463999748230	-3.5865346653674
3.6510999202728	-3.6237228498078
3.6558001041412	-3.6618521242235
3.6605000495911	-3.7010557443197
3.6651999950409	-3.7415839360266
3.6698999404907	-3.7837137387578
3.6745998859406	-3.8276836942314
3.6793000698090	-3.8736071561062
3.6840000152588	-3.9214385479869
3.6886999607086	-3.9709715088068
3.6933999061584	-4.0218881657457
3.6981000900269	-4.0738280086405
3.7028000354767	-4.1264830279595
3.7074999809265	-4.1796696902091
3.7121999263763	-4.2333723957207
3.7169001102448	-4.2877475165620
3.7216000556946	-4.3430709747740
3.7263000011444	-4.3996659632144
3.7309999465942	-4.4578016454912
3.7356998920441	-4.5176176865179
3.7404000759125	-4.5790733150607
3.7451000213623	-4.6419437290791
3.7497999668121	-4.7058692001185
3.7544999122620	-4.7704355775705
3.7592000961304	-4.8352774601028
3.7639000415802	-4.9001570436963
3.7685999870300	-4.9650218603794
3.7732999324799	-5.0300112331264
3.7780001163483	-5.0953960519625
3.7827000617981	-5.1614983357066
3.7874000072479	-5.2285820637484
3.7920999526978	-5.2967536445928
3.7967998981476	-5.3659159214932
3.8015000820160	-5.4357540275190
3.8062000274658	-5.5057965472891
3.8108999729156	-5.5755121041891
3.8155999183655	-5.6444191062228
3.8203001022339	-5.7121934129879
3.8250000476837	-5.7787284488481
3.8296999931335	-5.8441327799135
3.8343999385834	-5.9086739592081
3.8390998840332	-5.9726712811431
3.8438000679016	-6.0363651594233
3.8485000133514	-6.0998159951615
3.8531999588013	-6.1628395915205
3.8578999042511	-6.2250127452338
3.8626000881195	-6.2857490940480
3.8673000335693	-6.3444140443214
3.8719999790192	-6.4004682186758
3.8766999244690	-6.4535855949161
3.8814001083374	-6.5037142091939
3.8861000537872	-6.5510627461327
3.8907999992371	-6.5960253367463
3.8954999446869	-6.6390394807027
3.9001998901367	-6.6804440304947
3.9049000740051	-6.7203634870558
3.9096000194550	-6.7586466039731
3.9142999649048	-6.7949055302024
3.9189999103546	-6.8285989599296
3.9237000942230	-6.8591908248022
3.9284000396729	-6.8862970796363
3.9330999851227	-6.9098141813116
3.9377999305725	-6.9299535135488
3.9425001144409	-6.9472114655061
3.9472000598907	-6.9622468982917
3.9519000053406	-6.9757230603803
3.9565999507904	-6.9881550323197
3.9612998962402	-6.9997843631674
3.9660000801086	-7.0105622201502
3.9707000255585	-7.0201822336864
3.9753999710083	-7.0282111132994
3.9800999164581	-7.0342519121055
3.9848001003265	-7.0380937466044
3.9895000457764	-7.0398237725604
3.9941999912262	-7.0398388335481
3.9988999366760	-7.0387937427879
4.0036001205444	-7.0374550067738
4.0082998275757	-7.0365372303809
4.0130000114441	-7.0365493784899
4.0177001953125	-7.0376976922032
4.0223999023438	-7.0398668552787
4.0271000862122	-7.0426956556965
4.0317997932434	-7.0457059441457
4.0364999771118	-7.0484774711222
4.0412001609802	-7.0507915144197
4.0458998680115	-7.0527301827747
4.0506000518799	-7.0546828296135
4.0553002357483	-7.0572701218717
4.0599999427795	-7.0612087855900
4.0647001266479	-7.0671288524857
4.0693998336792	-7.0754408222361
4.0741000175476	-7.0862374907617
4.0788002014160	-7.0992904829060
4.0834999084473	-7.1141277030301
4.0882000923157	-7.1301781458813
4.0928997993469	-7.1469407010924
4.0975999832153	-7.1641327445200
4.1023001670837	-7.1817879911201
4.1069998741150	-7.2002591604242
4.1117000579834	-7.2201401185374
4.1163997650146	-7.2421115784121
4.1210999488831	-7.2667756117340
4.1258001327515	-7.2944969309741
4.1304998397827	-7.3253127773357
4.1352000236511	-7.3589307774972
4.1399002075195	-7.3948069873405
4.1445999145508	-7.4322955119015
4.1493000984192	-7.4708342072962
4.1539998054504	-7.5100975746892
4.1586999893188	-7.5501100329316
4.1634001731873	-7.5912399068503
4.1680998802185	-7.6341273184930
4.1728000640869	-7.6795154313908
4.1774997711182	-7.7280711142271
4.1821999549866	-7.7802107846653
4.1869001388550	-7.8360005458896
4.1915998458862	-7.8951443870615
4.1963000297546	-7.9570701316800
4.2010002136230	-8.0210910191561
4.2056999206543	-8.0866079894409
4.2104001045227	-8.1532927640413
4.2150998115540	-8.2211988861169
4.2197999954224	-8.2907907251591
4.2245001792908	-8.3628347863038
4.2291998863220	-8.4382256323420
4.2339000701904	-8.5177723294799
4.2385997772217	-8.6019862366859
4.2432999610901	-8.6909543281168
4.2480001449585	-8.7843077578159
4.2526998519897	-8.8813039468839
4.2574000358582	-8.9810102676573
4.2621002197266	-9.0825330588951
4.2667999267578	-9.1852435600374
4.2715001106262	-9.2889350120412
4.2761998176575	-9.3938548718007
4.2809000015259	-9.5006178258897
4.2856001853943	-9.6099976990531
4.2902998924255	-9.7226747890255
4.2950000762939	-9.8389869647837
4.2996997833252	-9.9587795953239
4.3043999671936	-10.081369380820
4.3091001510620	-10.205666276758
4.3137998580933	-10.330417086969
4.3185000419617	-10.454516643818
4.3232002258301	-10.577306410953
4.3278999328613	-10.698769526581
4.3326001167297	-10.819558690948
4.3372998237610	-10.940840179171
4.3420000076294	-11.063997421579
4.3467001914978	-11.190264836228
4.3513998985291	-11.320391302434
4.3561000823975	-11.454433581994
4.3607997894287	-11.591726496869
4.3654999732971	-11.731050880207
4.3702001571655	-11.870970884077
4.3748998641968	-12.010251240533
4.3796000480652	-12.148240456044
4.3843002319336	-12.285107109723
4.3889999389648	-12.421847950288
4.3937001228333	-12.560057062462
4.3983998298645	-12.701503621217
4.4031000137329	-12.847652935634
4.4078001976013	-12.999243028588
4.4124999046326	-13.156038824447
4.4172000885010	-13.316850129455
4.4218997955322	-13.479803860489
4.4265999794006	-13.642836778474
4.4313001632690	-13.804276435983
4.4359998703003	-13.963347362674
4.4407000541687	-14.120447047911
4.4454002380371	-14.277074898860
4.4500999450684	-14.435429886403
4.4548001289368	-14.597782766602
4.4594998359680	-14.765783583641
4.4642000198364	-14.939915847203
4.4689002037048	-15.119237369422
4.4735999107361	-15.301499360814
4.4783000946045	-15.483648861469
4.4829998016357	-15.662610551017
4.4876999855042	-15.836133625502
4.4924001693726	-16.003461788238
4.4970998764038	-16.165567286669
4.5018000602722	-16.324847714290
4.5064997673035	-16.484341006495
4.5111999511719	-16.646703110636
4.5159001350403	-16.813246570490
4.5205998420715	-16.983284767131
4.5253000259399	-17.154019549454
4.5300002098083	-17.321043534657
4.5346999168396	-17.479365167144
4.5394001007080	-17.624737081248
4.5440998077393	-17.754855880621
4.5487999916077	-17.869997181222
4.5535001754761	-17.972812037346
4.5581998825073	-18.067328745197
4.5629000663757	-18.157450531021
4.5675997734070	-18.245473869601
4.5722999572754	-18.331084674634
4.5770001411438	-18.411127516281
4.5816998481750	-18.480270587223
4.5864000320435	-18.532446795823
4.5911002159119	-18.562706418342
4.5957999229431	-18.568825831421
4.6005001068115	-18.552088810084
4.6051998138428	-18.516906991401
4.6098999977112	-18.469368159223
4.6146001815796	-18.415327556919
4.6192998886108	-18.358671797768
4.6240000724792	-18.300295097906
4.6286997795105	-18.238012874248
4.6333999633789	-18.167432608765
4.6381001472473	-18.083540177107
4.6427998542786	-17.982528136074
4.6475000381470	-17.863255324926
4.6522002220154	-17.727848075433
4.6568999290466	-17.581192414754
4.6616001129150	-17.429555395282
4.6662998199463	-17.278867666757
4.6710000038147	-17.133210947925
4.6757001876831	-16.993959300412
4.6803998947144	-16.859672682409
4.6851000785828	-16.726785489896
4.6897997856140	-16.590865216580
4.6944999694824	-16.448082757793
4.6992001533508	-16.296511961549
4.7038998603821	-16.136799380224
4.7086000442505	-15.972045065716
4.7133002281189	-15.806902894633
4.7179999351501	-15.646283411108
4.7227001190186	-15.494058348430
4.7273998260498	-15.352127458624
4.7321000099182	-15.220039236615
4.7368001937866	-15.095273311404
4.7414999008179	-14.974016115491
4.7462000846863	-14.852295437962
4.7508997917175	-14.727167755593
4.7555999755859	-14.597590725859
4.7603001594543	-14.464724967419
4.7649998664856	-14.331604120013
4.7697000503540	-14.202247243345
4.7744002342224	-14.080528694596
4.7790999412537	-13.969168791748
4.7838001251221	-13.869036018140
4.7884998321533	-13.778991898963
4.7932000160217	-13.696201727118
4.7979001998901	-13.616940308437
4.8025999069214	-13.537604010668
4.8073000907898	-13.455718525068
4.8119997978210	-13.370634952261
4.8166999816895	-13.283705287399
4.8214001655579	-13.197855760667
4.8260998725891	-13.116734668203
4.8308000564575	-13.043665630871
4.8354997634888	-12.980742799161
4.8401999473572	-12.928224248573
4.8449001312256	-12.884468733765
4.8495998382568	-12.846299686753
4.8543000221252	-12.809823343291
4.8590002059937	-12.771455441938
4.8636999130249	-12.728867864729
4.8684000968933	-12.681639789190
4.8730998039246	-12.631329507117
4.8777999877930	-12.580963231109
4.8825001716614	-12.534114999227
4.8871998786926	-12.493836472474
4.8919000625610	-12.461737964667
4.8965997695923	-12.437460172397
4.9012999534607	-12.418642668360
4.9060001373291	-12.401413378296
4.9106998443604	-12.381275240022
4.9154000282288	-12.354184866750
4.9201002120972	-12.317502448284
4.9247999191284	-12.270549046132
4.9295001029968	-12.214525382891
4.9341998100281	-12.151879934825
4.9388999938965	-12.085288315155
4.9436001777649	-12.016663771220
4.9482998847961	-11.946444333256
4.9530000686646	-11.873448987157
4.9576997756958	-11.795311569441
4.9623999595642	-11.709392608372
4.9671001434326	-11.613916670419
4.9717998504639	-11.508931230529
4.9765000343323	-11.396789001822
4.9812002182007	-11.281907303503
4.9858999252319	-11.169884885571
4.9906001091003	-11.066251497713
4.9952998161316	-10.975164594248
5.0000000000000	-10.898393104340
#Parameters = {R_fat=48; R_glandular=38; R_skin_outer=50; T10=5; T15=7.5; T5=2.5; T_rad=4; T_x=10; T_y=0; T_z=75; Zc=65; skin_thickness=2; Mesh Pass=5}
#"Frequency / GHz"	"S1,1 (Mesh Pass=5) [Magnitude / dB]"
#-------------------------------------------------------
0.30000001192093	-22.533736473226
0.30469998717308	-23.337826924103
0.30939999222755	-23.446171860057
0.31409999728203	-22.879911421482
0.31880000233650	-22.062527034646
0.32350000739098	-21.391444809377
0.32820001244545	-21.091575325643
0.33289998769760	-21.296234948944
0.33759999275208	-22.140668728763
0.34229999780655	-23.843765213484
0.34700000286102	-26.750173610904
0.35170000791550	-30.009028731970
0.35640001296997	-27.208351412685
0.36109998822212	-22.208045668810
0.36579999327660	-18.407128727549
0.37049999833107	-15.541198098664
0.37520000338554	-13.316268665264
0.37990000844002	-11.573207582159
0.38460001349449	-10.226734589491
0.38929998874664	-9.2275425666911
0.39399999380112	-8.5415835752361
0.39869999885559	-8.1393285162693
0.40340000391006	-7.9918052043305
0.40810000896454	-8.0710885386776
0.41280001401901	-8.3527507634547
0.41749998927116	-8.8181017157130
0.42219999432564	-9.4548589742958
0.42689999938011	-10.255313009225
0.43160000443459	-11.210535271396
0.43630000948906	-12.297622647872
0.44100001454353	-13.455524848097
0.44569998979568	-14.551112341352
0.45039999485016	-15.370524385339
0.45509999990463	-15.715951857660
0.45980000495911	-15.580202802567
0.46450001001358	-15.159720150719
0.46919998526573	-14.683362806813
0.47389999032021	-14.299791821700
0.47859999537468	-14.077395593200
0.48330000042915	-14.036388593318
0.48800000548363	-14.171283839000
0.49270001053810	-14.459262585172
0.49739998579025	-14.858480545866
0.50209999084473	-15.301473207821
0.50679999589920	-15.692958966420
0.51150000095367	-15.927569601890
0.51620000600815	-15.934559960199
0.52090001106262	-15.720046147116
0.52560001611710	-15.361111118320
0.53030002117157	-14.958259797753
0.53500002622604	-14.594048719079
0.53969997167587	-14.319455999043
0.54439997673035	-14.157285482328
0.54909998178482	-14.108761195577
0.55379998683929	-14.157412394156
0.55849999189377	-14.270085403734
0.56319999694824	-14.398045872970
0.56790000200272	-14.483021088824
0.57260000705719	-14.471938638215
0.57730001211166	-14.336729859780
0.58200001716614	-14.086310935021
0.58670002222061	-13.760519210943
0.59140002727509	-13.411354904778
0.59609997272491	-13.085361985764
0.60079997777939	-12.814626962988
0.60549998283386	-12.614929123473
0.61019998788834	-12.486881811888
0.61489999294281	-12.417587548760
0.61959999799728	-12.382564206835
0.62430000305176	-12.349255532718
0.62900000810623	-12.283545582734
0.63370001316071	-12.159015425788
0.63840001821518	-11.965407138531
0.64310002326965	-11.711506530288
0.64780002832413	-11.420614263082
0.65249997377396	-11.121713133849
0.65719997882843	-10.841127643696
0.66189998388290	-10.597356126740
0.66659998893738	-10.398987544272
0.67129999399185	-10.244535851432
0.67599999904633	-10.123449391480
0.68070000410080	-10.018228299538
0.68540000915527	-9.9080020843465
0.69010001420975	-9.7734705621260
0.69480001926422	-9.6020913672719
0.69950002431870	-9.3915097945903
0.70420002937317	-9.1496173638292
0.70889997482300	-8.8913654953215
0.71359997987747	-8.6340040749873
0.71829998493195	-8.3927000656440
0.72299998998642	-8.1775549144366
0.72769999504089	-7.9921774119358
0.73240000009537	-7.8335187154191
0.73710000514984	-7.6928183586183
0.74180001020432	-7.5576039359709
0.74650001525879	-7.4146071512441
0.75120002031326	-7.2531031774735
0.75590002536774	-7.0676885469571
0.76059997081757	-6.8595205256374
0.76529997587204	-6.6355700996157
0.76999998092651	-6.4063269727594
0.77469998598099	-6.1828927449761
0.77939999103546	-5.9743811212759
0.78409999608994	-5.7861093023971
0.78880000114441	-5.6187503397315
0.79350000619888	-5.4684443954778
0.79820001125336	-5.3277932115621
0.80290001630783	-5.1876606394715
0.80760002136230	-5.0394336086290
0.81230002641678	-4.8772420931121
0.81699997186661	-4.6994302674586
0.82169997692108	-4.5088436305285
0.82639998197556	-4.3118594473113
0.83109998703003	-4.1165996617334
0.83579999208450	-3.9308834550481
0.84049999713898	-3.7604694789679
0.84520000219345	-3.6078962596109
0.84990000724792	-3.4720733947404
0.85460001230240	-3.3486543022034
0.85930001735687	-3.2311662919169
0.86400002241135	-3.1126712228453
0.86870002746582	-2.9875873496135
0.87339997291565	-2.8531989377464
0.87809997797012	-2.7103804386992
0.88279998302460	-2.5633416179747
0.88749998807907	-2.4184949709230
0.89219999313354	-2.2828392424880
0.89689999818802	-2.1623005562583
0.90160000324249	-2.0604142597100
0.90630000829697	-1.9776164785834
0.91100001335144	-1.9112899963155
0.91570001840591	-1.8565370779595
0.92040002346039	-1.8075736994820
0.92510002851486	-1.7594314189837
0.92979997396469	-1.7095094046050
0.93449997901917	-1.6585544851888
0.93919998407364	-1.6107344045810
0.94389998912811	-1.5728006868234
0.94859999418259	-1.5526000697304
0.95329999923706	-1.5573730813652
0.95800000429153	-1.5922829861437
0.96270000934601	-1.6595347617411
0.96740001440048	-1.7583202926102
0.97210001945496	-1.8856406391382
0.97680002450943	-2.0379133129947
0.98150002956390	-2.2131083658398
0.98619997501373	-2.4129223084432
0.99089998006821	-2.6444636780458
0.99559998512268	-2.9210448944737
1.0003000497818	-3.2619281304850
1.0049999952316	-3.6914198626044
1.0096999406815	-4.2380121663428
1.0144000053406	-4.9344987440961
1.0190999507904	-5.8200664466481
1.0238000154495	-6.9456398633973
1.0284999608994	-8.3849410332391
1.0332000255585	-10.256473952846
1.0378999710083	-12.768486667270
1.0426000356674	-16.289480402877
1.0472999811172	-20.863678663024
1.0520000457764	-20.827115820225
1.0566999912262	-16.154605857898
1.0614000558853	-12.534434932541
1.0661000013351	-9.9301860260716
1.0707999467850	-7.9749542142771
1.0755000114441	-6.4620999985297
1.0801999568939	-5.2746048614987
1.0849000215530	-4.3399249954873
1.0895999670029	-3.6077727097146
1.0943000316620	-3.0390102003444
1.0989999771118	-2.6002276997293
1.1037000417709	-2.2616187229580
1.1083999872208	-1.9968168226668
1.1131000518799	-1.7837704194624
1.1177999973297	-1.6057872947661
1.1224999427795	-1.4521011925039
1.1272000074387	-1.3175701256632
1.1318999528885	-1.2014550160636
1.1366000175476	-1.1055858209752
1.1412999629974	-1.0323956830659
1.1460000276566	-0.98328360706728
1.1506999731064	-0.95758586777723
1.1554000377655	-0.95230440891437
1.1600999832153	-0.96252538959067
1.1648000478745	-0.98231483227396
1.1694999933243	-1.0059255942198
1.1742000579834	-1.0289179561408
1.1789000034332	-1.0489618075911
1.1835999488831	-1.0660973159268
1.1883000135422	-1.0823897357141
1.1929999589920	-1.1011024384738
1.1977000236511	-1.1256407636246
1.2023999691010	-1.1585645263753
1.2071000337601	-1.2009058915845
1.2117999792099	-1.2519309300936
1.2165000438690	-1.3093404408303
1.2211999893188	-1.3698514891543
1.2259000539780	-1.4300119712348
1.2305999994278	-1.4870096949682
1.2352999448776	-1.5393405532930
1.2400000095367	-1.5870983596916
1.2446999549866	-1.6318717501271
1.2494000196457	-1.6762193331641
1.2540999650955	-1.7229720986614
1.2588000297546	-1.7744694317996
1.2634999752045	-1.8319954771673
1.2682000398636	-1.8954958330960
1.2728999853134	-1.9636353953737
1.2776000499725	-2.0341624225800
1.2822999954224	-2.1044870072586
1.2869999408722	-2.1723197014284
1.2917000055313	-2.2362404913270
1.2963999509811	-2.2960248050941
1.3011000156403	-2.3526689149976
1.3057999610901	-2.4080972843954
1.3105000257492	-2.4646310369339
1.3151999711990	-2.5244056458802
1.3199000358582	-2.5888532926814
1.3245999813080	-2.6583769091463
1.3293000459671	-2.7322986544081
1.3339999914169	-2.8090650677404
1.3387000560760	-2.8866442592570
1.3434000015259	-2.9630449488101
1.3480999469757	-3.0368109864433
1.3528000116348	-3.1073816092040
1.3574999570847	-3.1752231464582
1.3622000217438	-3.2416993544112
1.3668999671936	-3.3087139134952
1.3716000318527	-3.3782383350867
1.3762999773026	-3.4518414293659
1.3810000419617	-3.5303416144370
1.3856999874115	-3.6136460053206
1.3904000520706	-3.7008134181522
1.3950999975204	-3.7903118762827
1.3997999429703	-3.8804081517079
1.4045000076294	-3.9696054709677
1.4091999530792	-4.0570308201729
1.4139000177383	-4.1426464674196
1.4185999631882	-4.2272821053935
1.4233000278473	-4.3124263261588
1.4279999732971	-4.3998833447363
1.4327000379562	-4.4913512699407
1.4373999834061	-4.5880533129309
1.4421000480652	-4.6904906137629
1.4467999935150	-4.7983640039509
1.4515000581741	-4.9106848168396
1.4562000036240	-5.0260419955105
1.4608999490738	-5.1429575361508
1.4656000137329	-5.2602790532279
1.4702999591827	-5.3774795273387
1.4750000238419	-5.4948258029066
1.4796999692917	-5.6133424824975
1.4844000339508	-5.7346061402303
1.4890999794006	-5.8604107137126
1.4938000440598	-5.9923874690396
1.4984999895096	-6.1316797142992
1.5032000541687	-6.2787252497834
1.5078999996185	-6.4332048194025
1.5125999450684	-6.5941488602253
1.5173000097275	-6.7601999149426
1.5219999551773	-6.9299598654832
1.5267000198364	-7.1023722462328
1.5313999652863	-7.2770211810832
1.5361000299454	-7.4543053321257
1.5407999753952	-7.6354158031361
1.5455000400543	-7.8221308082809
1.5501999855042	-8.0164794409250
1.5549000501633	-8.2203428297140
1.5595999956131	-8.4350979950936
1.5642999410629	-8.6613517116126
1.5690000057220	-8.8988494736893
1.5736999511719	-9.1465565424952
1.5784000158310	-9.4029139493492
1.5830999612808	-9.6662337946130
1.5878000259399	-9.9351507410192
1.5924999713898	-10.209029962767
1.5972000360489	-10.488233920524
1.6018999814987	-10.774162846036
1.6066000461578	-11.069061021726
1.6112999916077	-11.375619374590
1.6160000562668	-11.696466859304
1.6207000017166	-12.033666062545
1.6253999471664	-12.388295830382
1.6301000118256	-12.760228276893
1.6347999572754	-13.148130696764
1.6395000219345	-13.549742202699
1.6441999673843	-13.962350361458
1.6489000320435	-14.383450714210
1.6535999774933	-14.811401342988
1.6583000421524	-15.245918038566
1.6629999876022	-15.688259617537
1.6677000522614	-16.141035155322
1.6723999977112	-16.607655601267
1.6770999431610	-17.091516987676
1.6818000078201	-17.595123251099
1.6864999532700	-18.119243582755
1.6912000179291	-18.662306763051
1.6958999633789	-19.220015788764
1.7006000280380	-19.785358516204
1.7052999734879	-20.348971953008
1.7100000381470	-20.899862745118
1.7146999835968	-21.426319822286
1.7194000482559	-21.916937045786
1.7240999937057	-22.361421210348
1.7288000583649	-22.751269263428
1.7335000038147	-23.080045320416
1.7381999492645	-23.343673270684
1.7429000139236	-23.540546440747
1.7475999593735	-23.671592617144
1.7523000240326	-23.739999219332
1.7569999694824	-23.750655742150
1.7617000341415	-23.709212471346
1.7663999795914	-23.621216252923
1.7711000442505	-23.491612139947
1.7757999897003	-23.324770162700
1.7805000543594	-23.125096140249
1.7851999998093	-22.897831669155
1.7898999452591	-22.649700903158
1.7946000099182	-22.389007448757
1.7992999553680	-22.125136436164
1.8040000200272	-21.867578917265
1.8086999654770	-21.624762667125
1.8134000301361	-21.403036692933
1.8180999755859	-21.205955652147
1.8228000402451	-21.034040638748
1.8274999856949	-20.884982825393
1.8322000503540	-20.754296241558
1.8368999958038	-20.636373111025
1.8415999412537	-20.525715492893
1.8463000059128	-20.418188072152
1.8509999513626	-20.311969714709
1.8557000160217	-20.207903589117
1.8603999614716	-20.109217322183
1.8651000261307	-20.020680661504
1.8697999715805	-19.947396934849
1.8745000362396	-19.893679976544
1.8791999816895	-19.862132932886
1.8839000463486	-19.853145787078
1.8885999917984	-19.864833622020
1.8933000564575	-19.893470032605
1.8980000019073	-19.934260666562
1.9026999473572	-19.982395845713
1.9074000120163	-20.034153472853
1.9120999574661	-20.087776294219
1.9168000221252	-20.143921615632
1.9214999675751	-20.205486315488
1.9262000322342	-20.276934686479
1.9308999776840	-20.363300792058
1.9356000423431	-20.469084023991
1.9402999877930	-20.597350867613
1.9450000524521	-20.749163938061
1.9496999979019	-20.923440066303
1.9543999433517	-21.117164192449
1.9591000080109	-21.326037980259
1.9637999534607	-21.545410531098
1.9685000181198	-21.771291141309
1.9731999635696	-22.001305332354
1.9779000282288	-22.235205889656
1.9825999736786	-22.474911332309
1.9873000383377	-22.723918952183
1.9919999837875	-22.986324374753
1.9967000484467	-23.265659915231
2.0013999938965	-23.563712656657
2.0060999393463	-23.879610634562
2.0107998847961	-24.209210909252
2.0155000686646	-24.544796641211
2.0202000141144	-24.875176640658
2.0248999595642	-25.186250279875
2.0295999050140	-25.461941126864
2.0343000888824	-25.685604968614
2.0390000343323	-25.841730936320
2.0436999797821	-25.917793032460
2.0483999252319	-25.905945935064
2.0531001091003	-25.804132926685
2.0578000545502	-25.616397339158
2.0625000000000	-25.352017215989
2.0671999454498	-25.023864534935
2.0718998908997	-24.646187571550
2.0766000747681	-24.232616445293
2.0813000202179	-23.794643774588
2.0859999656677	-23.340944405353
2.0906999111176	-22.877390531189
2.0954000949860	-22.407688762897
2.1001000404358	-21.934268766345
2.1047999858856	-21.459213415035
2.1094999313354	-20.985032363388
2.1142001152039	-20.514969195933
2.1189000606537	-20.052978186589
2.1236000061035	-19.603334767708
2.1282999515533	-19.170067648531
2.1329998970032	-18.756387989584
2.1377000808716	-18.364259895418
2.1424000263214	-17.994146855320
2.1470999717712	-17.645053299260
2.1517999172211	-17.314788757340
2.1565001010895	-17.000432065667
2.1612000465393	-16.698917128151
2.1658999919891	-16.407621712440
2.1705999374390	-16.124850484645
2.1752998828888	-15.850070757735
2.1800000667572	-15.583913321776
2.1847000122070	-15.327867162658
2.1893999576569	-15.083839830294
2.1940999031067	-14.853616678326
2.1988000869751	-14.638397635735
2.2035000324249	-14.438497339568
2.2081999778748	-14.253225129454
2.2128999233246	-14.080998534554
2.2176001071930	-13.919652798502
2.2223000526428	-13.766872607338
2.2269999980927	-13.620645901125
2.2316999435425	-13.479666147923
2.2363998889923	-13.343544270835
2.2411000728607	-13.212817352836
2.2458000183105	-13.088728239114
2.2504999637604	-12.972860094425
2.2551999092102	-12.866700813032
2.2599000930786	-12.771249454862
2.2646000385284	-12.686754506231
2.2692999839783	-12.612620933488
2.2739999294281	-12.547531307288
2.2787001132965	-12.489703392314
2.2834000587463	-12.437293155430
2.2881000041962	-12.388780951278
2.2927999496460	-12.343293479728
2.2974998950958	-12.300782097857
2.3022000789642	-12.261980364230
2.3069000244141	-12.228183882065
2.3115999698639	-12.200897863861
2.3162999153137	-12.181457766643
2.3210000991821	-12.170679551339
2.3257000446320	-12.168659938774
2.3303999900818	-12.174754758191
2.3350999355316	-12.187693471484
2.3397998809814	-12.205902548764
2.3445000648499	-12.227850535830
2.3492000102997	-12.252422957011
2.3538999557495	-12.279177893349
2.3585999011993	-12.308457197034
2.3633000850677	-12.341291908459
2.3680000305176	-12.379141094142
2.3726999759674	-12.423550980697
2.3773999214172	-12.475755849477
2.3821001052856	-12.536430751661
2.3868000507355	-12.605504078897
2.3914999961853	-12.682203674029
2.3961999416351	-12.765255188373
2.4008998870850	-12.853191679066
2.4056000709534	-12.944743103595
2.4103000164032	-13.039169946737
2.4149999618530	-13.136489670542
2.4196999073029	-13.237510130594
2.4244000911713	-13.343672413956
2.4291000366211	-13.456749621991
2.4337999820709	-13.578469279148
2.4384999275208	-13.710123215119
2.4432001113892	-13.852338751570
2.4479000568390	-14.004949762088
2.4526000022888	-14.167097224698
2.4572999477386	-14.337490114666
2.4619998931885	-14.514783498483
2.4667000770569	-14.697995532147
2.4714000225067	-14.886856765729
2.4760999679565	-15.082028523515
2.4807999134064	-15.285065338389
2.4855000972748	-15.498217990898
2.4902000427246	-15.724037215032
2.4948999881744	-15.964952092943
2.4995999336243	-16.222840052770
2.5043001174927	-16.498776064651
2.5090000629425	-16.792966090291
2.5137000083923	-17.104894091949
2.5183999538422	-17.433677392598
2.5230998992920	-17.778582795559
2.5278000831604	-18.139592314060
2.5325000286102	-18.517889125650
2.5371999740601	-18.916155856877
2.5418999195099	-19.338622930464
2.5466001033783	-19.790831032259
2.5513000488281	-20.279238729000
2.5559999942780	-20.810744110274
2.5606999397278	-21.392300149841
2.5653998851776	-22.030741260465
2.5701000690460	-22.732996263848
2.5748000144958	-23.506701324715
2.5794999599457	-24.361447624138
2.5841999053955	-25.310746525035
2.5889000892639	-26.375073047697
2.5936000347137	-27.586354734895
2.5982999801636	-28.995426055734
2.6029999256134	-30.685419468341
2.6077001094818	-32.799911308995
2.6124000549316	-35.610719776033
2.6171000003815	-39.694021256944
2.6217999458313	-45.735231649683
2.6264998912811	-44.346014524240
2.6312000751495	-38.539692157260
2.6359000205994	-34.724583490626
2.6405999660492	-32.030689636947
2.6452999114990	-29.971600207228
2.6500000953674	-28.312137957461
2.6547000408173	-26.923173564439
2.6593999862671	-25.726308488227
2.6640999317169	-24.670930157451
2.6688001155853	-23.723359754731
2.6735000610352	-22.861145114467
2.6782000064850	-22.069613485037
2.6828999519348	-21.339278201621
2.6875998973846	-20.663922177811
2.6923000812531	-20.039060509025
2.6970000267029	-19.460807881619
2.7016999721527	-18.925140497898
2.7063999176025	-18.427609172672
2.7111001014709	-17.963278339244
2.7158000469208	-17.527037722610
2.7204999923706	-17.113997512554
2.7251999378204	-16.719941409191
2.7298998832703	-16.341737983182
2.7346000671387	-15.977483184344
2.7393000125885	-15.626479839062
2.7439999580383	-15.288945182728
2.7486999034882	-14.965584868804
2.7534000873566	-14.657109366305
2.7581000328064	-14.363829180881
2.7627999782562	-14.085383147154
2.7674999237061	-13.820669996926
2.7722001075745	-13.567956576773
2.7769000530243	-13.325163178274
2.7815999984741	-13.090214063013
2.7862999439240	-12.861411859531
2.7909998893738	-12.637698777415
2.7957000732422	-12.418772720740
2.8004000186920	-12.205016791878
2.8050999641418	-11.997274300612
2.8097999095917	-11.796524914877
2.8145000934601	-11.603554173391
2.8192000389099	-11.418688974678
2.8238999843597	-11.241664893076
2.8285999298096	-11.071632042576
2.8333001136780	-10.907334271439
2.8380000591278	-10.747363978252
2.8427000045776	-10.590457079812
2.8473999500275	-10.435763162832
2.8520998954773	-10.282989537673
2.8568000793457	-10.132416333633
2.8615000247955	-9.9847663792322
2.8661999702454	-9.8409688188288
2.8708999156952	-9.7018734099525
2.8756000995636	-9.5680172785766
2.8803000450134	-9.4394582231837
2.8849999904633	-9.3157501720681
2.8896999359131	-9.1960257220918
2.8943998813629	-9.0792116024677
2.8991000652313	-8.9642708616457
2.9038000106812	-8.8504366476286
2.9084999561310	-8.7373978452867
2.9131999015808	-8.6253280266126
2.9179000854492	-8.5148190681977
2.9226000308990	-8.4067090010243
2.9272999763489	-8.3018349896431
2.9319999217987	-8.2008093198969
2.9367001056671	-8.1038582479725
2.9414000511169	-8.0107482205991
2.9460999965668	-7.9208595857028
2.9507999420166	-7.8333202519999
2.9554998874664	-7.7472313852395
2.9602000713348	-7.6618816485012
2.9649000167847	-7.5769176325157
2.9695999622345	-7.4924214486864
2.9742999076843	-7.4088742744557
2.9790000915527	-7.3270061402190
2.9837000370026	-7.2476069231364
2.9883999824524	-7.1713109532669
2.9930999279022	-7.0984257587131
2.9978001117706	-7.0288581491703
3.0025000572205	-6.9621410546076
3.0072000026703	-6.8975356034765
3.0118999481201	-6.8342350272220
3.0165998935699	-6.7715589284223
3.0213000774384	-6.7091211999025
3.0260000228882	-6.6469225842880
3.0306999683380	-6.5853378235160
3.0353999137878	-6.5250060680747
3.0401000976562	-6.4666576517974
3.0448000431061	-6.4109254485938
3.0494999885559	-6.3581626318592
3.0541999340057	-6.3083656363887
3.0589001178741	-6.2611648517430
3.0636000633240	-6.2159225412175
3.0683000087738	-6.1718930898934
3.0729999542236	-6.1284125129441
3.0776998996735	-6.0850601374569
3.0824000835419	-6.0417696794665
3.0871000289917	-5.9988297020676
3.0917999744415	-5.9568029944341
3.0964999198914	-5.9163675112012
3.1012001037598	-5.8781490422503
3.1059000492096	-5.8425349681741
3.1105999946594	-5.8095846432866
3.1152999401093	-5.7790120563658
3.1199998855591	-5.7502476756046
3.1247000694275	-5.7225967491626
3.1294000148773	-5.6954006791860
3.1340999603271	-5.6682149777406
3.1387999057770	-5.6409122074525
3.1435000896454	-5.6137124754553
3.1482000350952	-5.5871121840332
3.1528999805450	-5.5617555354749
3.1575999259949	-5.5382570750678
3.1623001098633	-5.5170315372718
3.1670000553131	-5.4981980323848
3.1717000007629	-5.4815238554198
3.1763999462128	-5.4665052795196
3.1810998916626	-5.4524772265191
3.1858000755310	-5.4387874617552
3.1905000209808	-5.4249573193927
3.1951999664307	-5.4108163969220
3.1998999118805	-5.3965165158328
3.2046000957489	-5.3825072787015
3.2093000411987	-5.3693962055460
3.2139999866486	-5.3577908193422
3.2186999320984	-5.3481296886507
3.2234001159668	-5.3405689561098
3.2281000614166	-5.3349248596709
3.2328000068665	-5.3307262974653
3.2374999523163	-5.3273237952055
3.2421998977661	-5.3240528928543
3.2469000816345	-5.3204016375975
3.2516000270844	-5.3161374831511
3.2562999725342	-5.3113502010996
3.2609999179840	-5.3064358676256
3.2657001018524	-5.3019558020850
3.2704000473022	-5.2985023330751
3.2750999927521	-5.2965154557588
3.2797999382019	-5.2961574016098
3.2844998836517	-5.2972579440084
3.2892000675201	-5.2993431443609
3.2939000129700	-5.3017478734979
3.2985999584198	-5.3037587457010
3.3032999038696	-5.3048014831642
3.3080000877380	-5.3045628978823
3.3127000331879	-5.3030579650917
3.3173999786377	-5.3005954267399
3.3220999240875	-5.2976878559516
3.3268001079559	-5.2948691523059
3.3315000534058	-5.2925395945243
3.3361999988556	-5.2908235802340
3.3408999443054	-5.2895063821928
3.3455998897552	-5.2880579903683
3.3503000736237	-5.2857392408034
3.3550000190735	-5.2817598801630
3.3596999645233	-5.2754535039850
3.3643999099731	-5.2664218327033
3.3691000938416	-5.2545971710816
3.3738000392914	-5.2402273697061
3.3784999847412	-5.2237696469648
3.3831999301910	-5.2057267847441
3.3879001140594	-5.1864680431497
3.3926000595093	-5.1661055955880
3.3973000049591	-5.1444190456702
3.4019999504089	-5.1208885000879
3.4066998958588	-5.0948079562945
3.4114000797272	-5.0654418682551
3.4161000251770	-5.0322165942043
3.4207999706268	-4.9948534642457
3.4254999160767	-4.9534413606129
3.4302000999451	-4.9084068929957
3.4349000453949	-4.8604143141926
3.4395999908447	-4.8101857797706
3.4442999362946	-4.7583464024088
3.4489998817444	-4.7052849218307
3.4537000656128	-4.6510993475573
3.4584000110626	-4.5956227348255
3.4630999565125	-4.5385334767950
3.4677999019623	-4.4795106747015
3.4725000858307	-4.4183898645915
3.4772000312805	-4.3552909561602
3.4818999767303	-4.2906592194266
3.4865999221802	-4.2252331050777
3.4913001060486	-4.1599248040769
3.4960000514984	-4.0956778456013
3.5006999969482	-4.0332928656022
3.5053999423981	-3.9733214387417
3.5100998878479	-3.9159988004157
3.5148000717163	-3.8612791639190
3.5195000171661	-3.8089180943954
3.5241999626160	-3.7586166946206
3.5288999080658	-3.7101505355368
3.5336000919342	-3.6634925656796
3.5383000373840	-3.6188567481481
3.5429999828339	-3.5766839963799
3.5476999282837	-3.5375547249220
3.5524001121521	-3.5020679507761
3.5571000576019	-3.4707014224205
3.5618000030518	-3.4437117510163
3.5664999485016	-3.4210743973988
3.5711998939514	-3.4024969803065
3.5759000778198	-3.3874957891457
3.5806000232697	-3.3755099772029
3.5852999687195	-3.3660365258256
3.5899999141693	-3.3587461637992
3.5947000980377	-3.3535442221462
3.5994000434875	-3.3505809777467
3.6040999889374	-3.3501918747732
3.6087999343872	-3.3527833373709
3.6135001182556	-3.3587148895748
3.6182000637054	-3.3681795000768
3.6229000091553	-3.3811361798826
3.6275999546051	-3.3972977976356
3.6322999000549	-3.4161819630028
3.6370000839233	-3.4372093798157
3.6417000293732	-3.4598351668340
3.6463999748230	-3.4836632290427
3.6510999202728	-3.5085303977164
3.6558001041412	-3.5345312323380
3.6605000495911	-3.5619794768235
3.6651999950409	-3.5913068865242
3.6698999404907	-3.6229392355157
3.6745998859406	-3.6571776340673
3.6793000698090	-3.6940990160588
3.6840000152588	-3.7335273123993
3.6886999607086	-3.7750645480141
3.6933999061584	-3.8181775551634
3.6981000900269	-3.8623262471249
3.7028000354767	-3.9070894674549
3.7074999809265	-3.9522679021859
3.7121999263763	-3.9979325764139
3.7169001102448	-4.0444014107865
3.7216000556946	-4.0921468647199
3.7263000011444	-4.1416762219609
3.7309999465942	-4.1933885845071
3.7356998920441	-4.2474664158026
3.7404000759125	-4.3038194673890
3.7451000213623	-4.3620926101654
3.7497999668121	-4.4217496527485
3.7544999122620	-4.4822016781973
3.7592000961304	-4.5429502591193
3.7639000415802	-4.6037134896581
3.7685999870300	-4.6644935329374
3.7732999324799	-4.7255755022626
3.7780001163483	-4.7874486728618
3.7827000617981	-4.8506697225815
3.7874000072479	-4.9157070793984
3.7920999526978	-4.9828085623236
3.7967998981476	-5.0519131553137
3.8015000820160	-5.1226463006334
3.8062000274658	-5.1943944778743
3.8108999729156	-5.2664407195872
3.8155999183655	-5.3381329045371
3.8203001022339	-5.4090317934391
3.8250000476837	-5.4790204000479
3.8296999931335	-5.5483073678627
3.8343999385834	-5.6173636514788
3.8390998840332	-5.6867688427862
3.8438000679016	-5.7570293870269
3.8485000133514	-5.8284133478400
3.8531999588013	-5.9008366525176
3.8578999042511	-5.9738414558660
3.8626000881195	-6.0466698905825
3.8673000335693	-6.1184203486268
3.8719999790192	-6.1882454790452
3.8766999244690	-6.2555421222562
3.8814001083374	-6.3200831842426
3.8861000537872	-6.3820507682540
3.8907999992371	-6.4419514162282
3.8954999446869	-6.5004429947390
3.9001998901367	-6.5581258796045
3.9049000740051	-6.6153346268963
3.9096000194550	-6.6720020274550
3.9142999649048	-6.7276370157207
3.9189999103546	-6.7814105928149
3.9237000942230	-6.8323506277506
3.9284000396729	-6.8795700048505
3.9330999851227	-6.9224999139949
3.9377999305725	-6.9610356478499
3.9425001144409	-6.9955586253185
3.9472000598907	-7.0268357325016
3.9519000053406	-7.0558060329087
3.9565999507904	-7.0833298342707
3.9612998962402	-7.1099543118131
3.9660000801086	-7.1357720973431
3.9707000255585	-7.1604097058430
3.9753999710083	-7.1831388026815
3.9800999164581	-7.2030953664350
3.9848001003265	-7.2195481033703
3.9895000457764	-7.2321262612871
3.9941999912262	-7.2409703760926
3.9988999366760	-7.2467352230979
4.0036001205444	-7.2504527709204
4.0082998275757	-7.2532920655587
4.0130000114441	-7.2562938674705
4.0177001953125	-7.2601262973720
4.0223999023438	-7.2649538709389
4.0271000862122	-7.2704360746425
4.0317997932434	-7.2758559663882
4.0364999771118	-7.2803638261158
4.0412001609802	-7.2832314437248
4.0458998680115	-7.2841111384050
4.0506000518799	-7.2831621433448
4.0553002357483	-7.2810502768409
4.0599999427795	-7.2788119064722
4.0647001266479	-7.2776055086141
4.0693998336792	-7.2784408535567
4.0741000175476	-7.2819436081927
4.0788002014160	-7.2882131669110
4.0834999084473	-7.2968312603502
4.0882000923157	-7.3069815534477
4.0928997993469	-7.3176966183129
4.0975999832153	-7.3281267840448
4.1023001670837	-7.3377864447502
4.1069998741150	-7.3467098242309
4.1117000579834	-7.3554566092495
4.1163997650146	-7.3649859500137
4.1210999488831	-7.3764061351382
4.1258001327515	-7.3907041295183
4.1304998397827	-7.4084887414709
4.1352000236511	-7.4298412559478
4.1399002075195	-7.4542921509036
4.1445999145508	-7.4809449043895
4.1493000984192	-7.5087039657618
4.1539998054504	-7.5365716949563
4.1586999893188	-7.5639030965868
4.1634001731873	-7.5905968300431
4.1680998802185	-7.6171181977514
4.1728000640869	-7.6443911106629
4.1774997711182	-7.6735476250628
4.1821999549866	-7.7056349401169
4.1869001388550	-7.7413319144442
4.1915998458862	-7.7807640889113
4.1963000297546	-7.8234563366371
4.2010002136230	-7.8684404004921
4.2056999206543	-7.9144834849633
4.2104001045227	-7.9604116431097
4.2150998115540	-8.0054026991025
4.2197999954224	-8.0492126927270
4.2245001792908	-8.0922477413776
4.2291998863220	-8.1354535154399
4.2339000701904	-8.1800676164328
4.2385997772217	-8.2272885776645
4.2432999610901	-8.2779565208766
4.2480001449585	-8.3323136688905
4.2526998519897	-8.3899280507615
4.2574000358582	-8.4497927980198
4.2621002197266	-8.5105572658880
4.2667999267578	-8.5708979204336
4.2715001106262	-8.6298594221264
4.2761998176575	-8.6871431426469
4.2809000015259	-8.7432152918306
4.2856001853943	-8.7992168173167
4.2902998924255	-8.8567037325815
4.2950000762939	-8.9172711382014
4.2996997833252	-8.9821700919996
4.3043999671936	-9.0520284745618
4.3091001510620	-9.1267126668413
4.3137998580933	-9.2054080351131
4.3185000419617	-9.2868619445250
4.3232002258301	-9.3697661898652
4.3278999328613	-9.4531654946540
4.3326001167297	-9.5367861462868
4.3372998237610	-9.6211925646932
4.3420000076294	-9.7077269044458
4.3467001914978	-9.7982091496914
4.3513998985291	-9.8945248266931
4.3561000823975	-9.9981598169345
4.3607997894287	-10.109823031503
4.3654999732971	-10.229242261451
4.3702001571655	-10.355182935501
4.3748998641968	-10.485708958173
4.3796000480652	-10.618625123603
4.3843002319336	-10.752014461784
4.3889999389648	-10.884726844118
4.3937001228333	-11.016688162586
4.3983998298645	-11.148918036401
4.4031000137329	-11.283240428010
4.4078001976013	-11.421767607093
4.4124999046326	-11.566280209394
4.4172000885010	-11.717677092230
4.4218997955322	-11.875632376017
4.4265999794006	-12.038553933402
4.4313001632690	-12.203883775583
4.4359998703003	-12.368687099380
4.4407000541687	-12.530408056377
4.4454002380371	-12.687583293277
4.4500999450684	-12.840305022168
4.4548001289368	-12.990249069815
4.4594998359680	-13.140253987046
4.4642000198364	-13.293547759335
4.4689002037048	-13.452836286016
4.4735999107361	-13.619504718518
4.4783000946045	-13.793129281203
4.4829998016357	-13.971445727080
4.4876999855042	-14.150805665114
4.4924001693726	-14.327068031502
4.4970998764038	-14.496723540663
4.5018000602722	-14.657943947126
4.5064997673035	-14.811187450038
4.5111999511719	-14.959143048466
4.5159001350403	-15.105993391836
4.5205998420715	-15.256179484132
4.5253000259399	-15.413069370812
4.5300002098083	-15.577868557257
4.5346999168396	-15.749056359053
4.5394001007080	-15.922513091843
4.5440998077393	-16.092401333498
4.5487999916077	-16.252637631336
4.5535001754761	-16.398607068745
4.5581998825073	-16.528591287187
4.5629000663757	-16.644346554021
4.5675997734070	-16.750552321059
4.5722999572754	-16.853324982205
4.5770001411438	-16.958234979077
4.5816998481750	-17.068489725310
4.5864000320435	-17.183732581065
4.5911002159119	-17.299787786149
4.5957999229431	-17.409513630439
4.6005001068115	-17.504593280407
4.6051998138428	-17.577956718068
4.6098999977112	-17.626025442969
4.6146001815796	-17.649953380984
4.6192998886108	-17.655245424156
4.6240000724792	-17.649983383981
4.6286997795105	-17.642201601187
4.6333999633789	-17.637468915941
4.6381001472473	-17.637231036899
4.6427998542786	-17.638401539337
4.6475000381470	-17.634191553067
4.6522002220154	-17.616123364610
4.6568999290466	-17.576680245171
4.6616001129150	-17.511872511278
4.6662998199463	-17.422722078520
4.6710000038147	-17.315037436349
4.6757001876831	-17.197640500010
4.6803998947144	-17.079733466673
4.6851000785828	-16.968357849302
4.6897997856140	-16.866678255794
4.6944999694824	-16.773401346755
4.6992001533508	-16.683374915161
4.7038998603821	-16.589207886265
4.7086000442505	-16.483564363785
4.7133002281189	-16.361509339590
4.7179999351501	-16.222153604449
4.7227001190186	-16.069020254290
4.7273998260498	-15.908983161555
4.7321000099182	-15.750231840692
4.7368001937866	-15.600029745269
4.7414999008179	-15.462889413119
4.7462000846863	-15.339619571717
4.7508997917175	-15.227317711160
4.7555999755859	-15.120273813639
4.7603001594543	-15.011609427904
4.7649998664856	-14.895258496390
4.7697000503540	-14.767762602758
4.7744002342224	-14.629327595296
4.7790999412537	-14.483745661542
4.7838001251221	-14.337273274585
4.7884998321533	-14.196820925013
4.7932000160217	-14.068127781860
4.7979001998901	-13.954327822303
4.8025999069214	-13.855299669243
4.8073000907898	-13.767777042905
4.8119997978210	-13.686227657516
4.8166999816895	-13.604351881800
4.8214001655579	-13.516774729443
4.8260998725891	-13.420598239559
4.8308000564575	-13.316222760067
4.8354997634888	-13.207242376589
4.8401999473572	-13.099360969850
4.8449001312256	-12.998808329893
4.8495998382568	-12.910679066370
4.8543000221252	-12.837647054399
4.8590002059937	-12.779360101616
4.8636999130249	-12.732530021748
4.8684000968933	-12.691755413682
4.8730998039246	-12.650907157037
4.8777999877930	-12.604753283764
4.8825001716614	-12.550449649477
4.8871998786926	-12.488346648267
4.8919000625610	-12.421937363974
4.8965997695923	-12.356834958540
4.9012999534607	-12.299221203280
4.9060001373291	-12.254186672222
4.9106998443604	-12.224439056036
4.9154000282288	-12.209607272500
4.9201002120972	-12.206287907348
4.9247999191284	-12.208835659635
4.9295001029968	-12.210735353370
4.9341998100281	-12.206296701275
4.9388999938965	-12.192233004281
4.9436001777649	-12.168585204029
4.9482998847961	-12.138660711605
4.9530000686646	-12.107970452104
4.9576997756958	-12.082500817372
4.9623999595642	-12.066852943422
4.9671001434326	-12.062739520284
4.9717998504639	-12.068169296909
4.9765000343323	-12.077508713943
4.9812002182007	-12.082449856158
4.9858999252319	-12.073821539558
4.9906001091003	-12.043801259495
4.9952998161316	-11.987989273948
5.0000000000000	-11.906522654307
#Parameters = {R_fat=48; R_glandular=38; R_skin_outer=50; T10=5; T15=7.5; T5=2.5; T_rad=4; T_x=10; T_y=0; T_z=75; Zc=65; skin_thickness=2; Mesh Pass=6}
#"Frequency / GHz"	"S1,1 (Mesh Pass=6) [Magnitude / dB]"
#-------------------------------------------------------
0.30000001192093	-23.936620125274
0.30469998717308	-23.716464762542
0.30939999222755	-23.884102503522
0.31409999728203	-24.480746424506
0.31880000233650	-25.545160532467
0.32350000739098	-26.994981203803
0.32820001244545	-28.168600580736
0.33289998769760	-27.537792751434
0.33759999275208	-25.086797270442
0.34229999780655	-22.320863324231
0.34700000286102	-19.881223394505
0.35170000791550	-17.827570641981
0.35640001296997	-16.097075700754
0.36109998822212	-14.622973398511
0.36579999327660	-13.355157849279
0.37049999833107	-12.261185530852
0.37520000338554	-11.323875942278
0.37990000844002	-10.538131481034
0.38460001349449	-9.9067998260500
0.38929998874664	-9.4354626485101
0.39399999380112	-9.1269400745716
0.39869999885559	-8.9773507719601
0.40340000391006	-8.9754714659408
0.40810000896454	-9.1055674657421
0.41280001401901	-9.3520515659304
0.41749998927116	-9.7038707023476
0.42219999432564	-10.157244574130
0.42689999938011	-10.716514478588
0.43160000443459	-11.393095171217
0.43630000948906	-12.202047293832
0.44100001454353	-13.154119936775
0.44569998979568	-14.238192415879
0.45039999485016	-15.385920386802
0.45509999990463	-16.420328351083
0.45980000495911	-17.053169920331
0.46450001001358	-17.065641072451
0.46919998526573	-16.545405504243
0.47389999032021	-15.791105134816
0.47859999537468	-15.055962384308
0.48330000042915	-14.470300807113
0.48800000548363	-14.081828048319
0.49270001053810	-13.898269107532
0.49739998579025	-13.907639320724
0.50209999084473	-14.082173884521
0.50679999589920	-14.372707290463
0.51150000095367	-14.700111030648
0.51620000600815	-14.956115389330
0.52090001106262	-15.031291613694
0.52560001611710	-14.869152600943
0.53030002117157	-14.501026974639
0.53500002622604	-14.021134494860
0.53969997167587	-13.531528381957
0.54439997673035	-13.107389391544
0.54909998178482	-12.790892320739
0.55379998683929	-12.597316078931
0.55849999189377	-12.521095015040
0.56319999694824	-12.538459274738
0.56790000200272	-12.608292291645
0.57260000705719	-12.675454440018
0.57730001211166	-12.681415276301
0.58200001716614	-12.582818032684
0.58670002222061	-12.368923039169
0.59140002727509	-12.064631528397
0.59609997272491	-11.716648297505
0.60079997777939	-11.374259660415
0.60549998283386	-11.076091019853
0.61019998788834	-10.845079501054
0.61489999294281	-10.688248759821
0.61959999799728	-10.597971119856
0.62430000305176	-10.553722558643
0.62900000810623	-10.525147383496
0.63370001316071	-10.477903934410
0.63840001821518	-10.382515522767
0.64310002326965	-10.223532383463
0.64780002832413	-10.004235091966
0.65249997377396	-9.7440499147137
0.65719997882843	-9.4705321560397
0.66189998388290	-9.2107119155640
0.66659998893738	-8.9849550173190
0.67129999399185	-8.8040458665059
0.67599999904633	-8.6684488489465
0.68070000410080	-8.5690064347316
0.68540000915527	-8.4889096417282
0.69010001420975	-8.4072298924801
0.69480001926422	-8.3039550688326
0.69950002431870	-8.1654284483470
0.70420002937317	-7.9881430946107
0.70889997482300	-7.7791658596828
0.71359997987747	-7.5531338469583
0.71829998493195	-7.3274629607930
0.72299998998642	-7.1177459500719
0.72769999504089	-6.9345465211803
0.73240000009537	-6.7817401167710
0.73710000514984	-6.6562704174952
0.74180001020432	-6.5490899652940
0.74650001525879	-6.4472787063590
0.75120002031326	-6.3371559361146
0.75590002536774	-6.2078010654643
0.76059997081757	-6.0539290454605
0.76529997587204	-5.8770838643354
0.76999998092651	-5.6847493311254
0.77469998598099	-5.4878636612025
0.77939999103546	-5.2977565874746
0.78409999608994	-5.1234592231868
0.78880000114441	-4.9698850252405
0.79350000619888	-4.8370575337991
0.79820001125336	-4.7203614281589
0.80290001630783	-4.6117502527985
0.80760002136230	-4.5017681961271
0.81230002641678	-4.3819690198290
0.81699997186661	-4.2471281630740
0.82169997692108	-4.0965239652335
0.82639998197556	-3.9339366869532
0.83109998703003	-3.7663644664629
0.83579999208450	-3.6020585892367
0.84049999713898	-3.4484055864054
0.84520000219345	-3.3102761807710
0.84990000724792	-3.1890400283401
0.85460001230240	-3.0824369051899
0.85930001735687	-2.9852706089242
0.86400002241135	-2.8908043538924
0.86870002746582	-2.7925673217260
0.87339997291565	-2.6861061464893
0.87809997797012	-2.5702066362684
0.88279998302460	-2.4471674681798
0.88749998807907	-2.3221094066848
0.89219999313354	-2.2015693704491
0.89689999818802	-2.0918192524327
0.90160000324249	-1.9973619035182
0.90630000829697	-1.9199532044047
0.91100001335144	-1.8583338033283
0.91570001840591	-1.8087286508577
0.92040002346039	-1.7660030265471
0.92510002851486	-1.7252477710579
0.92979997396469	-1.6833554872344
0.93449997901917	-1.6401353984706
0.93919998407364	-1.5986600157584
0.94389998912811	-1.5646734222969
0.94859999418259	-1.5453129356633
0.95329999923706	-1.5475106361304
0.95800000429153	-1.5765294684986
0.96270000934601	-1.6350311269879
0.96740001440048	-1.7229122249141
0.97210001945496	-1.8380319688219
0.97680002450943	-1.9777269497341
0.98150002956390	-2.1408690162500
0.98619997501373	-2.3299771536246
0.99089998006821	-2.5528814388176
0.99559998512268	-2.8234942342866
1.0003000497818	-3.1615791843038
1.0049999952316	-3.5918946328912
1.0096999406815	-4.1433663986510
1.0144000053406	-4.8492165134402
1.0190999507904	-5.7489280050807
1.0238000154495	-6.8932216692543
1.0284999608994	-8.3536585671674
1.0332000255585	-10.239120112077
1.0378999710083	-12.715533143535
1.0426000356674	-15.936877888430
1.0472999811172	-18.989089495545
1.0520000457764	-17.917799339564
1.0566999912262	-14.385309831911
1.0614000558853	-11.376637156322
1.0661000013351	-9.0774575968573
1.0707999467850	-7.3021334522745
1.0755000114441	-5.9115865358286
1.0801999568939	-4.8167035561925
1.0849000215530	-3.9576993364084
1.0895999670029	-3.2903412744621
1.0943000316620	-2.7781371412721
1.0989999771118	-2.3884797213224
1.1037000417709	-2.0914277586359
1.1083999872208	-1.8602276872041
1.1131000518799	-1.6726900223458
1.1177999973297	-1.5126160710377
1.1224999427795	-1.3705008007617
1.1272000074387	-1.2430980881638
1.1318999528885	-1.1318888333133
1.1366000175476	-1.0408300705091
1.1412999629974	-0.97403175793114
1.1460000276566	-0.93387223492691
1.1506999731064	-0.91990027757492
1.1554000377655	-0.92860750230563
1.1600999832153	-0.95402065012171
1.1648000478745	-0.98887753293214
1.1694999933243	-1.0261358028663
1.1742000579834	-1.0604160161748
1.1789000034332	-1.0890472198825
1.1835999488831	-1.1124101532579
1.1883000135422	-1.1335020214464
1.1929999589920	-1.1568636002824
1.1977000236511	-1.1872025560187
1.2023999691010	-1.2281231065759
1.2071000337601	-1.2812176373915
1.2117999792099	-1.3457290448329
1.2165000438690	-1.4187913973509
1.2211999893188	-1.4961431610920
1.2259000539780	-1.5731503515753
1.2305999994278	-1.6459107115352
1.2352999448776	-1.7121676207860
1.2400000095367	-1.7718025233339
1.2446999549866	-1.8267546125102
1.2494000196457	-1.8804209998862
1.2540999650955	-1.9367117293732
1.2588000297546	-1.9990325695268
1.2634999752045	-2.0694670795503
1.2682000398636	-2.1483203992524
1.2728999853134	-2.2341130858660
1.2776000499725	-2.3239770189333
1.2822999954224	-2.4143758324177
1.2869999408722	-2.5019529965432
1.2917000055313	-2.5843644079528
1.2963999509811	-2.6608276603326
1.3011000156403	-2.7322905288083
1.3057999610901	-2.8011358941157
1.3105000257492	-2.8705453213112
1.3151999711990	-2.9436693983597
1.3199000358582	-3.0228813993962
1.3245999813080	-3.1092343940132
1.3293000459671	-3.2022644708213
1.3339999914169	-3.3001524328000
1.3387000560760	-3.4001808066039
1.3434000015259	-3.4994018640925
1.3480999469757	-3.5953542159242
1.3528000116348	-3.6866778799528
1.3574999570847	-3.7734334353849
1.3622000217438	-3.8570841693125
1.3668999671936	-3.9401029667546
1.3716000318527	-4.0253536018558
1.3762999773026	-4.1154031644820
1.3810000419617	-4.2119315663313
1.3856999874115	-4.3153865327207
1.3904000520706	-4.4249187074301
1.3950999975204	-4.5386193864937
1.3997999429703	-4.6539905863116
1.4045000076294	-4.7685475459357
1.4091999530792	-4.8804371236993
1.4139000177383	-4.9888996335855
1.4185999631882	-5.0944705369659
1.4233000278473	-5.1988546204035
1.4279999732971	-5.3045252791697
1.4327000379562	-5.4141307852439
1.4373999834061	-5.5299075883485
1.4421000480652	-5.6531956410388
1.4467999935150	-5.7841739536612
1.4515000581741	-5.9218639994816
1.4562000036240	-6.0643772528645
1.4608999490738	-6.2093680746663
1.4656000137329	-6.3546051271654
1.4702999591827	-6.4985258272877
1.4750000238419	-6.6406458363015
1.4796999692917	-6.7817222552668
1.4844000339508	-6.9236036731987
1.4890999794006	-7.0688294321042
1.4938000440598	-7.2200851572530
1.4984999895096	-7.3796178702194
1.5032000541687	-7.5487848785422
1.5078999996185	-7.7277873651452
1.5125999450684	-7.9156532848216
1.5173000097275	-8.1104651668491
1.5219999551773	-8.3097984744717
1.5267000198364	-8.5112924699447
1.5313999652863	-8.7132420131356
1.5361000299454	-8.9150543054210
1.5407999753952	-9.1174622019958
1.5455000400543	-9.3224266492442
1.5501999855042	-9.5327439512896
1.5549000501633	-9.7514682905370
1.5595999956131	-9.9812774142062
1.5642999410629	-10.223914332198
1.5690000057220	-10.479823978307
1.5736999511719	-10.748025156112
1.5784000158310	-11.026278935345
1.5830999612808	-11.311514305109
1.5878000259399	-11.600474675271
1.5924999713898	-11.890456406184
1.5972000360489	-12.179959931612
1.6018999814987	-12.469099933893
1.6066000461578	-12.759621993222
1.6112999916077	-13.054532938123
1.6160000562668	-13.357414346534
1.6207000017166	-13.671597569751
1.6253999471664	-13.999352213962
1.6301000118256	-14.341269979667
1.6347999572754	-14.695896034156
1.6395000219345	-15.059735855366
1.6441999673843	-15.427635201875
1.6489000320435	-15.793521942791
1.6535999774933	-16.151391166222
1.6583000421524	-16.496368566951
1.6629999876022	-16.825510248537
1.6677000522614	-17.138191486851
1.6723999977112	-17.435865547575
1.6770999431610	-17.721352738259
1.6818000078201	-17.997792399404
1.6864999532700	-18.267561672474
1.6912000179291	-18.531369136582
1.6958999633789	-18.787684728621
1.7006000280380	-19.032610689260
1.7052999734879	-19.260193475291
1.7100000381470	-19.463280321663
1.7146999835968	-19.634704661100
1.7194000482559	-19.768771878074
1.7240999937057	-19.862591677633
1.7288000583649	-19.916962194494
1.7335000038147	-19.936433800436
1.7381999492645	-19.928610191626
1.7429000139236	-19.902791773092
1.7475999593735	-19.868354854114
1.7523000240326	-19.833265400476
1.7569999694824	-19.802945356896
1.7617000341415	-19.779662782717
1.7663999795914	-19.762475244158
1.7711000442505	-19.747760429088
1.7757999897003	-19.730305963543
1.7805000543594	-19.704763698806
1.7851999998093	-19.667239704674
1.7898999452591	-19.616589731012
1.7946000099182	-19.555024015214
1.7992999553680	-19.487844965093
1.8040000200272	-19.422391591680
1.8086999654770	-19.366495729182
1.8134000301361	-19.326951062746
1.8180999755859	-19.308242740015
1.8228000402451	-19.311814828022
1.8274999856949	-19.335897588594
1.8322000503540	-19.375980067572
1.8368999958038	-19.425784395116
1.8415999412537	-19.478698234542
1.8463000059128	-19.529419096440
1.8509999513626	-19.575304001106
1.8557000160217	-19.617187251793
1.8603999614716	-19.659253881645
1.8651000261307	-19.708086005459
1.8697999715805	-19.771170743124
1.8745000362396	-19.855313330016
1.8791999816895	-19.965250405322
1.8839000463486	-20.102801109468
1.8885999917984	-20.266597877858
1.8933000564575	-20.452428211560
1.8980000019073	-20.654176529610
1.9026999473572	-20.865328026705
1.9074000120163	-21.080615624021
1.9120999574661	-21.297690190883
1.9168000221252	-21.518062928053
1.9214999675751	-21.747201923737
1.9262000322342	-21.993636756150
1.9308999776840	-22.267433561561
1.9356000423431	-22.578428939907
1.9402999877930	-22.934753743722
1.9450000524521	-23.341771780822
1.9496999979019	-23.801612087036
1.9543999433517	-24.313359307070
1.9591000080109	-24.873943200819
1.9637999534607	-25.479736658984
1.9685000181198	-26.128893381115
1.9731999635696	-26.823979205244
1.9779000282288	-27.574470615722
1.9825999736786	-28.398539632215
1.9873000383377	-29.323708178106
1.9919999837875	-30.386516337159
1.9967000484467	-31.630852236859
2.0013999938965	-33.102108101958
2.0060999393463	-34.824080526068
2.0107998847961	-36.710881748438
2.0155000686646	-38.313206572640
2.0202000141144	-38.664962458495
2.0248999595642	-37.427460093585
2.0295999050140	-35.489877998418
2.0343000888824	-33.552378256526
2.0390000343323	-31.812495034501
2.0436999797821	-30.275505514577
2.0483999252319	-28.905750786519
2.0531001091003	-27.668804955152
2.0578000545502	-26.540137075434
2.0625000000000	-25.504553406927
2.0671999454498	-24.553289075353
2.0718998908997	-23.681081472483
2.0766000747681	-22.883751805086
2.0813000202179	-22.156613824439
2.0859999656677	-21.493677761781
2.0906999111176	-20.887448276526
2.0954000949860	-20.329236537017
2.1001000404358	-19.809872226199
2.1047999858856	-19.320610886657
2.1094999313354	-18.854119988504
2.1142001152039	-18.405259151977
2.1189000606537	-17.971439997264
2.1236000061035	-17.552504738930
2.1282999515533	-17.150134866008
2.1329998970032	-16.766953307145
2.1377000808716	-16.405572068989
2.1424000263214	-16.067763554587
2.1470999717712	-15.753949668384
2.1517999172211	-15.462995465987
2.1565001010895	-15.192352278102
2.1612000465393	-14.938525471420
2.1658999919891	-14.697705101061
2.1705999374390	-14.466481289058
2.1752998828888	-14.242467170403
2.1800000667572	-14.024668377201
2.1847000122070	-13.813542282434
2.1893999576569	-13.610697196371
2.1940999031067	-13.418370178436
2.1988000869751	-13.238776089137
2.2035000324249	-13.073538050863
2.2081999778748	-12.923246047398
2.2128999233246	-12.787299152806
2.2176001071930	-12.664007911265
2.2223000526428	-12.550931977987
2.2269999980927	-12.445400819718
2.2316999435425	-12.345066886608
2.2363998889923	-12.248409175036
2.2411000728607	-12.155003021033
2.2458000183105	-12.065555862438
2.2504999637604	-11.981643315420
2.2551999092102	-11.905264251638
2.2599000930786	-11.838293645209
2.2646000385284	-11.782020378184
2.2692999839783	-11.736795980130
2.2739999294281	-11.701945088269
2.2787001132965	-11.675891027864
2.2834000587463	-11.656506776851
2.2881000041962	-11.641589196754
2.2927999496460	-11.629357307573
2.2974998950958	-11.618860373169
2.3022000789642	-11.610166096008
2.3069000244141	-11.604321646690
2.3115999698639	-11.603055855202
2.3162999153137	-11.608325073938
2.3210000991821	-11.621827251387
2.3257000446320	-11.644569787437
2.3303999900818	-11.676632556688
2.3350999355316	-11.717141683935
2.3397998809814	-11.764452073192
2.3445000648499	-11.816562643830
2.3492000102997	-11.871563183116
2.3538999557495	-11.928128658374
2.3585999011993	-11.985836266547
2.3633000850677	-12.045289971189
2.3680000305176	-12.107969482036
2.3726999759674	-12.175877817529
2.3773999214172	-12.251050347057
2.3821001052856	-12.335089996452
2.3868000507355	-12.428776047563
2.3914999961853	-12.531910541954
2.3961999416351	-12.643358486195
2.4008998870850	-12.761347912810
2.4056000709534	-12.883913169104
2.4103000164032	-13.009407555840
2.4149999618530	-13.136955362825
2.4196999073029	-13.266748788239
2.4244000911713	-13.400057438963
2.4291000366211	-13.538974701398
2.4337999820709	-13.685984602220
2.4384999275208	-13.843401656283
2.4432001113892	-14.012892942430
2.4479000568390	-14.195115475415
2.4526000022888	-14.389630178279
2.4572999477386	-14.595042163141
2.4619998931885	-14.809416621475
2.4667000770569	-15.030820505107
2.4714000225067	-15.257960076980
2.4760999679565	-15.490650062594
2.4807999134064	-15.730084476382
2.4855000972748	-15.978757910782
2.4902000427246	-16.240097981290
2.4948999881744	-16.517829606049
2.4995999336243	-16.815333950341
2.5043001174927	-17.135046277450
2.5090000629425	-17.478107873514
2.5137000083923	-17.844289177846
2.5183999538422	-18.232300003524
2.5230998992920	-18.640425672467
2.5278000831604	-19.067357997918
2.5325000286102	-19.513174688641
2.5371999740601	-19.980077984667
2.5418999195099	-20.472855066786
2.5466001033783	-20.998789528941
2.5513000488281	-21.567104462438
2.5559999942780	-22.188082929134
2.5606999397278	-22.872021251103
2.5653998851776	-23.628203073313
2.5701000690460	-24.464009788419
2.5748000144958	-25.384063380182
2.5794999599457	-26.389323890493
2.5841999053955	-27.475505854926
2.5889000892639	-28.629651137918
2.5936000347137	-29.821896112631
2.5982999801636	-30.987883838758
2.6029999256134	-31.999681176609
2.6077001094818	-32.648604827145
2.6124000549316	-32.714124779486
2.6171000003815	-32.137683932673
2.6217999458313	-31.090224621089
2.6264998912811	-29.820831515777
2.6312000751495	-28.513312269860
2.6359000205994	-27.264644293690
2.6405999660492	-26.114769161357
2.6452999114990	-25.073529468381
2.6500000953674	-24.136235751954
2.6547000408173	-23.291426054806
2.6593999862671	-22.524932381769
2.6640999317169	-21.822272409290
2.6688001155853	-21.170244519753
2.6735000610352	-20.558094797448
2.6782000064850	-19.978157395489
2.6828999519348	-19.425973712270
2.6875998973846	-18.899825523190
2.6923000812531	-18.399863578447
2.6970000267029	-17.927064764585
2.7016999721527	-17.482264310315
2.7063999176025	-17.065382098659
2.7111001014709	-16.675072272720
2.7158000469208	-16.308713443883
2.7204999923706	-15.962712215124
2.7251999378204	-15.633061486870
2.7298998832703	-15.315985961800
2.7346000671387	-15.008553774680
2.7393000125885	-14.709051483873
2.7439999580383	-14.417115662484
2.7486999034882	-14.133496646236
2.7534000873566	-13.859629910705
2.7581000328064	-13.597053784771
2.7627999782562	-13.346891725065
2.7674999237061	-13.109453915092
2.7722001075745	-12.884075296622
2.7769000530243	-12.669218498443
2.7815999984741	-12.462752837658
2.7862999439240	-12.262399575902
2.7909998893738	-12.066201624914
2.7957000732422	-11.872909481549
2.8004000186920	-11.682172048202
2.8050999641418	-11.494519953639
2.8097999095917	-11.311112893844
2.8145000934601	-11.133366810625
2.8192000389099	-10.962511339333
2.8238999843597	-10.799252685197
2.8285999298096	-10.643546454095
2.8333001136780	-10.494596011808
2.8380000591278	-10.351015184323
2.8427000045776	-10.211144692293
2.8473999500275	-10.073434858759
2.8520998954773	-9.9367896587010
2.8568000793457	-9.8007989571148
2.8615000247955	-9.6657830019245
2.8661999702454	-9.5326651687230
2.8708999156952	-9.4026780182765
2.8756000995636	-9.2770238272947
2.8803000450134	-9.1565289856858
2.8849999904633	-9.0414483507162
2.8896999359131	-8.9313654826608
2.8943998813629	-8.8253061050003
2.8991000652313	-8.7219627587735
2.9038000106812	-8.6200288388975
2.9084999561310	-8.5185022574773
2.9131999015808	-8.4169130846084
2.9179000854492	-8.3154288323097
2.9226000308990	-8.2147786165851
2.9272999763489	-8.1160449875245
2.9319999217987	-8.0203507929978
2.9367001056671	-7.9285781597000
2.9414000511169	-7.8411282991432
2.9460999965668	-7.7578203801458
2.9507999420166	-7.6779486933322
2.9554998874664	-7.6004408678229
2.9602000713348	-7.5241436628113
2.9649000167847	-7.4481050293458
2.9695999622345	-7.3718119198938
2.9742999076843	-7.2953040811383
2.9790000915527	-7.2191495905415
2.9837000370026	-7.1442880619117
2.9883999824524	-7.0717657404099
2.9930999279022	-7.0024655327372
2.9978001117706	-6.9368815250234
3.0025000572205	-6.8749900121602
3.0072000026703	-6.8162581037536
3.0118999481201	-6.7597786886704
3.0165998935699	-6.7045077901703
3.0213000774384	-6.6495265703319
3.0260000228882	-6.5942724043439
3.0306999683380	-6.5386676894741
3.0353999137878	-6.4831505887393
3.0401000976562	-6.4285271116323
3.0448000431061	-6.3757640116234
3.0494999885559	-6.3257368787494
3.0541999340057	-6.2789949947451
3.0589001178741	-6.2356190227501
3.0636000633240	-6.1952115945146
3.0683000087738	-6.1569906019409
3.0729999542236	-6.1199897248701
3.0776998996735	-6.0833029774369
3.0824000835419	-6.0463250830074
3.0871000289917	-6.0088831851333
3.0917999744415	-5.9712925617250
3.0964999198914	-5.9342496193541
3.1012001037598	-5.8986597658185
3.1059000492096	-5.8653742095097
3.1105999946594	-5.8349896078775
3.1152999401093	-5.8076742603283
3.1199998855591	-5.7831354735889
3.1247000694275	-5.7606848076578
3.1294000148773	-5.7394210826507
3.1340999603271	-5.7184483718980
3.1387999057770	-5.6971189604122
3.1435000896454	-5.6751831364131
3.1482000350952	-5.6528499221895
3.1528999805450	-5.6307339439922
3.1575999259949	-5.6096749865278
3.1623001098633	-5.5905206531744
3.1670000553131	-5.5739028552917
3.1717000007629	-5.5600666072757
3.1763999462128	-5.5487993795149
3.1810998916626	-5.5394979997960
3.1858000755310	-5.5313039562696
3.1905000209808	-5.5233281666271
3.1951999664307	-5.5148762896175
3.1998999118805	-5.5056217575809
3.2046000957489	-5.4956957470903
3.2093000411987	-5.4856271884464
3.2139999866486	-5.4762069616856
3.2186999320984	-5.4682805989317
3.2234001159668	-5.4625011516117
3.2281000614166	-5.4591732935534
3.2328000068665	-5.4581560258604
3.2374999523163	-5.4588928368279
3.2421998977661	-5.4605484058018
3.2469000816345	-5.4622250179840
3.2516000270844	-5.4631682445741
3.2562999725342	-5.4629771474077
3.2609999179840	-5.4616869324129
3.2657001018524	-5.4597487579585
3.2704000473022	-5.4579044377034
3.2750999927521	-5.4569701880896
3.2797999382019	-5.4576118221152
3.2844998836517	-5.4601599953939
3.2892000675201	-5.4644926284005
3.2939000129700	-5.4700667828882
3.2985999584198	-5.4760333211416
3.3032999038696	-5.4814296215674
3.3080000877380	-5.4854265282709
3.3127000331879	-5.4875187652298
3.3173999786377	-5.4876289539598
3.3220999240875	-5.4861222157202
3.3268001079559	-5.4836623235526
3.3315000534058	-5.4810198410652
3.3361999988556	-5.4788274616070
3.3408999443054	-5.4773878852130
3.3455998897552	-5.4765580056077
3.3503000736237	-5.4757459247981
3.3550000190735	-5.4740391333386
3.3596999645233	-5.4703944244613
3.3643999099731	-5.4638930179452
3.3691000938416	-5.4539343692169
3.3738000392914	-5.4403691749596
3.3784999847412	-5.4234955072134
3.3831999301910	-5.4039457101028
3.3879001140594	-5.3824779949039
3.3926000595093	-5.3597387372818
3.3973000049591	-5.3360500307414
3.4019999504089	-5.3113179630906
3.4066998958588	-5.2850077408808
3.4114000797272	-5.2562975366566
3.4161000251770	-5.2242619802384
3.4207999706268	-5.1881328261915
3.4254999160767	-5.1474946111884
3.4302000999451	-5.1024155384445
3.4349000453949	-5.0534387300979
3.4395999908447	-5.0014484389370
3.4442999362946	-4.9474846165222
3.4489998817444	-4.8924862378343
3.4537000656128	-4.8371104288283
3.4584000110626	-4.7816160701910
3.4630999565125	-4.7258696947974
3.4677999019623	-4.6694676183893
3.4725000858307	-4.6119213572890
3.4772000312805	-4.5528767613565
3.4818999767303	-4.4922971638220
3.4865999221802	-4.4305485962987
3.4913001060486	-4.3684027823090
3.4960000514984	-4.3069083207023
3.5006999969482	-4.2471998340815
3.5053999423981	-4.1902884297940
3.5100998878479	-4.1368829902981
3.5148000717163	-4.0872885354707
3.5195000171661	-4.0414053860781
3.5241999626160	-3.9988267288771
3.5288999080658	-3.9589936298273
3.5336000919342	-3.9213974954595
3.5383000373840	-3.8857422515914
3.5429999828339	-3.8520560939419
3.5476999282837	-3.8206966669241
3.5524001121521	-3.7922853312234
3.5571000576019	-3.7675427319213
3.5618000030518	-3.7471144109219
3.5664999485016	-3.7314135128859
3.5711998939514	-3.7205080039845
3.5759000778198	-3.7140963464899
3.5806000232697	-3.7115769428593
3.5852999687195	-3.7121837769108
3.5899999141693	-3.7151633028895
3.5947000980377	-3.7199383138841
3.5994000434875	-3.7262416754937
3.6040999889374	-3.7341508897220
3.6087999343872	-3.7440504555468
3.6135001182556	-3.7565044953583
3.6182000637054	-3.7720883345990
3.6229000091553	-3.7912169840692
3.6275999546051	-3.8140186756791
3.6322999000549	-3.8402784950120
3.6370000839233	-3.8694641576966
3.6417000293732	-3.9008458198714
3.6463999748230	-3.9336488667711
3.6510999202728	-3.9672406143121
3.6558001041412	-4.0012700185128
3.6605000495911	-4.0357431089889
3.6651999950409	-4.0710066809099
3.6698999404907	-4.1076497014596
3.6745998859406	-4.1463383494057
3.6793000698090	-4.1876300847331
3.6840000152588	-4.2318172923033
3.6886999607086	-4.2788471796315
3.6933999061584	-4.3283125770950
3.6981000900269	-4.3795448984997
3.7028000354767	-4.4317718365575
3.7074999809265	-4.4843080770838
3.7121999263763	-4.5367206178028
3.7169001102448	-4.5889460206534
3.7216000556946	-4.6412985500551
3.7263000011444	-4.6943898197632
3.7309999465942	-4.7489702896795
3.7356998920441	-4.8057289823899
3.7404000759125	-4.8651065290798
3.7451000213623	-4.9271813269059
3.7497999668121	-4.9916207877409
3.7544999122620	-5.0577725230649
3.7592000961304	-5.1248030080366
3.7639000415802	-5.1919079837241
3.7685999870300	-5.2585201895129
3.7732999324799	-5.3244498148237
3.7780001163483	-5.3899345986778
3.7827000617981	-5.4555804661934
3.7874000072479	-5.5221967473367
3.7920999526978	-5.5905785088320
3.7967998981476	-5.6612839466392
3.8015000820160	-5.7344729551111
3.8062000274658	-5.8098410825504
3.8108999729156	-5.8866687871768
3.8155999183655	-5.9639836592474
3.8203001022339	-6.0407866585350
3.8250000476837	-6.1162987082406
3.8296999931335	-6.1901477316697
3.8343999385834	-6.2624612346602
3.8390998840332	-6.3338139700982
3.8438000679016	-6.4050685347790
3.8485000133514	-6.4771073449470
3.8531999588013	-6.5505789445510
3.8578999042511	-6.6256888400879
3.8626000881195	-6.7020896569633
3.8673000335693	-6.7789293177469
3.8719999790192	-6.8550289501776
3.8766999244690	-6.9291395724100
3.8814001083374	-7.0002537307542
3.8861000537872	-7.0678401424034
3.8907999992371	-7.1319688216425
3.8954999446869	-7.1932693779006
3.9001998901367	-7.2527342469807
3.9049000740051	-7.3114226101481
3.9096000194550	-7.3701343484779
3.9142999649048	-7.4291611264519
3.9189999103546	-7.4881608870806
3.9237000942230	-7.5462081060707
3.9284000396729	-7.6020001736708
3.9330999851227	-7.6541841217840
3.9377999305725	-7.7017098578167
3.9425001144409	-7.7441112527361
3.9472000598907	-7.7816407214814
3.9519000053406	-7.8152121410541
3.9565999507904	-7.8461499044225
3.9612998962402	-7.8758437376143
3.9660000801086	-7.9053709176745
3.9707000255585	-7.9352211974319
3.9753999710083	-7.9651668775221
3.9800999164581	-7.9943405852026
3.9848001003265	-8.0214847309171
3.9895000457764	-8.0453129358569
3.9941999912262	-8.0648938085517
3.9988999366760	-8.0799536819277
4.0036001205444	-8.0909959398085
4.0082998275757	-8.0992065999781
4.0130000114441	-8.1061872514368
4.0177001953125	-8.1135476255702
4.0223999023438	-8.1225323092391
4.0271000862122	-8.1337239597023
4.0317997932434	-8.1469343676803
4.0364999771118	-8.1612866014806
4.0412001609802	-8.1754870183739
4.0458998680115	-8.1882079885118
4.0506000518799	-8.1984826595801
4.0553002357483	-8.2060101159701
4.0599999427795	-8.2112850161069
4.0647001266479	-8.2154970643515
4.0693998336792	-8.2202546705251
4.0741000175476	-8.2271828380342
4.0788002014160	-8.2375302816050
4.0834999084473	-8.2518672605804
4.0882000923157	-8.2699601319011
4.0928997993469	-8.2908507361051
4.0975999832153	-8.3131232140048
4.1023001670837	-8.3352815252221
4.1069998741150	-8.3561775138788
4.1117000579834	-8.3753238259316
4.1163997650146	-8.3930642551542
4.1210999488831	-8.4104899204528
4.1258001327515	-8.4291744101659
4.1304998397827	-8.4507695444488
4.1352000236511	-8.4765793872192
4.1399002075195	-8.5072316295837
4.1445999145508	-8.5425109984361
4.1493000984192	-8.5814120864156
4.1539998054504	-8.6223825937059
4.1586999893188	-8.6637246126152
4.1634001731873	-8.7040399246726
4.1680998802185	-8.7426067613580
4.1728000640869	-8.7795885761196
4.1774997711182	-8.8160025569816
4.1821999549866	-8.8534597655458
4.1869001388550	-8.8937386113342
4.1915998458862	-8.9383232702308
4.1963000297546	-8.9880079921407
4.2010002136230	-9.0426732137409
4.2056999206543	-9.1012910699862
4.2104001045227	-9.1621651226759
4.2150998115540	-9.2233457963324
4.2197999954224	-9.2831268157204
4.2245001792908	-9.3405096579461
4.2291998863220	-9.3954761236542
4.2339000701904	-9.4490150576627
4.2385997772217	-9.5028718251519
4.2432999610901	-9.5590907308942
4.2480001449585	-9.6194772731051
4.2526998519897	-9.6851250119833
4.2574000358582	-9.7561202830658
4.2621002197266	-9.8314949064983
4.2667999267578	-9.9094597049709
4.2715001106262	-9.9878538527422
4.2761998176575	-10.064722342780
4.2809000015259	-10.138875339635
4.2856001853943	-10.210267460609
4.2902998924255	-10.280074947622
4.2950000762939	-10.350461501911
4.2996997833252	-10.424067335013
4.3043999671936	-10.503384139634
4.3091001510620	-10.590171448855
4.3137998580933	-10.685057947901
4.3185000419617	-10.787420162066
4.3232002258301	-10.895564861337
4.3278999328613	-11.007204294083
4.3326001167297	-11.120094410478
4.3372998237610	-11.232697703003
4.3420000076294	-11.344695672834
4.3467001914978	-11.457169743279
4.3513998985291	-11.572407106519
4.3561000823975	-11.693357252785
4.3607997894287	-11.822897306955
4.3654999732971	-11.963085293173
4.3702001571655	-12.114588726527
4.3748998641968	-12.276422560659
4.3796000480652	-12.446063621557
4.3843002319336	-12.619971051405
4.3889999389648	-12.794403023663
4.3937001228333	-12.966370772121
4.3983998298645	-13.134474264318
4.4031000137329	-13.299338056530
4.4078001976013	-13.463501081681
4.4124999046326	-13.630743525613
4.4172000885010	-13.805054326823
4.4218997955322	-13.989514805981
4.4265999794006	-14.185370431345
4.4313001632690	-14.391539497408
4.4359998703003	-14.604671809131
4.4407000541687	-14.819828508431
4.4454002380371	-15.031677351324
4.4500999450684	-15.235968332504
4.4548001289368	-15.430852045546
4.4594998359680	-15.617574930209
4.4642000198364	-15.800283929233
4.4689002037048	-15.984913627027
4.4735999107361	-16.177535449955
4.4783000946045	-16.382610985078
4.4829998016357	-16.601593792427
4.4876999855042	-16.832254865397
4.4924001693726	-17.068846260739
4.4970998764038	-17.303301142992
4.5018000602722	-17.527249365317
4.5064997673035	-17.734457767872
4.5111999511719	-17.922897590215
4.5159001350403	-18.095545345732
4.5205998420715	-18.259571012045
4.5253000259399	-18.424080210203
4.5300002098083	-18.597227727705
4.5346999168396	-18.783556835163
4.5394001007080	-18.982185575928
4.5440998077393	-19.186340160330
4.5487999916077	-19.384442352513
4.5535001754761	-19.562866447125
4.5581998825073	-19.709853636010
4.5629000663757	-19.819470853016
4.5675997734070	-19.893756654503
4.5722999572754	-19.942034810147
4.5770001411438	-19.977566173664
4.5816998481750	-20.012969271156
4.5864000320435	-20.056108029052
4.5911002159119	-20.107582188500
4.5957999229431	-20.160183674577
4.6005001068115	-20.200625044925
4.6051998138428	-20.213392472369
4.6098999977112	-20.185873036446
4.6146001815796	-20.113038808238
4.6192998886108	-19.999595024765
4.6240000724792	-19.858398405204
4.6286997795105	-19.706053772616
4.6333999633789	-19.557748386908
4.6381001472473	-19.423182664246
4.6427998542786	-19.304540902736
4.6475000381470	-19.196464132764
4.6522002220154	-19.087993146511
4.6568999290466	-18.966014047834
4.6616001129150	-18.819516888498
4.6662998199463	-18.643424014509
4.6710000038147	-18.440401860680
4.6757001876831	-18.219993818737
4.6803998947144	-17.995463280679
4.6851000785828	-17.779850863686
4.6897997856140	-17.582564585771
4.6944999694824	-17.407366032276
4.6992001533508	-17.251890729779
4.7038998603821	-17.108622977990
4.7086000442505	-16.967000157847
4.7133002281189	-16.816447486859
4.7179999351501	-16.649470780637
4.7227001190186	-16.463964144755
4.7273998260498	-16.263761653073
4.7321000099182	-16.057344046861
4.7368001937866	-15.855189900219
4.7414999008179	-15.666825898691
4.7462000846863	-15.498462647419
4.7508997917175	-15.351644346057
4.7555999755859	-15.223102065912
4.7603001594543	-15.105671890816
4.7649998664856	-14.990164186827
4.7697000503540	-14.867801248545
4.7744002342224	-14.732712286689
4.7790999412537	-14.583575471258
4.7838001251221	-14.423990843109
4.7884998321533	-14.261291508741
4.7932000160217	-14.104365179798
4.7979001998901	-13.961213956548
4.8025999069214	-13.836945067491
4.8073000907898	-13.732638227934
4.8119997978210	-13.645160081546
4.8166999816895	-13.567969466162
4.8214001655579	-13.492731700442
4.8260998725891	-13.411489672764
4.8308000564575	-13.318839926353
4.8354997634888	-13.213480046094
4.8401999473572	-13.098562046921
4.8449001312256	-12.980715397221
4.8495998382568	-12.868099870292
4.8543000221252	-12.768176488378
4.8590002059937	-12.685789437150
4.8636999130249	-12.622013819292
4.8684000968933	-12.573908814950
4.8730998039246	-12.535197636340
4.8777999877930	-12.497764701622
4.8825001716614	-12.453730328850
4.8871998786926	-12.397603809706
4.8919000625610	-12.327863180230
4.8965997695923	-12.247419277061
4.9012999534607	-12.162732668788
4.9060001373291	-12.081919770977
4.9106998443604	-12.012519734543
4.9154000282288	-11.959528678758
4.9201002120972	-11.924157208412
4.9247999191284	-11.903509313580
4.9295001029968	-11.891210700765
4.9341998100281	-11.878912821454
4.9388999938965	-11.858417563353
4.9436001777649	-11.823929912386
4.9482998847961	-11.773757609041
4.9530000686646	-11.710809327428
4.9576997756958	-11.641691568131
4.9623999595642	-11.574696189073
4.9671001434326	-11.517399381320
4.9717998504639	-11.474543125190
4.9765000343323	-11.446681502050
4.9812002182007	-11.429858343880
4.9858999252319	-11.416304685642
4.9906001091003	-11.396172138555
4.9952998161316	-11.359959284760
5.0000000000000	-11.301083070266
