#Parameters = {R_fat=48; R_glandular=38; R_skin_outer=50; T10=5; T15=7.5; T5=2.5; T_rad=4; T_x=10; T_y=0; T_z=75; Zc=65; skin_thickness=2}
#"Frequency / GHz"	"S1,1 [Magnitude / dB]"
#-----------------------------------------
0.30000001192093	-23.982328076286
0.30469998717308	-23.723592803214
0.30939999222755	-23.858516857971
0.31409999728203	-24.427652108647
0.31880000233650	-25.472132159471
0.32350000739098	-26.920779440881
0.32820001244545	-28.137442531137
0.33289998769760	-27.566878317554
0.33759999275208	-25.113557911053
0.34229999780655	-22.317367023205
0.34700000286102	-19.850140158189
0.35170000791550	-17.775197607797
0.35640001296997	-16.028314782755
0.36109998822212	-14.541464440760
0.36579999327660	-13.263962963561
0.37049999833107	-12.163315548788
0.37520000338554	-11.222655502795
0.37990000844002	-10.437351124756
0.38460001349449	-9.8106192989232
0.38929998874664	-9.3480756939732
0.39399999380112	-9.0520842559755
0.39869999885559	-8.9179004190100
0.40340000391006	-8.9333056321139
0.40810000896454	-9.0817714266919
0.41280001401901	-9.3473353213015
0.41749998927116	-9.7190213465960
0.42219999432564	-10.193498283686
0.42689999938011	-10.775771453606
0.43160000443459	-11.477929010136
0.43630000948906	-12.315248778356
0.44100001454353	-13.297256147171
0.44569998979568	-14.407942959089
0.45039999485016	-15.566584565633
0.45509999990463	-16.575051433108
0.45980000495911	-17.132861407976
0.46450001001358	-17.051572576695
0.46919998526573	-16.469098098890
0.47389999032021	-15.697493149531
0.47859999537468	-14.974982684113
0.48330000042915	-14.416543933165
0.48800000548363	-14.061284295440
0.49270001053810	-13.912686174613
0.49739998579025	-13.955972356042
0.50209999084473	-14.159935470069
0.50679999589920	-14.469940717425
0.51150000095367	-14.799393763152
0.51620000600815	-15.034062434250
0.52090001106262	-15.067199719284
0.52560001611710	-14.856884378019
0.53030002117157	-14.451932480301
0.53500002622604	-13.955246920317
0.53969997167587	-13.467641259854
0.54439997673035	-13.058774921172
0.54909998178482	-12.765211963876
0.55379998683929	-12.597544041422
0.55849999189377	-12.545980669485
0.56319999694824	-12.582345875675
0.56790000200272	-12.660901690026
0.57260000705719	-12.722905827689
0.57730001211166	-12.709681238812
0.58200001716614	-12.582913194524
0.58670002222061	-12.340615242724
0.59140002727509	-12.015747916428
0.59609997272491	-11.659007799591
0.60079997777939	-11.319442184419
0.60549998283386	-11.032998661300
0.61019998788834	-10.819040583376
0.61489999294281	-10.680808880318
0.61959999799728	-10.606852327878
0.62430000305176	-10.572991850443
0.62900000810623	-10.546006668980
0.63370001316071	-10.490575870975
0.63840001821518	-10.379070856634
0.64310002326965	-10.200499575979
0.64780002832413	-9.9635501343936
0.65249997377396	-9.6918579126907
0.65719997882843	-9.4148639698161
0.66189998388290	-9.1592279290216
0.66659998893738	-8.9434411140696
0.67129999399185	-8.7756064168341
0.67599999904633	-8.6531502860125
0.68070000410080	-8.5639012225569
0.68540000915527	-8.4885268744523
0.69010001420975	-8.4047301062832
0.69480001926422	-8.2928694789733
0.69950002431870	-8.1415083101616
0.70420002937317	-7.9505350201945
0.70889997482300	-7.7304203140602
0.71359997987747	-7.4981668141749
0.71829998493195	-7.2720568765353
0.72299998998642	-7.0671553690235
0.72769999504089	-6.8924617993751
0.73240000009537	-6.7496844222582
0.73710000514984	-6.6333561676924
0.74180001020432	-6.5322115094541
0.74650001525879	-6.4317838323168
0.75120002031326	-6.3179761453259
0.75590002536774	-6.1807805032801
0.76059997081757	-6.0169303473029
0.76529997587204	-5.8304765187652
0.76999998092651	-5.6311310414067
0.77469998598099	-5.4312242427999
0.77939999103546	-5.2424342974196
0.78409999608994	-5.0731575892473
0.78880000114441	-4.9269401475051
0.79350000619888	-4.8019964643316
0.79820001125336	-4.6918185210554
0.80290001630783	-4.5867885339559
0.80760002136230	-4.4765852048179
0.81230002641678	-4.3528592185959
0.81699997186661	-4.2114450604670
0.82169997692108	-4.0533312001951
0.82639998197556	-3.8841670992883
0.83109998703003	-3.7124926223406
0.83579999208450	-3.5474131940259
0.84049999713898	-3.3963805380779
0.84520000219345	-3.2635799144425
0.84990000724792	-3.1491441163587
0.85460001230240	-3.0492880563515
0.85930001735687	-2.9573308184284
0.86400002241135	-2.8654362980291
0.86870002746582	-2.7667021866208
0.87339997291565	-2.6570382717989
0.87809997797012	-2.5362775442175
0.88279998302460	-2.4081696203430
0.88749998807907	-2.2792858910618
0.89219999313354	-2.1572806451160
0.89689999818802	-2.0489596338630
0.90160000324249	-1.9587173911769
0.90630000829697	-1.8876094350935
0.91100001335144	-1.8332558056393
0.91570001840591	-1.7905847382552
0.92040002346039	-1.7533005817019
0.92510002851486	-1.7157334320413
0.92979997396469	-1.6746083723431
0.93449997901917	-1.6302208766060
0.93919998407364	-1.5866134658244
0.94389998912811	-1.5507446369547
0.94859999418259	-1.5309006126458
0.95329999923706	-1.5348415432295
0.95800000429153	-1.5681916392558
0.96270000934601	-1.6334639764308
0.96740001440048	-1.7299640773186
0.97210001945496	-1.8546552275182
0.97680002450943	-2.0038751119054
0.98150002956390	-2.1756040943631
0.98619997501373	-2.3717883980806
0.99089998006821	-2.6001169997622
0.99559998512268	-2.8747861591517
1.0003000497818	-3.2161872160098
1.0049999952316	-3.6498696317317
1.0096999406815	-4.2055740910464
1.0144000053406	-4.9172904469959
1.0190999507904	-5.8252898204821
1.0238000154495	-6.9812890553864
1.0284999608994	-8.4584302602725
1.0332000255585	-10.368454879738
1.0378999710083	-12.882022776444
1.0426000356674	-16.151545950429
1.0472999811172	-19.157070764723
1.0520000457764	-17.870406537215
1.0566999912262	-14.305832898560
1.0614000558853	-11.320746139749
1.0661000013351	-9.0446484998782
1.0707999467850	-7.2872964251690
1.0755000114441	-5.9103315425355
1.0801999568939	-4.8252846598765
1.0849000215530	-3.9726221095347
1.0895999670029	-3.3081938220852
1.0943000316620	-2.7956708221058
1.0989999771118	-2.4028870161873
1.1037000417709	-2.1007112917922
1.1083999872208	-1.8635329237540
1.1131000518799	-1.6704801173882
1.1177999973297	-1.5065655768879
1.1224999427795	-1.3630981248767
1.1272000074387	-1.2370720416601
1.1318999528885	-1.1295705429775
1.1366000175476	-1.0436633348293
1.1412999629974	-0.98230736152045
1.1460000276566	-0.94673336769567
1.1506999731064	-0.93558700602122
1.1554000377655	-0.94489556262483
1.1600999832153	-0.96873360544583
1.1648000478745	-1.0004029232157
1.1694999933243	-1.0337906278217
1.1742000579834	-1.0646194408954
1.1789000034332	-1.0911975930208
1.1835999488831	-1.1145203648194
1.1883000135422	-1.1376766064059
1.1929999589920	-1.1647829618031
1.1977000236511	-1.1997270434175
1.2023999691010	-1.2451061894711
1.2071000337601	-1.3015800872126
1.2117999792099	-1.3677216690755
1.2165000438690	-1.4404151007662
1.2211999893188	-1.5156105007764
1.2259000539780	-1.5893083018662
1.2305999994278	-1.6585199926216
1.2352999448776	-1.7219479971981
1.2400000095367	-1.7802370865441
1.2446999549866	-1.8357058967049
1.2494000196457	-1.8916496570613
1.2540999650955	-1.9514529463119
1.2588000297546	-2.0177032207683
1.2634999752045	-2.0915875160153
1.2682000398636	-2.1726512880265
1.2728999853134	-2.2589441524121
1.2776000499725	-2.3475402068291
1.2822999954224	-2.4352567770605
1.2869999408722	-2.5194379527544
1.2917000055313	-2.5986066022729
1.2963999509811	-2.6728119113806
1.3011000156403	-2.7435688945951
1.3057999610901	-2.8134407906979
1.3105000257492	-2.8853492968251
1.3151999711990	-2.9618441394774
1.3199000358582	-3.0444980288124
1.3245999813080	-3.1335651454897
1.3293000459671	-3.2279611421509
1.3339999914169	-3.3255677127931
1.3387000560760	-3.4237547206828
1.3434000015259	-3.5200344208077
1.3480999469757	-3.6126795106168
1.3528000116348	-3.7011475543261
1.3574999570847	-3.7862127726951
1.3622000217438	-3.8697550958179
1.3668999671936	-3.9542745453688
1.3716000318527	-4.0422782906290
1.3762999773026	-4.1356816214081
1.3810000419617	-4.2353941180536
1.3856999874115	-4.3411366198899
1.3904000520706	-4.4515490983249
1.3950999975204	-4.5645376323108
1.3997999429703	-4.6777929533004
1.4045000076294	-4.7893606303961
1.4091999530792	-4.8981350627583
1.4139000177383	-5.0041446634613
1.4185999631882	-5.1085597392472
1.4233000278473	-5.2134083897174
1.4279999732971	-5.3210981410251
1.4327000379562	-5.4338592433289
1.4373999834061	-5.5532535687252
1.4421000480652	-5.6798502784469
1.4467999935150	-5.8131335436945
1.4515000581741	-5.9516577601401
1.4562000036240	-6.0933982625036
1.4608999490738	-6.2362560456515
1.4656000137329	-6.3785768207351
1.4702999591827	-6.5195823506138
1.4750000238419	-6.6595978689522
1.4796999692917	-6.8000197150595
1.4844000339508	-6.9430084239999
1.4890999794006	-7.0910239513264
1.4938000440598	-7.2462925504171
1.4984999895096	-7.4103429122742
1.5032000541687	-7.5837049514593
1.5078999996185	-7.7658203166437
1.5125999450684	-7.9551905499929
1.5173000097275	-8.1497251128658
1.5219999551773	-8.3472455615920
1.5267000198364	-8.5460218127744
1.5313999652863	-8.7452439601359
1.5361000299454	-8.9452730074468
1.5407999753952	-9.1476326749122
1.5455000400543	-9.3547209725471
1.5501999855042	-9.5693179975507
1.5549000501633	-9.7940071670071
1.5595999956131	-10.030641804585
1.5642999410629	-10.279957313901
1.5690000057220	-10.541402381269
1.5736999511719	-10.813229465962
1.5784000158310	-11.092834418049
1.5830999612808	-11.377312532368
1.5878000259399	-11.664114952060
1.5924999713898	-11.951671035005
1.5972000360489	-12.239813467602
1.6018999814987	-12.529875095863
1.6066000461578	-12.824421844557
1.6112999916077	-13.126683192260
1.6160000562668	-13.439817358108
1.6207000017166	-13.766156303963
1.6253999471664	-14.106595560789
1.6301000118256	-14.460208934414
1.6347999572754	-14.824186211077
1.6395000219345	-15.194132493860
1.6441999673843	-15.564673908699
1.6489000320435	-15.930340999042
1.6535999774933	-16.286507441522
1.6583000421524	-16.630177144662
1.6629999876022	-16.960369501274
1.6677000522614	-17.278016866656
1.6723999977112	-17.585318401074
1.6770999431610	-17.884871026417
1.6818000078201	-18.178612546128
1.6864999532700	-18.466968001556
1.6912000179291	-18.748258639587
1.6958999633789	-19.018558442286
1.7006000280380	-19.271919864942
1.7052999734879	-19.501153411258
1.7100000381470	-19.698949514939
1.7146999835968	-19.859257462770
1.7194000482559	-19.978582164342
1.7240999937057	-20.056892136825
1.7288000583649	-20.097813071927
1.7335000038147	-20.108057821084
1.7381999492645	-20.096221810830
1.7429000139236	-20.071293761494
1.7475999593735	-20.041221646582
1.7523000240326	-20.011748202172
1.7569999694824	-19.985756068332
1.7617000341415	-19.963125449947
1.7663999795914	-19.941148856696
1.7711000442505	-19.915471112970
1.7757999897003	-19.881436047857
1.7805000543594	-19.835530875958
1.7851999998093	-19.776654326708
1.7898999452591	-19.706740270367
1.7946000099182	-19.630615147709
1.7992999553680	-19.555108494897
1.8040000200272	-19.487654276306
1.8086999654770	-19.434833552350
1.8134000301361	-19.401191489766
1.8180999755859	-19.388459294557
1.8228000402451	-19.395353298676
1.8274999856949	-19.417944886605
1.8322000503540	-19.450571431125
1.8368999958038	-19.487108167597
1.8415999412537	-19.522489217771
1.8463000059128	-19.554007202272
1.8509999513626	-19.582097938267
1.8557000160217	-19.610313704816
1.8603999614716	-19.644509692510
1.8651000261307	-19.691498217547
1.8697999715805	-19.757587500772
1.8745000362396	-19.847270513669
1.8791999816895	-19.962389039820
1.8839000463486	-20.101848410601
1.8885999917984	-20.261891324147
1.8933000564575	-20.436994288035
1.8980000019073	-20.621138489371
1.9026999473572	-20.809402041132
1.9074000120163	-20.999385293871
1.9120999574661	-21.192133333789
1.9168000221252	-21.392192204226
1.9214999675751	-21.606883801060
1.9262000322342	-21.844892651915
1.9308999776840	-22.114721473799
1.9356000423431	-22.423235556269
1.9402999877930	-22.774736203014
1.9450000524521	-23.170476295243
1.9496999979019	-23.608888888767
1.9543999433517	-24.086297179211
1.9591000080109	-24.598415048858
1.9637999534607	-25.142228688278
1.9685000181198	-25.718095881934
1.9731999635696	-26.331557799669
1.9779000282288	-26.994304860462
1.9825999736786	-27.724013841933
1.9873000383377	-28.543379465066
1.9919999837875	-29.478141462912
1.9967000484467	-30.554130600219
2.0013999938965	-31.791099397615
2.0060999393463	-33.186810073523
2.0107998847961	-34.675110623370
2.0155000686646	-36.034616066264
2.0202000141144	-36.808874039482
2.0248999595642	-36.567042538769
2.0295999050140	-35.433723808559
2.0343000888824	-33.899667077496
2.0390000343323	-32.311075552849
2.0436999797821	-30.804350505232
2.0483999252319	-29.413920955730
2.0531001091003	-28.140307358478
2.0578000545502	-26.976177086953
2.0625000000000	-25.913803576956
2.0671999454498	-24.946310612124
2.0718998908997	-24.066967025027
2.0766000747681	-23.268375102048
2.0813000202179	-22.542106945020
2.0859999656677	-21.878584129513
2.0906999111176	-21.267553130140
2.0954000949860	-20.698766835237
2.1001000404358	-20.162901613873
2.1047999858856	-19.652428197255
2.1094999313354	-19.162261490553
2.1142001152039	-18.689996259698
2.1189000606537	-18.235589835068
2.1236000061035	-17.800691301646
2.1282999515533	-17.387693565611
2.1329998970032	-16.998807311919
2.1377000808716	-16.635304127819
2.1424000263214	-16.297086275166
2.1470999717712	-15.982552703915
2.1517999172211	-15.688837404948
2.1565001010895	-15.412287890485
2.1612000465393	-15.149119897152
2.1658999919891	-14.896098776508
2.1705999374390	-14.651082153096
2.1752998828888	-14.413333519733
2.1800000667572	-14.183479631497
2.1847000122070	-13.963176250253
2.1893999576569	-13.754562719614
2.1940999031067	-13.559641094114
2.1988000869751	-13.379745226042
2.2035000324249	-13.215171997428
2.2081999778748	-13.065090254851
2.2128999233246	-12.927675790567
2.2176001071930	-12.800486349489
2.2223000526428	-12.680972019367
2.2269999980927	-12.566994581822
2.2316999435425	-12.457276968351
2.2363998889923	-12.351604320052
2.2411000728607	-12.250810778784
2.2458000183105	-12.156469900421
2.2504999637604	-12.070461545484
2.2551999092102	-11.994454311441
2.2599000930786	-11.929474128901
2.2646000385284	-11.875642427179
2.2692999839783	-11.832109316796
2.2739999294281	-11.797232670379
2.2787001132965	-11.768942115631
2.2834000587463	-11.745189231882
2.2881000041962	-11.724412731980
2.2927999496460	-11.705889861071
2.2974998950958	-11.689862647319
2.3022000789642	-11.677447788711
2.3069000244141	-11.670326098773
2.3115999698639	-11.670293776266
2.3162999153137	-11.678808056454
2.3210000991821	-11.696630491795
2.3257000446320	-11.723624815645
2.3303999900818	-11.758784165835
2.3350999355316	-11.800453632213
2.3397998809814	-11.846737105776
2.3445000648499	-11.895924595886
2.3492000102997	-11.946936839706
2.3538999557495	-11.999579050191
2.3585999011993	-12.054593588644
2.3633000850677	-12.113484755214
2.3680000305176	-12.178155681566
2.3726999759674	-12.250431513445
2.3773999214172	-12.331637774547
2.3821001052856	-12.422300946588
2.3868000507355	-12.522014705237
2.3914999961853	-12.629557540211
2.3961999416351	-12.743204120647
2.4008998870850	-12.861160473983
2.4056000709534	-12.982038327566
2.4103000164032	-13.105251013301
2.4149999618530	-13.231216342880
2.4196999073029	-13.361316186189
2.4244000911713	-13.497617488616
2.4291000366211	-13.642414819598
2.4337999820709	-13.797740127938
2.4384999275208	-13.964925174394
2.4432001113892	-14.144336458816
2.4479000568390	-14.335333562114
2.4526000022888	-14.536486043305
2.4572999477386	-14.745975754316
2.4619998931885	-14.962166124778
2.4667000770569	-15.184095399968
2.4714000225067	-15.411950603781
2.4760999679565	-15.647163514588
2.4807999134064	-15.892298990643
2.4855000972748	-16.150639283341
2.4902000427246	-16.425591905532
2.4948999881744	-16.720082876334
2.4995999336243	-17.036083056484
2.5043001174927	-17.374339744471
2.5090000629425	-17.734424191143
2.5137000083923	-18.115080917854
2.5183999538422	-18.514890000755
2.5230998992920	-18.933064939247
2.5278000831604	-19.370287780557
2.5325000286102	-19.829332444974
2.5371999740601	-20.315319020822
2.5418999195099	-20.835545303656
2.5466001033783	-21.398917647083
2.5513000488281	-22.015153869471
2.5559999942780	-22.693931481453
2.5606999397278	-23.444215325706
2.5653998851776	-24.273740713097
2.5701000690460	-25.188920388934
2.5748000144958	-26.194857826719
2.5794999599457	-27.295425981899
2.5841999053955	-28.492039186695
2.5889000892639	-29.778623246742
2.5936000347137	-31.125469746933
2.5982999801636	-32.439342425492
2.6029999256134	-33.495769701423
2.6077001094818	-33.930522582624
2.6124000549316	-33.493407939374
2.6171000003815	-32.351761251855
2.6217999458313	-30.894787049908
2.6264998912811	-29.405503071985
2.6312000751495	-28.011580170363
2.6359000205994	-26.752252421394
2.6405999660492	-25.628760384478
2.6452999114990	-24.627814970838
2.6500000953674	-23.731417599911
2.6547000408173	-22.920994087910
2.6593999862671	-22.179418902577
2.6640999317169	-21.492270734344
2.6688001155853	-20.848471491294
2.6735000610352	-20.240561227982
2.6782000064850	-19.664364990109
2.6828999519348	-19.118275737208
2.6875998973846	-18.602198059770
2.6923000812531	-18.116526694169
2.6970000267029	-17.661237147394
2.7016999721527	-17.235324671831
2.7063999176025	-16.836573150405
2.7111001014709	-16.461699037401
2.7158000469208	-16.106757612589
2.7204999923706	-15.767712959978
2.7251999378204	-15.441068343963
2.7298998832703	-15.124342956267
2.7346000671387	-14.816339530141
2.7393000125885	-14.517086351744
2.7439999580383	-14.227542193579
2.7486999034882	-13.949074833289
2.7534000873566	-13.682936840325
2.7581000328064	-13.429797737502
2.7627999782562	-13.189477901756
2.7674999237061	-12.960884473052
2.7722001075745	-12.742211460531
2.7769000530243	-12.531269901999
2.7815999984741	-12.325945815370
2.7862999439240	-12.124612813871
2.7909998893738	-11.926420400935
2.7957000732422	-11.731395164606
2.8004000186920	-11.540303699102
2.8050999641418	-11.354364439059
2.8097999095917	-11.174849245783
2.8145000934601	-11.002687944248
2.8192000389099	-10.838209914435
2.8238999843597	-10.681008870876
2.8285999298096	-10.530026406121
2.8333001136780	-10.383775114947
2.8380000591278	-10.240683583402
2.8427000045776	-10.099434540080
2.8473999500275	-9.9592717432202
2.8520998954773	-9.8201202668339
2.8568000793457	-9.6825596919798
2.8615000247955	-9.5476143463236
2.8661999702454	-9.4164531814249
2.8708999156952	-9.2900533479958
2.8756000995636	-9.1689453264595
2.8803000450134	-9.0530370846153
2.8849999904633	-8.9416588136302
2.8896999359131	-8.8337025143752
2.8943998813629	-8.7279000256559
2.8991000652313	-8.6231213450850
2.9038000106812	-8.5186415881218
2.9084999561310	-8.4143114042280
2.9131999015808	-8.3105614811007
2.9179000854492	-8.2082613449666
2.9226000308990	-8.1084667184563
2.9272999763489	-8.0121495494517
2.9319999217987	-7.9199152188057
2.9367001056671	-7.8318626599594
2.9414000511169	-7.7475536802958
2.9460999965668	-7.6661175512026
2.9507999420166	-7.5864811572439
2.9554998874664	-7.5076264394295
2.9602000713348	-7.4288506752693
2.9649000167847	-7.3499379153172
2.9695999622345	-7.2711917383235
2.9742999076843	-7.1933440600452
2.9790000915527	-7.1173548395004
2.9837000370026	-7.0441496017376
2.9883999824524	-6.9743754469404
2.9930999279022	-6.9082441778643
2.9978001117706	-6.8454621760530
3.0025000572205	-6.7853263439450
3.0072000026703	-6.7268877112535
3.0118999481201	-6.6692064069600
3.0165998935699	-6.6115852956792
3.0213000774384	-6.5537346344991
3.0260000228882	-6.4958561918908
3.0306999683380	-6.4385657574161
3.0353999137878	-6.3827264556807
3.0401000976562	-6.3292170512321
3.0448000431061	-6.2787007377153
3.0494999885559	-6.2314570585230
3.0541999340057	-6.1872981829219
3.0589001178741	-6.1456371369390
3.0636000633240	-6.1056146447459
3.0683000087738	-6.0663417051076
3.0729999542236	-6.0271042561929
3.0776998996735	-5.9875679827730
3.0824000835419	-5.9478297667128
3.0871000289917	-5.9084082085677
3.0917999744415	-5.8700862887090
3.0964999198914	-5.8337009195244
3.1012001037598	-5.7999289242009
3.1059000492096	-5.7690974220608
3.1105999946594	-5.7411058720860
3.1152999401093	-5.7154502487259
3.1199998855591	-5.6913488097752
3.1247000694275	-5.6679399974333
3.1294000148773	-5.6445087948977
3.1340999603271	-5.6206562015354
3.1387999057770	-5.5964145280789
3.1435000896454	-5.5722159179800
3.1482000350952	-5.5487726044100
3.1528999805450	-5.5269000059532
3.1575999259949	-5.5072750053805
3.1623001098633	-5.4902773621373
3.1670000553131	-5.4758699221722
3.1717000007629	-5.4636217057591
3.1763999462128	-5.4528023769257
3.1810998916626	-5.4425761233045
3.1858000755310	-5.4322138918978
3.1905000209808	-5.4212750804300
3.1951999664307	-5.4097137939946
3.1998999118805	-5.3978998582072
3.2046000957489	-5.3864952886494
3.2093000411987	-5.3762849654337
3.2139999866486	-5.3679559349828
3.2186999320984	-5.3619242711992
3.2234001159668	-5.3582019013971
3.2281000614166	-5.3564049002014
3.2328000068665	-5.3558405979765
3.2374999523163	-5.3556753348583
3.2421998977661	-5.3551505091400
3.2469000816345	-5.3537760265649
3.2516000270844	-5.3514462464969
3.2562999725342	-5.3484529104529
3.2609999179840	-5.3454150927306
3.2657001018524	-5.3430876020883
3.2704000473022	-5.3421553886927
3.2750999927521	-5.3430435672774
3.2797999382019	-5.3457866490537
3.2844998836517	-5.3500147671132
3.2892000675201	-5.3550252875595
3.2939000129700	-5.3599588167073
3.2985999584198	-5.3639993917509
3.3032999038696	-5.3665776130910
3.3080000877380	-5.3675085456307
3.3127000331879	-5.3670076173024
3.3173999786377	-5.3656288516559
3.3220999240875	-5.3640763284538
3.3268001079559	-5.3630058578453
3.3315000534058	-5.3628149302596
3.3361999988556	-5.3635174349903
3.3408999443054	-5.3647043790315
3.3455998897552	-5.3656182446555
3.3503000736237	-5.3653293870936
3.3550000190735	-5.3629412082791
3.3596999645233	-5.3578021338989
3.3643999099731	-5.3496426545460
3.3691000938416	-5.3386143653707
3.3738000392914	-5.3252130988442
3.3784999847412	-5.3101137183593
3.3831999301910	-5.2939493268167
3.3879001140594	-5.2771018362965
3.3926000595093	-5.2595813828017
3.3973000049591	-5.2409816337547
3.4019999504089	-5.2205663624669
3.4066998958588	-5.1974434731352
3.4114000797272	-5.1707877072305
3.4161000251770	-5.1400393651722
3.4207999706268	-5.1050557636580
3.4254999160767	-5.0661476086821
3.4302000999451	-5.0239819865604
3.4349000453949	-4.9794293175570
3.4395999908447	-4.9333301619712
3.4442999362946	-4.8863076567494
3.4489998817444	-4.8386396480293
3.4537000656128	-4.7902234913269
3.4584000110626	-4.7406731594588
3.4630999565125	-4.6894718626086
3.4677999019623	-4.6361862921378
3.4725000858307	-4.5806501866770
3.4772000312805	-4.5230851284229
3.4818999767303	-4.4641115532360
3.4865999221802	-4.4046698868342
3.4913001060486	-4.3458459125382
3.4960000514984	-4.2886632862359
3.5006999969482	-4.2339179746453
3.5053999423981	-4.1820376204200
3.5100998878479	-4.1330722595231
3.5148000717163	-4.0867558906215
3.5195000171661	-4.0426509538200
3.5241999626160	-4.0003291070724
3.5288999080658	-3.9595424261427
3.5336000919342	-3.9203308099042
3.5383000373840	-3.8830562989441
3.5429999828339	-3.8483393843492
3.5476999282837	-3.8169264231431
3.5524001121521	-3.7895189494394
3.5571000576019	-3.7666089175502
3.5618000030518	-3.7483721528655
3.5664999485016	-3.7346285017146
3.5711998939514	-3.7248886750994
3.5759000778198	-3.7184850884565
3.5806000232697	-3.7147211753423
3.5852999687195	-3.7130471936189
3.5899999141693	-3.7131794340777
3.5947000980377	-3.7151567421359
3.5994000434875	-3.7193092382245
3.6040999889374	-3.7261484967269
3.6087999343872	-3.7362158102344
3.6135001182556	-3.7499224960015
3.6182000637054	-3.7674203937457
3.6229000091553	-3.7885402763930
3.6275999546051	-3.8128110112389
3.6322999000549	-3.8395580503255
3.6370000839233	-3.8680476260133
3.6417000293732	-3.8976578001775
3.6463999748230	-3.9280167034051
3.6510999202728	-3.9590771089892
3.6558001041412	-3.9911201864345
3.6605000495911	-4.0246573728928
3.6651999950409	-4.0602895848124
3.6698999404907	-4.0985373689258
3.6745998859406	-4.1396917821360
3.6793000698090	-4.1837226134688
3.6840000152588	-4.2302715677620
3.6886999607086	-4.2787314827646
3.6933999061584	-4.3283829672228
3.6981000900269	-4.3785727404121
3.7028000354767	-4.4288686092853
3.7074999809265	-4.4791747034719
3.7121999263763	-4.5297444310077
3.7169001102448	-4.5811185675333
3.7216000556946	-4.6339727712745
3.7263000011444	-4.6889467216845
3.7309999465942	-4.7464621938721
3.7356998920441	-4.8066098637411
3.7404000759125	-4.8691090622951
3.7451000213623	-4.9333687426937
3.7497999668121	-4.9986312150885
3.7544999122620	-5.0641468490955
3.7592000961304	-5.1293743897917
3.7639000415802	-5.1941142651158
3.7685999870300	-5.2585611225418
3.7732999324799	-5.3232468369612
3.7780001163483	-5.3889046391540
3.7827000617981	-5.4562628808612
3.7874000072479	-5.5258433493233
3.7920999526978	-5.5978065928162
3.7967998981476	-5.6718903386814
3.8015000820160	-5.7474455494035
3.8062000274658	-5.8235878048481
3.8108999729156	-5.8993942896104
3.8155999183655	-5.9741386095719
3.8203001022339	-6.0474594137138
3.8250000476837	-6.1194505387461
3.8296999931335	-6.1906165436439
3.8343999385834	-6.2617257621596
3.8390998840332	-6.3335776112656
3.8438000679016	-6.4067605362114
3.8485000133514	-6.4814532212952
3.8531999588013	-6.5573402600807
3.8578999042511	-6.6336367984258
3.8626000881195	-6.7092546584922
3.8673000335693	-6.7830402510489
3.8719999790192	-6.8540532068460
3.8766999244690	-6.9217853694307
3.8814001083374	-6.9862770904217
3.8861000537872	-7.0480781684122
3.8907999992371	-7.1080721398959
3.8954999446869	-7.1672031309111
3.9001998901367	-7.2261842184614
3.9049000740051	-7.2852578052570
3.9096000194550	-7.3440899036592
3.9142999649048	-7.4018144294797
3.9189999103546	-7.4572219079247
3.9237000942230	-7.5090620557064
3.9284000396729	-7.5563636972044
3.9330999851227	-7.5986943799352
3.9377999305725	-7.6362807759187
3.9425001144409	-7.6699519883415
3.9472000598907	-7.7009137982009
3.9519000053406	-7.7304211548323
3.9565999507904	-7.7594461381605
3.9612998962402	-7.7884153076097
3.9660000801086	-7.8171076723050
3.9707000255585	-7.8447224805227
3.9753999710083	-7.8701156798242
3.9800999164581	-7.8921326404251
3.9848001003265	-7.9099619766398
3.9895000457764	-7.9233999337198
3.9941999912262	-7.9329508248273
3.9988999366760	-7.9397389133860
4.0036001205444	-7.9452415329208
4.0082998275757	-7.9509349255117
4.0130000114441	-7.9579350443424
4.0177001953125	-7.9667518935821
4.0223999023438	-7.9771844007844
4.0271000862122	-7.9884269422835
4.0317997932434	-7.9993100539849
4.0364999771118	-8.0086666690507
4.0412001609802	-8.0156851230384
4.0458998680115	-8.0201726065876
4.0506000518799	-8.0226553778595
4.0553002357483	-8.0242761705463
4.0599999427795	-8.0265232861337
4.0647001266479	-8.0308650158005
4.0693998336792	-8.0383956187115
4.0741000175476	-8.0495726280612
4.0788002014160	-8.0641221367615
4.0834999084473	-8.0811356014779
4.0882000923157	-8.0993150332731
4.0928997993469	-8.1173451267382
4.0975999832153	-8.1342526015607
4.1023001670837	-8.1496959001090
4.1069998741150	-8.1640724913656
4.1117000579834	-8.1784448323718
4.1163997650146	-8.1942616219054
4.1210999488831	-8.2129899826207
4.1258001327515	-8.2357474752106
4.1304998397827	-8.2630050760664
4.1352000236511	-8.2944752981859
4.1399002075195	-8.3291750579361
4.1445999145508	-8.3656786068015
4.1493000984192	-8.4024816565616
4.1539998054504	-8.4384084202670
4.1586999893188	-8.4729209752636
4.1634001731873	-8.5062892889359
4.1680998802185	-8.5395111317501
4.1728000640869	-8.5740753068436
4.1774997711182	-8.6115513137130
4.1821999549866	-8.6531841499931
4.1869001388550	-8.6995571812343
4.1915998458862	-8.7504279559158
4.1963000297546	-8.8047652340129
4.2010002136230	-8.8609893787700
4.2056999206543	-8.9173763533387
4.2104001045227	-8.9724897874382
4.2150998115540	-9.0255729173687
4.2197999954224	-9.0767653125657
4.2245001792908	-9.1270699663524
4.2291998863220	-9.1780983222181
4.2339000701904	-9.2316439863573
4.2385997772217	-9.2892032141272
4.2432999610901	-9.3515754816986
4.2480001449585	-9.4186429774873
4.2526998519897	-9.4893665984206
4.2574000358582	-9.5620448478477
4.2621002197266	-9.6347345699220
4.2667999267578	-9.7057796076202
4.2715001106262	-9.7742751130878
4.2761998176575	-9.8403601846118
4.2809000015259	-9.9052311806691
4.2856001853943	-9.9708809712866
4.2902998924255	-10.039616100596
4.2950000762939	-10.113507590591
4.2996997833252	-10.193901709439
4.3043999671936	-10.281112639515
4.3091001510620	-10.374385296813
4.3137998580933	-10.472122045331
4.3185000419617	-10.572343808309
4.3232002258301	-10.673274133670
4.3278999328613	-10.773898335589
4.3326001167297	-10.874337915935
4.3372998237610	-10.975929941701
4.3420000076294	-11.080965434419
4.3467001914978	-11.192162685744
4.3513998985291	-11.312001677196
4.3561000823975	-11.442115173710
4.3607997894287	-11.582837739934
4.3654999732971	-11.733060483476
4.3702001571655	-11.890431787300
4.3748998641968	-12.051858281916
4.3796000480652	-12.214254539759
4.3843002319336	-12.375335689072
4.3889999389648	-12.534252872611
4.3937001228333	-12.691864657851
4.3983998298645	-12.850532275354
4.4031000137329	-13.013482360384
4.4078001976013	-13.183909712594
4.4124999046326	-13.364066321119
4.4172000885010	-13.554540787096
4.4218997955322	-13.753950005018
4.4265999794006	-13.959101702654
4.4313001632690	-14.165673654296
4.4359998703003	-14.369288641684
4.4407000541687	-14.566726200821
4.4454002380371	-14.756933694067
4.4500999450684	-14.941454640417
4.4548001289368	-15.124114903191
4.4594998359680	-15.309996614089
4.4642000198364	-15.504030384555
4.4689002037048	-15.709564345012
4.4735999107361	-15.927314972063
4.4783000946045	-16.154887291664
4.4829998016357	-16.387120468053
4.4876999855042	-16.617207406236
4.4924001693726	-16.838440486928
4.4970998764038	-17.046215690393
4.5018000602722	-17.239544442958
4.5064997673035	-17.421524011910
4.5111999511719	-17.598496535312
4.5159001350403	-17.778100222757
4.5205998420715	-17.966892627359
4.5253000259399	-18.168206722478
4.5300002098083	-18.380735721039
4.5346999168396	-18.598279117754
4.5394001007080	-18.810788982643
4.5440998077393	-19.006775644280
4.5487999916077	-19.176581053908
4.5535001754761	-19.315519401523
4.5581998825073	-19.425532424427
4.5629000663757	-19.514534302058
4.5675997734070	-19.593583414751
4.5722999572754	-19.673049134498
4.5770001411438	-19.759128992866
4.5816998481750	-19.851567106349
4.5864000320435	-19.943227747977
4.5911002159119	-20.021626339519
4.5957999229431	-20.072409436699
4.6005001068115	-20.084007759217
4.6051998138428	-20.051876326019
4.6098999977112	-19.980355535550
4.6146001815796	-19.881221932640
4.6192998886108	-19.769639524866
4.6240000724792	-19.659337724368
4.6286997795105	-19.558841276298
4.6333999633789	-19.469493099796
4.6381001472473	-19.385577756340
4.6427998542786	-19.296315346927
4.6475000381470	-19.189340798541
4.6522002220154	-19.054928684954
4.6568999290466	-18.889470078185
4.6616001129150	-18.696944677703
4.6662998199463	-18.487605897581
4.6710000038147	-18.274697889186
4.6757001876831	-18.070575083385
4.6803998947144	-17.883564272208
4.6851000785828	-17.716250573870
4.6897997856140	-17.565300932587
4.6944999694824	-17.422714707942
4.6992001533508	-17.278153599686
4.7038998603821	-17.122030477275
4.7086000442505	-16.948412250342
4.7133002281189	-16.756900036734
4.7179999351501	-16.552654271884
4.7227001190186	-16.344723599197
4.7273998260498	-16.143288853394
4.7321000099182	-15.956873205465
4.7368001937866	-15.790301212951
4.7414999008179	-15.643729795360
4.7462000846863	-15.512817900764
4.7508997917175	-15.389952134575
4.7555999755859	-15.266257399279
4.7603001594543	-15.134060144051
4.7649998664856	-14.989063708655
4.7697000503540	-14.831584920499
4.7744002342224	-14.666394441194
4.7790999412537	-14.501208013237
4.7838001251221	-14.344437036399
4.7884998321533	-14.202941151862
4.7932000160217	-14.080374526357
4.7979001998901	-13.976387424659
4.8025999069214	-13.886803140735
4.8073000907898	-13.804686252213
4.8119997978210	-13.722101219981
4.8166999816895	-13.632240495997
4.8214001655579	-13.531322462774
4.8260998725891	-13.419683087256
4.8308000564575	-13.301630945113
4.8354997634888	-13.184152953155
4.8401999473572	-13.074910259599
4.8449001312256	-12.980201009131
4.8495998382568	-12.903381592453
4.8543000221252	-12.844082954688
4.8590002059937	-12.798308529843
4.8636999130249	-12.759368829986
4.8684000968933	-12.719543600013
4.8730998039246	-12.672097647216
4.8777999877930	-12.613158629341
4.8825001716614	-12.542847711141
4.8871998786926	-12.465231957326
4.8919000625610	-12.387119997816
4.8965997695923	-12.316108233800
4.9012999534607	-12.258527416568
4.9060001373291	-12.217821608272
4.9106998443604	-12.193685290704
4.9154000282288	-12.182079678121
4.9201002120972	-12.176164527515
4.9247999191284	-12.167954271221
4.9295001029968	-12.150425742413
4.9341998100281	-12.119510046147
4.9388999938965	-12.075318603072
4.9436001777649	-12.022119659606
4.9482998847961	-11.967071427834
4.9530000686646	-11.918134030096
4.9576997756958	-11.881843656783
4.9623999595642	-11.861543986725
4.9671001434326	-11.856440598780
4.9717998504639	-11.861602158446
4.9765000343323	-11.868969099320
4.9812002182007	-11.869219736509
4.9858999252319	-11.854139774549
4.9906001091003	-11.818877824515
4.9952998161316	-11.763285502956
5.0000000000000	-11.691791918222
#Parameters = {R_fat=48; R_glandular=38; R_skin_outer=50; T10=5; T15=7.5; T5=2.5; T_rad=4; T_x=10; T_y=0; T_z=75; Zc=65; skin_thickness=2; Mesh Pass=1}
#"Frequency / GHz"	"S1,1 (Mesh Pass=1) [Magnitude / dB]"
#-------------------------------------------------------
0.30000001192093	-6.6537540157825
0.30469998717308	-6.5206214394472
0.30939999222755	-6.3811138687095
0.31409999728203	-6.2359003598646
0.31880000233650	-6.0862428139496
0.32350000739098	-5.9338255944913
0.32820001244545	-5.7805039612232
0.33289998769760	-5.6280211837849
0.33759999275208	-5.4777421833021
0.34229999780655	-5.3304755368489
0.34700000286102	-5.1863751829187
0.35170000791550	-5.0449856831482
0.35640001296997	-4.9053826745301
0.36109998822212	-4.7664198342734
0.36579999327660	-4.6270237175037
0.37049999833107	-4.4864822323768
0.37520000338554	-4.3446609234164
0.37990000844002	-4.2020954668102
0.38460001349449	-4.0599393855634
0.38929998874664	-3.9197566836404
0.39399999380112	-3.7832434563437
0.39869999885559	-3.6518834552717
0.40340000391006	-3.5266614333987
0.40810000896454	-3.4078557846440
0.41280001401901	-3.2949645584533
0.41749998927116	-3.1868074028553
0.42219999432564	-3.0817600093623
0.42689999938011	-2.9781143353216
0.43160000443459	-2.8744929133084
0.43630000948906	-2.7701767802817
0.44100001454353	-2.6653196991743
0.44569998979568	-2.5609389357211
0.45039999485016	-2.4587030869838
0.45509999990463	-2.3605512490079
0.45980000495911	-2.2682343998721
0.46450001001358	-2.1828937169441
0.46919998526573	-2.1047458273973
0.47389999032021	-2.0329719160139
0.47859999537468	-1.9658518806740
0.48330000042915	-1.9011113811411
0.48800000548363	-1.8364590137135
0.49270001053810	-1.7701444122437
0.49739998579025	-1.7014174311248
0.50209999084473	-1.6307582545866
0.50679999589920	-1.5597798887066
0.51150000095367	-1.4908413987648
0.51620000600815	-1.4264606518681
0.52090001106262	-1.3686684394757
0.52560001611710	-1.3184589623396
0.53030002117157	-1.2754714421146
0.53500002622604	-1.2379912691147
0.53969997167587	-1.2032945843970
0.54439997673035	-1.1682914351082
0.54909998178482	-1.1303091869670
0.55379998683929	-1.0878196464730
0.55849999189377	-1.0408883122865
0.56319999694824	-0.99120699157796
0.56790000200272	-0.94168485795575
0.57260000705719	-0.89570723644563
0.57730001211166	-0.85624524122143
0.58200001716614	-0.82504836213110
0.58670002222061	-0.80211902753320
0.59140002727509	-0.78559989124884
0.59609997272491	-0.77213947326536
0.60079997777939	-0.75770388921929
0.60549998283386	-0.73861968712184
0.61019998788834	-0.71262248743624
0.61489999294281	-0.67954862653436
0.61959999799728	-0.64146531774717
0.62430000305176	-0.60217516186693
0.62900000810623	-0.56623948648150
0.63370001316071	-0.53775518412732
0.63840001821518	-0.51921730907690
0.64310002326965	-0.51076172868909
0.64780002832413	-0.50995315066519
0.65249997377396	-0.51226418219853
0.65719997882843	-0.51216136713825
0.66189998388290	-0.50461469752334
0.66659998893738	-0.48657674180959
0.67129999399185	-0.45801801923407
0.67599999904633	-0.42212229587339
0.68070000410080	-0.38455444170554
0.68540000915527	-0.35199151133044
0.69010001420975	-0.33031707583511
0.69480001926422	-0.32292395360870
0.69950002431870	-0.32955972879319
0.70420002937317	-0.34599428763518
0.70889997482300	-0.36475709334395
0.71359997987747	-0.37691728119656
0.71829998493195	-0.37463992409935
0.72299998998642	-0.35384665871282
0.72769999504089	-0.31615962278325
0.73240000009537	-0.26937697271787
0.73710000514984	-0.22631427899475
0.74180001020432	-0.20232249418662
0.74650001525879	-0.21215040832801
0.75120002031326	-0.26679388493695
0.75590002536774	-0.37075547104377
0.76059997081757	-0.51999984406704
0.76529997587204	-0.70096630817306
0.76999998092651	-0.89109901872189
0.77469998598099	-1.0616116557986
0.77939999103546	-1.1829223168203
0.78409999608994	-1.2320869290859
0.78880000114441	-1.1997707877564
0.79350000619888	-1.0934602710444
0.79820001125336	-0.93509733235496
0.80290001630783	-0.75453513417472
0.80760002136230	-0.58200032183784
0.81230002641678	-0.44207387553237
0.81699997186661	-0.35004596361246
0.82169997692108	-0.31035915166066
0.82639998197556	-0.31671352983699
0.83109998703003	-0.35375156291211
0.83579999208450	-0.40037772829817
0.84049999713898	-0.43469604118444
0.84520000219345	-0.43981087845428
0.84990000724792	-0.40892626663602
0.85460001230240	-0.34778007277538
0.85930001735687	-0.27340897244480
0.86400002241135	-0.20979983138550
0.86870002746582	-0.18222306475508
0.87339997291565	-0.21189193702981
0.87809997797012	-0.31181648602198
0.88279998302460	-0.48395482184446
0.88749998807907	-0.71748918896346
0.89219999313354	-0.98824003899204
0.89689999818802	-1.2598608596963
0.90160000324249	-1.4881848822464
0.90630000829697	-1.6300267349557
0.91100001335144	-1.6554136092783
0.91570001840591	-1.5580565495695
0.92040002346039	-1.3576205417302
0.92510002851486	-1.0921319350293
0.92979997396469	-0.80564490558370
0.93449997901917	-0.53763390937237
0.93919998407364	-0.31698870585147
0.94389998912811	-0.16000826260486
0.94859999418259	-0.070814692014118
0.95329999923706	-0.042984984927590
0.95800000429153	-0.062027109127974
0.96270000934601	-0.10850191136404
0.96740001440048	-0.16175853335616
0.97210001945496	-0.20387180879898
0.97680002450943	-0.22306504842482
0.98150002956390	-0.21563434880016
0.98619997501373	-0.18571030968434
0.99089998006821	-0.14299279774916
0.99559998512268	-0.099343522711441
1.0003000497818	-0.065385559883185
1.0049999952316	-0.048003502693332
1.0096999406815	-0.049152037795619
1.0144000053406	-0.065957337884748
1.0190999507904	-0.091903009667162
1.0238000154495	-0.11875089345241
1.0284999608994	-0.13875437482534
1.0332000255585	-0.14665353742314
1.0378999710083	-0.14088763141721
1.0426000356674	-0.12373769892786
1.0472999811172	-0.10037985654311
1.0520000457764	-0.077234801391533
1.0566999912262	-0.060149218835516
1.0614000558853	-0.052914118045901
1.0661000013351	-0.056476588410494
1.0707999467850	-0.068904665373732
1.0755000114441	-0.086091781806745
1.0801999568939	-0.10293551978147
1.0849000215530	-0.11474062312419
1.0895999670029	-0.11844083052897
1.0943000316620	-0.11335018762635
1.0989999771118	-0.10120623285145
1.1037000417709	-0.085555636510488
1.1083999872208	-0.070665842858008
1.1131000518799	-0.060350240878215
1.1177999973297	-0.056979697781930
1.1224999427795	-0.060966711539297
1.1272000074387	-0.070772658576595
1.1318999528885	-0.083408238649874
1.1366000175476	-0.095295649696958
1.1412999629974	-0.10322131164083
1.1460000276566	-0.10520063057196
1.1506999731064	-0.10094312921631
1.1554000377655	-0.091848925088400
1.1600999832153	-0.080554533175663
1.1648000478745	-0.070150191873369
1.1694999933243	-0.063349822557257
1.1742000579834	-0.061801066412392
1.1789000034332	-0.065741776305046
1.1835999488831	-0.074022867870546
1.1883000135422	-0.084490489111453
1.1929999589920	-0.094608206485107
1.1977000236511	-0.10214306584682
1.2023999691010	-0.10572725081261
1.2071000337601	-0.10516895576667
1.2117999792099	-0.10139795454479
1.2165000438690	-0.096121806012615
1.2211999893188	-0.091267766692949
1.2259000539780	-0.088413562673833
1.2305999994278	-0.088356934378016
1.2352999448776	-0.090912448676819
1.2400000095367	-0.095033994332027
1.2446999549866	-0.099133617197707
1.2494000196457	-0.10158961684864
1.2540999650955	-0.10122631356832
1.2588000297546	-0.097668708956383
1.2634999752045	-0.091475806885120
1.2682000398636	-0.083962554835099
1.2728999853134	-0.076855439557072
1.2776000499725	-0.071805195068432
1.2822999954224	-0.069933008835721
1.2869999408722	-0.071550286046259
1.2917000055313	-0.076079833200445
1.2963999509811	-0.082217502330952
1.3011000156403	-0.088291348518736
1.3057999610901	-0.092705832584941
1.3105000257492	-0.094361461424242
1.3151999711990	-0.092946768844173
1.3199000358582	-0.088981785648794
1.3245999813080	-0.083665409054894
1.3293000459671	-0.078525082929524
1.3339999914169	-0.074990942740087
1.3387000560760	-0.074019524051002
1.3434000015259	-0.075845656384837
1.3480999469757	-0.079958705647954
1.3528000116348	-0.085244855980605
1.3574999570847	-0.090313565946636
1.3622000217438	-0.093878501917383
1.3668999671936	-0.095093781336211
1.3716000318527	-0.093786606419943
1.3762999773026	-0.090471544974940
1.3810000419617	-0.086201354391348
1.3856999874115	-0.082248730303265
1.3904000520706	-0.079772595697772
1.3950999975204	-0.079490034433325
1.3997999429703	-0.081513222567476
1.4045000076294	-0.085327907027733
1.4091999530792	-0.089951319112850
1.4139000177383	-0.094214794951179
1.4185999631882	-0.097081832206209
1.4233000278473	-0.097930011006092
1.4279999732971	-0.096703881492321
1.4327000379562	-0.093919363291300
1.4373999834061	-0.090509375691815
1.4421000480652	-0.087552288514939
1.4467999935150	-0.085976634377083
1.4515000581741	-0.086310428845424
1.4562000036240	-0.088556649946807
1.4608999490738	-0.092204524935660
1.4656000137329	-0.096382494701928
1.4702999591827	-0.10010396502088
1.4750000238419	-0.10253628671459
1.4796999692917	-0.10322335245727
1.4844000339508	-0.10221484499403
1.4890999794006	-0.10001609549396
1.4938000440598	-0.097458730826490
1.4984999895096	-0.095460705375286
1.5032000541687	-0.094762286325138
1.5078999996185	-0.095744874557668
1.5125999450684	-0.098335611419291
1.5173000097275	-0.10203305311325
1.5219999551773	-0.10606003548084
1.5267000198364	-0.10958085891444
1.5313999652863	-0.11193507919032
1.5361000299454	-0.11280528495247
1.5407999753952	-0.11229996951685
1.5455000400543	-0.11092629834998
1.5501999855042	-0.10941927895255
1.5549000501633	-0.10855624832683
1.5595999956131	-0.10893318239939
1.5642999410629	-0.11081073754171
1.5690000057220	-0.11406090198909
1.5736999511719	-0.11819943149610
1.5784000158310	-0.12253810876906
1.5830999612808	-0.12637336160277
1.5878000259399	-0.12917945670330
1.5924999713898	-0.13075101453103
1.5972000360489	-0.13125171083820
1.6018999814987	-0.13116322916103
1.6066000461578	-0.13114781112305
1.6112999916077	-0.13186484841012
1.6160000562668	-0.13378611130436
1.6207000017166	-0.13708174406950
1.6253999471664	-0.14158352527841
1.6301000118256	-0.14683087429761
1.6347999572754	-0.15221101861748
1.6395000219345	-0.15713355373563
1.6441999673843	-0.16118581550292
1.6489000320435	-0.16424712938488
1.6535999774933	-0.16651358287974
1.6583000421524	-0.16844375586818
1.6629999876022	-0.17062511900112
1.6677000522614	-0.17360755614007
1.6723999977112	-0.17776374104804
1.6770999431610	-0.18318383193241
1.6818000078201	-0.18966537594451
1.6864999532700	-0.19676649747213
1.6912000179291	-0.20394191395719
1.6958999633789	-0.21068004906982
1.7006000280380	-0.21665418624540
1.7052999734879	-0.22179902043966
1.7100000381470	-0.22632830902718
1.7146999835968	-0.23065629309054
1.7194000482559	-0.23529406159441
1.7240999937057	-0.24069250923014
1.7288000583649	-0.24711687593124
1.7335000038147	-0.25458158593316
1.7381999492645	-0.26284228031547
1.7429000139236	-0.27146636063057
1.7475999593735	-0.27993871195289
1.7523000240326	-0.28781332303575
1.7569999694824	-0.29481569497028
1.7617000341415	-0.30091305269264
1.7663999795914	-0.30631397095288
1.7711000442505	-0.31139396061858
1.7757999897003	-0.31658303510053
1.7805000543594	-0.32224125941589
1.7851999998093	-0.32855450895184
1.7898999452591	-0.33547345892201
1.7946000099182	-0.34273043615276
1.7992999553680	-0.34991385704389
1.8040000200272	-0.35656512133939
1.8086999654770	-0.36230756777856
1.8134000301361	-0.36694379469003
1.8180999755859	-0.37049914059560
1.8228000402451	-0.37320772294580
1.8274999856949	-0.37544062219506
1.8322000503540	-0.37759455062195
1.8368999958038	-0.37998824527434
1.8415999412537	-0.38276599062298
1.8463000059128	-0.38586967131297
1.8509999513626	-0.38905359295018
1.8557000160217	-0.39195963731679
1.8603999614716	-0.39421665672094
1.8651000261307	-0.39555089630507
1.8697999715805	-0.39585709735785
1.8745000362396	-0.39522866493980
1.8791999816895	-0.39393363450843
1.8839000463486	-0.39234369314834
1.8885999917984	-0.39082175431924
1.8933000564575	-0.38964241631413
1.8980000019073	-0.38891340026868
1.9026999473572	-0.38855304202513
1.9074000120163	-0.38833033988539
1.9120999574661	-0.38792433786112
1.9168000221252	-0.38703109408424
1.9214999675751	-0.38544248145903
1.9262000322342	-0.38311310360544
1.9308999776840	-0.38016606867369
1.9356000423431	-0.37687041068444
1.9402999877930	-0.37355575835722
1.9450000524521	-0.37053216370287
1.9496999979019	-0.36800504101882
1.9543999433517	-0.36602638519673
1.9591000080109	-0.36448173251554
1.9637999534607	-0.36313571764362
1.9685000181198	-0.36169810580896
1.9731999635696	-0.35990766647302
1.9779000282288	-0.35760726376355
1.9825999736786	-0.35478722879074
1.9873000383377	-0.35158850452844
1.9919999837875	-0.34825752123435
1.9967000484467	-0.34508358760101
2.0013999938965	-0.34231680171427
2.0060999393463	-0.34010054072275
2.0107998847961	-0.33843632541091
2.0155000686646	-0.33719214253344
2.0202000141144	-0.33613543827993
2.0248999595642	-0.33500802322543
2.0295999050140	-0.33359760143954
2.0343000888824	-0.33179233080760
2.0390000343323	-0.32961876571021
2.0436999797821	-0.32722451175327
2.0483999252319	-0.32484057750892
2.0531001091003	-0.32271251463101
2.0578000545502	-0.32103613390607
2.0625000000000	-0.31990226674817
2.0671999454498	-0.31927810744897
2.0718998908997	-0.31901574754957
2.0766000747681	-0.31890415395228
2.0813000202179	-0.31872335827763
2.0859999656677	-0.31831288005275
2.0906999111176	-0.31761015680857
2.0954000949860	-0.31667346283046
2.1001000404358	-0.31565901455821
2.1047999858856	-0.31477504558198
2.1094999313354	-0.31422517182201
2.1142001152039	-0.31415476929505
2.1189000606537	-0.31460573624505
2.1236000061035	-0.31551921912366
2.1282999515533	-0.31674619891299
2.1329998970032	-0.31810259103589
2.1377000808716	-0.31942147076400
2.1424000263214	-0.32059768350123
2.1470999717712	-0.32162625396296
2.1517999172211	-0.32259679479863
2.1565001010895	-0.32366842507502
2.1612000465393	-0.32502258973206
2.1658999919891	-0.32681506678991
2.1705999374390	-0.32913179089545
2.1752998828888	-0.33197019492203
2.1800000667572	-0.33524725876307
2.1847000122070	-0.33882963636173
2.1893999576569	-0.34258236327341
2.1940999031067	-0.34641109146741
2.1988000869751	-0.35029988955551
2.2035000324249	-0.35431272076397
2.2081999778748	-0.35858040290664
2.2128999233246	-0.36326275661549
2.2176001071930	-0.36849980023842
2.2223000526428	-0.37437279539624
2.2269999980927	-0.38088561678839
2.2316999435425	-0.38797758995538
2.2363998889923	-0.39554964380791
2.2411000728607	-0.40351814824001
2.2458000183105	-0.41185879112731
2.2504999637604	-0.42063329819516
2.2551999092102	-0.42998810160218
2.2599000930786	-0.44010071976762
2.2646000385284	-0.45111319600999
2.2692999839783	-0.46303609354399
2.2739999294281	-0.47567104565390
2.2787001132965	-0.48856799597196
2.2834000587463	-0.50103455856195
2.2881000041962	-0.51221450366731
2.2927999496460	-0.52121499812144
2.2974998950958	-0.52728796454014
2.3022000789642	-0.52998979100878
2.3069000244141	-0.52932023447667
2.3115999698639	-0.52577683927255
2.3162999153137	-0.52031568691701
2.3210000991821	-0.51422558562326
2.3257000446320	-0.50892566451980
2.3303999900818	-0.50574899146525
2.3350999355316	-0.50573788403218
2.3397998809814	-0.50950074036134
2.3445000648499	-0.51714838103712
2.3492000102997	-0.52832809368564
2.3538999557495	-0.54232791284350
2.3585999011993	-0.55823392611720
2.3633000850677	-0.57511901903547
2.3680000305176	-0.59220463594863
2.3726999759674	-0.60897012971347
2.3773999214172	-0.62520900726509
2.3821001052856	-0.64098667709051
2.3868000507355	-0.65655572817493
2.3914999961853	-0.67222631877244
2.3961999416351	-0.68824502084060
2.4008998870850	-0.70469938764170
2.4056000709534	-0.72148049025844
2.4103000164032	-0.73830120355848
2.4149999618530	-0.75475977971057
2.4196999073029	-0.77044292863377
2.4244000911713	-0.78501871867544
2.4291000366211	-0.79831066350501
2.4337999820709	-0.81031742656383
2.4384999275208	-0.82120455141565
2.4432001113892	-0.83122407258337
2.4479000568390	-0.84064002614395
2.4526000022888	-0.84963876298688
2.4572999477386	-0.85827335857079
2.4619998931885	-0.86645093393291
2.4667000770569	-0.87395390306794
2.4714000225067	-0.88050804827747
2.4760999679565	-0.88586085300038
2.4807999134064	-0.88985343390779
2.4855000972748	-0.89247004481072
2.4902000427246	-0.89384617347463
2.4948999881744	-0.89423399072441
2.4995999336243	-0.89394039804657
2.5043001174927	-0.89325053669163
2.5090000629425	-0.89235949717224
2.5137000083923	-0.89133570297254
2.5183999538422	-0.89011422343745
2.5230998992920	-0.88853433162905
2.5278000831604	-0.88639815508395
2.5325000286102	-0.88353908185652
2.5371999740601	-0.87988362938769
2.5418999195099	-0.87548066839010
2.5466001033783	-0.87050252183337
2.5513000488281	-0.86520027696125
2.5559999942780	-0.85984907928635
2.5606999397278	-0.85468196536776
2.5653998851776	-0.84983470180632
2.5701000690460	-0.84532053757260
2.5748000144958	-0.84103962189876
2.5794999599457	-0.83681400966972
2.5841999053955	-0.83244914779898
2.5889000892639	-0.82779111531199
2.5936000347137	-0.82278090174589
2.5982999801636	-0.81746798121588
2.6029999256134	-0.81200700906830
2.6077001094818	-0.80661439817782
2.6124000549316	-0.80151120967428
2.6171000003815	-0.79686829666377
2.6217999458313	-0.79276401946329
2.6264998912811	-0.78916418098337
2.6312000751495	-0.78593652206209
2.6359000205994	-0.78289419846796
2.6405999660492	-0.77984603775958
2.6452999114990	-0.77665372503306
2.6500000953674	-0.77326595732393
2.6547000408173	-0.76974008222506
2.6593999862671	-0.76622021455923
2.6640999317169	-0.76289910112439
2.6688001155853	-0.75996440233192
2.6735000610352	-0.75754679905140
2.6782000064850	-0.75568903703736
2.6828999519348	-0.75432911634049
2.6875998973846	-0.75332700126110
2.6923000812531	-0.75249457472467
2.6970000267029	-0.75165571239265
2.7016999721527	-0.75068983395018
2.7063999176025	-0.74956626806636
2.7111001014709	-0.74835006405934
2.7158000469208	-0.74718458998293
2.7204999923706	-0.74624588351218
2.7251999378204	-0.74570373826000
2.7298998832703	-0.74566137273538
2.7346000671387	-0.74613821910815
2.7393000125885	-0.74706061204708
2.7439999580383	-0.74828045811738
2.7486999034882	-0.74961959522039
2.7534000873566	-0.75091822182744
2.7581000328064	-0.75207769370680
2.7627999782562	-0.75308320400695
2.7674999237061	-0.75401137440589
2.7722001075745	-0.75500772257384
2.7769000530243	-0.75624266098414
2.7815999984741	-0.75786391014454
2.7862999439240	-0.75995999921422
2.7909998893738	-0.76253240144376
2.7957000732422	-0.76549749775911
2.8004000186920	-0.76870842510388
2.8050999641418	-0.77199516295583
2.8097999095917	-0.77521428619952
2.8145000934601	-0.77828400510397
2.8192000389099	-0.78120884372000
2.8238999843597	-0.78407843772206
2.8285999298096	-0.78703523621820
2.8333001136780	-0.79024740456432
2.8380000591278	-0.79385035798099
2.8427000045776	-0.79791735745888
2.8473999500275	-0.80243600419361
2.8520998954773	-0.80731662041163
2.8568000793457	-0.81241302973318
2.8615000247955	-0.81756507166713
2.8661999702454	-0.82264418096184
2.8708999156952	-0.82758577149997
2.8756000995636	-0.83241018606437
2.8803000450134	-0.83721454084838
2.8849999904633	-0.84214588821369
2.8896999359131	-0.84736409905759
2.8943998813629	-0.85299226035877
2.8991000652313	-0.85909090677797
2.9038000106812	-0.86563741515235
2.9084999561310	-0.87253364883886
2.9131999015808	-0.87963287062550
2.9179000854492	-0.88678706175652
2.9226000308990	-0.89387848547981
2.9272999763489	-0.90085774442525
2.9319999217987	-0.90775753700615
2.9367001056671	-0.91468308666371
2.9414000511169	-0.92178139148034
2.9460999965668	-0.92920527105754
2.9507999420166	-0.93706625479503
2.9554998874664	-0.94540861664288
2.9602000713348	-0.95419606785861
2.9649000167847	-0.96332215024955
2.9695999622345	-0.97263722598607
2.9742999076843	-0.98199547609179
2.9790000915527	-0.99128998961772
2.9837000370026	-1.0004824669920
2.9883999824524	-1.0096155542801
2.9930999279022	-1.0187966223692
2.9978001117706	-1.0281721505579
3.0025000572205	-1.0378849975235
3.0072000026703	-1.0480289212751
3.0118999481201	-1.0586325077277
3.0165998935699	-1.0696404009506
3.0213000774384	-1.0809320884590
3.0260000228882	-1.0923508856714
3.0306999683380	-1.1037483285807
3.0353999137878	-1.1150209889777
3.0401000976562	-1.1261358258518
3.0448000431061	-1.1371379213769
3.0494999885559	-1.1481389826822
3.0541999340057	-1.1592758972420
3.0589001178741	-1.1706766137366
3.0636000633240	-1.1824186334240
3.0683000087738	-1.1945057770561
3.0729999542236	-1.2068584682738
3.0776998996735	-1.2193381435681
3.0824000835419	-1.2317748797969
3.0871000289917	-1.2440118607762
3.0917999744415	-1.2559446911661
3.0964999198914	-1.2675425247108
3.1012001037598	-1.2788538891211
3.1059000492096	-1.2899848216440
3.1105999946594	-1.3010649018797
3.1152999401093	-1.3122099158700
3.1199998855591	-1.3234736460157
3.1247000694275	-1.3348387071775
3.1294000148773	-1.3462045529974
3.1340999603271	-1.3574136240545
3.1387999057770	-1.3682883477560
3.1435000896454	-1.3786721134017
3.1482000350952	-1.3884661917568
3.1528999805450	-1.3976528985316
3.1575999259949	-1.4062911657377
3.1623001098633	-1.4144986268413
3.1670000553131	-1.4224071765794
3.1717000007629	-1.4301301918712
3.1763999462128	-1.4377158159093
3.1810998916626	-1.4451384856480
3.1858000755310	-1.4522934215953
3.1905000209808	-1.4590294156067
3.1951999664307	-1.4651834008724
3.1998999118805	-1.4706251323959
3.2046000957489	-1.4752893515527
3.2093000411987	-1.4791973303370
3.2139999866486	-1.4824473524241
3.2186999320984	-1.4851885674902
3.2234001159668	-1.4875845952133
3.2281000614166	-1.4897653549689
3.2328000068665	-1.4917993951232
3.2374999523163	-1.4936777610789
3.2421998977661	-1.4953192577973
3.2469000816345	-1.4966059030039
3.2516000270844	-1.4974156555789
3.2562999725342	-1.4976688167179
3.2609999179840	-1.4973614407701
3.2657001018524	-1.4965702786198
3.2704000473022	-1.4954516228004
3.2750999927521	-1.4942027116842
3.2797999382019	-1.4930281281718
3.2844998836517	-1.4920934611871
3.2892000675201	-1.4915008147371
3.2939000129700	-1.4912730108934
3.2985999584198	-1.4913704953322
3.3032999038696	-1.4917226823531
3.3080000877380	-1.4922651785330
3.3127000331879	-1.4929832363898
3.3173999786377	-1.4939430910291
3.3220999240875	-1.4952934495069
3.3268001079559	-1.4972603010687
3.3315000534058	-1.5001103568908
3.3361999988556	-1.5041156256528
3.3408999443054	-1.5095104977923
3.3455998897552	-1.5164704971188
3.3503000736237	-1.5251026529589
3.3550000190735	-1.5354594572643
3.3596999645233	-1.5475772497991
3.3643999099731	-1.5615092755401
3.3691000938416	-1.5773725983993
3.3738000392914	-1.5953702966592
3.3784999847412	-1.6158006977019
3.3831999301910	-1.6390438506014
3.3879001140594	-1.6655299956422
3.3926000595093	-1.6956947682796
3.3973000049591	-1.7299441201390
3.4019999504089	-1.7686176275058
3.4066998958588	-1.8119806511861
3.4114000797272	-1.8602244318097
3.4161000251770	-1.9134919038913
3.4207999706268	-1.9719010600671
3.4254999160767	-2.0355689375491
3.4302000999451	-2.1046216376784
3.4349000453949	-2.1791713232533
3.4395999908447	-2.2592835602605
3.4442999362946	-2.3449066793620
3.4489998817444	-2.4357938882326
3.4537000656128	-2.5314328758723
3.4584000110626	-2.6309698265309
3.4630999565125	-2.7331903783829
3.4677999019623	-2.8365223528402
3.4725000858307	-2.9390926365620
3.4772000312805	-3.0388280947123
3.4818999767303	-3.1335839907829
3.4865999221802	-3.2212890867578
3.4913001060486	-3.3000749523401
3.4960000514984	-3.3683842373664
3.5006999969482	-3.4250311546950
3.5053999423981	-3.4692341210741
3.5100998878479	-3.5005993466067
3.5148000717163	-3.5191034905613
3.5195000171661	-3.5250607078418
3.5241999626160	-3.5191039772170
3.5288999080658	-3.5021584370877
3.5336000919342	-3.4754094306451
3.5383000373840	-3.4402579597254
3.5429999828339	-3.3982474489858
3.5476999282837	-3.3509793565571
3.5524001121521	-3.3000016131004
3.5571000576019	-3.2467175501221
3.5618000030518	-3.1923088518501
3.5664999485016	-3.1376942625327
3.5711998939514	-3.0835309267870
3.5759000778198	-3.0302490598244
3.5806000232697	-2.9781148587378
3.5852999687195	-2.9273055552461
3.5899999141693	-2.8779782276100
3.5947000980377	-2.8303165453412
3.5994000434875	-2.7845449009823
3.6040999889374	-2.7409175425652
3.6087999343872	-2.6996849973661
3.6135001182556	-2.6610450869977
3.6182000637054	-2.6251056650668
3.6229000091553	-2.5918588158020
3.6275999546051	-2.5611878083827
3.6322999000549	-2.5328896763239
3.6370000839233	-2.5067265667644
3.6417000293732	-2.4824765161279
3.6463999748230	-2.4599819211942
3.6510999202728	-2.4391815115417
3.6558001041412	-2.4201107614840
3.6605000495911	-2.4028801538233
3.6651999950409	-2.3876323055592
3.6698999404907	-2.3744957121496
3.6745998859406	-2.3635353606429
3.6793000698090	-2.3547267639577
3.6840000152588	-2.3479606600377
3.6886999607086	-2.3430544222109
3.6933999061584	-2.3398058387882
3.6981000900269	-2.3380382762493
3.7028000354767	-2.3376433502236
3.7074999809265	-2.3386135350706
3.7121999263763	-2.3410432982535
3.7169001102448	-2.3450998644584
3.7216000556946	-2.3509886824348
3.7263000011444	-2.3588978563590
3.7309999465942	-2.3689524350796
3.7356998920441	-2.3811924631896
3.7404000759125	-2.3955613863157
3.7451000213623	-2.4119379951661
3.7497999668121	-2.4301734407018
3.7544999122620	-2.4501452252565
3.7592000961304	-2.4718074964468
3.7639000415802	-2.4952079576721
3.7685999870300	-2.5205010979848
3.7732999324799	-2.5479191038612
3.7780001163483	-2.5777225750152
3.7827000617981	-2.6101517665274
3.7874000072479	-2.6453680075163
3.7920999526978	-2.6834315567905
3.7967998981476	-2.7242837897958
3.8015000820160	-2.7677822212798
3.8062000274658	-2.8137295702206
3.8108999729156	-2.8619410052927
3.8155999183655	-2.9122831120327
3.8203001022339	-2.9647057934735
3.8250000476837	-3.0192457710037
3.8296999931335	-3.0759906350573
3.8343999385834	-3.1350223109684
3.8390998840332	-3.1963610620939
3.8438000679016	-3.2598917879945
3.8485000133514	-3.3253291509152
3.8531999588013	-3.3922152761246
3.8578999042511	-3.4599464295442
3.8626000881195	-3.5278327738231
3.8673000335693	-3.5951714884096
3.8719999790192	-3.6613243597987
3.8766999244690	-3.7257613754426
3.8814001083374	-3.7880808606198
3.8861000537872	-3.8479768564752
3.8907999992371	-3.9051944855918
3.8954999446869	-3.9594602766507
3.9001998901367	-4.0104320334916
3.9049000740051	-4.0576706788662
3.9096000194550	-4.1006673487883
3.9142999649048	-4.1388988449736
3.9189999103546	-4.1719168109536
3.9237000942230	-4.1994409749233
3.9284000396729	-4.2214237989099
3.9330999851227	-4.2380810243956
3.9377999305725	-4.2498592048314
3.9425001144409	-4.2573634573694
3.9472000598907	-4.2612534025078
3.9519000053406	-4.2621484418702
3.9565999507904	-4.2605498626391
3.9612998962402	-4.2568117259028
3.9660000801086	-4.2511595373222
3.9707000255585	-4.2437518035057
3.9753999710083	-4.2347573000051
3.9800999164581	-4.2244378944393
3.9848001003265	-4.2131914630353
3.9895000457764	-4.2015617874713
3.9941999912262	-4.1902066196401
3.9988999366760	-4.1798192629417
4.0036001205444	-4.1710458146093
4.0082998275757	-4.1644126445246
4.0130000114441	-4.1602748559489
4.0177001953125	-4.1588145209653
4.0223999023438	-4.1600820594557
4.0271000862122	-4.1640608013456
4.0317997932434	-4.1707657915059
4.0364999771118	-4.1803201864532
4.0412001609802	-4.1930097610872
4.0458998680115	-4.2092951663247
4.0506000518799	-4.2297894620017
4.0553002357483	-4.2551859857049
4.0599999427795	-4.2861895163616
4.0647001266479	-4.3234349112746
4.0693998336792	-4.3674477143978
4.0741000175476	-4.4186324906010
4.0788002014160	-4.4773120082439
4.0834999084473	-4.5437943005130
4.0882000923157	-4.6184704505960
4.0928997993469	-4.7018968615082
4.0975999832153	-4.7948593970318
4.1023001670837	-4.8983950357218
4.1069998741150	-5.0137594510356
4.1117000579834	-5.1423424560658
4.1163997650146	-5.2855569598240
4.1210999488831	-5.4446967044729
4.1258001327515	-5.6208125115894
4.1304998397827	-5.8145963155007
4.1352000236511	-6.0263044489740
4.1399002075195	-6.2557147766993
4.1445999145508	-6.5021214384032
4.1493000984192	-6.7643380587219
4.1539998054504	-7.0406998205805
4.1586999893188	-7.3290526581023
4.1634001731873	-7.6266995956797
4.1680998802185	-7.9303160299666
4.1728000640869	-8.2358601805554
4.1774997711182	-8.5385193031198
4.1821999549866	-8.8327439701800
4.1869001388550	-9.1124594143605
4.1915998458862	-9.3714581044909
4.1963000297546	-9.6039452948066
4.2010002136230	-9.8051629300940
4.2056999206543	-9.9718837383190
4.2104001045227	-10.102647435244
4.2150998115540	-10.197640059644
4.2197999954224	-10.258256027596
4.2245001792908	-10.286494602383
4.2291998863220	-10.284404455348
4.2339000701904	-10.253741020512
4.2385997772217	-10.195922767126
4.2432999610901	-10.112245218672
4.2480001449585	-10.004231224638
4.2526998519897	-9.8739534160927
4.2574000358582	-9.7241873648857
4.2621002197266	-9.5583419185179
4.2667999267578	-9.3801698851225
4.2715001106262	-9.1933841501736
4.2761998176575	-9.0012761820483
4.2809000015259	-8.8064639459048
4.2856001853943	-8.6107984412307
4.2902998924255	-8.4154469669926
4.2950000762939	-8.2210943816126
4.2996997833252	-8.0282039009937
4.3043999671936	-7.8372530828431
4.3091001510620	-7.6488820021953
4.3137998580933	-7.4639346328207
4.3185000419617	-7.2833838175030
4.3232002258301	-7.1081799534415
4.3278999328613	-6.9390777538930
4.3326001167297	-6.7764945378690
4.3372998237610	-6.6204297037046
4.3420000076294	-6.4704888285305
4.3467001914978	-6.3259832819875
4.3513998985291	-6.1860895394705
4.3561000823975	-6.0500380012791
4.3607997894287	-5.9172630313892
4.3654999732971	-5.7874993015967
4.3702001571655	-5.6607926691911
4.3748998641968	-5.5374176766396
4.3796000480652	-5.4177540976693
4.3843002319336	-5.3021366322743
4.3889999389648	-5.1907185499408
4.3937001228333	-5.0834040960657
4.3983998298645	-4.9798465876550
4.4031000137329	-4.8795127061555
4.4078001976013	-4.7818095744012
4.4124999046326	-4.6862203761143
4.4172000885010	-4.5924166676065
4.4218997955322	-4.5003385625069
4.4265999794006	-4.4101858728158
4.4313001632690	-4.3223519659999
4.4359998703003	-4.2373119164618
4.4407000541687	-4.1554840914041
4.4454002380371	-4.0771236715795
4.4500999450684	-4.0022523919926
4.4548001289368	-3.9306563260428
4.4594998359680	-3.8619431791117
4.4642000198364	-3.7956477631790
4.4689002037048	-3.7313580874941
4.4735999107361	-3.6688190498491
4.4783000946045	-3.6080036847217
4.4829998016357	-3.5491245993937
4.4876999855042	-3.4925710410176
4.4924001693726	-3.4388156199347
4.4970998764038	-3.3883000689335
4.5018000602722	-3.3413207666319
4.5064997673035	-3.2979686004457
4.5111999511719	-3.2581147754707
4.5159001350403	-3.2214645705588
4.5205998420715	-3.1876423133578
4.5253000259399	-3.1563143109376
4.5300002098083	-3.1272956274286
4.5346999168396	-3.1006236501248
4.5394001007080	-3.0765742902713
4.5440998077393	-3.0556243025574
4.5487999916077	-3.0383504467214
4.5535001754761	-3.0253157623491
4.5581998825073	-3.0169558383130
4.5629000663757	-3.0134858347463
4.5675997734070	-3.0148789742320
4.5722999572754	-3.0208823794948
4.5770001411438	-3.0311020831909
4.5816998481750	-3.0451128435009
4.5864000320435	-3.0625708604738
4.5911002159119	-3.0833059453424
4.5957999229431	-3.1073557583578
4.6005001068115	-3.1349395747746
4.6051998138428	-3.1663735047259
4.6098999977112	-3.2019456832037
4.6146001815796	-3.2417869694434
4.6192998886108	-3.2857608495310
4.6240000724792	-3.3334214932107
4.6286997795105	-3.3840268617641
4.6333999633789	-3.4366373598655
4.6381001472473	-3.4902461165632
4.6427998542786	-3.5439389322076
4.6475000381470	-3.5970158597515
4.6522002220154	-3.6490498956718
4.6568999290466	-3.6998645293804
4.6616001129150	-3.7494174226673
4.6662998199463	-3.7976475357456
4.6710000038147	-3.8442944352095
4.6757001876831	-3.8887747527878
4.6803998947144	-3.9301388204772
4.6851000785828	-3.9671353874622
4.6897997856140	-3.9983776225498
4.6944999694824	-4.0225722339257
4.6992001533508	-4.0387526443320
4.7038998603821	-4.0464631406433
4.7086000442505	-4.0458165282441
4.7133002281189	-4.0374426890156
4.7179999351501	-4.0223081969547
4.7227001190186	-4.0014998667056
4.7273998260498	-3.9760025060326
4.7321000099182	-3.9465462797334
4.7368001937866	-3.9135638163544
4.7414999008179	-3.8772528655790
4.7462000846863	-3.8377135525641
4.7508997917175	-3.7951348795577
4.7555999755859	-3.7499418879001
4.7603001594543	-3.7028865129354
4.7649998664856	-3.6550250034502
4.7697000503540	-3.6076126798715
4.7744002342224	-3.5619162211542
4.7790999412537	-3.5190290201851
4.7838001251221	-3.4796960357642
4.7884998321533	-3.4442256838778
4.7932000160217	-3.4124839457998
4.7979001998901	-3.3839979008572
4.8025999069214	-3.3581176314816
4.8073000907898	-3.3342236200022
4.8119997978210	-3.3119033525555
4.8166999816895	-3.2910834888204
4.8214001655579	-3.2720394793966
4.8260998725891	-3.2553336705084
4.8308000564575	-3.2416511043719
4.8354997634888	-3.2316052554108
4.8401999473572	-3.2255610612071
4.8449001312256	-3.2235092567868
4.8495998382568	-3.2250419351813
4.8543000221252	-3.2294233888682
4.8590002059937	-3.2357523947145
4.8636999130249	-3.2431723410618
4.8684000968933	-3.2510813337647
4.8730998039246	-3.2592780110682
4.8777999877930	-3.2680028252759
4.8825001716614	-3.2778721165978
4.8871998786926	-3.2896994736606
4.8919000625610	-3.3042785490694
4.8965997695923	-3.3221555738446
4.9012999534607	-3.3434654338766
4.9060001373291	-3.3678817259986
4.9106998443604	-3.3946750158378
4.9154000282288	-3.4228904758660
4.9201002120972	-3.4515884903124
4.9247999191284	-3.4800998255419
4.9295001029968	-3.5082108533491
4.9341998100281	-3.5362337255881
4.9388999938965	-3.5649448093824
4.9436001777649	-3.5953815747113
4.9482998847961	-3.6285842029934
4.9530000686646	-3.6653122748365
4.9576997756958	-3.7058402658588
4.9623999595642	-3.7498665109225
4.9671001434326	-3.7965664387981
4.9717998504639	-3.8447967983182
4.9765000343323	-3.8933799504546
4.9812002182007	-3.9414273842511
4.9858999252319	-3.9885782130240
4.9906001091003	-4.0351196112745
4.9952998161316	-4.0819226746186
5.0000000000000	-4.1302200608774
#Parameters = {R_fat=48; R_glandular=38; R_skin_outer=50; T10=5; T15=7.5; T5=2.5; T_rad=4; T_x=10; T_y=0; T_z=75; Zc=65; skin_thickness=2; Mesh Pass=2}
#"Frequency / GHz"	"S1,1 (Mesh Pass=2) [Magnitude / dB]"
#-------------------------------------------------------
0.30000001192093	-8.6942711256038
0.30469998717308	-8.3744622865415
0.30939999222755	-8.1626448540348
0.31409999728203	-8.1145481950846
0.31880000233650	-8.2497166948646
0.32350000739098	-8.5546672258408
0.32820001244545	-8.9782573302837
0.33289998769760	-9.4197442664431
0.33759999275208	-9.7295288339449
0.34229999780655	-9.7639153674632
0.34700000286102	-9.4906183666362
0.35170000791550	-9.0293687179679
0.35640001296997	-8.5669927652485
0.36109998822212	-8.2609213665664
0.36579999327660	-8.2141741466596
0.37049999833107	-8.4980116289172
0.37520000338554	-9.1882165749861
0.37990000844002	-10.411289274418
0.38460001349449	-12.432197862959
0.38929998874664	-15.932118390474
0.39399999380112	-23.741118194547
0.39869999885559	-27.269823729704
0.40340000391006	-15.968478233244
0.40810000896454	-11.186832608349
0.41280001401901	-8.3014728366719
0.41749998927116	-6.4356763998705
0.42219999432564	-5.2466799191883
0.42689999938011	-4.5468570497059
0.43160000443459	-4.2128653575823
0.43630000948906	-4.1568017844843
0.44100001454353	-4.3124050051571
0.44569998979568	-4.6236548417496
0.45039999485016	-5.0328073719875
0.45509999990463	-5.4695501203576
0.45980000495911	-5.8486431211102
0.46450001001358	-6.0873288058442
0.46919998526573	-6.1419295796838
0.47389999032021	-6.0341551736605
0.47859999537468	-5.8364890044928
0.48330000042915	-5.6309015895110
0.48800000548363	-5.4777304784361
0.49270001053810	-5.4070174578354
0.49739998579025	-5.4224073280212
0.50209999084473	-5.5073205441583
0.50679999589920	-5.6301676106825
0.51150000095367	-5.7503826705625
0.51620000600815	-5.8281016362387
0.52090001106262	-5.8370107229932
0.52560001611710	-5.7742569560623
0.53030002117157	-5.6601888787672
0.53500002622604	-5.5278505287622
0.53969997167587	-5.4096777506117
0.54439997673035	-5.3283103871230
0.54909998178482	-5.2930606388864
0.55379998683929	-5.3001587680720
0.55849999189377	-5.3349985480349
0.56319999694824	-5.3759747067365
0.56790000200272	-5.4001563336426
0.57260000705719	-5.3901767594096
0.57730001211166	-5.3399205652751
0.58200001716614	-5.2560690194835
0.58670002222061	-5.1546344692420
0.59140002727509	-5.0546237071283
0.59609997272491	-4.9720248492144
0.60079997777939	-4.9160247968873
0.60549998283386	-4.8876315088492
0.61019998788834	-4.8801981793170
0.61489999294281	-4.8814868935926
0.61959999799728	-4.8770667667091
0.62430000305176	-4.8545426216258
0.62900000810623	-4.8073758202512
0.63370001316071	-4.7367398845716
0.63840001821518	-4.6505836028674
0.64310002326965	-4.5604912849912
0.64780002832413	-4.4778602513132
0.65249997377396	-4.4107691874701
0.65719997882843	-4.3621953445431
0.66189998388290	-4.3296506981747
0.66659998893738	-4.3061204470709
0.67129999399185	-4.2821082200424
0.67599999904633	-4.2484369389768
0.68070000410080	-4.1990237302851
0.68540000915527	-4.1326740534931
0.69010001420975	-4.0531940652192
0.69480001926422	-3.9678643933489
0.69950002431870	-3.8849865575381
0.70420002937317	-3.8114465280249
0.70889997482300	-3.7509319317996
0.71359997987747	-3.7031386330095
0.71829998493195	-3.6640317913629
0.72299998998642	-3.6270701129526
0.72769999504089	-3.5851626607968
0.73240000009537	-3.5328227063644
0.73710000514984	-3.4678225082171
0.74180001020432	-3.3917823004856
0.74650001525879	-3.3094679595591
0.75120002031326	-3.2271895037200
0.75590002536774	-3.1508683613337
0.76059997081757	-3.0843770422377
0.76529997587204	-3.0285615488972
0.76999998092651	-2.9811126205024
0.77469998598099	-2.9373071519192
0.77939999103546	-2.8914684349069
0.78409999608994	-2.8387307146748
0.78880000114441	-2.7765660120597
0.79350000619888	-2.7055325606919
0.79820001125336	-2.6290141409663
0.80290001630783	-2.5520777023839
0.80760002136230	-2.4798734398831
0.81230002641678	-2.4161057581371
0.81699997186661	-2.3620025907941
0.82169997692108	-2.3160127916238
0.82639998197556	-2.2743431203717
0.83109998703003	-2.2321790590593
0.83579999208450	-2.1852683157914
0.84049999713898	-2.1313303643752
0.84520000219345	-2.0708228231053
0.84990000724792	-2.0068041583365
0.85460001230240	-1.9439254902043
0.85930001735687	-1.8869529044035
0.86400002241135	-1.8393018406599
0.86870002746582	-1.8019969480334
0.87339997291565	-1.7733932851251
0.87809997797012	-1.7497332755932
0.88279998302460	-1.7264249030067
0.88749998807907	-1.6996308348737
0.89219999313354	-1.6676792164877
0.89689999818802	-1.6317714940614
0.90160000324249	-1.5957062060966
0.90630000829697	-1.5647407664890
0.91100001335144	-1.5439585525326
0.91570001840591	-1.5367085040125
0.92040002346039	-1.5435888407902
0.92510002851486	-1.5623116655035
0.92979997396469	-1.5885510405967
0.93449997901917	-1.6175510190044
0.93919998407364	-1.6460423204433
0.94389998912811	-1.6738148549015
0.94859999418259	-1.7043409043303
0.95329999923706	-1.7441995241406
0.95800000429153	-1.8014752032728
0.96270000934601	-1.8836692034005
0.96740001440048	-1.9958545795993
0.97210001945496	-2.1396463849589
0.97680002450943	-2.3134043607197
0.98150002956390	-2.5137535413185
0.98619997501373	-2.7381370369606
0.99089998006821	-2.9877918837425
0.99559998512268	-3.2702875894384
1.0003000497818	-3.6007462253631
1.0049999952316	-4.0014147908504
1.0096999406815	-4.4999966102717
1.0144000053406	-5.1277111784244
1.0190999507904	-5.9182260156898
1.0238000154495	-6.9080682113653
1.0284999608994	-8.1377871057122
1.0332000255585	-9.6496384937266
1.0378999710083	-11.464087711989
1.0426000356674	-13.467999751219
1.0472999811172	-15.067341484139
1.0520000457764	-15.088884570958
1.0566999912262	-13.470904853474
1.0614000558853	-11.385416580148
1.0661000013351	-9.4775030366558
1.0707999467850	-7.8806637569703
1.0755000114441	-6.5799867756086
1.0801999568939	-5.5343993834173
1.0849000215530	-4.7027414330501
1.0895999670029	-4.0466651806040
1.0943000316620	-3.5297326143161
1.0989999771118	-3.1174315262152
1.1037000417709	-2.7787741893800
1.1083999872208	-2.4887377005772
1.1131000518799	-2.2302993589029
1.1177999973297	-1.9950083271731
1.1224999427795	-1.7816540830199
1.1272000074387	-1.5934646770993
1.1318999528885	-1.4347813059989
1.1366000175476	-1.3081785859468
1.1412999629974	-1.2127319997382
1.1460000276566	-1.1436514201364
1.1506999731064	-1.0932072180397
1.1554000377655	-1.0525327936785
1.1600999832153	-1.0137801749167
1.1648000478745	-0.97194729161551
1.1694999933243	-0.92580437923678
1.1742000579834	-0.87765858665783
1.1789000034332	-0.83208341613514
1.1835999488831	-0.79408401597196
1.1883000135422	-0.76735829221364
1.1929999589920	-0.75314302822211
1.1977000236511	-0.74990010393775
1.2023999691010	-0.75385354016486
1.2071000337601	-0.76015738768930
1.2117999792099	-0.76430904336189
1.2165000438690	-0.76342804335859
1.2211999893188	-0.75696694800139
1.2259000539780	-0.74669336325423
1.2305999994278	-0.73593003804050
1.2352999448776	-0.72839501595292
1.2400000095367	-0.72699058180868
1.2446999549866	-0.73297177378508
1.2494000196457	-0.74564513940389
1.2540999650955	-0.76267837352606
1.2588000297546	-0.78085813245017
1.2634999752045	-0.79708723557843
1.2682000398636	-0.80928728201325
1.2728999853134	-0.81697312374887
1.2776000499725	-0.82130945480071
1.2822999954224	-0.82464060643054
1.2869999408722	-0.82970496255162
1.2917000055313	-0.83877249723652
1.2963999509811	-0.85298149592301
1.3011000156403	-0.87207407390113
1.3057999610901	-0.89454402878158
1.3105000257492	-0.91814506391373
1.3151999711990	-0.94059806540202
1.3199000358582	-0.96026756994358
1.3245999813080	-0.97663533025309
1.3293000459671	-0.99040180348723
1.3339999914169	-1.0032218051790
1.3387000560760	-1.0171520901605
1.3434000015259	-1.0340198874085
1.3480999469757	-1.0548959104998
1.3528000116348	-1.0798295236725
1.3574999570847	-1.1078899490585
1.3622000217438	-1.1375006637563
1.3668999671936	-1.1669295612931
1.3716000318527	-1.1948286749626
1.3762999773026	-1.2206212788627
1.3810000419617	-1.2446572672210
1.3856999874115	-1.2680796500114
1.3904000520706	-1.2924603525890
1.3950999975204	-1.3193276652220
1.3997999429703	-1.3497310051917
1.4045000076294	-1.3839780728066
1.4091999530792	-1.4215952078676
1.4139000177383	-1.4615107341742
1.4185999631882	-1.5024064457092
1.4233000278473	-1.5431272382371
1.4279999732971	-1.5830348646485
1.4327000379562	-1.6221945329091
1.4373999834061	-1.6613538920977
1.4421000480652	-1.7017205843491
1.4467999935150	-1.7446193683575
1.4515000581741	-1.7911234292287
1.4562000036240	-1.8417836011417
1.4608999490738	-1.8965187488510
1.4656000137329	-1.9546779458229
1.4702999591827	-2.0152771076329
1.4750000238419	-2.0773082813265
1.4796999692917	-2.1400579555375
1.4844000339508	-2.2033425091004
1.4890999794006	-2.2675762647031
1.4938000440598	-2.3336730408564
1.4984999895096	-2.4028034349628
1.5032000541687	-2.4760928516054
1.5078999996185	-2.5543323407635
1.5125999450684	-2.6377993139427
1.5173000097275	-2.7262197292292
1.5219999551773	-2.8188861119684
1.5267000198364	-2.9148938344459
1.5313999652863	-3.0134377483105
1.5361000299454	-3.1140807733571
1.5407999753952	-3.2169161408483
1.5455000400543	-3.3225901120056
1.5501999855042	-3.4321487276618
1.5549000501633	-3.5467870581987
1.5595999956131	-3.6675438181785
1.5642999410629	-3.7950426680128
1.5690000057220	-3.9293549585898
1.5736999511719	-4.0700002644332
1.5784000158310	-4.2161152205434
1.5830999612808	-4.3667279765362
1.5878000259399	-4.5210815563446
1.5924999713898	-4.6789062428268
1.5972000360489	-4.8405584916148
1.6018999814987	-5.0069788819672
1.6066000461578	-5.1794822686742
1.6112999916077	-5.3594215323120
1.6160000562668	-5.5478411237713
1.6207000017166	-5.7451996333698
1.6253999471664	-5.9512508270580
1.6301000118256	-6.1651259693529
1.6347999572754	-6.3856035871832
1.6395000219345	-6.6115034961608
1.6441999673843	-6.8420993479315
1.6489000320435	-7.0774245622123
1.6535999774933	-7.3183575070688
1.6583000421524	-7.5664626902101
1.6629999876022	-7.8236067919802
1.6677000522614	-8.0914746259987
1.6723999977112	-8.3711109274431
1.6770999431610	-8.6626380146948
1.6818000078201	-8.9652197225666
1.6864999532700	-9.2773381432269
1.6912000179291	-9.5973033541321
1.6958999633789	-9.9238730241079
1.7006000280380	-10.256808124815
1.7052999734879	-10.597142487763
1.7100000381470	-10.947096586940
1.7146999835968	-11.309602560778
1.7194000482559	-11.687584467613
1.7240999937057	-12.083209878952
1.7288000583649	-12.497327938298
1.7335000038147	-12.929260695149
1.7381999492645	-13.377079613249
1.7429000139236	-13.838346654209
1.7475999593735	-14.311119337700
1.7523000240326	-14.794997690313
1.7569999694824	-15.291776856684
1.7617000341415	-15.805462840701
1.7663999795914	-16.341582626820
1.7711000442505	-16.905895079233
1.7757999897003	-17.502880862817
1.7805000543594	-18.134347374965
1.7851999998093	-18.798584329063
1.7898999452591	-19.490305711179
1.7946000099182	-20.201596369738
1.7992999553680	-20.923712190557
1.8040000200272	-21.649138777085
1.8086999654770	-22.372788166391
1.8134000301361	-23.090845253912
1.8180999755859	-23.796698801806
1.8228000402451	-24.473964879160
1.8274999856949	-25.089266489049
1.8322000503540	-25.589783911089
1.8368999958038	-25.913146160249
1.8415999412537	-26.012293917300
1.8463000059128	-25.881838385162
1.8509999513626	-25.562357134705
1.8557000160217	-25.118263615670
1.8603999614716	-24.609936168615
1.8651000261307	-24.078625985850
1.8697999715805	-23.545453828693
1.8745000362396	-23.017532088356
1.8791999816895	-22.495457751470
1.8839000463486	-21.979213147440
1.8885999917984	-21.471321961010
1.8933000564575	-20.977337279552
1.8980000019073	-20.504409515252
1.9026999473572	-20.059165981291
1.9074000120163	-19.645888200766
1.9120999574661	-19.265554531866
1.9168000221252	-18.915790453979
1.9214999675751	-18.591731758754
1.9262000322342	-18.287334200105
1.9308999776840	-17.996938635108
1.9356000423431	-17.716561782353
1.9402999877930	-17.444624193037
1.9450000524521	-17.181905325859
1.9496999979019	-16.930799748585
1.9543999433517	-16.694200217322
1.9591000080109	-16.474364105400
1.9637999534607	-16.272104885010
1.9685000181198	-16.086483114254
1.9731999635696	-15.915013123874
1.9779000282288	-15.754309149480
1.9825999736786	-15.600966390241
1.9873000383377	-15.452407377839
1.9919999837875	-15.307485859877
1.9967000484467	-15.166622389426
2.0013999938965	-15.031488522310
2.0060999393463	-14.904337050253
2.0107998847961	-14.787227383991
2.0155000686646	-14.681360224588
2.0202000141144	-14.586710617894
2.0248999595642	-14.502025843280
2.0295999050140	-14.425173613944
2.0343000888824	-14.353729531443
2.0390000343323	-14.285638676580
2.0436999797821	-14.219762506323
2.0483999252319	-14.156142308230
2.0531001091003	-14.095906429246
2.0578000545502	-14.040870435434
2.0625000000000	-13.992952694675
2.0671999454498	-13.953594308730
2.0718998908997	-13.923341387522
2.0766000747681	-13.901692230421
2.0813000202179	-13.887240938317
2.0859999656677	-13.878073599860
2.0906999111176	-13.872301858581
2.0954000949860	-13.868591340346
2.1001000404358	-13.866525104681
2.1047999858856	-13.866696164574
2.1094999313354	-13.870505786056
2.1142001152039	-13.879734876982
2.1189000606537	-13.896016615285
2.1236000061035	-13.920371573238
2.1282999515533	-13.952908099770
2.1329998970032	-13.992790558577
2.1377000808716	-14.038450974336
2.1424000263214	-14.088003497010
2.1470999717712	-14.139762510970
2.1517999172211	-14.192689784819
2.1565001010895	-14.246662847099
2.1612000465393	-14.302479496103
2.1658999919891	-14.361602144053
2.1705999374390	-14.425680737799
2.1752998828888	-14.496078963657
2.1800000667572	-14.573425151536
2.1847000122070	-14.657392668206
2.1893999576569	-14.746717550175
2.1940999031067	-14.839472383449
2.1988000869751	-14.933511016719
2.2035000324249	-15.026989888248
2.2081999778748	-15.118803739466
2.2128999233246	-15.208803039429
2.2176001071930	-15.297755914722
2.2223000526428	-15.387011244104
2.2269999980927	-15.478022860400
2.2316999435425	-15.571827310919
2.2363998889923	-15.668629059796
2.2411000728607	-15.767589741876
2.2458000183105	-15.866926422757
2.2504999637604	-15.964224069658
2.2551999092102	-16.056930845781
2.2599000930786	-16.142970519498
2.2646000385284	-16.221130044517
2.2692999839783	-16.291315500076
2.2739999294281	-16.354438153624
2.2787001132965	-16.412070376625
2.2834000587463	-16.465889078993
2.2881000041962	-16.517141293655
2.2927999496460	-16.566215150767
2.2974998950958	-16.612489812142
2.3022000789642	-16.654416661068
2.3069000244141	-16.689918688805
2.3115999698639	-16.716930359791
2.3162999153137	-16.733962987610
2.3210000991821	-16.740552219069
2.3257000446320	-16.737430317914
2.3303999900818	-16.726379923472
2.3350999355316	-16.709798009013
2.3397998809814	-16.690132872048
2.3445000648499	-16.669309126156
2.3492000102997	-16.648326360002
2.3538999557495	-16.627105491632
2.3585999011993	-16.604636843853
2.3633000850677	-16.579386959989
2.3680000305176	-16.549849240389
2.3726999759674	-16.515076934255
2.3773999214172	-16.475101964481
2.3821001052856	-16.431020000079
2.3868000507355	-16.384808584773
2.3914999961853	-16.338875197670
2.3961999416351	-16.295508967233
2.4008998870850	-16.256333033333
2.4056000709534	-16.221995746518
2.4103000164032	-16.192093191091
2.4149999618530	-16.165377743292
2.4196999073029	-16.140209370347
2.4244000911713	-16.115074515193
2.4291000366211	-16.089108584546
2.4337999820709	-16.062388725672
2.4384999275208	-16.035986913299
2.4432001113892	-16.011704190082
2.4479000568390	-15.991595291465
2.4526000022888	-15.977467645981
2.4572999477386	-15.970398175272
2.4619998931885	-15.970525164317
2.4667000770569	-15.977024436874
2.4714000225067	-15.988417092844
2.4760999679565	-16.003006740550
2.4807999134064	-16.019396154070
2.4855000972748	-16.036933183270
2.4902000427246	-16.055912651292
2.4948999881744	-16.077531723946
2.4995999336243	-16.103554893015
2.5043001174927	-16.135853877866
2.5090000629425	-16.175901651287
2.5137000083923	-16.224388701651
2.5183999538422	-16.281069441406
2.5230998992920	-16.344851616827
2.5278000831604	-16.414138103122
2.5325000286102	-16.487288497873
2.5371999740601	-16.563134852277
2.5418999195099	-16.641336052021
2.5466001033783	-16.722520709633
2.5513000488281	-16.808124086437
2.5559999942780	-16.900035689248
2.5606999397278	-17.000068380526
2.5653998851776	-17.109483246366
2.5701000690460	-17.228668350898
2.5748000144958	-17.357028007873
2.5794999599457	-17.493174618166
2.5841999053955	-17.635295316094
2.5889000892639	-17.781692923858
2.5936000347137	-17.931264217918
2.5982999801636	-18.083864451920
2.6029999256134	-18.240343982610
2.6077001094818	-18.402337775880
2.6124000549316	-18.571803824184
2.6171000003815	-18.750454327828
2.6217999458313	-18.939240882171
2.6264998912811	-19.138031847249
2.6312000751495	-19.345535243438
2.6359000205994	-19.559527577024
2.6405999660492	-19.777294303394
2.6452999114990	-19.996220229630
2.6500000953674	-20.214316785803
2.6547000408173	-20.430563921729
2.6593999862671	-20.644937917707
2.6640999317169	-20.858101494527
2.6688001155853	-21.070844856720
2.6735000610352	-21.283417694170
2.6782000064850	-21.494950237478
2.6828999519348	-21.703087761182
2.6875998973846	-21.903957623534
2.6923000812531	-22.092448953282
2.6970000267029	-22.262827098985
2.7016999721527	-22.409504571194
2.7063999176025	-22.527829210386
2.7111001014709	-22.614656437679
2.7158000469208	-22.668590383708
2.7204999923706	-22.689875067978
2.7251999378204	-22.679916379398
2.7298998832703	-22.640664100303
2.7346000671387	-22.574041206838
2.7393000125885	-22.481452134205
2.7439999580383	-22.363672924794
2.7486999034882	-22.220879631647
2.7534000873566	-22.053157406734
2.7581000328064	-21.860907868502
2.7627999782562	-21.645474059879
2.7674999237061	-21.409382988054
2.7722001075745	-21.156436987469
2.7769000530243	-20.891299697775
2.7815999984741	-20.618933093053
2.7862999439240	-20.343846343251
2.7909998893738	-20.069522372365
2.7957000732422	-19.798013252209
2.8004000186920	-19.529873628822
2.8050999641418	-19.264474829181
2.8097999095917	-19.000513211427
2.8145000934601	-18.736674021984
2.8192000389099	-18.472235564036
2.8238999843597	-18.207447040813
2.8285999298096	-17.943562599280
2.8333001136780	-17.682584227416
2.8380000591278	-17.426751973366
2.8427000045776	-17.177948018258
2.8473999500275	-16.937266141454
2.8520998954773	-16.704733996287
2.8568000793457	-16.479400331028
2.8615000247955	-16.259629476385
2.8661999702454	-16.043600342408
2.8708999156952	-15.829840552675
2.8756000995636	-15.617629549494
2.8803000450134	-15.407180286601
2.8849999904633	-15.199505596426
2.8896999359131	-14.996085050678
2.8943998813629	-14.798367205294
2.8991000652313	-14.607334178984
2.9038000106812	-14.423202386167
2.9084999561310	-14.245353078083
2.9131999015808	-14.072534185351
2.9179000854492	-13.903209895859
2.9226000308990	-13.736004309041
2.9272999763489	-13.570099682948
2.9319999217987	-13.405436458463
2.9367001056671	-13.242676270200
2.9414000511169	-13.082971514688
2.9460999965668	-12.927563069875
2.9507999420166	-12.777392046684
2.9554998874664	-12.632799637132
2.9602000713348	-12.493423556965
2.9649000167847	-12.358315936770
2.9695999622345	-12.226214441156
2.9742999076843	-12.095933269800
2.9790000915527	-11.966695232830
2.9837000370026	-11.838348874153
2.9883999824524	-11.711390213864
2.9930999279022	-11.586773026804
2.9978001117706	-11.465589781620
3.0025000572205	-11.348722990224
3.0072000026703	-11.236561620152
3.0118999481201	-11.128892655473
3.0165998935699	-11.024963872584
3.0213000774384	-10.923706183427
3.0260000228882	-10.824078428524
3.0306999683380	-10.725355783686
3.0353999137878	-10.627349318600
3.0401000976562	-10.530451655182
3.0448000431061	-10.435475236828
3.0494999885559	-10.343395794754
3.0541999340057	-10.255025176085
3.0589001178741	-10.170770663430
3.0636000633240	-10.090495398361
3.0683000087738	-10.013564414085
3.0729999542236	-9.9390519955781
3.0776998996735	-9.8660131106666
3.0824000835419	-9.7937802666481
3.0871000289917	-9.7221504534878
3.0917999744415	-9.6514447135468
3.0964999198914	-9.5823836691808
3.1012001037598	-9.5158478710575
3.1059000492096	-9.4525950870306
3.1105999946594	-9.3930160451941
3.1152999401093	-9.3370158371124
3.1199998855591	-9.2840276966064
3.1247000694275	-9.2332120770403
3.1294000148773	-9.1836941485686
3.1340999603271	-9.1348382153641
3.1387999057770	-9.0864457454256
3.1435000896454	-9.0387969515930
3.1482000350952	-8.9925533268832
3.1528999805450	-8.9485338755829
3.1575999259949	-8.9074555559994
3.1623001098633	-8.8696915575481
3.1670000553131	-8.8351594840004
3.1717000007629	-8.8033371481694
3.1763999462128	-8.7734263993595
3.1810998916626	-8.7445861283118
3.1858000755310	-8.7162059771305
3.1905000209808	-8.6880776990940
3.1951999664307	-8.6604535751892
3.1998999118805	-8.6339485913233
3.2046000957489	-8.6093370611017
3.2093000411987	-8.5872934130464
3.2139999866486	-8.5681632639269
3.2186999320984	-8.5518457620033
3.2234001159668	-8.5378223684136
3.2281000614166	-8.5252898572429
3.2328000068665	-8.5134140244347
3.2374999523163	-8.5015723338455
3.2421998977661	-8.4895379918410
3.2469000816345	-8.4775260236365
3.2516000270844	-8.4661061541764
3.2562999725342	-8.4559877191307
3.2609999179840	-8.4477751681571
3.2657001018524	-8.4417353444515
3.2704000473022	-8.4376846079727
3.2750999927521	-8.4350136206852
3.2797999382019	-8.4328491520022
3.2844998836517	-8.4302828953848
3.2892000675201	-8.4266290848077
3.2939000129700	-8.4215988098534
3.2985999584198	-8.4153430247784
3.3032999038696	-8.4083458269308
3.3080000877380	-8.4012087033023
3.3127000331879	-8.3943946778702
3.3173999786377	-8.3879945000320
3.3220999240875	-8.3816352768913
3.3268001079559	-8.3745161863606
3.3315000534058	-8.3655875587297
3.3361999988556	-8.3538050087126
3.3408999443054	-8.3383809597614
3.3455998897552	-8.3189631699911
3.3503000736237	-8.2956453215449
3.3550000190735	-8.2688490731261
3.3596999645233	-8.2390746299667
3.3643999099731	-8.2066505636891
3.3691000938416	-8.1715194688889
3.3738000392914	-8.1331690832318
3.3784999847412	-8.0907164787942
3.3831999301910	-8.0431227225362
3.3879001140594	-7.9894658135811
3.3926000595093	-7.9291922492058
3.3973000049591	-7.8622414250112
3.4019999504089	-7.7890416791192
3.4066998958588	-7.7103202005272
3.4114000797272	-7.6268722315772
3.4161000251770	-7.5392901702544
3.4207999706268	-7.4478168404520
3.4254999160767	-7.3523089651764
3.4302000999451	-7.2523745296168
3.4349000453949	-7.1475839725144
3.4395999908447	-7.0377252863726
3.4442999362946	-6.9229819425374
3.4489998817444	-6.8039991999339
3.4537000656128	-6.6817969463187
3.4584000110626	-6.5575834740124
3.4630999565125	-6.4325073605250
3.4677999019623	-6.3074611194503
3.4725000858307	-6.1829538754820
3.4772000312805	-6.0591431581359
3.4818999767303	-5.9359505969824
3.4865999221802	-5.8132629929247
3.4913001060486	-5.6911134462284
3.4960000514984	-5.5698278454106
3.5006999969482	-5.4500369995642
3.5053999423981	-5.3326019763810
3.5100998878479	-5.2184438004686
3.5148000717163	-5.1083641038530
3.5195000171661	-5.0028821031890
3.5241999626160	-4.9021725007114
3.5288999080658	-4.8060857355050
3.5336000919342	-4.7142694112061
3.5383000373840	-4.6263183031979
3.5429999828339	-4.5419544651240
3.5476999282837	-4.4611216974540
3.5524001121521	-4.3840238077053
3.5571000576019	-4.3110580411904
3.5618000030518	-4.2426931084907
3.5664999485016	-4.1793090539074
3.5711998939514	-4.1210779096731
3.5759000778198	-4.0678957184220
3.5806000232697	-4.0193989700086
3.5852999687195	-3.9750554150671
3.5899999141693	-3.9343026092369
3.5947000980377	-3.8966886760676
3.5994000434875	-3.8619814683192
3.6040999889374	-3.8301947617852
3.6087999343872	-3.8015459216473
3.6135001182556	-3.7763558265762
3.6182000637054	-3.7549087196271
3.6229000091553	-3.7373230024216
3.6275999546051	-3.7234880952761
3.6322999000549	-3.7130651708756
3.6370000839233	-3.7055522961164
3.6417000293732	-3.7004148653941
3.6463999748230	-3.6972092934885
3.6510999202728	-3.6957010720228
3.6558001041412	-3.6958908627967
3.6605000495911	-3.6979972831684
3.6651999950409	-3.7023588312196
3.6698999404907	-3.7093002120829
3.6745998859406	-3.7190099609643
3.6793000698090	-3.7314625884758
3.6840000152588	-3.7464019853291
3.6886999607086	-3.7634030861516
3.6933999061584	-3.7819817922279
3.6981000900269	-3.8017327082935
3.7028000354767	-3.8224339187188
3.7074999809265	-3.8441066745989
3.7121999263763	-3.8669941764669
3.7169001102448	-3.8914729501018
3.7216000556946	-3.9179270756927
3.7263000011444	-3.9466208082987
3.7309999465942	-3.9775997647950
3.7356998920441	-4.0106727068451
3.7404000759125	-4.0454593766881
3.7451000213623	-4.0815014894137
3.7497999668121	-4.1183970498387
3.7544999122620	-4.1559204386994
3.7592000961304	-4.1940954069220
3.7639000415802	-4.2331803100825
3.7685999870300	-4.2735886209090
3.7732999324799	-4.3157555602758
3.7780001163483	-4.3600039661727
3.7827000617981	-4.4064305154286
3.7874000072479	-4.4548789353992
3.7920999526978	-4.5049726016776
3.7967998981476	-4.5562333180430
3.8015000820160	-4.6082223670153
3.8062000274658	-4.6606821069940
3.8108999729156	-4.7136091168891
3.8155999183655	-4.7672637705667
3.8203001022339	-4.8220862602598
3.8250000476837	-4.8785541153591
3.8296999931335	-4.9370280383328
3.8343999385834	-4.9976278092442
3.8390998840332	-5.0601863998662
3.8438000679016	-5.1242806516261
3.8485000133514	-5.1893576822563
3.8531999588013	-5.2548887825771
3.8578999042511	-5.3205311249229
3.8626000881195	-5.3862280655623
3.8673000335693	-5.4522195307754
3.8719999790192	-5.5189532268616
3.8766999244690	-5.5869276742045
3.8814001083374	-5.6565173640652
3.8861000537872	-5.7278217930506
3.8907999992371	-5.8006031244744
3.8954999446869	-5.8743271002192
3.9001998901367	-5.9482955109292
3.9049000740051	-6.0218364076058
3.9096000194550	-6.0944886897601
3.9142999649048	-6.1661234859666
3.9189999103546	-6.2369610809268
3.9237000942230	-6.3074654272743
3.9284000396729	-6.3781609879540
3.9330999851227	-6.4494199141454
3.9377999305725	-6.5212910823404
3.9425001144409	-6.5934343597960
3.9472000598907	-6.6651664546333
3.9519000053406	-6.7356368764140
3.9565999507904	-6.8040493102940
3.9612998962402	-6.8698890473407
3.9660000801086	-6.9330557386058
3.9707000255585	-6.9938665287034
3.9753999710083	-7.0529271265533
3.9800999164581	-7.1108947444670
3.9848001003265	-7.1682356767935
3.9895000457764	-7.2250341742218
3.9941999912262	-7.2809260221796
3.9988999366760	-7.3351915152578
4.0036001205444	-7.3869631963076
4.0082998275757	-7.4355001313460
4.0130000114441	-7.4804302246068
4.0177001953125	-7.5218850212961
4.0223999023438	-7.5604674523833
4.0271000862122	-7.5970701423154
4.0317997932434	-7.6326037689234
4.0364999771118	-7.6677085817726
4.0412001609802	-7.7025733184580
4.0458998680115	-7.7368888795676
4.0506000518799	-7.7699803105144
4.0553002357483	-7.8010538480318
4.0599999427795	-7.8295010431478
4.0647001266479	-7.8551430996221
4.0693998336792	-7.8783421460558
4.0741000175476	-7.8999327183782
4.0788002014160	-7.9210006501752
4.0834999084473	-7.9425750533710
4.0882000923157	-7.9653416987372
4.0928997993469	-7.9894638821603
4.0975999832153	-8.0145718054151
4.1023001670837	-8.0399185862095
4.1069998741150	-8.0646660772195
4.1117000579834	-8.0881963474740
4.1163997650146	-8.1103637676771
4.1210999488831	-8.1315846866818
4.1258001327515	-8.1527494456822
4.1304998397827	-8.1749705307075
4.1352000236511	-8.1992629226565
4.1399002075195	-8.2262421297053
4.1445999145508	-8.2559584335097
4.1493000984192	-8.2878914352652
4.1539998054504	-8.3211377035120
4.1586999893188	-8.3547098166184
4.1634001731873	-8.3878773118291
4.1680998802185	-8.4204242079028
4.1728000640869	-8.4527396393453
4.1774997711182	-8.4857165649800
4.1821999549866	-8.5204769114946
4.1869001388550	-8.5580257308610
4.1915998458862	-8.5989289839668
4.1963000297546	-8.6431294093681
4.2010002136230	-8.6899574983245
4.2056999206543	-8.7383192690840
4.2104001045227	-8.7870418904168
4.2150998115540	-8.8352356331775
4.2197999954224	-8.8825828163896
4.2245001792908	-8.9294383717954
4.2291998863220	-8.9767108645535
4.2339000701904	-9.0255574435824
4.2385997772217	-9.0769927726270
4.2432999610901	-9.1315284626063
4.2480001449585	-9.1889696609956
4.2526998519897	-9.2484193090103
4.2574000358582	-9.3085088530549
4.2621002197266	-9.3677825106800
4.2667999267578	-9.4251202708531
4.2715001106262	-9.4800640427321
4.2761998176575	-9.5329291669840
4.2809000015259	-9.5846612599490
4.2856001853943	-9.6364806514921
4.2902998924255	-9.6894235337152
4.2950000762939	-9.7439470627118
4.2996997833252	-9.7996955329950
4.3043999671936	-9.8555474385268
4.3091001510620	-9.9098963755856
4.3137998580933	-9.9611197427886
4.3185000419617	-10.008077359039
4.3232002258301	-10.050478534333
4.3278999328613	-10.088988234270
4.3326001167297	-10.125040243137
4.3372998237610	-10.160410161558
4.3420000076294	-10.196698407587
4.3467001914978	-10.234891409713
4.3513998985291	-10.275132457679
4.3561000823975	-10.316784827263
4.3607997894287	-10.358749984737
4.3654999732971	-10.399962108405
4.3702001571655	-10.439890323673
4.3748998641968	-10.478888671722
4.3796000480652	-10.518260084135
4.3843002319336	-10.560024594551
4.3889999389648	-10.606448771839
4.3937001228333	-10.659493613647
4.3983998298645	-10.720341189683
4.4031000137329	-10.789133729441
4.4078001976013	-10.865010755307
4.4124999046326	-10.946420217786
4.4172000885010	-11.031639236874
4.4218997955322	-11.119350666811
4.4265999794006	-11.209101644752
4.4313001632690	-11.301484902091
4.4359998703003	-11.397989633630
4.4407000541687	-11.500548328227
4.4454002380371	-11.610947988061
4.4500999450684	-11.730231832023
4.4548001289368	-11.858330065645
4.4594998359680	-11.993987608429
4.4642000198364	-12.135050035605
4.4689002037048	-12.279056159874
4.4735999107361	-12.423936264622
4.4783000946045	-12.568677414737
4.4829998016357	-12.713651106717
4.4876999855042	-12.860543032706
4.4924001693726	-13.011845290284
4.4970998764038	-13.170094289292
4.5018000602722	-13.337055728900
4.5064997673035	-13.513139607682
4.5111999511719	-13.697169233587
4.5159001350403	-13.886631167396
4.5205998420715	-14.078359332507
4.5253000259399	-14.269464584741
4.5300002098083	-14.458277678683
4.5346999168396	-14.644929055978
4.5394001007080	-14.831408550690
4.5440998077393	-15.021007393517
4.5487999916077	-15.217330871689
4.5535001754761	-15.423202265526
4.5581998825073	-15.639724772364
4.5629000663757	-15.865838493798
4.5675997734070	-16.098452112217
4.5722999572754	-16.333192989723
4.5770001411438	-16.565624714345
4.5816998481750	-16.792558954946
4.5864000320435	-17.013098467876
4.5911002159119	-17.228940805789
4.5957999229431	-17.443877968077
4.6005001068115	-17.662591599404
4.6051998138428	-17.889113838849
4.6098999977112	-18.125475769041
4.6146001815796	-18.370800177801
4.6192998886108	-18.621145654539
4.6240000724792	-18.870187146143
4.6286997795105	-19.110599606942
4.6333999633789	-19.335867687455
4.6381001472473	-19.541973694386
4.6427998542786	-19.728356829276
4.6475000381470	-19.897767100361
4.6522002220154	-20.055060162701
4.6568999290466	-20.205362001262
4.6616001129150	-20.352157449883
4.6662998199463	-20.495848070201
4.6710000038147	-20.633106651167
4.6757001876831	-20.757235890734
4.6803998947144	-20.859460261633
4.6851000785828	-20.930967900146
4.6897997856140	-20.965289979805
4.6944999694824	-20.960135474605
4.6992001533508	-20.918144824659
4.7038998603821	-20.846165852180
4.7086000442505	-20.753338366878
4.7133002281189	-20.648689007927
4.7179999351501	-20.538980438443
4.7227001190186	-20.427235009416
4.7273998260498	-20.312335862096
4.7321000099182	-20.189631886858
4.7368001937866	-20.052636060642
4.7414999008179	-19.895240146060
4.7462000846863	-19.714074949359
4.7508997917175	-19.510026779781
4.7555999755859	-19.288437244717
4.7603001594543	-19.057822250799
4.7649998664856	-18.827662378943
4.7697000503540	-18.606009520834
4.7744002342224	-18.397614428380
4.7790999412537	-18.202990637134
4.7838001251221	-18.018579961898
4.7884998321533	-17.837949505432
4.7932000160217	-17.653853236477
4.7979001998901	-17.460493461504
4.8025999069214	-17.255495119634
4.8073000907898	-17.040708974292
4.8119997978210	-16.821680562073
4.8166999816895	-16.605885123690
4.8214001655579	-16.400511370299
4.8260998725891	-16.210428013876
4.8308000564575	-16.036913220706
4.8354997634888	-15.877433498281
4.8401999473572	-15.726414343243
4.8449001312256	-15.576938006927
4.8495998382568	-15.422827152690
4.8543000221252	-15.260588997723
4.8590002059937	-15.090530098220
4.8636999130249	-14.916609757243
4.8684000968933	-14.745090641032
4.8730998039246	-14.582558882160
4.8777999877930	-14.433929399195
4.8825001716614	-14.301048564840
4.8871998786926	-14.182217935848
4.8919000625610	-14.072738713697
4.8965997695923	-13.966310345670
4.9012999534607	-13.856953544884
4.9060001373291	-13.740905555797
4.9106998443604	-13.617828152356
4.9154000282288	-13.490910476936
4.9201002120972	-13.365806057777
4.9247999191284	-13.248791295458
4.9295001029968	-13.144869476913
4.9341998100281	-13.056285679766
4.9388999938965	-12.981921619094
4.9436001777649	-12.917677278975
4.9482998847961	-12.857669598527
4.9530000686646	-12.796069092607
4.9576997756958	-12.728968755613
4.9623999595642	-12.655695963182
4.9671001434326	-12.579070519628
4.9717998504639	-12.504508167823
4.9765000343323	-12.438308645561
4.9812002182007	-12.385715472519
4.9858999252319	-12.349376343589
4.9906001091003	-12.328568544118
4.9952998161316	-12.319436509213
5.0000000000000	-12.316101424945
#Parameters = {R_fat=48; R_glandular=38; R_skin_outer=50; T10=5; T15=7.5; T5=2.5; T_rad=4; T_x=10; T_y=0; T_z=75; Zc=65; skin_thickness=2; Mesh Pass=3}
#"Frequency / GHz"	"S1,1 (Mesh Pass=3) [Magnitude / dB]"
#-------------------------------------------------------
0.30000001192093	-9.8537982122806
0.30469998717308	-10.249415083769
0.30939999222755	-10.687777483308
0.31409999728203	-11.059244671741
0.31880000233650	-11.244576741200
0.32350000739098	-11.179923365615
0.32820001244545	-10.910004686124
0.33289998769760	-10.565873946196
0.33759999275208	-10.295056332449
0.34229999780655	-10.215823820240
0.34700000286102	-10.412802897921
0.35170000791550	-10.953592288282
0.35640001296997	-11.910250556743
0.36109998822212	-13.376883897902
0.36579999327660	-15.446840607264
0.37049999833107	-17.888403053024
0.37520000338554	-18.794589311827
0.37990000844002	-16.452472044283
0.38460001349449	-13.358403835902
0.38929998874664	-10.829734061812
0.39399999380112	-8.9411652435509
0.39869999885559	-7.5926929809335
0.40340000391006	-6.6926927976453
0.40810000896454	-6.1677318557230
0.41280001401901	-5.9564641317977
0.41749998927116	-6.0058075342553
0.42219999432564	-6.2682573145205
0.42689999938011	-6.6976696527252
0.43160000443459	-7.2421782175374
0.43630000948906	-7.8352050177658
0.44100001454353	-8.3903107587141
0.44569998979568	-8.8119914693178
0.45039999485016	-9.0307857499990
0.45509999990463	-9.0430381203034
0.45980000495911	-8.9139459874974
0.46450001001358	-8.7379657170202
0.46919998526573	-8.5960512849528
0.47389999032021	-8.5368948039618
0.47859999537468	-8.5774004560696
0.48330000042915	-8.7091911931714
0.48800000548363	-8.9044642872056
0.49270001053810	-9.1211582247962
0.49739998579025	-9.3106590689993
0.50209999084473	-9.4306316539977
0.50679999589920	-9.4600572772726
0.51150000095367	-9.4074676912801
0.51620000600815	-9.3055732694243
0.52090001106262	-9.1961364546715
0.52560001611710	-9.1152098477151
0.53030002117157	-9.0848882162548
0.53500002622604	-9.1111965677897
0.53969997167587	-9.1853678905509
0.54439997673035	-9.2867725324950
0.54909998178482	-9.3875515776142
0.55379998683929	-9.4595274466703
0.55849999189377	-9.4826226289084
0.56319999694824	-9.4516234354628
0.56790000200272	-9.3774354831812
0.57260000705719	-9.2819673954583
0.57730001211166	-9.1897995278896
0.58200001716614	-9.1207980919713
0.58670002222061	-9.0858269186439
0.59140002727509	-9.0854476707614
0.59609997272491	-9.1107199516748
0.60079997777939	-9.1456248535660
0.60549998283386	-9.1710466960523
0.61019998788834	-9.1699989184278
0.61489999294281	-9.1327747888288
0.61959999799728	-9.0599023093561
0.62430000305176	-8.9614117569864
0.62900000810623	-8.8528570954597
0.63370001316071	-8.7501535161413
0.63840001821518	-8.6652539718817
0.64310002326965	-8.6036436114578
0.64780002832413	-8.5636316213863
0.65249997377396	-8.5371607509868
0.65719997882843	-8.5119306944040
0.66189998388290	-8.4746314786821
0.66659998893738	-8.4147095059920
0.67129999399185	-8.3275020094203
0.67599999904633	-8.2154855782391
0.68070000410080	-8.0871118489109
0.68540000915527	-7.9538515717986
0.69010001420975	-7.8267404758735
0.69480001926422	-7.7135652855244
0.69950002431870	-7.6172318626284
0.70420002937317	-7.5353772145837
0.70889997482300	-7.4611510826858
0.71359997987747	-7.3850333524733
0.71829998493195	-7.2974239064758
0.72299998998642	-7.1913900411256
0.72769999504089	-7.0646976733355
0.73240000009537	-6.9203437104542
0.73710000514984	-6.7654421734001
0.74180001020432	-6.6089745546247
0.74650001525879	-6.4592709182166
0.75120002031326	-6.3219543943266
0.75590002536774	-6.1987229187391
0.76059997081757	-6.0870999511602
0.76529997587204	-5.9811510609218
0.76999998092651	-5.8730613421034
0.77469998598099	-5.7553129305322
0.77939999103546	-5.6228653089017
0.78409999608994	-5.4746501561958
0.78880000114441	-5.3138417435610
0.79350000619888	-5.1468450341706
0.79820001125336	-4.9814217041046
0.80290001630783	-4.8246176340776
0.80760002136230	-4.6810091109467
0.81230002641678	-4.5516509168155
0.81699997186661	-4.4338667715047
0.82169997692108	-4.3219445163132
0.82639998197556	-4.2086669488158
0.83109998703003	-4.0873573618148
0.83579999208450	-3.9538686681672
0.84049999713898	-3.8078961946596
0.84520000219345	-3.6531059451338
0.84990000724792	-3.4960914535128
0.85460001230240	-3.3445577295743
0.85930001735687	-3.2052652322980
0.86400002241135	-3.0823184164076
0.86870002746582	-2.9760923525698
0.87339997291565	-2.8831005551041
0.87809997797012	-2.7968473351002
0.88279998302460	-2.7095729081540
0.88749998807907	-2.6145341136500
0.89219999313354	-2.5081354601869
0.89689999818802	-2.3911726167698
0.90160000324249	-2.2687686192199
0.90630000829697	-2.1490071896552
0.91100001335144	-2.0407409240453
0.91570001840591	-1.9512216633847
0.92040002346039	-1.8841569818715
0.92510002851486	-1.8386319177967
0.92979997396469	-1.8091986388816
0.93449997901917	-1.7872341473661
0.93919998407364	-1.7633622524947
0.94389998912811	-1.7304076858101
0.94859999418259	-1.6859262038218
0.95329999923706	-1.6334642523601
0.95800000429153	-1.5819644463465
0.96270000934601	-1.5435853603544
0.96740001440048	-1.5305946848422
0.97210001945496	-1.5522796780788
0.97680002450943	-1.6126371197459
0.98150002956390	-1.7093829540812
0.98619997501373	-1.8346395416325
0.99089998006821	-1.9773907233804
0.99559998512268	-2.1274669755667
1.0003000497818	-2.2802567336269
1.0049999952316	-2.4407678321353
1.0096999406815	-2.6256144710011
1.0144000053406	-2.8622597369236
1.0190999507904	-3.1861263431096
1.0238000154495	-3.6372648524705
1.0284999608994	-4.2585436243027
1.0332000255585	-5.0971289498146
1.0378999710083	-6.2109919492441
1.0426000356674	-7.6835518592357
1.0472999811172	-9.6545520220581
1.0520000457764	-12.391077594797
1.0566999912262	-16.453445223001
1.0614000558853	-22.166634667379
1.0661000013351	-20.123702486683
1.0707999467850	-14.677522263415
1.0755000114441	-11.067756969678
1.0801999568939	-8.5487511712287
1.0849000215530	-6.6893794784279
1.0895999670029	-5.2804255515920
1.0943000316620	-4.2074787282993
1.0989999771118	-3.3983610134941
1.1037000417709	-2.7996521292897
1.1083999872208	-2.3658194408399
1.1131000518799	-2.0549965900016
1.1177999973297	-1.8287209284432
1.1224999427795	-1.6539084190183
1.1272000074387	-1.5054741011445
1.1318999528885	-1.3681318216395
1.1366000175476	-1.2363912667864
1.1412999629974	-1.1124734415834
1.1460000276566	-1.0028699188293
1.1506999731064	-0.91460427772268
1.1554000377655	-0.85226295782705
1.1600999832153	-0.81636755267451
1.1648000478745	-0.80314897676116
1.1694999933243	-0.80557842116209
1.1742000579834	-0.81517634175700
1.1789000034332	-0.82412367329219
1.1835999488831	-0.82709970766858
1.1883000135422	-0.82235091702284
1.1929999589920	-0.81168014655976
1.1977000236511	-0.79941580844798
1.2023999691010	-0.79079333592162
1.2071000337601	-0.79025931470465
1.2117999792099	-0.80021306815230
1.2165000438690	-0.82047575166366
1.2211999893188	-0.84850469921615
1.2259000539780	-0.88024604065135
1.2305999994278	-0.91130958892073
1.2352999448776	-0.93820337517889
1.2400000095367	-0.95922024739814
1.2446999549866	-0.97478481907813
1.2494000196457	-0.98713536488281
1.2540999650955	-0.99953375860411
1.2588000297546	-1.0152062453379
1.2634999752045	-1.0364284299223
1.2682000398636	-1.0639427349916
1.2728999853134	-1.0968568425996
1.2776000499725	-1.1330089199290
1.2822999954224	-1.1696385975363
1.2869999408722	-1.2042008126129
1.2917000055313	-1.2350701771361
1.2963999509811	-1.2619509176104
1.3011000156403	-1.2858822072232
1.3057999610901	-1.3088502207115
1.3105000257492	-1.3331583038042
1.3151999711990	-1.3607495941862
1.3199000358582	-1.3926902986093
1.3245999813080	-1.4289263931970
1.3293000459671	-1.4683860635479
1.3339999914169	-1.5093372002944
1.3387000560760	-1.5499152884625
1.3434000015259	-1.5886694616107
1.3480999469757	-1.6249581393649
1.3528000116348	-1.6590965023496
1.3574999570847	-1.6922301653282
1.3622000217438	-1.7259709472018
1.3668999671936	-1.7619273253442
1.3716000318527	-1.8012632065632
1.3762999773026	-1.8444179682246
1.3810000419617	-1.8910407886304
1.3856999874115	-1.9401460531694
1.3904000520706	-1.9904323112986
1.3950999975204	-2.0406846112906
1.3997999429703	-2.0901190022545
1.4045000076294	-2.1386101912210
1.4091999530792	-2.1867188823434
1.4139000177383	-2.2355198318040
1.4185999631882	-2.2863108601505
1.4233000278473	-2.3402535518426
1.4279999732971	-2.3981001821094
1.4327000379562	-2.4600323534277
1.4373999834061	-2.5256655694326
1.4421000480652	-2.5942102172249
1.4467999935150	-2.6647305519043
1.4515000581741	-2.7364456561448
1.4562000036240	-2.8089666747052
1.4608999490738	-2.8824291917866
1.4656000137329	-2.9574761383122
1.4702999591827	-3.0351061102637
1.4750000238419	-3.1164270768592
1.4796999692917	-3.2023988144089
1.4844000339508	-3.2936206340902
1.4890999794006	-3.3902369211033
1.4938000440598	-3.4919469273644
1.4984999895096	-3.5981545805044
1.5032000541687	-3.7081733232990
1.5078999996185	-3.8214663478427
1.5125999450684	-3.9378460383700
1.5173000097275	-4.0575684069394
1.5219999551773	-4.1813231345910
1.5267000198364	-4.3100939600838
1.5313999652863	-4.4449616486099
1.5361000299454	-4.5868693930538
1.5407999753952	-4.7364408286429
1.5455000400543	-4.8938758172063
1.5501999855042	-5.0589620104019
1.5549000501633	-5.2311880398438
1.5595999956131	-5.4099455835054
1.5642999410629	-5.5947562644613
1.5690000057220	-5.7854761759779
1.5736999511719	-5.9824135722472
1.5784000158310	-6.1863387269206
1.5830999612808	-6.3983565730362
1.5878000259399	-6.6197009856267
1.5924999713898	-6.8514882475875
1.5972000360489	-7.0944930581262
1.6018999814987	-7.3490138807988
1.6066000461578	-7.6148575774469
1.6112999916077	-7.8914586126743
1.6160000562668	-8.1781161172160
1.6207000017166	-8.4742850561824
1.6253999471664	-8.7798540100182
1.6301000118256	-9.0953286312714
1.6347999572754	-9.4218662399042
1.6395000219345	-9.7611323273904
1.6441999673843	-10.115028898622
1.6489000320435	-10.485336941216
1.6535999774933	-10.873405126962
1.6583000421524	-11.279929709075
1.6629999876022	-11.704929021737
1.6677000522614	-12.147932817650
1.6723999977112	-12.608359157571
1.6770999431610	-13.086007926151
1.6818000078201	-13.581547288454
1.6864999532700	-14.096868869870
1.6912000179291	-14.635168826055
1.6958999633789	-15.200750589484
1.7006000280380	-15.798587663565
1.7052999734879	-16.433723950492
1.7100000381470	-17.110769243567
1.7146999835968	-17.833530305868
1.7194000482559	-18.605048090010
1.7240999937057	-19.428025124752
1.7288000583649	-20.305772137617
1.7335000038147	-21.243459932185
1.7381999492645	-22.249564518624
1.7429000139236	-23.336856040003
1.7475999593735	-24.522426609979
1.7523000240326	-25.825202267067
1.7569999694824	-27.257829674892
1.7617000341415	-28.804645385069
1.7663999795914	-30.368563563033
1.7711000442505	-31.679774797597
1.7757999897003	-32.292334611551
1.7805000543594	-31.949064262153
1.7851999998093	-30.916640803711
1.7898999452591	-29.635292930276
1.7946000099182	-28.365694909674
1.7992999553680	-27.199851877355
1.8040000200272	-26.152211646086
1.8086999654770	-25.211582463058
1.8134000301361	-24.362122091063
1.8180999755859	-23.590600033868
1.8228000402451	-22.887879834320
1.8274999856949	-22.248135774976
1.8322000503540	-21.667443566895
1.8368999958038	-21.142318808695
1.8415999412537	-20.668741097983
1.8463000059128	-20.241715901073
1.8509999513626	-19.855311461430
1.8557000160217	-19.503149787479
1.8603999614716	-19.179069730855
1.8651000261307	-18.877866574956
1.8697999715805	-18.595824957481
1.8745000362396	-18.330949905173
1.8791999816895	-18.082759430656
1.8839000463486	-17.851833108140
1.8885999917984	-17.639103965364
1.8933000564575	-17.445267802165
1.8980000019073	-17.270250648488
1.9026999473572	-17.113060520418
1.9074000120163	-16.971839726344
1.9120999574661	-16.844212525240
1.9168000221252	-16.727750297425
1.9214999675751	-16.620467647581
1.9262000322342	-16.521179604727
1.9308999776840	-16.429660228446
1.9356000423431	-16.346530289717
1.9402999877930	-16.272954484521
1.9450000524521	-16.210195444607
1.9496999979019	-16.159211722665
1.9543999433517	-16.120330940797
1.9591000080109	-16.093149917159
1.9637999534607	-16.076612160935
1.9685000181198	-16.069262703520
1.9731999635696	-16.069616609271
1.9779000282288	-16.076519353490
1.9825999736786	-16.089425732112
1.9873000383377	-16.108513497358
1.9919999837875	-16.134593768862
1.9967000484467	-16.168866961640
2.0013999938965	-16.212583517983
2.0060999393463	-16.266704205531
2.0107998847961	-16.331646301417
2.0155000686646	-16.407176873543
2.0202000141144	-16.492466761436
2.0248999595642	-16.586290560058
2.0295999050140	-16.687332448242
2.0343000888824	-16.794494069629
2.0390000343323	-16.907147108066
2.0436999797821	-17.025258053689
2.0483999252319	-17.149327730451
2.0531001091003	-17.280193217535
2.0578000545502	-17.418733501405
2.0625000000000	-17.565522195683
2.0671999454498	-17.720571398523
2.0718998908997	-17.883154736391
2.0766000747681	-18.051800839737
2.0813000202179	-18.224432107611
2.0859999656677	-18.398598273226
2.0906999111176	-18.571779634159
2.0954000949860	-18.741675346206
2.1001000404358	-18.906386033065
2.1047999858856	-19.064447956248
2.1094999313354	-19.214739095386
2.1142001152039	-19.356260093924
2.1189000606537	-19.487863928283
2.1236000061035	-19.608021992823
2.1282999515533	-19.714680259598
2.1329998970032	-19.805280796988
2.1377000808716	-19.876929685593
2.1424000263214	-19.926692969256
2.1470999717712	-19.952014179304
2.1517999172211	-19.951102647646
2.1565001010895	-19.923237384297
2.1612000465393	-19.868927946555
2.1658999919891	-19.789862363376
2.1705999374390	-19.688671809970
2.1752998828888	-19.568548867222
2.1800000667572	-19.432826597642
2.1847000122070	-19.284590439541
2.1893999576569	-19.126386061213
2.1940999031067	-18.960124264563
2.1988000869751	-18.787095620004
2.2035000324249	-18.608195832421
2.2081999778748	-18.424179067480
2.2128999233246	-18.235925101863
2.2176001071930	-18.044652572511
2.2223000526428	-17.851991424054
2.2269999980927	-17.659896148264
2.2316999435425	-17.470437803152
2.2363998889923	-17.285543822936
2.2411000728607	-17.106731273015
2.2458000183105	-16.934906118905
2.2504999637604	-16.770324249515
2.2551999092102	-16.612649933294
2.2599000930786	-16.461155807937
2.2646000385284	-16.315008566975
2.2692999839783	-16.173531501965
2.2739999294281	-16.036429339703
2.2787001132965	-15.903876236149
2.2834000587463	-15.776481576648
2.2881000041962	-15.655108810709
2.2927999496460	-15.540653715068
2.2974998950958	-15.433783046397
2.3022000789642	-15.334766008451
2.3069000244141	-15.243395968470
2.3115999698639	-15.159040825702
2.3162999153137	-15.080798350953
2.3210000991821	-15.007718054597
2.3257000446320	-14.939053282885
2.3303999900818	-14.874410095053
2.3350999355316	-14.813844580948
2.3397998809814	-14.757800192106
2.3445000648499	-14.706960337532
2.3492000102997	-14.662028571915
2.3538999557495	-14.623520613612
2.3585999011993	-14.591604777790
2.3633000850677	-14.566042207426
2.3680000305176	-14.546238943424
2.3726999759674	-14.531412914100
2.3773999214172	-14.520763614100
2.3821001052856	-14.513707428890
2.3868000507355	-14.509998962613
2.3914999961853	-14.509799771536
2.3961999416351	-14.513602929654
2.4008998870850	-14.522092987259
2.4056000709534	-14.535930634448
2.4103000164032	-14.555583684263
2.4149999618530	-14.581187491682
2.4196999073029	-14.612494519075
2.4244000911713	-14.648967947578
2.4291000366211	-14.689904546838
2.4337999820709	-14.734633755551
2.4384999275208	-14.782714260503
2.4432001113892	-14.834035662505
2.4479000568390	-14.888868567632
2.4526000022888	-14.947771929823
2.4572999477386	-15.011454063791
2.4619998931885	-15.080575800454
2.4667000770569	-15.155572340929
2.4714000225067	-15.236536894117
2.4760999679565	-15.323198603629
2.4807999134064	-15.415008212931
2.4855000972748	-15.511268483120
2.4902000427246	-15.611340888077
2.4948999881744	-15.714810721465
2.4995999336243	-15.821611591417
2.5043001174927	-15.932030464997
2.5090000629425	-16.046629087562
2.5137000083923	-16.166081399293
2.5183999538422	-16.290978269909
2.5230998992920	-16.421648660478
2.5278000831604	-16.558041195668
2.5325000286102	-16.699703036245
2.5371999740601	-16.845855972423
2.5418999195099	-16.995549341299
2.5466001033783	-17.147839073191
2.5513000488281	-17.301991441707
2.5559999942780	-17.457568008001
2.5606999397278	-17.614459748044
2.5653998851776	-17.772791090784
2.5701000690460	-17.932751249522
2.5748000144958	-18.094371517997
2.5794999599457	-18.257340733340
2.5841999053955	-18.420854872502
2.5889000892639	-18.583587901448
2.5936000347137	-18.743753622628
2.5982999801636	-18.899264276662
2.6029999256134	-19.047945627084
2.6077001094818	-19.187741494818
2.6124000549316	-19.316892608795
2.6171000003815	-19.433995416241
2.6217999458313	-19.537985850538
2.6264998912811	-19.628016491896
2.6312000751495	-19.703300491971
2.6359000205994	-19.762953340367
2.6405999660492	-19.805897320338
2.6452999114990	-19.830848827610
2.6500000953674	-19.836406879415
2.6547000408173	-19.821262461203
2.6593999862671	-19.784377824424
2.6640999317169	-19.725253653014
2.6688001155853	-19.644079257430
2.6735000610352	-19.541773135625
2.6782000064850	-19.419943564674
2.6828999519348	-19.280674765177
2.6875998973846	-19.126300575867
2.6923000812531	-18.959113352560
2.6970000267029	-18.781142034788
2.7016999721527	-18.594016542650
2.7063999176025	-18.398927478399
2.7111001014709	-18.196728092003
2.7158000469208	-17.988068577833
2.7204999923706	-17.773589609668
2.7251999378204	-17.554097903193
2.7298998832703	-17.330645675006
2.7346000671387	-17.104549098480
2.7393000125885	-16.877252098495
2.7439999580383	-16.650201864898
2.7486999034882	-16.424649405710
2.7534000873566	-16.201498211013
2.7581000328064	-15.981222062750
2.7627999782562	-15.763889528410
2.7674999237061	-15.549255383613
2.7722001075745	-15.336933774345
2.7769000530243	-15.126584550174
2.7815999984741	-14.918050041960
2.7862999439240	-14.711456432948
2.7909998893738	-14.507203559151
2.7957000732422	-14.305872050562
2.8004000186920	-14.108079333533
2.8050999641418	-13.914319740398
2.8097999095917	-13.724847137830
2.8145000934601	-13.539614567721
2.8192000389099	-13.358287974265
2.8238999843597	-13.180356041675
2.8285999298096	-13.005267777516
2.8333001136780	-12.832578051209
2.8380000591278	-12.662064908692
2.8427000045776	-12.493771350318
2.8473999500275	-12.327967068829
2.8520998954773	-12.165064750749
2.8568000793457	-12.005471969057
2.8615000247955	-11.849464767713
2.8661999702454	-11.697106738769
2.8708999156952	-11.548208867742
2.8756000995636	-11.402389968735
2.8803000450134	-11.259169108442
2.8849999904633	-11.118097590215
2.8896999359131	-10.978873170318
2.8943998813629	-10.841406567392
2.8991000652313	-10.705839493457
2.9038000106812	-10.572479343267
2.9084999561310	-10.441690926895
2.9131999015808	-10.313789155234
2.9179000854492	-10.188928022678
2.9226000308990	-10.067056903843
2.9272999763489	-9.9479368550009
2.9319999217987	-9.8311895724160
2.9367001056671	-9.7164191707062
2.9414000511169	-9.6033123439653
2.9460999965668	-9.4917240702583
2.9507999420166	-9.3817148687393
2.9554998874664	-9.2735009416690
2.9602000713348	-9.1674126496405
2.9649000167847	-9.0637629587277
2.9695999622345	-8.9627641729032
2.9742999076843	-8.8644574078389
2.9790000915527	-8.7687018591536
2.9837000370026	-8.6752115393146
2.9883999824524	-8.5836457093052
2.9930999279022	-8.4936880406419
2.9978001117706	-8.4051604282078
3.0025000572205	-8.3180449333190
3.0072000026703	-8.2324970496921
3.0118999481201	-8.1487851605973
3.0165998935699	-8.0672035956207
3.0213000774384	-7.9879839789124
3.0260000228882	-7.9112294871027
3.0306999683380	-7.8368667946956
3.0353999137878	-7.7646825038077
3.0401000976562	-7.6943713519429
3.0448000431061	-7.6256360344442
3.0494999885559	-7.5582620859361
3.0541999340057	-7.4921765839666
3.0589001178741	-7.4274673100960
3.0636000633240	-7.3643459762464
3.0683000087738	-7.3030762725174
3.0729999542236	-7.2438970766142
3.0776998996735	-7.1869367352886
3.0824000835419	-7.1321795167567
3.0871000289917	-7.0794640539038
3.0917999744415	-7.0285256105583
3.0964999198914	-6.9790775287442
3.1012001037598	-6.9308855976147
3.1059000492096	-6.8838387823552
3.1105999946594	-6.8379654370066
3.1152999401093	-6.7934259932744
3.1199998855591	-6.7504618269551
3.1247000694275	-6.7093001393228
3.1294000148773	-6.6700963781463
3.1340999603271	-6.6328742204316
3.1387999057770	-6.5975201383585
3.1435000896454	-6.5638038596893
3.1482000350952	-6.5314532557302
3.1528999805450	-6.5002283632718
3.1575999259949	-6.4699757006120
3.1623001098633	-6.4406836980077
3.1670000553131	-6.4124741322123
3.1717000007629	-6.3855521641603
3.1763999462128	-6.3601423655173
3.1810998916626	-6.3364163076215
3.1858000755310	-6.3144295910755
3.1905000209808	-6.2941073570593
3.1951999664307	-6.2752501001593
3.1998999118805	-6.2575991386913
3.2046000957489	-6.2408971584134
3.2093000411987	-6.2249667802742
3.2139999866486	-6.2097511037086
3.2186999320984	-6.1953247467065
3.2234001159668	-6.1818584426606
3.2281000614166	-6.1695619590155
3.2328000068665	-6.1586070311517
3.2374999523163	-6.1490642300603
3.2421998977661	-6.1408741839048
3.2469000816345	-6.1338469850128
3.2516000270844	-6.1277200981105
3.2562999725342	-6.1222069174314
3.2609999179840	-6.1170788841621
3.2657001018524	-6.1122201791596
3.2704000473022	-6.1076389349299
3.2750999927521	-6.1034452101382
3.2797999382019	-6.0998009184118
3.2844998836517	-6.0968417938399
3.2892000675201	-6.0946147946803
3.2939000129700	-6.0930314091326
3.2985999584198	-6.0918665137703
3.3032999038696	-6.0907971027252
3.3080000877380	-6.0894597244123
3.3127000331879	-6.0875292093999
3.3173999786377	-6.0847683061421
3.3220999240875	-6.0810674455684
3.3268001079559	-6.0764220660695
3.3315000534058	-6.0708823835186
3.3361999988556	-6.0644907758990
3.3408999443054	-6.0571989545232
3.3455998897552	-6.0488289118308
3.3503000736237	-6.0390633997387
3.3550000190735	-6.0274689613324
3.3596999645233	-6.0135751006268
3.3643999099731	-5.9969313784396
3.3691000938416	-5.9771922674914
3.3738000392914	-5.9541451557048
3.3784999847412	-5.9277056919644
3.3831999301910	-5.8978784154106
3.3879001140594	-5.8646862853828
3.3926000595093	-5.8281120266829
3.3973000049591	-5.7880382647504
3.4019999504089	-5.7442511733337
3.4066998958588	-5.6964753488373
3.4114000797272	-5.6444249956150
3.4161000251770	-5.5879026112761
3.4207999706268	-5.5268552881738
3.4254999160767	-5.4614125843455
3.4302000999451	-5.3918850236271
3.4349000453949	-5.3187142006129
3.4395999908447	-5.2424067879663
3.4442999362946	-5.1634621548714
3.4489998817444	-5.0823206031543
3.4537000656128	-4.9993421821066
3.4584000110626	-4.9148314868591
3.4630999565125	-4.8290765591853
3.4677999019623	-4.7424159623440
3.4725000858307	-4.6552749841605
3.4772000312805	-4.5681929595872
3.4818999767303	-4.4818089854339
3.4865999221802	-4.3968041736725
3.4913001060486	-4.3138525122986
3.4960000514984	-4.2335464202165
3.5006999969482	-4.1563397004371
3.5053999423981	-4.0825494868354
3.5100998878479	-4.0123525162182
3.5148000717163	-3.9458341438772
3.5195000171661	-3.8830427272889
3.5241999626160	-3.8240408237853
3.5288999080658	-3.7689376662387
3.5336000919342	-3.7178919505385
3.5383000373840	-3.6710975452150
3.5429999828339	-3.6287324386839
3.5476999282837	-3.5909228351013
3.5524001121521	-3.5576919794327
3.5571000576019	-3.5289532322372
3.5618000030518	-3.5045181908333
3.5664999485016	-3.4841215455663
3.5711998939514	-3.4674799272448
3.5759000778198	-3.4543419213517
3.5806000232697	-3.4445214639668
3.5852999687195	-3.4379217671578
3.5899999141693	-3.4345160917327
3.5947000980377	-3.4343244769230
3.5994000434875	-3.4373579594783
3.6040999889374	-3.4435899070956
3.6087999343872	-3.4529068253094
3.6135001182556	-3.4651243245108
3.6182000637054	-3.4799897223102
3.6229000091553	-3.4972311879750
3.6275999546051	-3.5165968199446
3.6322999000549	-3.5379082969830
3.6370000839233	-3.5610744039289
3.6417000293732	-3.5860934493903
3.6463999748230	-3.6130287270628
3.6510999202728	-3.6419655979663
3.6558001041412	-3.6729622855311
3.6605000495911	-3.7060101090868
3.6651999950409	-3.7410214016306
3.6698999404907	-3.7778305407396
3.6745998859406	-3.8162308105867
3.6793000698090	-3.8560189488665
3.6840000152588	-3.8970412025240
3.6886999607086	-3.9392275788046
3.6933999061584	-3.9826000026410
3.6981000900269	-4.0272598290788
3.7028000354767	-4.0733440797089
3.7074999809265	-4.1209740036466
3.7121999263763	-4.1702186915615
3.7169001102448	-4.2210550491971
3.7216000556946	-4.2733713145877
3.7263000011444	-4.3269911998068
3.7309999465942	-4.3817175309991
3.7356998920441	-4.4373847990598
3.7404000759125	-4.4939034227114
3.7451000213623	-4.5512771096937
3.7497999668121	-4.6095988088818
3.7544999122620	-4.6690162982070
3.7592000961304	-4.7296752767427
3.7639000415802	-4.7916720019732
3.7685999870300	-4.8550103755437
3.7732999324799	-4.9195848196179
3.7780001163483	-4.9852096498826
3.7827000617981	-5.0516476042743
3.7874000072479	-5.1186775022189
3.7920999526978	-5.1861411147261
3.7967998981476	-5.2539820964598
3.8015000820160	-5.3222423470563
3.8062000274658	-5.3910340287740
3.8108999729156	-5.4604866791959
3.8155999183655	-5.5306825683635
3.8203001022339	-5.6016024458400
3.8250000476837	-5.6731096441374
3.8296999931335	-5.7449536329710
3.8343999385834	-5.8168111230846
3.8390998840332	-5.8883591301520
3.8438000679016	-5.9593368831861
3.8485000133514	-6.0295875891176
3.8531999588013	-6.0990763931210
3.8578999042511	-6.1678628224366
3.8626000881195	-6.2360386212530
3.8673000335693	-6.3036635330587
3.8719999790192	-6.3706884242100
3.8766999244690	-6.4369318272072
3.8814001083374	-6.5020776977443
3.8861000537872	-6.5657286528281
3.8907999992371	-6.6274808448729
3.8954999446869	-6.6869990797497
3.9001998901367	-6.7440839241637
3.9049000740051	-6.7986906257514
3.9096000194550	-6.8509052692301
3.9142999649048	-6.9008781264340
3.9189999103546	-6.9487395276349
3.9237000942230	-6.9945236286007
3.9284000396729	-7.0381231061637
3.9330999851227	-7.0792933754856
3.9377999305725	-7.1177083082609
3.9425001144409	-7.1530401228149
3.9472000598907	-7.1850542386710
3.9519000053406	-7.2136808743738
3.9565999507904	-7.2390375999820
3.9612998962402	-7.2613974548307
3.9660000801086	-7.2811171358596
3.9707000255585	-7.2985376643695
3.9753999710083	-7.3138955373157
3.9800999164581	-7.3272784954580
3.9848001003265	-7.3386194556478
3.9895000457764	-7.3477553000495
3.9941999912262	-7.3545151172668
3.9988999366760	-7.3588191228355
4.0036001205444	-7.3607500568434
4.0082998275757	-7.3605737267409
4.0130000114441	-7.3587057823771
4.0177001953125	-7.3556350812545
4.0223999023438	-7.3518228919936
4.0271000862122	-7.3476073560930
4.0317997932434	-7.3431518345593
4.0364999771118	-7.3384494463273
4.0412001609802	-7.3333691202438
4.0458998680115	-7.3277532034494
4.0506000518799	-7.3215110863403
4.0553002357483	-7.3147007305856
4.0599999427795	-7.3075473947531
4.0647001266479	-7.3004260446199
4.0693998336792	-7.2937819659357
4.0741000175476	-7.2880371336912
4.0788002014160	-7.2834894666817
4.0834999084473	-7.2802634668222
4.0882000923157	-7.2782989550015
4.0928997993469	-7.2774004729294
4.0975999832153	-7.2773241116549
4.1023001670837	-7.2778779660793
4.1069998741150	-7.2790024700014
4.1117000579834	-7.2808102431207
4.1163997650146	-7.2835746238366
4.1210999488831	-7.2876553459873
4.1258001327515	-7.2934100208502
4.1304998397827	-7.3010954142467
4.1352000236511	-7.3107989518217
4.1399002075195	-7.3224205365806
4.1445999145508	-7.3357094571528
4.1493000984192	-7.3503445215522
4.1539998054504	-7.3660401782053
4.1586999893188	-7.3826303483137
4.1634001731873	-7.4001276497297
4.1680998802185	-7.4187216658579
4.1728000640869	-7.4387238907291
4.1774997711182	-7.4604690830313
4.1821999549866	-7.4842187198289
4.1869001388550	-7.5100770194452
4.1915998458862	-7.5379540701025
4.1963000297546	-7.5675944026510
4.2010002136230	-7.5986497573259
4.2056999206543	-7.6307820443920
4.2104001045227	-7.6637744951585
4.2150998115540	-7.6976011364564
4.2197999954224	-7.7324460666039
4.2245001792908	-7.7686636765982
4.2291998863220	-7.8066828180130
4.2339000701904	-7.8469081253923
4.2385997772217	-7.8896102791943
4.2432999610901	-7.9348812835693
4.2480001449585	-7.9826346581825
4.2526998519897	-8.0326714364517
4.2574000358582	-8.0847861709133
4.2621002197266	-8.1388768993936
4.2667999267578	-8.1950341902096
4.2715001106262	-8.2535736920792
4.2761998176575	-8.3150001194769
4.2809000015259	-8.3799146870062
4.2856001853943	-8.4488816370740
4.2902998924255	-8.5223038714026
4.2950000762939	-8.6003329917803
4.2996997833252	-8.6828436172447
4.3043999671936	-8.7694765987670
4.3091001510620	-8.8597452703481
4.3137998580933	-8.9531751232554
4.3185000419617	-9.0494310866216
4.3232002258301	-9.1484013283808
4.3278999328613	-9.2502080348145
4.3326001167297	-9.3551427928206
4.3372998237610	-9.4635450893976
4.3420000076294	-9.5756553781648
4.3467001914978	-9.6914986143723
4.3513998985291	-9.8108276041047
4.3561000823975	-9.9331490837083
4.3607997894287	-10.057832813052
4.3654999732971	-10.184270303220
4.3702001571655	-10.312049020956
4.3748998641968	-10.441064744210
4.3796000480652	-10.571566595458
4.3843002319336	-10.704082195077
4.3889999389648	-10.839268306777
4.3937001228333	-10.977711869344
4.3983998298645	-11.119750573202
4.4031000137329	-11.265363500092
4.4078001976013	-11.414173582202
4.4124999046326	-11.565558282412
4.4172000885010	-11.718850462732
4.4218997955322	-11.873564986066
4.4265999794006	-12.029586163836
4.4313001632690	-12.187245473407
4.4359998703003	-12.347268117657
4.4407000541687	-12.510588118689
4.4454002380371	-12.678094194804
4.4500999450684	-12.850371952967
4.4548001289368	-13.027533263711
4.4594998359680	-13.209179238084
4.4642000198364	-13.394526698155
4.4689002037048	-13.582661448417
4.4735999107361	-13.772857037004
4.4783000946045	-13.964851909836
4.4829998016357	-14.159000293902
4.4876999855042	-14.356230174564
4.4924001693726	-14.557814298436
4.4970998764038	-14.765013379820
4.5018000602722	-14.978704551861
4.5064997673035	-15.199097850691
4.5111999511719	-15.425648184244
4.5159001350403	-15.657195486089
4.5205998420715	-15.892315386115
4.5253000259399	-16.129780094016
4.5300002098083	-16.368998027485
4.5346999168396	-16.610269023186
4.5394001007080	-16.854751856051
4.5440998077393	-17.104134553433
4.5487999916077	-17.360087380903
4.5535001754761	-17.623647156367
4.5581998825073	-17.894763489924
4.5629000663757	-18.172100489867
4.5675997734070	-18.453247604064
4.5722999572754	-18.735264911163
4.5770001411438	-19.015453771713
4.5816998481750	-19.292088004008
4.5864000320435	-19.564824788985
4.5911002159119	-19.834595712360
4.5957999229431	-20.102934355886
4.6005001068115	-20.370954962920
4.6051998138428	-20.638263685533
4.6098999977112	-20.902228563489
4.6146001815796	-21.157867715294
4.6192998886108	-21.398554168081
4.6240000724792	-21.617387481935
4.6286997795105	-21.808852316439
4.6333999633789	-21.970078929528
4.6381001472473	-22.101196392447
4.6427998542786	-22.204456415518
4.6475000381470	-22.282572908774
4.6522002220154	-22.336981352434
4.6568999290466	-22.366702933411
4.6616001129150	-22.368461920079
4.6662998199463	-22.337936166596
4.6710000038147	-22.271777959140
4.6757001876831	-22.169492088938
4.6803998947144	-22.034399997617
4.6851000785828	-21.873078970258
4.6897997856140	-21.693737217207
4.6944999694824	-21.504105084463
4.6992001533508	-21.309721195427
4.7038998603821	-21.113134795777
4.7086000442505	-20.914162002101
4.7133002281189	-20.710978776604
4.7179999351501	-20.501582099275
4.7227001190186	-20.285248001203
4.7273998260498	-20.063291119570
4.7321000099182	-19.839052978847
4.7368001937866	-19.617136861368
4.7414999008179	-19.402194605296
4.7462000846863	-19.197758626572
4.7508997917175	-19.005465288547
4.7555999755859	-18.824886654733
4.7603001594543	-18.653905352109
4.7649998664856	-18.489584110967
4.7697000503540	-18.329222244553
4.7744002342224	-18.171281010322
4.7790999412537	-18.015894628341
4.7838001251221	-17.864819552809
4.7884998321533	-17.720835680859
4.7932000160217	-17.586855621488
4.7979001998901	-17.464990227917
4.8025999069214	-17.355898978543
4.8073000907898	-17.258584605752
4.8119997978210	-17.170609213843
4.8166999816895	-17.088814937169
4.8214001655579	-17.010173951397
4.8260998725891	-16.932637335838
4.8308000564575	-16.855679335674
4.8354997634888	-16.780317046747
4.8401999473572	-16.708627816718
4.8449001312256	-16.642958335140
4.8495998382568	-16.585006566383
4.8543000221252	-16.535140094763
4.8590002059937	-16.492117478404
4.8636999130249	-16.453291675787
4.8684000968933	-16.415255388537
4.8730998039246	-16.374778466482
4.8777999877930	-16.329710910623
4.8825001716614	-16.279550384876
4.8871998786926	-16.225529074830
4.8919000625610	-16.170103766972
4.8965997695923	-16.116063883585
4.9012999534607	-16.065572032641
4.9060001373291	-16.019439665553
4.9106998443604	-15.976823502888
4.9154000282288	-15.935473729847
4.9201002120972	-15.892464603242
4.9247999191284	-15.845139807967
4.9295001029968	-15.792048129229
4.9341998100281	-15.733467523033
4.9388999938965	-15.671368446530
4.9436001777649	-15.608807628938
4.9482998847961	-15.548947480883
4.9530000686646	-15.494059181466
4.9576997756958	-15.444777614659
4.9623999595642	-15.399835363235
4.9671001434326	-15.356382228528
4.9717998504639	-15.310728971012
4.9765000343323	-15.259359473959
4.9812002182007	-15.199857400129
4.9858999252319	-15.131422143221
4.9906001091003	-15.054769769420
4.9952998161316	-14.971475451709
5.0000000000000	-14.882943119115
#Parameters = {R_fat=48; R_glandular=38; R_skin_outer=50; T10=5; T15=7.5; T5=2.5; T_rad=4; T_x=10; T_y=0; T_z=75; Zc=65; skin_thickness=2; Mesh Pass=4}
#"Frequency / GHz"	"S1,1 (Mesh Pass=4) [Magnitude / dB]"
#-------------------------------------------------------
0.30000001192093	-16.855535182736
0.30469998717308	-17.571487877244
0.30939999222755	-17.925241502651
0.31409999728203	-17.786730534668
0.31880000233650	-17.296058270037
0.32350000739098	-16.739293153628
0.32820001244545	-16.359458280802
0.33289998769760	-16.313748113104
0.33759999275208	-16.717653820447
0.34229999780655	-17.707617745494
0.34700000286102	-19.536227730530
0.35170000791550	-22.840102134857
0.35640001296997	-30.190731633260
0.36109998822212	-34.501553889395
0.36579999327660	-22.793431925431
0.37049999833107	-17.672808159171
0.37520000338554	-14.389867767353
0.37990000844002	-12.053914985119
0.38460001349449	-10.347039847488
0.38929998874664	-9.1224784151204
0.39399999380112	-8.2978664535086
0.39869999885559	-7.8166706933850
0.40340000391006	-7.6334421052945
0.40810000896454	-7.7094802725013
0.41280001401901	-8.0125057351722
0.41749998927116	-8.5165931663975
0.42219999432564	-9.1999927751266
0.42689999938011	-10.039024257945
0.43160000443459	-10.995826718657
0.43630000948906	-11.998572665016
0.44100001454353	-12.921266877556
0.44569998979568	-13.594570212303
0.45039999485016	-13.888996415179
0.45509999990463	-13.820889937288
0.45980000495911	-13.542134911282
0.46450001001358	-13.226865963075
0.46919998526573	-12.994969304203
0.47389999032021	-12.905577785237
0.47859999537468	-12.975941386906
0.48330000042915	-13.196734179569
0.48800000548363	-13.537985577501
0.49270001053810	-13.948329061938
0.49739998579025	-14.353943498633
0.50209999084473	-14.667577526639
0.50679999589920	-14.816125195130
0.51150000095367	-14.776330932474
0.51620000600815	-14.587325973162
0.52090001106262	-14.325983674863
0.52560001611710	-14.069845840033
0.53030002117157	-13.874924271526
0.53500002622604	-13.771188447769
0.53969997167587	-13.765954781106
0.54439997673035	-13.847717519076
0.54909998178482	-13.988326591284
0.55379998683929	-14.145140432810
0.55849999189377	-14.266888456341
0.56319999694824	-14.306244115494
0.56790000200272	-14.236499046346
0.57260000705719	-14.062439511256
0.57730001211166	-13.816736001629
0.58200001716614	-13.544760522101
0.58670002222061	-13.288779349137
0.59140002727509	-13.078705493909
0.59609997272491	-12.929313349721
0.60079997777939	-12.840726198751
0.60549998283386	-12.799961616615
0.61019998788834	-12.783184699019
0.61489999294281	-12.759736679678
0.61959999799728	-12.698964501880
0.62430000305176	-12.578977214567
0.62900000810623	-12.393798102122
0.63370001316071	-12.154756329362
0.63840001821518	-11.885318635353
0.64310002326965	-11.612646316960
0.64780002832413	-11.360169188157
0.65249997377396	-11.143152599434
0.65719997882843	-10.967037394033
0.66189998388290	-10.827580909961
0.66659998893738	-10.712195310003
0.67129999399185	-10.602609625205
0.67599999904633	-10.478992975244
0.68070000410080	-10.325106676298
0.68540000915527	-10.132916113036
0.69010001420975	-9.9047092552464
0.69480001926422	-9.6517130733450
0.69950002431870	-9.3900651152308
0.70420002937317	-9.1360781624101
0.70889997482300	-8.9024218889106
0.71359997987747	-8.6958567033578
0.71829998493195	-8.5164350348945
0.72299998998642	-8.3579355058609
0.72769999504089	-8.2094059020507
0.73240000009537	-8.0577677509072
0.73710000514984	-7.8911224643630
0.74180001020432	-7.7019262379995
0.74650001525879	-7.4889651296960
0.75120002031326	-7.2573761074925
0.75590002536774	-7.0167871655492
0.76059997081757	-6.7784550705496
0.76529997587204	-6.5523971290285
0.76999998092651	-6.3452356547460
0.77469998598099	-6.1590020408531
0.77939999103546	-5.9909513021659
0.78409999608994	-5.8343439094346
0.78880000114441	-5.6801124678838
0.79350000619888	-5.5191556367159
0.79820001125336	-5.3447411602603
0.80290001630783	-5.1543095893059
0.80760002136230	-4.9500472008739
0.81230002641678	-4.7381216173914
0.81699997186661	-4.5268783200287
0.82169997692108	-4.3246756412987
0.82639998197556	-4.1379164001393
0.83109998703003	-3.9696945078838
0.83579999208450	-3.8192074906460
0.84049999713898	-3.6820461375987
0.84520000219345	-3.5513112899854
0.84990000724792	-3.4193841961377
0.85460001230240	-3.2799741748906
0.85930001735687	-3.1298893249279
0.86400002241135	-2.9699494876442
0.86870002746582	-2.8047821203226
0.87339997291565	-2.6415885612852
0.87809997797012	-2.4883055971456
0.88279998302460	-2.3517019458407
0.88749998807907	-2.2358122615984
0.89219999313354	-2.1410581549039
0.89689999818802	-2.0641961427905
0.90160000324249	-1.9991657453525
0.90630000829697	-1.9386922920238
0.91100001335144	-1.8763714705271
0.91570001840591	-1.8086258892903
0.92040002346039	-1.7360052710328
0.92510002851486	-1.6633653644826
0.92979997396469	-1.5988652589644
0.93449997901917	-1.5521200371024
0.93919998407364	-1.5320473723707
0.94389998912811	-1.5449373450450
0.94859999418259	-1.5932291103107
0.95329999923706	-1.6752278321205
0.95800000429153	-1.7859229832776
0.96270000934601	-1.9188712793144
0.96740001440048	-2.0688392534080
0.97210001945496	-2.2347053745105
0.97680002450943	-2.4218196552469
0.98150002956390	-2.6431906645866
0.98619997501373	-2.9191702261240
0.99089998006821	-3.2760003230662
0.99559998512268	-3.7440966521187
1.0003000497818	-4.3571589865383
1.0049999952316	-5.1531949240275
1.0096999406815	-6.1785959890548
1.0144000053406	-7.4969109246308
1.0190999507904	-9.2058728102391
1.0238000154495	-11.470010667034
1.0284999608994	-14.570727773279
1.0332000255585	-18.714613912807
1.0378999710083	-20.679752441392
1.0426000356674	-16.780217953867
1.0472999811172	-12.962590153244
1.0520000457764	-10.178129560811
1.0566999912262	-8.1001929831690
1.0614000558853	-6.5030707153504
1.0661000013351	-5.2565617696797
1.0707999467850	-4.2807910762568
1.0755000114441	-3.5214031010232
1.0801999568939	-2.9367945055330
1.0849000215530	-2.4917091161174
1.0895999670029	-2.1545701908291
1.0943000316620	-1.8970859557271
1.0989999771118	-1.6951037593020
1.1037000417709	-1.5298145912633
1.1083999872208	-1.3885719710427
1.1131000518799	-1.2647927812655
1.1177999973297	-1.1568854031782
1.1224999427795	-1.0664051852528
1.1272000074387	-0.99599964311776
1.1318999528885	-0.94758936199088
1.1366000175476	-0.92120651957577
1.1412999629974	-0.91457193639607
1.1460000276566	-0.92341169183459
1.1506999731064	-0.94230739939901
1.1554000377655	-0.96582437105894
1.1600999832153	-0.98961981883388
1.1648000478745	-1.0112395133266
1.1694999933243	-1.0303983306405
1.1742000579834	-1.0486924058400
1.1789000034332	-1.0688548405434
1.1835999488831	-1.0938066301645
1.1883000135422	-1.1257582221498
1.1929999589920	-1.1655943681084
1.1977000236511	-1.2126875675872
1.2023999691010	-1.2650932670129
1.2071000337601	-1.3200876183365
1.2117999792099	-1.3748705080430
1.2165000438690	-1.4272670897697
1.2211999893188	-1.4762296805432
1.2259000539780	-1.5220119325661
1.2305999994278	-1.5660056886335
1.2352999448776	-1.6102702318104
1.2400000095367	-1.6569267267961
1.2446999549866	-1.7075660434469
1.2494000196457	-1.7628709896924
1.2540999650955	-1.8224633719966
1.2588000297546	-1.8850554766814
1.2634999752045	-1.9488272478730
1.2682000398636	-2.0119015442361
1.2728999853134	-2.0728520345135
1.2776000499725	-2.1310402402536
1.2822999954224	-2.1867610943894
1.2869999408722	-2.2411193922683
1.2917000055313	-2.2956922531315
1.2963999509811	-2.3521053138352
1.3011000156403	-2.4116002029832
1.3057999610901	-2.4747417156589
1.3105000257492	-2.5412991755087
1.3151999711990	-2.6103577743436
1.3199000358582	-2.6805722509083
1.3245999813080	-2.7505466617882
1.3293000459671	-2.8192004883084
1.3339999914169	-2.8860483139175
1.3387000560760	-2.9513183033521
1.3434000015259	-3.0158798394183
1.3480999469757	-3.0810064334450
1.3528000116348	-3.1480377037036
1.3574999570847	-3.2180520753564
1.3622000217438	-3.2916149359994
1.3668999671936	-3.3686683801647
1.3716000318527	-3.4485860934415
1.3762999773026	-3.5303590094303
1.3810000419617	-3.6128865701178
1.3856999874115	-3.6952724434933
1.3904000520706	-3.7770673847695
1.3950999975204	-3.8584013764963
1.3997999429703	-3.9399513701371
1.4045000076294	-4.0227804829926
1.4091999530792	-4.1080858719148
1.4139000177383	-4.1969128896492
1.4185999631882	-4.2899329783187
1.4233000278473	-4.3873105684921
1.4279999732971	-4.4887102345423
1.4327000379562	-4.5934096164153
1.4373999834061	-4.7005237365303
1.4421000480652	-4.8092547028309
1.4467999935150	-4.9191265223577
1.4515000581741	-5.0301319544938
1.4562000036240	-5.1427704994464
1.4608999490738	-5.2579573520462
1.4656000137329	-5.3768315127668
1.4702999591827	-5.5005138988133
1.4750000238419	-5.6298856243579
1.4796999692917	-5.7654179499769
1.4844000339508	-5.9071101710414
1.4890999794006	-6.0545341245702
1.4938000440598	-6.2069926652760
1.4984999895096	-6.3637274566904
1.5032000541687	-6.5241537541964
1.5078999996185	-6.6880668270292
1.5125999450684	-6.8557376164154
1.5173000097275	-7.0279221099452
1.5219999551773	-7.2057368466311
1.5267000198364	-7.3904526289627
1.5313999652863	-7.5832616861321
1.5361000299454	-7.7850509528935
1.5407999753952	-7.9962520546693
1.5455000400543	-8.2167914628544
1.5501999855042	-8.4461535217236
1.5549000501633	-8.6835544086489
1.5595999956131	-8.9281784917776
1.5642999410629	-9.1794467547472
1.5690000057220	-9.4372286577186
1.5736999511719	-9.7019703441200
1.5784000158310	-9.9746788500913
1.5830999612808	-10.256781190520
1.5878000259399	-10.549868867621
1.5924999713898	-10.855403304034
1.5972000360489	-11.174430749386
1.6018999814987	-11.507381282189
1.6066000461578	-11.853986643358
1.6112999916077	-12.213356940593
1.6160000562668	-12.584187145000
1.6207000017166	-12.965085723211
1.6253999471664	-13.354925920932
1.6301000118256	-13.753168688459
1.6347999572754	-14.160020640004
1.6395000219345	-14.576420643570
1.6441999673843	-15.003811246449
1.6489000320435	-15.443734752893
1.6535999774933	-15.897320336115
1.6583000421524	-16.364818920504
1.6629999876022	-16.845162809497
1.6677000522614	-17.335718892165
1.6723999977112	-17.832249593829
1.6770999431610	-18.329066100730
1.6818000078201	-18.819398525065
1.6864999532700	-19.295840618725
1.6912000179291	-19.750876964863
1.6958999633789	-20.177253666641
1.7006000280380	-20.568292878255
1.7052999734879	-20.918053421521
1.7100000381470	-21.221428698502
1.7146999835968	-21.474288142045
1.7194000482559	-21.673636691116
1.7240999937057	-21.817800966527
1.7288000583649	-21.906552450261
1.7335000038147	-21.941101583786
1.7381999492645	-21.923974733768
1.7429000139236	-21.858875774609
1.7475999593735	-21.750537630727
1.7523000240326	-21.604718758748
1.7569999694824	-21.428117836207
1.7617000341415	-21.228303576251
1.7663999795914	-21.013337215363
1.7711000442505	-20.791306846960
1.7757999897003	-20.569659906846
1.7805000543594	-20.354618691620
1.7851999998093	-20.150658485545
1.7898999452591	-19.960258148712
1.7946000099182	-19.783942682815
1.7992999553680	-19.620612110911
1.8040000200272	-19.468102766973
1.8086999654770	-19.323923845329
1.8134000301361	-19.185986706910
1.8180999755859	-19.053215044376
1.8228000402451	-18.925842827070
1.8274999856949	-18.805382120620
1.8322000503540	-18.694242412755
1.8368999958038	-18.595169152726
1.8415999412537	-18.510554105262
1.8463000059128	-18.441925456911
1.8509999513626	-18.389597911955
1.8557000160217	-18.352635409679
1.8603999614716	-18.329061577005
1.8651000261307	-18.316344027577
1.8697999715805	-18.311982866354
1.8745000362396	-18.314111884588
1.8791999816895	-18.321961343728
1.8839000463486	-18.336054648492
1.8885999917984	-18.358069502121
1.8933000564575	-18.390486844075
1.8980000019073	-18.435968237443
1.9026999473572	-18.496808993905
1.9074000120163	-18.574465882705
1.9120999574661	-18.669274410070
1.9168000221252	-18.780481585195
1.9214999675751	-18.906489139193
1.9262000322342	-19.045349028551
1.9308999776840	-19.195344290477
1.9356000423431	-19.355533231638
1.9402999877930	-19.526195595976
1.9450000524521	-19.708948866607
1.9496999979019	-19.906596060704
1.9543999433517	-20.122725323212
1.9591000080109	-20.361142862126
1.9637999534607	-20.625295343678
1.9685000181198	-20.917845303602
1.9731999635696	-21.240427919939
1.9779000282288	-21.593676582663
1.9825999736786	-21.977495016437
1.9873000383377	-22.391587893982
1.9919999837875	-22.836099965428
1.9967000484467	-23.312249970338
2.0013999938965	-23.822840281068
2.0060999393463	-24.372426206988
2.0107998847961	-24.967066920311
2.0155000686646	-25.613602009898
2.0202000141144	-26.318273221865
2.0248999595642	-27.084575204435
2.0295999050140	-27.909699938179
2.0343000888824	-28.778789845580
2.0390000343323	-29.655758225677
2.0436999797821	-30.471327147709
2.0483999252319	-31.115528046981
2.0531001091003	-31.454612800710
2.0578000545502	-31.389334697361
2.0625000000000	-30.919688763523
2.0671999454498	-30.143459966005
2.0718998908997	-29.190717733179
2.0766000747681	-28.168084666568
2.0813000202179	-27.143753869210
2.0859999656677	-26.155376897269
2.0906999111176	-25.221384476353
2.0954000949860	-24.349221230894
2.1001000404358	-23.540118948308
2.1047999858856	-22.791757929631
2.1094999313354	-22.099702734541
2.1142001152039	-21.458365642139
2.1189000606537	-20.861710213809
2.1236000061035	-20.303859115329
2.1282999515533	-19.779598380194
2.1329998970032	-19.284750029218
2.1377000808716	-18.816385120242
2.1424000263214	-18.372791231932
2.1470999717712	-17.953226646382
2.1517999172211	-17.557583884949
2.1565001010895	-17.185942296487
2.1612000465393	-16.838173724891
2.1658999919891	-16.513667028342
2.1705999374390	-16.211203476774
2.1752998828888	-15.928972480229
2.1800000667572	-15.664780908222
2.1847000122070	-15.416328194839
2.1893999576569	-15.181517334169
2.1940999031067	-14.958758642623
2.1988000869751	-14.747114579717
2.2035000324249	-14.546338412533
2.2081999778748	-14.356738217432
2.2128999233246	-14.178939812648
2.2176001071930	-14.013587645065
2.2223000526428	-13.861067008066
2.2269999980927	-13.721307177535
2.2316999435425	-13.593711032541
2.2363998889923	-13.477200175478
2.2411000728607	-13.370405611665
2.2458000183105	-13.271905038956
2.2504999637604	-13.180484438831
2.2551999092102	-13.095353662645
2.2599000930786	-13.016256748019
2.2646000385284	-12.943447790070
2.2692999839783	-12.877550846055
2.2739999294281	-12.819337895744
2.2787001132965	-12.769484520015
2.2834000587463	-12.728347385425
2.2881000041962	-12.695831203921
2.2927999496460	-12.671388563219
2.2974998950958	-12.654113592970
2.3022000789642	-12.642929258507
2.3069000244141	-12.636826759370
2.3115999698639	-12.635081959393
2.3162999153137	-12.637412611895
2.3210000991821	-12.644017902042
2.3257000446320	-12.655495098495
2.3303999900818	-12.672678534158
2.3350999355316	-12.696405029353
2.3397998809814	-12.727309095558
2.3445000648499	-12.765632258810
2.3492000102997	-12.811183808835
2.3538999557495	-12.863373706756
2.3585999011993	-12.921363716089
2.3633000850677	-12.984285640600
2.3680000305176	-13.051448353092
2.3726999759674	-13.122544927680
2.3773999214172	-13.197726417583
2.3821001052856	-13.277588999315
2.3868000507355	-13.363049069347
2.3914999961853	-13.455133923428
2.3961999416351	-13.554740740693
2.4008998870850	-13.662463285154
2.4056000709534	-13.778465128544
2.4103000164032	-13.902469673231
2.4149999618530	-14.033873077110
2.4196999073029	-14.171929532917
2.4244000911713	-14.315993660930
2.4291000366211	-14.465735996278
2.4337999820709	-14.621293919828
2.4384999275208	-14.783329598042
2.4432001113892	-14.952928368006
2.4479000568390	-15.131436781831
2.4526000022888	-15.320216319421
2.4572999477386	-15.520403417119
2.4619998931885	-15.732735018869
2.4667000770569	-15.957464208171
2.4714000225067	-16.194411482997
2.4760999679565	-16.443125165218
2.4807999134064	-16.703114406475
2.4855000972748	-16.974135590827
2.4902000427246	-17.256433034957
2.4948999881744	-17.550883160853
2.4995999336243	-17.858994378481
2.5043001174927	-18.182789573549
2.5090000629425	-18.524577587472
2.5137000083923	-18.886615585740
2.5183999538422	-19.270849204097
2.5230998992920	-19.678666005882
2.5278000831604	-20.110782656639
2.5325000286102	-20.567233414829
2.5371999740601	-21.047485168373
2.5418999195099	-21.550564720483
2.5466001033783	-22.075164073475
2.5513000488281	-22.619617597013
2.5559999942780	-23.181513867526
2.5606999397278	-23.756986777926
2.5653998851776	-24.339458979761
2.5701000690460	-24.917920101644
2.5748000144958	-25.475026305697
2.5794999599457	-25.985514925068
2.5841999053955	-26.416279051944
2.5889000892639	-26.729570277656
2.5936000347137	-26.890412977533
2.5982999801636	-26.876452472408
2.6029999256134	-26.685546513228
2.6077001094818	-26.336206807427
2.6124000549316	-25.860857201709
2.6171000003815	-25.296379553879
2.6217999458313	-24.676781798869
2.6264998912811	-24.029739568940
2.6312000751495	-23.375938953734
2.6359000205994	-22.730030370486
2.6405999660492	-22.101773913996
2.6452999114990	-21.497165045587
2.6500000953674	-20.919322688546
2.6547000408173	-20.369154332475
2.6593999862671	-19.845968859263
2.6640999317169	-19.347999670935
2.6688001155853	-18.872942980113
2.6735000610352	-18.418408562741
2.6782000064850	-17.982298980169
2.6828999519348	-17.563059425562
2.6875998973846	-17.159775980641
2.6923000812531	-16.772088520133
2.6970000267029	-16.400024180634
2.7016999721527	-16.043720287358
2.7063999176025	-15.703172622137
2.7111001014709	-15.378030754339
2.7158000469208	-15.067513677156
2.7204999923706	-14.770419633011
2.7251999378204	-14.485261971881
2.7298998832703	-14.210476422857
2.7346000671387	-13.944640886778
2.7393000125885	-13.686685783294
2.7439999580383	-13.435986026606
2.7486999034882	-13.192375223013
2.7534000873566	-12.956061668461
2.7581000328064	-12.727430037794
2.7627999782562	-12.506844228007
2.7674999237061	-12.294462352390
2.7722001075745	-12.090114536680
2.7769000530243	-11.893270483176
2.7815999984741	-11.703105593011
2.7862999439240	-11.518649326022
2.7909998893738	-11.338954943719
2.7957000732422	-11.163284698487
2.8004000186920	-10.991215789354
2.8050999641418	-10.822690620310
2.8097999095917	-10.657955651514
2.8145000934601	-10.497446172611
2.8192000389099	-10.341612614051
2.8238999843597	-10.190756278903
2.8285999298096	-10.044921311338
2.8333001136780	-9.9038444508782
2.8380000591278	-9.7669938426300
2.8427000045776	-9.6336797721037
2.8473999500275	-9.5031943201895
2.8520998954773	-9.3749749082020
2.8568000793457	-9.2487164548961
2.8615000247955	-9.1244076815930
2.8661999702454	-9.0023057435178
2.8708999156952	-8.8828398859579
2.8756000995636	-8.7664756480398
2.8803000450134	-8.6535549905313
2.8849999904633	-8.5442003840450
2.8896999359131	-8.4382772469024
2.8943998813629	-8.3353936978088
2.8991000652313	-8.2350136375099
2.9038000106812	-8.1365717634516
2.9084999561310	-8.0396155372448
2.9131999015808	-7.9438995872593
2.9179000854492	-7.8494480108618
2.9226000308990	-7.7565149299639
2.9272999763489	-7.6655141324529
2.9319999217987	-7.5768885171006
2.9367001056671	-7.4909807930788
2.9414000511169	-7.4079469132080
2.9460999965668	-7.3276950991262
2.9507999420166	-7.2499099890035
2.9554998874664	-7.1741416739529
2.9602000713348	-7.0999056928348
2.9649000167847	-7.0268076595350
2.9695999622345	-6.9546489001389
2.9742999076843	-6.8834607919442
2.9790000915527	-6.8134862152602
2.9837000370026	-6.7451142318403
2.9883999824524	-6.6787553331162
2.9930999279022	-6.6147355533204
2.9978001117706	-6.5531995558744
3.0025000572205	-6.4940788915355
3.0072000026703	-6.4370917451580
3.0118999481201	-6.3818271885433
3.0165998935699	-6.3278475071707
3.0213000774384	-6.2747989434836
3.0260000228882	-6.2225030527604
3.0306999683380	-6.1709954152122
3.0353999137878	-6.1205058672246
3.0401000976562	-6.0713957064083
3.0448000431061	-6.0240505760805
3.0494999885559	-5.9787690966409
3.0541999340057	-5.9356848077401
3.0589001178741	-5.8947218339598
3.0636000633240	-5.8556209631082
3.0683000087738	-5.8179882686831
3.0729999542236	-5.7814209093561
3.0776998996735	-5.7455872661305
3.0824000835419	-5.7103268952143
3.0871000289917	-5.6756792855336
3.0917999744415	-5.6418636318132
3.0964999198914	-5.6092253093791
3.1012001037598	-5.5781238024626
3.1059000492096	-5.5488396147516
3.1105999946594	-5.5214909500151
3.1152999401093	-5.4959912723945
3.1199998855591	-5.4720876325023
3.1247000694275	-5.4494070910436
3.1294000148773	-5.4275629601335
3.1340999603271	-5.4062411833046
3.1387999057770	-5.3853011797973
3.1435000896454	-5.3647877721854
3.1482000350952	-5.3449214403762
3.1528999805450	-5.3260343506058
3.1575999259949	-5.3084689140395
3.1623001098633	-5.2924890147595
3.1670000553131	-5.2781926640668
3.1717000007629	-5.2654862922336
3.1763999462128	-5.2541103674531
3.1810998916626	-5.2436934929935
3.1858000755310	-5.2338604189409
3.1905000209808	-5.2243105907211
3.1951999664307	-5.2149142974077
3.1998999118805	-5.2057189456521
3.2046000957489	-5.1969424030986
3.2093000411987	-5.1889063403983
3.2139999866486	-5.1819291248416
3.2186999320984	-5.1762477062862
3.2234001159668	-5.1719310825969
3.2281000614166	-5.1688603153564
3.2328000068665	-5.1667444591510
3.2374999523163	-5.1652026934437
3.2421998977661	-5.1638361435664
3.2469000816345	-5.1623476098385
3.2516000270844	-5.1605924964739
3.2562999725342	-5.1586119514615
3.2609999179840	-5.1566066453077
3.2657001018524	-5.1548652136706
3.2704000473022	-5.1536666241010
3.2750999927521	-5.1531866048871
3.2797999382019	-5.1534313851295
3.2844998836517	-5.1542086144960
3.2892000675201	-5.1551642376754
3.2939000129700	-5.1558482154082
3.2985999584198	-5.1558133295938
3.3032999038696	-5.1547081107381
3.3080000877380	-5.1523512769538
3.3127000331879	-5.1487363576051
3.3173999786377	-5.1440114327200
3.3220999240875	-5.1383989798245
3.3268001079559	-5.1320983316301
3.3315000534058	-5.1251837391343
3.3361999988556	-5.1175590532632
3.3408999443054	-5.1089219073619
3.3455998897552	-5.0988262503487
3.3503000736237	-5.0867424813345
3.3550000190735	-5.0721775375595
3.3596999645233	-5.0547569134311
3.3643999099731	-5.0343008089448
3.3691000938416	-5.0108179023893
3.3738000392914	-4.9844824938297
3.3784999847412	-4.9555424124197
3.3831999301910	-4.9242203126418
3.3879001140594	-4.8906300458678
3.3926000595093	-4.8547327901090
3.3973000049591	-4.8163226517373
3.4019999504089	-4.7751026689482
3.4066998958588	-4.7307600485190
3.4114000797272	-4.6830743894677
3.4161000251770	-4.6320019240140
3.4207999706268	-4.5777253532020
3.4254999160767	-4.5206428478671
3.4302000999451	-4.4613082985306
3.4349000453949	-4.4003455153953
3.4395999908447	-4.3383414709648
3.4442999362946	-4.2757733647720
3.4489998817444	-4.2129604331233
3.4537000656128	-4.1500748668948
3.4584000110626	-4.0872018939905
3.4630999565125	-4.0244000987052
3.4677999019623	-3.9618066205854
3.4725000858307	-3.8996817945780
3.4772000312805	-3.8384404401748
3.4818999767303	-3.7786249279957
3.4865999221802	-3.7208489287582
3.4913001060486	-3.6657091678551
3.4960000514984	-3.6136973262314
3.5006999969482	-3.5651443414704
3.5053999423981	-3.5201904773229
3.5100998878479	-3.4787960977330
3.5148000717163	-3.4408086012756
3.5195000171661	-3.4060280679519
3.5241999626160	-3.3742938453296
3.5288999080658	-3.3455363250366
3.5336000919342	-3.3198163727435
3.5383000373840	-3.2972985115879
3.5429999828339	-3.2782154839451
3.5476999282837	-3.2627916602105
3.5524001121521	-3.2511736173202
3.5571000576019	-3.2433822401244
3.5618000030518	-3.2392806143901
3.5664999485016	-3.2385969355763
3.5711998939514	-3.2409710020627
3.5759000778198	-3.2460225113549
3.5806000232697	-3.2534290849422
3.5852999687195	-3.2629836677509
3.5899999141693	-3.2746213910424
3.5947000980377	-3.2884123413243
3.5994000434875	-3.3045160514090
3.6040999889374	-3.3231096979554
3.6087999343872	-3.3443251729954
3.6135001182556	-3.3681824802138
3.6182000637054	-3.3945640488806
3.6229000091553	-3.4232263111822
3.6275999546051	-3.4538377213845
3.6322999000549	-3.4860510616593
3.6370000839233	-3.5195773299816
3.6417000293732	-3.5542435294126
3.6463999748230	-3.5900234021791
3.6510999202728	-3.6270339281358
3.6558001041412	-3.6654889039854
3.6605000495911	-3.7056292573542
3.6651999950409	-3.7476492638046
3.6698999404907	-3.7916299448706
3.6745998859406	-3.8375085679242
3.6793000698090	-3.8850807499037
3.6840000152588	-3.9340507571921
3.6886999607086	-3.9840899171442
3.6933999061584	-4.0349225680326
3.6981000900269	-4.0863941687624
3.7028000354767	-4.1385007373648
3.7074999809265	-4.1913891221145
3.7121999263763	-4.2453106611286
3.7169001102448	-4.3005430745679
3.7216000556946	-4.3573135697764
3.7263000011444	-4.4157246387171
3.7309999465942	-4.4757169021800
3.7356998920441	-4.5370704622833
3.7404000759125	-4.5994520433508
3.7451000213623	-4.6624933317885
3.7497999668121	-4.7258769665122
3.7544999122620	-4.7894077167522
3.7592000961304	-4.8530607409345
3.7639000415802	-4.9169724559064
3.7685999870300	-4.9813906184334
3.7732999324799	-5.0465944172056
3.7780001163483	-5.1127938158992
3.7827000617981	-5.1800575765993
3.7874000072479	-5.2482612082390
3.7920999526978	-5.3170964734489
3.7967998981476	-5.3861290978719
3.8015000820160	-5.4548804145792
3.8062000274658	-5.5229372236528
3.8108999729156	-5.5900318706984
3.8155999183655	-5.6560920281862
3.8203001022339	-5.7212337791992
3.8250000476837	-5.7856969377418
3.8296999931335	-5.8497452539346
3.8343999385834	-5.9135599282160
3.8390998840332	-5.9771450395937
3.8438000679016	-6.0402880561100
3.8485000133514	-6.1025681077887
3.8531999588013	-6.1634376850368
3.8578999042511	-6.2223279720185
3.8626000881195	-6.2787721746911
3.8673000335693	-6.3325059843252
3.8719999790192	-6.3835121370785
3.8766999244690	-6.4319934915876
3.8814001083374	-6.4782928874559
3.8861000537872	-6.5227798059217
3.8907999992371	-6.5657004838833
3.8954999446869	-6.6071049191867
3.9001998901367	-6.6468032589093
3.9049000740051	-6.6843974610539
3.9096000194550	-6.7193883016188
3.9142999649048	-6.7513054858811
3.9189999103546	-6.7798392722264
3.9237000942230	-6.8049441984786
3.9284000396729	-6.8268516988135
3.9330999851227	-6.8460384669328
3.9377999305725	-6.8630931072204
3.9425001144409	-6.8785850411458
3.9472000598907	-6.8929247875006
3.9519000053406	-6.9062757355180
3.9565999507904	-6.9185408777432
3.9612998962402	-6.9294195301398
3.9660000801086	-6.9385313460648
3.9707000255585	-6.9455605539159
3.9753999710083	-6.9503872030007
3.9800999164581	-6.9531643940481
3.9848001003265	-6.9543224881036
3.9895000457764	-6.9544913835571
3.9941999912262	-6.9543682474846
3.9988999366760	-6.9545705118559
4.0036001205444	-6.9555040991981
4.0082998275757	-6.9572920244475
4.0130000114441	-6.9597868215196
4.0177001953125	-6.9626411194778
4.0223999023438	-6.9654450717725
4.0271000862122	-6.9678793728510
4.0317997932434	-6.9698318233967
4.0364999771118	-6.9714695336175
4.0412001609802	-6.9732206992361
4.0458998680115	-6.9756885615219
4.0506000518799	-6.9795170637045
4.0553002357483	-6.9852365182184
4.0599999427795	-6.9931429793417
4.0647001266479	-7.0032440628758
4.0693998336792	-7.0152703424927
4.0741000175476	-7.0287724557045
4.0788002014160	-7.0432500552822
4.0834999084473	-7.0583152987702
4.0882000923157	-7.0738081367784
4.0928997993469	-7.0898574316496
4.0975999832153	-7.1068635426900
4.1023001670837	-7.1253977470130
4.1069998741150	-7.1460636882757
4.1117000579834	-7.1693409798786
4.1163997650146	-7.1954677414172
4.1210999488831	-7.2243747339381
4.1258001327515	-7.2557184476902
4.1304998397827	-7.2889651357400
4.1352000236511	-7.3235530213737
4.1399002075195	-7.3590404675780
4.1445999145508	-7.3952396174721
4.1493000984192	-7.4322778831940
4.1539998054504	-7.4705794130367
4.1586999893188	-7.5107533757567
4.1634001731873	-7.5534456598261
4.1680998802185	-7.5991715487527
4.1728000640869	-7.6481844141332
4.1774997711182	-7.7004106810123
4.1821999549866	-7.7554782374010
4.1869001388550	-7.8128182647810
4.1915998458862	-7.8718284913419
4.1963000297546	-7.9320506392069
4.2010002136230	-7.9933223128677
4.2056999206543	-8.0558322214805
4.2104001045227	-8.1201113233621
4.2150998115540	-8.1869084720763
4.2197999954224	-8.2570172096837
4.2245001792908	-8.3310827429391
4.2291998863220	-8.4094473354401
4.2339000701904	-8.4920703865288
4.2385997772217	-8.5785419997591
4.2432999610901	-8.6681968727052
4.2480001449585	-8.7602959255589
4.2526998519897	-8.8542258186077
4.2574000358582	-8.9496653895324
4.2621002197266	-9.0466793513733
4.2667999267578	-9.1456875760882
4.2715001106262	-9.2473408842029
4.2761998176575	-9.3523150978194
4.2809000015259	-9.4610808096099
4.2856001853943	-9.5737281881079
4.2902998924255	-9.6898746225130
4.2950000762939	-9.8086966986942
4.2996997833252	-9.9290914520600
4.3043999671936	-10.049921368786
4.3091001510620	-10.170294222366
4.3137998580933	-10.289786783834
4.3185000419617	-10.408568520555
4.3232002258301	-10.527347080954
4.3278999328613	-10.647192322956
4.3326001167297	-10.769236236184
4.3372998237610	-10.894362291387
4.3420000076294	-11.022953131436
4.3467001914978	-11.154777307795
4.3513998985291	-11.289029791978
4.3561000823975	-11.424552236394
4.3607997894287	-11.560159776005
4.3654999732971	-11.694994157558
4.3702001571655	-11.828807712415
4.3748998641968	-11.962081092112
4.3796000480652	-12.095939896620
4.3843002319336	-12.231868954873
4.3889999389648	-12.371322152305
4.3937001228333	-12.515320526158
4.3983998298645	-12.664141189954
4.4031000137329	-12.817215045282
4.4078001976013	-12.973237034961
4.4124999046326	-13.130496601897
4.4172000885010	-13.287345014522
4.4218997955322	-13.442680416360
4.4265999794006	-13.596296187519
4.4313001632690	-13.748982808099
4.4359998703003	-13.902342516217
4.4407000541687	-14.058345040054
4.4454002380371	-14.218750019442
4.4500999450684	-14.384568041105
4.4548001289368	-14.555688292483
4.4594998359680	-14.730809383509
4.4642000198364	-14.907691318537
4.4689002037048	-15.083702220867
4.4735999107361	-15.256518897205
4.4783000946045	-15.424795721983
4.4829998016357	-15.588569994888
4.4876999855042	-15.749257709665
4.4924001693726	-15.909212043644
4.4970998764038	-16.070962266332
4.5018000602722	-16.236339284072
4.5064997673035	-16.405775712688
4.5111999511719	-16.577937042466
4.5159001350403	-16.749840799030
4.5205998420715	-16.917489409838
4.5253000259399	-17.076844015063
4.5300002098083	-17.224923712219
4.5346999168396	-17.360628967623
4.5394001007080	-17.485009325928
4.5440998077393	-17.600803951839
4.5487999916077	-17.711414876672
4.5535001754761	-17.819617977693
4.5581998825073	-17.926434398645
4.5629000663757	-18.030486701072
4.5675997734070	-18.128095987997
4.5722999572754	-18.214094714827
4.5770001411438	-18.283237566096
4.5816998481750	-18.331759725031
4.5864000320435	-18.358577606845
4.5911002159119	-18.365616751670
4.5957999229431	-18.357159632804
4.6005001068115	-18.338412280974
4.6051998138428	-18.313804944519
4.6098999977112	-18.285658736684
4.6146001815796	-18.253514532490
4.6192998886108	-18.214385884019
4.6240000724792	-18.163793174156
4.6286997795105	-18.097361054834
4.6333999633789	-18.012409763778
4.6381001472473	-17.909062311857
4.6427998542786	-17.790392334412
4.6475000381470	-17.661608849745
4.6522002220154	-17.528603434409
4.6568999290466	-17.396351454235
4.6616001129150	-17.267721976807
4.6662998199463	-17.142901755055
4.6710000038147	-17.019687144679
4.6757001876831	-16.894340795735
4.6803998947144	-16.762947008226
4.6851000785828	-16.622773615256
4.6897997856140	-16.473248214009
4.6944999694824	-16.316270486870
4.6992001533508	-16.155699410422
4.7038998603821	-15.996280495445
4.7086000442505	-15.842379133562
4.7133002281189	-15.696876965534
4.7179999351501	-15.560529817878
4.7227001190186	-15.431944305886
4.7273998260498	-15.308075026554
4.7321000099182	-15.185221169974
4.7368001937866	-15.060117762451
4.7414999008179	-14.930975684454
4.7462000846863	-14.798011440318
4.7508997917175	-14.663434423509
4.7555999755859	-14.530800818417
4.7603001594543	-14.404029886754
4.7649998664856	-14.286350646913
4.7697000503540	-14.179493640372
4.7744002342224	-14.083300173540
4.7790999412537	-13.995826256750
4.7838001251221	-13.913899970347
4.7884998321533	-13.834051645024
4.7932000160217	-13.753458524308
4.7979001998901	-13.670806235380
4.8025999069214	-13.586663412476
4.8073000907898	-13.503329079254
4.8119997978210	-13.424190039002
4.8166999816895	-13.352750165745
4.8214001655579	-13.291666998587
4.8260998725891	-13.241989152935
4.8308000564575	-13.202792218708
4.8354997634888	-13.171291342539
4.8401999473572	-13.143389121242
4.8449001312256	-13.114552805158
4.8495998382568	-13.080819776848
4.8543000221252	-13.039668888630
4.8590002059937	-12.990481653773
4.8636999130249	-12.934447799906
4.8684000968933	-12.873995135803
4.8730998039246	-12.811877415834
4.8777999877930	-12.750284372922
4.8825001716614	-12.690207118358
4.8871998786926	-12.631222647793
4.8919000625610	-12.571789224710
4.8965997695923	-12.509879812276
4.9012999534607	-12.443845059845
4.9060001373291	-12.373151439649
4.9106998443604	-12.298824399325
4.9154000282288	-12.223366328235
4.9201002120972	-12.150224400521
4.9247999191284	-12.082953622842
4.9295001029968	-12.024296699258
4.9341998100281	-11.975482649346
4.9388999938965	-11.935882494181
4.9436001777649	-11.903118188204
4.9482998847961	-11.873635214619
4.9530000686646	-11.843576942319
4.9576997756958	-11.809809698996
4.9623999595642	-11.770747521701
4.9671001434326	-11.726790726103
4.9717998504639	-11.680150903901
4.9765000343323	-11.634156687083
4.9812002182007	-11.592228171455
4.9858999252319	-11.556825052455
4.9906001091003	-11.528662540446
4.9952998161316	-11.506342807318
5.0000000000000	-11.486556334246
#Parameters = {R_fat=48; R_glandular=38; R_skin_outer=50; T10=5; T15=7.5; T5=2.5; T_rad=4; T_x=10; T_y=0; T_z=75; Zc=65; skin_thickness=2; Mesh Pass=5}
#"Frequency / GHz"	"S1,1 (Mesh Pass=5) [Magnitude / dB]"
#-------------------------------------------------------
0.30000001192093	-23.083382402651
0.30469998717308	-24.063719739086
0.30939999222755	-24.311971412178
0.31409999728203	-23.757760958763
0.31880000233650	-22.864788380981
0.32350000739098	-22.101036655286
0.32820001244545	-21.720162550545
0.33289998769760	-21.857644176878
0.33759999275208	-22.637602399388
0.34229999780655	-24.240322016124
0.34700000286102	-26.833830095411
0.35170000791550	-29.026056797156
0.35640001296997	-26.233071761170
0.36109998822212	-21.792925215398
0.36579999327660	-18.226846530016
0.37049999833107	-15.461911071509
0.37520000338554	-13.283539609583
0.37990000844002	-11.561139893579
0.38460001349449	-10.221591223070
0.38929998874664	-9.2217445449167
0.39399999380112	-8.5311078887309
0.39869999885559	-8.1222650728710
0.40340000391006	-7.9673846890536
0.40810000896454	-8.0389942522099
0.41280001401901	-8.3127261577463
0.41749998927116	-8.7698623352295
0.42219999432564	-9.3982808935892
0.42689999938011	-10.190946751711
0.43160000443459	-11.140576347650
0.43630000948906	-12.227537163419
0.44100001454353	-13.396158747690
0.44569998979568	-14.519220141589
0.45039999485016	-15.381749898359
0.45509999990463	-15.768733076747
0.45980000495911	-15.651186913688
0.46450001001358	-15.222353110069
0.46919998526573	-14.722554284324
0.47389999032021	-14.311139605515
0.47859999537468	-14.062082624044
0.48330000042915	-13.998027752831
0.48800000548363	-14.114835661410
0.49270001053810	-14.391086159985
0.49739998579025	-14.786743296639
0.50209999084473	-15.236036425038
0.50679999589920	-15.643478877541
0.51150000095367	-15.899140881237
0.51620000600815	-15.923565387554
0.52090001106262	-15.715318752395
0.52560001611710	-15.350252020528
0.53030002117157	-14.932850692231
0.53500002622604	-14.550708370890
0.53969997167587	-14.258569933981
0.54439997673035	-14.081577964224
0.54909998178482	-14.022423773567
0.55379998683929	-14.065656930025
0.55849999189377	-14.178711043523
0.56319999694824	-14.312618821960
0.56790000200272	-14.407439059006
0.57260000705719	-14.406861222745
0.57730001211166	-14.279114541786
0.58200001716614	-14.030835296290
0.58670002222061	-13.702022809430
0.59140002727509	-13.346609148543
0.59609997272491	-13.013517773614
0.60079997777939	-12.736827690300
0.60549998283386	-12.533690710853
0.61019998788834	-12.405516649216
0.61489999294281	-12.339646776715
0.61959999799728	-12.311171397668
0.62430000305176	-12.286299406950
0.62900000810623	-12.228985151921
0.63370001316071	-12.110698933781
0.63840001821518	-11.919755732175
0.64310002326965	-11.664854175912
0.64780002832413	-11.370439836345
0.65249997377396	-11.067253429654
0.65719997882843	-10.783344552227
0.66189998388290	-10.538526912544
0.66659998893738	-10.342162150056
0.67129999399185	-10.192971716086
0.67599999904633	-10.079982349332
0.68070000410080	-9.9846090219948
0.68540000915527	-9.8843333480860
0.69010001420975	-9.7579989453132
0.69480001926422	-9.5915967067857
0.69950002431870	-9.3822265255726
0.70420002937317	-9.1383552271437
0.70889997482300	-8.8763288616373
0.71359997987747	-8.6151136747635
0.71829998493195	-8.3714358905375
0.72299998998642	-8.1565340372234
0.72769999504089	-7.9745819927037
0.73240000009537	-7.8224772267004
0.73710000514984	-7.6907466584632
0.74180001020432	-7.5656162497944
0.74650001525879	-7.4321668407850
0.75120002031326	-7.2780841825565
0.75590002536774	-7.0969093115964
0.76059997081757	-6.8896150383267
0.76529997587204	-6.6638654077527
0.76999998092651	-6.4314549910569
0.77469998598099	-6.2049986570600
0.77939999103546	-5.9949681259392
0.78409999608994	-5.8076404539525
0.78880000114441	-5.6440938203164
0.79350000619888	-5.5002423418146
0.79820001125336	-5.3678399303841
0.80290001630783	-5.2364362799073
0.80760002136230	-5.0959237051887
0.81230002641678	-4.9391612108691
0.81699997186661	-4.7638017381909
0.82169997692108	-4.5727700422029
0.82639998197556	-4.3732367333287
0.83109998703003	-4.1745627292115
0.83579999208450	-3.9859322321277
0.84049999713898	-3.8142769266483
0.84520000219345	-3.6628760415206
0.84990000724792	-3.5307817537841
0.85460001230240	-3.4131494899628
0.85930001735687	-3.3024257380253
0.86400002241135	-3.1902153695236
0.86870002746582	-3.0694888486779
0.87339997291565	-2.9364554579928
0.87809997797012	-2.7916073792041
0.88279998302460	-2.6395564887915
0.88749998807907	-2.4877833209125
0.89219999313354	-2.3447311585212
0.89689999818802	-2.2177897199924
0.90160000324249	-2.1116405636691
0.90630000829697	-2.0272807845641
0.91100001335144	-1.9618735097369
0.91570001840591	-1.9094991369367
0.92040002346039	-1.8626913800831
0.92510002851486	-1.8144888762755
0.92979997396469	-1.7604653312016
0.93449997901917	-1.7001908973652
0.93919998407364	-1.6376202085880
0.94389998912811	-1.5803126990579
0.94859999418259	-1.5377145629057
0.95329999923706	-1.5190433116327
0.95800000429153	-1.5313300331947
0.96270000934601	-1.5780222514032
0.96740001440048	-1.6585323498868
0.97210001945496	-1.7687552313016
0.97680002450943	-1.9026528186940
0.98150002956390	-2.0546131653244
0.98619997501373	-2.2221987211635
0.99089998006821	-2.4085677898352
0.99559998512268	-2.6239593283838
1.0003000497818	-2.8857934709025
1.0049999952316	-3.2175578480455
1.0096999406815	-3.6471500546335
1.0144000053406	-4.2056671749845
1.0190999507904	-4.9276004816983
1.0238000154495	-5.8533288924185
1.0284999608994	-7.0350164386547
1.0332000255585	-8.5474588166977
1.0378999710083	-10.506369060576
1.0426000356674	-13.088189903842
1.0472999811172	-16.426158537854
1.0520000457764	-19.240345833906
1.0566999912262	-17.533492600992
1.0614000558853	-13.957755469922
1.0661000013351	-11.033961342532
1.0707999467850	-8.8058381596633
1.0755000114441	-7.0830508498473
1.0801999568939	-5.7322391741628
1.0849000215530	-4.6682760944538
1.0895999670029	-3.8335816859382
1.0943000316620	-3.1851074350280
1.0989999771118	-2.6872041688473
1.1037000417709	-2.3082012658222
1.1083999872208	-2.0194111423567
1.1131000518799	-1.7956073517787
1.1177999973297	-1.6161380161426
1.1224999427795	-1.4659587490135
1.1272000074387	-1.3359715390481
1.1318999528885	-1.2224537839495
1.1366000175476	-1.1255953161031
1.1412999629974	-1.0476020834292
1.1460000276566	-0.99079152938763
1.1506999731064	-0.95613799628210
1.1554000377655	-0.94250812531727
1.1600999832153	-0.94658666337529
1.1648000478745	-0.96346810863488
1.1694999933243	-0.98763127087752
1.1742000579834	-1.0140563996053
1.1789000034332	-1.0392151853949
1.1835999488831	-1.0616512595047
1.1883000135422	-1.0820193277537
1.1929999589920	-1.1026007013390
1.1977000236511	-1.1264326720173
1.2023999691010	-1.1563558820881
1.2071000337601	-1.1941966725390
1.2117999792099	-1.2402936677698
1.2165000438690	-1.2934281797415
1.2211999893188	-1.3511856911628
1.2259000539780	-1.4105404309900
1.2305999994278	-1.4686324500365
1.2352999448776	-1.5234391860706
1.2400000095367	-1.5742326211225
1.2446999549866	-1.6216796869158
1.2494000196457	-1.6675784375748
1.2540999650955	-1.7143093452571
1.2588000297546	-1.7641833755490
1.2634999752045	-1.8188245514022
1.2682000398636	-1.8787985880806
1.2728999853134	-1.9435003607889
1.2776000499725	-2.0113465650938
1.2822999954224	-2.0801984650334
1.2869999408722	-2.1479097659727
1.2917000055313	-2.2128606144341
1.2963999509811	-2.2743599123746
1.3011000156403	-2.3327783176355
1.3057999610901	-2.3894342621441
1.3105000257492	-2.4462066396209
1.3151999711990	-2.5050481772961
1.3199000358582	-2.5674909616011
1.3245999813080	-2.6342866625127
1.3293000459671	-2.7052557776129
1.3339999914169	-2.7793672138218
1.3387000560760	-2.8550226465780
1.3434000015259	-2.9304694537582
1.3480999469757	-3.0042480853688
1.3528000116348	-3.0755553677452
1.3574999570847	-3.1444468587150
1.3622000217438	-3.2118062328228
1.3668999671936	-3.2791167658036
1.3716000318527	-3.3480792643693
1.3762999773026	-3.4202036864739
1.3810000419617	-3.4964566121242
1.3856999874115	-3.5770604670752
1.3904000520706	-3.6614755013048
1.3950999975204	-3.7485579257957
1.3997999429703	-3.8368749067298
1.4045000076294	-3.9250636034250
1.4091999530792	-4.0121825564302
1.4139000177383	-4.0979681148235
1.4185999631882	-4.1828963735063
1.4233000278473	-4.2680843046919
1.4279999732971	-4.3550232822304
1.4327000379562	-4.4452353819398
1.4373999834061	-4.5399356525948
1.4421000480652	-4.6397735277135
1.4467999935150	-4.7447278427577
1.4515000581741	-4.8541370585915
1.4562000036240	-4.9669053646266
1.4608999490738	-5.0817834863860
1.4656000137329	-5.1977039738234
1.4702999591827	-5.3140671727194
1.4750000238419	-5.4309215924174
1.4796999692917	-5.5489901471238
1.4844000339508	-5.6695302633754
1.4890999794006	-5.7940724219052
1.4938000440598	-5.9241046673726
1.4984999895096	-6.0607732341359
1.5032000541687	-6.2046599764168
1.5078999996185	-6.3557001428028
1.5125999450684	-6.5132389438832
1.5173000097275	-6.6762215411460
1.5219999551773	-6.8434789993342
1.5267000198364	-7.0140483108206
1.5313999652863	-7.1874588056323
1.5361000299454	-7.3639098285272
1.5407999753952	-7.5442908962084
1.5455000400543	-7.7300535914149
1.5501999855042	-7.9229439936740
1.5549000501633	-8.1246742685113
1.5595999956131	-8.3365934007584
1.5642999410629	-8.5594463328715
1.5690000057220	-8.7932487848037
1.5736999511719	-9.0373242467253
1.5784000158310	-9.2904909549021
1.5830999612808	-9.5513766084621
1.5878000259399	-9.8187991171292
1.5924999713898	-10.092129895532
1.5972000360489	-10.371552272762
1.6018999814987	-10.658144246969
1.6066000461578	-10.953758285039
1.6112999916077	-11.260719431108
1.6160000562668	-11.581406242455
1.6207000017166	-11.917804208698
1.6253999471664	-12.271133638418
1.6301000118256	-12.641606439214
1.6347999572754	-13.028398263693
1.6395000219345	-13.429822608560
1.6441999673843	-13.843728132744
1.6489000320435	-14.268044441031
1.6535999774933	-14.701339080555
1.6583000421524	-15.143289080967
1.6629999876022	-15.594912595304
1.6677000522614	-16.058447247539
1.6723999977112	-16.536964125389
1.6770999431610	-17.033679426593
1.6818000078201	-17.551162701674
1.6864999532700	-18.090613963860
1.6912000179291	-18.651196073110
1.6958999633789	-19.229633175264
1.7006000280380	-19.820115966092
1.7052999734879	-20.414410286356
1.7100000381470	-21.002394423203
1.7146999835968	-21.572628865774
1.7194000482559	-22.113145150969
1.7240999937057	-22.612052631741
1.7288000583649	-23.058155547395
1.7335000038147	-23.441407080331
1.7381999492645	-23.753617600435
1.7429000139236	-23.989195095550
1.7475999593735	-24.145953595172
1.7523000240326	-24.225553382003
1.7569999694824	-24.233178964326
1.7617000341415	-24.176454852989
1.7663999795914	-24.064068952084
1.7711000442505	-23.904477103111
1.7757999897003	-23.705285949140
1.7805000543594	-23.473354822693
1.7851999998093	-23.215357561468
1.7898999452591	-22.938464770751
1.7946000099182	-22.650687202210
1.7992999553680	-22.360701163802
1.8040000200272	-22.077231147500
1.8086999654770	-21.808171785375
1.8134000301361	-21.559666143920
1.8180999755859	-21.335488332738
1.8228000402451	-21.136701584395
1.8274999856949	-20.961791316652
1.8322000503540	-20.807156778834
1.8368999958038	-20.667914791144
1.8415999412537	-20.539026935705
1.8463000059128	-20.416358722831
1.8509999513626	-20.297582930071
1.8557000160217	-20.182657815967
1.8603999614716	-20.073684168572
1.8651000261307	-19.974350539754
1.8697999715805	-19.888927033830
1.8745000362396	-19.821283444734
1.8791999816895	-19.774005395090
1.8839000463486	-19.747852741898
1.8885999917984	-19.741626786778
1.8933000564575	-19.752402203083
1.8980000019073	-19.776154786155
1.9026999473572	-19.808624702938
1.9074000120163	-19.846237097638
1.9120999574661	-19.886943776439
1.9168000221252	-19.930668035988
1.9214999675751	-19.979353311903
1.9262000322342	-20.036414294019
1.9308999776840	-20.106013742048
1.9356000423431	-20.192082261644
1.9402999877930	-20.297508855661
1.9450000524521	-20.423571234950
1.9496999979019	-20.569697308300
1.9543999433517	-20.733587543868
1.9591000080109	-20.911676329884
1.9637999534607	-21.099885691250
1.9685000181198	-21.294462977816
1.9731999635696	-21.492785782483
1.9779000282288	-21.693920282196
1.9825999736786	-21.898711951900
1.9873000383377	-22.109458014041
1.9919999837875	-22.329136069171
1.9967000484467	-22.560505533239
2.0013999938965	-22.805113261002
2.0060999393463	-23.062531819519
2.0107998847961	-23.329801809374
2.0155000686646	-23.601239359696
2.0202000141144	-23.868562250785
2.0248999595642	-24.121375114526
2.0295999050140	-24.347947686522
2.0343000888824	-24.536291322166
2.0390000343323	-24.675313296835
2.0436999797821	-24.755962595777
2.0483999252319	-24.772137806057
2.0531001091003	-24.721287800333
2.0578000545502	-24.604503875877
2.0625000000000	-24.426160116953
2.0671999454498	-24.193122805623
2.0718998908997	-23.913635838149
2.0766000747681	-23.596227442349
2.0813000202179	-23.248752253761
2.0859999656677	-22.877727851117
2.0906999111176	-22.488244418887
2.0954000949860	-22.084162728930
2.1001000404358	-21.668604897635
2.1047999858856	-21.244541033528
2.1094999313354	-20.815290839403
2.1142001152039	-20.384718033756
2.1189000606537	-19.957184877930
2.1236000061035	-19.537227922920
2.1282999515533	-19.129085747678
2.1329998970032	-18.736224079382
2.1377000808716	-18.360944429942
2.1424000263214	-18.004195342788
2.1470999717712	-17.665566556182
2.1517999172211	-17.343534865138
2.1565001010895	-17.035839958631
2.1612000465393	-16.740016567821
2.1658999919891	-16.453903536505
2.1705999374390	-16.176070241218
2.1752998828888	-15.906062709903
2.1800000667572	-15.644411945404
2.1847000122070	-15.392414086762
2.1893999576569	-15.151757245376
2.1940999031067	-14.924058528884
2.1988000869751	-14.710461909042
2.2035000324249	-14.511345648534
2.2081999778748	-14.326204475484
2.2128999233246	-14.153743594717
2.2176001071930	-13.992111375365
2.2223000526428	-13.839269579364
2.2269999980927	-13.693410982234
2.2316999435425	-13.553300800872
2.2363998889923	-13.418484581961
2.2411000728607	-13.289331971738
2.2458000183105	-13.166858236629
2.2504999637604	-13.052411260698
2.2551999092102	-12.947307430936
2.2599000930786	-12.852479586388
2.2646000385284	-12.768213272053
2.2692999839783	-12.694059620307
2.2739999294281	-12.628907196871
2.2787001132965	-12.571216766974
2.2834000587463	-12.519333142054
2.2881000041962	-12.471850500538
2.2927999496460	-12.427911276074
2.2974998950958	-12.387367726036
2.3022000789642	-12.350769203027
2.3069000244141	-12.319207008521
2.3115999698639	-12.293995340965
2.3162999153137	-12.276352269392
2.3210000991821	-12.267060835517
2.3257000446320	-12.266294808764
2.3303999900818	-12.273558291646
2.3350999355316	-12.287779372688
2.3397998809814	-12.307572492448
2.3445000648499	-12.331542992604
2.3492000102997	-12.358627791685
2.3538999557495	-12.388346010425
2.3585999011993	-12.420894615582
2.3633000850677	-12.457123398284
2.3680000305176	-12.498303192499
2.3726999759674	-12.545828291662
2.3773999214172	-12.600884299461
2.3821001052856	-12.664168518444
2.3868000507355	-12.735740464403
2.3914999961853	-12.815012835721
2.3961999416351	-12.900912387084
2.4008998870850	-12.992150032186
2.4056000709534	-13.087545992823
2.4103000164032	-13.186367061204
2.4149999618530	-13.288529204886
2.4196999073029	-13.394663890123
2.4244000911713	-13.506007894445
2.4291000366211	-13.624162356222
2.4337999820709	-13.750738532461
2.4384999275208	-13.887029486649
2.4432001113892	-14.033756273718
2.4479000568390	-14.190941710099
2.4526000022888	-14.357967002578
2.4572999477386	-14.533770513003
2.4619998931885	-14.717182801867
2.4667000770569	-14.907314414540
2.4714000225067	-15.103862176082
2.4760999679565	-15.307347415601
2.4807999134064	-15.519137044942
2.4855000972748	-15.741278284547
2.4902000427246	-15.976173035342
2.4948999881744	-16.226209182407
2.4995999336243	-16.493358830457
2.5043001174927	-16.778922402992
2.5090000629425	-17.083427593743
2.5137000083923	-17.406728436892
2.5183999538422	-17.748304041792
2.5230998992920	-18.107722696044
2.5278000831604	-18.485129628249
2.5325000286102	-18.881769258886
2.5371999740601	-19.300291416040
2.5418999195099	-19.744875347195
2.5466001033783	-20.221114039441
2.5513000488281	-20.735702482939
2.5559999942780	-21.296082336151
2.5606999397278	-21.910120255437
2.5653998851776	-22.586011278461
2.5701000690460	-23.332539627075
2.5748000144958	-24.159765230766
2.5794999599457	-25.080455860811
2.5841999053955	-26.112284003764
2.5889000892639	-27.281498817390
2.5936000347137	-28.628562083062
2.5982999801636	-30.217942266442
2.6029999256134	-32.155680689653
2.6077001094818	-34.622550100303
2.6124000549316	-37.915977243231
2.6171000003815	-42.090450619500
2.6217999458313	-43.079539641719
2.6264998912811	-38.958941079154
2.6312000751495	-35.265071901610
2.6359000205994	-32.511130399134
2.6405999660492	-30.379992458984
2.6452999114990	-28.659745835729
2.6500000953674	-27.223986549606
2.6547000408173	-25.993255942733
2.6593999862671	-24.914753980899
2.6640999317169	-23.952069979540
2.6688001155853	-23.079841690301
2.6735000610352	-22.280560351105
2.6782000064850	-21.542440420759
2.6828999519348	-20.857750673368
2.6875998973846	-20.221369313948
2.6923000812531	-19.629632219933
2.6970000267029	-19.079373045426
2.7016999721527	-18.567312154132
2.7063999176025	-18.089777376603
2.7111001014709	-17.642633000176
2.7158000469208	-17.221526887314
2.7204999923706	-16.822213065821
2.7251999378204	-16.440977981535
2.7298998832703	-16.074953433086
2.7346000671387	-15.722341393516
2.7393000125885	-15.382351682109
2.7439999580383	-15.055043824408
2.7486999034882	-14.740933558590
2.7534000873566	-14.440608838702
2.7581000328064	-14.154351322622
2.7627999782562	-13.881887295046
2.7674999237061	-13.622301826957
2.7722001075745	-13.374125667409
2.7769000530243	-13.135541629916
2.7815999984741	-12.904709847757
2.7862999439240	-12.680075464131
2.7909998893738	-12.460615925410
2.7957000732422	-12.245958888419
2.8004000186920	-12.036349815929
2.8050999641418	-11.832459759028
2.8097999095917	-11.635121111143
2.8145000934601	-11.445029484635
2.8192000389099	-11.262513429663
2.8238999843597	-11.087385902351
2.8285999298096	-10.918951198489
2.8333001136780	-10.756130704690
2.8380000591278	-10.597683342279
2.8427000045776	-10.442459225202
2.8473999500275	-10.289646773112
2.8520998954773	-10.138911870455
2.8568000793457	-9.9904214812861
2.8615000247955	-9.8447587658986
2.8661999702454	-9.7027091009009
2.8708999156952	-9.5650270708372
2.8756000995636	-9.4322217781186
2.8803000450134	-9.3043941357029
2.8849999904633	-9.1812015678543
2.8896999359131	-9.0619158642328
2.8943998813629	-8.9456106446211
2.8991000652313	-8.8313503823965
2.9038000106812	-8.7184239415601
2.9084999561310	-8.6064905123235
2.9131999015808	-8.4956430836731
2.9179000854492	-8.3863545126636
2.9226000308990	-8.2793304607965
2.9272999763489	-8.1753103886500
2.9319999217987	-8.0748598282754
2.9367001056671	-7.9782185069648
2.9414000511169	-7.8852322943846
2.9460999965668	-7.7953956130326
2.9507999420166	-7.7079559095346
2.9554998874664	-7.6221165296411
2.9602000713348	-7.5372242489492
2.9649000167847	-7.4529215165394
2.9695999622345	-7.3692290450255
2.9742999076843	-7.2865195418908
2.9790000915527	-7.2054166681962
2.9837000370026	-7.1266080786669
2.9883999824524	-7.0506806164993
2.9930999279022	-6.9779368355284
2.9978001117706	-6.9083457978924
3.0025000572205	-6.8415268802340
3.0072000026703	-6.7768549421511
3.0118999481201	-6.7136191325185
3.0165998935699	-6.6511912802305
3.0213000774384	-6.5891942297531
3.0260000228882	-6.5275780642269
3.0306999683380	-6.4666297473425
3.0353999137878	-6.4068863040784
3.0401000976562	-6.3489851484051
3.0448000431061	-6.2935011530794
3.0494999885559	-6.2407782148135
3.0541999340057	-6.1908551823629
3.0589001178741	-6.1434470559731
3.0636000633240	-6.0980110215589
3.0683000087738	-6.0538961793731
3.0729999542236	-6.0104987546444
3.0776998996735	-5.9674082258374
3.0824000835419	-5.9245225748358
3.0871000289917	-5.8820495327231
3.0917999744415	-5.8404596387330
3.0964999198914	-5.8003426351563
3.1012001037598	-5.7622569009203
3.1059000492096	-5.7265766940651
3.1105999946594	-5.6933908502946
3.1152999401093	-5.6624852309979
3.1199998855591	-5.6333856821249
3.1247000694275	-5.6054766698376
3.1294000148773	-5.5781715033211
3.1340999603271	-5.5510403636687
3.1387999057770	-5.5239290634172
3.1435000896454	-5.4969903903288
3.1482000350952	-5.4706310242353
3.1528999805450	-5.4454077869287
3.1575999259949	-5.4218651366716
3.1623001098633	-5.4004005689630
3.1670000553131	-5.3811515076829
3.1717000007629	-5.3639532047294
3.1763999462128	-5.3483834364882
3.1810998916626	-5.3338663587391
3.1858000755310	-5.3198105972462
3.1905000209808	-5.3057745752713
3.1951999664307	-5.2915573920846
3.1998999118805	-5.2772540329220
3.2046000957489	-5.2632274302913
3.2093000411987	-5.2500016905432
3.2139999866486	-5.2381119748933
3.2186999320984	-5.2279728455137
3.2234001159668	-5.2197520782071
3.2281000614166	-5.2133277082684
3.2328000068665	-5.2083057423798
3.2374999523163	-5.2041300547422
3.2421998977661	-5.2002053838051
3.2469000816345	-5.1960505517027
3.2516000270844	-5.1914167726666
3.2562999725342	-5.1863481163192
3.2609999179840	-5.1811503128681
3.2657001018524	-5.1763072124857
3.2704000473022	-5.1723361506514
3.2750999927521	-5.1696479204586
3.2797999382019	-5.1684122609467
3.2844998836517	-5.1685197152095
3.2892000675201	-5.1695777695535
3.2939000129700	-5.1710085542335
3.2985999584198	-5.1721792842551
3.3032999038696	-5.1725501530881
3.3080000877380	-5.1718038867018
3.3127000331879	-5.1699094300135
3.3173999786377	-5.1671022780493
3.3220999240875	-5.1638010824502
3.3268001079559	-5.1604826719380
3.3315000534058	-5.1575098551344
3.3361999988556	-5.1550296702995
3.3408999443054	-5.1528835205888
3.3455998897552	-5.1506322471817
3.3503000736237	-5.1476390654358
3.3550000190735	-5.1431966804043
3.3596999645233	-5.1366890638972
3.3643999099731	-5.1277132381626
3.3691000938416	-5.1161614482909
3.3738000392914	-5.1022081299960
3.3784999847412	-5.0862242866035
3.3831999301910	-5.0686436733627
3.3879001140594	-5.0498122088415
3.3926000595093	-5.0298611503294
3.3973000049591	-5.0086336661547
3.4019999504089	-4.9857086646746
3.4066998958588	-4.9604764551986
3.4114000797272	-4.9322891086586
3.4161000251770	-4.9006090597828
3.4207999706268	-4.8651512887932
3.4254999160767	-4.8259437089812
3.4302000999451	-4.7833264019565
3.4349000453949	-4.7378612011171
3.4395999908447	-4.6901885568302
3.4442999362946	-4.6408902701260
3.4489998817444	-4.5903570763890
3.4537000656128	-4.5387271175750
3.4584000110626	-4.4859054749272
3.4630999565125	-4.4316448262798
3.4677999019623	-4.3756735557256
3.4725000858307	-4.3178437903852
3.4772000312805	-4.2582396644116
3.4818999767303	-4.1972290386315
3.4865999221802	-4.1354497385054
3.4913001060486	-4.0737165738473
3.4960000514984	-4.0128846217632
3.5006999969482	-3.9537114149136
3.5053999423981	-3.8967453335831
3.5100998878479	-3.8422617301844
3.5148000717163	-3.7902752851735
3.5195000171661	-3.7406098551074
3.5241999626160	-3.6930183826121
3.5288999080658	-3.6472997845846
3.5336000919342	-3.6034067716921
3.5383000373840	-3.5615062304427
3.5429999828339	-3.5219679887089
3.5476999282837	-3.4853011651994
3.5524001121521	-3.4520443745410
3.5571000576019	-3.4226515544614
3.5618000030518	-3.3973888276451
3.5664999485016	-3.3762777182930
3.5711998939514	-3.3590941634625
3.5759000778198	-3.3454283782183
3.5806000232697	-3.3347840416769
3.5852999687195	-3.3266939711413
3.5899999141693	-3.3208310425141
3.5947000980377	-3.3170669187498
3.5994000434875	-3.3154968642861
3.6040999889374	-3.3163897171862
3.6087999343872	-3.3200960284706
3.6135001182556	-3.3269416453578
3.6182000637054	-3.3371237759755
3.6229000091553	-3.3506324952679
3.6275999546051	-3.3672427337236
3.6322999000549	-3.3865441058843
3.6370000839233	-3.4080203932385
3.6417000293732	-3.4311689410805
3.6463999748230	-3.4556033280736
3.6510999202728	-3.4811404770353
3.6558001041412	-3.5078235263720
3.6605000495911	-3.5358951196714
3.6651999950409	-3.5657288642693
3.6698999404907	-3.5977103244056
3.6745998859406	-3.6321224148239
3.6793000698090	-3.6690691210797
3.6840000152588	-3.7084253428848
3.6886999607086	-3.7498631942545
3.6933999061584	-3.7929157067639
3.6981000900269	-3.8370902453884
3.7028000354767	-3.8819877597738
3.7074999809265	-3.9273880280923
3.7121999263763	-3.9733158179317
3.7169001102448	-4.0200137656154
3.7216000556946	-4.0678877689250
3.7263000011444	-4.1173882377248
3.7309999465942	-4.1688905156455
3.7356998920441	-4.2225870785840
3.7404000759125	-4.2784346599238
3.7451000213623	-4.3361464392124
3.7497999668121	-4.3952607065817
3.7544999122620	-4.4552480869694
3.7592000961304	-4.5156383132084
3.7639000415802	-4.5761402227953
3.7685999870300	-4.6367084441298
3.7732999324799	-4.6975522373470
3.7780001163483	-4.7590783278346
3.7827000617981	-4.8217737631703
3.7874000072479	-4.8860660703241
3.7920999526978	-4.9522026377265
3.7967998981476	-5.0201591380020
3.8015000820160	-5.0896336282305
3.8062000274658	-5.1600944915168
3.8108999729156	-5.2308943754083
3.8155999183655	-5.3014250053784
3.8203001022339	-5.3712496106574
3.8250000476837	-5.4402027018772
3.8296999931335	-5.5084189530543
3.8343999385834	-5.5762740332501
3.8390998840332	-5.6442627122970
3.8438000679016	-5.7128397135654
3.8485000133514	-5.7822637636719
3.8531999588013	-5.8524916355542
3.8578999042511	-5.9231425751506
3.8626000881195	-5.9935558643898
3.8673000335693	-6.0629240167880
3.8719999790192	-6.1304583721506
3.8766999244690	-6.1955732421963
3.8814001083374	-6.2580038401276
3.8861000537872	-6.3178527947507
3.8907999992371	-6.3755291732297
3.8954999446869	-6.4316014316934
3.9001998901367	-6.4866190886061
3.9049000740051	-6.5409152735684
3.9096000194550	-6.5944811099466
3.9142999649048	-6.6469326226792
3.9189999103546	-6.6975695207766
3.9237000942230	-6.7455376770218
3.9284000396729	-6.7900358046477
3.9330999851227	-6.8305176805342
3.9377999305725	-6.8668392934635
3.9425001144409	-6.8992920420418
3.9472000598907	-6.9285302068505
3.9519000053406	-6.9553911892814
3.9565999507904	-6.9806781937306
3.9612998962402	-7.0049421056343
3.9660000801086	-7.0283528231346
3.9707000255585	-7.0506576103183
3.9753999710083	-7.0712737223538
3.9800999164581	-7.0894685798725
3.9848001003265	-7.1045847010399
3.9895000457764	-7.1162615161502
3.9941999912262	-7.1245690656624
3.9988999366760	-7.1300373691537
4.0036001205444	-7.1335502415996
4.0082998275757	-7.1361470941896
4.0130000114441	-7.1387935677355
4.0177001953125	-7.1421530310963
4.0223999023438	-7.1464615598753
4.0271000862122	-7.1514989154898
4.0317997932434	-7.1566943337971
4.0364999771118	-7.1613155104245
4.0412001609802	-7.1647075704447
4.0458998680115	-7.1665104922393
4.0506000518799	-7.1667962144316
4.0553002357483	-7.1660884224433
4.0599999427795	-7.1652607300986
4.0647001266479	-7.1653361615869
4.0693998336792	-7.1672438523642
4.0741000175476	-7.1716033109041
4.0788002014160	-7.1785910856288
4.0834999084473	-7.1879132988983
4.0882000923157	-7.1989070423209
4.0928997993469	-7.2107311894955
4.0975999832153	-7.2226039170156
4.1023001670837	-7.2340413620277
4.1069998741150	-7.2449909195915
4.1117000579834	-7.2558725481846
4.1163997650146	-7.2674821573734
4.1210999488831	-7.2807949186300
4.1258001327515	-7.2967192709355
4.1304998397827	-7.3158634585086
4.1352000236511	-7.3383894122545
4.1399002075195	-7.3639651103160
4.1445999145508	-7.3918552856141
4.1493000984192	-7.4211070962379
4.1539998054504	-7.4508028700705
4.1586999893188	-7.4803018687348
4.1634001731873	-7.5094197491307
4.1680998802185	-7.5384817853844
4.1728000640869	-7.5682433661578
4.1774997711182	-7.5996945669327
4.1821999549866	-7.6337978157958
4.1869001388550	-7.6712350341908
4.1915998458862	-7.7122204052352
4.1963000297546	-7.7564271532083
4.2010002136230	-7.8030690824671
4.2056999206543	-7.8510700008160
4.2104001045227	-7.8993523291611
4.2150998115540	-7.9471015807513
4.2197999954224	-7.9939863601456
4.2245001792908	-8.0402480767914
4.2291998863220	-8.0866398116216
4.2339000701904	-8.1342242747633
4.2385997772217	-8.1840940904323
4.2432999610901	-8.2370708679646
4.2480001449585	-8.2934803408000
4.2526998519897	-8.3530464194378
4.2574000358582	-8.4149491596216
4.2621002197266	-8.4780135317548
4.2667999267578	-8.5410099736473
4.2715001106262	-8.6029849895835
4.2761998176575	-8.6635259917534
4.2809000015259	-8.7228959215575
4.2856001853943	-8.7819955166886
4.2902998924255	-8.8421536522259
4.2950000762939	-8.9048083128185
4.2996997833252	-8.9711658087116
4.3043999671936	-9.0419119767766
4.3091001510620	-9.1170724941242
4.3137998580933	-9.1960373694722
4.3185000419617	-9.2777539942447
4.3232002258301	-9.3610571697044
4.3278999328613	-9.4450332744170
4.3326001167297	-9.5293365450800
4.3372998237610	-9.6143704572313
4.3420000076294	-9.7012589759222
4.3467001914978	-9.7916282044946
4.3513998985291	-9.8872391560142
4.3561000823975	-9.9895732879853
4.3607997894287	-10.099467634197
4.3654999732971	-10.216892571253
4.3702001571655	-10.340930819880
4.3748998641968	-10.469968800152
4.3796000480652	-10.602066761144
4.3843002319336	-10.735434168717
4.3889999389648	-10.868883580493
4.3937001228333	-11.002143497658
4.3983998298645	-11.135939772884
4.4031000137329	-11.271782013334
4.4078001976013	-11.411544350186
4.4124999046326	-11.556915460037
4.4172000885010	-11.708884311095
4.4218997955322	-11.867384654690
4.4265999794006	-12.031197899313
4.4313001632690	-12.198161485121
4.4359998703003	-12.365647640355
4.4407000541687	-12.531217202505
4.4454002380371	-12.693294814067
4.4500999450684	-12.851624986762
4.4548001289368	-13.007405944388
4.4594998359680	-13.162994529582
4.4642000198364	-13.321261795389
4.4689002037048	-13.484796569139
4.4735999107361	-13.655133917262
4.4783000946045	-13.832246703653
4.4829998016357	-14.014409945047
4.4876999855042	-14.198521555755
4.4924001693726	-14.380831977559
4.4970998764038	-14.557933513857
4.5018000602722	-14.727744208386
4.5064997673035	-14.890165850568
4.5111999511719	-15.047190415817
4.5159001350403	-15.202345379152
4.5205998420715	-15.359668197780
4.5253000259399	-15.522480534955
4.5300002098083	-15.692305955088
4.5346999168396	-15.868236125140
4.5394001007080	-16.046902072443
4.5440998077393	-16.223123235737
4.5487999916077	-16.391177072108
4.5535001754761	-16.546348353605
4.5581998825073	-16.686344230914
4.5629000663757	-16.812014080717
4.5675997734070	-16.927083132732
4.5722999572754	-17.036935604284
4.5770001411438	-17.146837184607
4.5816998481750	-17.260179780766
4.5864000320435	-17.377217773127
4.5911002159119	-17.494641240079
4.5957999229431	-17.606150500810
4.6005001068115	-17.704021961329
4.6051998138428	-17.781280887832
4.6098999977112	-17.833876880105
4.6146001815796	-17.862035215672
4.6192998886108	-17.870209302768
4.6240000724792	-17.865601711186
4.6286997795105	-17.855840425653
4.6333999633789	-17.846624378978
4.6381001472473	-17.840020930083
4.6427998542786	-17.833886394502
4.6475000381470	-17.822481938251
4.6522002220154	-17.798187397833
4.6568999290466	-17.753935325456
4.6616001129150	-17.685596340279
4.6662998199463	-17.593522178954
4.6710000038147	-17.482569618750
4.6757001876831	-17.360656040129
4.6803998947144	-17.236401634273
4.6851000785828	-17.116754086840
4.6897997856140	-17.005273250421
4.6944999694824	-16.901459378877
4.6992001533508	-16.801134351136
4.7038998603821	-16.697867064764
4.7086000442505	-16.584966772383
4.7133002281189	-16.457646979788
4.7179999351501	-16.314629763993
4.7227001190186	-16.158607426730
4.7273998260498	-15.995477555574
4.7321000099182	-15.832614753820
4.7368001937866	-15.676821819472
4.7414999008179	-15.532637724284
4.7462000846863	-15.401311460604
4.7508997917175	-15.280705453505
4.7555999755859	-15.165993633858
4.7603001594543	-15.051076901857
4.7649998664856	-14.930334090536
4.7697000503540	-14.800276472322
4.7744002342224	-14.660591608167
4.7790999412537	-14.514246019553
4.7838001251221	-14.366591810782
4.7884998321533	-14.223818689993
4.7932000160217	-14.091311695650
4.7979001998901	-13.972291528715
4.8025999069214	-13.867100177104
4.8073000907898	-13.773192855142
4.8119997978210	-13.685864474167
4.8166999816895	-13.599493965067
4.8214001655579	-13.509078257239
4.8260998725891	-13.411626365280
4.8308000564575	-13.307030428864
4.8354997634888	-13.198073233588
4.8401999473572	-13.089606081544
4.8449001312256	-12.987185557157
4.8495998382568	-12.895576817042
4.8543000221252	-12.817538237961
4.8590002059937	-12.753142366642
4.8636999130249	-12.699793005583
4.8684000968933	-12.652854902986
4.8730998039246	-12.606816839019
4.8777999877930	-12.556761323215
4.8825001716614	-12.499698973733
4.8871998786926	-12.435408759373
4.8919000625610	-12.366520592455
4.8965997695923	-12.297725969981
4.9012999534607	-12.234455808012
4.9060001373291	-12.181410130157
4.9106998443604	-12.141309250976
4.9154000282288	-12.114202586178
4.9201002120972	-12.097409617598
4.9247999191284	-12.086144894586
4.9295001029968	-12.074699324786
4.9341998100281	-12.057926405398
4.9388999938965	-12.032675084056
4.9436001777649	-11.998691596034
4.9482998847961	-11.958703242426
4.9530000686646	-11.917619694409
4.9576997756958	-11.881105177923
4.9623999595642	-11.853971415804
4.9671001434326	-11.838826250741
4.9717998504639	-11.835281539360
4.9765000343323	-11.839885995841
4.9812002182007	-11.846787573965
4.9858999252319	-11.849055376033
4.9906001091003	-11.840376836576
4.9952998161316	-11.816692122084
5.0000000000000	-11.777221865679
#Parameters = {R_fat=48; R_glandular=38; R_skin_outer=50; T10=5; T15=7.5; T5=2.5; T_rad=4; T_x=10; T_y=0; T_z=75; Zc=65; skin_thickness=2; Mesh Pass=6}
#"Frequency / GHz"	"S1,1 (Mesh Pass=6) [Magnitude / dB]"
#-------------------------------------------------------
0.30000001192093	-23.982328076286
0.30469998717308	-23.723592803214
0.30939999222755	-23.858516857971
0.31409999728203	-24.427652108647
0.31880000233650	-25.472132159471
0.32350000739098	-26.920779440881
0.32820001244545	-28.137442531137
0.33289998769760	-27.566878317554
0.33759999275208	-25.113557911053
0.34229999780655	-22.317367023205
0.34700000286102	-19.850140158189
0.35170000791550	-17.775197607797
0.35640001296997	-16.028314782755
0.36109998822212	-14.541464440760
0.36579999327660	-13.263962963561
0.37049999833107	-12.163315548788
0.37520000338554	-11.222655502795
0.37990000844002	-10.437351124756
0.38460001349449	-9.8106192989232
0.38929998874664	-9.3480756939732
0.39399999380112	-9.0520842559755
0.39869999885559	-8.9179004190100
0.40340000391006	-8.9333056321139
0.40810000896454	-9.0817714266919
0.41280001401901	-9.3473353213015
0.41749998927116	-9.7190213465960
0.42219999432564	-10.193498283686
0.42689999938011	-10.775771453606
0.43160000443459	-11.477929010136
0.43630000948906	-12.315248778356
0.44100001454353	-13.297256147171
0.44569998979568	-14.407942959089
0.45039999485016	-15.566584565633
0.45509999990463	-16.575051433108
0.45980000495911	-17.132861407976
0.46450001001358	-17.051572576695
0.46919998526573	-16.469098098890
0.47389999032021	-15.697493149531
0.47859999537468	-14.974982684113
0.48330000042915	-14.416543933165
0.48800000548363	-14.061284295440
0.49270001053810	-13.912686174613
0.49739998579025	-13.955972356042
0.50209999084473	-14.159935470069
0.50679999589920	-14.469940717425
0.51150000095367	-14.799393763152
0.51620000600815	-15.034062434250
0.52090001106262	-15.067199719284
0.52560001611710	-14.856884378019
0.53030002117157	-14.451932480301
0.53500002622604	-13.955246920317
0.53969997167587	-13.467641259854
0.54439997673035	-13.058774921172
0.54909998178482	-12.765211963876
0.55379998683929	-12.597544041422
0.55849999189377	-12.545980669485
0.56319999694824	-12.582345875675
0.56790000200272	-12.660901690026
0.57260000705719	-12.722905827689
0.57730001211166	-12.709681238812
0.58200001716614	-12.582913194524
0.58670002222061	-12.340615242724
0.59140002727509	-12.015747916428
0.59609997272491	-11.659007799591
0.60079997777939	-11.319442184419
0.60549998283386	-11.032998661300
0.61019998788834	-10.819040583376
0.61489999294281	-10.680808880318
0.61959999799728	-10.606852327878
0.62430000305176	-10.572991850443
0.62900000810623	-10.546006668980
0.63370001316071	-10.490575870975
0.63840001821518	-10.379070856634
0.64310002326965	-10.200499575979
0.64780002832413	-9.9635501343936
0.65249997377396	-9.6918579126907
0.65719997882843	-9.4148639698161
0.66189998388290	-9.1592279290216
0.66659998893738	-8.9434411140696
0.67129999399185	-8.7756064168341
0.67599999904633	-8.6531502860125
0.68070000410080	-8.5639012225569
0.68540000915527	-8.4885268744523
0.69010001420975	-8.4047301062832
0.69480001926422	-8.2928694789733
0.69950002431870	-8.1415083101616
0.70420002937317	-7.9505350201945
0.70889997482300	-7.7304203140602
0.71359997987747	-7.4981668141749
0.71829998493195	-7.2720568765353
0.72299998998642	-7.0671553690235
0.72769999504089	-6.8924617993751
0.73240000009537	-6.7496844222582
0.73710000514984	-6.6333561676924
0.74180001020432	-6.5322115094541
0.74650001525879	-6.4317838323168
0.75120002031326	-6.3179761453259
0.75590002536774	-6.1807805032801
0.76059997081757	-6.0169303473029
0.76529997587204	-5.8304765187652
0.76999998092651	-5.6311310414067
0.77469998598099	-5.4312242427999
0.77939999103546	-5.2424342974196
0.78409999608994	-5.0731575892473
0.78880000114441	-4.9269401475051
0.79350000619888	-4.8019964643316
0.79820001125336	-4.6918185210554
0.80290001630783	-4.5867885339559
0.80760002136230	-4.4765852048179
0.81230002641678	-4.3528592185959
0.81699997186661	-4.2114450604670
0.82169997692108	-4.0533312001951
0.82639998197556	-3.8841670992883
0.83109998703003	-3.7124926223406
0.83579999208450	-3.5474131940259
0.84049999713898	-3.3963805380779
0.84520000219345	-3.2635799144425
0.84990000724792	-3.1491441163587
0.85460001230240	-3.0492880563515
0.85930001735687	-2.9573308184284
0.86400002241135	-2.8654362980291
0.86870002746582	-2.7667021866208
0.87339997291565	-2.6570382717989
0.87809997797012	-2.5362775442175
0.88279998302460	-2.4081696203430
0.88749998807907	-2.2792858910618
0.89219999313354	-2.1572806451160
0.89689999818802	-2.0489596338630
0.90160000324249	-1.9587173911769
0.90630000829697	-1.8876094350935
0.91100001335144	-1.8332558056393
0.91570001840591	-1.7905847382552
0.92040002346039	-1.7533005817019
0.92510002851486	-1.7157334320413
0.92979997396469	-1.6746083723431
0.93449997901917	-1.6302208766060
0.93919998407364	-1.5866134658244
0.94389998912811	-1.5507446369547
0.94859999418259	-1.5309006126458
0.95329999923706	-1.5348415432295
0.95800000429153	-1.5681916392558
0.96270000934601	-1.6334639764308
0.96740001440048	-1.7299640773186
0.97210001945496	-1.8546552275182
0.97680002450943	-2.0038751119054
0.98150002956390	-2.1756040943631
0.98619997501373	-2.3717883980806
0.99089998006821	-2.6001169997622
0.99559998512268	-2.8747861591517
1.0003000497818	-3.2161872160098
1.0049999952316	-3.6498696317317
1.0096999406815	-4.2055740910464
1.0144000053406	-4.9172904469959
1.0190999507904	-5.8252898204821
1.0238000154495	-6.9812890553864
1.0284999608994	-8.4584302602725
1.0332000255585	-10.368454879738
1.0378999710083	-12.882022776444
1.0426000356674	-16.151545950429
1.0472999811172	-19.157070764723
1.0520000457764	-17.870406537215
1.0566999912262	-14.305832898560
1.0614000558853	-11.320746139749
1.0661000013351	-9.0446484998782
1.0707999467850	-7.2872964251690
1.0755000114441	-5.9103315425355
1.0801999568939	-4.8252846598765
1.0849000215530	-3.9726221095347
1.0895999670029	-3.3081938220852
1.0943000316620	-2.7956708221058
1.0989999771118	-2.4028870161873
1.1037000417709	-2.1007112917922
1.1083999872208	-1.8635329237540
1.1131000518799	-1.6704801173882
1.1177999973297	-1.5065655768879
1.1224999427795	-1.3630981248767
1.1272000074387	-1.2370720416601
1.1318999528885	-1.1295705429775
1.1366000175476	-1.0436633348293
1.1412999629974	-0.98230736152045
1.1460000276566	-0.94673336769567
1.1506999731064	-0.93558700602122
1.1554000377655	-0.94489556262483
1.1600999832153	-0.96873360544583
1.1648000478745	-1.0004029232157
1.1694999933243	-1.0337906278217
1.1742000579834	-1.0646194408954
1.1789000034332	-1.0911975930208
1.1835999488831	-1.1145203648194
1.1883000135422	-1.1376766064059
1.1929999589920	-1.1647829618031
1.1977000236511	-1.1997270434175
1.2023999691010	-1.2451061894711
1.2071000337601	-1.3015800872126
1.2117999792099	-1.3677216690755
1.2165000438690	-1.4404151007662
1.2211999893188	-1.5156105007764
1.2259000539780	-1.5893083018662
1.2305999994278	-1.6585199926216
1.2352999448776	-1.7219479971981
1.2400000095367	-1.7802370865441
1.2446999549866	-1.8357058967049
1.2494000196457	-1.8916496570613
1.2540999650955	-1.9514529463119
1.2588000297546	-2.0177032207683
1.2634999752045	-2.0915875160153
1.2682000398636	-2.1726512880265
1.2728999853134	-2.2589441524121
1.2776000499725	-2.3475402068291
1.2822999954224	-2.4352567770605
1.2869999408722	-2.5194379527544
1.2917000055313	-2.5986066022729
1.2963999509811	-2.6728119113806
1.3011000156403	-2.7435688945951
1.3057999610901	-2.8134407906979
1.3105000257492	-2.8853492968251
1.3151999711990	-2.9618441394774
1.3199000358582	-3.0444980288124
1.3245999813080	-3.1335651454897
1.3293000459671	-3.2279611421509
1.3339999914169	-3.3255677127931
1.3387000560760	-3.4237547206828
1.3434000015259	-3.5200344208077
1.3480999469757	-3.6126795106168
1.3528000116348	-3.7011475543261
1.3574999570847	-3.7862127726951
1.3622000217438	-3.8697550958179
1.3668999671936	-3.9542745453688
1.3716000318527	-4.0422782906290
1.3762999773026	-4.1356816214081
1.3810000419617	-4.2353941180536
1.3856999874115	-4.3411366198899
1.3904000520706	-4.4515490983249
1.3950999975204	-4.5645376323108
1.3997999429703	-4.6777929533004
1.4045000076294	-4.7893606303961
1.4091999530792	-4.8981350627583
1.4139000177383	-5.0041446634613
1.4185999631882	-5.1085597392472
1.4233000278473	-5.2134083897174
1.4279999732971	-5.3210981410251
1.4327000379562	-5.4338592433289
1.4373999834061	-5.5532535687252
1.4421000480652	-5.6798502784469
1.4467999935150	-5.8131335436945
1.4515000581741	-5.9516577601401
1.4562000036240	-6.0933982625036
1.4608999490738	-6.2362560456515
1.4656000137329	-6.3785768207351
1.4702999591827	-6.5195823506138
1.4750000238419	-6.6595978689522
1.4796999692917	-6.8000197150595
1.4844000339508	-6.9430084239999
1.4890999794006	-7.0910239513264
1.4938000440598	-7.2462925504171
1.4984999895096	-7.4103429122742
1.5032000541687	-7.5837049514593
1.5078999996185	-7.7658203166437
1.5125999450684	-7.9551905499929
1.5173000097275	-8.1497251128658
1.5219999551773	-8.3472455615920
1.5267000198364	-8.5460218127744
1.5313999652863	-8.7452439601359
1.5361000299454	-8.9452730074468
1.5407999753952	-9.1476326749122
1.5455000400543	-9.3547209725471
1.5501999855042	-9.5693179975507
1.5549000501633	-9.7940071670071
1.5595999956131	-10.030641804585
1.5642999410629	-10.279957313901
1.5690000057220	-10.541402381269
1.5736999511719	-10.813229465962
1.5784000158310	-11.092834418049
1.5830999612808	-11.377312532368
1.5878000259399	-11.664114952060
1.5924999713898	-11.951671035005
1.5972000360489	-12.239813467602
1.6018999814987	-12.529875095863
1.6066000461578	-12.824421844557
1.6112999916077	-13.126683192260
1.6160000562668	-13.439817358108
1.6207000017166	-13.766156303963
1.6253999471664	-14.106595560789
1.6301000118256	-14.460208934414
1.6347999572754	-14.824186211077
1.6395000219345	-15.194132493860
1.6441999673843	-15.564673908699
1.6489000320435	-15.930340999042
1.6535999774933	-16.286507441522
1.6583000421524	-16.630177144662
1.6629999876022	-16.960369501274
1.6677000522614	-17.278016866656
1.6723999977112	-17.585318401074
1.6770999431610	-17.884871026417
1.6818000078201	-18.178612546128
1.6864999532700	-18.466968001556
1.6912000179291	-18.748258639587
1.6958999633789	-19.018558442286
1.7006000280380	-19.271919864942
1.7052999734879	-19.501153411258
1.7100000381470	-19.698949514939
1.7146999835968	-19.859257462770
1.7194000482559	-19.978582164342
1.7240999937057	-20.056892136825
1.7288000583649	-20.097813071927
1.7335000038147	-20.108057821084
1.7381999492645	-20.096221810830
1.7429000139236	-20.071293761494
1.7475999593735	-20.041221646582
1.7523000240326	-20.011748202172
1.7569999694824	-19.985756068332
1.7617000341415	-19.963125449947
1.7663999795914	-19.941148856696
1.7711000442505	-19.915471112970
1.7757999897003	-19.881436047857
1.7805000543594	-19.835530875958
1.7851999998093	-19.776654326708
1.7898999452591	-19.706740270367
1.7946000099182	-19.630615147709
1.7992999553680	-19.555108494897
1.8040000200272	-19.487654276306
1.8086999654770	-19.434833552350
1.8134000301361	-19.401191489766
1.8180999755859	-19.388459294557
1.8228000402451	-19.395353298676
1.8274999856949	-19.417944886605
1.8322000503540	-19.450571431125
1.8368999958038	-19.487108167597
1.8415999412537	-19.522489217771
1.8463000059128	-19.554007202272
1.8509999513626	-19.582097938267
1.8557000160217	-19.610313704816
1.8603999614716	-19.644509692510
1.8651000261307	-19.691498217547
1.8697999715805	-19.757587500772
1.8745000362396	-19.847270513669
1.8791999816895	-19.962389039820
1.8839000463486	-20.101848410601
1.8885999917984	-20.261891324147
1.8933000564575	-20.436994288035
1.8980000019073	-20.621138489371
1.9026999473572	-20.809402041132
1.9074000120163	-20.999385293871
1.9120999574661	-21.192133333789
1.9168000221252	-21.392192204226
1.9214999675751	-21.606883801060
1.9262000322342	-21.844892651915
1.9308999776840	-22.114721473799
1.9356000423431	-22.423235556269
1.9402999877930	-22.774736203014
1.9450000524521	-23.170476295243
1.9496999979019	-23.608888888767
1.9543999433517	-24.086297179211
1.9591000080109	-24.598415048858
1.9637999534607	-25.142228688278
1.9685000181198	-25.718095881934
1.9731999635696	-26.331557799669
1.9779000282288	-26.994304860462
1.9825999736786	-27.724013841933
1.9873000383377	-28.543379465066
1.9919999837875	-29.478141462912
1.9967000484467	-30.554130600219
2.0013999938965	-31.791099397615
2.0060999393463	-33.186810073523
2.0107998847961	-34.675110623370
2.0155000686646	-36.034616066264
2.0202000141144	-36.808874039482
2.0248999595642	-36.567042538769
2.0295999050140	-35.433723808559
2.0343000888824	-33.899667077496
2.0390000343323	-32.311075552849
2.0436999797821	-30.804350505232
2.0483999252319	-29.413920955730
2.0531001091003	-28.140307358478
2.0578000545502	-26.976177086953
2.0625000000000	-25.913803576956
2.0671999454498	-24.946310612124
2.0718998908997	-24.066967025027
2.0766000747681	-23.268375102048
2.0813000202179	-22.542106945020
2.0859999656677	-21.878584129513
2.0906999111176	-21.267553130140
2.0954000949860	-20.698766835237
2.1001000404358	-20.162901613873
2.1047999858856	-19.652428197255
2.1094999313354	-19.162261490553
2.1142001152039	-18.689996259698
2.1189000606537	-18.235589835068
2.1236000061035	-17.800691301646
2.1282999515533	-17.387693565611
2.1329998970032	-16.998807311919
2.1377000808716	-16.635304127819
2.1424000263214	-16.297086275166
2.1470999717712	-15.982552703915
2.1517999172211	-15.688837404948
2.1565001010895	-15.412287890485
2.1612000465393	-15.149119897152
2.1658999919891	-14.896098776508
2.1705999374390	-14.651082153096
2.1752998828888	-14.413333519733
2.1800000667572	-14.183479631497
2.1847000122070	-13.963176250253
2.1893999576569	-13.754562719614
2.1940999031067	-13.559641094114
2.1988000869751	-13.379745226042
2.2035000324249	-13.215171997428
2.2081999778748	-13.065090254851
2.2128999233246	-12.927675790567
2.2176001071930	-12.800486349489
2.2223000526428	-12.680972019367
2.2269999980927	-12.566994581822
2.2316999435425	-12.457276968351
2.2363998889923	-12.351604320052
2.2411000728607	-12.250810778784
2.2458000183105	-12.156469900421
2.2504999637604	-12.070461545484
2.2551999092102	-11.994454311441
2.2599000930786	-11.929474128901
2.2646000385284	-11.875642427179
2.2692999839783	-11.832109316796
2.2739999294281	-11.797232670379
2.2787001132965	-11.768942115631
2.2834000587463	-11.745189231882
2.2881000041962	-11.724412731980
2.2927999496460	-11.705889861071
2.2974998950958	-11.689862647319
2.3022000789642	-11.677447788711
2.3069000244141	-11.670326098773
2.3115999698639	-11.670293776266
2.3162999153137	-11.678808056454
2.3210000991821	-11.696630491795
2.3257000446320	-11.723624815645
2.3303999900818	-11.758784165835
2.3350999355316	-11.800453632213
2.3397998809814	-11.846737105776
2.3445000648499	-11.895924595886
2.3492000102997	-11.946936839706
2.3538999557495	-11.999579050191
2.3585999011993	-12.054593588644
2.3633000850677	-12.113484755214
2.3680000305176	-12.178155681566
2.3726999759674	-12.250431513445
2.3773999214172	-12.331637774547
2.3821001052856	-12.422300946588
2.3868000507355	-12.522014705237
2.3914999961853	-12.629557540211
2.3961999416351	-12.743204120647
2.4008998870850	-12.861160473983
2.4056000709534	-12.982038327566
2.4103000164032	-13.105251013301
2.4149999618530	-13.231216342880
2.4196999073029	-13.361316186189
2.4244000911713	-13.497617488616
2.4291000366211	-13.642414819598
2.4337999820709	-13.797740127938
2.4384999275208	-13.964925174394
2.4432001113892	-14.144336458816
2.4479000568390	-14.335333562114
2.4526000022888	-14.536486043305
2.4572999477386	-14.745975754316
2.4619998931885	-14.962166124778
2.4667000770569	-15.184095399968
2.4714000225067	-15.411950603781
2.4760999679565	-15.647163514588
2.4807999134064	-15.892298990643
2.4855000972748	-16.150639283341
2.4902000427246	-16.425591905532
2.4948999881744	-16.720082876334
2.4995999336243	-17.036083056484
2.5043001174927	-17.374339744471
2.5090000629425	-17.734424191143
2.5137000083923	-18.115080917854
2.5183999538422	-18.514890000755
2.5230998992920	-18.933064939247
2.5278000831604	-19.370287780557
2.5325000286102	-19.829332444974
2.5371999740601	-20.315319020822
2.5418999195099	-20.835545303656
2.5466001033783	-21.398917647083
2.5513000488281	-22.015153869471
2.5559999942780	-22.693931481453
2.5606999397278	-23.444215325706
2.5653998851776	-24.273740713097
2.5701000690460	-25.188920388934
2.5748000144958	-26.194857826719
2.5794999599457	-27.295425981899
2.5841999053955	-28.492039186695
2.5889000892639	-29.778623246742
2.5936000347137	-31.125469746933
2.5982999801636	-32.439342425492
2.6029999256134	-33.495769701423
2.6077001094818	-33.930522582624
2.6124000549316	-33.493407939374
2.6171000003815	-32.351761251855
2.6217999458313	-30.894787049908
2.6264998912811	-29.405503071985
2.6312000751495	-28.011580170363
2.6359000205994	-26.752252421394
2.6405999660492	-25.628760384478
2.6452999114990	-24.627814970838
2.6500000953674	-23.731417599911
2.6547000408173	-22.920994087910
2.6593999862671	-22.179418902577
2.6640999317169	-21.492270734344
2.6688001155853	-20.848471491294
2.6735000610352	-20.240561227982
2.6782000064850	-19.664364990109
2.6828999519348	-19.118275737208
2.6875998973846	-18.602198059770
2.6923000812531	-18.116526694169
2.6970000267029	-17.661237147394
2.7016999721527	-17.235324671831
2.7063999176025	-16.836573150405
2.7111001014709	-16.461699037401
2.7158000469208	-16.106757612589
2.7204999923706	-15.767712959978
2.7251999378204	-15.441068343963
2.7298998832703	-15.124342956267
2.7346000671387	-14.816339530141
2.7393000125885	-14.517086351744
2.7439999580383	-14.227542193579
2.7486999034882	-13.949074833289
2.7534000873566	-13.682936840325
2.7581000328064	-13.429797737502
2.7627999782562	-13.189477901756
2.7674999237061	-12.960884473052
2.7722001075745	-12.742211460531
2.7769000530243	-12.531269901999
2.7815999984741	-12.325945815370
2.7862999439240	-12.124612813871
2.7909998893738	-11.926420400935
2.7957000732422	-11.731395164606
2.8004000186920	-11.540303699102
2.8050999641418	-11.354364439059
2.8097999095917	-11.174849245783
2.8145000934601	-11.002687944248
2.8192000389099	-10.838209914435
2.8238999843597	-10.681008870876
2.8285999298096	-10.530026406121
2.8333001136780	-10.383775114947
2.8380000591278	-10.240683583402
2.8427000045776	-10.099434540080
2.8473999500275	-9.9592717432202
2.8520998954773	-9.8201202668339
2.8568000793457	-9.6825596919798
2.8615000247955	-9.5476143463236
2.8661999702454	-9.4164531814249
2.8708999156952	-9.2900533479958
2.8756000995636	-9.1689453264595
2.8803000450134	-9.0530370846153
2.8849999904633	-8.9416588136302
2.8896999359131	-8.8337025143752
2.8943998813629	-8.7279000256559
2.8991000652313	-8.6231213450850
2.9038000106812	-8.5186415881218
2.9084999561310	-8.4143114042280
2.9131999015808	-8.3105614811007
2.9179000854492	-8.2082613449666
2.9226000308990	-8.1084667184563
2.9272999763489	-8.0121495494517
2.9319999217987	-7.9199152188057
2.9367001056671	-7.8318626599594
2.9414000511169	-7.7475536802958
2.9460999965668	-7.6661175512026
2.9507999420166	-7.5864811572439
2.9554998874664	-7.5076264394295
2.9602000713348	-7.4288506752693
2.9649000167847	-7.3499379153172
2.9695999622345	-7.2711917383235
2.9742999076843	-7.1933440600452
2.9790000915527	-7.1173548395004
2.9837000370026	-7.0441496017376
2.9883999824524	-6.9743754469404
2.9930999279022	-6.9082441778643
2.9978001117706	-6.8454621760530
3.0025000572205	-6.7853263439450
3.0072000026703	-6.7268877112535
3.0118999481201	-6.6692064069600
3.0165998935699	-6.6115852956792
3.0213000774384	-6.5537346344991
3.0260000228882	-6.4958561918908
3.0306999683380	-6.4385657574161
3.0353999137878	-6.3827264556807
3.0401000976562	-6.3292170512321
3.0448000431061	-6.2787007377153
3.0494999885559	-6.2314570585230
3.0541999340057	-6.1872981829219
3.0589001178741	-6.1456371369390
3.0636000633240	-6.1056146447459
3.0683000087738	-6.0663417051076
3.0729999542236	-6.0271042561929
3.0776998996735	-5.9875679827730
3.0824000835419	-5.9478297667128
3.0871000289917	-5.9084082085677
3.0917999744415	-5.8700862887090
3.0964999198914	-5.8337009195244
3.1012001037598	-5.7999289242009
3.1059000492096	-5.7690974220608
3.1105999946594	-5.7411058720860
3.1152999401093	-5.7154502487259
3.1199998855591	-5.6913488097752
3.1247000694275	-5.6679399974333
3.1294000148773	-5.6445087948977
3.1340999603271	-5.6206562015354
3.1387999057770	-5.5964145280789
3.1435000896454	-5.5722159179800
3.1482000350952	-5.5487726044100
3.1528999805450	-5.5269000059532
3.1575999259949	-5.5072750053805
3.1623001098633	-5.4902773621373
3.1670000553131	-5.4758699221722
3.1717000007629	-5.4636217057591
3.1763999462128	-5.4528023769257
3.1810998916626	-5.4425761233045
3.1858000755310	-5.4322138918978
3.1905000209808	-5.4212750804300
3.1951999664307	-5.4097137939946
3.1998999118805	-5.3978998582072
3.2046000957489	-5.3864952886494
3.2093000411987	-5.3762849654337
3.2139999866486	-5.3679559349828
3.2186999320984	-5.3619242711992
3.2234001159668	-5.3582019013971
3.2281000614166	-5.3564049002014
3.2328000068665	-5.3558405979765
3.2374999523163	-5.3556753348583
3.2421998977661	-5.3551505091400
3.2469000816345	-5.3537760265649
3.2516000270844	-5.3514462464969
3.2562999725342	-5.3484529104529
3.2609999179840	-5.3454150927306
3.2657001018524	-5.3430876020883
3.2704000473022	-5.3421553886927
3.2750999927521	-5.3430435672774
3.2797999382019	-5.3457866490537
3.2844998836517	-5.3500147671132
3.2892000675201	-5.3550252875595
3.2939000129700	-5.3599588167073
3.2985999584198	-5.3639993917509
3.3032999038696	-5.3665776130910
3.3080000877380	-5.3675085456307
3.3127000331879	-5.3670076173024
3.3173999786377	-5.3656288516559
3.3220999240875	-5.3640763284538
3.3268001079559	-5.3630058578453
3.3315000534058	-5.3628149302596
3.3361999988556	-5.3635174349903
3.3408999443054	-5.3647043790315
3.3455998897552	-5.3656182446555
3.3503000736237	-5.3653293870936
3.3550000190735	-5.3629412082791
3.3596999645233	-5.3578021338989
3.3643999099731	-5.3496426545460
3.3691000938416	-5.3386143653707
3.3738000392914	-5.3252130988442
3.3784999847412	-5.3101137183593
3.3831999301910	-5.2939493268167
3.3879001140594	-5.2771018362965
3.3926000595093	-5.2595813828017
3.3973000049591	-5.2409816337547
3.4019999504089	-5.2205663624669
3.4066998958588	-5.1974434731352
3.4114000797272	-5.1707877072305
3.4161000251770	-5.1400393651722
3.4207999706268	-5.1050557636580
3.4254999160767	-5.0661476086821
3.4302000999451	-5.0239819865604
3.4349000453949	-4.9794293175570
3.4395999908447	-4.9333301619712
3.4442999362946	-4.8863076567494
3.4489998817444	-4.8386396480293
3.4537000656128	-4.7902234913269
3.4584000110626	-4.7406731594588
3.4630999565125	-4.6894718626086
3.4677999019623	-4.6361862921378
3.4725000858307	-4.5806501866770
3.4772000312805	-4.5230851284229
3.4818999767303	-4.4641115532360
3.4865999221802	-4.4046698868342
3.4913001060486	-4.3458459125382
3.4960000514984	-4.2886632862359
3.5006999969482	-4.2339179746453
3.5053999423981	-4.1820376204200
3.5100998878479	-4.1330722595231
3.5148000717163	-4.0867558906215
3.5195000171661	-4.0426509538200
3.5241999626160	-4.0003291070724
3.5288999080658	-3.9595424261427
3.5336000919342	-3.9203308099042
3.5383000373840	-3.8830562989441
3.5429999828339	-3.8483393843492
3.5476999282837	-3.8169264231431
3.5524001121521	-3.7895189494394
3.5571000576019	-3.7666089175502
3.5618000030518	-3.7483721528655
3.5664999485016	-3.7346285017146
3.5711998939514	-3.7248886750994
3.5759000778198	-3.7184850884565
3.5806000232697	-3.7147211753423
3.5852999687195	-3.7130471936189
3.5899999141693	-3.7131794340777
3.5947000980377	-3.7151567421359
3.5994000434875	-3.7193092382245
3.6040999889374	-3.7261484967269
3.6087999343872	-3.7362158102344
3.6135001182556	-3.7499224960015
3.6182000637054	-3.7674203937457
3.6229000091553	-3.7885402763930
3.6275999546051	-3.8128110112389
3.6322999000549	-3.8395580503255
3.6370000839233	-3.8680476260133
3.6417000293732	-3.8976578001775
3.6463999748230	-3.9280167034051
3.6510999202728	-3.9590771089892
3.6558001041412	-3.9911201864345
3.6605000495911	-4.0246573728928
3.6651999950409	-4.0602895848124
3.6698999404907	-4.0985373689258
3.6745998859406	-4.1396917821360
3.6793000698090	-4.1837226134688
3.6840000152588	-4.2302715677620
3.6886999607086	-4.2787314827646
3.6933999061584	-4.3283829672228
3.6981000900269	-4.3785727404121
3.7028000354767	-4.4288686092853
3.7074999809265	-4.4791747034719
3.7121999263763	-4.5297444310077
3.7169001102448	-4.5811185675333
3.7216000556946	-4.6339727712745
3.7263000011444	-4.6889467216845
3.7309999465942	-4.7464621938721
3.7356998920441	-4.8066098637411
3.7404000759125	-4.8691090622951
3.7451000213623	-4.9333687426937
3.7497999668121	-4.9986312150885
3.7544999122620	-5.0641468490955
3.7592000961304	-5.1293743897917
3.7639000415802	-5.1941142651158
3.7685999870300	-5.2585611225418
3.7732999324799	-5.3232468369612
3.7780001163483	-5.3889046391540
3.7827000617981	-5.4562628808612
3.7874000072479	-5.5258433493233
3.7920999526978	-5.5978065928162
3.7967998981476	-5.6718903386814
3.8015000820160	-5.7474455494035
3.8062000274658	-5.8235878048481
3.8108999729156	-5.8993942896104
3.8155999183655	-5.9741386095719
3.8203001022339	-6.0474594137138
3.8250000476837	-6.1194505387461
3.8296999931335	-6.1906165436439
3.8343999385834	-6.2617257621596
3.8390998840332	-6.3335776112656
3.8438000679016	-6.4067605362114
3.8485000133514	-6.4814532212952
3.8531999588013	-6.5573402600807
3.8578999042511	-6.6336367984258
3.8626000881195	-6.7092546584922
3.8673000335693	-6.7830402510489
3.8719999790192	-6.8540532068460
3.8766999244690	-6.9217853694307
3.8814001083374	-6.9862770904217
3.8861000537872	-7.0480781684122
3.8907999992371	-7.1080721398959
3.8954999446869	-7.1672031309111
3.9001998901367	-7.2261842184614
3.9049000740051	-7.2852578052570
3.9096000194550	-7.3440899036592
3.9142999649048	-7.4018144294797
3.9189999103546	-7.4572219079247
3.9237000942230	-7.5090620557064
3.9284000396729	-7.5563636972044
3.9330999851227	-7.5986943799352
3.9377999305725	-7.6362807759187
3.9425001144409	-7.6699519883415
3.9472000598907	-7.7009137982009
3.9519000053406	-7.7304211548323
3.9565999507904	-7.7594461381605
3.9612998962402	-7.7884153076097
3.9660000801086	-7.8171076723050
3.9707000255585	-7.8447224805227
3.9753999710083	-7.8701156798242
3.9800999164581	-7.8921326404251
3.9848001003265	-7.9099619766398
3.9895000457764	-7.9233999337198
3.9941999912262	-7.9329508248273
3.9988999366760	-7.9397389133860
4.0036001205444	-7.9452415329208
4.0082998275757	-7.9509349255117
4.0130000114441	-7.9579350443424
4.0177001953125	-7.9667518935821
4.0223999023438	-7.9771844007844
4.0271000862122	-7.9884269422835
4.0317997932434	-7.9993100539849
4.0364999771118	-8.0086666690507
4.0412001609802	-8.0156851230384
4.0458998680115	-8.0201726065876
4.0506000518799	-8.0226553778595
4.0553002357483	-8.0242761705463
4.0599999427795	-8.0265232861337
4.0647001266479	-8.0308650158005
4.0693998336792	-8.0383956187115
4.0741000175476	-8.0495726280612
4.0788002014160	-8.0641221367615
4.0834999084473	-8.0811356014779
4.0882000923157	-8.0993150332731
4.0928997993469	-8.1173451267382
4.0975999832153	-8.1342526015607
4.1023001670837	-8.1496959001090
4.1069998741150	-8.1640724913656
4.1117000579834	-8.1784448323718
4.1163997650146	-8.1942616219054
4.1210999488831	-8.2129899826207
4.1258001327515	-8.2357474752106
4.1304998397827	-8.2630050760664
4.1352000236511	-8.2944752981859
4.1399002075195	-8.3291750579361
4.1445999145508	-8.3656786068015
4.1493000984192	-8.4024816565616
4.1539998054504	-8.4384084202670
4.1586999893188	-8.4729209752636
4.1634001731873	-8.5062892889359
4.1680998802185	-8.5395111317501
4.1728000640869	-8.5740753068436
4.1774997711182	-8.6115513137130
4.1821999549866	-8.6531841499931
4.1869001388550	-8.6995571812343
4.1915998458862	-8.7504279559158
4.1963000297546	-8.8047652340129
4.2010002136230	-8.8609893787700
4.2056999206543	-8.9173763533387
4.2104001045227	-8.9724897874382
4.2150998115540	-9.0255729173687
4.2197999954224	-9.0767653125657
4.2245001792908	-9.1270699663524
4.2291998863220	-9.1780983222181
4.2339000701904	-9.2316439863573
4.2385997772217	-9.2892032141272
4.2432999610901	-9.3515754816986
4.2480001449585	-9.4186429774873
4.2526998519897	-9.4893665984206
4.2574000358582	-9.5620448478477
4.2621002197266	-9.6347345699220
4.2667999267578	-9.7057796076202
4.2715001106262	-9.7742751130878
4.2761998176575	-9.8403601846118
4.2809000015259	-9.9052311806691
4.2856001853943	-9.9708809712866
4.2902998924255	-10.039616100596
4.2950000762939	-10.113507590591
4.2996997833252	-10.193901709439
4.3043999671936	-10.281112639515
4.3091001510620	-10.374385296813
4.3137998580933	-10.472122045331
4.3185000419617	-10.572343808309
4.3232002258301	-10.673274133670
4.3278999328613	-10.773898335589
4.3326001167297	-10.874337915935
4.3372998237610	-10.975929941701
4.3420000076294	-11.080965434419
4.3467001914978	-11.192162685744
4.3513998985291	-11.312001677196
4.3561000823975	-11.442115173710
4.3607997894287	-11.582837739934
4.3654999732971	-11.733060483476
4.3702001571655	-11.890431787300
4.3748998641968	-12.051858281916
4.3796000480652	-12.214254539759
4.3843002319336	-12.375335689072
4.3889999389648	-12.534252872611
4.3937001228333	-12.691864657851
4.3983998298645	-12.850532275354
4.4031000137329	-13.013482360384
4.4078001976013	-13.183909712594
4.4124999046326	-13.364066321119
4.4172000885010	-13.554540787096
4.4218997955322	-13.753950005018
4.4265999794006	-13.959101702654
4.4313001632690	-14.165673654296
4.4359998703003	-14.369288641684
4.4407000541687	-14.566726200821
4.4454002380371	-14.756933694067
4.4500999450684	-14.941454640417
4.4548001289368	-15.124114903191
4.4594998359680	-15.309996614089
4.4642000198364	-15.504030384555
4.4689002037048	-15.709564345012
4.4735999107361	-15.927314972063
4.4783000946045	-16.154887291664
4.4829998016357	-16.387120468053
4.4876999855042	-16.617207406236
4.4924001693726	-16.838440486928
4.4970998764038	-17.046215690393
4.5018000602722	-17.239544442958
4.5064997673035	-17.421524011910
4.5111999511719	-17.598496535312
4.5159001350403	-17.778100222757
4.5205998420715	-17.966892627359
4.5253000259399	-18.168206722478
4.5300002098083	-18.380735721039
4.5346999168396	-18.598279117754
4.5394001007080	-18.810788982643
4.5440998077393	-19.006775644280
4.5487999916077	-19.176581053908
4.5535001754761	-19.315519401523
4.5581998825073	-19.425532424427
4.5629000663757	-19.514534302058
4.5675997734070	-19.593583414751
4.5722999572754	-19.673049134498
4.5770001411438	-19.759128992866
4.5816998481750	-19.851567106349
4.5864000320435	-19.943227747977
4.5911002159119	-20.021626339519
4.5957999229431	-20.072409436699
4.6005001068115	-20.084007759217
4.6051998138428	-20.051876326019
4.6098999977112	-19.980355535550
4.6146001815796	-19.881221932640
4.6192998886108	-19.769639524866
4.6240000724792	-19.659337724368
4.6286997795105	-19.558841276298
4.6333999633789	-19.469493099796
4.6381001472473	-19.385577756340
4.6427998542786	-19.296315346927
4.6475000381470	-19.189340798541
4.6522002220154	-19.054928684954
4.6568999290466	-18.889470078185
4.6616001129150	-18.696944677703
4.6662998199463	-18.487605897581
4.6710000038147	-18.274697889186
4.6757001876831	-18.070575083385
4.6803998947144	-17.883564272208
4.6851000785828	-17.716250573870
4.6897997856140	-17.565300932587
4.6944999694824	-17.422714707942
4.6992001533508	-17.278153599686
4.7038998603821	-17.122030477275
4.7086000442505	-16.948412250342
4.7133002281189	-16.756900036734
4.7179999351501	-16.552654271884
4.7227001190186	-16.344723599197
4.7273998260498	-16.143288853394
4.7321000099182	-15.956873205465
4.7368001937866	-15.790301212951
4.7414999008179	-15.643729795360
4.7462000846863	-15.512817900764
4.7508997917175	-15.389952134575
4.7555999755859	-15.266257399279
4.7603001594543	-15.134060144051
4.7649998664856	-14.989063708655
4.7697000503540	-14.831584920499
4.7744002342224	-14.666394441194
4.7790999412537	-14.501208013237
4.7838001251221	-14.344437036399
4.7884998321533	-14.202941151862
4.7932000160217	-14.080374526357
4.7979001998901	-13.976387424659
4.8025999069214	-13.886803140735
4.8073000907898	-13.804686252213
4.8119997978210	-13.722101219981
4.8166999816895	-13.632240495997
4.8214001655579	-13.531322462774
4.8260998725891	-13.419683087256
4.8308000564575	-13.301630945113
4.8354997634888	-13.184152953155
4.8401999473572	-13.074910259599
4.8449001312256	-12.980201009131
4.8495998382568	-12.903381592453
4.8543000221252	-12.844082954688
4.8590002059937	-12.798308529843
4.8636999130249	-12.759368829986
4.8684000968933	-12.719543600013
4.8730998039246	-12.672097647216
4.8777999877930	-12.613158629341
4.8825001716614	-12.542847711141
4.8871998786926	-12.465231957326
4.8919000625610	-12.387119997816
4.8965997695923	-12.316108233800
4.9012999534607	-12.258527416568
4.9060001373291	-12.217821608272
4.9106998443604	-12.193685290704
4.9154000282288	-12.182079678121
4.9201002120972	-12.176164527515
4.9247999191284	-12.167954271221
4.9295001029968	-12.150425742413
4.9341998100281	-12.119510046147
4.9388999938965	-12.075318603072
4.9436001777649	-12.022119659606
4.9482998847961	-11.967071427834
4.9530000686646	-11.918134030096
4.9576997756958	-11.881843656783
4.9623999595642	-11.861543986725
4.9671001434326	-11.856440598780
4.9717998504639	-11.861602158446
4.9765000343323	-11.868969099320
4.9812002182007	-11.869219736509
4.9858999252319	-11.854139774549
4.9906001091003	-11.818877824515
4.9952998161316	-11.763285502956
5.0000000000000	-11.691791918222
