#Parameters = {R_fat=48; R_glandular=38; R_skin_outer=50; T10=5; T15=7.5; T5=2.5; T_rad=4; T_x=10; T_y=0; T_z=75; Zc=65; skin_thickness=2; Mesh Pass=1}
#"Frequency / GHz"	"S1,1 (Mesh Pass=1) [Magnitude / dB]"
#-------------------------------------------------------
0.30000001192093	-6.6164622466234
0.30469998717308	-6.4889944716608
0.30939999222755	-6.3638427139109
0.31409999728203	-6.2381699794501
0.31880000233650	-6.1087502254795
0.32350000739098	-5.9727978562081
0.32820001244545	-5.8286994962207
0.33289998769760	-5.6764573405730
0.33759999275208	-5.5177297591125
0.34229999780655	-5.3554716405200
0.34700000286102	-5.1932778108732
0.35170000791550	-5.0346327513484
0.35640001296997	-4.8822174429804
0.36109998822212	-4.7374400369633
0.36579999327660	-4.6002319358907
0.37049999833107	-4.4691423689468
0.37520000338554	-4.3417312496279
0.37990000844002	-4.2151607071792
0.38460001349449	-4.0869073053171
0.38929998874664	-3.9554045416295
0.39399999380112	-3.8204635913272
0.39869999885559	-3.6833400662602
0.40340000391006	-3.5464452337409
0.40810000896454	-3.4127733056219
0.41280001401901	-3.2852042820871
0.41749998927116	-3.1658604681485
0.42219999432564	-3.0556127021736
0.42689999938011	-2.9538911385353
0.43160000443459	-2.8587951686978
0.43630000948906	-2.7675279611417
0.44100001454353	-2.6770685742684
0.44569998979568	-2.5849330967387
0.45039999485016	-2.4898214446727
0.45509999990463	-2.3919720378955
0.45980000495911	-2.2931003219011
0.46450001001358	-2.1959536325115
0.46919998526573	-2.1035999953436
0.47389999032021	-2.0186430521137
0.47859999537468	-1.9425488574533
0.48330000042915	-1.8752403749292
0.48800000548363	-1.8150676942798
0.49270001053810	-1.7591652655452
0.49739998579025	-1.7041522111060
0.50209999084473	-1.6470124705353
0.50679999589920	-1.5859071554683
0.51150000095367	-1.5206911707895
0.51620000600815	-1.4529518859110
0.52090001106262	-1.3855834456043
0.52560001611710	-1.3219951795918
0.53030002117157	-1.2651809947338
0.53500002622604	-1.2169102572128
0.53969997167587	-1.1772111128885
0.54439997673035	-1.1442980897526
0.54909998178482	-1.1149843412269
0.55379998683929	-1.0854893285469
0.55849999189377	-1.0524689731558
0.56319999694824	-1.0139620743962
0.56790000200272	-0.96996127410023
0.57260000705719	-0.92244600487294
0.57730001211166	-0.87481481560546
0.58200001716614	-0.83094317715338
0.58670002222061	-0.79409821688144
0.59140002727509	-0.76601280372327
0.59609997272491	-0.74634838342336
0.60079997777939	-0.73272116466372
0.60549998283386	-0.72127912739814
0.61019998788834	-0.70773614085148
0.61489999294281	-0.68859538357726
0.61959999799728	-0.66220250330272
0.62430000305176	-0.62927245773580
0.62900000810623	-0.59272651378420
0.63370001316071	-0.55686691524604
0.63840001821518	-0.52613818438388
0.64310002326965	-0.50385627067356
0.64780002832413	-0.49119185644782
0.65249997377396	-0.48674951540136
0.65719997882843	-0.48683011409760
0.66189998388290	-0.48639178848468
0.66659998893738	-0.48050168427679
0.67129999399185	-0.46584522564400
0.67599999904633	-0.44186093889523
0.68070000410080	-0.41104852381260
0.68540000915527	-0.37834395210018
0.69010001420975	-0.34971098158660
0.69480001926422	-0.33037057283281
0.69950002431870	-0.32316002423063
0.70420002937317	-0.32745265708817
0.70889997482300	-0.33900331676578
0.71359997987747	-0.35087721445406
0.71829998493195	-0.35538878698969
0.72299998998642	-0.34665780723808
0.72769999504089	-0.32302442158034
0.73240000009537	-0.28850633848990
0.73710000514984	-0.25271819376010
0.74180001020432	-0.22920023983362
0.74650001525879	-0.23263483721600
0.75120002031326	-0.27557869570884
0.75590002536774	-0.36533652178017
0.76059997081757	-0.50136141263536
0.76529997587204	-0.67357276075208
0.76999998092651	-0.86210842825292
0.77469998598099	-1.0392223535961
0.77939999103546	-1.1740171941037
0.78409999608994	-1.2398504705834
0.78880000114441	-1.2223540680096
0.79350000619888	-1.1244958707483
0.79820001125336	-0.96586173271062
0.80290001630783	-0.77666937149143
0.80760002136230	-0.58966668819697
0.81230002641678	-0.43312781642577
0.81699997186661	-0.32627619118557
0.82169997692108	-0.27703168954784
0.82639998197556	-0.28154218520904
0.83109998703003	-0.32534588167295
0.83579999208450	-0.38626477115261
0.84049999713898	-0.43922527015676
0.84520000219345	-0.46254745204705
0.84990000724792	-0.44425192263785
0.85460001230240	-0.38603556955252
0.85930001735687	-0.30318999700527
0.86400002241135	-0.22052056297313
0.86870002746582	-0.16614221598389
0.87339997291565	-0.16532348385766
0.87809997797012	-0.23560672291475
0.88279998302460	-0.38350541253480
0.88749998807907	-0.60247879833401
0.89219999313354	-0.87203032751616
0.89689999818802	-1.1582705866160
0.90160000324249	-1.4171421665784
0.90630000829697	-1.6019796909168
0.91100001335144	-1.6754812782854
0.91570001840591	-1.6221171730381
0.92040002346039	-1.4538517921516
0.92510002851486	-1.2050702533948
0.92979997396469	-0.92034052791967
0.93449997901917	-0.64220160944289
0.93919998407364	-0.40347126190038
0.94389998912811	-0.22424303044254
0.94859999418259	-0.11189414374731
0.95329999923706	-0.062663180508425
0.95800000429153	-0.064102861707186
0.96270000934601	-0.098174819691679
0.96740001440048	-0.14488525217264
0.97210001945496	-0.18613634617198
0.97680002450943	-0.20913564239081
0.98150002956390	-0.20850124213665
0.98619997501373	-0.18638844325681
0.99089998006821	-0.15065099621969
0.99559998512268	-0.11177327115994
1.0003000497818	-0.079642827881054
1.0049999952316	-0.061075277789704
1.0096999406815	-0.058532097680994
1.0144000053406	-0.070063227857955
1.0190999507904	-0.090341373937925
1.0238000154495	-0.11234437945313
1.0284999608994	-0.12934989158197
1.0332000255585	-0.13668337135146
1.0378999710083	-0.13280945115772
1.0426000356674	-0.11945617209785
1.0472999811172	-0.10081947308658
1.0520000457764	-0.082169787701725
1.0566999912262	-0.068288440865795
1.0614000558853	-0.062252539486785
1.0661000013351	-0.064765329516488
1.0707999467850	-0.074193782620297
1.0755000114441	-0.087177026834645
1.0801999568939	-0.099664962170179
1.0849000215530	-0.10804572415920
1.0895999670029	-0.11011409822066
1.0943000316620	-0.10557601511796
1.0989999771118	-0.095992463163901
1.1037000417709	-0.084216407102019
1.1083999872208	-0.073502143850055
1.1131000518799	-0.066582050608985
1.1177999973297	-0.064973241572127
1.1224999427795	-0.068656667392987
1.1272000074387	-0.076189588305330
1.1318999528885	-0.085185139081506
1.1366000175476	-0.093022942906910
1.1412999629974	-0.097560727589394
1.1460000276566	-0.097700353360922
1.1506999731064	-0.093628237387444
1.1554000377655	-0.086672039371774
1.1600999832153	-0.078870449276048
1.1648000478745	-0.072371135379970
1.1694999933243	-0.068844057777733
1.1742000579834	-0.069085186535872
1.1789000034332	-0.072872405899166
1.1835999488831	-0.079114248873512
1.1883000135422	-0.086221572954376
1.1929999589920	-0.092566793763731
1.1977000236511	-0.096934737770475
1.2023999691010	-0.098815295287186
1.2071000337601	-0.098464884174108
1.2117999792099	-0.096745540651939
1.2165000438690	-0.094790882213139
1.2211999893188	-0.093624115529305
1.2259000539780	-0.093832270843187
1.2305999994278	-0.095393845874534
1.2352999448776	-0.097711615996697
1.2400000095367	-0.099814879460993
1.2446999549866	-0.10068047590970
1.2494000196457	-0.099568976488835
1.2540999650955	-0.096272601277358
1.2588000297546	-0.091205255503654
1.2634999752045	-0.085303257188767
1.2682000398636	-0.079778124219074
1.2728999853134	-0.075783227226094
1.2776000499725	-0.074100572785723
1.2822999954224	-0.074936403845903
1.2869999408722	-0.077879627781199
1.2917000055313	-0.081999822668613
1.2963999509811	-0.086124443997153
1.3011000156403	-0.089146814373330
1.3057999610901	-0.090315938104358
1.3105000257492	-0.089423061028210
1.3151999711990	-0.086842069022414
1.3199000358582	-0.083399342046042
1.3245999813080	-0.080128976058577
1.3293000459671	-0.077975795826849
1.3339999914169	-0.077543623487848
1.3387000560760	-0.078939730459364
1.3434000015259	-0.081769781414720
1.3480999469757	-0.085264904312376
1.3528000116348	-0.088495885048990
1.3574999570847	-0.090654694055820
1.3622000217438	-0.091258733418761
1.3668999671936	-0.090280874434512
1.3716000318527	-0.088135254779677
1.3762999773026	-0.085552377600162
1.3810000419617	-0.083357050622314
1.3856999874115	-0.082242413965499
1.3904000520706	-0.082575464459137
1.3950999975204	-0.084305768726144
1.3997999429703	-0.087005885668861
1.4045000076294	-0.089993041921527
1.4091999530792	-0.092529890222608
1.4139000177383	-0.094034439379122
1.4185999631882	-0.094234634211525
1.4233000278473	-0.093239686986840
1.4279999732971	-0.091492439287753
1.4327000379562	-0.089632575126718
1.4373999834061	-0.088320883847822
1.4421000480652	-0.088037187162682
1.4467999935150	-0.088973671463235
1.4515000581741	-0.090971428594320
1.4562000036240	-0.093590609785887
1.4608999490738	-0.096231486520535
1.4656000137329	-0.098319761400187
1.4702999591827	-0.099455411840302
1.4750000238419	-0.099520843831734
1.4796999692917	-0.098715961751552
1.4844000339508	-0.097483386641259
1.4890999794006	-0.096376652823237
1.4938000440598	-0.095911720066158
1.4984999895096	-0.096410322904021
1.5032000541687	-0.097927902348576
1.5078999996185	-0.10024001619331
1.5125999450684	-0.10291995844279
1.5173000097275	-0.10545551649066
1.5219999551773	-0.10741113660768
1.5267000198364	-0.10852513844212
1.5313999652863	-0.10880407390294
1.5361000299454	-0.10849792754214
1.5407999753952	-0.10802970740161
1.5455000400543	-0.10787246161786
1.5501999855042	-0.10840899429842
1.5549000501633	-0.10984397812875
1.5595999956131	-0.11213611618623
1.5642999410629	-0.11502415970505
1.5690000057220	-0.11810747275600
1.5736999511719	-0.12096936273698
1.5784000158310	-0.12327818253451
1.5830999612808	-0.12490134869003
1.5878000259399	-0.12591789320959
1.5924999713898	-0.12661233930225
1.5972000360489	-0.12737376413824
1.6018999814987	-0.12859396450463
1.6066000461578	-0.13055704094303
1.6112999916077	-0.13335978708567
1.6160000562668	-0.13690255427340
1.6207000017166	-0.14090507013641
1.6253999471664	-0.14501145563632
1.6301000118256	-0.14887989711560
1.6347999572754	-0.15228341587230
1.6395000219345	-0.15517390450655
1.6441999673843	-0.15769260820630
1.6489000320435	-0.16013162101104
1.6535999774933	-0.16283631636523
1.6583000421524	-0.16612263030592
1.6629999876022	-0.17018458673261
1.6677000522614	-0.17503930292511
1.6723999977112	-0.18053846601098
1.6770999431610	-0.18639475654394
1.6818000078201	-0.19229383904863
1.6864999532700	-0.19795385702246
1.6912000179291	-0.20322783294566
1.6958999633789	-0.20812764284837
1.7006000280380	-0.21282275030821
1.7052999734879	-0.21758645898988
1.7100000381470	-0.22271409608055
1.7146999835968	-0.22844013118818
1.7194000482559	-0.23486627075165
1.7240999937057	-0.24194217299244
1.7288000583649	-0.24946482894788
1.7335000038147	-0.25714706984508
1.7381999492645	-0.26468880760048
1.7429000139236	-0.27186111739332
1.7475999593735	-0.27855608609699
1.7523000240326	-0.28482282346624
1.7569999694824	-0.29082640244469
1.7617000341415	-0.29680916377067
1.7663999795914	-0.30300139899583
1.7711000442505	-0.30955842693341
1.7757999897003	-0.31650142209791
1.7805000543594	-0.32371412490172
1.7851999998093	-0.33096565501114
1.7898999452591	-0.33797191440122
1.7946000099182	-0.34446611049598
1.7992999553680	-0.35027298414413
1.8040000200272	-0.35534257812393
1.8086999654770	-0.35976287117647
1.8134000301361	-0.36372338658682
1.8180999755859	-0.36745385790890
1.8228000402451	-0.37115996544668
1.8274999856949	-0.37495236264106
1.8322000503540	-0.37882236047145
1.8368999958038	-0.38264218566515
1.8415999412537	-0.38619321675457
1.8463000059128	-0.38924571689614
1.8509999513626	-0.39160681784308
1.8557000160217	-0.39318630873850
1.8603999614716	-0.39402076951500
1.8651000261307	-0.39426101586978
1.8697999715805	-0.39413206431088
1.8745000362396	-0.39386703523545
1.8791999816895	-0.39365820402274
1.8839000463486	-0.39358705065730
1.8885999917984	-0.39362362747616
1.8933000564575	-0.39363367831080
1.8980000019073	-0.39342355496100
1.9026999473572	-0.39280061461113
1.9074000120163	-0.39163508181718
1.9120999574661	-0.38989904093563
1.9168000221252	-0.38767759985241
1.9214999675751	-0.38514967687928
1.9262000322342	-0.38253835694666
1.9308999776840	-0.38005650750487
1.9356000423431	-0.37784166019816
1.9402999877930	-0.37593327081756
1.9450000524521	-0.37425502791425
1.9496999979019	-0.37265191970059
1.9543999433517	-0.37093272664008
1.9591000080109	-0.36892821751373
1.9637999534607	-0.36654427895869
1.9685000181198	-0.36378806367392
1.9731999635696	-0.36077354624055
1.9779000282288	-0.35768272715910
1.9825999736786	-0.35472440654092
1.9873000383377	-0.35206856206012
1.9919999837875	-0.34980568319364
1.9967000484467	-0.34792304627290
2.0013999938965	-0.34631078162343
2.0060999393463	-0.34479370054816
2.0107998847961	-0.34318572433969
2.0155000686646	-0.34134226491948
2.0202000141144	-0.33920359244323
2.0248999595642	-0.33681255960575
2.0295999050140	-0.33430355697941
2.0343000888824	-0.33186408172717
2.0390000343323	-0.32968312315794
2.0436999797821	-0.32789832907811
2.0483999252319	-0.32655784104502
2.0531001091003	-0.32560714871266
2.0578000545502	-0.32490903134538
2.0625000000000	-0.32427850245494
2.0671999454498	-0.32353966058433
2.0718998908997	-0.32257881249430
2.0766000747681	-0.32137279487429
2.0813000202179	-0.32000015835990
2.0859999656677	-0.31862062023917
2.0906999111176	-0.31742774056715
2.0954000949860	-0.31659898470492
2.1001000404358	-0.31624095198386
2.1047999858856	-0.31636458077180
2.1094999313354	-0.31687999632090
2.1142001152039	-0.31762301325342
2.1189000606537	-0.31840145594749
2.1236000061035	-0.31905523778472
2.1282999515533	-0.31949936682833
2.1329998970032	-0.31975292218177
2.1377000808716	-0.31993793881734
2.1424000263214	-0.32024512841192
2.1470999717712	-0.32088539771475
2.1517999172211	-0.32202648212502
2.1565001010895	-0.32375469812132
2.1612000465393	-0.32604309704820
2.1658999919891	-0.32876253977548
2.1705999374390	-0.33172041926107
2.1752998828888	-0.33471359920893
2.1800000667572	-0.33759543233982
2.1847000122070	-0.34031684110867
2.1893999576569	-0.34295184281164
2.1940999031067	-0.34568394966408
2.1988000869751	-0.34875998473688
2.2035000324249	-0.35242669341923
2.2081999778748	-0.35686272807650
2.2128999233246	-0.36213215738233
2.2176001071930	-0.36816497705262
2.2223000526428	-0.37477297519805
2.2269999980927	-0.38171337010249
2.2316999435425	-0.38875482168282
2.2363998889923	-0.39576463885843
2.2411000728607	-0.40275667246817
2.2458000183105	-0.40991935410370
2.2504999637604	-0.41757143688907
2.2551999092102	-0.42609732284144
2.2599000930786	-0.43582913022541
2.2646000385284	-0.44693625751215
2.2692999839783	-0.45933431844321
2.2739999294281	-0.47263357549267
2.2787001132965	-0.48615259292120
2.2834000587463	-0.49899316389953
2.2881000041962	-0.51017994593765
2.2927999496460	-0.51882274572218
2.2974998950958	-0.52428611317706
2.3022000789642	-0.52632558061465
2.3069000244141	-0.52515475552244
2.3115999698639	-0.52143971977764
2.3162999153137	-0.51620434518835
2.3210000991821	-0.51067749910934
2.3257000446320	-0.50611103146619
2.3303999900818	-0.50360318607389
2.3350999355316	-0.50395930697997
2.3397998809814	-0.50761650898885
2.3445000648499	-0.51462270348357
2.3492000102997	-0.52469275197505
2.3538999557495	-0.53729122565579
2.3585999011993	-0.55175690241495
2.3633000850677	-0.56741865188923
2.3680000305176	-0.58369193903171
2.3726999759674	-0.60014707588997
2.3773999214172	-0.61652956148639
2.3821001052856	-0.63274659200812
2.3868000507355	-0.64881871903994
2.3914999961853	-0.66481938741081
2.3961999416351	-0.68081906993466
2.4008998870850	-0.69684173489347
2.4056000709534	-0.71283659421107
2.4103000164032	-0.72869142594839
2.4149999618530	-0.74424124633336
2.4196999073029	-0.75930788288832
2.4244000911713	-0.77373098060903
2.4291000366211	-0.78738753526911
2.4337999820709	-0.80021212377835
2.4384999275208	-0.81218354330797
2.4432001113892	-0.82332201068033
2.4479000568390	-0.83365794485167
2.4526000022888	-0.84322159784773
2.4572999477386	-0.85201996035988
2.4619998931885	-0.86003732099499
2.4667000770569	-0.86723763136236
2.4714000225067	-0.87357393313663
2.4760999679565	-0.87900432945455
2.4807999134064	-0.88350490402594
2.4855000972748	-0.88707794104409
2.4902000427246	-0.88975556531525
2.4948999881744	-0.89159434054225
2.4995999336243	-0.89266186348769
2.5043001174927	-0.89303753355214
2.5090000629425	-0.89278613417143
2.5137000083923	-0.89196464885829
2.5183999538422	-0.89061683271708
2.5230998992920	-0.88877207893966
2.5278000831604	-0.88645565047770
2.5325000286102	-0.88369269205928
2.5371999740601	-0.88051492971215
2.5418999195099	-0.87696312791414
2.5466001033783	-0.87308700320953
2.5513000488281	-0.86894147535875
2.5559999942780	-0.86458223434458
2.5606999397278	-0.86006385478001
2.5653998851776	-0.85543265146746
2.5701000690460	-0.85072396438106
2.5748000144958	-0.84596727990045
2.5794999599457	-0.84118409235554
2.5841999053955	-0.83639139999988
2.5889000892639	-0.83160453985541
2.5936000347137	-0.82684160520364
2.5982999801636	-0.82212038451478
2.6029999256134	-0.81745942534315
2.6077001094818	-0.81287953096581
2.6124000549316	-0.80840091796304
2.6171000003815	-0.80404133162205
2.6217999458313	-0.79981676232572
2.6264998912811	-0.79573889297893
2.6312000751495	-0.79181829702495
2.6359000205994	-0.78806300133211
2.6405999660492	-0.78447590087944
2.6452999114990	-0.78106358480702
2.6500000953674	-0.77782859225210
2.6547000408173	-0.77477189079539
2.6593999862671	-0.77189623636918
2.6640999317169	-0.76919999281739
2.6688001155853	-0.76668675329591
2.6735000610352	-0.76435735940435
2.6782000064850	-0.76221440004775
2.6828999519348	-0.76026063600440
2.6875998973846	-0.75850236081734
2.6923000812531	-0.75694299945823
2.6970000267029	-0.75558412935722
2.7016999721527	-0.75442730769480
2.7063999176025	-0.75346937037820
2.7111001014709	-0.75270490152000
2.7158000469208	-0.75212775256354
2.7204999923706	-0.75173008735778
2.7251999378204	-0.75150856098151
2.7298998832703	-0.75145821346540
2.7346000671387	-0.75158145167296
2.7393000125885	-0.75188190975363
2.7439999580383	-0.75236441084094
2.7486999034882	-0.75303495107651
2.7534000873566	-0.75389801359157
2.7581000328064	-0.75495194640693
2.7627999782562	-0.75619129523874
2.7674999237061	-0.75761011188039
2.7722001075745	-0.75919582871498
2.7769000530243	-0.76094276027983
2.7815999984741	-0.76284084295024
2.7862999439240	-0.76489192968983
2.7909998893738	-0.76709416890201
2.7957000732422	-0.76945772031618
2.8004000186920	-0.77198961533068
2.8050999641418	-0.77469913305520
2.8097999095917	-0.77758969152456
2.8145000934601	-0.78066278986683
2.8192000389099	-0.78391363448742
2.8238999843597	-0.78733289657746
2.8285999298096	-0.79090946766440
2.8333001136780	-0.79463857960637
2.8380000591278	-0.79851191035125
2.8427000045776	-0.80253123671066
2.8473999500275	-0.80670418601810
2.8520998954773	-0.81103938606614
2.8568000793457	-0.81554841079979
2.8615000247955	-0.82024193743972
2.8661999702454	-0.82512323046041
2.8708999156952	-0.83019498592303
2.8756000995636	-0.83544879885181
2.8803000450134	-0.84087693614677
2.8849999904633	-0.84646932788970
2.8896999359131	-0.85221864285608
2.8943998813629	-0.85812172983103
2.8991000652313	-0.86418271059234
2.9038000106812	-0.87041202111166
2.9084999561310	-0.87682063048591
2.9131999015808	-0.88342351495895
2.9179000854492	-0.89022918965964
2.9226000308990	-0.89724519158938
2.9272999763489	-0.90446690201789
2.9319999217987	-0.91188836019876
2.9367001056671	-0.91949816821927
2.9414000511169	-0.92728574269607
2.9460999965668	-0.93524379292170
2.9507999420166	-0.94337081531283
2.9554998874664	-0.95167050803642
2.9602000713348	-0.96015445470995
2.9649000167847	-0.96883300507633
2.9695999622345	-0.97771858472962
2.9742999076843	-0.98681679751652
2.9790000915527	-0.99612703324718
2.9837000370026	-1.0056441959474
2.9883999824524	-1.0153554488182
2.9930999279022	-1.0252453692909
2.9978001117706	-1.0352981987117
3.0025000572205	-1.0455057147968
3.0072000026703	-1.0558621140704
3.0118999481201	-1.0663703862304
3.0165998935699	-1.0770370479651
3.0213000774384	-1.0878666188617
3.0260000228882	-1.0988666299275
3.0306999683380	-1.1100334520675
3.0353999137878	-1.1213566042841
3.0401000976562	-1.1328202756542
3.0448000431061	-1.1444021576115
3.0494999885559	-1.1560774016962
3.0541999340057	-1.1678239457658
3.0589001178741	-1.1796231449664
3.0636000633240	-1.1914642619375
3.0683000087738	-1.2033393251905
3.0729999542236	-1.2152475114323
3.0776998996735	-1.2271842482482
3.0824000835419	-1.2391423710726
3.0871000289917	-1.2511053930356
3.0917999744415	-1.2630512922175
3.0964999198914	-1.2749493303869
3.1012001037598	-1.2867660005999
3.1059000492096	-1.2984648500491
3.1105999946594	-1.3100158612537
3.1152999401093	-1.3213951522541
3.1199998855591	-1.3325815189734
3.1247000694275	-1.3435654658392
3.1294000148773	-1.3543370284697
3.1340999603271	-1.3648820929939
3.1387999057770	-1.3751878647379
3.1435000896454	-1.3852309758509
3.1482000350952	-1.3949796711540
3.1528999805450	-1.4044000455010
3.1575999259949	-1.4134561312991
3.1623001098633	-1.4221146649622
3.1670000553131	-1.4303481535727
3.1717000007629	-1.4381402118810
3.1763999462128	-1.4454825702118
3.1810998916626	-1.4523746382008
3.1858000755310	-1.4588185880589
3.1905000209808	-1.4648159220616
3.1951999664307	-1.4703658490752
3.1998999118805	-1.4754587179090
3.2046000957489	-1.4800839859696
3.2093000411987	-1.4842255964908
3.2139999866486	-1.4878736197696
3.2186999320984	-1.4910203108281
3.2234001159668	-1.4936705116422
3.2281000614166	-1.4958410967495
3.2328000068665	-1.4975594245795
3.2374999523163	-1.4988571753805
3.2421998977661	-1.4997756490741
3.2469000816345	-1.5003499177548
3.2516000270844	-1.5006145684604
3.2562999725342	-1.5005991553285
3.2609999179840	-1.5003312852538
3.2657001018524	-1.4998371111055
3.2704000473022	-1.4991482631540
3.2750999927521	-1.4983066706834
3.2797999382019	-1.4973616743311
3.2844998836517	-1.4963778263503
3.2892000675201	-1.4954291348626
3.2939000129700	-1.4945966120785
3.2985999584198	-1.4939644280982
3.3032999038696	-1.4936174221156
3.3080000877380	-1.4936382497415
3.3127000331879	-1.4941065062967
3.3173999786377	-1.4951049522085
3.3220999240875	-1.4967199881168
3.3268001079559	-1.4990471571004
3.3315000534058	-1.5021972574382
3.3361999988556	-1.5062932591091
3.3408999443054	-1.5114791427226
3.3455998897552	-1.5179105374654
3.3503000736237	-1.5257565175392
3.3550000190735	-1.5351955785665
3.3596999645233	-1.5464134030746
3.3643999099731	-1.5596017484254
3.3691000938416	-1.5749629560934
3.3738000392914	-1.5927093196977
3.3784999847412	-1.6130676495775
3.3831999301910	-1.6362866394980
3.3879001140594	-1.6626328586476
3.3926000595093	-1.6923979175593
3.3973000049591	-1.7258899207597
3.4019999504089	-1.7634273829317
3.4066998958588	-1.8053353646210
3.4114000797272	-1.8519300380723
3.4161000251770	-1.9035078167490
3.4207999706268	-1.9603284963365
3.4254999160767	-2.0226059311468
3.4302000999451	-2.0904828877923
3.4349000453949	-2.1640105939327
3.4395999908447	-2.2431295098334
3.4442999362946	-2.3276308977728
3.4489998817444	-2.4171321122553
3.4537000656128	-2.5110409978539
3.4584000110626	-2.6085254985035
3.4630999565125	-2.7084954500778
3.4677999019623	-2.8095939706032
3.4725000858307	-2.9102142869020
3.4772000312805	-3.0085379997359
3.4818999767303	-3.1026050786265
3.4865999221802	-3.1904158859448
3.4913001060486	-3.2700379449626
3.4960000514984	-3.3397382369287
3.5006999969482	-3.3980994733674
3.5053999423981	-3.4441142888873
3.5100998878479	-3.4772411054737
3.5148000717163	-3.4974208355140
3.5195000171661	-3.5050456318877
3.5241999626160	-3.5008939666154
3.5288999080658	-3.4860417691237
3.5336000919342	-3.4617657781657
3.5383000373840	-3.4294525001860
3.5429999828339	-3.3905173840943
3.5476999282837	-3.3463343291429
3.5524001121521	-3.2982023168967
3.5571000576019	-3.2473013303262
3.5618000030518	-3.1946820730186
3.5664999485016	-3.1412514737346
3.5711998939514	-3.0877713448548
3.5759000778198	-3.0348652136830
3.5806000232697	-2.9830258388237
3.5852999687195	-2.9326304293178
3.5899999141693	-2.8839558933354
3.5947000980377	-2.8372007630737
3.5994000434875	-2.7925012337719
3.6040999889374	-2.7499507144596
3.6087999343872	-2.7096094053044
3.6135001182556	-2.6715184679971
3.6182000637054	-2.6356999615644
3.6229000091553	-2.6021591886704
3.6275999546051	-2.5708875341943
3.6322999000549	-2.5418589249558
3.6370000839233	-2.5150278194346
3.6417000293732	-2.4903413124254
3.6463999748230	-2.4677323317949
3.6510999202728	-2.4471354589137
3.6558001041412	-2.4284881517756
3.6605000495911	-2.4117376225838
3.6651999950409	-2.3968463526100
3.6698999404907	-2.3837854462120
3.6745998859406	-2.3725405163025
3.6793000698090	-2.3630991978691
3.6840000152588	-2.3554492015076
3.6886999607086	-2.3495792359082
3.6933999061584	-2.3454687000554
3.6981000900269	-2.3430925552045
3.7028000354767	-2.3424307723841
3.7074999809265	-2.3434632396039
3.7121999263763	-2.3461813874855
3.7169001102448	-2.3505924468273
3.7216000556946	-2.3567170825766
3.7263000011444	-2.3645914318836
3.7309999465942	-2.3742613416919
3.7356998920441	-2.3857747939662
3.7404000759125	-2.3991859903671
3.7451000213623	-2.4145395925925
3.7497999668121	-2.4318744706473
3.7544999122620	-2.4512279283800
3.7592000961304	-2.4726343127063
3.7639000415802	-2.4961339287497
3.7685999870300	-2.5217732694560
3.7732999324799	-2.5496159880574
3.7780001163483	-2.5797314864927
3.7827000617981	-2.6122003509333
3.7874000072479	-2.6471045807771
3.7920999526978	-2.6845210471662
3.7967998981476	-2.7245121720016
3.8015000820160	-2.7671180085313
3.8062000274658	-2.8123574998562
3.8108999729156	-2.8602227234309
3.8155999183655	-2.9106801019547
3.8203001022339	-2.9636757497621
3.8250000476837	-3.0191340340927
3.8296999931335	-3.0769582028548
3.8343999385834	-3.1370253912438
3.8390998840332	-3.1991806659519
3.8438000679016	-3.2632301505355
3.8485000133514	-3.3289226297042
3.8531999588013	-3.3959498329536
3.8578999042511	-3.4639375147388
3.8626000881195	-3.5324474726152
3.8673000335693	-3.6009816986518
3.8719999790192	-3.6690010731212
3.8766999244690	-3.7359403259925
3.8814001083374	-3.8012195978070
3.8861000537872	-3.8642744307891
3.8907999992371	-3.9245595550867
3.8954999446869	-3.9815671283963
3.9001998901367	-4.0348355073184
3.9049000740051	-4.0839525146653
3.9096000194550	-4.1285664387637
3.9142999649048	-4.1683918368025
3.9189999103546	-4.2032204404289
3.9237000942230	-4.2329367805298
3.9284000396729	-4.2575214064978
3.9330999851227	-4.2770592712135
3.9377999305725	-4.2917421816351
3.9425001144409	-4.3018557355916
3.9472000598907	-4.3077692280694
3.9519000053406	-4.3099077285911
3.9565999507904	-4.3087373914534
3.9612998962402	-4.3047361643364
3.9660000801086	-4.2983823211190
3.9707000255585	-4.2901416098001
3.9753999710083	-4.2804622990543
3.9800999164581	-4.2697818807442
3.9848001003265	-4.2585234216068
3.9895000457764	-4.2471100598881
3.9941999912262	-4.2359581139342
3.9988999366760	-4.2254817731583
4.0036001205444	-4.2160816466548
4.0082998275757	-4.2081468352967
4.0130000114441	-4.2020363628567
4.0177001953125	-4.1980844312627
4.0223999023438	-4.1965938266485
4.0271000862122	-4.1978451491639
4.0317997932434	-4.2021050800290
4.0364999771118	-4.2096396298996
4.0412001609802	-4.2207300925115
4.0458998680115	-4.2356823937152
4.0506000518799	-4.2548392631519
4.0553002357483	-4.2785822998896
4.0599999427795	-4.3073326374073
4.0647001266479	-4.3415481797047
4.0693998336792	-4.3817176960527
4.0741000175476	-4.4283625853847
4.0788002014160	-4.4820354509898
4.0834999084473	-4.5433318666167
4.0882000923157	-4.6128957620742
4.0928997993469	-4.6914403273362
4.0975999832153	-4.7797587749589
4.1023001670837	-4.8787360912589
4.1069998741150	-4.9893496990558
4.1117000579834	-5.1126630351256
4.1163997650146	-5.2498010037003
4.1210999488831	-5.4019128663684
4.1258001327515	-5.5701227073553
4.1304998397827	-5.7554516462893
4.1352000236511	-5.9587437941595
4.1399002075195	-6.1805631480075
4.1445999145508	-6.4210882158876
4.1493000984192	-6.6799929696552
4.1539998054504	-6.9563223426312
4.1586999893188	-7.2483707786697
4.1634001731873	-7.5535727519760
4.1680998802185	-7.8684206491098
4.1728000640869	-8.1884371296318
4.1774997711182	-8.5082154652371
4.1821999549866	-8.8215723120465
4.1869001388550	-9.1218150073594
4.1915998458862	-9.4021224697838
4.1963000297546	-9.6560169378668
4.2010002136230	-9.8778438265855
4.2056999206543	-10.063197245065
4.2104001045227	-10.209191553886
4.2150998115540	-10.314526202794
4.2197999954224	-10.379375178824
4.2245001792908	-10.405113397353
4.2291998863220	-10.394001894874
4.2339000701904	-10.348879960493
4.2385997772217	-10.272932024411
4.2432999610901	-10.169527068861
4.2480001449585	-10.042131374707
4.2526998519897	-9.8942408202027
4.2574000358582	-9.7293278860569
4.2621002197266	-9.5507763224027
4.2667999267578	-9.3617999586408
4.2715001106262	-9.1653659823133
4.2761998176575	-8.9641296061889
4.2809000015259	-8.7603913596551
4.2856001853943	-8.5560872886978
4.2902998924255	-8.3528029993759
4.2950000762939	-8.1518162741488
4.2996997833252	-7.9541422191840
4.3043999671936	-7.7605796036846
4.3091001510620	-7.5717515762946
4.3137998580933	-7.3881315045816
4.3185000419617	-7.2100574396629
4.3232002258301	-7.0377391581127
4.3278999328613	-6.8712619292994
4.3326001167297	-6.7105882803555
4.3372998237610	-6.5555755464535
4.3420000076294	-6.4059926098888
4.3467001914978	-6.2615499822686
4.3513998985291	-6.1219306099705
4.3561000823975	-5.9868205659388
4.3607997894287	-5.8559326720467
4.3654999732971	-5.7290227433451
4.3702001571655	-5.6058869413773
4.3748998641968	-5.4863646243746
4.3796000480652	-5.3703155631970
4.3843002319336	-5.2576116552422
4.3889999389648	-5.1481213497336
4.3937001228333	-5.0417038890183
4.3983998298645	-4.9382146862349
4.4031000137329	-4.8375105321438
4.4078001976013	-4.7394621708561
4.4124999046326	-4.6439704335312
4.4172000885010	-4.5509732364831
4.4218997955322	-4.4604451753986
4.4265999794006	-4.3723998276048
4.4313001632690	-4.2868692276138
4.4359998703003	-4.2038973538512
4.4407000541687	-4.1235188946351
4.4454002380371	-4.0457500296904
4.4500999450684	-3.9705849802830
4.4548001289368	-3.8979983924859
4.4594998359680	-3.8279499280994
4.4642000198364	-3.7604039673587
4.4689002037048	-3.6953347959922
4.4735999107361	-3.6327422004715
4.4783000946045	-3.5726484535388
4.4829998016357	-3.5151049124096
4.4876999855042	-3.4601744163387
4.4924001693726	-3.4079275398886
4.4970998764038	-3.3584258543127
4.5018000602722	-3.3117191879404
4.5064997673035	-3.2678420139950
4.5111999511719	-3.2268136734162
4.5159001350403	-3.1886538767921
4.5205998420715	-3.1533893013890
4.5253000259399	-3.1210733707745
4.5300002098083	-3.0917840849997
4.5346999168396	-3.0656390474987
4.5394001007080	-3.0427839635855
4.5440998077393	-3.0233850470057
4.5487999916077	-3.0076130309837
4.5535001754761	-2.9956339939995
4.5581998825073	-2.9875921895165
4.5629000663757	-2.9836003149125
4.5675997734070	-2.9837386924744
4.5722999572754	-2.9880603079463
4.5770001411438	-2.9965898238580
4.5816998481750	-3.0093360920368
4.5864000320435	-3.0262928811802
4.5911002159119	-3.0474385651840
4.5957999229431	-3.0727335908031
4.6005001068115	-3.1021078775680
4.6051998138428	-3.1354462708428
4.6098999977112	-3.1725828942253
4.6146001815796	-3.2132839476711
4.6192998886108	-3.2572520621103
4.6240000724792	-3.3041237535924
4.6286997795105	-3.3534864468960
4.6333999633789	-3.4048868653192
4.6381001472473	-3.4578512313821
4.6427998542786	-3.5118855910463
4.6475000381470	-3.5664865858750
4.6522002220154	-3.6211334397003
4.6568999290466	-3.6752695642951
4.6616001129150	-3.7282922272777
4.6662998199463	-3.7795399219642
4.6710000038147	-3.8282800835271
4.6757001876831	-3.8737322162622
4.6803998947144	-3.9150826592022
4.6851000785828	-3.9515298152004
4.6897997856140	-3.9823293156217
4.6944999694824	-4.0068488208648
4.6992001533508	-4.0246060265089
4.7038998603821	-4.0352966685542
4.7086000442505	-4.0388104096049
4.7133002281189	-4.0352205860945
4.7179999351501	-4.0247629119586
4.7227001190186	-4.0078166043226
4.7273998260498	-3.9848755042365
4.7321000099182	-3.9565247106936
4.7368001937866	-3.9234255775775
4.7414999008179	-3.8863080257409
4.7462000846863	-3.8459455130027
4.7508997917175	-3.8031540409472
4.7555999755859	-3.7587603173040
4.7603001594543	-3.7135769719417
4.7649998664856	-3.6683694434947
4.7697000503540	-3.6238302785615
4.7744002342224	-3.5805467644602
4.7790999412537	-3.5389892159832
4.7838001251221	-3.4995143640904
4.7884998321533	-3.4623657736385
4.7932000160217	-3.4277020653606
4.7979001998901	-3.3956241922074
4.8025999069214	-3.3661960561391
4.8073000907898	-3.3394757213918
4.8119997978210	-3.3155143082919
4.8166999816895	-3.2943706519191
4.8214001655579	-3.2760940151408
4.8260998725891	-3.2607108932491
4.8308000564575	-3.2482121267807
4.8354997634888	-3.2385430231092
4.8401999473572	-3.2315974690439
4.8449001312256	-3.2272334892399
4.8495998382568	-3.2252841818157
4.8543000221252	-3.2255851012560
4.8590002059937	-3.2279940105980
4.8636999130249	-3.2324092151930
4.8684000968933	-3.2387796171625
4.8730998039246	-3.2470919936645
4.8777999877930	-3.2573641411644
4.8825001716614	-3.2696203024471
4.8871998786926	-3.2838683941268
4.8919000625610	-3.3000836722469
4.8965997695923	-3.3182045028468
4.9012999534607	-3.3381343483009
4.9060001373291	-3.3597571185323
4.9106998443604	-3.3829662523655
4.9154000282288	-3.4076850196141
4.9201002120972	-3.4338812367388
4.9247999191284	-3.4615772496171
4.9295001029968	-3.4908399189112
4.9341998100281	-3.5217632849744
4.9388999938965	-3.5544407671294
4.9436001777649	-3.5889426584251
4.9482998847961	-3.6252893031633
4.9530000686646	-3.6634493020300
4.9576997756958	-3.7033411181069
4.9623999595642	-3.7448597199908
4.9671001434326	-3.7878930251642
4.9717998504639	-3.8323596118407
4.9765000343323	-3.8782242412540
4.9812002182007	-3.9255035980248
4.9858999252319	-3.9742639164683
4.9906001091003	-4.0245865647273
4.9952998161316	-4.0765524146666
5.0000000000000	-4.1301985448025
#Parameters = {R_fat=48; R_glandular=38; R_skin_outer=50; T10=5; T15=7.5; T5=2.5; T_rad=4; T_x=10; T_y=0; T_z=75; Zc=65; skin_thickness=2; Mesh Pass=2}
#"Frequency / GHz"	"S1,1 (Mesh Pass=2) [Magnitude / dB]"
#-------------------------------------------------------
0.30000001192093	-8.7091663878783
0.30469998717308	-8.3885353005309
0.30939999222755	-8.1731608112669
0.31409999728203	-8.1197975383913
0.31880000233650	-8.2490327820111
0.32350000739098	-8.5485261595591
0.32820001244545	-8.9686865281962
0.33289998769760	-9.4108753494347
0.33759999275208	-9.7271599308412
0.34229999780655	-9.7725141613584
0.34700000286102	-9.5094724849287
0.35170000791550	-9.0528953846294
0.35640001296997	-8.5886037264893
0.36109998822212	-8.2755634858502
0.36579999327660	-8.2183924042222
0.37049999833107	-8.4889141995148
0.37520000338554	-9.1620601270222
0.37990000844002	-10.361350647717
0.38460001349449	-12.343738951456
0.38929998874664	-15.763129713361
0.39399999380112	-23.255927773308
0.39869999885559	-28.197658275116
0.40340000391006	-16.222272274657
0.40810000896454	-11.328439907719
0.41280001401901	-8.3912566573349
0.41749998927116	-6.4928238279107
0.42219999432564	-5.2805044056441
0.42689999938011	-4.5631612485216
0.43160000443459	-4.2157296245672
0.43630000948906	-4.1492613819197
0.44100001454353	-4.2969256125215
0.44569998979568	-4.6026425280141
0.45039999485016	-5.0091634955963
0.45509999990463	-5.4470453593194
0.45980000495911	-5.8315943557098
0.46450001001358	-6.0790891015782
0.46919998526573	-6.1429454351570
0.47389999032021	-6.0415698074267
0.47859999537468	-5.8459077672070
0.48330000042915	-5.6385085738697
0.48800000548363	-5.4812729610755
0.49270001053810	-5.4058079621535
0.49739998579025	-5.4170079868319
0.50209999084473	-5.4992385388590
0.50679999589920	-5.6215698015118
0.51150000095367	-5.7436446188535
0.51620000600815	-5.8251108318449
0.52090001106262	-5.8384347090398
0.52560001611710	-5.7792688936148
0.53030002117157	-5.6668982971115
0.53500002622604	-5.5341303941446
0.53969997167587	-5.4138804818172
0.54439997673035	-5.3296128687467
0.54909998178482	-5.2915119993452
0.55379998683929	-5.2965660982883
0.55849999189377	-5.3307061092727
0.56319999694824	-5.3725317849504
0.56790000200272	-5.3988730097308
0.57260000705719	-5.3916813217026
0.57730001211166	-5.3439393123330
0.58200001716614	-5.2615684379075
0.58670002222061	-5.1602370511887
0.59140002727509	-5.0590828162024
0.59609997272491	-4.9745591923610
0.60079997777939	-4.9164608919120
0.60549998283386	-4.8863880456991
0.61019998788834	-4.8781565070690
0.61489999294281	-4.8797497237434
0.61959999799728	-4.8766437695487
0.62430000305176	-4.8560324845477
0.62900000810623	-4.8107738373333
0.63370001316071	-4.7414566023723
0.63840001821518	-4.6556766780361
0.64310002326965	-4.5649871875133
0.64780002832413	-4.4810417519140
0.65249997377396	-4.4123494408997
0.65719997882843	-4.3623638813046
0.66189998388290	-4.3290069377377
0.66659998893738	-4.3054999755941
0.67129999399185	-4.2823428722738
0.67599999904633	-4.2501005069774
0.68070000410080	-4.2022468740840
0.68540000915527	-4.1371088167565
0.69010001420975	-4.0581447603077
0.69480001926422	-3.9725162314623
0.69950002431870	-3.8886602425601
0.70420002937317	-3.8137764301028
0.70889997482300	-3.7519564651373
0.71359997987747	-3.7032767931725
0.71829998493195	-3.6639630557883
0.72299998998642	-3.6275372814880
0.72769999504089	-3.5867460407221
0.73240000009537	-3.5357527798252
0.73710000514984	-3.4719165881425
0.74180001020432	-3.3964992735122
0.74650001525879	-3.3140938722900
0.75120002031326	-3.2310592523961
0.75590002536774	-3.1535526671669
0.76059997081757	-3.0858125849167
0.76529997587204	-3.0290517196320
0.76999998092651	-2.9812466081389
0.77469998598099	-2.9377842079282
0.77939999103546	-2.8928861448033
0.78409999608994	-2.8413904759925
0.78880000114441	-2.7803698194677
0.79350000619888	-2.7100157640269
0.79820001125336	-2.6334968476797
0.80290001630783	-2.5558770240974
0.80760002136230	-2.4825083448319
0.81230002641678	-2.4174513138552
0.81699997186661	-2.3623205085833
0.82169997692108	-2.3158837971030
0.82639998197556	-2.2744909749137
0.83109998703003	-2.2332491544912
0.83579999208450	-2.1876102627606
0.84049999713898	-2.1348721637956
0.84520000219345	-2.0750884297673
0.84990000724792	-2.0110599571451
0.85460001230240	-1.9474050973778
0.85930001735687	-1.8891066327186
0.86400002241135	-1.8399640367904
0.86870002746582	-1.8014545036719
0.87339997291565	-1.7723066141371
0.87809997797012	-1.7489405950067
0.88279998302460	-1.7266669367664
0.88749998807907	-1.7012966149016
0.89219999313354	-1.6706598684157
0.89689999818802	-1.6354585445601
0.90160000324249	-1.5991685638951
0.90630000829697	-1.5670115795366
0.91100001335144	-1.5443351728099
0.91570001840591	-1.5349770921250
0.92040002346039	-1.5401032296676
0.92510002851486	-1.5578964665659
0.92979997396469	-1.5842299264985
0.93449997901917	-1.6141986378243
0.93919998407364	-1.6440302805904
0.94389998912811	-1.6727998650514
0.94859999418259	-1.7032729295619
0.95329999923706	-1.7415557849587
0.95800000429153	-1.7956451435205
0.96270000934601	-1.8733704128161
0.96740001440048	-1.9804316541082
0.97210001945496	-2.1191765578189
0.97680002450943	-2.2885447778523
0.98150002956390	-2.4853297382681
0.98619997501373	-2.7065636329647
0.99089998006821	-2.9524670752569
0.99559998512268	-3.2291183620490
1.0003000497818	-3.5499727404713
1.0049999952316	-3.9357562256166
1.0096999406815	-4.4129563953433
1.0144000053406	-5.0118344384608
1.0190999507904	-5.7650494579656
1.0238000154495	-6.7076239687941
1.0284999608994	-7.8777738979903
1.0332000255585	-9.3152392800640
1.0378999710083	-11.043347257838
1.0426000356674	-12.983813953070
1.0472999811172	-14.677534692107
1.0520000457764	-15.054810326674
1.0566999912262	-13.727294914286
1.0614000558853	-11.718033386295
1.0661000013351	-9.7923847868923
1.0707999467850	-8.1541107462434
1.0755000114441	-6.8096679399004
1.0801999568939	-5.7235944262580
1.0849000215530	-4.8562631446090
1.0895999670029	-4.1699499595969
1.0943000316620	-3.6285822539327
1.0989999771118	-3.1976992338656
1.1037000417709	-2.8458392547660
1.1083999872208	-2.5469359932825
1.1131000518799	-2.2825077222854
1.1177999973297	-2.0425595250459
1.1224999427795	-1.8246246307518
1.1272000074387	-1.6312197594342
1.1318999528885	-1.4665807273258
1.1366000175476	-1.3336847477244
1.1412999629974	-1.2322903479035
1.1460000276566	-1.1583157563536
1.1506999731064	-1.1045282310903
1.1554000377655	-1.0622059880740
1.1600999832153	-1.0232353315090
1.1648000478745	-0.98202265864128
1.1694999933243	-0.93661672720589
1.1742000579834	-0.88868278579954
1.1789000034332	-0.84242662292205
1.1835999488831	-0.80283553426532
1.1883000135422	-0.77390160452757
1.1929999589920	-0.75735646403530
1.1977000236511	-0.75217878435488
1.2023999691010	-0.75498588084883
1.2071000337601	-0.76108899203537
1.2117999792099	-0.76586241799265
1.2165000438690	-0.76608003295788
1.2211999893188	-0.76073407778927
1.2259000539780	-0.75116157883083
1.2305999994278	-0.74042362587004
1.2352999448776	-0.73220797348453
1.2400000095367	-0.72962426474295
1.2446999549866	-0.73426176787324
1.2494000196457	-0.74580782509097
1.2540999650955	-0.76222502870854
1.2588000297546	-0.78043790677671
1.2634999752045	-0.79728408908589
1.2682000398636	-0.81045025490272
1.2728999853134	-0.81912979597739
1.2776000499725	-0.82416276457636
1.2822999954224	-0.82769092195004
1.2869999408722	-0.83241269176863
1.2917000055313	-0.84072489607706
1.2963999509811	-0.85401106870483
1.3011000156403	-0.87229886332398
1.3057999610901	-0.89431732881308
1.3105000257492	-0.91793981705513
1.3151999711990	-0.94086430186648
1.3199000358582	-0.96129540793016
1.3245999813080	-0.97847383936022
1.3293000459671	-0.99285483467607
1.3339999914169	-1.0059174725767
1.3387000560760	-1.0196624213144
1.3434000015259	-1.0359950189983
1.3480999469757	-1.0561632186086
1.3528000116348	-1.0804339038986
1.3574999570847	-1.1080750917134
1.3622000217438	-1.1376210114352
1.3668999671936	-1.1673518585302
1.3716000318527	-1.1958103371153
1.3762999773026	-1.2222423850081
1.3810000419617	-1.2467982965787
1.3856999874115	-1.2704650897298
1.3904000520706	-1.2947430969078
1.3950999975204	-1.3211924776983
1.3997999429703	-1.3509871670187
1.4045000076294	-1.3846014353152
1.4091999530792	-1.4217285613033
1.4139000177383	-1.4614115326314
1.4185999631882	-1.5023666638462
1.4233000278473	-1.5433832711249
1.4279999732971	-1.5836902434121
1.4327000379562	-1.6231931339728
1.4373999834061	-1.6624948416702
1.4421000480652	-1.7027171073901
1.4467999935150	-1.7451790298514
1.4515000581741	-1.7910275768238
1.4562000036240	-1.8409442043791
1.4608999490738	-1.8949894729010
1.4656000137329	-1.9526355862075
1.4702999591827	-2.0129559001752
1.4750000238419	-2.0749247765916
1.4796999692917	-2.1377439288268
1.4844000339508	-2.2010961109567
1.4890999794006	-2.2652576570659
1.4938000440598	-2.3310338484580
1.4984999895096	-2.3995550862488
1.5032000541687	-2.4719739704090
1.5078999996185	-2.5491757183314
1.5125999450684	-2.6315676319858
1.5173000097275	-2.7189984556625
1.5219999551773	-2.8108529231933
1.5267000198364	-2.9062522424445
1.5313999652863	-3.0043452266516
1.5361000299454	-3.1045894198042
1.5407999753952	-3.2069429927442
1.5455000400543	-3.3119235011955
1.5501999855042	-3.4204948306293
1.5549000501633	-3.5338371867065
1.5595999956131	-3.6530487228319
1.5642999410629	-3.7788717231944
1.5690000057220	-3.9115162675898
1.5736999511719	-4.0506316792972
1.5784000158310	-4.1954299688979
1.5830999612808	-4.3449397959405
1.5878000259399	-4.4983266892196
1.5924999713898	-4.6551813094941
1.5972000360489	-4.8157005704610
1.6018999814987	-4.9806927104500
1.6066000461578	-5.1513991900454
1.6112999916077	-5.3291975072283
1.6160000562668	-5.5152367973022
1.6207000017166	-5.7101468322430
1.6253999471664	-5.9138630549183
1.6301000118256	-6.1256658843086
1.6347999572754	-6.3443971059291
1.6395000219345	-6.5688349500214
1.6441999673843	-6.7981081029254
1.6489000320435	-7.0320381019073
1.6535999774933	-7.2712937467650
1.6583000421524	-7.5172888050397
1.6629999876022	-7.7718564513529
1.6677000522614	-8.0367832628233
1.6723999977112	-8.3133272305492
1.6770999431610	-8.6018806015750
1.6818000078201	-8.9018705261983
1.6864999532700	-9.2119410215116
1.6912000179291	-9.5304095468219
1.6958999633789	-9.8558807177368
1.7006000280380	-10.187817378952
1.7052999734879	-10.526922411673
1.7100000381470	-10.875141473815
1.7146999835968	-11.235297721968
1.7194000482559	-11.610429127018
1.7240999937057	-12.003043184773
1.7288000583649	-12.414463776238
1.7335000038147	-12.844525737843
1.7381999492645	-13.291707916897
1.7429000139236	-13.753742812309
1.7475999593735	-14.228554737383
1.7523000240326	-14.715344246225
1.7569999694824	-15.215383741552
1.7617000341415	-15.732271778001
1.7663999795914	-16.271466072979
1.7711000442505	-16.839187986666
1.7757999897003	-17.441003725031
1.7805000543594	-18.080364454607
1.7851999998093	-18.757601039611
1.7898999452591	-19.469581274637
1.7946000099182	-20.210287460782
1.7992999553680	-20.972329660774
1.8040000200272	-21.748971364397
1.8086999654770	-22.535656867508
1.8134000301361	-23.329746801196
1.8180999755859	-24.126981595112
1.8228000402451	-24.914275205990
1.8274999856949	-25.659808731319
1.8322000503540	-26.304924938066
1.8368999958038	-26.768228801939
1.8415999412537	-26.972860154739
1.8463000059128	-26.889105157037
1.8509999513626	-26.555142378773
1.8557000160217	-26.052792880437
1.8603999614716	-25.464805335772
1.8651000261307	-24.849207749546
1.8697999715805	-24.236332912596
1.8745000362396	-23.636949030821
1.8791999816895	-23.052200645786
1.8839000463486	-22.481127142207
1.8885999917984	-21.924867553100
1.8933000564575	-21.387725339010
1.8980000019073	-20.875955604522
1.9026999473572	-20.395705178795
1.9074000120163	-19.951094565318
1.9120999574661	-19.543078733871
1.9168000221252	-19.169298124123
1.9214999675751	-18.824751422394
1.9262000322342	-18.503069843696
1.9308999776840	-18.198055302515
1.9356000423431	-17.905021395343
1.9402999877930	-17.621659977472
1.9450000524521	-17.348142903096
1.9496999979019	-17.086498287634
1.9543999433517	-16.839523190177
1.9591000080109	-16.609624142859
1.9637999534607	-16.397914593803
1.9685000181198	-16.203783799939
1.9731999635696	-16.024991974729
1.9779000282288	-15.858232443636
1.9825999736786	-15.699971996666
1.9873000383377	-15.547327165553
1.9919999837875	-15.398744803555
1.9967000484467	-15.254256835743
2.0013999938965	-15.115260648266
2.0060999393463	-14.983919760058
2.0107998847961	-14.862396828099
2.0155000686646	-14.752138662368
2.0202000141144	-14.653429331801
2.0248999595642	-14.565295053321
2.0295999050140	-14.485769440761
2.0343000888824	-14.412430525776
2.0390000343323	-14.343064630374
2.0436999797821	-14.276252880048
2.0483999252319	-14.211717756233
2.0531001091003	-14.150325919877
2.0578000545502	-14.093759012989
2.0625000000000	-14.043961611135
2.0671999454498	-14.002545874216
2.0718998908997	-13.970320419025
2.0766000747681	-13.947062618007
2.0813000202179	-13.931579734192
2.0859999656677	-13.922048588159
2.0906999111176	-13.916519441732
2.0954000949860	-13.913463517007
2.1001000404358	-13.912189681155
2.1047999858856	-13.913018717806
2.1094999313354	-13.917164991417
2.1142001152039	-13.926350827473
2.1189000606537	-13.942306056430
2.1236000061035	-13.966259638558
2.1282999515533	-13.998592205647
2.1329998970032	-14.038722691686
2.1377000808716	-14.085253695987
2.1424000263214	-14.136337449391
2.1470999717712	-14.190175514922
2.1517999172211	-14.245499239736
2.1565001010895	-14.301905336611
2.1612000465393	-14.359944160713
2.1658999919891	-14.420922960323
2.1705999374390	-14.486492053619
2.1752998828888	-14.558157864908
2.1800000667572	-14.636791353025
2.1847000122070	-14.722357530760
2.1893999576569	-14.813842105477
2.1940999031067	-14.909452274522
2.1988000869751	-15.007027284900
2.2035000324249	-15.104557941831
2.2081999778748	-15.200649431656
2.2128999233246	-15.294836056650
2.2176001071930	-15.387614072431
2.2223000526428	-15.480194034899
2.2269999980927	-15.574057752843
2.2316999435425	-15.670410192549
2.2363998889923	-15.769733018629
2.2411000728607	-15.871502537628
2.2458000183105	-15.974160419010
2.2504999637604	-16.075399310459
2.2551999092102	-16.172602107950
2.2599000930786	-16.263422688862
2.2646000385284	-16.346295402829
2.2692999839783	-16.420731636266
2.2739999294281	-16.487347107117
2.2787001132965	-16.547540134175
2.2834000587463	-16.603027749139
2.2881000041962	-16.655264775385
2.2927999496460	-16.704962704637
2.2974998950958	-16.751822981614
2.3022000789642	-16.794572859703
2.3069000244141	-16.831236487923
2.3115999698639	-16.859656931509
2.3162999153137	-16.878091617402
2.3210000991821	-16.885704806362
2.3257000446320	-16.882860541330
2.3303999900818	-16.871054470577
2.3350999355316	-16.852591392405
2.3397998809814	-16.830025974000
2.3445000648499	-16.805566886965
2.3492000102997	-16.780592399584
2.3538999557495	-16.755413148701
2.3585999011993	-16.729305657671
2.3633000850677	-16.700855942959
2.3680000305176	-16.668482194952
2.3726999759674	-16.630985015001
2.3773999214172	-16.588035127423
2.3821001052856	-16.540386918686
2.3868000507355	-16.489782978376
2.3914999961853	-16.438575317955
2.3961999416351	-16.389175660160
2.4008998870850	-16.343499008956
2.4056000709534	-16.302562920651
2.4103000164032	-16.266302251848
2.4149999618530	-16.233705435734
2.4196999073029	-16.203185886632
2.4244000911713	-16.173091676423
2.4291000366211	-16.142284489293
2.4337999820709	-16.110486565473
2.4384999275208	-16.078442777948
2.4432001113892	-16.047741866206
2.4479000568390	-16.020433494121
2.4526000022888	-15.998453655955
2.4572999477386	-15.983170554694
2.4619998931885	-15.975031699447
2.4667000770569	-15.973510741684
2.4714000225067	-15.977283578950
2.4760999679565	-15.984643583982
2.4807999134064	-15.994034331654
2.4855000972748	-16.004500422633
2.4902000427246	-16.016007212026
2.4948999881744	-16.029470197847
2.4995999336243	-16.046503038639
2.5043001174927	-16.068989365680
2.5090000629425	-16.098568717643
2.5137000083923	-16.136199424406
2.5183999538422	-16.181922456958
2.5230998992920	-16.234880439679
2.5278000831604	-16.293583229891
2.5325000286102	-16.356345670745
2.5371999740601	-16.421806633477
2.5418999195099	-16.489330873998
2.5466001033783	-16.559236308457
2.5513000488281	-16.632724570489
2.5559999942780	-16.711574213216
2.5606999397278	-16.797642051939
2.5653998851776	-16.892379489308
2.5701000690460	-16.996437671449
2.5748000144958	-17.109507521034
2.5794999599457	-17.230416334063
2.5841999053955	-17.357461382755
2.5889000892639	-17.488892667684
2.5936000347137	-17.623437899384
2.5982999801636	-17.760686207939
2.6029999256134	-17.901228227100
2.6077001094818	-18.046522255971
2.6124000549316	-18.198478644806
2.6171000003815	-18.358931022150
2.6217999458313	-18.529101446266
2.6264998912811	-18.709230903107
2.6312000751495	-18.898436535845
2.6359000205994	-19.094878579157
2.6405999660492	-19.296141512762
2.6452999114990	-19.499792799939
2.6500000953674	-19.703928657226
2.6547000408173	-19.907570012662
2.6593999862671	-20.110763461723
2.6640999317169	-20.314356797985
2.6688001155853	-20.519500934346
2.6735000610352	-20.727012902187
2.6782000064850	-20.936770559291
2.6828999519348	-21.147298934982
2.6875998973846	-21.355623031631
2.6923000812531	-21.557481203931
2.6970000267029	-21.747795383945
2.7016999721527	-21.921363910764
2.7063999176025	-22.073572201073
2.7111001014709	-22.200970312103
2.7158000469208	-22.301538786922
2.7204999923706	-22.374590491975
2.7251999378204	-22.420432559544
2.7298998832703	-22.439779179420
2.7346000671387	-22.433244101700
2.7393000125885	-22.400941397445
2.7439999580383	-22.342382536384
2.7486999034882	-22.256635852053
2.7534000873566	-22.142703468412
2.7581000328064	-22.000092377925
2.7627999782562	-21.829383524576
2.7674999237061	-21.632569160800
2.7722001075745	-21.413127012178
2.7769000530243	-21.175683767768
2.7815999984741	-20.925447651306
2.7862999439240	-20.667420532479
2.7909998893738	-20.405755878388
2.7957000732422	-20.143263861836
2.8004000186920	-19.881245058468
2.8050999641418	-19.619700599126
2.8097999095917	-19.357775039118
2.8145000934601	-19.094410796771
2.8192000389099	-18.828973591238
2.8238999843597	-18.561689845070
2.8285999298096	-18.293802387090
2.8333001136780	-18.027382030307
2.8380000591278	-17.764843725506
2.8427000045776	-17.508411854787
2.8473999500275	-17.259577787963
2.8520998954773	-17.018806035829
2.8568000793457	-16.785496636383
2.8615000247955	-16.558232481864
2.8661999702454	-16.335227685535
2.8708999156952	-16.114882476605
2.8756000995636	-15.896236935138
2.8803000450134	-15.679226964636
2.8849999904633	-15.464678950314
2.8896999359131	-15.254007715340
2.8943998813629	-15.048762040958
2.8991000652313	-14.850151821415
2.9038000106812	-14.658692570467
2.9084999561310	-14.474054563754
2.9131999015808	-14.295157541681
2.9179000854492	-14.120506608453
2.9226000308990	-13.948608984414
2.9272999763489	-13.778399392088
2.9319999217987	-13.609530964904
2.9367001056671	-13.442431362978
2.9414000511169	-13.278119070710
2.9460999965668	-13.117864404712
2.9507999420166	-12.962767884993
2.9554998874664	-12.813425221072
2.9602000713348	-12.669730595552
2.9649000167847	-12.530922682098
2.9695999622345	-12.395793962692
2.9742999076843	-12.263069735157
2.9790000915527	-12.131758743341
2.9837000370026	-12.001444795272
2.9883999824524	-11.872377331213
2.9930999279022	-11.745368666553
2.9978001117706	-11.621503501920
3.0025000572205	-11.501789927159
3.0072000026703	-11.386841379493
3.0118999481201	-11.276686101658
3.0165998935699	-11.170751464650
3.0213000774384	-11.068053020379
3.0260000228882	-10.967475686634
3.0306999683380	-10.868119088338
3.0353999137878	-10.769554263639
3.0401000976562	-10.671936209291
3.0448000431061	-10.575939072153
3.0494999885559	-10.482511568281
3.0541999340057	-10.392579499246
3.0589001178741	-10.306743766808
3.0636000633240	-10.225092939456
3.0683000087738	-10.147178081567
3.0729999542236	-10.072152038466
3.0776998996735	-9.9990171436198
3.0824000835419	-9.9269446581477
3.0871000289917	-9.8555084196342
3.0917999744415	-9.7848144984563
3.0964999198914	-9.7154353071834
3.1012001037598	-9.6482317371075
3.1059000492096	-9.5840562933226
3.1105999946594	-9.5234827093445
3.1152999401093	-9.4666298900760
3.1199998855591	-9.4131139552257
3.1247000694275	-9.3621737634530
3.1294000148773	-9.3128986857331
3.1340999603271	-9.2645065481424
3.1387999057770	-9.2165845754928
3.1435000896454	-9.1692073971063
3.1482000350952	-9.1228913696746
3.1528999805450	-9.0784306925727
3.1575999259949	-9.0366290873404
3.1623001098633	-8.9980378415996
3.1670000553131	-8.9627820603328
3.1717000007629	-8.9305101004977
3.1763999462128	-8.9005020671757
3.1810998916626	-8.8718895772215
3.1858000755310	-8.8439183921910
3.1905000209808	-8.8161755632910
3.1951999664307	-8.7887074189593
3.1998999118805	-8.7619961289149
3.2046000957489	-8.7367867342396
3.2093000411987	-8.7138355220120
3.2139999866486	-8.6936620514437
3.2186999320984	-8.6763697925272
3.2234001159668	-8.6615971434882
3.2281000614166	-8.6486243685577
3.2328000068665	-8.6365802687595
3.2374999523163	-8.6246967410247
3.2421998977661	-8.6125419574112
3.2469000816345	-8.6001295474533
3.2516000270844	-8.5878932206946
3.2562999725342	-8.5765175358651
3.2609999179840	-8.5666889521492
3.2657001018524	-8.5588458280094
3.2704000473022	-8.5530058896472
3.2750999927521	-8.5487195002518
3.2797999382019	-8.5451796192612
3.2844998836517	-8.5414324897272
3.2892000675201	-8.5366400882019
3.2939000129700	-8.5303081622472
3.2985999584198	-8.5223802265548
3.3032999038696	-8.5132143767379
3.3080000877380	-8.5034018920108
3.3127000331879	-8.4934927880524
3.3173999786377	-8.4837684922819
3.3220999240875	-8.4740532581232
3.3268001079559	-8.4637074129313
3.3315000534058	-8.4517360285940
3.3361999988556	-8.4370383689714
3.3408999443054	-8.4186701506145
3.3455998897552	-8.3960719513923
3.3503000736237	-8.3691509688019
3.3550000190735	-8.3382290673210
3.3596999645233	-8.3038323110114
3.3643999099731	-8.2664220698188
3.3691000938416	-8.2261563358154
3.3738000392914	-8.1827485368291
3.3784999847412	-8.1354835830267
3.3831999301910	-8.0833850417466
3.3879001140594	-8.0254739698485
3.3926000595093	-7.9610478643085
3.3973000049591	-7.8898699687482
3.4019999504089	-7.8122179997899
3.4066998958588	-7.7287762970530
3.4114000797272	-7.6404004871911
3.4161000251770	-7.5478615116728
3.4207999706268	-7.4516234224355
3.4254999160767	-7.3517607436816
3.4302000999451	-7.2480178952041
3.4349000453949	-7.1399892765584
3.4395999908447	-7.0273735162216
3.4442999362946	-6.9101851934461
3.4489998817444	-6.7888876845646
3.4537000656128	-6.6643592894439
3.4584000110626	-6.5377635424574
3.4630999565125	-6.4103042890580
3.4677999019623	-6.2830116636029
3.4725000858307	-6.1565701137239
3.4772000312805	-6.0312793625286
3.4818999767303	-5.9071325170110
3.4865999221802	-5.7839862206722
3.4913001060486	-5.6617541795198
3.4960000514984	-5.5405846040561
3.5006999969482	-5.4209290386234
3.5053999423981	-5.3035181973373
3.5100998878479	-5.1892305683936
3.5148000717163	-5.0789126243965
3.5195000171661	-4.9732018633080
3.5241999626160	-4.8724143702433
3.5288999080658	-4.7765213685448
3.5336000919342	-4.6852293859613
3.5383000373840	-4.5981096515428
3.5429999828339	-4.5147800435104
3.5476999282837	-4.4350411604121
3.5524001121521	-4.3589474818358
3.5571000576019	-4.2867926466105
3.5618000030518	-4.2190066198603
3.5664999485016	-4.1560178819959
3.5711998939514	-4.0981088625089
3.5759000778198	-4.0453030176294
3.5806000232697	-3.9973561024235
3.5852999687195	-3.9537977611492
3.5899999141693	-3.9140582545232
3.5947000980377	-3.8776088541514
3.5994000434875	-3.8440881525497
3.6040999889374	-3.8133790799649
3.6087999343872	-3.7856064690159
3.6135001182556	-3.7610521806946
3.6182000637054	-3.7400364987352
3.6229000091553	-3.7227778229153
3.6275999546051	-3.7092908962408
3.6322999000549	-3.6993512795111
3.6370000839233	-3.6925311119387
3.6417000293732	-3.6882948225106
3.6463999748230	-3.6861364840001
3.6510999202728	-3.6857028856001
3.6558001041412	-3.6868697848298
3.6605000495911	-3.6897559306858
3.6651999950409	-3.6946551611813
3.6698999404907	-3.7019196354521
3.6745998859406	-3.7118288336845
3.6793000698090	-3.7244796573011
3.6840000152588	-3.7397354923391
3.6886999607086	-3.7572507291091
3.6933999061584	-3.7765562371556
3.6981000900269	-3.7971852728550
3.7028000354767	-3.8188099164356
3.7074999809265	-3.8413204062862
3.7121999263763	-3.8648498967331
3.7169001102448	-3.8897238537182
3.7216000556946	-3.9163453338681
3.7263000011444	-3.9450613317736
3.7309999465942	-3.9760419882226
3.7356998920441	-4.0092266619833
3.7404000759125	-4.0443228944963
3.7451000213623	-4.0808964902064
3.7497999668121	-4.1184953409215
3.7544999122620	-4.1567838159894
3.7592000961304	-4.1956512523086
3.7639000415802	-4.2352379115422
3.7685999870300	-4.2758902848175
3.7732999324799	-4.3180602606963
3.7780001163483	-4.3621483479291
3.7827000617981	-4.4083879945795
3.7874000072479	-4.4567568199129
3.7920999526978	-4.5069836335958
3.7967998981476	-4.5586227066515
3.8015000820160	-4.6111945447354
3.8062000274658	-4.6643219073700
3.8108999729156	-4.7178572032672
3.8155999183655	-4.7719275043393
3.8203001022339	-4.8268957188077
3.8250000476837	-4.8832467395916
3.8296999931335	-4.9414301721262
3.8343999385834	-5.0017165475189
3.8390998840332	-5.0640953432135
3.8438000679016	-5.1282713302272
3.8485000133514	-5.1937409278800
3.8531999588013	-5.2599342572262
3.8578999042511	-5.3263885639401
3.8626000881195	-5.3928830904402
3.8673000335693	-5.4595039518255
3.8719999790192	-5.5266109918211
3.8766999244690	-5.5947104001051
3.8814001083374	-5.6642764339452
3.8861000537872	-5.7355824922533
3.8907999992371	-5.8085865010987
3.8954999446869	-5.8829054338245
3.9001998901367	-5.9579106029158
3.9049000740051	-6.0328860536288
3.9096000194550	-6.1072349648190
3.9142999649048	-6.1806365390083
3.9189999103546	-6.2531324507563
3.9237000942230	-6.3250824669328
3.9284000396729	-6.3970200093607
3.9330999851227	-6.4694423658641
3.9377999305725	-6.5426062658979
3.9425001144409	-6.6163944440677
3.9472000598907	-6.6903035614678
3.9519000053406	-6.7635448096103
3.9565999507904	-6.8352553667751
3.9612998962402	-6.9047348789852
3.9660000801086	-6.9716401292626
3.9707000255585	-7.0360661045586
3.9753999710083	-7.0984887739188
3.9800999164581	-7.1595780111299
3.9848001003265	-7.2199425604475
3.9895000457764	-7.2798986431041
3.9941999912262	-7.3393219392575
3.9988999366760	-7.3976552896692
4.0036001205444	-7.4540573478559
4.0082998275757	-7.5076536644493
4.0130000114441	-7.5578149952313
4.0177001953125	-7.6043668897830
4.0223999023438	-7.6476531952955
4.0271000862122	-7.6884355799513
4.0317997932434	-7.7276545281042
4.0364999771118	-7.7661327251678
4.0412001609802	-7.8043188294468
4.0458998680115	-7.8421561841355
4.0506000518799	-7.8791171044803
4.0553002357483	-7.9143946178424
4.0599999427795	-7.9472020828107
4.0647001266479	-7.9770663236596
4.0693998336792	-8.0040302843510
4.0741000175476	-8.0286874674574
4.0788002014160	-8.0520333391554
4.0834999084473	-8.0751888682994
4.0882000923157	-8.0990748415456
4.0928997993469	-8.1241586009559
4.0975999832153	-8.1503371110453
4.1023001670837	-8.1770106354301
4.1069998741150	-8.2033133161566
4.1117000579834	-8.2284310936485
4.1163997650146	-8.2519133561512
4.1210999488831	-8.2738642132250
4.1258001327515	-8.2949518649211
4.1304998397827	-8.3162357469384
4.1352000236511	-8.3388530706107
4.1399002075195	-8.3636880821228
4.1445999145508	-8.3911092614602
4.1493000984192	-8.4208736050371
4.1539998054504	-8.4522152607345
4.1586999893188	-8.4841054014622
4.1634001731873	-8.5155989445335
4.1680998802185	-8.5461567575024
4.1728000640869	-8.5758418960049
4.1774997711182	-8.6053178857700
4.1821999549866	-8.6356500812356
4.1869001388550	-8.6679682234939
4.1915998458862	-8.7031085419533
4.1963000297546	-8.7413398110191
4.2010002136230	-8.7822618779809
4.2056999206543	-8.8249211329740
4.2104001045227	-8.8680879924324
4.2150998115540	-8.9106429539463
4.2197999954224	-8.9519280129553
4.2245001792908	-8.9919520938039
4.2291998863220	-9.0313870950580
4.2339000701904	-9.0713335023362
4.2385997772217	-9.1129470063345
4.2432999610901	-9.1570387369726
4.2480001449585	-9.2037794634067
4.2526998519897	-9.2525944113192
4.2574000358582	-9.3022997726547
4.2621002197266	-9.3514301576759
4.2667999267578	-9.3986722412032
4.2715001106262	-9.4432610184466
4.2761998176575	-9.4852032630270
4.2809000015259	-9.5252552295526
4.2856001853943	-9.5646503780021
4.2902998924255	-9.6046700486796
4.2950000762939	-9.6461929604702
4.2996997833252	-9.6893831052022
4.3043999671936	-9.7335929360031
4.3091001510620	-9.7775443914600
4.3137998580933	-9.8197186405701
4.3185000419617	-9.8588534210812
4.3232002258301	-9.8943759098922
4.3278999328613	-9.9266366544692
4.3326001167297	-9.9568574947561
4.3372998237610	-9.9868036677556
4.3420000076294	-10.018296681144
4.3467001914978	-10.052728109605
4.3513998985291	-10.090719223570
4.3561000823975	-10.132033083259
4.3607997894287	-10.175766062899
4.3654999732971	-10.220757054020
4.3702001571655	-10.266098318134
4.3748998641968	-10.311568131766
4.3796000480652	-10.357862485021
4.3843002319336	-10.406524106684
4.3889999389648	-10.459597319820
4.3937001228333	-10.519110376939
4.3983998298645	-10.586557325425
4.4031000137329	-10.662503475781
4.4078001976013	-10.746468419813
4.4124999046326	-10.837086091289
4.4172000885010	-10.932531329290
4.4218997955322	-11.031086810025
4.4265999794006	-11.131701030481
4.4313001632690	-11.234331304047
4.4359998703003	-11.339981172841
4.4407000541687	-11.450384694790
4.4454002380371	-11.567464709803
4.4500999450684	-11.692685242874
4.4548001289368	-11.826542098946
4.4594998359680	-11.968311521525
4.4642000198364	-12.116164129832
4.4689002037048	-12.267633971410
4.4735999107361	-12.420316211921
4.4783000946045	-12.572607775558
4.4829998016357	-12.724235725932
4.4876999855042	-12.876398780204
4.4924001693726	-13.031417288354
4.4970998764038	-13.192031982009
4.5018000602722	-13.360556538529
4.5064997673035	-13.538101957193
4.5111999511719	-13.724183571291
4.5159001350403	-13.916761354322
4.5205998420715	-14.112788993669
4.5253000259399	-14.309128790649
4.5300002098083	-14.503577469139
4.5346999168396	-14.695675049659
4.5394001007080	-14.886985689731
4.5440998077393	-15.080722535966
4.5487999916077	-15.280840033315
4.5535001754761	-15.490840583203
4.5581998825073	-15.712728985231
4.5629000663757	-15.946303482863
4.5675997734070	-16.189129054737
4.5722999572754	-16.437166371447
4.5770001411438	-16.685945541854
4.5816998481750	-16.932043150946
4.5864000320435	-17.174319647900
4.5911002159119	-17.414494192438
4.5957999229431	-17.656822514248
4.6005001068115	-17.906878106990
4.6051998138428	-18.169973216824
4.6098999977112	-18.449533998098
4.6146001815796	-18.745994770665
4.6192998886108	-19.056442926301
4.6240000724792	-19.375236570869
4.6286997795105	-19.695429053025
4.6333999633789	-20.010790282738
4.6381001472473	-20.317853392728
4.6427998542786	-20.617097084314
4.6475000381470	-20.912928368610
4.6522002220154	-21.212302522046
4.6568999290466	-21.522493815204
4.6616001129150	-21.848691093875
4.6662998199463	-22.192085383496
4.6710000038147	-22.548812156392
4.6757001876831	-22.910057534166
4.6803998947144	-23.263359874616
4.6851000785828	-23.595083822402
4.6897997856140	-23.893434602486
4.6944999694824	-24.151091635294
4.6992001533508	-24.366558886521
4.7038998603821	-24.543466510381
4.7086000442505	-24.688383752153
4.7133002281189	-24.807959831117
4.7179999351501	-24.906331518430
4.7227001190186	-24.983490254894
4.7273998260498	-25.034767180148
4.7321000099182	-25.051541971267
4.7368001937866	-25.023165249444
4.7414999008179	-24.939933001131
4.7462000846863	-24.796432257916
4.7508997917175	-24.594151255404
4.7555999755859	-24.342170182089
4.7603001594543	-24.055523378855
4.7649998664856	-23.751800419642
4.7697000503540	-23.447360782866
4.7744002342224	-23.154123324973
4.7790999412537	-22.877731180950
4.7838001251221	-22.617140784121
4.7884998321533	-22.365693834410
4.7932000160217	-22.113497805701
4.7979001998901	-21.850766999444
4.8025999069214	-21.571251530923
4.8073000907898	-21.274604873281
4.8119997978210	-20.966743784084
4.8166999816895	-20.658044954406
4.8214001655579	-20.360197421463
4.8260998725891	-20.082928892939
4.8308000564575	-19.831512682320
4.8354997634888	-19.605652463354
4.8401999473572	-19.399748725512
4.8449001312256	-19.204509802669
4.8495998382568	-19.009669125535
4.8543000221252	-18.807050056638
4.8590002059937	-18.593136687211
4.8636999130249	-18.370159754603
4.8684000968933	-18.145179998374
4.8730998039246	-17.927672955927
4.8777999877930	-17.726521388056
4.8825001716614	-17.547396348007
4.8871998786926	-17.391260275778
4.8919000625610	-17.254159029429
4.8965997695923	-17.128368487230
4.9012999534607	-17.004645673858
4.9060001373291	-16.875019910432
4.9106998443604	-16.735340705619
4.9154000282288	-16.586619298181
4.9201002120972	-16.434600019541
4.9247999191284	-16.287787862171
4.9295001029968	-16.154675816312
4.9341998100281	-16.041146889471
4.9388999938965	-15.948791139385
4.9436001777649	-15.874505311880
4.9482998847961	-15.811332439599
4.9530000686646	-15.750517389296
4.9576997756958	-15.684205367897
4.9623999595642	-15.608009390919
4.9671001434326	-15.522518464789
4.9717998504639	-15.433099642300
4.9765000343323	-15.348066511407
4.9812002182007	-15.275939601187
4.9858999252319	-15.222772985666
4.9906001091003	-15.190272656557
4.9952998161316	-15.175222652069
5.0000000000000	-15.170254654957
#Parameters = {R_fat=48; R_glandular=38; R_skin_outer=50; T10=5; T15=7.5; T5=2.5; T_rad=4; T_x=10; T_y=0; T_z=75; Zc=65; skin_thickness=2; Mesh Pass=3}
#"Frequency / GHz"	"S1,1 (Mesh Pass=3) [Magnitude / dB]"
#-------------------------------------------------------
0.30000001192093	-9.7910806125438
0.30469998717308	-10.184226633291
0.30939999222755	-10.618155947220
0.31409999728203	-10.983944434670
0.31880000233650	-11.164183999146
0.32350000739098	-11.097207662188
0.32820001244545	-10.828524709626
0.33289998769760	-10.488157024022
0.33759999275208	-10.221965639785
0.34229999780655	-10.146938819747
0.34700000286102	-10.346878619829
0.35170000791550	-10.888678741611
0.35640001296997	-11.843233139924
0.36109998822212	-13.301918287203
0.36579999327660	-15.351133772354
0.37049999833107	-17.747565283147
0.37520000338554	-18.626630494557
0.37990000844002	-16.339616696118
0.38460001349449	-13.288214059675
0.38929998874664	-10.779566389323
0.39399999380112	-8.9012791908575
0.39869999885559	-7.5588616513143
0.40340000391006	-6.6627830828497
0.40810000896454	-6.1404663213835
0.41280001401901	-5.9309425976564
0.41749998927116	-5.9812761663289
0.42219999432564	-6.2439401545761
0.42689999938011	-6.6726334815494
0.43160000443459	-7.2152031037979
0.43630000948906	-7.8047675126467
0.44100001454353	-8.3548539162660
0.44569998979568	-8.7706146511486
0.45039999485016	-8.9840005290618
0.45509999990463	-8.9927755941637
0.45980000495911	-8.8626006372139
0.46450001001358	-8.6873844731741
0.46919998526573	-8.5471753439787
0.47389999032021	-8.4898962952519
0.47859999537468	-8.5319329205492
0.48330000042915	-8.6645964700434
0.48800000548363	-8.8599109600088
0.49270001053810	-9.0757972825494
0.49739998579025	-9.2638362456865
0.50209999084473	-9.3820995763355
0.50679999589920	-9.4100917131193
0.51150000095367	-9.3567386259402
0.51620000600815	-9.2548636329676
0.52090001106262	-9.1460813229158
0.52560001611710	-9.0661740180709
0.53030002117157	-9.0369589972897
0.53500002622604	-9.0642489663380
0.53969997167587	-9.1391337747906
0.54439997673035	-9.2409187846557
0.54909998178482	-9.3417664980080
0.55379998683929	-9.4135964509927
0.55849999189377	-9.4364959520519
0.56319999694824	-9.4054151059096
0.56790000200272	-9.3313649962204
0.57260000705719	-9.2362807378351
0.57730001211166	-9.1447012139270
0.58200001716614	-9.0764195835833
0.58670002222061	-9.0422290578809
0.59140002727509	-9.0426358397765
0.59609997272491	-9.0686707154122
0.60079997777939	-9.1043026646991
0.60549998283386	-9.1304134333564
0.61019998788834	-9.1300163240650
0.61489999294281	-9.0934020949350
0.61959999799728	-9.0210904523598
0.62430000305176	-8.9231084992812
0.62900000810623	-8.8150229859212
0.63370001316071	-8.7127708870586
0.63840001821518	-8.6283455886576
0.64310002326965	-8.5672788551564
0.64780002832413	-8.5279289284675
0.65249997377396	-8.5022772258417
0.65719997882843	-8.4780252967140
0.66189998388290	-8.4418239193207
0.66659998893738	-8.3830291273111
0.67129999399185	-8.2968593611002
0.67599999904633	-8.1856865106056
0.68070000410080	-8.0579034933046
0.68540000915527	-7.9249920593758
0.69010001420975	-7.7980574282790
0.69480001926422	-7.6850034140379
0.69950002431870	-7.5888672771121
0.70420002937317	-7.5074153079332
0.70889997482300	-7.4338815544461
0.71359997987747	-7.3587613006380
0.71829998493195	-7.2723793684001
0.72299998998642	-7.1676480837960
0.72769999504089	-7.0421332692399
0.73240000009537	-6.8986619119582
0.73710000514984	-6.7442479199937
0.74180001020432	-6.5878759994933
0.74650001525879	-6.4379768469723
0.75120002031326	-6.3003454354146
0.75590002536774	-6.1768831365940
0.76059997081757	-6.0653036186654
0.76529997587204	-5.9598004348743
0.76999998092651	-5.8525898404310
0.77469998598099	-5.7360532399445
0.77939999103546	-5.6049409111353
0.78409999608994	-5.4579278305398
0.78880000114441	-5.2979539414344
0.79350000619888	-5.1312885795565
0.79820001125336	-4.9656891094347
0.80290001630783	-4.8083238145288
0.80760002136230	-4.6639956038715
0.81230002641678	-4.5340341278004
0.81699997186661	-4.4160168708926
0.82169997692108	-4.3044152877898
0.82639998197556	-4.1920453794668
0.83109998703003	-4.0720960304503
0.83579999208450	-3.9401500553577
0.84049999713898	-3.7955553692526
0.84520000219345	-3.6416666367503
0.84990000724792	-3.4849010135569
0.85460001230240	-3.3329504913884
0.85930001735687	-3.1927453284817
0.86400002241135	-3.0686972905714
0.86870002746582	-2.9615600056314
0.87339997291565	-2.8682086002774
0.87809997797012	-2.7823754195885
0.88279998302460	-2.6963455709751
0.88749998807907	-2.6031728885614
0.89219999313354	-2.4988541392850
0.89689999818802	-2.3836987832473
0.90160000324249	-2.2623980955953
0.90630000829697	-2.1427943540479
0.91100001335144	-2.0337481861249
0.91570001840591	-1.9427813365790
0.92040002346039	-1.8740714787391
0.92510002851486	-1.8272634855847
0.92979997396469	-1.7974291277260
0.93449997901917	-1.7762627839366
0.93919998407364	-1.7543804126925
0.94389998912811	-1.7242316591911
0.94859999418259	-1.6827115032147
0.95329999923706	-1.6325843820176
0.95800000429153	-1.5821444986480
0.96270000934601	-1.5432092673801
0.96740001440048	-1.5281255979029
0.97210001945496	-1.5466640472439
0.97680002450943	-1.6035959339944
0.98150002956390	-1.6975401945791
0.98619997501373	-1.8214005997306
0.99089998006821	-1.9645741223328
0.99559998512268	-2.1166964398761
1.0003000497818	-2.2722325037551
1.0049999952316	-2.4346568485098
1.0096999406815	-2.6187525936811
1.0144000053406	-2.8502655568782
1.0190999507904	-3.1632904744854
1.0238000154495	-3.5969720017686
1.0284999608994	-4.1934461326204
1.0332000255585	-4.9987695813263
1.0378999710083	-6.0686176005458
1.0426000356674	-7.4814547873193
1.0472999811172	-9.3664834251846
1.0520000457764	-11.967958098617
1.0566999912262	-15.808010202803
1.0614000558853	-21.675869983472
1.0661000013351	-21.498129117791
1.0707999467850	-15.559548814348
1.0755000114441	-11.654529817871
1.0801999568939	-8.9792625201364
1.0849000215530	-7.0218044029571
1.0895999670029	-5.5427751621563
1.0943000316620	-4.4152315504573
1.0989999771118	-3.5614876853241
1.1037000417709	-2.9258495229524
1.1083999872208	-2.4620435434759
1.1131000518799	-2.1280287758777
1.1177999973297	-1.8851023320397
1.1224999427795	-1.6995070522512
1.1272000074387	-1.5449189556011
1.1318999528885	-1.4043975616684
1.1366000175476	-1.2707098436865
1.1412999629974	-1.1446444762246
1.1460000276566	-1.0318261953808
1.1506999731064	-0.93908893778028
1.1554000377655	-0.87139290795668
1.1600999832153	-0.82996894273414
1.1648000478745	-0.81187515027310
1.1694999933243	-0.81075520611029
1.1742000579834	-0.81849131833314
1.1789000034332	-0.82721126914741
1.1835999488831	-0.83116253987780
1.1883000135422	-0.82789664716387
1.1929999589920	-0.81847544426289
1.1977000236511	-0.80665486150381
1.2023999691010	-0.79740907370399
1.2071000337601	-0.79527074460089
1.2117999792099	-0.80301074238295
1.2165000438690	-0.82098643427676
1.2211999893188	-0.84718117410045
1.2259000539780	-0.87792506677141
1.2305999994278	-0.90897609529959
1.2352999448776	-0.93671116421566
1.2400000095367	-0.95907161650715
1.2446999549866	-0.97601004831274
1.2494000196457	-0.98932508148835
1.2540999650955	-1.0019845061402
1.2588000297546	-1.0171551461422
1.2634999752045	-1.0372668912300
1.2682000398636	-1.0633903466607
1.2728999853134	-1.0950209550871
1.2776000499725	-1.1303350356800
1.2822999954224	-1.1667767357809
1.2869999408722	-1.2018114408489
1.2917000055313	-1.2336492601242
1.2963999509811	-1.2616884353207
1.3011000156403	-1.2866265314164
1.3057999610901	-1.3101744122115
1.3105000257492	-1.3344994909337
1.3151999711990	-1.3615741008829
1.3199000358582	-1.3926423753573
1.3245999813080	-1.4279288259546
1.3293000459671	-1.4666393442429
1.3339999914169	-1.5072604826139
1.3387000560760	-1.5480199868462
1.3434000015259	-1.5874149209284
1.3480999469757	-1.6246212412128
1.3528000116348	-1.6597056628771
1.3574999570847	-1.6935657201800
1.3622000217438	-1.7276421435532
1.3668999671936	-1.7634894672184
1.3716000318527	-1.8023462376296
1.3762999773026	-1.8448280766440
1.3810000419617	-1.8908045287758
1.3856999874115	-1.9394963795712
1.3904000520706	-1.9897437986605
1.3950999975204	-2.0403552496492
1.3997999429703	-2.0904684174234
1.4045000076294	-2.1397891044660
1.4091999530792	-2.1886750431429
1.4139000177383	-2.2380205545182
1.4185999631882	-2.2890113868519
1.4233000278473	-2.3428059414062
1.4279999732971	-2.4002422249700
1.4327000379562	-2.4616602332647
1.4373999834061	-2.5268548337478
1.4421000480652	-2.5951931458315
1.4467999935150	-2.6658302448822
1.4515000581741	-2.7379829152527
1.4562000036240	-2.8111728984349
1.4608999490738	-2.8853823380512
1.4656000137329	-2.9610887862423
1.4702999591827	-3.0391432213525
1.4750000238419	-3.1205798412787
1.4796999692917	-3.2063658593897
1.4844000339508	-3.2971910891314
1.4890999794006	-3.3933385303046
1.4938000440598	-3.4946693802173
1.4984999895096	-3.6007150302487
1.5032000541687	-3.7108627954464
1.5078999996185	-3.8245661549404
1.5125999450684	-3.9415471179212
1.5173000097275	-4.0619206094396
1.5219999551773	-4.1862155014349
1.5267000198364	-4.3152853390157
1.5313999652863	-4.4501392414893
1.5361000299454	-4.5917293698677
1.5407999753952	-4.7407639955142
1.5455000400543	-4.8975866351983
1.5501999855042	-5.0621388169123
1.5549000501633	-5.2340502757377
1.5595999956131	-5.4127828536606
1.5642999410629	-5.5978510420022
1.5690000057220	-5.7890163671948
1.5736999511719	-5.9864346384632
1.5784000158310	-6.1906921361100
1.5830999612808	-6.4027422965155
1.5878000259399	-6.6237321007906
1.5924999713898	-6.8547820200207
1.5972000360489	-7.0967673020422
1.6018999814987	-7.3501558880563
1.6066000461578	-7.6149550523341
1.6112999916077	-7.8907779638896
1.6160000562668	-8.1770229069854
1.6207000017166	-8.4731349581570
1.6253999471664	-8.7788763669683
1.6301000118256	-9.0945341807515
1.6347999572754	-9.4210087044386
1.6395000219345	-9.7597416322233
1.6441999673843	-10.112503990105
1.6489000320435	-10.481089588021
1.6535999774933	-10.866998915116
1.6583000421524	-11.271197393411
1.6629999876022	-11.694022503502
1.6677000522614	-12.135280889874
1.6723999977112	-12.594537197034
1.6770999431610	-13.071554598056
1.6818000078201	-13.566749017497
1.6864999532700	-14.081593228427
1.6912000179291	-14.618802241460
1.6958999633789	-15.182263004590
1.7006000280380	-15.776719144857
1.7052999734879	-16.407266341359
1.7100000381470	-17.078857502010
1.7146999835968	-17.795896470418
1.7194000482559	-18.562154136976
1.7240999937057	-19.381011830392
1.7288000583649	-20.256212432844
1.7335000038147	-21.192972298183
1.7381999492645	-22.199320761125
1.7429000139236	-23.287368050236
1.7475999593735	-24.473780175357
1.7523000240326	-25.778420542288
1.7569999694824	-27.218193710527
1.7617000341415	-28.788868030711
1.7663999795914	-30.417110490201
1.7711000442505	-31.862747964701
1.7757999897003	-32.660306881169
1.7805000543594	-32.442357592220
1.7851999998093	-31.418996866847
1.7898999452591	-30.083522474726
1.7946000099182	-28.748802793330
1.7992999553680	-27.527009013661
1.8040000200272	-26.436640031115
1.8086999654770	-25.465202318105
1.8134000301361	-24.594100931079
1.8180999755859	-23.807146429347
1.8228000402451	-23.092587565549
1.8274999856949	-22.442658926321
1.8322000503540	-21.852210463600
1.8368999958038	-21.317300436939
1.8415999412537	-20.834035670799
1.8463000059128	-20.397909199398
1.8509999513626	-20.003595961333
1.8557000160217	-19.645226705286
1.8603999614716	-19.316901616895
1.8651000261307	-19.013307364264
1.8697999715805	-18.730309394358
1.8745000362396	-18.465245552588
1.8791999816895	-18.216957353465
1.8839000463486	-17.985462203498
1.8885999917984	-17.771406133059
1.8933000564575	-17.575484088696
1.8980000019073	-17.397915847173
1.9026999473572	-17.238170585426
1.9074000120163	-17.094878500684
1.9120999574661	-16.966053329171
1.9168000221252	-16.849463843973
1.9214999675751	-16.743043707551
1.9262000322342	-16.645312986874
1.9308999776840	-16.555592679421
1.9356000423431	-16.474034326566
1.9402999877930	-16.401438399101
1.9450000524521	-16.338899534425
1.9496999979019	-16.287434544395
1.9543999433517	-16.247637927573
1.9591000080109	-16.219493101289
1.9637999534607	-16.202340514208
1.9685000181198	-16.195026786727
1.9731999635696	-16.196199829431
1.9779000282288	-16.204612841509
1.9825999736786	-16.219438181489
1.9873000383377	-16.240442190397
1.9919999837875	-16.268013045086
1.9967000484467	-16.303015087438
2.0013999938965	-16.346534965120
2.0060999393463	-16.399567477679
2.0107998847961	-16.462746076678
2.0155000686646	-16.536162633529
2.0202000141144	-16.619327557944
2.0248999595642	-16.711274833716
2.0295999050140	-16.810770909222
2.0343000888824	-16.916598722212
2.0390000343323	-17.027803609698
2.0436999797821	-17.143886547094
2.0483999252319	-17.264834796489
2.0531001091003	-17.391046546344
2.0578000545502	-17.523092182184
2.0625000000000	-17.661444264778
2.0671999454498	-17.806207830187
2.0718998908997	-17.956882338373
2.0766000747681	-18.112289682395
2.0813000202179	-18.270598206529
2.0859999656677	-18.429476856042
2.0906999111176	-18.586354905763
2.0954000949860	-18.738663282346
2.1001000404358	-18.884122880079
2.1047999858856	-19.020832079808
2.1094999313354	-19.147329704655
2.1142001152039	-19.262482011546
2.1189000606537	-19.365291534387
2.1236000061035	-19.454729912361
2.1282999515533	-19.529528862722
2.1329998970032	-19.588134936941
2.1377000808716	-19.628759948542
2.1424000263214	-19.649524627829
2.1470999717712	-19.648740279346
2.1517999172211	-19.625210323023
2.1565001010895	-19.578477675561
2.1612000465393	-19.509024615703
2.1658999919891	-19.418289777798
2.1705999374390	-19.308553340140
2.1752998828888	-19.182663666421
2.1800000667572	-19.043701170582
2.1847000122070	-18.894632614625
2.1893999576569	-18.738004449685
2.1940999031067	-18.575804259699
2.1988000869751	-18.409386626603
2.2035000324249	-18.239615006828
2.2081999778748	-18.067047169643
2.2128999233246	-17.892191459393
2.2176001071930	-17.715733849543
2.2223000526428	-17.538667426134
2.2269999980927	-17.362336363136
2.2316999435425	-17.188308004878
2.2363998889923	-17.018191702356
2.2411000728607	-16.853406896013
2.2458000183105	-16.694973595561
2.2504999637604	-16.543399259241
2.2551999092102	-16.398656455417
2.2599000930786	-16.260284605038
2.2646000385284	-16.127593648691
2.2692999839783	-15.999887306007
2.2739999294281	-15.876688836856
2.2787001132965	-15.757875062499
2.2834000587463	-15.643724650279
2.2881000041962	-15.534829238773
2.2927999496460	-15.431931459481
2.2974998950958	-15.335720967729
2.3022000789642	-15.246626926652
2.3069000244141	-15.164728285539
2.3115999698639	-15.089699665847
2.3162999153137	-15.020906131194
2.3210000991821	-14.957556173057
2.3257000446320	-14.898895077097
2.3303999900818	-14.844410221319
2.3350999355316	-14.793914712224
2.3397998809814	-14.747592530671
2.3445000648499	-14.705912746514
2.3492000102997	-14.669491347761
2.3538999557495	-14.638871374488
2.3585999011993	-14.614393042832
2.3633000850677	-14.596072774788
2.3680000305176	-14.583586028589
2.3726999759674	-14.576359369989
2.3773999214172	-14.573705661072
2.3821001052856	-14.575017031726
2.3868000507355	-14.579898285112
2.3914999961853	-14.588288601792
2.3961999416351	-14.600453262065
2.4008998870850	-14.616898879633
2.4056000709534	-14.638231066473
2.4103000164032	-14.664990978537
2.4149999618530	-14.697486060907
2.4196999073029	-14.735728113516
2.4244000911713	-14.779416091623
2.4291000366211	-14.828035658415
2.4337999820709	-14.880984597404
2.4384999275208	-14.937767657012
2.4432001113892	-14.998108548062
2.4479000568390	-15.062046590239
2.4526000022888	-15.129937582361
2.4572999477386	-15.202339779148
2.4619998931885	-15.279884606930
2.4667000770569	-15.363110332575
2.4714000225067	-15.452314076963
2.4760999679565	-15.547488980372
2.4807999134064	-15.648312210497
2.4855000972748	-15.754265900682
2.4902000427246	-15.864755560033
2.4948999881744	-15.979283833284
2.4995999336243	-16.097594070872
2.5043001174927	-16.219727713646
2.5090000629425	-16.346028749045
2.5137000083923	-16.477030836067
2.5183999538422	-16.613304631360
2.5230998992920	-16.755297582978
2.5278000831604	-16.903178997126
2.5325000286102	-17.056754606579
2.5371999740601	-17.215483316990
2.5418999195099	-17.378550089952
2.5466001033783	-17.545013287621
2.5513000488281	-17.713976783287
2.5559999942780	-17.884715111091
2.5606999397278	-18.056761056902
2.5653998851776	-18.229889610168
2.5701000690460	-18.404002260634
2.5748000144958	-18.578973658263
2.5794999599457	-18.754453481270
2.5841999053955	-18.929700389330
2.5889000892639	-19.103476286114
2.5936000347137	-19.274039741438
2.5982999801636	-19.439225121058
2.6029999256134	-19.596595684317
2.6077001094818	-19.743658810572
2.6124000549316	-19.878050052496
2.6171000003815	-19.997690314288
2.6217999458313	-20.100864418931
2.6264998912811	-20.186207756070
2.6312000751495	-20.252626015510
2.6359000205994	-20.299205685592
2.6405999660492	-20.325088241167
2.6452999114990	-20.329422192159
2.6500000953674	-20.311389433471
2.6547000408173	-20.270277276190
2.6593999862671	-20.205634857898
2.6640999317169	-20.117408239677
2.6688001155853	-20.006121429094
2.6735000610352	-19.872933677345
2.6782000064850	-19.719617989205
2.6828999519348	-19.548478093782
2.6875998973846	-19.362116579069
2.6923000812531	-19.163209142545
2.6970000267029	-18.954280813722
2.7016999721527	-18.737473305988
2.7063999176025	-18.514502352838
2.7111001014709	-18.286607642469
2.7158000469208	-18.054677768656
2.7204999923706	-17.819372192267
2.7251999378204	-17.581314959705
2.7298998832703	-17.341220644919
2.7346000671387	-17.099988248769
2.7393000125885	-16.858685060383
2.7439999580383	-16.618464048762
2.7486999034882	-16.380438758128
2.7534000873566	-16.145537506717
2.7581000328064	-15.914386713060
2.7627999782562	-15.687254595699
2.7674999237061	-15.464085895594
2.7722001075745	-15.244573414278
2.7769000530243	-15.028340447060
2.7815999984741	-14.815038169703
2.7862999439240	-14.604502320668
2.7909998893738	-14.396807231206
2.7957000732422	-14.192232915228
2.8004000186920	-13.991213414588
2.8050999641418	-13.794186395373
2.8097999095917	-13.601491068659
2.8145000934601	-13.413249865805
2.8192000389099	-13.229357223847
2.8238999843597	-13.049479349513
2.8285999298096	-12.873154022354
2.8333001136780	-12.699912165473
2.8380000591278	-12.529378097181
2.8427000045776	-12.361367553451
2.8473999500275	-12.195915601191
2.8520998954773	-12.033232067701
2.8568000793457	-11.873631830836
2.8615000247955	-11.717410641743
2.8661999702454	-11.564753807450
2.8708999156952	-11.415664194131
2.8756000995636	-11.269958450552
2.8803000450134	-11.127291116330
2.8849999904633	-10.987263077721
2.8896999359131	-10.849509098601
2.8943998813629	-10.713788938802
2.8991000652313	-10.580044544391
2.9038000106812	-10.448393612831
2.9084999561310	-10.319081374650
2.9131999015808	-10.192388138113
2.9179000854492	-10.068546112724
2.9226000308990	-9.9476500967712
2.9272999763489	-9.8296335761980
2.9319999217987	-9.7142746851806
2.9367001056671	-9.6012613804314
2.9414000511169	-9.4902731794203
2.9460999965668	-9.3810645919709
2.9507999420166	-9.2735312305997
2.9554998874664	-9.1677238073845
2.9602000713348	-9.0638280561530
2.9649000167847	-8.9620990215437
2.9695999622345	-8.8627765058214
2.9742999076843	-8.7660108171693
2.9790000915527	-8.6718139349764
2.9837000370026	-8.5800505691898
2.9883999824524	-8.4904792946393
2.9930999279022	-8.4028162797132
2.9978001117706	-8.3168206681461
3.0025000572205	-8.2323480873598
3.0072000026703	-8.1493979438573
3.0118999481201	-8.0680974735072
3.0165998935699	-7.9886633353149
3.0213000774384	-7.9113274799157
3.0260000228882	-7.8362620538143
3.0306999683380	-7.7635248250942
3.0353999137878	-7.6930457530514
3.0401000976562	-7.6246348709222
3.0448000431061	-7.5580439621992
3.0494999885559	-7.4930246947733
3.0541999340057	-7.4294140076916
3.0589001178741	-7.3671543526373
3.0636000633240	-7.3063215576826
3.0683000087738	-7.2470879138676
3.0729999542236	-7.1896628288775
3.0776998996735	-7.1342257294909
3.0824000835419	-7.0808745824028
3.0871000289917	-7.0295782011444
3.0917999744415	-6.9801973390089
3.0964999198914	-6.9325131115339
3.1012001037598	-6.8862889868150
3.1059000492096	-6.8413365435659
3.1105999946594	-6.7975662132567
3.1152999401093	-6.7550002397320
3.1199998855591	-6.7137774612982
3.1247000694275	-6.6740728767546
3.1294000148773	-6.6360715188051
3.1340999603271	-6.5998893891975
3.1387999057770	-6.5655314568709
3.1435000896454	-6.5329037842560
3.1482000350952	-6.5018111332274
3.1528999805450	-6.4720354537905
3.1575999259949	-6.4433748361198
3.1623001098633	-6.4157146975921
3.1670000553131	-6.3890409561287
3.1717000007629	-6.3634493466661
3.1763999462128	-6.3390976735793
3.1810998916626	-6.3161628187577
3.1858000755310	-6.2947732756407
3.1905000209808	-6.2749624062516
3.1951999664307	-6.2566634173759
3.1998999118805	-6.2397070413613
3.2046000957489	-6.2238793432519
3.2093000411987	-6.2089698851835
3.2139999866486	-6.1948315923948
3.2186999320984	-6.1814120878141
3.2234001159668	-6.1687694227979
3.2281000614166	-6.1570275128652
3.2328000068665	-6.1463456169598
3.2374999523163	-6.1368483740142
3.2421998977661	-6.1285796300151
3.2469000816345	-6.1214775597473
3.2516000270844	-6.1153794660736
3.2562999725342	-6.1100588388946
3.2609999179840	-6.1052699708001
3.2657001018524	-6.1008183537364
3.2704000473022	-6.0965946270097
3.2750999927521	-6.0925847148208
3.2797999382019	-6.0888553602058
3.2844998836517	-6.0855115148775
3.2892000675201	-6.0826413227229
3.2939000129700	-6.0802495176406
3.2985999584198	-6.0782417361083
3.3032999038696	-6.0764096674752
3.3080000877380	-6.0744644908875
3.3127000331879	-6.0720824336097
3.3173999786377	-6.0689717694206
3.3220999240875	-6.0649084931951
3.3268001079559	-6.0597637455526
3.3315000534058	-6.0534938515478
3.3361999988556	-6.0461025171270
3.3408999443054	-6.0375705047848
3.3455998897552	-6.0278227493981
3.3503000736237	-6.0166754505188
3.3550000190735	-6.0038344663939
3.3596999645233	-5.9889214643392
3.3643999099731	-5.9715255676254
3.3691000938416	-5.9512586135762
3.3738000392914	-5.9278160044826
3.3784999847412	-5.9010033168345
3.3831999301910	-5.8707352599724
3.3879001140594	-5.8370006854532
3.3926000595093	-5.7998130357369
3.3973000049591	-5.7591594616090
3.4019999504089	-5.7149629854232
3.4066998958588	-5.6670810937356
3.4114000797272	-5.6153302348666
3.4161000251770	-5.5595370156025
3.4207999706268	-5.4996045351150
3.4254999160767	-5.4355535520065
3.4302000999451	-5.3675652055922
3.4349000453949	-5.2959617877769
3.4395999908447	-5.2211801066134
3.4442999362946	-5.1437132499910
3.4489998817444	-5.0640504045072
3.4537000656128	-4.9826385642602
3.4584000110626	-4.8998606942797
3.4630999565125	-4.8160547445338
3.4677999019623	-4.7315447163982
3.4725000858307	-4.6466768443489
3.4772000312805	-4.5618697161193
3.4818999767303	-4.4776178286866
3.4865999221802	-4.3944816322237
3.4913001060486	-4.3130591024845
3.4960000514984	-4.2339250960812
3.5006999969482	-4.1575915980208
3.5053999423981	-4.0844572228202
3.5100998878479	-4.0147967928418
3.5148000717163	-3.9487708439625
3.5195000171661	-3.8864644149562
3.5241999626160	-3.8279141492899
3.5288999080658	-3.7731642931582
3.5336000919342	-3.7222914869822
3.5383000373840	-3.6754046431974
3.5429999828339	-3.6326421183466
3.5476999282837	-3.5941328801492
3.5524001121521	-3.5599564740785
3.5571000576019	-3.5301280858715
3.5618000030518	-3.5045643322999
3.5664999485016	-3.4831005290399
3.5711998939514	-3.4655091486751
3.5759000778198	-3.4515461080547
3.5806000232697	-3.4409826449845
3.5852999687195	-3.4336422123043
3.5899999141693	-3.4294167066518
3.5947000980377	-3.4282574725995
3.5994000434875	-3.4301569808383
3.6040999889374	-3.4351071496824
3.6087999343872	-3.4430724145725
3.6135001182556	-3.4539573410938
3.6182000637054	-3.4676030392919
3.6229000091553	-3.4838034127514
3.6275999546051	-3.5023257503964
3.6322999000549	-3.5229561194385
3.6370000839233	-3.5455303329374
3.6417000293732	-3.5699514463993
3.6463999748230	-3.5961971410339
3.6510999202728	-3.6243016528827
3.6558001041412	-3.6543199298973
3.6605000495911	-3.6862927263117
3.6651999950409	-3.7202094492829
3.6698999404907	-3.7560050242947
3.6745998859406	-3.7935463837930
3.6793000698090	-3.8326655553304
3.6840000152588	-3.8731926846305
3.6886999607086	-3.9149940295351
3.6933999061584	-3.9579949438739
3.6981000900269	-4.0021973442455
3.7028000354767	-4.0476689440446
3.7074999809265	-4.0945072183997
3.7121999263763	-4.1428107722975
3.7169001102448	-4.1926328944486
3.7216000556946	-4.2439629937571
3.7263000011444	-4.2967143317420
3.7309999465942	-4.3507505487511
3.7356998920441	-4.4059066454862
3.7404000759125	-4.4620387719537
3.7451000213623	-4.5190554584824
3.7497999668121	-4.5769416984816
3.7544999122620	-4.6357497463492
3.7592000961304	-4.6955822846659
3.7639000415802	-4.7565522957111
3.7685999870300	-4.8187338026708
3.7732999324799	-4.8821312081950
3.7780001163483	-4.9466668689871
3.7827000617981	-5.0121868676110
3.7874000072479	-5.0784949853489
3.7920999526978	-5.1453898749281
3.7967998981476	-5.2127196446806
3.8015000820160	-5.2804032297090
3.8062000274658	-5.3484374208803
3.8108999729156	-5.4168845292613
3.8155999183655	-5.4858248675285
3.8203001022339	-5.5553099959931
3.8250000476837	-5.6253212269889
3.8296999931335	-5.6957432428700
3.8343999385834	-5.7663656272141
3.8390998840332	-5.8369151467347
3.8438000679016	-5.9071013528968
3.8485000133514	-5.9766757201102
3.8531999588013	-6.0454611972422
3.8578999042511	-6.1133792502940
3.8626000881195	-6.1804318869375
3.8673000335693	-6.2466554679762
3.8719999790192	-6.3120740431430
3.8766999244690	-6.3766384603091
3.8814001083374	-6.4401980633698
3.8861000537872	-6.5024980322455
3.8907999992371	-6.5632113583288
3.8954999446869	-6.6219890729963
3.9001998901367	-6.6785314473578
3.9049000740051	-6.7326363544790
3.9096000194550	-6.7842248775134
3.9142999649048	-6.8333326275566
3.9189999103546	-6.8800561646536
3.9237000942230	-6.9245008500009
3.9284000396729	-6.9667083620808
3.9330999851227	-7.0066207757027
3.9377999305725	-7.0440762054504
3.9425001144409	-7.0788369239552
3.9472000598907	-7.1106595374909
3.9519000053406	-7.1393555746439
3.9565999507904	-7.1648620276175
3.9612998962402	-7.1872589963604
3.9660000801086	-7.2067624209923
3.9707000255585	-7.2236669726043
3.9753999710083	-7.2382801770810
3.9800999164581	-7.2508439887975
3.9848001003265	-7.2614916101828
3.9895000457764	-7.2702392426106
3.9941999912262	-7.2770150256214
3.9988999366760	-7.2817229627485
4.0036001205444	-7.2843208304484
4.0082998275757	-7.2848769170209
4.0130000114441	-7.2835941509841
4.0177001953125	-7.2808057718614
4.0223999023438	-7.2769156933964
4.0271000862122	-7.2723214131151
4.0317997932434	-7.2673482349759
4.0364999771118	-7.2621901210384
4.0412001609802	-7.2569110101689
4.0458998680115	-7.2514607657853
4.0506000518799	-7.2457510894324
4.0553002357483	-7.2397205342383
4.0599999427795	-7.2334003918628
4.0647001266479	-7.2269538812738
4.0693998336792	-7.2206579261856
4.0741000175476	-7.2148626130751
4.0788002014160	-7.2099170255127
4.0834999084473	-7.2060953610104
4.0882000923157	-7.2035473792551
4.0928997993469	-7.2022771894461
4.0975999832153	-7.2021729031530
4.1023001670837	-7.2030615516076
4.1069998741150	-7.2047864496894
4.1117000579834	-7.2072761867728
4.1163997650146	-7.2105836774342
4.1210999488831	-7.2148847695345
4.1258001327515	-7.2204488326333
4.1304998397827	-7.2275588504713
4.1352000236511	-7.2364450504184
4.1399002075195	-7.2472177210566
4.1445999145508	-7.2598481110346
4.1493000984192	-7.2741758125406
4.1539998054504	-7.2899630669057
4.1586999893188	-7.3069742950894
4.1634001731873	-7.3250451810672
4.1680998802185	-7.3441356188869
4.1728000640869	-7.3643486543561
4.1774997711182	-7.3858955287244
4.1821999549866	-7.4090348888232
4.1869001388550	-7.4339948228380
4.1915998458862	-7.4609051707923
4.1963000297546	-7.4897509683928
4.2010002136230	-7.5203848411470
4.2056999206543	-7.5525685710233
4.2104001045227	-7.5860440287922
4.2150998115540	-7.6206237608383
4.2197999954224	-7.6562568900784
4.2245001792908	-7.6930600078776
4.2291998863220	-7.7312977520973
4.2339000701904	-7.7713320666206
4.2385997772217	-7.8135368029901
4.2432999610901	-7.8582215358171
4.2480001449585	-7.9055692396831
4.2526998519897	-7.9556255731627
4.2574000358582	-8.0083260861098
4.2621002197266	-8.0635703819297
4.2667999267578	-8.1212998824969
4.2715001106262	-8.1815735951416
4.2761998176575	-8.2446081624433
4.2809000015259	-8.3107673584742
4.2856001853943	-8.3805041114265
4.2902998924255	-8.4542677044699
4.2950000762939	-8.5324000496736
4.2996997833252	-8.6150550226649
4.3043999671936	-8.7021601047146
4.3091001510620	-8.7934286987173
4.3137998580933	-8.8884351728624
4.3185000419617	-8.9867150734900
4.3232002258301	-9.0878817748122
4.3278999328613	-9.1917111690460
4.3326001167297	-9.2981779446983
4.3372998237610	-9.4074340486128
4.3420000076294	-9.5197230616093
4.3467001914978	-9.6352740054489
4.3513998985291	-9.7541892736268
4.3561000823975	-9.8763731454688
4.3607997894287	-10.001525795416
4.3654999732971	-10.129196212290
4.3702001571655	-10.258897049669
4.3748998641968	-10.390239839448
4.3796000480652	-10.523048148942
4.3843002319336	-10.657422092596
4.3889999389648	-10.793720344758
4.3937001228333	-10.932463633558
4.3983998298645	-11.074191009281
4.4031000137329	-11.219303934522
4.4078001976013	-11.367948249643
4.4124999046326	-11.519975307568
4.4172000885010	-11.674988477788
4.4218997955322	-11.832475929923
4.4265999794006	-11.991989277696
4.4313001632690	-12.153310750576
4.4359998703003	-12.316562800758
4.4407000541687	-12.482214572308
4.4454002380371	-12.650982368529
4.4500999450684	-12.823646144426
4.4548001289368	-13.000836853987
4.4594998359680	-13.182860992000
4.4642000198364	-13.369613408939
4.4689002037048	-13.560617569224
4.4735999107361	-13.755182693018
4.4783000946045	-13.952643543488
4.4829998016357	-14.152609325781
4.4876999855042	-14.355139472045
4.4924001693726	-14.560791196424
4.4970998764038	-14.770504054104
4.5018000602722	-14.985356176527
4.5064997673035	-15.206255224782
4.5111999511719	-15.433661982421
4.5159001350403	-15.667430043799
4.5205998420715	-15.906825895580
4.5253000259399	-16.150729772149
4.5300002098083	-16.397982315991
4.5346999168396	-16.647759391306
4.5394001007080	-16.899866262665
4.5440998077393	-17.154840614320
4.5487999916077	-17.413786899411
4.5535001754761	-17.678001845482
4.5581998825073	-17.948474452782
4.5629000663757	-18.225410238004
4.5675997734070	-18.507943186185
4.5722999572754	-18.794136738872
4.5770001411438	-19.081305740627
4.5816998481750	-19.366582429534
4.5864000320435	-19.647578192367
4.5911002159119	-19.922859711963
4.5957999229431	-20.192080997290
4.6005001068115	-20.455612366184
4.6051998138428	-20.713792255666
4.6098999977112	-20.965990383148
4.6146001815796	-21.209876323420
4.6192998886108	-21.441124785246
4.6240000724792	-21.653832550412
4.6286997795105	-21.841567246829
4.6333999633789	-21.998830925564
4.6381001472473	-22.122285524776
4.6427998542786	-22.211383844863
4.6475000381470	-22.267923866401
4.6522002220154	-22.294846012002
4.6568999290466	-22.294745225594
4.6616001129150	-22.268776434727
4.6662998199463	-22.216382928739
4.6710000038147	-22.135984288191
4.6757001876831	-22.026256753702
4.6803998947144	-21.887555232464
4.6851000785828	-21.722666244009
4.6897997856140	-21.536730986657
4.6944999694824	-21.336299603135
4.6992001533508	-21.127883601389
4.7038998603821	-20.916669542279
4.7086000442505	-20.705735839665
4.7133002281189	-20.495961810634
4.7179999351501	-20.286602829677
4.7227001190186	-20.076267993268
4.7273998260498	-19.863972718407
4.7321000099182	-19.649926929159
4.7368001937866	-19.435807497556
4.7414999008179	-19.224462057290
4.7462000846863	-19.019228473406
4.7508997917175	-18.823055901707
4.7555999755859	-18.637793236282
4.7603001594543	-18.463837615650
4.7649998664856	-18.300170582994
4.7697000503540	-18.144810937369
4.7744002342224	-17.995533712870
4.7790999412537	-17.850568909661
4.7838001251221	-17.709197837568
4.7884998321533	-17.571941343093
4.7932000160217	-17.440338370158
4.7979001998901	-17.316414642407
4.8025999069214	-17.201988844520
4.8073000907898	-17.098059487990
4.8119997978210	-17.004431126883
4.8166999816895	-16.919713013509
4.8214001655579	-16.841624122072
4.8260998725891	-16.767602094096
4.8308000564575	-16.695469159600
4.8354997634888	-16.623980677238
4.8401999473572	-16.553094656795
4.8449001312256	-16.483830716028
4.8495998382568	-16.417786217558
4.8543000221252	-16.356492208899
4.8590002059937	-16.300768992629
4.8636999130249	-16.250344202782
4.8684000968933	-16.203764697509
4.8730998039246	-16.158730793217
4.8777999877930	-16.112692572476
4.8825001716614	-16.063556021984
4.8871998786926	-16.010291353479
4.8919000625610	-15.953183661615
4.8965997695923	-15.893711360012
4.9012999534607	-15.834031050985
4.9060001373291	-15.776266144347
4.9106998443604	-15.721828450071
4.9154000282288	-15.670997730872
4.9201002120972	-15.622848351379
4.9247999191284	-15.575599142865
4.9295001029968	-15.527215297876
4.9341998100281	-15.476109877698
4.9388999938965	-15.421737397544
4.9436001777649	-15.364802868891
4.9482998847961	-15.307072999029
4.9530000686646	-15.250823089640
4.9576997756958	-15.198063898577
4.9623999595642	-15.149867239780
4.9671001434326	-15.105913975243
4.9717998504639	-15.064417424578
4.9765000343323	-15.022494536949
4.9812002182007	-14.976773029521
4.9858999252319	-14.924175053480
4.9906001091003	-14.862508756692
4.9952998161316	-14.790748869493
5.0000000000000	-14.708861785647
#Parameters = {R_fat=48; R_glandular=38; R_skin_outer=50; T10=5; T15=7.5; T5=2.5; T_rad=4; T_x=10; T_y=0; T_z=75; Zc=65; skin_thickness=2; Mesh Pass=4}
#"Frequency / GHz"	"S1,1 (Mesh Pass=4) [Magnitude / dB]"
#-------------------------------------------------------
0.30000001192093	-16.843108422438
0.30469998717308	-17.559882115484
0.30939999222755	-17.910226193460
0.31409999728203	-17.765213858374
0.31880000233650	-17.268761459181
0.32350000739098	-16.709293379821
0.32820001244545	-16.329887690594
0.33289998769760	-16.287100222463
0.33759999275208	-16.696088205117
0.34229999780655	-17.693700083447
0.34700000286102	-19.534585999544
0.35170000791550	-22.863497274686
0.35640001296997	-30.315251212098
0.36109998822212	-34.291006459288
0.36579999327660	-22.703752072673
0.37049999833107	-17.611864791679
0.37520000338554	-14.343547711893
0.37990000844002	-12.018048409524
0.38460001349449	-10.320126169084
0.38929998874664	-9.1039213593792
0.39399999380112	-8.2873375496593
0.39869999885559	-7.8138456701150
0.40340000391006	-7.6379478624922
0.40810000896454	-7.7209351828513
0.41280001401901	-8.0305822331232
0.41749998927116	-8.5409985873144
0.42219999432564	-9.2303488154345
0.42689999938011	-10.074517203109
0.43160000443459	-11.034545946162
0.43630000948906	-12.036578140000
0.44100001454353	-12.952103603001
0.44569998979568	-13.611238626201
0.45039999485016	-13.888963088611
0.45509999990463	-13.808815530571
0.45980000495911	-13.526120590648
0.46450001001358	-13.213631712813
0.46919998526573	-12.988380563483
0.47389999032021	-12.907232376662
0.47859999537468	-12.985965270314
0.48330000042915	-13.214153808440
0.48800000548363	-13.560714871320
0.49270001053810	-13.972965881216
0.49739998579025	-14.375850516797
0.50209999084473	-14.681904736560
0.50679999589920	-14.819896457429
0.51150000095367	-14.770184939176
0.51620000600815	-14.575104987767
0.52090001106262	-14.312623436660
0.52560001611710	-14.059513210205
0.53030002117157	-13.870299020735
0.53500002622604	-13.773483760226
0.53969997167587	-13.775124208244
0.54439997673035	-13.862566945917
0.54909998178482	-14.006545160542
0.55379998683929	-14.163458291457
0.55849999189377	-14.281645007982
0.56319999694824	-14.314479219583
0.56790000200272	-14.237125609251
0.57260000705719	-14.056666957267
0.57730001211166	-13.807406772409
0.58200001716614	-13.535174023594
0.58670002222061	-13.281740914556
0.59140002727509	-13.076073215021
0.59609997272491	-12.931879422271
0.60079997777939	-12.848240390894
0.60549998283386	-12.811178845013
0.61019998788834	-12.796020172240
0.61489999294281	-12.771609518560
0.61959999799728	-12.707419909431
0.62430000305176	-12.582431040248
0.62900000810623	-12.392038822370
0.63370001316071	-12.148932043182
0.63840001821518	-11.877429185029
0.64310002326965	-11.604884556638
0.64780002832413	-11.354384919260
0.65249997377396	-11.140543060703
0.65719997882843	-10.968026075728
0.66189998388290	-10.831778859890
0.66659998893738	-10.718491546651
0.67129999399185	-10.609370664572
0.67599999904633	-10.484437069815
0.68070000410080	-10.327771683749
0.68540000915527	-10.132070406972
0.69010001420975	-9.9005256917976
0.69480001926422	-9.6451419002233
0.69950002431870	-9.3824952658004
0.70420002937317	-9.1289506026822
0.70889997482300	-8.8969176788680
0.71359997987747	-8.6926835177383
0.71829998493195	-8.5157329604801
0.72299998998642	-8.3592572194145
0.72769999504089	-8.2118272109643
0.73240000009537	-8.0600922100632
0.73710000514984	-7.8921787994957
0.74180001020432	-7.7008768266514
0.74650001525879	-7.4855181797647
0.75120002031326	-7.2518181331169
0.75590002536774	-7.0098659966064
0.76059997081757	-6.7711503972253
0.76529997587204	-6.5456792713119
0.76999998092651	-6.3398629743041
0.77469998598099	-6.1553780954193
0.77939999103546	-5.9890557616099
0.78409999608994	-5.8337491788254
0.78880000114441	-5.6800781602238
0.79350000619888	-5.5188194943235
0.79820001125336	-5.3433351117311
0.80290001630783	-5.1513526353030
0.80760002136230	-4.9454573794605
0.81230002641678	-4.7322104646990
0.81699997186661	-4.5202462704648
0.82169997692108	-4.3180551913831
0.82639998197556	-4.1320116441345
0.83109998703003	-3.9650217633250
0.83579999208450	-3.8160040663304
0.84049999713898	-3.6802269848224
0.84520000219345	-3.5504791158640
0.84990000724792	-3.4189388110991
0.85460001230240	-3.2792570763305
0.85930001735687	-3.1283508948104
0.86400002241135	-2.9672833943175
0.86870002746582	-2.8009890435711
0.87339997291565	-2.6369556419143
0.87809997797012	-2.4833375878205
0.88279998302460	-2.3469850803962
0.88749998807907	-2.2319006491645
0.89219999313354	-2.1383495125290
0.89689999818802	-2.0628533275790
0.90160000324249	-1.9990767088763
0.90630000829697	-1.9395045933155
0.91100001335144	-1.8775618822762
0.91570001840591	-1.8096335203840
0.92040002346039	-1.7363595623775
0.92510002851486	-1.6627854667437
0.92979997396469	-1.5973172394195
0.93449997901917	-1.5498051746551
0.93919998407364	-1.5293351301873
0.94389998912811	-1.5422874097646
0.94859999418259	-1.5910827444779
0.95329999923706	-1.6739059500405
0.95800000429153	-1.7855495330806
0.96270000934601	-1.9193059630407
0.96740001440048	-2.0696585193736
0.97210001945496	-2.2352301264233
0.97680002450943	-2.4211742144140
0.98150002956390	-2.6403928658505
0.98619997501373	-2.9132087022545
0.99089998006821	-3.2658764289908
0.99559998512268	-3.7288098819683
1.0003000497818	-4.3356232332680
1.0049999952316	-5.1240736626072
1.0096999406815	-6.1400072456276
1.0144000053406	-7.4459144116315
1.0190999507904	-9.1375073831565
1.0238000154495	-11.375361437449
1.0284999608994	-14.434377735101
1.0332000255585	-18.540420006402
1.0378999710083	-20.730673175428
1.0426000356674	-16.951614435510
1.0472999811172	-13.098216625776
1.0520000457764	-10.282551905915
1.0566999912262	-8.1831435677371
1.0614000558853	-6.5702519298993
1.0661000013351	-5.3111711222669
1.0707999467850	-4.3247153247642
1.0755000114441	-3.5559197227667
1.0801999568939	-2.9629814941985
1.0849000215530	-2.5106953845970
1.0895999670029	-2.1676437144977
1.0943000316620	-1.9056984672412
1.0989999771118	-1.7007652999870
1.1037000417709	-1.5339342019560
1.1083999872208	-1.3922725733568
1.1131000518799	-1.2687833495707
1.1177999973297	-1.1613974810246
1.1224999427795	-1.0712491654625
1.1272000074387	-1.0006842379009
1.1318999528885	-0.95150609061590
1.1366000175476	-0.92379391759409
1.1412999629974	-0.91547899947943
1.1460000276566	-0.92258271119162
1.1506999731064	-0.93999562937964
1.1554000377655	-0.96254279432304
1.1600999832153	-0.98602108607522
1.1648000478745	-1.0079541395497
1.1694999933243	-1.0278930369580
1.1742000579834	-1.0471651012540
1.1789000034332	-1.0682049922835
1.1835999488831	-1.0936701010652
1.1883000135422	-1.1256201982602
1.1929999589920	-1.1649173497410
1.1977000236511	-1.2110481557163
1.2023999691010	-1.2622790946928
1.2071000337601	-1.3161484978608
1.2117999792099	-1.3701024752367
1.2165000438690	-1.4221349744562
1.2211999893188	-1.4712439468873
1.2259000539780	-1.5176063672448
1.2305999994278	-1.5624260057277
1.2352999448776	-1.6075191003796
1.2400000095367	-1.6547697071548
1.2446999549866	-1.7056093383784
1.2494000196457	-1.7606465381180
1.2540999650955	-1.8195603692343
1.2588000297546	-1.8812175153686
1.2634999752045	-1.9440060327187
1.2682000398636	-2.0062784808981
1.2728999853134	-2.0667784940801
1.2776000499725	-2.1249539181718
1.2822999954224	-2.1810687009006
1.2869999408722	-2.2360935354069
1.2917000055313	-2.2914121836587
1.2963999509811	-2.3484378586573
1.3011000156403	-2.4082407767264
1.3057999610901	-2.4712906041153
1.3105000257492	-2.5373689613755
1.3151999711990	-2.6056625389955
1.3199000358582	-2.6750022052772
1.3245999813080	-2.7441931568423
1.3293000459671	-2.8123286535967
1.3339999914169	-2.8790322074409
1.3387000560760	-2.9445474535708
1.3434000015259	-3.0096566347429
1.3480999469757	-3.0754741330740
1.3528000116348	-3.1431502343340
1.3574999570847	-3.2135940511441
1.3622000217438	-3.2872514590712
1.3668999671936	-3.3640365477321
1.3716000318527	-3.4433794023768
1.3762999773026	-3.5244113952542
1.3810000419617	-3.6062066777368
1.3856999874115	-3.6880442480844
1.3904000520706	-3.7696076647586
1.3950999975204	-3.8510766380681
1.3997999429703	-3.9330924164587
1.4045000076294	-4.0166019490125
1.4091999530792	-4.1026344733948
1.4139000177383	-4.1920664866001
1.4185999631882	-4.2854293257157
1.4233000278473	-4.3828212828142
1.4279999732971	-4.4839180375121
1.4327000379562	-4.5880888452631
1.4373999834061	-4.6946036734489
1.4421000480652	-4.8028383232637
1.4467999935150	-4.9124685355945
1.4515000581741	-5.0235876410965
1.4562000036240	-5.1367121512906
1.4608999490738	-5.2526880658217
1.4656000137329	-5.3725189097363
1.4702999591827	-5.4971613424989
1.4750000238419	-5.6273337134339
1.4796999692917	-5.7633900236110
1.4844000339508	-5.9052864184520
1.4890999794006	-6.0526367550920
1.4938000440598	-6.2048613941065
1.4984999895096	-6.3613694623412
1.5032000541687	-6.5217644481452
1.5078999996185	-6.6859916529796
1.5125999450684	-6.8544164124275
1.5173000097275	-7.0277948948326
1.5219999551773	-7.2071579320868
1.5267000198364	-7.3936256392092
1.5313999652863	-7.5882019578358
1.5361000299454	-7.7916019369592
1.5407999753952	-8.0041352814794
1.5455000400543	-8.2256904608065
1.5501999855042	-8.4558137939875
1.5549000501633	-8.6938711480557
1.5595999956131	-8.9392662817054
1.5642999410629	-9.1916507930327
1.5690000057220	-9.4510948778740
1.5736999511719	-9.7181660762188
1.5784000158310	-9.9938819151489
1.5830999612808	-10.279565081637
1.5878000259399	-10.576615770553
1.5924999713898	-10.886252212571
1.5972000360489	-11.209293515803
1.6018999814987	-11.546002085881
1.6066000461578	-11.896064876882
1.6112999916077	-12.258679522390
1.6160000562668	-12.632771274262
1.6207000017166	-13.017280514212
1.6253999471664	-13.411457758496
1.6301000118256	-13.815096056598
1.6347999572754	-14.228637609962
1.6395000219345	-14.653073027131
1.6441999673843	-15.089732168470
1.6489000320435	-15.539867113220
1.6535999774933	-16.004238767665
1.6583000421524	-16.482682715033
1.6629999876022	-16.973778693811
1.6677000522614	-17.474670452183
1.6723999977112	-17.981052499761
1.6770999431610	-18.487335462797
1.6818000078201	-18.986940690540
1.6864999532700	-19.472667692195
1.6912000179291	-19.937059592489
1.6958999633789	-20.372664862768
1.7006000280380	-20.772285792766
1.7052999734879	-21.129112310928
1.7100000381470	-21.436997812347
1.7146999835968	-21.690710922830
1.7194000482559	-21.886414413773
1.7240999937057	-22.022005637151
1.7288000583649	-22.097365492784
1.7335000038147	-22.114364771017
1.7381999492645	-22.076654800078
1.7429000139236	-21.989329657820
1.7475999593735	-21.858635196732
1.7523000240326	-21.691685338780
1.7569999694824	-21.496273173390
1.7617000341415	-21.280601479805
1.7663999795914	-21.052910230795
1.7711000442505	-20.821014173381
1.7757999897003	-20.591772606831
1.7805000543594	-20.370620954147
1.7851999998093	-20.161248448358
1.7898999452591	-19.965477811007
1.7946000099182	-19.783438296787
1.7992999553680	-19.613924608371
1.8040000200272	-19.454991304371
1.8086999654770	-19.304602132881
1.8134000301361	-19.161225171113
1.8180999755859	-19.024312483603
1.8228000402451	-18.894429884901
1.8274999856949	-18.773142021094
1.8322000503540	-18.662627333171
1.8368999958038	-18.565127983663
1.8415999412537	-18.482423091316
1.8463000059128	-18.415430922093
1.8509999513626	-18.363992986278
1.8557000160217	-18.326911360480
1.8603999614716	-18.302259871625
1.8651000261307	-18.287789329743
1.8697999715805	-18.281504483826
1.8745000362396	-18.282108699901
1.8791999816895	-18.289337128789
1.8839000463486	-18.304018251245
1.8885999917984	-18.327877314136
1.8933000564575	-18.363134985214
1.8980000019073	-18.412005442525
1.9026999473572	-18.476232316904
1.9074000120163	-18.556728775215
1.9120999574661	-18.653444123127
1.9168000221252	-18.765458766721
1.9214999675751	-18.891294778186
1.9262000322342	-19.029369772956
1.9308999776840	-19.178489542373
1.9356000423431	-19.338307581894
1.9402999877930	-19.509574861418
1.9450000524521	-19.694182095891
1.9496999979019	-19.894899654187
1.9543999433517	-20.115012834780
1.9591000080109	-20.357786846596
1.9637999534607	-20.626046818748
1.9685000181198	-20.921848855323
1.9731999635696	-21.246369669927
1.9779000282288	-21.600021516613
1.9825999736786	-21.982784636169
1.9873000383377	-22.394705837112
1.9919999837875	-22.836437120848
1.9967000484467	-23.309763236650
2.0013999938965	-23.817864537044
2.0060999393463	-24.365338122873
2.0107998847961	-24.957813683005
2.0155000686646	-25.601039556540
2.0202000141144	-26.299520732564
2.0248999595642	-27.054247046776
2.0295999050140	-27.859189211798
2.0343000888824	-28.695599705740
2.0390000343323	-29.523664367881
2.0436999797821	-30.272860381577
2.0483999252319	-30.839060633181
2.0531001091003	-31.105335159516
2.0578000545502	-30.994389136258
2.0625000000000	-30.517233899412
2.0671999454498	-29.764607835203
2.0718998908997	-28.851585016888
2.0766000747681	-27.873105488289
2.0813000202179	-26.891338527443
2.0859999656677	-25.941643467733
2.0906999111176	-25.041890747568
2.0954000949860	-24.199470703361
2.1001000404358	-23.415729787179
2.1047999858856	-22.688511012526
2.1094999313354	-22.013615026589
2.1142001152039	-21.385873810049
2.1189000606537	-20.799803029417
2.1236000061035	-20.250241377506
2.1282999515533	-19.732764350732
2.1329998970032	-19.243964210548
2.1377000808716	-18.781545749897
2.1424000263214	-18.344199429879
2.1470999717712	-17.931342793888
2.1517999172211	-17.542773051348
2.1565001010895	-17.178284180172
2.1612000465393	-16.837372186548
2.1658999919891	-16.519046367091
2.1705999374390	-16.221800878748
2.1752998828888	-15.943703111065
2.1800000667572	-15.682618173326
2.1847000122070	-15.436471355150
2.1893999576569	-15.203527565363
2.1940999031067	-14.982578277311
2.1988000869751	-14.773030077459
2.2035000324249	-14.574848355628
2.2081999778748	-14.388391603526
2.2128999233246	-14.214166464160
2.2176001071930	-14.052565079252
2.2223000526428	-13.903658968192
2.2269999980927	-13.767086721921
2.2316999435425	-13.642029841420
2.2363998889923	-13.527338214858
2.2411000728607	-13.421716043940
2.2458000183105	-13.323944309330
2.2504999637604	-13.233104178270
2.2551999092102	-13.148713727396
2.2599000930786	-13.070748712791
2.2646000385284	-12.999590415005
2.2692999839783	-12.935841404256
2.2739999294281	-12.880121242104
2.2787001132965	-12.832848645910
2.2834000587463	-12.794103160472
2.2881000041962	-12.763554338578
2.2927999496460	-12.740514083004
2.2974998950958	-12.724071101293
2.3022000789642	-12.713270883312
2.3069000244141	-12.707339213969
2.3115999698639	-12.705829025913
2.3162999153137	-12.708714048308
2.3210000991821	-12.716358305564
2.3257000446320	-12.729403139062
2.3303999900818	-12.748591468995
2.3350999355316	-12.774562969998
2.3397998809814	-12.807677600037
2.3445000648499	-12.847934654799
2.3492000102997	-12.894956625422
2.3538999557495	-12.948087748301
2.3585999011993	-13.006562602589
2.3633000850677	-13.069690749052
2.3680000305176	-13.137048848119
2.3726999759674	-13.208596810831
2.3773999214172	-13.284700447760
2.3821001052856	-13.366056712435
2.3868000507355	-13.453541149267
2.3914999961853	-13.548012645201
2.3961999416351	-13.650123224965
2.4008998870850	-13.760189192982
2.4056000709534	-13.878139625244
2.4103000164032	-14.003576333015
2.4149999618530	-14.135897997452
2.4196999073029	-14.274514108963
2.4244000911713	-14.419028147559
2.4291000366211	-14.569410032657
2.4337999820709	-14.726073492170
2.4384999275208	-14.889854825434
2.4432001113892	-15.061879178376
2.4479000568390	-15.243364191354
2.4526000022888	-15.435433858581
2.4572999477386	-15.638910773693
2.4619998931885	-15.854221941021
2.4667000770569	-16.081393943948
2.4714000225067	-16.320159208095
2.4760999679565	-16.570128505634
2.4807999134064	-16.831055296557
2.4855000972748	-17.103017573481
2.4902000427246	-17.386616871627
2.4948999881744	-17.683011387413
2.4995999336243	-17.993854696517
2.5043001174927	-18.321118232014
2.5090000629425	-18.666838811848
2.5137000083923	-19.032872206514
2.5183999538422	-19.420632637888
2.5230998992920	-19.830988229055
2.5278000831604	-20.264175517643
2.5325000286102	-20.719879790214
2.5371999740601	-21.197330848894
2.5418999195099	-21.695397058570
2.5466001033783	-22.212597717576
2.5513000488281	-22.746880040865
2.5559999942780	-23.295116283408
2.5606999397278	-23.852175022725
2.5653998851776	-24.409622677962
2.5701000690460	-24.954145084415
2.5748000144958	-25.466042817074
2.5794999599457	-25.918587306637
2.5841999053955	-26.279375507198
2.5889000892639	-26.514838475940
2.5936000347137	-26.597761137517
2.5982999801636	-26.515193197764
2.6029999256134	-26.272677029578
2.6077001094818	-25.892075542806
2.6124000549316	-25.404629520541
2.6171000003815	-24.843363610974
2.6217999458313	-24.237758328000
2.6264998912811	-23.611484222303
2.6312000751495	-22.982196419782
2.6359000205994	-22.362303157395
2.6405999660492	-21.759958795496
2.6452999114990	-21.180018072975
2.6500000953674	-20.624760330929
2.6547000408173	-20.094610294069
2.6593999862671	-19.588686419864
2.6640999317169	-19.105317051825
2.6688001155853	-18.642549464363
2.6735000610352	-18.198517632346
2.6782000064850	-17.771723355211
2.6828999519348	-17.361176581720
2.6875998973846	-16.966384219030
2.6923000812531	-16.587215358325
2.6970000267029	-16.223700485924
2.7016999721527	-15.875796633773
2.7063999176025	-15.543209838562
2.7111001014709	-15.225283105622
2.7158000469208	-14.920981553811
2.7204999923706	-14.628986909544
2.7251999378204	-14.347862051950
2.7298998832703	-14.076252979552
2.7346000671387	-13.813061012121
2.7393000125885	-13.557572007557
2.7439999580383	-13.309473519272
2.7486999034882	-13.068816785456
2.7534000873566	-12.835851280560
2.7581000328064	-12.610866851147
2.7627999782562	-12.394016978476
2.7674999237061	-12.185188563955
2.7722001075745	-11.983963453190
2.7769000530243	-11.789646904657
2.7815999984741	-11.601376048519
2.7862999439240	-11.418272755958
2.7909998893738	-11.239596656559
2.7957000732422	-11.064871833547
2.8004000186920	-10.893927128790
2.8050999641418	-10.726887945193
2.8097999095917	-10.564071023392
2.8145000934601	-10.405852634284
2.8192000389099	-10.252518436594
2.8238999843597	-10.104150441677
2.8285999298096	-9.9605715133961
2.8333001136780	-9.8213525876611
2.8380000591278	-9.6859018830726
2.8427000045776	-9.5535779296466
2.8473999500275	-9.4238314763569
2.8520998954773	-9.2963100122265
2.8568000793457	-9.1709210555555
2.8615000247955	-9.0478200645776
2.8661999702454	-8.9273359916210
2.8708999156952	-8.8098565127535
2.8756000995636	-8.6957105803316
2.8803000450134	-8.5850472616077
2.8849999904633	-8.4777942333000
2.8896999359131	-8.3736529862674
2.8943998813629	-8.2721743533797
2.8991000652313	-8.1728482990898
2.9038000106812	-8.0752372888484
2.9084999561310	-7.9790689448243
2.9131999015808	-7.8842929145235
2.9179000854492	-7.7910769836960
2.9226000308990	-7.6997446512283
2.9272999763489	-7.6106749838484
2.9319999217987	-7.5241934418675
2.9367001056671	-7.4404742244121
2.9414000511169	-7.3594820687296
2.9460999965668	-7.2809877622032
2.9507999420166	-7.2046062545549
2.9554998874664	-7.1299117497905
2.9602000713348	-7.0565316295097
2.9649000167847	-6.9842351587926
2.9695999622345	-6.9129954750279
2.9742999076843	-6.8429812668098
2.9790000915527	-6.7745010711280
2.9837000370026	-6.7079109839673
2.9883999824524	-6.6435175354125
2.9930999279022	-6.5814909361947
2.9978001117706	-6.5217991189186
3.0025000572205	-6.4642409015682
3.0072000026703	-6.4084713990368
3.0118999481201	-6.3541049230698
3.0165998935699	-6.3008042405662
3.0213000774384	-6.2483659144103
3.0260000228882	-6.1967776963771
3.0306999683380	-6.1462035239964
3.0353999137878	-6.0969302743160
3.0401000976562	-6.0492960552326
3.0448000431061	-6.0035802279580
3.0494999885559	-5.9599317218726
3.0541999340057	-5.9183276588299
3.0589001178741	-5.8785657613043
3.0636000633240	-5.8403198891387
3.0683000087738	-5.8032334451228
3.0729999542236	-5.7669911711502
3.0776998996735	-5.7314102808463
3.0824000835419	-5.6964917879888
3.0871000289917	-5.6623912530205
3.0917999744415	-5.6293875179078
3.0964999198914	-5.5977968796242
3.1012001037598	-5.5678785077863
3.1059000492096	-5.5397690390408
3.1105999946594	-5.5134279595131
3.1152999401093	-5.4886625021430
3.1199998855591	-5.4651530473714
3.1247000694275	-5.4425603496116
3.1294000148773	-5.4205897558889
3.1340999603271	-5.3990779192429
3.1387999057770	-5.3780302379086
3.1435000896454	-5.3576081780009
3.1482000350952	-5.3380855981052
3.1528999805450	-5.3197650123100
3.1575999259949	-5.3028863227349
3.1623001098633	-5.2875622129685
3.1670000553131	-5.2737464179318
3.1717000007629	-5.2612322792210
3.1763999462128	-5.2497048583417
3.1810998916626	-5.2388321631835
3.1858000755310	-5.2283314479046
3.1905000209808	-5.2180518771538
3.1951999664307	-5.2080078443099
3.1998999118805	-5.1983615835514
3.2046000957489	-5.1893770544763
3.2093000411987	-5.1813365115568
3.2139999866486	-5.1744541127093
3.2186999320984	-5.1688204145008
3.2234001159668	-5.1643510964695
3.2281000614166	-5.1608183727037
3.2328000068665	-5.1578902034543
3.2374999523163	-5.1552181208185
3.2421998977661	-5.1525201725294
3.2469000816345	-5.1496388544682
3.2516000270844	-5.1465802140012
3.2562999725342	-5.1434955736093
3.2609999179840	-5.1406214087817
3.2657001018524	-5.1382047498562
3.2704000473022	-5.1364097443038
3.2750999927521	-5.1352674541791
3.2797999382019	-5.1346303365907
3.2844998836517	-5.1342033936059
3.2892000675201	-5.1336059284598
3.2939000129700	-5.1324354974856
3.2985999584198	-5.1303684571758
3.3032999038696	-5.1272163900575
3.3080000877380	-5.1229450837936
3.3127000331879	-5.1176654628092
3.3173999786377	-5.1115545970288
3.3220999240875	-5.1047901384147
3.3268001079559	-5.0974515718401
3.3315000534058	-5.0894704336199
3.3361999988556	-5.0806122366883
3.3408999443054	-5.0704941571022
3.3455998897552	-5.0586611323720
3.3503000736237	-5.0446682145867
3.3550000190735	-5.0281666917710
3.3596999645233	-5.0089674571843
3.3643999099731	-4.9870424510597
3.3691000938416	-4.9625150081100
3.3738000392914	-4.9355838568263
3.3784999847412	-4.9064348336563
3.3831999301910	-4.8751716494087
3.3879001140594	-4.8417615612568
3.3926000595093	-4.8060377499998
3.3973000049591	-4.7677297992522
3.4019999504089	-4.7265531656133
3.4066998958588	-4.6822862740222
3.4114000797272	-4.6348536355066
3.4161000251770	-4.5843660052012
3.4207999706268	-4.5311369740524
3.4254999160767	-4.4756162685129
3.4302000999451	-4.4183341076849
3.4349000453949	-4.3598022697647
3.4395999908447	-4.3004502619040
3.4442999362946	-4.2405784766238
3.4489998817444	-4.1803620417402
3.4537000656128	-4.1198966769950
3.4584000110626	-4.0592572239020
3.4630999565125	-3.9985776798077
3.4677999019623	-3.9381032070941
3.4725000858307	-3.8782145267822
3.4772000312805	-3.8194134438457
3.4818999767303	-3.7622762443188
3.4865999221802	-3.7073704036938
3.4913001060486	-3.6551866028061
3.4960000514984	-3.6060720914003
3.5006999969482	-3.5602164150824
3.5053999423981	-3.5176450999836
3.5100998878479	-3.4782731159897
3.5148000717163	-3.4419708467851
3.5195000171661	-3.4086268310019
3.5241999626160	-3.3782084267555
3.5288999080658	-3.3507835634494
3.5336000919342	-3.3265141434607
3.5383000373840	-3.3056204435697
3.5429999828339	-3.2883137010458
3.5476999282837	-3.2747433252154
3.5524001121521	-3.2649413178473
3.5571000576019	-3.2588026664167
3.5618000030518	-3.2560996849569
3.5664999485016	-3.2565196828714
3.5711998939514	-3.2597257581840
3.5759000778198	-3.2654249798809
3.5806000232697	-3.2734186567295
3.5852999687195	-3.2836328130084
3.5899999141693	-3.2961062264254
3.5947000980377	-3.3109604703282
3.5994000434875	-3.3283399500317
3.6040999889374	-3.3483453072017
3.6087999343872	-3.3709885176742
3.6135001182556	-3.3961615935043
3.6182000637054	-3.4236444230184
3.6229000091553	-3.4531408045350
3.6275999546051	-3.4843347861108
3.6322999000549	-3.5169608398152
3.6370000839233	-3.5508472739669
3.6417000293732	-3.5859527942984
3.6463999748230	-3.6223619132778
3.6510999202728	-3.6602422889008
3.6558001041412	-3.6997936142019
3.6605000495911	-3.7411753622634
3.6651999950409	-3.7844547659498
3.6698999404907	-3.8295704600517
3.6745998859406	-3.8763466818478
3.6793000698090	-3.9245180362347
3.6840000152588	-3.9737952253416
3.6886999607086	-4.0239302022748
3.6933999061584	-4.0747792507152
3.6981000900269	-4.1263252673380
3.7028000354767	-4.1786841964644
3.7074999809265	-4.2320631060895
3.7121999263763	-4.2866966655948
3.7169001102448	-4.3427745200769
3.7216000556946	-4.4003821760713
3.7263000011444	-4.4594637996570
3.7309999465942	-4.5198256200347
3.7356998920441	-4.5811774254293
3.7404000759125	-4.6431933952019
3.7451000213623	-4.7055902736415
3.7497999668121	-4.7681933691811
3.7544999122620	-4.8309718268431
3.7592000961304	-4.8940326851723
3.7639000415802	-4.9575821880206
3.7685999870300	-5.0218514287594
3.7732999324799	-5.0870176525033
3.7780001163483	-5.1531257804618
3.7827000617981	-5.2200670324019
3.7874000072479	-5.2875666033180
3.7920999526978	-5.3552400370301
3.7967998981476	-5.4226651092892
3.8015000820160	-5.4894754544364
3.8062000274658	-5.5554319820553
3.8108999729156	-5.6204582656498
3.8155999183655	-5.6846464400648
3.8203001022339	-5.7481848450853
3.8250000476837	-5.8112909810317
3.8296999931335	-5.8741053219467
3.8343999385834	-5.9366182976798
3.8390998840332	-5.9986320020692
3.8438000679016	-6.0597768916279
3.8485000133514	-6.1195668734691
3.8531999588013	-6.1775044909250
3.8578999042511	-6.2331799655005
3.8626000881195	-6.2863561670008
3.8673000335693	-6.3370063175851
3.8719999790192	-6.3852954711406
3.8766999244690	-6.4315065209240
3.8814001083374	-6.4759368398333
3.8861000537872	-6.5187850633145
3.8907999992371	-6.5600816755327
3.8954999446869	-6.5996480311265
3.9001998901367	-6.6371362681081
3.9049000740051	-6.6721122432846
3.9096000194550	-6.7041695755323
3.9142999649048	-6.7330487733843
3.9189999103546	-6.7587118084304
3.9237000942230	-6.7813643851334
3.9284000396729	-6.8014132378487
3.9330999851227	-6.8193636286533
3.9377999305725	-6.8357002193848
3.9425001144409	-6.8507709252832
3.9472000598907	-6.8647120288732
3.9519000053406	-6.8774399113491
3.9565999507904	-6.8887001392267
3.9612998962402	-6.8981787302792
3.9660000801086	-6.9056219995765
3.9707000255585	-6.9109530280186
3.9753999710083	-6.9143265732859
3.9800999164581	-6.9161362647094
3.9848001003265	-6.9169429752561
3.9895000457764	-6.9173594560709
3.9941999912262	-6.9179247302231
3.9988999366760	-6.9189904296726
4.0036001205444	-6.9206673588019
4.0082998275757	-6.9228321766365
4.0130000114441	-6.9251992501692
4.0177001953125	-6.9274366395448
4.0223999023438	-6.9292961688650
4.0271000862122	-6.9307122426707
4.0317997932434	-6.9318608390484
4.0364999771118	-6.9331384895339
4.0412001609802	-6.9350836818790
4.0458998680115	-6.9382614628664
4.0506000518799	-6.9431294917543
4.0553002357483	-6.9499381708128
4.0599999427795	-6.9586891362376
4.0647001266479	-6.9691487505715
4.0693998336792	-6.9809360619528
4.0741000175476	-6.9936403910194
4.0788002014160	-7.0069542435241
4.0834999084473	-7.0207703530065
4.0882000923157	-7.0352325597750
4.0928997993469	-7.0507060772932
4.0975999832153	-7.0676947007012
4.1023001670837	-7.0867189703720
4.1069998741150	-7.1081794280993
4.1117000579834	-7.1322606557353
4.1163997650146	-7.1588876566110
4.1210999488831	-7.1877492222815
4.1258001327515	-7.2183964765650
4.1304998397827	-7.2503551130121
4.1352000236511	-7.2832793478708
4.1399002075195	-7.3170418238245
4.1445999145508	-7.3517901627354
4.1493000984192	-7.3879065883203
4.1539998054504	-7.4259267391932
4.1586999893188	-7.4663991622520
4.1634001731873	-7.5097424079917
4.1680998802185	-7.5561470976370
4.1728000640869	-7.6055212248489
4.1774997711182	-7.6575282048741
4.1821999549866	-7.7116827364383
4.1869001388550	-7.7674886979336
4.1915998458862	-7.8245943633615
4.1963000297546	-7.8829035612150
4.2010002136230	-7.9426311489626
4.2056999206543	-8.0042638110054
4.2104001045227	-8.0684612653488
4.2150998115540	-8.1358983262203
4.2197999954224	-8.2071085221890
4.2245001792908	-8.2823549061319
4.2291998863220	-8.3615775482776
4.2339000701904	-8.4444142219385
4.2385997772217	-8.5303094983563
4.2432999610901	-8.6186689020370
4.2480001449585	-8.7090234830396
4.2526998519897	-8.8011660191516
4.2574000358582	-8.8952090874031
4.2621002197266	-8.9915470581448
4.2667999267578	-9.0907378811031
4.2715001106262	-9.1933235439836
4.2761998176575	-9.2996419591971
4.2809000015259	-9.4096884303743
4.2856001853943	-9.5230483618110
4.2902998924255	-9.6389533502606
4.2950000762939	-9.7564206136255
4.2996997833252	-9.8744771467335
4.3043999671936	-9.9923880952185
4.3091001510620	-10.109838810008
4.3137998580933	-10.227011492735
4.3185000419617	-10.344539077847
4.3232002258301	-10.463329700617
4.3278999328613	-10.584308713407
4.3326001167297	-10.708172026183
4.3372998237610	-10.835175114116
4.3420000076294	-10.965062822808
4.3467001914978	-11.097125089740
4.3513998985291	-11.230390130799
4.3561000823975	-11.363913067954
4.3607997894287	-11.497059248843
4.3654999732971	-11.629728000498
4.3702001571655	-11.762421909561
4.3748998641968	-11.896155839912
4.3796000480652	-12.032199008640
4.3843002319336	-12.171744282938
4.3889999389648	-12.315577876962
4.3937001228333	-12.463842855953
4.3983998298645	-12.615979784837
4.4031000137329	-12.770842077582
4.4078001976013	-12.926999785964
4.4124999046326	-13.083133754079
4.4172000885010	-13.238428234838
4.4218997955322	-13.392833053547
4.4265999794006	-13.547122727947
4.4313001632690	-13.702699431623
4.4359998703003	-13.861207450499
4.4407000541687	-14.024050575678
4.4454002380371	-14.191952957542
4.4500999450684	-14.364681447558
4.4548001289368	-14.541018204340
4.4594998359680	-14.719016273942
4.4642000198364	-14.896470929960
4.4689002037048	-15.071517533691
4.4735999107361	-15.243156315060
4.4783000946045	-15.411553897473
4.4829998016357	-15.577992246144
4.4876999855042	-15.744450423119
4.4924001693726	-15.912969389751
4.4970998764038	-16.084915513959
4.5018000602722	-16.260416015804
4.5064997673035	-16.438103585707
4.5111999511719	-16.615265308469
4.5159001350403	-16.788413624149
4.5205998420715	-16.954130122795
4.5253000259399	-17.109971985947
4.5300002098083	-17.255103240548
4.5346999168396	-17.390471618517
4.5394001007080	-17.518343374949
4.5440998077393	-17.641425447263
4.5487999916077	-17.761757202217
4.5535001754761	-17.879803769551
4.5581998825073	-17.993956694942
4.5629000663757	-18.100688213757
4.5675997734070	-18.195321563742
4.5722999572754	-18.273282272360
4.5770001411438	-18.331424302359
4.5816998481750	-18.368971077326
4.5864000320435	-18.387741329567
4.5911002159119	-18.391462592728
4.5957999229431	-18.384526331611
4.6005001068115	-18.370514563189
4.6051998138428	-18.351099034932
4.6098999977112	-18.325532259210
4.6146001815796	-18.290984634929
4.6192998886108	-18.243531167615
4.6240000724792	-18.179582497091
4.6286997795105	-18.097246482635
4.6333999633789	-17.997168871632
4.6381001472473	-17.882517364908
4.6427998542786	-17.758177130629
4.6475000381470	-17.629388362455
4.6522002220154	-17.500409638437
4.6568999290466	-17.373500919135
4.6616001129150	-17.248584945121
4.6662998199463	-17.123561537407
4.6710000038147	-16.995195285124
4.6757001876831	-16.860332100069
4.6803998947144	-16.717042768570
4.6851000785828	-16.565377433586
4.6897997856140	-16.407491229010
4.6944999694824	-16.247067343360
4.6992001533508	-16.088340813794
4.7038998603821	-15.934977630313
4.7086000442505	-15.789195780513
4.7133002281189	-15.651303098212
4.7179999351501	-15.519777551064
4.7227001190186	-15.391835369242
4.7273998260498	-15.264320242246
4.7321000099182	-15.134673838635
4.7368001937866	-15.001761110033
4.7414999008179	-14.866231160719
4.7462000846863	-14.730333192451
4.7508997917175	-14.597314339858
4.7555999755859	-14.470513368041
4.7603001594543	-14.352482739916
4.7649998664856	-14.244352513204
4.7697000503540	-14.145609165411
4.7744002342224	-14.054283419466
4.7790999412537	-13.967525138806
4.7838001251221	-13.882424285654
4.7884998321533	-13.796843304265
4.7932000160217	-13.710054642068
4.7979001998901	-13.622943307718
4.8025999069214	-13.537779070494
4.8073000907898	-13.457566981794
4.8119997978210	-13.385229076263
4.8166999816895	-13.322774378604
4.8214001655579	-13.270757626342
4.8260998725891	-13.228059835026
4.8308000564575	-13.192084005295
4.8354997634888	-13.159292711333
4.8401999473572	-13.125987096934
4.8449001312256	-13.089107320071
4.8495998382568	-13.046853366157
4.8543000221252	-12.998932836255
4.8590002059937	-12.946372965304
4.8636999130249	-12.890955977008
4.8684000968933	-12.834484551648
4.8730998039246	-12.778119729869
4.8777999877930	-12.721981824429
4.8825001716614	-12.665132857236
4.8871998786926	-12.605958832343
4.8919000625610	-12.542810611651
4.8965997695923	-12.474732410679
4.9012999534607	-12.402007007578
4.9060001373291	-12.326334645787
4.9106998443604	-12.250613221142
4.9154000282288	-12.178296853212
4.9201002120972	-12.112591861335
4.9247999191284	-12.055689970558
4.9295001029968	-12.008232908873
4.9341998100281	-11.969143148358
4.9388999938965	-11.935893404923
4.9436001777649	-11.905113040399
4.9482998847961	-11.873450557622
4.9530000686646	-11.838451518219
4.9576997756958	-11.799205290860
4.9623999595642	-11.756566970900
4.9671001434326	-11.712846117025
4.9717998504639	-11.671101650939
4.9765000343323	-11.634196900598
4.9812002182007	-11.603909098311
4.9858999252319	-11.580347523464
4.9906001091003	-11.561773373386
4.9952998161316	-11.544896997966
5.0000000000000	-11.525604132899
#Parameters = {R_fat=48; R_glandular=38; R_skin_outer=50; T10=5; T15=7.5; T5=2.5; T_rad=4; T_x=10; T_y=0; T_z=75; Zc=65; skin_thickness=2; Mesh Pass=5}
#"Frequency / GHz"	"S1,1 (Mesh Pass=5) [Magnitude / dB]"
#-------------------------------------------------------
0.30000001192093	-23.124919480456
0.30469998717308	-24.080598514652
0.30939999222755	-24.294603171679
0.31409999728203	-23.720577368977
0.31880000233650	-22.827702424311
0.32350000739098	-22.073685478801
0.32820001244545	-21.704697249724
0.33289998769760	-21.853346287922
0.33759999275208	-22.642775791305
0.34229999780655	-24.251869642414
0.34700000286102	-26.840625581589
0.35170000791550	-28.990042762368
0.35640001296997	-26.189553307697
0.36109998822212	-21.774818440932
0.36579999327660	-18.224012278695
0.37049999833107	-15.468261373613
0.37520000338554	-13.296141310250
0.37990000844002	-11.578362790941
0.38460001349449	-10.242314522673
0.38929998874664	-9.2450253839444
0.39399999380112	-8.5560596232666
0.39869999885559	-8.1480478319634
0.40340000391006	-7.9932281122115
0.40810000896454	-8.0642509190547
0.41280001401901	-8.3368698340296
0.41749998927116	-8.7924749849086
0.42219999432564	-9.4190150774022
0.42689999938011	-10.209506265335
0.43160000443459	-11.156739921236
0.43630000948906	-12.241275830817
0.44100001454353	-13.407950701217
0.44569998979568	-14.530546609926
0.45039999485016	-15.395222159409
0.45509999990463	-15.786640503594
0.45980000495911	-15.673284929845
0.46450001001358	-15.246204552658
0.46919998526573	-14.745564050308
0.47389999032021	-14.331519925910
0.47859999537468	-14.078797068012
0.48330000042915	-14.010512846333
0.48800000548363	-14.122858394456
0.49270001053810	-14.394757842690
0.49739998579025	-14.786696629519
0.50209999084473	-15.233715101347
0.50679999589920	-15.641269916674
0.51150000095367	-15.899879060906
0.51620000600815	-15.929183118865
0.52090001106262	-15.725681021705
0.52560001611710	-15.363413094190
0.53030002117157	-14.946295187365
0.53500002622604	-14.562295185769
0.53969997167587	-14.266835485879
0.54439997673035	-14.085697711883
0.54909998178482	-14.022136763069
0.55379998683929	-14.061263421545
0.55849999189377	-14.171160373170
0.56319999694824	-14.303549350242
0.56790000200272	-14.398993525803
0.57260000705719	-14.401107455786
0.57730001211166	-14.277232381638
0.58200001716614	-14.032631173929
0.58670002222061	-13.706168940463
0.59140002727509	-13.351289084212
0.59609997272491	-13.017034110395
0.60079997777939	-12.737915099029
0.60549998283386	-12.531617472712
0.61019998788834	-12.400114880886
0.61489999294281	-12.331324210193
0.61959999799728	-12.300899160155
0.62430000305176	-12.275508613514
0.62900000810623	-12.219265501517
0.63370001316071	-12.103340603983
0.63840001821518	-11.915329555829
0.64310002326965	-11.663037184631
0.64780002832413	-11.370231084460
0.65249997377396	-11.067364847868
0.65719997882843	-10.782551286338
0.66189998388290	-10.535913059790
0.66659998893738	-10.337242227015
0.67129999399185	-10.185742838543
0.67599999904633	-10.070918369380
0.68070000410080	-9.9745995594526
0.68540000915527	-9.8745029488125
0.69010001420975	-9.7494373347320
0.69480001926422	-9.5850415317746
0.69950002431870	-9.3778648146759
0.70420002937317	-9.1357929996623
0.70889997482300	-8.8747700394703
0.71359997987747	-8.6136045462232
0.71829998493195	-8.3691083288340
0.72299998998642	-8.1527748056236
0.72769999504089	-7.9691346860292
0.73240000009537	-7.8154742352353
0.73710000514984	-7.6826870844170
0.74180001020432	-7.5572633616443
0.74650001525879	-7.4243747888950
0.75120002031326	-7.2715676495132
0.75590002536774	-7.0920672477006
0.76059997081757	-6.8864192086112
0.76529997587204	-6.6619043793818
0.76999998092651	-6.4300693029696
0.77469998598099	-6.2034656168874
0.77939999103546	-5.9926711426356
0.78409999608994	-5.8041924681884
0.78880000114441	-5.6394093493151
0.79350000619888	-5.4945456818872
0.79820001125336	-5.3616319336584
0.80290001630783	-5.2303609438507
0.80760002136230	-5.0906245058529
0.81230002641678	-4.9351009565451
0.81699997186661	-4.7611554889964
0.82169997692108	-4.5713832480538
0.82639998197556	-4.3726827047710
0.83109998703003	-4.1742711193071
0.83579999208450	-3.9853287437699
0.84049999713898	-3.8129186275923
0.84520000219345	-3.6605380283491
0.84990000724792	-3.5275147332718
0.85460001230240	-3.4092574389938
0.85930001735687	-3.2983975615440
0.86400002241135	-3.1866163723507
0.86870002746582	-3.0667935452289
0.87339997291565	-2.9349367060345
0.87809997797012	-2.7912649393704
0.88279998302460	-2.6401146072341
0.88749998807907	-2.4887749802617
0.89219999313354	-2.3456172941416
0.89689999818802	-2.2180821256576
0.90160000324249	-2.1110280431636
0.90630000829697	-2.0256822340838
0.91100001335144	-1.9594677772826
0.91570001840591	-1.9066704807860
0.92040002346039	-1.8599345308946
0.92510002851486	-1.8122735710900
0.92979997396469	-1.7590955808627
0.93449997901917	-1.6997108614176
0.93919998407364	-1.6377825488700
0.94389998912811	-1.5806306364819
0.94859999418259	-1.5375704449415
0.95329999923706	-1.5178332203756
0.95800000429153	-1.5285737650030
0.96270000934601	-1.5734777974267
0.96740001440048	-1.6522077407960
0.97210001945496	-1.7608880130949
0.97680002450943	-1.8936027384610
0.98150002956390	-2.0447044911546
0.98619997501373	-2.2115349805540
0.99089998006821	-2.3968773101784
0.99559998512268	-2.6104971666124
1.0003000497818	-2.8693427855371
1.0049999952316	-3.1964985034699
1.0096999406815	-3.6195545700027
1.0144000053406	-4.1693512275087
1.0190999507904	-4.8800542427607
1.0238000154495	-5.7915024713566
1.0284999608994	-6.9547780013675
1.0332000255585	-8.4426638826031
1.0378999710083	-10.367206672516
1.0426000356674	-12.899858283205
1.0472999811172	-16.186500964919
1.0520000457764	-19.134132798922
1.0566999912262	-17.724164543163
1.0614000558853	-14.157155917841
1.0661000013351	-11.189556033183
1.0707999467850	-8.9260043305263
1.0755000114441	-7.1770171039200
1.0801999568939	-5.8061759617012
1.0849000215530	-4.7263227353373
1.0895999670029	-3.8787461060698
1.0943000316620	-3.2198280014709
1.0989999771118	-2.7136222527216
1.1037000417709	-2.3282741861772
1.1083999872208	-2.0348968431379
1.1131000518799	-1.8079809209823
1.1177999973297	-1.6265094355236
1.1224999427795	-1.4750213527174
1.1272000074387	-1.3440182161819
1.1318999528885	-1.2294619851729
1.1366000175476	-1.1313660869188
1.1412999629974	-1.0519044709288
1.1460000276566	-0.99348952728419
1.1506999731064	-0.95726337907571
1.1554000377655	-0.94227143278159
1.1600999832153	-0.94535206026197
1.1648000478745	-0.96166915035875
1.1694999933243	-0.98567497128224
1.1742000579834	-1.0122414510921
1.1789000034332	-1.0376671650988
1.1835999488831	-1.0603135367991
1.1883000135422	-1.0806862065307
1.1929999589920	-1.1009789791985
1.1977000236511	-1.1242431392959
1.2023999691010	-1.1534071528495
1.2071000337601	-1.1904287674392
1.2117999792099	-1.2357966703560
1.2165000438690	-1.2884248750990
1.2211999893188	-1.3459561464912
1.2259000539780	-1.4053681922664
1.2305999994278	-1.4637254546728
1.2352999448776	-1.5188827983527
1.2400000095367	-1.5699737196757
1.2446999549866	-1.6175404513691
1.2494000196457	-1.6633143306380
1.2540999650955	-1.7096689896711
1.2588000297546	-1.7589777630100
1.2634999752045	-1.8129740832231
1.2682000398636	-1.8723478538828
1.2728999853134	-1.9366069223478
1.2776000499725	-2.0042376803817
1.2822999954224	-2.0731139201626
1.2869999408722	-2.1410412796639
1.2917000055313	-2.2063088332507
1.2963999509811	-2.2680991280925
1.3011000156403	-2.3266814082937
1.3057999610901	-2.3832942698892
1.3105000257492	-2.4397959779657
1.3151999711990	-2.4981792148773
1.3199000358582	-2.5600580067765
1.3245999813080	-2.6262955043474
1.3293000459671	-2.6968133595376
1.3339999914169	-2.7706588765507
1.3387000560760	-2.8462649330904
1.3434000015259	-2.9218576296156
1.3480999469757	-2.9959057990995
1.3528000116348	-3.0675072104082
1.3574999570847	-3.1366117986997
1.3622000217438	-3.2040219907914
1.3668999671936	-3.2711791479147
1.3716000318527	-3.3398004343404
1.3762999773026	-3.4114505521826
1.3810000419617	-3.4871892990392
1.3856999874115	-3.5673391713265
1.3904000520706	-3.6514416377184
1.3950999975204	-3.7384090029518
1.3997999429703	-3.8268105374663
1.4045000076294	-3.9152393725815
1.4091999530792	-4.0026782953704
1.4139000177383	-4.0887628098992
1.4185999631882	-4.1738820056140
1.4233000278473	-4.2590896444315
1.4279999732971	-4.3458611134930
1.4327000379562	-4.4357527924762
1.4373999834061	-4.5300443945933
1.4421000480652	-4.6294823219816
1.4467999935150	-4.7341332428025
1.4515000581741	-4.8434148238883
1.4562000036240	-4.9562633473324
1.4608999490738	-5.0714235266633
1.4656000137329	-5.1877730802115
1.4702999591827	-5.3046330499490
1.4750000238419	-5.4219548074515
1.4796999692917	-5.5403832733639
1.4844000339508	-5.6611219410707
1.4890999794006	-5.7857022072991
1.4938000440598	-5.9156525930505
1.4984999895096	-6.0521969160372
1.5032000541687	-6.1960186156251
1.5078999996185	-6.3471510764225
1.5125999450684	-6.5050128647200
1.5173000097275	-6.6685859680351
1.5219999551773	-6.8366925987753
1.5267000198364	-7.0083103777581
1.5313999652863	-7.1828816667547
1.5361000299454	-7.3605004400649
1.5407999753952	-7.5419713420345
1.5455000400543	-7.7286964736502
1.5501999855042	-7.9224199009138
1.5549000501633	-8.1249084153487
1.5595999956131	-8.3376126009783
1.5642999410629	-8.5614016691931
1.5690000057220	-8.7964207731810
1.5736999511719	-9.0420976304322
1.5784000158310	-9.2973121247558
1.5830999612808	-9.5606897422568
1.5878000259399	-9.8309874318623
1.5924999713898	-10.107467108606
1.5972000360489	-10.390182958812
1.6018999814987	-10.680099080364
1.6066000461578	-10.979003553744
1.6112999916077	-11.289226262508
1.6160000562668	-11.613234765396
1.6207000017166	-11.953177526044
1.6253999471664	-12.310482616314
1.6301000118256	-12.685592063799
1.6347999572754	-13.077878688539
1.6395000219345	-13.485797090334
1.6441999673843	-13.907249514545
1.6489000320435	-14.340106904791
1.6535999774933	-14.782803682906
1.6583000421524	-15.234837943410
1.6629999876022	-15.697055700374
1.6677000522614	-16.171626736110
1.6723999977112	-16.661651595099
1.6770999431610	-17.170526177299
1.6818000078201	-17.701149016260
1.6864999532700	-18.255111029130
1.6912000179291	-18.831990090741
1.6958999633789	-19.428850706164
1.7006000280380	-20.040009880872
1.7052999734879	-20.657079762747
1.7100000381470	-21.269310530249
1.7146999835968	-21.864151545725
1.7194000482559	-22.427952272133
1.7240999937057	-22.946713264988
1.7288000583649	-23.406778511987
1.7335000038147	-23.795758167751
1.7381999492645	-24.103596218427
1.7429000139236	-24.323863127097
1.7475999593735	-24.454926676201
1.7523000240326	-24.500404917062
1.7569999694824	-24.468494310151
1.7617000341415	-24.370244744659
1.7663999795914	-24.217442289063
1.7711000442505	-24.020857936535
1.7757999897003	-23.789388249110
1.7805000543594	-23.530205628371
1.7851999998093	-23.249536537549
1.7898999452591	-22.953633822983
1.7946000099182	-22.649411346841
1.7992999553680	-22.344608734314
1.8040000200272	-22.047285179980
1.8086999654770	-21.765016782314
1.8134000301361	-21.503988495183
1.8180999755859	-21.268241044565
1.8228000402451	-21.059234588923
1.8274999856949	-20.875863749671
1.8322000503540	-20.714802867131
1.8368999958038	-20.571269697150
1.8415999412537	-20.440021071065
1.8463000059128	-20.316469362143
1.8509999513626	-20.197622739903
1.8557000160217	-20.082709904386
1.8603999614716	-19.973198941936
1.8651000261307	-19.872328553256
1.8697999715805	-19.784227010531
1.8745000362396	-19.712895612909
1.8791999816895	-19.661292389538
1.8839000463486	-19.630675847052
1.8885999917984	-19.620363387274
1.8933000564575	-19.627875861852
1.8980000019073	-19.649434525403
1.9026999473572	-19.680763986944
1.9074000120163	-19.718021891600
1.9120999574661	-19.758683363008
1.9168000221252	-19.802068276857
1.9214999675751	-19.849508938727
1.9262000322342	-19.904023310070
1.9308999776840	-19.969560049043
1.9356000423431	-20.050109471632
1.9402999877930	-20.148855711444
1.9450000524521	-20.267507201294
1.9496999979019	-20.405977320086
1.9543999433517	-20.562386264890
1.9591000080109	-20.733457276528
1.9637999534607	-20.915138584577
1.9685000181198	-21.103451311867
1.9731999635696	-21.295294441535
1.9779000282288	-21.489094364082
1.9825999736786	-21.685003072765
1.9873000383377	-21.884731425373
1.9919999837875	-22.090900477074
1.9967000484467	-22.306158454059
2.0013999938965	-22.532245475359
2.0060999393463	-22.769176055766
2.0107998847961	-23.014646988673
2.0155000686646	-23.263773389008
2.0202000141144	-23.509177678347
2.0248999595642	-23.741395545744
2.0295999050140	-23.949631020048
2.0343000888824	-24.122788084179
2.0390000343323	-24.250576479330
2.0436999797821	-24.324645241840
2.0483999252319	-24.339421312205
2.0531001091003	-24.292618450672
2.0578000545502	-24.185303651530
2.0625000000000	-24.021455665292
2.0671999454498	-23.807240066645
2.0718998908997	-23.550019284818
2.0766000747681	-23.257382848875
2.0813000202179	-22.936246636082
2.0859999656677	-22.592392326838
2.0906999111176	-22.230262497132
2.0954000949860	-21.853177408709
2.1001000404358	-21.463778403329
2.1047999858856	-21.064593445153
2.1094999313354	-20.658526053481
2.1142001152039	-20.249108103768
2.1189000606537	-19.840477396269
2.1236000061035	-19.437120081155
2.1282999515533	-19.043356412279
2.1329998970032	-18.662916342716
2.1377000808716	-18.298453222682
2.1424000263214	-17.951319674479
2.1470999717712	-17.621519171576
2.1517999172211	-17.307839223034
2.1565001010895	-17.008251794189
2.1612000465393	-16.720379086250
2.1658999919891	-16.442014046374
2.1705999374390	-16.171577842817
2.1752998828888	-15.908435700569
2.1800000667572	-15.652938634280
2.1847000122070	-15.406275530524
2.1893999576569	-15.170116672143
2.1940999031067	-14.946175428398
2.1988000869751	-14.735768832358
2.2035000324249	-14.539517111209
2.2081999778748	-14.357149570486
2.2128999233246	-14.187560223196
2.2176001071930	-14.029015208445
2.2223000526428	-13.879493885321
2.2269999980927	-13.737104483846
2.2316999435425	-13.600455456381
2.2363998889923	-13.468905103149
2.2411000728607	-13.342653040512
2.2458000183105	-13.222593434077
2.2504999637604	-13.110060314507
2.2551999092102	-13.006439749743
2.2599000930786	-12.912803446114
2.2646000385284	-12.829630564976
2.2692999839783	-12.756659391136
2.2739999294281	-12.692928297290
2.2787001132965	-12.636965612821
2.2834000587463	-12.587105417238
2.2881000041962	-12.541843017357
2.2927999496460	-12.500156703833
2.2974998950958	-12.461718222572
2.3022000789642	-12.426930625640
2.3069000244141	-12.396789467596
2.3115999698639	-12.372615039880
2.3162999153137	-12.355701370225
2.3210000991821	-12.346987567318
2.3257000446320	-12.346826108721
2.3303999900818	-12.354888882892
2.3350999355316	-12.370225931956
2.3397998809814	-12.391491068275
2.3445000648499	-12.417249811807
2.3492000102997	-12.446313609175
2.3538999557495	-12.478024763251
2.3585999011993	-12.512419286174
2.3633000850677	-12.550205092255
2.3680000305176	-12.592599135166
2.3726999759674	-12.641020899777
2.3773999214172	-12.696768393004
2.3821001052856	-12.760706035738
2.3868000507355	-12.833080182137
2.3914999961853	-12.913455669513
2.3961999416351	-13.000863259432
2.4008998870850	-13.094012589430
2.4056000709534	-13.191654465302
2.4103000164032	-13.292893921193
2.4149999618530	-13.397466708537
2.4196999073029	-13.505827100837
2.4244000911713	-13.619099640970
2.4291000366211	-13.738855549778
2.4337999820709	-13.866783312488
2.4384999275208	-14.004330772854
2.4432001113892	-14.152417218092
2.4479000568390	-14.311277482273
2.4526000022888	-14.480454407411
2.4572999477386	-14.658976651652
2.4619998931885	-14.845656903653
2.4667000770569	-15.039483257204
2.4714000225067	-15.239964318438
2.4760999679565	-15.447414471072
2.4807999134064	-15.663021229454
2.4855000972748	-15.888729136522
2.4902000427246	-16.126989268727
2.4948999881744	-16.380315241747
2.4995999336243	-16.650934275717
2.5043001174927	-16.940444441648
2.5090000629425	-17.249672575261
2.5137000083923	-17.578703704671
2.5183999538422	-17.927156817936
2.5230998992920	-18.294588798291
2.5278000831604	-18.681042676627
2.5325000286102	-19.087544636808
2.5371999740601	-19.516558842743
2.5418999195099	-19.972159316553
2.5466001033783	-20.460000995070
2.5513000488281	-20.987098155959
2.5559999942780	-21.561462574618
2.5606999397278	-22.191809318807
2.5653998851776	-22.887444445564
2.5701000690460	-23.658504792705
2.5748000144958	-24.516683012197
2.5794999599457	-25.476670944677
2.5841999053955	-26.558686809351
2.5889000892639	-27.792494731023
2.5936000347137	-29.224062373475
2.5982999801636	-30.927077856504
2.6029999256134	-33.023244538153
2.6077001094818	-35.714451082841
2.6124000549316	-39.253515715598
2.6171000003815	-42.761655400555
2.6217999458313	-41.284330866773
2.6264998912811	-37.295111867976
2.6312000751495	-34.075881255663
2.6359000205994	-31.615416791986
2.6405999660492	-29.666007642199
2.6452999114990	-28.066291007843
2.6500000953674	-26.715861647555
2.6547000408173	-25.549088371954
2.6593999862671	-24.520846207548
2.6640999317169	-23.599103313098
2.6688001155853	-22.760992534824
2.6735000610352	-21.990397319229
2.6782000064850	-21.276365581894
2.6828999519348	-20.611725398614
2.6875998973846	-19.991853159457
2.6923000812531	-19.413594030915
2.6970000267029	-18.874354361768
2.7016999721527	-18.371460864821
2.7063999176025	-17.901811566869
2.7111001014709	-17.461772302076
2.7158000469208	-17.047353917056
2.7204999923706	-16.654529781947
2.7251999378204	-16.279620828060
2.7298998832703	-15.919680281259
2.7346000671387	-15.572723570786
2.7393000125885	-15.237795942816
2.7439999580383	-14.914804973204
2.7486999034882	-14.604224308578
2.7534000873566	-14.306700739503
2.7581000328064	-14.022671758276
2.7627999782562	-13.752085699902
2.7674999237061	-13.494261097846
2.7722001075745	-13.247918303810
2.7769000530243	-13.011373960353
2.7815999984741	-12.782814360321
2.7862999439240	-12.560615514480
2.7909998893738	-12.343622414709
2.7957000732422	-12.131295307840
2.8004000186920	-11.923728033810
2.8050999641418	-11.721495313752
2.8097999095917	-11.525416945796
2.8145000934601	-11.336263012898
2.8192000389099	-11.154488669468
2.8238999843597	-10.980084620490
2.8285999298096	-10.812509363926
2.8333001136780	-10.650797635597
2.8380000591278	-10.493750685650
2.8427000045776	-10.340189517502
2.8473999500275	-10.189194962794
2.8520998954773	-10.040291313906
2.8568000793457	-9.8935089769909
2.8615000247955	-9.7493215082169
2.8661999702454	-9.6084749318912
2.8708999156952	-9.4717569098157
2.8756000995636	-9.3397700104731
2.8803000450134	-9.2127503181663
2.8849999904633	-9.0904881490514
2.8896999359131	-8.9723727276108
2.8943998813629	-8.8575227433176
2.8991000652313	-8.7449897157232
2.9038000106812	-8.6339853634041
2.9084999561310	-8.5240416212737
2.9131999015808	-8.4151278692470
2.9179000854492	-8.3075985381116
2.9226000308990	-8.2021124290213
2.9272999763489	-8.0994109515354
2.9319999217987	-8.0001333165931
2.9367001056671	-7.9046303751727
2.9414000511169	-7.8128757219305
2.9460999965668	-7.7244629661767
2.9507999420166	-7.6387021789863
2.9554998874664	-7.5547946685342
2.9602000713348	-7.4720226000445
2.9649000167847	-7.3899226630678
2.9695999622345	-7.3083927860780
2.9742999076843	-7.2276998426556
2.9790000915527	-7.1483976577706
2.9837000370026	-7.0711703924424
2.9883999824524	-6.9966518726026
2.9930999279022	-6.9252485862912
2.9978001117706	-6.8570355772113
3.0025000572205	-6.7917382666465
3.0072000026703	-6.7287955403398
3.0118999481201	-6.6675022232305
3.0165998935699	-6.6071892368066
3.0213000774384	-6.5473781922386
3.0260000228882	-6.4879135108780
3.0306999683380	-6.4289670570548
3.0353999137878	-6.3710137992182
3.0401000976562	-6.3146720634470
3.0448000431061	-6.2605525081305
3.0494999885559	-6.2090880108298
3.0541999340057	-6.1604190423703
3.0589001178741	-6.1143618887333
3.0636000633240	-6.0704439919463
3.0683000087738	-6.0280307583663
3.0729999542236	-5.9864816167519
3.0776998996735	-5.9453082439506
3.0824000835419	-5.9042998129496
3.0871000289917	-5.8635656960841
3.0917999744415	-5.8234963852230
3.0964999198914	-5.7846654882506
3.1012001037598	-5.7476530412419
3.1059000492096	-5.7129144556544
3.1105999946594	-5.6806384293168
3.1152999401093	-5.6507078696771
3.1199998855591	-5.6227219679746
3.1247000694275	-5.5960987664354
3.1294000148773	-5.5702173536015
3.1340999603271	-5.5445816496500
3.1387999057770	-5.5189305183003
3.1435000896454	-5.4933202746936
3.1482000350952	-5.4680764586912
3.1528999805450	-5.4437273568145
3.1575999259949	-5.4208388026975
3.1623001098633	-5.3998733102266
3.1670000553131	-5.3810661063337
3.1717000007629	-5.3643536295122
3.1763999462128	-5.3493893482730
3.1810998916626	-5.3356323326452
3.1858000755310	-5.3224782557094
3.1905000209808	-5.3094190149472
3.1951999664307	-5.2961562615762
3.1998999118805	-5.2826917535441
3.2046000957489	-5.2692983334992
3.2093000411987	-5.2564609100998
3.2139999866486	-5.2447342039296
3.2186999320984	-5.2345851084662
3.2234001159668	-5.2262731187969
3.2281000614166	-5.2197748660945
3.2328000068665	-5.2147773923492
3.2374999523163	-5.2107627972979
3.2421998977661	-5.2071272406190
3.2469000816345	-5.2033302233495
3.2516000270844	-5.1990361536121
3.2562999725342	-5.1941843370990
3.2609999179840	-5.1889978907515
3.2657001018524	-5.1839163203677
3.2704000473022	-5.1794655189170
3.2750999927521	-5.1761034104946
3.2797999382019	-5.1740994856799
3.2844998836517	-5.1734305015879
3.2892000675201	-5.1737934832909
3.2939000129700	-5.1746511073839
3.2985999584198	-5.1753683484927
3.3032999038696	-5.1753513902866
3.3080000877380	-5.1741932734505
3.3127000331879	-5.1717586957848
3.3173999786377	-5.1681988823193
3.3220999240875	-5.1638856269428
3.3268001079559	-5.1592963389699
3.3315000534058	-5.1548482565911
3.3361999988556	-5.1507776008684
3.3408999443054	-5.1470353851746
3.3455998897552	-5.1432710160132
3.3503000736237	-5.1389018383794
3.3550000190735	-5.1332248793973
3.3596999645233	-5.1255830580864
3.3643999099731	-5.1154921432419
3.3691000938416	-5.1027488410104
3.3738000392914	-5.0874413202399
3.3784999847412	-5.0699058497131
3.3831999301910	-5.0505814569529
3.3879001140594	-5.0298764160378
3.3926000595093	-5.0080251406846
3.3973000049591	-4.9849865704730
3.4019999504089	-4.9604396752472
3.4066998958588	-4.9338531173354
3.4114000797272	-4.9045878093637
3.4161000251770	-4.8720798577710
3.4207999706268	-4.8359664754701
3.4254999160767	-4.7961891077219
3.4302000999451	-4.7530076804952
3.4349000453949	-4.7069469508766
3.4395999908447	-4.6586560045030
3.4442999362946	-4.6087726796544
3.4489998817444	-4.5577853884115
3.4537000656128	-4.5059362532005
3.4584000110626	-4.4532191471767
3.4630999565125	-4.3994362637653
3.4677999019623	-4.3443142335534
3.4725000858307	-4.2876430263658
3.4772000312805	-4.2294170338562
3.4818999767303	-4.1698920657590
3.4865999221802	-4.1096009960040
3.4913001060486	-4.0492953060178
3.4960000514984	-3.9898117958808
3.5006999969482	-3.9319405823824
3.5053999423981	-3.8762955462182
3.5100998878479	-3.8232304535508
3.5148000717163	-3.7728293722152
3.5195000171661	-3.7249508821746
3.5241999626160	-3.6793357577868
3.5288999080658	-3.6357292200909
3.5336000919342	-3.5939957479539
3.5383000373840	-3.5541956989442
3.5429999828339	-3.5166070147421
3.5476999282837	-3.4816805982140
3.5524001121521	-3.4499418590494
3.5571000576019	-3.4218795965419
3.5618000030518	-3.3978301785046
3.5664999485016	-3.3779009614104
3.5711998939514	-3.3619499003037
3.5759000778198	-3.3496235832783
3.5806000232697	-3.3404359061198
3.5852999687195	-3.3338892865010
3.5899999141693	-3.3295890404358
3.5947000980377	-3.3273217530388
3.5994000434875	-3.3270986537943
3.6040999889374	-3.3291316611402
3.6087999343872	-3.3337577476737
3.6135001182556	-3.3413280251965
3.6182000637054	-3.3521098311465
3.6229000091553	-3.3661813010688
3.6275999546051	-3.3834044245735
3.6322999000549	-3.4034347798964
3.6370000839233	-3.4257848012248
3.6417000293732	-3.4499329099637
3.6463999748230	-3.4754344603976
3.6510999202728	-3.5020203775530
3.6558001041412	-3.5296432397735
3.6605000495911	-3.5584824507549
3.6651999950409	-3.5888731825406
3.6698999404907	-3.6212157961431
3.6745998859406	-3.6558548107105
3.6793000698090	-3.6929704018767
3.6840000152588	-3.7325351873380
3.6886999607086	-3.7742925669939
3.6933999061584	-3.8178137752189
3.6981000900269	-3.8626012312373
3.7028000354767	-3.9082006453238
3.7074999809265	-3.9543093367904
3.7121999263763	-4.0008518604297
3.7169001102448	-4.0479903971418
3.7216000556946	-4.0960826344076
3.7263000011444	-4.1455776203777
3.7309999465942	-4.1968998161171
3.7356998920441	-4.2503257058108
3.7404000759125	-4.3059054606436
3.7451000213623	-4.3634402652926
3.7497999668121	-4.4225203470899
3.7544999122620	-4.4826181798173
3.7592000961304	-4.5432145303628
3.7639000415802	-4.6039294399690
3.7685999870300	-4.6646098606061
3.7732999324799	-4.7253673006282
3.7780001163483	-4.7865450875528
3.7827000617981	-4.8486160287551
3.7874000072479	-4.9120522958574
3.7920999526978	-4.9771833172013
3.7967998981476	-5.0441013964883
3.8015000820160	-5.1125989425789
3.8062000274658	-5.1822160182536
3.8108999729156	-5.2523212970459
3.8155999183655	-5.3222625208326
3.8203001022339	-5.3915075994244
3.8250000476837	-5.4597718849739
3.8296999931335	-5.5270761894802
3.8343999385834	-5.5937162031339
3.8390998840332	-5.6601645011035
3.8438000679016	-5.7269203659673
3.8485000133514	-5.7943410801650
3.8531999588013	-5.8625133381661
3.8578999042511	-5.9311871345605
3.8626000881195	-5.9997960437277
3.8673000335693	-6.0675623333090
3.8719999790192	-6.1336673393797
3.8766999244690	-6.1974249202119
3.8814001083374	-6.2584399528131
3.8861000537872	-6.3166836131290
3.8907999992371	-6.3724752010148
3.8954999446869	-6.4263617107838
3.9001998901367	-6.4789433480476
3.9049000740051	-6.5306746947956
3.9096000194550	-6.5817088817475
3.9142999649048	-6.6318187928066
3.9189999103546	-6.6804219588615
3.9237000942230	-6.7267103762237
3.9284000396729	-6.7698451856547
3.9330999851227	-6.8091698319383
3.9377999305725	-6.8443832589804
3.9425001144409	-6.8756237716189
3.9472000598907	-6.9034352611650
3.9519000053406	-6.9286244093095
3.9565999507904	-6.9520510684061
3.9612998962402	-6.9743975376257
3.9660000801086	-6.9960053429323
3.9707000255585	-7.0167924777387
3.9753999710083	-7.0362945091343
3.9800999164581	-7.0538129068703
3.9848001003265	-7.0686324909537
3.9895000457764	-7.0802516039234
3.9941999912262	-7.0885582774881
3.9988999366760	-7.0938974073424
4.0036001205444	-7.0970263083828
4.0082998275757	-7.0989494816160
4.0130000114441	-7.1006835706953
4.0177001953125	-7.1030299054670
4.0223999023438	-7.1064029858116
4.0271000862122	-7.1107513204559
4.0317997932434	-7.1156242577990
4.0364999771118	-7.1203182690826
4.0412001609802	-7.1241076272825
4.0458998680115	-7.1264807267966
4.0506000518799	-7.1273127861473
4.0553002357483	-7.1269368904582
4.0599999427795	-7.1260969217223
4.0647001266479	-7.1257736421122
4.0693998336792	-7.1269590713805
4.0741000175476	-7.1304202496624
4.0788002014160	-7.1365205943708
4.0834999084473	-7.1451568914415
4.0882000923157	-7.1557920772508
4.0928997993469	-7.1676264921440
4.0975999832153	-7.1798184466380
4.1023001670837	-7.1917287755158
4.1069998741150	-7.2031040457862
4.1117000579834	-7.2141652590054
4.1163997650146	-7.2255677554103
4.1210999488831	-7.2382356502445
4.1258001327515	-7.2531385537248
4.1304998397827	-7.2710372654812
4.1352000236511	-7.2922981038139
4.1399002075195	-7.3167949722081
4.1445999145508	-7.3439461327042
4.1493000984192	-7.3728630707248
4.1539998054504	-7.4025752447297
4.1586999893188	-7.4322932373410
4.1634001731873	-7.4616173284569
4.1680998802185	-7.4906510363627
4.1728000640869	-7.5199835825576
4.1774997711182	-7.5505310344788
4.1821999549866	-7.5833051759888
4.1869001388550	-7.6191403081583
4.1915998458862	-7.6584739541740
4.1963000297546	-7.7012191533391
4.2010002136230	-7.7467727506852
4.2056999206543	-7.7941636148308
4.2104001045227	-7.8422774869079
4.2150998115540	-7.8901571788021
4.2197999954224	-7.9372385555611
4.2245001792908	-7.9835161774505
4.2291998863220	-8.0295325145329
4.2339000701904	-8.0762571450754
4.2385997772217	-8.1248091790098
4.2432999610901	-8.1761733467069
4.2480001449585	-8.2309281162741
4.2526998519897	-8.2890785265831
4.2574000358582	-8.3500434124024
4.2621002197266	-8.4127876030772
4.2667999267578	-8.4760815226742
4.2715001106262	-8.5388263933767
4.2761998176575	-8.6003598981406
4.2809000015259	-8.6606555705270
4.2856001853943	-8.7203668781518
4.2902998924255	-8.7806916569860
4.2950000762939	-8.8430880682677
4.2996997833252	-8.9089426523372
4.3043999671936	-8.9792359344365
4.3091001510620	-9.0543375515291
4.3137998580933	-9.1339382279647
4.3185000419617	-9.2171768821863
4.3232002258301	-9.3029021527316
4.3278999328613	-9.3900339030872
4.3326001167297	-9.4779114428360
4.3372998237610	-9.5665462739641
4.3420000076294	-9.6567019256946
4.3467001914978	-9.7497626654187
4.3513998985291	-9.8474277074062
4.3561000823975	-9.9513111345742
4.3607997894287	-10.062544480504
4.3654999732971	-10.181467936175
4.3702001571655	-10.307519623696
4.3748998641968	-10.439315338837
4.3796000480652	-10.574955091030
4.3843002319336	-10.712455019401
4.3889999389648	-10.850240643789
4.3937001228333	-10.987556620555
4.3983998298645	-11.124656611747
4.4031000137329	-11.262741530450
4.4078001976013	-11.403616255717
4.4124999046326	-11.549178571392
4.4172000885010	-11.700851880988
4.4218997955322	-11.859133882731
4.4265999794006	-12.023360388337
4.4313001632690	-12.191758883848
4.4359998703003	-12.361823328089
4.4407000541687	-12.530905204847
4.4454002380371	-12.696918726867
4.4500999450684	-12.858935263848
4.4548001289368	-13.017498819372
4.4594998359680	-13.174524810625
4.4642000198364	-13.332797301601
4.4689002037048	-13.495199975473
4.4735999107361	-13.663894341290
4.4783000946045	-13.839643757264
4.4829998016357	-14.021486723117
4.4876999855042	-14.206837336154
4.4924001693726	-14.392047774902
4.4970998764038	-14.573322664982
4.5018000602722	-14.747770078286
4.5064997673035	-14.914274267420
4.5111999511719	-15.073882527568
4.5159001350403	-15.229556110921
4.5205998420715	-15.385314317670
4.5253000259399	-15.545014265459
4.5300002098083	-15.711152040710
4.5346999168396	-15.883958268081
4.5394001007080	-16.061058017948
4.5440998077393	-16.237840393333
4.5487999916077	-16.408470877218
4.5535001754761	-16.567430224143
4.5581998825073	-16.711075876953
4.5629000663757	-16.838788186765
4.5675997734070	-16.953142398447
4.5722999572754	-17.059092345779
4.5770001411438	-17.162299059613
4.5816998481750	-17.267292656294
4.5864000320435	-17.375862096937
4.5911002159119	-17.486247228145
4.5957999229431	-17.593271775975
4.6005001068115	-17.689527806109
4.6051998138428	-17.767378242232
4.6098999977112	-17.821269351955
4.6146001815796	-17.849556333611
4.6192998886108	-17.855084603399
4.6240000724792	-17.844279035038
4.6286997795105	-17.825043576259
4.6333999633789	-17.804297957129
4.6381001472473	-17.785936714395
4.6427998542786	-17.769742905057
4.6475000381470	-17.751490000527
4.6522002220154	-17.724227194769
4.6568999290466	-17.680448730570
4.6616001129150	-17.614585764677
4.6662998199463	-17.524988497070
4.6710000038147	-17.414629887056
4.6757001876831	-17.290288176969
4.6803998947144	-17.160494383659
4.6851000785828	-17.033146734607
4.6897997856140	-16.913432774081
4.6944999694824	-16.802702682583
4.6992001533508	-16.698400107278
4.7038998603821	-16.594965755743
4.7086000442505	-16.485645138394
4.7133002281189	-16.364556517890
4.7179999351501	-16.228637617801
4.7227001190186	-16.078659090936
4.7273998260498	-15.919041067530
4.7321000099182	-15.756562863426
4.7368001937866	-15.598417643077
4.7414999008179	-15.450315688723
4.7462000846863	-15.315139985675
4.7508997917175	-15.192379219519
4.7555999755859	-15.078426584619
4.7603001594543	-14.967663677152
4.7649998664856	-14.854055287421
4.7697000503540	-14.732871508293
4.7744002342224	-14.602115666135
4.7790999412537	-14.463089142437
4.7838001251221	-14.320012575700
4.7884998321533	-14.178779620478
4.7932000160217	-14.045319438457
4.7979001998901	-13.924050808038
4.8025999069214	-13.816828518651
4.8073000907898	-13.722554755645
4.8119997978210	-13.637538908519
4.8166999816895	-13.556462693258
4.8214001655579	-13.473813697289
4.8260998725891	-13.385383706659
4.8308000564575	-13.289474045138
4.8354997634888	-13.187366633427
4.8401999473572	-13.082934209627
4.8449001312256	-12.981532160370
4.8495998382568	-12.888500222138
4.8543000221252	-12.807769931783
4.8590002059937	-12.740877346643
4.8636999130249	-12.686592091204
4.8684000968933	-12.641228032090
4.8730998039246	-12.599546487271
4.8777999877930	-12.556105318890
4.8825001716614	-12.506710865466
4.8871998786926	-12.449601328457
4.8919000625610	-12.385940652711
4.8965997695923	-12.319484286295
4.9012999534607	-12.255496943939
4.9060001373291	-12.199288397678
4.9106998443604	-12.154799579701
4.9154000282288	-12.123583771125
4.9201002120972	-12.104375769441
4.9247999191284	-12.093393478698
4.9295001029968	-12.085209572955
4.9341998100281	-12.074158521286
4.9388999938965	-12.055843956416
4.9436001777649	-12.028396428165
4.9482998847961	-11.993028097958
4.9530000686646	-11.953690282043
4.9576997756958	-11.915919799917
4.9623999595642	-11.885246289076
4.9671001434326	-11.865658067882
4.9717998504639	-11.858460089940
4.9765000343323	-11.861792630650
4.9812002182007	-11.870908135229
4.9858999252319	-11.879181575341
4.9906001091003	-11.879643600101
4.9952998161316	-11.866752966270
5.0000000000000	-11.837828033888
#Parameters = {R_fat=48; R_glandular=38; R_skin_outer=50; T10=5; T15=7.5; T5=2.5; T_rad=4; T_x=10; T_y=0; T_z=75; Zc=65; skin_thickness=2; Mesh Pass=6}
#"Frequency / GHz"	"S1,1 (Mesh Pass=6) [Magnitude / dB]"
#-------------------------------------------------------
0.30000001192093	-24.439366857777
0.30469998717308	-24.147143411723
0.30939999222755	-24.250077023819
0.31409999728203	-24.792739702054
0.31880000233650	-25.827119658613
0.32350000739098	-27.310357491617
0.32820001244545	-28.643334586853
0.33289998769760	-28.149164365501
0.33759999275208	-25.598823607518
0.34229999780655	-22.679387611623
0.34700000286102	-20.117952125315
0.35170000791550	-17.971484618097
0.35640001296997	-16.167322412485
0.36109998822212	-14.632779881720
0.36579999327660	-13.314834779388
0.37049999833107	-12.179876748847
0.37520000338554	-11.210538916348
0.37990000844002	-10.401979790021
0.38460001349449	-9.7573770362444
0.38929998874664	-9.2823741987025
0.39399999380112	-8.9793713601963
0.39869999885559	-8.8435243285585
0.40340000391006	-8.8622790003184
0.40810000896454	-9.0184079230438
0.41280001401901	-9.2949430284836
0.41749998927116	-9.6797029107663
0.42219999432564	-10.168128544205
0.42689999938011	-10.764144101357
0.43160000443459	-11.479062838459
0.43630000948906	-12.327952860405
0.44100001454353	-13.321101557777
0.44569998979568	-14.445001722933
0.45039999485016	-15.623974125201
0.45509999990463	-16.665836725477
0.45980000495911	-17.267821631317
0.46450001001358	-17.223534763061
0.46919998526573	-16.655872010005
0.47389999032021	-15.880382895069
0.47859999537468	-15.145014431965
0.48330000042915	-14.570926707088
0.48800000548363	-14.199916695922
0.49270001053810	-14.036661183317
0.49739998579025	-14.067396376207
0.50209999084473	-14.262503078048
0.50679999589920	-14.569812148229
0.51150000095367	-14.905518679259
0.51620000600815	-15.156288532214
0.52090001106262	-15.211364303005
0.52560001611710	-15.020306716520
0.53030002117157	-14.624735490877
0.53500002622604	-14.126122886457
0.53969997167587	-13.628101821780
0.54439997673035	-13.204054255147
0.54909998178482	-12.893549429748
0.55379998683929	-12.709436932269
0.55849999189377	-12.643880615408
0.56319999694824	-12.670665835750
0.56790000200272	-12.745902592031
0.57260000705719	-12.811793501649
0.57730001211166	-12.808528554285
0.58200001716614	-12.694174424535
0.58670002222061	-12.461988563841
0.59140002727509	-12.141462050521
0.59609997272491	-11.782335809484
0.60079997777939	-11.434748022480
0.60549998283386	-11.136636989641
0.61019998788834	-10.909493216262
0.61489999294281	-10.758583676612
0.61959999799728	-10.674355172275
0.62430000305176	-10.634257893209
0.62900000810623	-10.606089326304
0.63370001316071	-10.554389884081
0.63840001821518	-10.449894184874
0.64310002326965	-10.278882497869
0.64780002832413	-10.047240675648
0.65249997377396	-9.7768141540780
0.65719997882843	-9.4966467397640
0.66189998388290	-9.2340993807584
0.66659998893738	-9.0090272752081
0.67129999399185	-8.8311380195877
0.67599999904633	-8.6995104685572
0.68070000410080	-8.6034506197056
0.68540000915527	-8.5246925002664
0.69010001420975	-8.4412543338353
0.69480001926422	-8.3328381095626
0.69950002431870	-8.1864523313122
0.70420002937317	-8.0000334055498
0.70889997482300	-7.7823656821499
0.71359997987747	-7.5495116457719
0.71829998493195	-7.3196787243877
0.72299998998642	-7.1085704193319
0.72769999504089	-6.9262795974311
0.73240000009537	-6.7758063993036
0.73710000514984	-6.6529672394451
0.74180001020432	-6.5475364261804
0.74650001525879	-6.4456006544329
0.75120002031326	-6.3329208486073
0.75590002536774	-6.1986522906442
0.76059997081757	-6.0382180032433
0.76529997587204	-5.8542848372758
0.76999998092651	-5.6555208465323
0.77469998598099	-5.4537863977378
0.77939999103546	-5.2609044628578
0.78409999608994	-5.0859071873923
0.78880000114441	-4.9332897370733
0.79350000619888	-4.8023331109466
0.79820001125336	-4.6874930684765
0.80290001630783	-4.5798112780835
0.80760002136230	-4.4691300279896
0.81230002641678	-4.3466979304023
0.81699997186661	-4.2074861999454
0.82169997692108	-4.0514037987025
0.82639998197556	-3.8831119619658
0.83109998703003	-3.7105085996483
0.83579999208450	-3.5425318305166
0.84049999713898	-3.3869372068924
0.84520000219345	-3.2485693182282
0.84990000724792	-3.1284290828768
0.85460001230240	-3.0236115448857
0.85930001735687	-2.9281260307039
0.86400002241135	-2.8344687479908
0.86870002746582	-2.7356105689170
0.87339997291565	-2.6268919255658
0.87809997797012	-2.5072898605577
0.88279998302460	-2.3796514774319
0.88749998807907	-2.2498483644185
0.89219999313354	-2.1251885501475
0.89689999818802	-2.0125539560344
0.90160000324249	-1.9167930086782
0.90630000829697	-1.8396743317025
0.91100001335144	-1.7796212404133
0.91570001840591	-1.7322626521263
0.92040002346039	-1.6917214864436
0.92510002851486	-1.6523460800834
0.92979997396469	-1.6104559616019
0.93449997901917	-1.5656133687868
0.93919998407364	-1.5209998170082
0.94389998912811	-1.4828221986493
0.94859999418259	-1.4588991491806
0.95329999923706	-1.4569175089023
0.95800000429153	-1.4828082859787
0.96270000934601	-1.5396825562040
0.96740001440048	-1.6275671467555
0.97210001945496	-1.7440764641191
0.97680002450943	-1.8859249207684
0.98150002956390	-2.0510214616800
0.98619997501373	-2.2407269144062
0.99089998006821	-2.4616527520901
0.99559998512268	-2.7265967277473
1.0003000497818	-3.0544052564509
1.0049999952316	-3.4690760644571
1.0096999406815	-3.9987934377706
1.0144000053406	-4.6757440250779
1.0190999507904	-5.5377184889168
1.0238000154495	-6.6325030148886
1.0284999608994	-8.0266801385877
1.0332000255585	-9.8215323466205
1.0378999710083	-12.177506949722
1.0426000356674	-15.304750446826
1.0472999811172	-18.841733908096
1.0520000457764	-18.984717527973
1.0566999912262	-15.422980248876
1.0614000558853	-12.163765318030
1.0661000013351	-9.6911667481520
1.0707999467850	-7.7997842224640
1.0755000114441	-6.3261896680525
1.0801999568939	-5.1674392796168
1.0849000215530	-4.2561997972565
1.0895999670029	-3.5441399009988
1.0943000316620	-2.9926795222978
1.0989999771118	-2.5683374178618
1.1037000417709	-2.2410254359865
1.1083999872208	-1.9841653597312
1.1131000518799	-1.7757712450782
1.1177999973297	-1.5996081632121
1.1224999427795	-1.4457561540853
1.1272000074387	-1.3101924150390
1.1318999528885	-1.1933432627604
1.1366000175476	-1.0980440617120
1.1412999629974	-1.0273982442960
1.1460000276566	-0.98304106690292
1.1506999731064	-0.96412539635551
1.1554000377655	-0.96712053838253
1.1600999832153	-0.98635030346674
1.1648000478745	-1.0150817516519
1.1694999933243	-1.0468938939807
1.1742000579834	-1.0769673331039
1.1789000034332	-1.1029684967514
1.1835999488831	-1.1253244083490
1.1883000135422	-1.1467534013474
1.1929999589920	-1.1712845366982
1.1977000236511	-1.2029980597645
1.2023999691010	-1.2448962816286
1.2071000337601	-1.2981290036981
1.2117999792099	-1.3617397780580
1.2165000438690	-1.4329216311785
1.2211999893188	-1.5077178180623
1.2259000539780	-1.5819733370723
1.2305999994278	-1.6523229061942
1.2352999448776	-1.7169753244365
1.2400000095367	-1.7760805939653
1.2446999549866	-1.8316037095577
1.2494000196457	-1.8867064301467
1.2540999650955	-1.9448763657178
1.2588000297546	-2.0090169467952
1.2634999752045	-2.0807472194427
1.2682000398636	-2.1600534627833
1.2728999853134	-2.2453351078220
1.2776000499725	-2.3338335419991
1.2822999954224	-2.4223194586706
1.2869999408722	-2.5078764475697
1.2917000055313	-2.5886290193106
1.2963999509811	-2.6641679583091
1.3011000156403	-2.7356396804823
1.3057999610901	-2.8053897794547
1.3105000257492	-2.8763518760261
1.3151999711990	-2.9512858882884
1.3199000358582	-3.0321213927778
1.3245999813080	-3.1195267900764
1.3293000459671	-3.2127891383778
1.3339999914169	-3.3100324458603
1.3387000560760	-3.4086829854967
1.3434000015259	-3.5061080791293
1.3480999469757	-3.6002652706737
1.3528000116348	-3.6902067418474
1.3574999570847	-3.7763057351145
1.3622000217438	-3.8601598447866
1.3668999671936	-3.9441631367344
1.3716000318527	-4.0309195209358
1.3762999773026	-4.1226153580350
1.3810000419617	-4.2205286359830
1.3856999874115	-4.3247634249958
1.3904000520706	-4.4342716959815
1.3950999975204	-4.5471243679392
1.3997999429703	-4.6609886579141
1.4045000076294	-4.7737032453381
1.4091999530792	-4.8838152200135
1.4139000177383	-4.9909473762255
1.4185999631882	-5.0959101730859
1.4233000278473	-5.2005063580360
1.4279999732971	-5.3071002837353
1.4327000379562	-5.4180734113068
1.4373999834061	-5.5352848773220
1.4421000480652	-5.6596813846167
1.4467999935150	-5.7911162207774
1.4515000581741	-5.9284269909865
1.4562000036240	-6.0697155799083
1.4608999490738	-6.2128175113219
1.4656000137329	-6.3558325056406
1.4702999591827	-6.4976040569351
1.4750000238419	-6.6380429366088
1.4796999692917	-6.7781762385352
1.4844000339508	-6.9199500892598
1.4890999794006	-7.0657941122053
1.4938000440598	-7.2181015855146
1.4984999895096	-7.3787211534902
1.5032000541687	-7.5485808922904
1.5078999996185	-7.7275185103521
1.5125999450684	-7.9143329745056
1.5173000097275	-8.1070729487687
1.5219999551773	-8.3034861761386
1.5267000198364	-8.5015669749693
1.5313999652863	-8.7000724964703
1.5361000299454	-8.8988689701527
1.5407999753952	-9.0990395608780
1.5455000400543	-9.3026912501223
1.5501999855042	-9.5125273649044
1.5549000501633	-9.7312854977672
1.5595999956131	-9.9611666993859
1.5642999410629	-10.203372041452
1.5690000057220	-10.457841611705
1.5736999511719	-10.723232883647
1.5784000158310	-10.997168763291
1.5830999612808	-11.276713562180
1.5878000259399	-11.559006741543
1.5924999713898	-11.841931330156
1.5972000360489	-12.124631110752
1.6018999814987	-12.407766777004
1.6066000461578	-12.693385005138
1.6112999916077	-12.984466313960
1.6160000562668	-13.284239845920
1.6207000017166	-13.595403144758
1.6253999471664	-13.919444947599
1.6301000118256	-14.256153004335
1.6347999572754	-14.603415774163
1.6395000219345	-14.957367333787
1.6441999673843	-15.312867803274
1.6489000320435	-15.664311963945
1.6535999774933	-16.006551284398
1.6583000421524	-16.335804195708
1.6629999876022	-16.650226473975
1.6677000522614	-16.950046395759
1.6723999977112	-17.237142471715
1.6770999431610	-17.514258743250
1.6818000078201	-17.783994261482
1.6864999532700	-18.047886967471
1.6912000179291	-18.305659077870
1.6958999633789	-18.554882320710
1.7006000280380	-18.791017766535
1.7052999734879	-19.007949114082
1.7100000381470	-19.198885324841
1.7146999835968	-19.357658267510
1.7194000482559	-19.480007913929
1.7240999937057	-19.564661944310
1.7288000583649	-19.613812586566
1.7335000038147	-19.632874868245
1.7381999492645	-19.629526130125
1.7429000139236	-19.612354958016
1.7475999593735	-19.589415640269
1.7523000240326	-19.566960577799
1.7569999694824	-19.548625165873
1.7617000341415	-19.535100115241
1.7663999795914	-19.524331704535
1.7711000442505	-19.512274172684
1.7757999897003	-19.494081897142
1.7805000543594	-19.465547651474
1.7851999998093	-19.424448195175
1.7898999452591	-19.371422965791
1.7946000099182	-19.310156575659
1.7992999553680	-19.246700341244
1.8040000200272	-19.188279306007
1.8086999654770	-19.141819358470
1.8134000301361	-19.112643289304
1.8180999755859	-19.103520568137
1.8228000402451	-19.114250322395
1.8274999856949	-19.141828486344
1.8322000503540	-19.181138462708
1.8368999958038	-19.226135639899
1.8415999412537	-19.271271771344
1.8463000059128	-19.312948455650
1.8509999513626	-19.350482604540
1.8557000160217	-19.386409107878
1.8603999614716	-19.425933575088
1.8651000261307	-19.475720014143
1.8697999715805	-19.542439668602
1.8745000362396	-19.631375360401
1.8791999816895	-19.745389303512
1.8839000463486	-19.884418432439
1.8885999917984	-20.045586247818
1.8933000564575	-20.223842083356
1.8980000019073	-20.413175349559
1.9026999473572	-20.608120926636
1.9074000120163	-20.805353132406
1.9120999574661	-21.004797439984
1.9168000221252	-21.210058932246
1.9214999675751	-21.427902062490
1.9262000322342	-21.667047843870
1.9308999776840	-21.936531719600
1.9356000423431	-22.244228764016
1.9402999877930	-22.595657378804
1.9450000524521	-22.993338255277
1.9496999979019	-23.436792770618
1.9543999433517	-23.923124879859
1.9591000080109	-24.448443271780
1.9637999534607	-25.009734651088
1.9685000181198	-25.607352664189
1.9731999635696	-26.247375800282
1.9779000282288	-26.943343557842
1.9825999736786	-27.717403399434
1.9873000383377	-28.600768397981
1.9919999837875	-29.634729403141
1.9967000484467	-30.873472494078
2.0013999938965	-32.390798897821
2.0060999393463	-34.293940396138
2.0107998847961	-36.745460853571
2.0155000686646	-39.948483828624
2.0202000141144	-43.509863295968
2.0248999595642	-43.653627599346
2.0295999050140	-40.133894626449
2.0343000888824	-36.854662371443
2.0390000343323	-34.285078653677
2.0436999797821	-32.215708049225
2.0483999252319	-30.480732584729
2.0531001091003	-28.979650557872
2.0578000545502	-27.653523908594
2.0625000000000	-26.467716648466
2.0671999454498	-25.401226492861
2.0718998908997	-24.440077685559
2.0766000747681	-23.573275849758
2.0813000202179	-22.790632974221
2.0859999656677	-22.081630095685
2.0906999111176	-21.435240429358
2.0954000949860	-20.840212156230
2.1001000404358	-20.285779983534
2.1047999858856	-19.762583318499
2.1094999313354	-19.263427433259
2.1142001152039	-18.783843223497
2.1189000606537	-18.322098418096
2.1236000061035	-17.878713316912
2.1282999515533	-17.455675114211
2.1329998970032	-17.055404129657
2.1377000808716	-16.679874253218
2.1424000263214	-16.329909168523
2.1470999717712	-16.004876389116
2.1517999172211	-15.702663637609
2.1565001010895	-15.420027799073
2.1612000465393	-15.153152803629
2.1658999919891	-14.898342932742
2.1705999374390	-14.652681276560
2.1752998828888	-14.414503959773
2.1800000667572	-14.183588283942
2.1847000122070	-13.960994907488
2.1893999576569	-13.748644275405
2.1940999031067	-13.548700895131
2.1988000869751	-13.362986391031
2.2035000324249	-13.192479762915
2.2081999778748	-13.037049244522
2.2128999233246	-12.895447058173
2.2176001071930	-12.765555703034
2.2223000526428	-12.644804283616
2.2269999980927	-12.530727100096
2.2316999435425	-12.421469856412
2.2363998889923	-12.316136014209
2.2411000728607	-12.214944256118
2.2458000183105	-12.119058690481
2.2504999637604	-12.030248073099
2.2551999092102	-11.950379619588
2.2599000930786	-11.880926531883
2.2646000385284	-11.822590405739
2.2692999839783	-11.775104002288
2.2739999294281	-11.737273932729
2.2787001132965	-11.707230560723
2.2834000587463	-11.682836909231
2.2881000041962	-11.662183823376
2.2927999496460	-11.643992489498
2.2974998950958	-11.627916737657
2.3022000789642	-11.614575645182
2.3069000244141	-11.605363747366
2.3115999698639	-11.602076784242
2.3162999153137	-11.606446448221
2.3210000991821	-11.619698835324
2.3257000446320	-11.642256417768
2.3303999900818	-11.673619981898
2.3350999355316	-11.712483350300
2.3397998809814	-11.757028483976
2.3445000648499	-11.805360416563
2.3492000102997	-11.855966396008
2.3538999557495	-11.908090283974
2.3585999011993	-11.961916675507
2.3633000850677	-12.018534803636
2.3680000305176	-12.079676921679
2.3726999759674	-12.147275771350
2.3773999214172	-12.223026096196
2.3821001052856	-12.307966308252
2.3868000507355	-12.402247699015
2.3914999961853	-12.505100813245
2.3961999416351	-12.615044553903
2.4008998870850	-12.730232217945
2.4056000709534	-12.848965878006
2.4103000164032	-12.970113145678
2.4149999618530	-13.093473887437
2.4196999073029	-13.219872192226
2.4244000911713	-13.351019005459
2.4291000366211	-13.489145487198
2.4337999820709	-13.636507231582
2.4384999275208	-13.794898824783
2.4432001113892	-13.965262176164
2.4479000568390	-14.147519549242
2.4526000022888	-14.340631818588
2.4572999477386	-14.542893432794
2.4619998931885	-14.752442278511
2.4667000770569	-14.967799820118
2.4714000225067	-15.188398982232
2.4760999679565	-15.414897439937
2.4807999134064	-15.649210516572
2.4855000972748	-15.894236754351
2.4902000427246	-16.153339354943
2.4948999881744	-16.429719186992
2.4995999336243	-16.725847206044
2.5043001174927	-17.043024633263
2.5090000629425	-17.381265138379
2.5137000083923	-17.739459149921
2.5183999538422	-18.115880243898
2.5230998992920	-18.508938977051
2.5278000831604	-18.917999385833
2.5325000286102	-19.344158966572
2.5371999740601	-19.790691951154
2.5418999195099	-20.263017868083
2.5466001033783	-20.768245875389
2.5513000488281	-21.314300535570
2.5559999942780	-21.908862536036
2.5606999397278	-22.558286512945
2.5653998851776	-23.266596415041
2.5701000690460	-24.034688347614
2.5748000144958	-24.859710593368
2.5794999599457	-25.734505613431
2.5841999053955	-26.646909326760
2.5889000892639	-27.578042598304
2.5936000347137	-28.498179775029
2.5982999801636	-29.358705529046
2.6029999256134	-30.081194877672
2.6077001094818	-30.554489388829
2.6124000549316	-30.662402302881
2.6171000003815	-30.348860409122
2.6217999458313	-29.665335294552
2.6264998912811	-28.740508706324
2.6312000751495	-27.708591002686
2.6359000205994	-26.666364141977
2.6405999660492	-25.668814018556
2.6452999114990	-24.740487087480
2.6500000953674	-23.887352588308
2.6547000408173	-23.105083430875
2.6593999862671	-22.384420298828
2.6640999317169	-21.714570396055
2.6688001155853	-21.085492628975
2.6735000610352	-20.489319258553
2.6782000064850	-19.920989633413
2.6828999519348	-19.378221407368
2.6875998973846	-18.860837019467
2.6923000812531	-18.369825580240
2.6970000267029	-17.906325733141
2.7016999721527	-17.470802264073
2.7063999176025	-17.062511407833
2.7111001014709	-16.679381501789
2.7158000469208	-16.318218453760
2.7204999923706	-15.975171741333
2.7251999378204	-15.646367727674
2.7298998832703	-15.328545179528
2.7346000671387	-15.019522846781
2.7393000125885	-14.718428833197
2.7439999580383	-14.425597794189
2.7486999034882	-14.142205463301
2.7534000873566	-13.869741682104
2.7581000328064	-13.609458091939
2.7627999782562	-13.361942363115
2.7674999237061	-13.126863775620
2.7722001075745	-12.902993626676
2.7769000530243	-12.688405429116
2.7815999984741	-12.480892565811
2.7862999439240	-12.278387791101
2.7909998893738	-12.079406295195
2.7957000732422	-11.883292871900
2.8004000186920	-11.690262930435
2.8050999641418	-11.501248933228
2.8097999095917	-11.317551621314
2.8145000934601	-11.140435712018
2.8192000389099	-10.970758898118
2.8238999843597	-10.808714531006
2.8285999298096	-10.653751296336
2.8333001136780	-10.504689819684
2.8380000591278	-10.359979091497
2.8427000045776	-10.218056414590
2.8473999500275	-10.077695147981
2.8520998954773	-9.9382722444381
2.8568000793457	-9.7998732995995
2.8615000247955	-9.6632066487657
2.8661999702454	-9.5293833196121
2.8708999156952	-9.3995800995180
2.8756000995636	-9.2747238865936
2.8803000450134	-9.1552245646677
2.8849999904633	-9.0408722425738
2.8896999359131	-8.9308842365467
2.8943998813629	-8.8240744905185
2.8991000652313	-8.7191665927933
2.9038000106812	-8.6150787380585
2.9084999561310	-8.5111997391500
2.9131999015808	-8.4074986600849
2.9179000854492	-8.3045238602235
2.9226000308990	-8.2032202629052
2.9272999763489	-8.1046725644779
2.9319999217987	-8.0098028105039
2.9367001056671	-7.9191392813433
2.9414000511169	-7.8326678520299
2.9460999965668	-7.7498442648402
2.9507999420166	-7.6697264194802
2.9554998874664	-7.5912113064666
2.9602000713348	-7.5133165457682
2.9649000167847	-7.4354145897838
2.9695999622345	-7.3573892285720
2.9742999076843	-7.2796509433980
2.9790000915527	-7.2030012779418
2.9837000370026	-7.1284305835102
2.9883999824524	-7.0568411561909
2.9930999279022	-6.9888086822669
2.9978001117706	-6.9244534073402
3.0025000572205	-6.8633895510478
3.0072000026703	-6.8048315843329
3.0118999481201	-6.7478056932125
3.0165998935699	-6.6913804465335
3.0213000774384	-6.6349159058793
3.0260000228882	-6.5782105352965
3.0306999683380	-6.5215510894506
3.0353999137878	-6.4656217883841
3.0401000976562	-6.4113212316850
3.0448000431061	-6.3595181583259
3.0494999885559	-6.3108238559213
3.0541999340057	-6.2654358392282
3.0589001178741	-6.2230897764113
3.0636000633240	-6.1831197466592
3.0683000087738	-6.1446334151491
3.0729999542236	-6.1067419108555
3.0776998996735	-6.0687780285957
3.0824000835419	-6.0304684285024
3.0871000289917	-5.9919971332488
3.0917999744415	-5.9539478933897
3.0964999198914	-5.9171393219106
3.1012001037598	-5.8824113070891
3.1059000492096	-5.8503945681423
3.1105999946594	-5.8213577478857
3.1152999401093	-5.7951224773027
3.1199998855591	-5.7711185430534
3.1247000694275	-5.7485217525248
3.1294000148773	-5.7264662522527
3.1340999603271	-5.7042664650430
3.1387999057770	-5.6815873215448
3.1435000896454	-5.6585249053956
3.1482000350952	-5.6355758187338
3.1528999805450	-5.6135041113676
3.1575999259949	-5.5931216518536
3.1623001098633	-5.5750819736457
3.1670000553131	-5.5597085902908
3.1717000007629	-5.5468964948216
3.1763999462128	-5.5361531874994
3.1810998916626	-5.5267022844835
3.1858000755310	-5.5176974480300
3.1905000209808	-5.5084266843579
3.1951999664307	-5.4984947358194
3.1998999118805	-5.4879244570627
3.2046000957489	-5.4771450624241
3.2093000411987	-5.4668650509807
3.2139999866486	-5.4578772482812
3.2186999320984	-5.4508555100964
3.2234001159668	-5.4461667550763
3.2281000614166	-5.4437601714407
3.2328000068665	-5.4431906494331
3.2374999523163	-5.4437180759121
3.2421998977661	-5.4444852137213
3.2469000816345	-5.4447425808126
3.2516000270844	-5.4440373361705
3.2562999725342	-5.4423163961185
3.2609999179840	-5.4399346873524
3.2657001018524	-5.4375444171952
3.2704000473022	-5.4359192826748
3.2750999927521	-5.4357316434976
3.2797999382019	-5.4373613529760
3.2844998836517	-5.4407867394266
3.2892000675201	-5.4455695471015
3.2939000129700	-5.4509549870338
3.2985999584198	-5.4560521868220
3.3032999038696	-5.4600467052638
3.3080000877380	-5.4623964617926
3.3127000331879	-5.4629566658907
3.3173999786377	-5.4619972025730
3.3220999240875	-5.4601092258067
3.3268001079559	-5.4580160435056
3.3315000534058	-5.4563557367017
3.3361999988556	-5.4554888309472
3.3408999443054	-5.4553634481300
3.3455998897552	-5.4555049874902
3.3503000736237	-5.4551040604812
3.3550000190735	-5.4531956632229
3.3596999645233	-5.4488791770377
3.3643999099731	-5.4415294842316
3.3691000938416	-5.4309266243151
3.3738000392914	-5.4172761504359
3.3784999847412	-5.4011270148018
3.3831999301910	-5.3831795656992
3.3879001140594	-5.3640602100187
3.3926000595093	-5.3441358802815
3.3973000049591	-5.3233736642268
3.4019999504089	-5.3013218281097
3.4066998958588	-5.2772209084385
3.4114000797272	-5.2501789068991
3.4161000251770	-5.2193954178805
3.4207999706268	-5.1843801593957
3.4254999160767	-5.1450721905929
3.4302000999451	-5.1018684362009
3.4349000453949	-5.0555193567702
3.4395999908447	-5.0069511160920
3.4442999362946	-4.9570364267582
3.4489998817444	-4.9064088458854
3.4537000656128	-4.8553322982037
3.4584000110626	-4.8036984742644
3.4630999565125	-4.7511182143504
3.4677999019623	-4.6970918178275
3.4725000858307	-4.6412229158402
3.4772000312805	-4.5833962414406
3.4818999767303	-4.5238871603467
3.4865999221802	-4.4633689079296
3.4913001060486	-4.4028151996300
3.4960000514984	-4.3433177360505
3.5006999969482	-4.2858850050852
3.5053999423981	-4.2312701926129
3.5100998878479	-4.1798483943401
3.5148000717163	-4.1316150615785
3.5195000171661	-4.0862481602753
3.5241999626160	-4.0432726184519
3.5288999080658	-4.0022378737437
3.5336000919342	-3.9628793409252
3.5383000373840	-3.9252388292385
3.5429999828339	-3.8896744717010
3.5476999282837	-3.8568015417140
3.5524001121521	-3.8273508621352
3.5571000576019	-3.8019978737717
3.5618000030518	-3.7811986812852
3.5664999485016	-3.7650868478861
3.5711998939514	-3.7534356365926
3.5759000778198	-3.7457252902240
3.5806000232697	-3.7412552068361
3.5852999687195	-3.7393195767306
3.5899999141693	-3.7393639425457
3.5947000980377	-3.7411185428787
3.5994000434875	-3.7446389128424
3.6040999889374	-3.7502734082710
3.6087999343872	-3.7585456057348
3.6135001182556	-3.7700070900037
3.6182000637054	-3.7850632703119
3.6229000091553	-3.8038541598153
3.6275999546051	-3.8261981697603
3.6322999000549	-3.8515998272379
3.6370000839233	-3.8793765590551
3.6417000293732	-3.9087864047007
3.6463999748230	-3.9392128873385
3.6510999202728	-3.9702934087626
3.6558001041412	-4.0020006970277
3.6605000495911	-4.0346399719254
3.6651999950409	-4.0687425606897
3.6698999404907	-4.1049247773788
3.6745998859406	-4.1437132676258
3.6793000698090	-4.1853939658553
3.6840000152588	-4.2299295567802
3.6886999607086	-4.2769431810078
3.6933999061584	-4.3258155717727
3.6981000900269	-4.3758143686825
3.7028000354767	-4.4262815708174
3.7074999809265	-4.4767932734835
3.7121999263763	-4.5272628145527
3.7169001102448	-4.5779610252113
3.7216000556946	-4.6294485498040
3.7263000011444	-4.6824175559058
3.7309999465942	-4.7375127617775
3.7356998920441	-4.7951603169197
3.7404000759125	-4.8554387091349
3.7451000213623	-4.9180546159287
3.7497999668121	-4.9823995453511
3.7544999122620	-5.0476986064594
3.7592000961304	-5.1131925126728
3.7639000415802	-5.1783397999114
3.7685999870300	-5.2429417058327
3.7732999324799	-5.3072099541557
3.7780001163483	-5.3716957550905
3.7827000617981	-5.4371475244980
3.7874000072479	-5.5043102577420
3.7920999526978	-5.5737081595297
3.7967998981476	-5.6455043379264
3.8015000820160	-5.7194184751705
3.8062000274658	-5.7947883023798
3.8108999729156	-5.8707050563173
3.8155999183655	-5.9462308368186
3.8203001022339	-6.0206263702913
3.8250000476837	-6.0935285802285
3.8296999931335	-6.1650381784306
3.8343999385834	-6.2356828798269
3.8390998840332	-6.3062479625904
3.8438000679016	-6.3775569733226
3.8485000133514	-6.4502156287419
3.8531999588013	-6.5244122704855
3.8578999042511	-6.5998312198144
3.8626000881195	-6.6756775125525
3.8673000335693	-6.7508451557464
3.8719999790192	-6.8241641107894
3.8766999244690	-6.8946795813354
3.8814001083374	-6.9618752075687
3.8861000537872	-7.0257959258815
3.8907999992371	-7.0870076362024
3.8954999446869	-7.1464176038006
3.9001998901367	-7.2049996363614
3.9049000740051	-7.2634916487401
3.9096000194550	-7.3221583854884
3.9142999649048	-7.3806742686817
3.9189999103546	-7.4381702279001
3.9237000942230	-7.4934263406389
3.9284000396729	-7.5451707687188
3.9330999851227	-7.5924111861540
3.9377999305725	-7.6346995718103
3.9425001144409	-7.6722574917960
3.9472000598907	-7.7059226382198
3.9519000053406	-7.7369211562915
3.9565999507904	-7.7665399900865
3.9612998962402	-7.7957828335377
3.9660000801086	-7.8251016332729
3.9707000255585	-7.8542894307968
3.9753999710083	-7.8825435157693
3.9800999164581	-7.9086949410170
3.9848001003265	-7.9315555819764
3.9895000457764	-7.9502698685039
3.9941999912262	-7.9645966235409
3.9988999366760	-7.9750152333015
4.0036001205444	-7.9826407340890
4.0082998275757	-7.9889703459624
4.0130000114441	-7.9955080393289
4.0177001953125	-8.0034152308642
4.0223999023438	-8.0132311974095
4.0271000862122	-8.0247836357145
4.0317997932434	-8.0372598798540
4.0364999771118	-8.0494720457887
4.0412001609802	-8.0602062428426
4.0458998680115	-8.0685928947859
4.0506000518799	-8.0743867791994
4.0553002357483	-8.0780779767488
4.0599999427795	-8.0807966138042
4.0647001266479	-8.0840507692326
4.0693998336792	-8.0893503048775
4.0741000175476	-8.0978466245231
4.0788002014160	-8.1100505910605
4.0834999084473	-8.1257284461633
4.0882000923157	-8.1439809803508
4.0928997993469	-8.1634941626074
4.0975999832153	-8.1829007245745
4.1023001670837	-8.2011639625056
4.1069998741150	-8.2178749792014
4.1117000579834	-8.2333868188790
4.1163997650146	-8.2487397670601
4.1210999488831	-8.2654036684321
4.1258001327515	-8.2848976042414
4.1304998397827	-8.3084079538548
4.1352000236511	-8.3364785929958
4.1399002075195	-8.3688766617126
4.1445999145508	-8.4046432385001
4.1493000984192	-8.4423340016401
4.1539998054504	-8.4803966453956
4.1586999893188	-8.5175684012638
4.1634001731873	-8.5532345153821
4.1680998802185	-8.5875878889583
4.1728000640869	-8.6216033217333
4.1774997711182	-8.6567763510617
4.1821999549866	-8.6947368743223
4.1869001388550	-8.7368149357128
4.1915998458862	-8.7836889997933
4.1963000297546	-8.8351947605695
4.2010002136230	-8.8903437154236
4.2056999206543	-8.9475518701661
4.2104001045227	-9.0050356611442
4.2150998115540	-9.0612651603484
4.2197999954224	-9.1153767045559
4.2245001792908	-9.1674090335341
4.2291998863220	-9.2183130187101
4.2339000701904	-9.2697004904036
4.2385997772217	-9.3234217056233
4.2432999610901	-9.3810772761246
4.2480001449585	-9.4435880892874
4.2526998519897	-9.5109487220957
4.2574000358582	-9.5821991206149
4.2621002197266	-9.6556557300712
4.2667999267578	-9.7293383010158
4.2715001106262	-9.8014985073537
4.2761998176575	-9.8711187041544
4.2809000015259	-9.9382322784543
4.2856001853943	-10.003983055637
4.2902998924255	-10.070374195883
4.2950000762939	-10.139806807851
4.2996997833252	-10.214506004123
4.3043999671936	-10.295999348076
4.3091001510620	-10.384787493178
4.3137998580933	-10.480247141630
4.3185000419617	-10.580839539396
4.3232002258301	-10.684551489709
4.3278999328613	-10.789480982781
4.3326001167297	-10.894423377184
4.3372998237610	-10.999300677858
4.3420000076294	-11.105283449996
4.3467001914978	-11.214580533690
4.3513998985291	-11.329929992645
4.3561000823975	-11.453934680734
4.3607997894287	-11.588400872777
4.3654999732971	-11.733854978127
4.3702001571655	-11.889338586034
4.3748998641968	-12.052552377875
4.3796000480652	-12.220334602371
4.3843002319336	-12.389405476262
4.3889999389648	-12.557208394138
4.3937001228333	-12.722609207911
4.3983998298645	-12.886254576537
4.4031000137329	-13.050440007204
4.4078001976013	-13.218500645044
4.4124999046326	-13.393902735061
4.4172000885010	-13.579261156672
4.4218997955322	-13.775556524647
4.4265999794006	-13.981703674520
4.4313001632690	-14.194655172440
4.4359998703003	-14.410007240685
4.4407000541687	-14.623082253467
4.4454002380371	-14.830206220187
4.4500999450684	-15.029840860800
4.4548001289368	-15.223179966018
4.4594998359680	-15.413938818968
4.4642000198364	-15.607381614818
4.4689002037048	-15.808867820540
4.4735999107361	-16.022303972246
4.4783000946045	-16.248927797167
4.4829998016357	-16.486684094461
4.4876999855042	-16.730416919149
4.4924001693726	-16.972915844237
4.4970998764038	-17.206728945797
4.5018000602722	-17.426307691222
4.5064997673035	-17.629818238156
4.5111999511719	-17.819874858645
4.5159001350403	-18.002824086954
4.5205998420715	-18.186779611991
4.5253000259399	-18.379028577569
4.5300002098083	-18.583601768494
4.5346999168396	-18.799603384793
4.5394001007080	-19.020711360852
4.5440998077393	-19.236144150930
4.5487999916077	-19.433166860637
4.5535001754761	-19.600668385823
4.5581998825073	-19.732797532879
4.5629000663757	-19.831040310219
4.5675997734070	-19.903651916587
4.5722999572754	-19.962658568664
4.5770001411438	-20.019593537586
4.5816998481750	-20.081599991885
4.5864000320435	-20.148928515624
4.5911002159119	-20.214440138381
4.5957999229431	-20.265266792960
4.6005001068115	-20.286546345407
4.6051998138428	-20.266405596635
4.6098999977112	-20.200409954427
4.6146001815796	-20.093522738276
4.6192998886108	-19.958424161900
4.6240000724792	-19.811216837730
4.6286997795105	-19.666400563179
4.6333999633789	-19.533043807427
4.6381001472473	-19.412884434570
4.6427998542786	-19.300455927367
4.6475000381470	-19.185182934815
4.6522002220154	-19.054790992161
4.6568999290466	-18.899468673428
4.6616001129150	-18.715326503200
4.6662998199463	-18.505889667260
4.6710000038147	-18.280944436294
4.6757001876831	-18.053360015174
4.6803998947144	-17.835373446612
4.6851000785828	-17.635449993416
4.6897997856140	-17.456525699715
4.6944999694824	-17.295752291263
4.6992001533508	-17.145570471349
4.7038998603821	-16.995899104502
4.7086000442505	-16.837045448674
4.7133002281189	-16.662574753507
4.7179999351501	-16.471274206224
4.7227001190186	-16.267440349255
4.7273998260498	-16.059439818442
4.7321000099182	-15.857147338670
4.7368001937866	-15.669208673828
4.7414999008179	-15.500921033493
4.7462000846863	-15.353110647995
4.7508997917175	-15.222122602143
4.7555999755859	-15.100861456463
4.7603001594543	-14.980619225152
4.7649998664856	-14.853438496850
4.7697000503540	-14.714337206923
4.7744002342224	-14.562724952741
4.7790999412537	-14.402515607204
4.7838001251221	-14.240868929200
4.7884998321533	-14.086092944682
4.7932000160217	-13.945374757883
4.7979001998901	-13.823013436302
4.8025999069214	-13.719452102666
4.8073000907898	-13.631254359509
4.8119997978210	-13.551970255360
4.8166999816895	-13.473756297089
4.8214001655579	-13.389434161558
4.8260998725891	-13.294461464146
4.8308000564575	-13.188231320399
4.8354997634888	-13.074206380907
4.8401999473572	-12.958868115551
4.8449001312256	-12.849845563320
4.8495998382568	-12.753828169330
4.8543000221252	-12.674884742789
4.8590002059937	-12.613489764891
4.8636999130249	-12.566420776944
4.8684000968933	-12.527498357914
4.8730998039246	-12.489112159401
4.8777999877930	-12.444167217922
4.8825001716614	-12.388045793959
4.8871998786926	-12.319940503745
4.8919000625610	-12.243090983944
4.8965997695923	-12.163829600040
4.9012999534607	-12.089751983194
4.9060001373291	-12.027653644497
4.9106998443604	-11.981769660503
4.9154000282288	-11.952731389711
4.9201002120972	-11.937386137162
4.9247999191284	-11.929494567881
4.9295001029968	-11.921237405112
4.9341998100281	-11.905234099321
4.9388999938965	-11.876591444186
4.9436001777649	-11.834357304392
4.9482998847961	-11.781821694270
4.9530000686646	-11.725529973299
4.9576997756958	-11.673359575946
4.9623999595642	-11.632280584174
4.9671001434326	-11.606459086428
4.9717998504639	-11.596071859787
4.9765000343323	-11.597074820552
4.9812002182007	-11.601961159181
4.9858999252319	-11.601404979057
4.9906001091003	-11.586572259738
4.9952998161316	-11.551467385185
5.0000000000000	-11.494582479584
