#Parameters = {R_fat=48; R_glandular=38; R_skin_outer=50; T10=5; T15=7.5; T5=2.5; T_rad=4; T_x=10; T_y=0; T_z=75; Zc=65; skin_thickness=2; Mesh Pass=1}
#"Frequency / GHz"	"S1,1 (Mesh Pass=1) [Magnitude / dB]"
#-------------------------------------------------------
0.30000001192093	-6.6723352489950
0.30469998717308	-6.5393574808804
0.30939999222755	-6.3980494379421
0.31409999728203	-6.2497223418332
0.31880000233650	-6.0965090335157
0.32350000739098	-5.9409892200705
0.32820001244545	-5.7857475405667
0.33289998769760	-5.6329501217037
0.33759999275208	-5.4840176484613
0.34229999780655	-5.3394486694872
0.34700000286102	-5.1988125507455
0.35170000791550	-5.0609089847933
0.35640001296997	-4.9240669190547
0.36109998822212	-4.7865550278025
0.36579999327660	-4.6469965532849
0.37049999833107	-4.5047256561654
0.37520000338554	-4.3599913361366
0.37990000844002	-4.2139549824741
0.38460001349449	-4.0684893882762
0.38929998874664	-3.9258158719308
0.39399999380112	-3.7880785161592
0.39869999885559	-3.6569193034144
0.40340000391006	-3.5331680791342
0.40810000896454	-3.4166650420738
0.41280001401901	-3.3062980320244
0.41749998927116	-3.2002132921479
0.42219999432564	-3.0962225562312
0.42689999938011	-2.9922901002133
0.43160000443459	-2.8870186652504
0.43630000948906	-2.7800057742536
0.44100001454353	-2.6719640932023
0.44569998979568	-2.5645837839167
0.45039999485016	-2.4601500347472
0.45509999990463	-2.3610303055013
0.45980000495911	-2.2691091749765
0.46450001001358	-2.1853474815323
0.46919998526573	-2.1095033056417
0.47389999032021	-2.0401318399650
0.47859999537468	-1.9748519409621
0.48330000042915	-1.9108707861488
0.48800000548363	-1.8456352003295
0.49270001053810	-1.7774795270572
0.49739998579025	-1.7060607423140
0.50209999084473	-1.6324809864089
0.50679999589920	-1.5590308341344
0.51150000095367	-1.4886275566741
0.51620000600815	-1.4240972564599
0.52090001106262	-1.3674551447462
0.52560001611710	-1.3193627641422
0.53030002117157	-1.2788888493037
0.53500002622604	-1.2436432117257
0.53969997167587	-1.2102972713254
0.54439997673035	-1.1753759126616
0.54909998178482	-1.1361514225014
0.55379998683929	-1.0913963279986
0.55849999189377	-1.0417454088290
0.56319999694824	-0.98957517064844
0.56790000200272	-0.93840964407053
0.57260000705719	-0.89202411119410
0.57730001211166	-0.85346627493098
0.58200001716614	-0.82423074863818
0.58670002222061	-0.80380072058833
0.59140002727509	-0.78965519602057
0.59609997272491	-0.77781062818334
0.60079997777939	-0.76379192439506
0.60549998283386	-0.74380458564370
0.61019998788834	-0.71582122483611
0.61489999294281	-0.68020700935261
0.61959999799728	-0.63969735030853
0.62430000305176	-0.59873101618349
0.62900000810623	-0.56228603881867
0.63370001316071	-0.53457375687879
0.63840001821518	-0.51788094455444
0.64310002326965	-0.51185804366275
0.64780002832413	-0.51342963405248
0.65249997377396	-0.51743953644164
0.65719997882843	-0.51789716839088
0.66189998388290	-0.50962006837750
0.66659998893738	-0.48976122349478
0.67129999399185	-0.45878900714074
0.67599999904633	-0.42053971721804
0.68070000410080	-0.38128995422811
0.68540000915527	-0.34814327307461
0.69010001420975	-0.32710579959861
0.69480001926422	-0.32139497798979
0.69950002431870	-0.33030225294939
0.70420002937317	-0.34900026144365
0.70889997482300	-0.36939926161064
0.71359997987747	-0.38211374943488
0.71829998493195	-0.37914104370118
0.72299998998642	-0.35657733281851
0.72769999504089	-0.31651738064162
0.73240000009537	-0.26738291336088
0.73710000514984	-0.22257698891627
0.74180001020432	-0.19785934834262
0.74650001525879	-0.20813023047227
0.75120002031326	-0.26427576333904
0.75590002536774	-0.37045701588836
0.76059997081757	-0.52216669170402
0.76529997587204	-0.70530108720404
0.76999998092651	-0.89683838077563
0.77469998598099	-1.0677042879133
0.77939999103546	-1.1883410586348
0.78409999608994	-1.2361539846895
0.78880000114441	-1.2023862822968
0.79350000619888	-1.0950936343522
0.79820001125336	-0.93656500177273
0.80290001630783	-0.75668320601026
0.80760002136230	-0.58542961515134
0.81230002641678	-0.44698798018576
0.81699997186661	-0.35620792270966
0.82169997692108	-0.31715536727718
0.82639998197556	-0.32329518167760
0.83109998703003	-0.35923538130449
0.83579999208450	-0.40408398643073
0.84049999713898	-0.43635041587738
0.84520000219345	-0.43966390486707
0.84990000724792	-0.40769426243277
0.85460001230240	-0.34644502620730
0.85930001735687	-0.27291735999709
0.86400002241135	-0.21082038681676
0.86870002746582	-0.18499246729365
0.87339997291565	-0.21618795745356
0.87809997797012	-0.31702241208726
0.88279998302460	-0.48919652137914
0.88749998807907	-0.72181274654022
0.89219999313354	-0.99082625893026
0.89689999818802	-1.2602509983145
0.90160000324249	-1.4864795481879
0.90630000829697	-1.6269499606185
0.91100001335144	-1.6521194188362
0.91570001840591	-1.5557354628855
0.92040002346039	-1.3570577907412
0.92510002851486	-1.0934864546741
0.92979997396469	-0.80850021120812
0.93449997901917	-0.54121033708352
0.93919998407364	-0.32039103003830
0.94389998912811	-0.16245401695311
0.94859999418259	-0.071786701178692
0.95329999923706	-0.042346403078655
0.95800000429153	-0.060042043274896
0.96270000934601	-0.10578470743609
0.96740001440048	-0.15912840748381
0.97210001945496	-0.20214136553632
0.97680002450943	-0.22280727927747
0.98150002956390	-0.21700714203576
0.98619997501373	-0.18841597845113
0.99089998006821	-0.14637671005260
0.99559998512268	-0.10258668202815
1.0003000497818	-0.067731426699327
1.0049999952316	-0.048956913536694
1.0096999406815	-0.048596465446978
1.0144000053406	-0.064176422727549
1.0190999507904	-0.089503483007089
1.0238000154495	-0.11650434908763
1.0284999608994	-0.13739366978089
1.0332000255585	-0.14666080086213
1.0378999710083	-0.14236132257865
1.0426000356674	-0.12636642109337
1.0472999811172	-0.10354290565663
1.0520000457764	-0.080180625312871
1.0566999912262	-0.062195387047513
1.0614000558853	-0.053640845770223
1.0661000013351	-0.055817184359278
1.0707999467850	-0.067171238544933
1.0755000114441	-0.083875643100904
1.0801999568939	-0.10095894831305
1.0849000215530	-0.11365257416663
1.0895999670029	-0.11864258323147
1.0943000316620	-0.11487934513253
1.0989999771118	-0.10373909869839
1.1037000417709	-0.088491041569434
1.1083999872208	-0.073309236310598
1.1131000518799	-0.062097130914318
1.1177999973297	-0.057478137544719
1.1224999427795	-0.060208887587749
1.1272000074387	-0.069084199784884
1.1318999528885	-0.081367145734347
1.1366000175476	-0.093566334300627
1.1412999629974	-0.10238059765837
1.1460000276566	-0.10557404855760
1.1506999731064	-0.10251485134692
1.1554000377655	-0.094276981109014
1.1600999832153	-0.083264547134181
1.1648000478745	-0.072502278493953
1.1694999933243	-0.064812617378997
1.1742000579834	-0.062094719254219
1.1789000034332	-0.064901527116719
1.1835999488831	-0.072392219662846
1.1883000135422	-0.082623088835302
1.1929999589920	-0.093116926493772
1.1977000236511	-0.10153263388599
1.2023999691010	-0.10625183887909
1.2071000337601	-0.10677074582395
1.2117999792099	-0.10372471261209
1.2165000438690	-0.098622472476521
1.2211999893188	-0.093353677188345
1.2259000539780	-0.089622513453970
1.2305999994278	-0.088461873044885
1.2352999448776	-0.089997108052397
1.2400000095367	-0.093450014666704
1.2446999549866	-0.097413568142771
1.2494000196457	-0.10029499410096
1.2540999650955	-0.10078992086223
1.2588000297546	-0.098289295550321
1.2634999752045	-0.093047804249200
1.2682000398636	-0.086130114940270
1.2728999853134	-0.079097742762126
1.2776000499725	-0.073589712337786
1.2822999954224	-0.070864575626363
1.2869999408722	-0.071466115254571
1.2917000055313	-0.075096898145767
1.2963999509811	-0.080694245834220
1.3011000156403	-0.086726917715816
1.3057999610901	-0.091608632391689
1.3105000257492	-0.094106705565268
1.3151999711990	-0.093666102197586
1.3199000358582	-0.090542466098063
1.3245999813080	-0.085704892893872
1.3293000459671	-0.080555751888253
1.3339999914169	-0.076532313299405
1.3387000560760	-0.074727985485677
1.3434000015259	-0.075617973261109
1.3480999469757	-0.078940514593473
1.3528000116348	-0.083795567440765
1.3574999570847	-0.088907656631029
1.3622000217438	-0.092971055183424
1.3668999671936	-0.094997176368931
1.3716000318527	-0.094588237282896
1.3762999773026	-0.092010057903268
1.3810000419617	-0.088113451534980
1.3856999874115	-0.084078110541810
1.3904000520706	-0.081086492713695
1.3950999975204	-0.080008892470057
1.3997999429703	-0.081173722386842
1.4045000076294	-0.084301921423619
1.4091999530792	-0.088596722973747
1.4139000177383	-0.092973497489583
1.4185999631882	-0.096360429616700
1.4233000278473	-0.097984556632878
1.4279999732971	-0.097574137799738
1.4327000379562	-0.095423345467443
1.4373999834061	-0.092287674244857
1.4421000480652	-0.089175123905490
1.4467999935150	-0.087060668907060
1.4515000581741	-0.086627243577529
1.4562000036240	-0.088087637936407
1.4608999490738	-0.091143490535114
1.4656000137329	-0.095084714756322
1.4702999591827	-0.098980845338448
1.4750000238419	-0.10195180682041
1.4796999692917	-0.10338779084980
1.4844000339508	-0.10312924529528
1.4890999794006	-0.10147592503850
1.4938000440598	-0.099117019102823
1.4984999895096	-0.096913602426340
1.5032000541687	-0.095670412108179
1.5078999996185	-0.095925815366198
1.5125999450684	-0.097803156616342
1.5173000097275	-0.10099315909154
1.5219999551773	-0.10485910494628
1.5267000198364	-0.10860188674216
1.5313999652863	-0.11149847850128
1.5361000299454	-0.11307288399896
1.5407999753952	-0.11324590002145
1.5455000400543	-0.11233001752020
1.5501999855042	-0.11094440369790
1.5549000501633	-0.10983008246128
1.5595999956131	-0.10966259253708
1.5642999410629	-0.11085229498570
1.5690000057220	-0.11345628199547
1.5736999511719	-0.11717199984429
1.5784000158310	-0.12141879368922
1.5830999612808	-0.12551678726267
1.5878000259399	-0.12886462373844
1.5924999713898	-0.13110608909287
1.5972000360489	-0.13221739043019
1.6018999814987	-0.13251598310604
1.6066000461578	-0.13256092727250
1.6112999916077	-0.13299899227410
1.6160000562668	-0.13438455181352
1.6207000017166	-0.13703986251374
1.6253999471664	-0.14096792814877
1.6301000118256	-0.14586902642435
1.6347999572754	-0.15122477080654
1.6395000219345	-0.15644752285747
1.6441999673843	-0.16103704085060
1.6489000320435	-0.16472708079003
1.6535999774933	-0.16754234457144
1.6583000421524	-0.16978986751783
1.6629999876022	-0.17197655379743
1.6677000522614	-0.17466138130415
1.6723999977112	-0.17829791489507
1.6770999431610	-0.18312678679945
1.6818000078201	-0.18911283207741
1.6864999532700	-0.19595119921632
1.6912000179291	-0.20317182859915
1.6958999633789	-0.21025266747525
1.7006000280380	-0.21677707855772
1.7052999734879	-0.22253156920074
1.7100000381470	-0.22756476871853
1.7146999835968	-0.23216595758032
1.7194000482559	-0.23677337955502
1.7240999937057	-0.24185876727247
1.7288000583649	-0.24778094827594
1.7335000038147	-0.25470125155618
1.7381999492645	-0.26252925785246
1.7429000139236	-0.27095475094629
1.7475999593735	-0.27952313471960
1.7523000240326	-0.28776497962599
1.7569999694824	-0.29530645736785
1.7617000341415	-0.30197389306987
1.7663999795914	-0.30782049909142
1.7711000442505	-0.31310586296600
1.7757999897003	-0.31821052932588
1.7805000543594	-0.32352336236279
1.7851999998093	-0.32932575907955
1.7898999452591	-0.33571730332130
1.7946000099182	-0.34257060958110
1.7992999553680	-0.34958386834617
1.8040000200272	-0.35634181961949
1.8086999654770	-0.36243303351691
1.8134000301361	-0.36756093072642
1.8180999755859	-0.37160800371509
1.8228000402451	-0.37466481179392
1.8274999856949	-0.37700380609885
1.8322000503540	-0.37898890468184
1.8368999958038	-0.38097653772578
1.8415999412537	-0.38321868989306
1.8463000059128	-0.38579441661548
1.8509999513626	-0.38859085622359
1.8557000160217	-0.39134740052124
1.8603999614716	-0.39372046650193
1.8651000261307	-0.39538876569694
1.8697999715805	-0.39614270662969
1.8745000362396	-0.39593918362955
1.8791999816895	-0.39492118479363
1.8839000463486	-0.39337114998974
1.8885999917984	-0.39163504365601
1.8933000564575	-0.39004162606676
1.8980000019073	-0.38880019601482
1.9026999473572	-0.38796750737941
1.9074000120163	-0.38743183683453
1.9120999574661	-0.38694985619126
1.9168000221252	-0.38622823011868
1.9214999675751	-0.38500566326938
1.9262000322342	-0.38312402819084
1.9308999776840	-0.38058173681184
1.9356000423431	-0.37752621298816
1.9402999877930	-0.37422121704130
1.9450000524521	-0.37097212758701
1.9496999979019	-0.36804163124454
1.9543999433517	-0.36559529703348
1.9591000080109	-0.36364422725045
1.9637999534607	-0.36206120717071
1.9685000181198	-0.36061984242784
1.9731999635696	-0.35905701252503
1.9779000282288	-0.35715079866186
1.9825999736786	-0.35478453294178
1.9873000383377	-0.35197055858480
1.9919999837875	-0.34885617616513
1.9967000484467	-0.34567423090970
2.0013999938965	-0.34267928567000
2.0060999393463	-0.34008383518651
2.0107998847961	-0.33799802172914
2.0155000686646	-0.33640789855655
2.0202000141144	-0.33517986731720
2.0248999595642	-0.33410547702309
2.0295999050140	-0.33295799029572
2.0343000888824	-0.33155859235765
2.0390000343323	-0.32982139758560
2.0436999797821	-0.32778201884468
2.0483999252319	-0.32557638572793
2.0531001091003	-0.32340873478977
2.0578000545502	-0.32148965954195
2.0625000000000	-0.31998401204809
2.0671999454498	-0.31896677951404
2.0718998908997	-0.31839953620109
2.0766000747681	-0.31816071648366
2.0813000202179	-0.31806758932284
2.0859999656677	-0.31793770382770
2.0906999111176	-0.31763750870718
2.0954000949860	-0.31711579312376
2.1001000404358	-0.31642047450039
2.1047999858856	-0.31568162839646
2.1094999313354	-0.31506828479525
2.1142001152039	-0.31474828713728
2.1189000606537	-0.31484186765001
2.1236000061035	-0.31539106531636
2.1282999515533	-0.31635411242083
2.1329998970032	-0.31762177839718
2.1377000808716	-0.31905306126323
2.1424000263214	-0.32051786340254
2.1470999717712	-0.32193297970863
2.1517999172211	-0.32328383404506
2.1565001010895	-0.32463074684743
2.1612000465393	-0.32608451117939
2.1658999919891	-0.32777987737722
2.1705999374390	-0.32983209355869
2.1752998828888	-0.33231828669168
2.1800000667572	-0.33525434449699
2.1847000122070	-0.33860241037826
2.1893999576569	-0.34229498240155
2.1940999031067	-0.34625349508195
2.1988000869751	-0.35042669967615
2.2035000324249	-0.35480040791039
2.2081999778748	-0.35940915584793
2.2128999233246	-0.36431654364980
2.2176001071930	-0.36960306151388
2.2223000526428	-0.37533806554059
2.2269999980927	-0.38156403357647
2.2316999435425	-0.38829940269497
2.2363998889923	-0.39554238670202
2.2411000728607	-0.40329711153187
2.2458000183105	-0.41159445942598
2.2504999637604	-0.42050252462119
2.2551999092102	-0.43012346539326
2.2599000930786	-0.44055638839976
2.2646000385284	-0.45184343855942
2.2692999839783	-0.46390894515462
2.2739999294281	-0.47650454034106
2.2787001132965	-0.48917690034687
2.2834000587463	-0.50128473156316
2.2881000041962	-0.51205471566231
2.2927999496460	-0.52070175708697
2.2974998950958	-0.52656252595033
2.3022000789642	-0.52924903241853
2.3069000244141	-0.52875748989764
2.3115999698639	-0.52553500620913
2.3162999153137	-0.52044790905403
2.3210000991821	-0.51468060677758
2.3257000446320	-0.50956753384532
2.3303999900818	-0.50639069932949
2.3350999355316	-0.50619453573428
2.3397998809814	-0.50963342149201
2.3445000648499	-0.51690272439240
2.3492000102997	-0.52774244850617
2.3538999557495	-0.54151840663953
2.3585999011993	-0.55736285457979
2.3633000850677	-0.57434586573708
2.3680000305176	-0.59163891688670
2.3726999759674	-0.60864375686539
2.3773999214172	-0.62506154956591
2.3821001052856	-0.64088312450709
2.3868000507355	-0.65632279465723
2.3914999961853	-0.67170054682435
2.3961999416351	-0.68731856090049
2.4008998870850	-0.70335082071497
2.4056000709534	-0.71978119422674
2.4103000164032	-0.73639758324778
2.4149999618530	-0.75283650740812
2.4196999073029	-0.76867704916661
2.4244000911713	-0.78352808036905
2.4291000366211	-0.79713000830340
2.4337999820709	-0.80939126837189
2.4384999275208	-0.82040441816033
2.4432001113892	-0.83039031579705
2.4479000568390	-0.83963160344128
2.4526000022888	-0.84837249568756
2.4572999477386	-0.85675608024636
2.4619998931885	-0.86477808938486
2.4667000770569	-0.87228784920027
2.4714000225067	-0.87903790702054
2.4760999679565	-0.88475171947249
2.4807999134064	-0.88920251401710
2.4855000972748	-0.89228590216346
2.4902000427246	-0.89404279128578
2.4948999881744	-0.89466194970797
2.4995999336243	-0.89442703020575
2.5043001174927	-0.89364829077674
2.5090000629425	-0.89258820630696
2.5137000083923	-0.89140514047470
2.5183999538422	-0.89011829617640
2.5230998992920	-0.88862679128683
2.5278000831604	-0.88674581467515
2.5325000286102	-0.88427826497497
2.5371999740601	-0.88107879493959
2.5418999195099	-0.87710652271215
2.5466001033783	-0.87244661922402
2.5513000488281	-0.86729538488286
2.5559999942780	-0.86191801960872
2.5606999397278	-0.85658248411193
2.5653998851776	-0.85149639928298
2.5701000690460	-0.84676229298013
2.5748000144958	-0.84235965756664
2.5794999599457	-0.83816201232705
2.5841999053955	-0.83398000836139
2.5889000892639	-0.82962414077089
2.5936000347137	-0.82495895900985
2.5982999801636	-0.81994999856298
2.6029999256134	-0.81467325726071
2.6077001094818	-0.80929902591849
2.6124000549316	-0.80404974996399
2.6171000003815	-0.79913979204813
2.6217999458313	-0.79471944839821
2.6264998912811	-0.79084126396359
2.6312000751495	-0.78744842721654
2.6359000205994	-0.78439358977430
2.6405999660492	-0.78148575413926
2.6452999114990	-0.77853722983963
2.6500000953674	-0.77542758730677
2.6547000408173	-0.77212651152447
2.6593999862671	-0.76870824238749
2.6640999317169	-0.76532781585190
2.6688001155853	-0.76217977829947
2.6735000610352	-0.75944528749127
2.6782000064850	-0.75723884092864
2.6828999519348	-0.75558615341377
2.6875998973846	-0.75441295720530
2.6923000812531	-0.75356510057370
2.6970000267029	-0.75285802970533
2.7016999721527	-0.75211965985230
2.7063999176025	-0.75124543295306
2.7111001014709	-0.75021586070697
2.7158000469208	-0.74911146631747
2.7204999923706	-0.74807991906741
2.7251999378204	-0.74729947040537
2.7298998832703	-0.74693023946137
2.7346000671387	-0.74706822014483
2.7393000125885	-0.74771869807673
2.7439999580383	-0.74879864424323
2.7486999034882	-0.75015505330973
2.7534000873566	-0.75161450179740
2.7581000328064	-0.75302047697850
2.7627999782562	-0.75428403345266
2.7674999237061	-0.75540244100932
2.7722001075745	-0.75645818273951
2.7769000530243	-0.75760109874154
2.7815999984741	-0.75899726066213
2.7862999439240	-0.76079222539097
2.7909998893738	-0.76306553236837
2.7957000732422	-0.76581090537831
2.8004000186920	-0.76893982317102
2.8050999641418	-0.77230412099563
2.8097999095917	-0.77573793832334
2.8145000934601	-0.77910069883318
2.8192000389099	-0.78232183193547
2.8238999843597	-0.78540822425113
2.8285999298096	-0.78845348721327
2.8333001136780	-0.79160209370129
2.8380000591278	-0.79502066621895
2.8427000045776	-0.79883770196167
2.8473999500275	-0.80312144083380
2.8520998954773	-0.80785899172210
2.8568000793457	-0.81295477047196
2.8615000247955	-0.81826410985364
2.8661999702454	-0.82363164491059
2.8708999156952	-0.82892965550265
2.8756000995636	-0.83409781265862
2.8803000450134	-0.83916119491245
2.8849999904633	-0.84421546578679
2.8896999359131	-0.84940714197404
2.8943998813629	-0.85489423205960
2.8991000652313	-0.86079841408661
2.9038000106812	-0.86717568524235
2.9084999561310	-0.87400270523228
2.9131999015808	-0.88118076878017
2.9179000854492	-0.88856809528639
2.9226000308990	-0.89601209077912
2.9272999763489	-0.90340166037878
2.9319999217987	-0.91068684416713
2.9367001056671	-0.91789921444922
2.9414000511169	-0.92514035087409
2.9460999965668	-0.93255896305317
2.9507999420166	-0.94030286673027
2.9554998874664	-0.94848311791686
2.9602000713348	-0.95714329138681
2.9649000167847	-0.96624838075583
2.9695999622345	-0.97569205747113
2.9742999076843	-0.98532901996492
2.9790000915527	-0.99501059764119
2.9837000370026	-1.0046288341656
2.9883999824524	-1.0141414496100
2.9930999279022	-1.0235864716336
2.9978001117706	-1.0330682392116
3.0025000572205	-1.0427290583228
3.0072000026703	-1.0527092145277
3.0118999481201	-1.0631066294903
3.0165998935699	-1.0739498748956
3.0213000774384	-1.0851882689166
3.0260000228882	-1.0967049166562
3.0306999683380	-1.1083444170652
3.0353999137878	-1.1199558631505
3.0401000976562	-1.1314295065888
3.0448000431061	-1.1427283050953
3.0494999885559	-1.1538874120521
3.0541999340057	-1.1650103764172
3.0589001178741	-1.1762293779470
3.0636000633240	-1.1876728073425
3.0683000087738	-1.1994191047778
3.0729999542236	-1.2114775725454
3.0776998996735	-1.2237750323751
3.0824000835419	-1.2361765373139
3.0871000289917	-1.2485163498587
3.0917999744415	-1.2606346905116
3.0964999198914	-1.2724209750648
3.1012001037598	-1.2838356917702
3.1059000492096	-1.2949181092760
3.1105999946594	-1.3057668575399
3.1152999401093	-1.3165078686042
3.1199998855591	-1.3272569366498
3.1247000694275	-1.3380756562360
3.1294000148773	-1.3489520959467
3.1340999603271	-1.3597984552721
3.1387999057770	-1.3704635173057
3.1435000896454	-1.3807746076498
3.1482000350952	-1.3905744265570
3.1528999805450	-1.3997592570039
3.1575999259949	-1.4083020006546
3.1623001098633	-1.4162553064943
3.1670000553131	-1.4237313424152
3.1717000007629	-1.4308629470594
3.1763999462128	-1.4377664647572
3.1810998916626	-1.4445053609393
3.1858000755310	-1.4510664602417
3.1905000209808	-1.4573615149194
3.1951999664307	-1.4632501462753
3.1998999118805	-1.4685764893252
3.2046000957489	-1.4732095610153
3.2093000411987	-1.4770804867439
3.2139999866486	-1.4802020450833
3.2186999320984	-1.4826650246259
3.2234001159668	-1.4846186256967
3.2281000614166	-1.4862263563940
3.2328000068665	-1.4876318075290
3.2374999523163	-1.4889177241913
3.2421998977661	-1.4900941376884
3.2469000816345	-1.4910990622536
3.2516000270844	-1.4918265452785
3.2562999725342	-1.4921583340157
3.2609999179840	-1.4920151647223
3.2657001018524	-1.4913799131392
3.2704000473022	-1.4903205857874
3.2750999927521	-1.4889802088577
3.2797999382019	-1.4875542377586
3.2844998836517	-1.4862482228421
3.2892000675201	-1.4852417856761
3.2939000129700	-1.4846541417189
3.2985999584198	-1.4845312336854
3.3032999038696	-1.4848548740096
3.3080000877380	-1.4855667429270
3.3127000331879	-1.4866086533695
3.3173999786377	-1.4879645654086
3.3220999240875	-1.4896862112165
3.3268001079559	-1.4919118590708
3.3315000534058	-1.4948553031955
3.3361999988556	-1.4987832701411
3.3408999443054	-1.5039704882970
3.3455998897552	-1.5106731059883
3.3503000736237	-1.5190898158881
3.3550000190735	-1.5293609454075
3.3596999645233	-1.5415651393270
3.3643999099731	-1.5557603681803
3.3691000938416	-1.5720145749169
3.3738000392914	-1.5904440303139
3.3784999847412	-1.6112472561377
3.3831999301910	-1.6347144088714
3.3879001140594	-1.6612162945667
3.3926000595093	-1.6911805291835
3.3973000049591	-1.7250508394372
3.4019999504089	-1.7632430985804
3.4066998958588	-1.8061125766876
3.4114000797272	-1.8539319907278
3.4161000251770	-1.9068885087459
3.4207999706268	-1.9650975600272
3.4254999160767	-2.0286171127656
3.4302000999451	-2.0974744628802
3.4349000453949	-2.1716651191194
3.4395999908447	-2.2511471848795
3.4442999362946	-2.3357986348199
3.4489998817444	-2.4253632105306
3.4537000656128	-2.5193797842229
3.4584000110626	-2.6171073766697
3.4630999565125	-2.7174731150031
3.4677999019623	-2.8190529023992
3.4725000858307	-2.9200945580631
3.4772000312805	-3.0185845992401
3.4818999767303	-3.1123819467349
3.4865999221802	-3.1993567941807
3.4913001060486	-3.2775635866498
3.4960000514984	-3.3453701250838
3.5006999969482	-3.4015704325991
3.5053999423981	-3.4454183533337
3.5100998878479	-3.4766218114478
3.5148000717163	-3.4952913831640
3.5195000171661	-3.5018681223690
3.5241999626160	-3.4970541037411
3.5288999080658	-3.4817559097796
3.5336000919342	-3.4570529046596
3.5383000373840	-3.4241637597386
3.5429999828339	-3.3844246086312
3.5476999282837	-3.3392401627590
3.5524001121521	-3.2900315952012
3.5571000576019	-3.2381625567660
3.5618000030518	-3.1848627761735
3.5664999485016	-3.1311648454785
3.5711998939514	-3.0778680732718
3.5759000778198	-3.0255278928884
3.5806000232697	-2.9744856482979
3.5852999687195	-2.9249225696710
3.5899999141693	-2.8769281413806
3.5947000980377	-2.8305679204567
3.5994000434875	-2.7859335044384
3.6040999889374	-2.7431703584070
3.6087999343872	-2.7024714430447
3.6135001182556	-2.6640477331659
3.6182000637054	-2.6280881182760
3.6229000091553	-2.5947113529662
3.6275999546051	-2.5639389665399
3.6322999000549	-2.5356861438117
3.6370000839233	-2.5097757362206
3.6417000293732	-2.4859818473258
3.6463999748230	-2.4640772993135
3.6510999202728	-2.4438826041334
3.6558001041412	-2.4253026862365
3.6605000495911	-2.4083454380165
3.6651999950409	-2.3930992126805
3.6698999404907	-2.3797043978573
3.6745998859406	-2.3683064657591
3.6793000698090	-2.3590027638209
3.6840000152588	-2.3518142687904
3.6886999607086	-2.3466727659392
3.6933999061584	-2.3434293781733
3.6981000900269	-2.3418937236298
3.7028000354767	-2.3418820402360
3.7074999809265	-2.3432647493062
3.7121999263763	-2.3460000549558
3.7169001102448	-2.3501485996564
3.7216000556946	-2.3558600632596
3.7263000011444	-2.3633387858085
3.7309999465942	-2.3727911375655
3.7356998920441	-2.3843851177698
3.7404000759125	-2.3982048663458
3.7451000213623	-2.4142422596784
3.7497999668121	-2.4324089137305
3.7544999122620	-2.4525692986821
3.7592000961304	-2.4745890940285
3.7639000415802	-2.4983876892315
3.7685999870300	-2.5239743992046
3.7732999324799	-2.5514612115238
3.7780001163483	-2.5810494094840
3.7827000617981	-2.6129952132467
3.7874000072479	-2.6475500347703
3.7920999526978	-2.6849177900064
3.7967998981476	-2.7251953587769
3.8015000820160	-2.7683714280302
3.8062000274658	-2.8143185037848
3.8108999729156	-2.8628407260963
3.8155999183655	-2.9137114211081
3.8203001022339	-2.9667355832069
3.8250000476837	-3.0217848003761
3.8296999931335	-3.0788101604638
3.8343999385834	-3.1378318788228
3.8390998840332	-3.1988848468271
3.8438000679016	-3.2619683333050
3.8485000133514	-3.3269696005123
3.8531999588013	-3.3936184067467
3.8578999042511	-3.4614664944426
3.8626000881195	-3.5299025225493
3.8673000335693	-3.5981997573255
3.8719999790192	-3.6655954468894
3.8766999244690	-3.7313661753421
3.8814001083374	-3.7948980233631
3.8861000537872	-3.8557187964564
3.8907999992371	-3.9134946709572
3.8954999446869	-3.9679901700924
3.9001998901367	-4.0190028913219
3.9049000740051	-4.0663033498630
3.9096000194550	-4.1095896443440
3.9142999649048	-4.1484895216508
3.9189999103546	-4.1825943542568
3.9237000942230	-4.2115364250464
3.9284000396729	-4.2350743245649
3.9330999851227	-4.2531732292668
3.9377999305725	-4.2660402387237
3.9425001144409	-4.2741249528350
3.9472000598907	-4.2780565584926
3.9519000053406	-4.2785537537586
3.9565999507904	-4.2763207475550
3.9612998962402	-4.2719605390850
3.9660000801086	-4.2659230557713
3.9707000255585	-4.2585008600762
3.9753999710083	-4.2498787476126
3.9800999164581	-4.2401995130652
3.9848001003265	-4.2296516199152
3.9895000457764	-4.2185383076637
3.9941999912262	-4.2073050191216
3.9988999366760	-4.1965316112646
4.0036001205444	-4.1868735578204
4.0082998275757	-4.1789916041061
4.0130000114441	-4.1734612582618
4.0177001953125	-4.1707205942105
4.0223999023438	-4.1710325636569
4.0271000862122	-4.1745091279701
4.0317997932434	-4.1811608658970
4.0364999771118	-4.1909842579064
4.0412001609802	-4.2040475191575
4.0458998680115	-4.2205605353194
4.0506000518799	-4.2409209244434
4.0553002357483	-4.2656975342686
4.0599999427795	-4.2955996804712
4.0647001266479	-4.3313958623996
4.0693998336792	-4.3738387583855
4.0741000175476	-4.4236026984178
4.0788002014160	-4.4812474818013
4.0834999084473	-4.5472358800878
4.0882000923157	-4.6219773564806
4.0928997993469	-4.7059125614895
4.0975999832153	-4.7996016636793
4.1023001670837	-4.9038014610185
4.1069998741150	-5.0195096671710
4.1117000579834	-5.1479513871829
4.1163997650146	-5.2905113864872
4.1210999488831	-5.4486199208175
4.1258001327515	-5.6235977227000
4.1304998397827	-5.8164837231980
4.1352000236511	-6.0278829168470
4.1399002075195	-6.2578257221795
4.1445999145508	-6.5056828957259
4.1493000984192	-6.7701215163825
4.1539998054504	-7.0491145559622
4.1586999893188	-7.3399829692459
4.1634001731873	-7.6394569023000
4.1680998802185	-7.9437361449373
4.1728000640869	-8.2485408859259
4.1774997711182	-8.5491326616351
4.1821999549866	-8.8403619995888
4.1869001388550	-9.1167454111710
4.1915998458862	-9.3726620280176
4.1963000297546	-9.6026703386926
4.2010002136230	-9.8019555788035
4.2056999206543	-9.9668054029751
4.2104001045227	-10.095017414938
4.2150998115540	-10.186067990113
4.2197999954224	-10.240988412516
4.2245001792908	-10.261957295315
4.2291998863220	-10.251740491301
4.2339000701904	-10.213143677792
4.2385997772217	-10.148648477630
4.2432999610901	-10.060294101058
4.2480001449585	-9.9498095673042
4.2526998519897	-9.8189050645202
4.2574000358582	-9.6695792138850
4.2621002197266	-9.5043187514683
4.2667999267578	-9.3261280856636
4.2715001106262	-9.1383553815807
4.2761998176575	-8.9443951152288
4.2809000015259	-8.7473534727063
4.2856001853943	-8.5497820592000
4.2902998924255	-8.3535265396935
4.2950000762939	-8.1597312828828
4.2996997833252	-7.9689701728471
4.3043999671936	-7.7814658556948
4.3091001510620	-7.5973171458480
4.3137998580933	-7.4167001975070
4.3185000419617	-7.2399762302474
4.3232002258301	-7.0676959364650
4.3278999328613	-6.9005152671349
4.3326001167297	-6.7390551306055
4.3372998237610	-6.5837449261970
4.3420000076294	-6.4347125177820
4.3467001914978	-6.2917309042581
4.3513998985291	-6.1542567277956
4.3561000823975	-6.0215373602839
4.3607997894287	-5.8927588929039
4.3654999732971	-5.7672159459146
4.3702001571655	-5.6444322643637
4.3748998641968	-5.5242282183424
4.3796000480652	-5.4067099105579
4.3843002319336	-5.2921776178951
4.3889999389648	-5.1810026933750
4.3937001228333	-5.0734762854326
4.3983998298645	-4.9697139789526
4.4031000137329	-4.8695884251635
4.4078001976013	-4.7727498068969
4.4124999046326	-4.6787008952918
4.4172000885010	-4.5869138885128
4.4218997955322	-4.4969605400209
4.4265999794006	-4.4086106659923
4.4313001632690	-4.3218856274575
4.4359998703003	-4.2370420462760
4.4407000541687	-4.1544974224707
4.4454002380371	-4.0747149670166
4.4500999450684	-3.9980812988050
4.4548001289368	-3.9248084187509
4.4594998359680	-3.8548854145062
4.4642000198364	-3.7880829249825
4.4689002037048	-3.7240196232436
4.4735999107361	-3.6622713553716
4.4783000946045	-3.6024819105371
4.4829998016357	-3.5444618891478
4.4876999855042	-3.4882473765747
4.4924001693726	-3.4340907550197
4.4970998764038	-3.3824077301465
4.5018000602722	-3.3336739169499
4.5064997673035	-3.2883130229089
4.5111999511719	-3.2466070422317
4.5159001350403	-3.2086347457145
4.5205998420715	-3.1742728270755
4.5253000259399	-3.1432486005144
4.5300002098083	-3.1152322887627
4.5346999168396	-3.0899498943373
4.5394001007080	-3.0672768983213
4.5440998077393	-3.0473059510119
4.5487999916077	-3.0303513296920
4.5535001754761	-3.0168968783442
4.5581998825073	-3.0075086989523
4.5629000663757	-3.0027075650682
4.5675997734070	-3.0028658526530
4.5722999572754	-3.0081311144573
4.5770001411438	-3.0183946675821
4.5816998481750	-3.0333272997697
4.5864000320435	-3.0524569736032
4.5911002159119	-3.0752869269486
4.5957999229431	-3.1014015394778
4.6005001068115	-3.1305583285557
4.6051998138428	-3.1627171057054
4.6098999977112	-3.1980125313604
4.6146001815796	-3.2366632751359
4.6192998886108	-3.2788522168762
4.6240000724792	-3.3245945284091
4.6286997795105	-3.3736414469283
4.6333999633789	-3.4254338707170
4.6381001472473	-3.4791283039807
4.6427998542786	-3.5337019920785
4.6475000381470	-3.5880831735628
4.6522002220154	-3.6413128779712
4.6568999290466	-3.6926539431019
4.6616001129150	-3.7416528349623
4.6662998199463	-3.7880986745425
4.6710000038147	-3.8319144009290
4.6757001876831	-3.8729991947705
4.6803998947144	-3.9110741089665
4.6851000785828	-3.9455705603666
4.6897997856140	-3.9756224261813
4.6944999694824	-4.0001426649816
4.6992001533508	-4.0180081253569
4.7038998603821	-4.0282753514309
4.7086000442505	-4.0303928457955
4.7133002281189	-4.0243407579931
4.7179999351501	-4.0106460105416
4.7227001190186	-3.9902882191606
4.7273998260498	-3.9645024643872
4.7321000099182	-3.9345547181963
4.7368001937866	-3.9015257362758
4.7414999008179	-3.8661833815655
4.7462000846863	-3.8289548723010
4.7508997917175	-3.7900001703181
4.7555999755859	-3.7493557327560
4.7603001594543	-3.7071197576534
4.7649998664856	-3.6635978448226
4.7697000503540	-3.6193894531342
4.7744002342224	-3.5753720632061
4.7790999412537	-3.5326022855209
4.7838001251221	-3.4921514270275
4.7884998321533	-3.4549207096596
4.7932000160217	-3.4214901858948
4.7979001998901	-3.3920300644647
4.8025999069214	-3.3663065067864
4.8073000907898	-3.3437739032935
4.8119997978210	-3.3237372962358
4.8166999816895	-3.3055510358719
4.8214001655579	-3.2887887599152
4.8260998725891	-3.2733643742186
4.8308000564575	-3.2595458296721
4.8354997634888	-3.2478858864422
4.8401999473572	-3.2390595355153
4.8449001312256	-3.2336767314151
4.8495998382568	-3.2321024023206
4.8543000221252	-3.2343347657770
4.8590002059937	-3.2399857735619
4.8636999130249	-3.2483384893507
4.8684000968933	-3.2585224642495
4.8730998039246	-3.2697066961678
4.8777999877930	-3.2813139244088
4.8825001716614	-3.2931612982325
4.8871998786926	-3.3055005572184
4.8919000625610	-3.3189554843502
4.8965997695923	-3.3343477167141
4.9012999534607	-3.3524808628625
4.9060001373291	-3.3739118734639
4.9106998443604	-3.3987941293517
4.9154000282288	-3.4268233524932
4.9201002120972	-3.4572923234115
4.9247999191284	-3.4892666603350
4.9295001029968	-3.5218162441188
4.9341998100281	-3.5542718914957
4.9388999938965	-3.5864072428896
4.9436001777649	-3.6185176505213
4.9482998847961	-3.6513544183206
4.9530000686646	-3.6859373600185
4.9576997756958	-3.7232908006596
4.9623999595642	-3.7641696044682
4.9671001434326	-3.8088465562669
4.9717998504639	-3.8570232855130
4.9765000343323	-3.9078786719646
4.9812002182007	-3.9602579320424
4.9858999252319	-4.0129708958249
4.9906001091003	-4.0650932642736
4.9952998161316	-4.1162301623057
5.0000000000000	-4.1666297081365
#Parameters = {R_fat=48; R_glandular=38; R_skin_outer=50; T10=5; T15=7.5; T5=2.5; T_rad=4; T_x=10; T_y=0; T_z=75; Zc=65; skin_thickness=2; Mesh Pass=2}
#"Frequency / GHz"	"S1,1 (Mesh Pass=2) [Magnitude / dB]"
#-------------------------------------------------------
0.30000001192093	-8.7018866593718
0.30469998717308	-8.3843136826273
0.30939999222755	-8.1754121673490
0.31409999728203	-8.1304377998495
0.31880000233650	-8.2685266394835
0.32350000739098	-8.5757366988612
0.32820001244545	-9.0003046630224
0.33289998769760	-9.4408044986059
0.33759999275208	-9.7475126395873
0.34229999780655	-9.7780979429387
0.34700000286102	-9.5027269005426
0.35170000791550	-9.0426252430602
0.35640001296997	-8.5843890418210
0.36109998822212	-8.2846669524567
0.36579999327660	-8.2461250029852
0.37049999833107	-8.5403565813793
0.37520000338554	-9.2443324814540
0.37990000844002	-10.487259477007
0.38460001349449	-12.540867012568
0.38929998874664	-16.109011039141
0.39399999380112	-24.173181869923
0.39869999885559	-26.460496928700
0.40340000391006	-15.766516055787
0.40810000896454	-11.080727156894
0.41280001401901	-8.2356125236929
0.41749998927116	-6.3923150297350
0.42219999432564	-5.2176492207366
0.42689999938011	-4.5276479590767
0.43160000443459	-4.2007554574425
0.43630000948906	-4.1500421614781
0.44100001454353	-4.3097576165226
0.44569998979568	-4.6241054596403
0.45039999485016	-5.0353495522024
0.45509999990463	-5.4731058111750
0.45980000495911	-5.8521788317451
0.46450001001358	-6.0902063444660
0.46919998526573	-6.1442281375833
0.47389999032021	-6.0365938702123
0.47859999537468	-5.8399517199131
0.48330000042915	-5.6360297185728
0.48800000548363	-5.4847962388739
0.49270001053810	-5.4159672012715
0.49739998579025	-5.4329453009575
0.50209999084473	-5.5189700614082
0.50679999589920	-5.6423495120846
0.51150000095367	-5.7625279190878
0.51620000600815	-5.8398193347089
0.52090001106262	-5.8482282682854
0.52560001611710	-5.7852392657223
0.53030002117157	-5.6714010014689
0.53500002622604	-5.5397560516612
0.53969997167587	-5.4225925774216
0.54439997673035	-5.3423457949284
0.54909998178482	-5.3081277251987
0.55379998683929	-5.3160048292910
0.55849999189377	-5.3512671517937
0.56319999694824	-5.3922942930677
0.56790000200272	-5.4162436928265
0.57260000705719	-5.4059261348555
0.57730001211166	-5.3554340690653
0.58200001716614	-5.2716034413280
0.58670002222061	-5.1704961315215
0.59140002727509	-5.0710645408785
0.59609997272491	-4.9891756916561
0.60079997777939	-4.9338740435274
0.60549998283386	-4.9060351821702
0.61019998788834	-4.8989230004208
0.61489999294281	-4.9002682421739
0.61959999799728	-4.8956816705748
0.62430000305176	-4.8728766446673
0.62900000810623	-4.8254521134127
0.63370001316071	-4.7547038295482
0.63840001821518	-4.6686404494427
0.64310002326965	-4.5788372913984
0.64780002832413	-4.4966239557716
0.65249997377396	-4.4299771092310
0.65719997882843	-4.3817762140939
0.66189998388290	-4.3494545390711
0.66659998893738	-4.3259585947629
0.67129999399185	-4.3018068964856
0.67599999904633	-4.2678846801598
0.68070000410080	-4.2181995057574
0.68540000915527	-4.1516485880377
0.69010001420975	-4.0720915657975
0.69480001926422	-3.9868203998459
0.69950002431870	-3.9041007851272
0.70420002937317	-3.8307507684958
0.70889997482300	-3.7703831946271
0.71359997987747	-3.7226335753433
0.71829998493195	-3.6834294608462
0.72299998998642	-3.6462359456416
0.72769999504089	-3.6040007073656
0.73240000009537	-3.5513028567581
0.73710000514984	-3.4859864457183
0.74180001020432	-3.4097159961314
0.74650001525879	-3.3272787598592
0.75120002031326	-3.2449594565042
0.75590002536774	-3.1686331452624
0.76059997081757	-3.1021179437704
0.76529997587204	-3.0462030662422
0.76999998092651	-2.9985504683602
0.77469998598099	-2.9544299440432
0.77939999103546	-2.9081969804612
0.78409999608994	-2.8550300977635
0.78880000114441	-2.7924543454034
0.79350000619888	-2.7210687270112
0.79820001125336	-2.6442727895056
0.80290001630783	-2.5671217786246
0.80760002136230	-2.4947328368178
0.81230002641678	-2.4307708318650
0.81699997186661	-2.3764179548328
0.82169997692108	-2.3301020823242
0.82639998197556	-2.2880302690763
0.83109998703003	-2.2454049984485
0.83579999208450	-2.1980156322993
0.84049999713898	-2.1436178892535
0.84520000219345	-2.0827082121110
0.84990000724792	-2.0183508915005
0.85460001230240	-1.9551867248949
0.85930001735687	-1.8979545507739
0.86400002241135	-1.8500277147095
0.86870002746582	-1.8124000588813
0.87339997291565	-1.7834109185173
0.87809997797012	-1.7593116759915
0.88279998302460	-1.7355293917258
0.88749998807907	-1.7082644157016
0.89219999313354	-1.6758874230363
0.89689999818802	-1.6396193979069
0.90160000324249	-1.6032668320027
0.90630000829697	-1.5720707820157
0.91100001335144	-1.5510849264745
0.91570001840591	-1.5436241164141
0.92040002346039	-1.5502618406280
0.92510002851486	-1.5687025153312
0.92979997396469	-1.5946310087723
0.93449997901917	-1.6233239891542
0.93919998407364	-1.6515555811592
0.94389998912811	-1.6791511638970
0.94859999418259	-1.7096001248724
0.95329999923706	-1.7494826150557
0.95800000429153	-1.8068538925977
0.96270000934601	-1.8891813744540
0.96740001440048	-2.0015035892122
0.97210001945496	-2.1454199561846
0.97680002450943	-2.3192999411637
0.98150002956390	-2.5198067168369
0.98619997501373	-2.7444404025374
0.99089998006821	-2.9945055946597
0.99559998512268	-3.2776186483075
1.0003000497818	-3.6089188150810
1.0049999952316	-4.0106382548190
1.0096999406815	-4.5104344597887
1.0144000053406	-5.1394648449757
1.0190999507904	-5.9313648690019
1.0238000154495	-6.9226327696610
1.0284999608994	-8.1538369409391
1.0332000255585	-9.6672263974164
1.0378999710083	-11.483059804752
1.0426000356674	-13.487145572065
1.0472999811172	-15.082458938342
1.0520000457764	-15.095747489051
1.0566999912262	-13.473274692999
1.0614000558853	-11.387619728758
1.0661000013351	-9.4807473235453
1.0707999467850	-7.8849487068592
1.0755000114441	-6.5850298221404
1.0801999568939	-5.5398597220750
1.0849000215530	-4.7082828053345
1.0895999670029	-4.0519804262319
1.0943000316620	-3.5345661886324
1.0989999771118	-3.1216246738199
1.1037000417709	-2.7822747040796
1.1083999872208	-2.4915974576520
1.1131000518799	-2.2326557459462
1.1177999973297	-1.9970355528903
1.1224999427795	-1.7835132181364
1.1272000074387	-1.5952610783287
1.1318999528885	-1.4365461154834
1.1366000175476	-1.3098750810904
1.1412999629974	-1.2142801365669
1.1460000276566	-1.1449593995631
1.1506999731064	-1.0942023053479
1.1554000377655	-1.0531866765573
1.1600999832153	-1.0141257628360
1.1648000478745	-0.97205963317888
1.1694999933243	-0.92578373201036
1.1742000579834	-0.87760854461573
1.1789000034332	-0.83206736142553
1.1835999488831	-0.79412500827908
1.1883000135422	-0.76743200849280
1.1929999589920	-0.75318960485925
1.1977000236511	-0.74984853360571
1.2023999691010	-0.75364388294077
1.2071000337601	-0.75975457715862
1.2117999792099	-0.76372553238635
1.2165000438690	-0.76270122298024
1.2211999893188	-0.75616583468820
1.2259000539780	-0.74588187304837
1.2305999994278	-0.73515707500094
1.2352999448776	-0.72767483605768
1.2400000095367	-0.72631070902281
1.2446999549866	-0.73228754278981
1.2494000196457	-0.74490352266443
1.2540999650955	-0.76182958153916
1.2588000297546	-0.77987304905835
1.2634999752045	-0.79596415454937
1.2682000398636	-0.80805098084504
1.2728999853134	-0.81566787451570
1.2776000499725	-0.81998363510026
1.2822999954224	-0.82333199351734
1.2869999408722	-0.82843089976752
1.2917000055313	-0.83752223868635
1.2963999509811	-0.85172649593871
1.3011000156403	-0.87077358604397
1.3057999610901	-0.89315817387757
1.3105000257492	-0.91664727943015
1.3151999711990	-0.93897937142284
1.3199000358582	-0.95854444496906
1.3245999813080	-0.97483771602055
1.3293000459671	-0.98856743378759
1.3339999914169	-1.0013795229338
1.3387000560760	-1.0153177487052
1.3434000015259	-1.0321886671689
1.3480999469757	-1.0530444144856
1.3528000116348	-1.0779251073186
1.3574999570847	-1.1058959623139
1.3622000217438	-1.1353893424265
1.3668999671936	-1.1646908917331
1.3716000318527	-1.1924667422945
1.3762999773026	-1.2181574605691
1.3810000419617	-1.2421199719242
1.3856999874115	-1.2654968963701
1.3904000520706	-1.2898495194627
1.3950999975204	-1.3166915507396
1.3997999429703	-1.3470545447512
1.4045000076294	-1.3812374214406
1.4091999530792	-1.4187581754266
1.4139000177383	-1.4585492102522
1.4185999631882	-1.4993026790298
1.4233000278473	-1.5398784592955
1.4279999732971	-1.5796473632307
1.4327000379562	-1.6186895578513
1.4373999834061	-1.6577511045064
1.4421000480652	-1.6980379439377
1.4467999935150	-1.7408611107661
1.4515000581741	-1.7872802362050
1.4562000036240	-1.8378375710501
1.4608999490738	-1.8924404031298
1.4656000137329	-1.9504427766037
1.4702999591827	-2.0108622904134
1.4750000238419	-2.0727036879452
1.4796999692917	-2.1352665920119
1.4844000339508	-2.1983768113754
1.4890999794006	-2.2624553371620
1.4938000440598	-2.3284147917712
1.4984999895096	-2.3974194477669
1.5032000541687	-2.4705827936952
1.5078999996185	-2.5486838733660
1.5125999450684	-2.6319914828033
1.5173000097275	-2.7202282414241
1.5219999551773	-2.8126884251449
1.5267000198364	-2.9084775398555
1.5313999652863	-3.0068009314192
1.5361000299454	-3.1072340005711
1.5407999753952	-3.2098812383789
1.5455000400543	-3.3153902507144
1.5501999855042	-3.4248055341114
1.5549000501633	-3.5393125516343
1.5595999956131	-3.6599371884631
1.5642999410629	-3.7872945497517
1.5690000057220	-3.9214486347433
1.5736999511719	-4.0619203452909
1.5784000158310	-4.2078517168938
1.5830999612808	-4.3582845109089
1.5878000259399	-4.5124782222451
1.5924999713898	-4.6701764190482
1.5972000360489	-4.8317433866473
1.6018999814987	-4.9981213413929
1.6066000461578	-5.1706177682503
1.6112999916077	-5.3505728632219
1.6160000562668	-5.5390172117690
1.6207000017166	-5.7363956255598
1.6253999471664	-5.9424610710262
1.6301000118256	-6.1563488382569
1.6347999572754	-6.3768519825108
1.6395000219345	-6.6028102736121
1.6441999673843	-6.8335191754426
1.6489000320435	-7.0690275487097
1.6535999774933	-7.3102205329013
1.6583000421524	-7.5586575414405
1.6629999876022	-7.8161894908294
1.6677000522614	-8.0844832489535
1.6723999977112	-8.3645675167003
1.6770999431610	-8.6565499137289
1.6818000078201	-8.9595971819987
1.6864999532700	-9.2722082585877
1.6912000179291	-9.5927162750180
1.6958999633789	-9.9199149944559
1.7006000280380	-10.253589098408
1.7052999734879	-10.594794657251
1.7100000381470	-10.945759200186
1.7146999835968	-11.309395613035
1.7194000482559	-11.688611411558
1.7240999937057	-12.085555009324
1.7288000583649	-12.501056410863
1.7335000038147	-12.934432971817
1.7381999492645	-13.383778519233
1.7429000139236	-13.846684714984
1.7475999593735	-14.321263642426
1.7523000240326	-14.807157970763
1.7569999694824	-15.306199249611
1.7617000341415	-15.822416925834
1.7663999795914	-16.361330358593
1.7711000442505	-16.928679204535
1.7757999897003	-17.528893136618
1.7805000543594	-18.163743320823
1.7851999998093	-18.831466045472
1.7898999452591	-19.526712388605
1.7946000099182	-20.241487217602
1.7992999553680	-20.966945188049
1.8040000200272	-21.695404198262
1.8086999654770	-22.421438408228
1.8134000301361	-23.140739180897
1.8180999755859	-23.845827943651
1.8228000402451	-24.519128669554
1.8274999856949	-25.125855737562
1.8322000503540	-25.612149686221
1.8368999958038	-25.916053959931
1.8415999412537	-25.993098041245
1.8463000059128	-25.841731676325
1.8509999513626	-25.505502834225
1.8557000160217	-25.049686395455
1.8603999614716	-24.533913755931
1.8651000261307	-23.998208957006
1.8697999715805	-23.462672418083
1.8745000362396	-22.933797314840
1.8791999816895	-22.411861854942
1.8839000463486	-21.896676067221
1.8885999917984	-21.390619277117
1.8933000564575	-20.899050240953
1.8980000019073	-20.428883292828
1.9026999473572	-19.986523479449
1.9074000120163	-19.576071199210
1.9120999574661	-19.198370221419
1.9168000221252	-18.851013786945
1.9214999675751	-18.529141232062
1.9262000322342	-18.226780871302
1.9308999776840	-17.938350522207
1.9356000423431	-17.659941642254
1.9402999877930	-17.390011135976
1.9450000524521	-17.129346171658
1.9496999979019	-16.880307819389
1.9543999433517	-16.645741271929
1.9591000080109	-16.427854214911
1.9637999534607	-16.227426251167
1.9685000181198	-16.043508397627
1.9731999635696	-15.873634238330
1.9779000282288	-15.714458720521
1.9825999736786	-15.562614756741
1.9873000383377	-15.415576136857
1.9919999837875	-15.272217409704
1.9967000484467	-15.132966810883
2.0013999938965	-14.999476937514
2.0060999393463	-14.873969784907
2.0107998847961	-14.758468553709
2.0155000686646	-14.654147129836
2.0202000141144	-14.560966416824
2.0248999595642	-14.477679492933
2.0295999050140	-14.402175795218
2.0343000888824	-14.332061987440
2.0390000343323	-14.265317788637
2.0436999797821	-14.200831608308
2.0483999252319	-14.138654871187
2.0531001091003	-14.079912984737
2.0578000545502	-14.026402434759
2.0625000000000	-13.980013538320
2.0671999454498	-13.942161067768
2.0718998908997	-13.913370317190
2.0766000747681	-13.893131931447
2.0813000202179	-13.880045147246
2.0859999656677	-13.872213955936
2.0906999111176	-13.867775178809
2.0954000949860	-13.865421155602
2.1001000404358	-13.864752389473
2.1047999858856	-13.866372860542
2.1094999313354	-13.871680460591
2.1142001152039	-13.882437806630
2.1189000606537	-13.900259462261
2.1236000061035	-13.926137233828
2.1282999515533	-13.960167197652
2.1329998970032	-14.001501660490
2.1377000808716	-14.048576348240
2.1424000263214	-14.099523677961
2.1470999717712	-14.152679259497
2.1517999172211	-14.207029001884
2.1565001010895	-14.262475602643
2.1612000465393	-14.319829060927
2.1658999919891	-14.380545346039
2.1705999374390	-14.446274718861
2.1752998828888	-14.518353463516
2.1800000667572	-14.597384872058
2.1847000122070	-14.683024955967
2.1893999576569	-14.774001858309
2.1940999031067	-14.868379867067
2.1988000869751	-14.964028423845
2.2035000324249	-15.059128338298
2.2081999778748	-15.152602695638
2.2128999233246	-15.244332723167
2.2176001071930	-15.335097156028
2.2223000526428	-15.426254877720
2.2269999980927	-15.519249957280
2.2316999435425	-15.615098118247
2.2363998889923	-15.713965294339
2.2411000728607	-15.814993533151
2.2458000183105	-15.916375673317
2.2504999637604	-16.015682559734
2.2551999092102	-16.110387632136
2.2599000930786	-16.198418789616
2.2646000385284	-16.278598558224
2.2692999839783	-16.350864485926
2.2739999294281	-16.416139967399
2.2787001132965	-16.475993251039
2.2834000587463	-16.532086358057
2.2881000041962	-16.585624597552
2.2927999496460	-16.636960882097
2.2974998950958	-16.685418128405
2.3022000789642	-16.729422085342
2.3069000244141	-16.766868314477
2.3115999698639	-16.795690781219
2.3162999153137	-16.814428121045
2.3210000991821	-16.822638637752
2.3257000446320	-16.821090775276
2.3303999900818	-16.811589177496
2.3350999355316	-16.796531491809
2.3397998809814	-16.778359860248
2.3445000648499	-16.758972510629
2.3492000102997	-16.739326265257
2.3538999557495	-16.719306175269
2.3585999011993	-16.697878098672
2.3633000850677	-16.673501788953
2.3680000305176	-16.644676884331
2.3726999759674	-16.610492707535
2.3773999214172	-16.571025158290
2.3821001052856	-16.527407903011
2.3868000507355	-16.481663034413
2.3914999961853	-16.436207873850
2.3961999416351	-16.393320619740
2.4008998870850	-16.354609435362
2.4056000709534	-16.320690877734
2.4103000164032	-16.291126741834
2.4149999618530	-16.264652079614
2.4196999073029	-16.239613003054
2.4244000911713	-16.214519834841
2.4291000366211	-16.188535652172
2.4337999820709	-16.161784674831
2.4384999275208	-16.135372303924
2.4432001113892	-16.111129932491
2.4479000568390	-16.091131727812
2.4526000022888	-16.077165330031
2.4572999477386	-16.070291561027
2.4619998931885	-16.070613725788
2.4667000770569	-16.077271753004
2.4714000225067	-16.088770352593
2.4760999679565	-16.103404867387
2.4807999134064	-16.119801995385
2.4855000972748	-16.137329712406
2.4902000427246	-16.156330610512
2.4948999881744	-16.178025034448
2.4995999336243	-16.204210901133
2.5043001174927	-16.236762841053
2.5090000629425	-16.277135338960
2.5137000083923	-16.325992933978
2.5183999538422	-16.383062281199
2.5230998992920	-16.447222553525
2.5278000831604	-16.516858716928
2.5325000286102	-16.590349024226
2.5371999740601	-16.666547233180
2.5418999195099	-16.745146247379
2.5466001033783	-16.826815737136
2.5513000488281	-16.913026932967
2.5559999942780	-17.005683380438
2.5606999397278	-17.106590622951
2.5653998851776	-17.216989274683
2.5701000690460	-17.337226013351
2.5748000144958	-17.466681728108
2.5794999599457	-17.603927960084
2.5841999053955	-17.747153319962
2.5889000892639	-17.894677294805
2.5936000347137	-18.045443319495
2.5982999801636	-18.199344651352
2.6029999256134	-18.357291756756
2.6077001094818	-18.520961182648
2.6124000549316	-18.692325613873
2.6171000003815	-18.873084634152
2.6217999458313	-19.064161958994
2.6264998912811	-19.265376672867
2.6312000751495	-19.475389033462
2.6359000205994	-19.691931456679
2.6405999660492	-19.912273620401
2.6452999114990	-20.133798334899
2.6500000953674	-20.354531842643
2.6547000408173	-20.573481972762
2.6593999862671	-20.790639534710
2.6640999317169	-21.006658657110
2.6688001155853	-21.222273317694
2.6735000610352	-21.437648964734
2.6782000064850	-21.651780738578
2.6828999519348	-21.862156263709
2.6875998973846	-22.064711273442
2.6923000812531	-22.254171490352
2.6970000267029	-22.424637272529
2.7016999721527	-22.570387209874
2.7063999176025	-22.686693252869
2.7111001014709	-22.770339431763
2.7158000469208	-22.819952262270
2.7204999923706	-22.835799801455
2.7251999378204	-22.819358266404
2.7298998832703	-22.772690618856
2.7346000671387	-22.697831970429
2.7393000125885	-22.596375351365
2.7439999580383	-22.469241741001
2.7486999034882	-22.316834852943
2.7534000873566	-22.139405896319
2.7581000328064	-21.937563669499
2.7627999782562	-21.712799575954
2.7674999237061	-21.467816048842
2.7722001075745	-21.206507403963
2.7769000530243	-20.933594965782
2.7815999984741	-20.654063418672
2.7862999439240	-20.372423089043
2.7909998893738	-20.092105053730
2.7957000732422	-19.815122257487
2.8004000186920	-19.541978914179
2.8050999641418	-19.272024260368
2.8097999095917	-19.003912340236
2.8145000934601	-18.736333567541
2.8192000389099	-18.468557581636
2.8238999843597	-18.200819062769
2.8285999298096	-17.934364737131
2.8333001136780	-17.671158461948
2.8380000591278	-17.413392512710
2.8427000045776	-17.162908740207
2.8473999500275	-16.920741170355
2.8520998954773	-16.686889846319
2.8568000793457	-16.460373225749
2.8615000247955	-16.239553649648
2.8661999702454	-16.022619492409
2.8708999156952	-15.808116715824
2.8756000995636	-15.595342315946
2.8803000450134	-15.384510500799
2.8849999904633	-15.176637629330
2.8896999359131	-14.973170103584
2.8943998813629	-14.775539690544
2.8991000652313	-14.584688547711
2.9038000106812	-14.400808110892
2.9084999561310	-14.223270585086
2.9131999015808	-14.050808745210
2.9179000854492	-13.881903207732
2.9226000308990	-13.715197187830
2.9272999763489	-13.549889328710
2.9319999217987	-13.385925255518
2.9367001056671	-13.223973680590
2.9414000511169	-13.065173181205
2.9460999965668	-12.910744883200
2.9507999420166	-12.761603454166
2.9554998874664	-12.618070623461
2.9602000713348	-12.479771895386
2.9649000167847	-12.345752007000
2.9695999622345	-12.214765318926
2.9742999076843	-12.085629843187
2.9790000915527	-11.957589308329
2.9837000370026	-11.830504353234
2.9883999824524	-11.704872014503
2.9930999279022	-11.581642271478
2.9978001117706	-11.461885808193
3.0025000572205	-11.346467055213
3.0072000026703	-11.235760668810
3.0118999481201	-11.129533737374
3.0165998935699	-11.027024315650
3.0213000774384	-10.927181424901
3.0260000228882	-10.828962020856
3.0306999683380	-10.731659734557
3.0353999137878	-10.635105145637
3.0401000976562	-10.539685304959
3.0448000431061	-10.446222601303
3.0494999885559	-10.355670245774
3.0541999340057	-10.268832894189
3.0589001178741	-10.186098701201
3.0636000633240	-10.107309387961
3.0683000087738	-10.031834304353
3.0729999542236	-9.9587423939099
3.0776998996735	-9.8870972712525
3.0824000835419	-9.8162414507659
3.0871000289917	-9.7459858720721
3.0917999744415	-9.6766584894197
3.0964999198914	-9.6089815206793
3.1012001037598	-9.5438289230078
3.1059000492096	-9.4819473025776
3.1105999946594	-9.4237134394677
3.1152999401093	-9.3690134318803
3.1199998855591	-9.3172834200157
3.1247000694275	-9.2676767345926
3.1294000148773	-9.2193240300182
3.1340999603271	-9.1716093714694
3.1387999057770	-9.1243414345093
3.1435000896454	-9.0778059835411
3.1482000350952	-9.0326706569000
3.1528999805450	-8.9897499423794
3.1575999259949	-8.9497467264467
3.1623001098633	-8.9130227114858
3.1670000553131	-8.8794808365246
3.1717000007629	-8.8485908901034
3.1763999462128	-8.8195478837105
3.1810998916626	-8.7915241423336
3.1858000755310	-8.7639160097023
3.1905000209808	-8.7365297386005
3.1951999664307	-8.7096247983593
3.1998999118805	-8.6838230996288
3.2046000957489	-8.6598922880036
3.2093000411987	-8.6384988889939
3.2139999866486	-8.6199694690966
3.2186999320984	-8.6041915012286
3.2234001159668	-8.5906295512707
3.2281000614166	-8.5784769410537
3.2328000068665	-8.5669062409746
3.2374999523163	-8.5553047386692
3.2421998977661	-8.5434580903028
3.2469000816345	-8.5315918866970
3.2516000270844	-8.5202827884208
3.2562999725342	-8.5102366155276
3.2609999179840	-8.5020365072460
3.2657001018524	-8.4959382778338
3.2704000473022	-8.4917359396700
3.2750999927521	-8.4888096061251
3.2797999382019	-8.4862745943273
3.2844998836517	-8.4832306249354
3.2892000675201	-8.4790019652157
3.2939000129700	-8.4733176962883
3.2985999584198	-8.4663414103287
3.3032999038696	-8.4585647194893
3.3080000877380	-8.4505869224645
3.3127000331879	-8.4428543954417
3.3173999786377	-8.4354432826797
3.3220999240875	-8.4279608752542
3.3268001079559	-8.4195974074019
3.3315000534058	-8.4093020525335
3.3361999988556	-8.3960392131172
3.3408999443054	-8.3790532614093
3.3455998897552	-8.3580085524392
3.3503000736237	-8.3330321340524
3.3550000190735	-8.3045580502982
3.3596999645233	-8.2730947310018
3.3643999099731	-8.2389613642261
3.3691000938416	-8.2020994565297
3.3738000392914	-8.1619890425822
3.3784999847412	-8.1177522076764
3.3831999301910	-8.0683689155719
3.3879001140594	-8.0129480409793
3.3926000595093	-7.9509733582538
3.3973000049591	-7.8824284722366
3.4019999504089	-7.8077625611033
3.4066998958588	-7.7277269342934
3.4114000797272	-7.6431180486047
3.4161000251770	-7.5545193400417
3.4207999706268	-7.4621612710879
3.4254999160767	-7.3658986961097
3.4302000999451	-7.2653341909044
3.4349000453949	-7.1600510146465
3.4395999908447	-7.0498462014483
3.4442999362946	-6.9349187344607
3.4489998817444	-6.8159176053172
3.4537000656128	-6.6938664833867
3.4584000110626	-6.5699543268831
3.4630999565125	-6.4453047379844
3.4677999019623	-6.3207755019249
3.4725000858307	-6.1968509070353
3.4772000312805	-6.0736603741069
3.4818999767303	-5.9511122718509
3.4865999221802	-5.8290806111624
3.4913001060486	-5.7076037757794
3.4960000514984	-5.5870080400993
3.5006999969482	-5.4679208887930
3.5053999423981	-5.3511972234163
3.5100998878479	-5.2377451091011
3.5148000717163	-5.1283467604156
3.5195000171661	-5.0235018975861
3.5241999626160	-4.9233668185602
3.5288999080658	-4.8277805179670
3.5336000919342	-4.7363846485034
3.5383000373840	-4.6487834881969
3.5429999828339	-4.5647065050450
3.5476999282837	-4.4841135333817
3.5524001121521	-4.4072198783681
3.5571000576019	-4.3344289369057
3.5618000030518	-4.2662085526022
3.5664999485016	-4.2029368003703
3.5711998939514	-4.1447768370983
3.5759000778198	-4.0916139526358
3.5806000232697	-4.0430831628072
3.5852999687195	-3.9986528639034
3.5899999141693	-3.9577675541972
3.5947000980377	-3.9199929982024
3.5994000434875	-3.8851065896376
3.6040999889374	-3.8531360055031
3.6087999343872	-3.8243097131184
3.6135001182556	-3.7989486406432
3.6182000637054	-3.7773285043523
3.6229000091553	-3.7595636007528
3.6275999546051	-3.7455293323647
3.6322999000549	-3.7348818177408
3.6370000839233	-3.7271177087165
3.6417000293732	-3.7217083210817
3.6463999748230	-3.7182209143599
3.6510999202728	-3.7164312734367
3.6558001041412	-3.7163535308744
3.6605000495911	-3.7182156514508
3.6651999950409	-3.7223548561976
3.6698999404907	-3.7290855989158
3.6745998859406	-3.7385908300011
3.6793000698090	-3.7508280239574
3.6840000152588	-3.7655353253016
3.6886999607086	-3.7822768303566
3.6933999061584	-3.8005779301915
3.6981000900269	-3.8200381948482
3.7028000354767	-3.8404466974497
3.7074999809265	-3.8618355583240
3.7121999263763	-3.8844530883959
3.7169001102448	-3.9086783624086
3.7216000556946	-3.9348886202451
3.7263000011444	-3.9633321362998
3.7309999465942	-3.9940447785374
3.7356998920441	-4.0268214678411
3.7404000759125	-4.0612778556270
3.7451000213623	-4.0969573527063
3.7497999668121	-4.1334633007529
3.7544999122620	-4.1705865998473
3.7592000961304	-4.2083599475639
3.7639000415802	-4.2470498799195
3.7685999870300	-4.2870720041482
3.7732999324799	-4.3288547130151
3.7780001163483	-4.3727048752711
3.7827000617981	-4.4187042069321
3.7874000072479	-4.4666785755122
3.7920999526978	-4.5162459410284
3.7967998981476	-4.5669262827751
3.8015000820160	-4.6182905751940
3.8062000274658	-4.6700911224722
3.8108999729156	-4.7223417659929
3.8155999183655	-4.7753122191842
3.8203001022339	-4.8294451647206
3.8250000476837	-4.8852104462234
3.8296999931335	-4.9429534417282
3.8343999385834	-5.0027787328202
3.8390998840332	-5.0645000403542
3.8438000679016	-5.1276872779850
3.8485000133514	-5.1917858159858
3.8531999588013	-5.2562789688733
3.8578999042511	-5.3208406124944
3.8626000881195	-5.3854352335582
3.8673000335693	-5.4503137265975
3.8719999790192	-5.5159282553303
3.8766999244690	-5.5827743765887
3.8814001083374	-5.6512086556225
3.8861000537872	-5.7213121241151
3.8907999992371	-5.7928324659533
3.8954999446869	-5.8652251009786
3.9001998901367	-5.9377969653900
3.9049000740051	-6.0098930358901
3.9096000194550	-6.0810775122038
3.9142999649048	-6.1512477382119
3.9189999103546	-6.2206437364123
3.9237000942230	-6.2897408946309
3.9284000396729	-6.3590582294537
3.9330999851227	-6.4289556631588
3.9377999305725	-6.4994669629773
3.9425001144409	-6.5702364437884
3.9472000598907	-6.6405819104884
3.9519000053406	-6.7096668157414
3.9565999507904	-6.7767183308555
3.9612998962402	-6.8412560910981
3.9660000801086	-6.9032093102313
3.9707000255585	-6.9629151433457
3.9753999710083	-7.0209845297197
3.9800999164581	-7.0780631152202
3.9848001003265	-7.1345960050765
3.9895000457764	-7.1906437643984
3.9941999912262	-7.2458292635279
3.9988999366760	-7.2994295367428
4.0036001205444	-7.3505906868118
4.0082998275757	-7.3985974963188
4.0130000114441	-7.4431092441995
4.0177001953125	-7.4842802797414
4.0223999023438	-7.5227212114136
4.0271000862122	-7.5593166203544
4.0317997932434	-7.5949458057575
4.0364999771118	-7.6302182243991
4.0412001609802	-7.6652830076978
4.0458998680115	-7.6998093140375
4.0506000518799	-7.7331115359404
4.0553002357483	-7.7644049506745
4.0599999427795	-7.7931023068972
4.0647001266479	-7.8190479900592
4.0693998336792	-7.8426195688725
4.0741000175476	-7.8646556099105
4.0788002014160	-7.8862243677332
4.0834999084473	-7.9083222454224
4.0882000923157	-7.9316009695697
4.0928997993469	-7.9561854575029
4.0975999832153	-7.9816842344110
4.1023001670837	-8.0073445478068
4.1069998741150	-8.0323428926906
4.1117000579834	-8.0560882614961
4.1163997650146	-8.0784623894485
4.1210999488831	-8.0999064345205
4.1258001327515	-8.1213160374006
4.1304998397827	-8.1437943917797
4.1352000236511	-8.1683274395313
4.1399002075195	-8.1954997063667
4.1445999145508	-8.2253277532714
4.1493000984192	-8.2572734099883
4.1539998054504	-8.2904346202408
4.1586999893188	-8.3238429016124
4.1634001731873	-8.3568025895554
4.1680998802185	-8.3891333904995
4.1728000640869	-8.4212556899811
4.1774997711182	-8.4540732630071
4.1821999549866	-8.4887038450798
4.1869001388550	-8.5261259880841
4.1915998458862	-8.5668753930929
4.1963000297546	-8.6108670564878
4.2010002136230	-8.6574117576073
4.2056999206543	-8.7054215251468
4.2104001045227	-8.7537444731106
4.2150998115540	-8.8015304090651
4.2197999954224	-8.8485045225723
4.2245001792908	-8.8950520229863
4.2291998863220	-8.9420976636208
4.2339000701904	-8.9907933031007
4.2385997772217	-9.0421277024083
4.2432999610901	-9.0965833741528
4.2480001449585	-9.1539377692678
4.2526998519897	-9.2132793959114
4.2574000358582	-9.2732504321074
4.2621002197266	-9.3324209858556
4.2667999267578	-9.3897146108638
4.2715001106262	-9.4447164951997
4.2761998176575	-9.4977720179087
4.2809000015259	-9.5498373040290
4.2856001853943	-9.6021165542157
4.2902998924255	-9.6556141448242
4.2950000762939	-9.7107437655652
4.2996997833252	-9.7671173843775
4.3043999671936	-9.8235909622373
4.3091001510620	-9.8785573973981
4.3137998580933	-9.9304141893069
4.3185000419617	-9.9780496311700
4.3232002258301	-10.021199612291
4.3278999328613	-10.060538966674
4.3326001167297	-10.097487242341
4.3372998237610	-10.133782187151
4.3420000076294	-10.170968647531
4.3467001914978	-10.209970606590
4.3513998985291	-10.250881732654
4.3561000823975	-10.293033300795
4.3607997894287	-10.335321404423
4.3654999732971	-10.376705575422
4.3702001571655	-10.416693437461
4.3748998641968	-10.455680904029
4.3796000480652	-10.495006307948
4.3843002319336	-10.536700842479
4.3889999389648	-10.583020019585
4.3937001228333	-10.635896022940
4.3983998298645	-10.696475013830
4.4031000137329	-10.764872042968
4.4078001976013	-10.840216749892
4.4124999046326	-10.920976900667
4.4172000885010	-11.005476280652
4.4218997955322	-11.092460537259
4.4265999794006	-11.181539507110
4.4313001632690	-11.273352553238
4.4359998703003	-11.369404217394
4.4407000541687	-11.471618586113
4.4454002380371	-11.581733313522
4.4500999450684	-11.700740872636
4.4548001289368	-11.828523349173
4.4594998359680	-11.963797910886
4.4642000198364	-12.104413645244
4.4689002037048	-12.247941551535
4.4735999107361	-12.392377075780
4.4783000946045	-12.536764290829
4.4829998016357	-12.681526136880
4.4876999855042	-12.828357690869
4.4924001693726	-12.979728119830
4.4970998764038	-13.138112071969
4.5018000602722	-13.305202332646
4.5064997673035	-13.481344158800
4.5111999511719	-13.665316883178
4.5159001350403	-13.854607245390
4.5205998420715	-14.046086398469
4.5253000259399	-14.236939607337
4.5300002098083	-14.425568616416
4.5346999168396	-14.612165729432
4.5394001007080	-14.798735245668
4.5440998077393	-14.988527453831
4.5487999916077	-15.185078002321
4.5535001754761	-15.391097372629
4.5581998825073	-15.607606653588
4.5629000663757	-15.833475980598
4.5675997734070	-16.065598237725
4.5722999572754	-16.299647350514
4.5770001411438	-16.531272146144
4.5816998481750	-16.757388487466
4.5864000320435	-16.977173914382
4.5911002159119	-17.192340867761
4.5957999229431	-17.406638207839
4.6005001068115	-17.624623354865
4.6051998138428	-17.850181730221
4.6098999977112	-18.085183972695
4.6146001815796	-18.328635459078
4.6192998886108	-18.576539176241
4.6240000724792	-18.822589932848
4.6286997795105	-19.059558296454
4.6333999633789	-19.281061885615
4.6381001472473	-19.483220096921
4.6427998542786	-19.665533757715
4.6475000381470	-19.830756537134
4.6522002220154	-19.983660291361
4.6568999290466	-20.129248758300
4.6616001129150	-20.270866219647
4.6662998199463	-20.408836796452
4.6710000038147	-20.539858347838
4.6757001876831	-20.657333659973
4.6803998947144	-20.752718670521
4.6851000785828	-20.817527182002
4.6897997856140	-20.845610016599
4.6944999694824	-20.834963014421
4.6992001533508	-20.788388394451
4.7038998603821	-20.712736435961
4.7086000442505	-20.617025217456
4.7133002281189	-20.510104778645
4.7179999351501	-20.398517803030
4.7227001190186	-20.285131306843
4.7273998260498	-20.168726793577
4.7321000099182	-20.044698913257
4.7368001937866	-19.906680888126
4.7414999008179	-19.748788217899
4.7462000846863	-19.567845249585
4.7508997917175	-19.364884593747
4.7555999755859	-19.145231204156
4.7603001594543	-18.917263331035
4.7649998664856	-18.690211658394
4.7697000503540	-18.471830436269
4.7744002342224	-18.266597462527
4.7790999412537	-18.074837338364
4.7838001251221	-17.892920264955
4.7884998321533	-17.714476500968
4.7932000160217	-17.532418323832
4.7979001998901	-17.341194803492
4.8025999069214	-17.138643861599
4.8073000907898	-16.926750982195
4.8119997978210	-16.711054237220
4.8166999816895	-16.498909755700
4.8214001655579	-16.297294817504
4.8260998725891	-16.110844683327
4.8308000564575	-15.940648657994
4.8354997634888	-15.784062298214
4.8401999473572	-15.635518628742
4.8449001312256	-15.488217345290
4.8495998382568	-15.336166585240
4.8543000221252	-15.176098480277
4.8590002059937	-15.008487511775
4.8636999130249	-14.837347383782
4.8684000968933	-14.668903818331
4.8730998039246	-14.509596632166
4.8777999877930	-14.364156461749
4.8825001716614	-14.234246241626
4.8871998786926	-14.118055566583
4.8919000625610	-14.010851140782
4.8965997695923	-13.906402711567
4.9012999534607	-13.798881720464
4.9060001373291	-13.684704900214
4.9106998443604	-13.563696772127
4.9154000282288	-13.439125313009
4.9201002120972	-13.316612086346
4.9247999191284	-13.202337557806
4.9295001029968	-13.101128216236
4.9341998100281	-13.015070675911
4.9388999938965	-12.942935078523
4.9436001777649	-12.880564784182
4.9482998847961	-12.822133011620
4.9530000686646	-12.761945345934
4.9576997756958	-12.696273775794
4.9623999595642	-12.624608163213
4.9671001434326	-12.549856693516
4.9717998504639	-12.477435290126
4.9765000343323	-12.413543271114
4.9812002182007	-12.363260931378
4.9858999252319	-12.329052227536
4.9906001091003	-12.310057466176
4.9952998161316	-12.302354236918
5.0000000000000	-12.300087860478
#Parameters = {R_fat=48; R_glandular=38; R_skin_outer=50; T10=5; T15=7.5; T5=2.5; T_rad=4; T_x=10; T_y=0; T_z=75; Zc=65; skin_thickness=2; Mesh Pass=3}
#"Frequency / GHz"	"S1,1 (Mesh Pass=3) [Magnitude / dB]"
#-------------------------------------------------------
0.30000001192093	-9.8423444426431
0.30469998717308	-10.236870682003
0.30939999222755	-10.671546406598
0.31409999728203	-11.036914758485
0.31880000233650	-11.215417915031
0.32350000739098	-11.146075402190
0.32820001244545	-10.875592299347
0.33289998769760	-10.534809208714
0.33759999275208	-10.269735373370
0.34229999780655	-10.197175840558
0.34700000286102	-10.400742596635
0.35170000791550	-10.947145746903
0.35640001296997	-11.906777360069
0.36109998822212	-13.368766526325
0.36579999327660	-15.409350163682
0.37049999833107	-17.745526163984
0.37520000338554	-18.489255355380
0.37990000844002	-16.181650439871
0.38460001349449	-13.178279371651
0.38929998874664	-10.707415382913
0.39399999380112	-8.8541241809355
0.39869999885559	-7.5288925907953
0.40340000391006	-6.6452946078967
0.40810000896454	-6.1324814621854
0.41280001401901	-5.9305071914058
0.41749998927116	-5.9871048898866
0.42219999432564	-6.2552203822545
0.42689999938011	-6.6888821913427
0.43160000443459	-7.2361361858670
0.43630000948906	-7.8301490601475
0.44100001454353	-8.3842974103559
0.44569998979568	-8.8034279301238
0.45039999485016	-9.0192323788132
0.45509999990463	-9.0295364336051
0.45980000495911	-8.9003612557308
0.46450001001358	-8.7260232827202
0.46919998526573	-8.5868094639835
0.47389999032021	-8.5307173358216
0.47859999537468	-8.5740977667974
0.48330000042915	-8.7081566604121
0.48800000548363	-8.9047881980725
0.49270001053810	-9.1217652845131
0.49739998579025	-9.3105734771925
0.50209999084473	-9.4293058736978
0.50679999589920	-9.4576193450732
0.51150000095367	-9.4046615493863
0.51620000600815	-9.3034358089958
0.52090001106262	-9.1956061621919
0.52560001611710	-9.1169016534111
0.53030002117157	-9.0890185738861
0.53500002622604	-9.1176096871951
0.53969997167587	-9.1936071355318
0.54439997673035	-9.2961780425305
0.54909998178482	-9.3974193433638
0.55379998683929	-9.4693004590855
0.55849999189377	-9.4920897486843
0.56319999694824	-9.4609884450974
0.56790000200272	-9.3872303747539
0.57260000705719	-9.2928504963284
0.57730001211166	-9.2023470747820
0.58200001716614	-9.1353721965597
0.58670002222061	-9.1025218101648
0.59140002727509	-9.1040977452895
0.59609997272491	-9.1309485536588
0.60079997777939	-9.1669360473801
0.60549998283386	-9.1929491750288
0.61019998788834	-9.1921470374003
0.61489999294281	-9.1550709503331
0.61959999799728	-9.0825149709747
0.62430000305176	-8.9846959426810
0.62900000810623	-8.8772270027973
0.63370001316071	-8.7759555795185
0.63840001821518	-8.6926788913842
0.64310002326965	-8.6326924661114
0.64780002832413	-8.5941228505756
0.65249997377396	-8.5687732321277
0.65719997882843	-8.5442740285044
0.66189998388290	-8.5073468130434
0.66659998893738	-8.4475582308652
0.67129999399185	-8.3604220427440
0.67599999904633	-8.2485869418711
0.68070000410080	-8.1206171082016
0.68540000915527	-7.9880101524697
0.69010001420975	-7.8617452450228
0.69480001926422	-7.7494956130353
0.69950002431870	-7.6540344409501
0.70420002937317	-7.5728712345429
0.70889997482300	-7.4990671637879
0.71359997987747	-7.4230711303712
0.71829998493195	-7.3353206598493
0.72299998998642	-7.2289775912993
0.72769999504089	-7.1019314896872
0.73240000009537	-6.9572944775790
0.73710000514984	-6.8022468788482
0.74180001020432	-6.6457797468417
0.74650001525879	-6.4961758331689
0.75120002031326	-6.3589772249376
0.75590002536774	-6.2357914685992
0.76059997081757	-6.1240586645786
0.76529997587204	-6.0177945718908
0.76999998092651	-5.9091825951354
0.77469998598099	-5.7907484851835
0.77939999103546	-5.6575288718234
0.78409999608994	-5.5085457108445
0.78880000114441	-5.3470467212044
0.79350000619888	-5.1794684736359
0.79820001125336	-5.0135679517181
0.80290001630783	-4.8563400053673
0.80760002136230	-4.7122994124486
0.81230002641678	-4.5824314183595
0.81699997186661	-4.4640075665948
0.82169997692108	-4.3512956186660
0.82639998197556	-4.2370910257742
0.83109998703003	-4.1147677726817
0.83579999208450	-3.9802525705170
0.84049999713898	-3.8333052518383
0.84520000219345	-3.6776371459962
0.84990000724792	-3.5198599300836
0.85460001230240	-3.3676479774877
0.85930001735687	-3.2277197867338
0.86400002241135	-3.1041149587572
0.86870002746582	-2.9971561453645
0.87339997291565	-2.9033283524032
0.87809997797012	-2.8161321779259
0.88279998302460	-2.7278405345645
0.88749998807907	-2.6317679283852
0.89219999313354	-2.5243849852515
0.89689999818802	-2.4065397630810
0.90160000324249	-2.2833777818736
0.90630000829697	-2.1629790426564
0.91100001335144	-2.0541548561690
0.91570001840591	-1.9640941729725
0.92040002346039	-1.8964504065863
0.92510002851486	-1.8502704370263
0.92979997396469	-1.8200922606390
0.93449997901917	-1.7973117133865
0.93919998407364	-1.7726060480562
0.94389998912811	-1.7388733524241
0.94859999418259	-1.6937386916075
0.95329999923706	-1.6407867917635
0.95800000429153	-1.5889677515248
0.96270000934601	-1.5504007831206
0.96740001440048	-1.5372941618294
0.97210001945496	-1.5588656280115
0.97680002450943	-1.6190520011132
0.98150002956390	-1.7155426943118
0.98619997501373	-1.8404692133411
0.99089998006821	-1.9828793736438
0.99559998512268	-2.1327041628857
1.0003000497818	-2.2854395691186
1.0049999952316	-2.4461923021985
1.0096999406815	-2.6316232717822
1.0144000053406	-2.8691827243828
1.0190999507904	-3.1942334408230
1.0238000154495	-3.6467378666155
1.0284999608994	-4.2694930106932
1.0332000255585	-5.1096252709579
1.0378999710083	-6.2251231323987
1.0426000356674	-7.6994965759447
1.0472999811172	-9.6726674415326
1.0520000457764	-12.411842507610
1.0566999912262	-16.475586855545
1.0614000558853	-22.154940300631
1.0661000013351	-20.074762725710
1.0707999467850	-14.657171251431
1.0755000114441	-11.058742728111
1.0801999568939	-8.5450852960199
1.0849000215530	-6.6887324473751
1.0895999670029	-5.2816288197953
1.0943000316620	-4.2098147863744
1.0989999771118	-3.4013027607264
1.1037000417709	-2.8027773835852
1.1083999872208	-2.3687868969140
1.1131000518799	-2.0575535951888
1.1177999973297	-1.8307218803484
1.1224999427795	-1.6553252011972
1.1272000074387	-1.5063768519085
1.1318999528885	-1.3686661393298
1.1366000175476	-1.2367223112135
1.1412999629974	-1.1127437074515
1.1460000276566	-1.0031651570741
1.1506999731064	-0.91494324127161
1.1554000377655	-0.85260947957358
1.1600999832153	-0.81664340824527
1.1648000478745	-0.80327240115867
1.1694999933243	-0.80548317602824
1.1742000579834	-0.81482801511821
1.1789000034332	-0.82353648706112
1.1835999488831	-0.82632759628716
1.1883000135422	-0.82146591936933
1.1929999589920	-0.81075740945062
1.1977000236511	-0.79850829428672
1.2023999691010	-0.78992304212442
1.2071000337601	-0.78941196953166
1.2117999792099	-0.79934377254428
1.2165000438690	-0.81953445043587
1.2211999893188	-0.84743915708610
1.2259000539780	-0.87901984417825
1.2305999994278	-0.90991786190803
1.2352999448776	-0.93666189935270
1.2400000095367	-0.95756770108243
1.2446999549866	-0.97306513016892
1.2494000196457	-0.98538873582664
1.2540999650955	-0.99777889436611
1.2588000297546	-1.0134442725102
1.2634999752045	-1.0346346586061
1.2682000398636	-1.0620827465689
1.2728999853134	-1.0948964586110
1.2776000499725	-1.1309148101486
1.2822999954224	-1.1673965599057
1.2869999408722	-1.2018116463386
1.2917000055313	-1.2325514122811
1.2963999509811	-1.2593319318158
1.3011000156403	-1.2831885075771
1.3057999610901	-1.3061021737070
1.3105000257492	-1.3303601489373
1.3151999711990	-1.3578923843846
1.3199000358582	-1.3897511598664
1.3245999813080	-1.4258785474718
1.3293000459671	-1.4652033745924
1.3339999914169	-1.5059992086765
1.3387000560760	-1.5464184026740
1.3434000015259	-1.5850205633956
1.3480999469757	-1.6211718502799
1.3528000116348	-1.6551911463535
1.3574999570847	-1.6882231446434
1.3622000217438	-1.7218698665382
1.3668999671936	-1.7577281211205
1.3716000318527	-1.7969528038989
1.3762999773026	-1.8399732397231
1.3810000419617	-1.8864366958101
1.3856999874115	-1.9353617533929
1.3904000520706	-1.9854554877916
1.3950999975204	-2.0355094772704
1.3997999429703	-2.0847496620063
1.4045000076294	-2.1330570815826
1.4091999530792	-2.1809939453668
1.4139000177383	-2.2296298580273
1.4185999631882	-2.2802542224701
1.4233000278473	-2.3340224675747
1.4279999732971	-2.3916790153378
1.4327000379562	-2.4533993839375
1.4373999834061	-2.5187983538124
1.4421000480652	-2.5870889205594
1.4467999935150	-2.6573458692497
1.4515000581741	-2.7287919943929
1.4562000036240	-2.8010464356518
1.4608999490738	-2.8742485525946
1.4656000137329	-2.9490411904909
1.4702999591827	-3.0264182496174
1.4750000238419	-3.1074805024091
1.4796999692917	-3.1931783219486
1.4844000339508	-3.2841096912314
1.4890999794006	-3.3804096317250
1.4938000440598	-3.4817815353994
1.4984999895096	-3.5876319104806
1.5032000541687	-3.6972801119235
1.5078999996185	-3.8102008828521
1.5125999450684	-3.9262091301498
1.5173000097275	-4.0455678111682
1.5219999551773	-4.1689634409699
1.5267000198364	-4.2973785216956
1.5313999652863	-4.4318861220609
1.5361000299454	-4.5734210614128
1.5407999753952	-4.7226035389463
1.5455000400543	-4.8796294734594
1.5501999855042	-5.0442868419607
1.5549000501633	-5.2160719636396
1.5595999956131	-5.3943836821591
1.5642999410629	-5.5787539238342
1.5690000057220	-5.7690450370349
1.5736999511719	-5.9655741305422
1.5784000158310	-6.1691077113157
1.5830999612808	-6.3807482033486
1.5878000259399	-6.6017219856882
1.5924999713898	-6.8331372402617
1.5972000360489	-7.0757621729463
1.6018999814987	-7.3298923786039
1.6066000461578	-7.5953374296150
1.6112999916077	-7.8715406428567
1.6160000562668	-8.1578129061198
1.6207000017166	-8.4536208978586
1.6253999471664	-8.7588652475368
1.6301000118256	-9.0740576174076
1.6347999572754	-9.4003531367999
1.6395000219345	-9.7394138549386
1.6441999673843	-10.093125297380
1.6489000320435	-10.463262107605
1.6535999774933	-10.851159182964
1.6583000421524	-11.257510605492
1.6629999876022	-11.682340117278
1.6677000522614	-12.125190280429
1.6723999977112	-12.585493482189
1.6770999431610	-13.063068944305
1.6818000078201	-13.558598312095
1.6864999532700	-14.073975455778
1.6912000179291	-14.612389477433
1.6958999633789	-15.178130688851
1.7006000280380	-15.776138464608
1.7052999734879	-16.411445445864
1.7100000381470	-17.088628142065
1.7146999835968	-17.811492266516
1.7194000482559	-18.583061137331
1.7240999937057	-19.406054703962
1.7288000583649	-20.283768921246
1.7335000038147	-21.221366919372
1.7381999492645	-22.227232272420
1.7429000139236	-23.313972073577
1.7475999593735	-24.498329200130
1.7523000240326	-25.798593487151
1.7569999694824	-27.226202223418
1.7617000341415	-28.763396862732
1.7663999795914	-30.310139633016
1.7711000442505	-31.595865397704
1.7757999897003	-32.184161809914
1.7805000543594	-31.833511113240
1.7851999998093	-30.809785390440
1.7898999452591	-29.541820231199
1.7946000099182	-28.284131111922
1.7992999553680	-27.127581649526
1.8040000200272	-26.087090206991
1.8086999654770	-25.152079451850
1.8134000301361	-24.307211408627
1.8180999755859	-23.539555671044
1.8228000402451	-22.840139874095
1.8274999856949	-22.203250563829
1.8322000503540	-21.625008612416
1.8368999958038	-21.101982577458
1.8415999412537	-20.630200285332
1.8463000059128	-20.204708589335
1.8509999513626	-19.819651215689
1.8557000160217	-19.468707314280
1.8603999614716	-19.145772782892
1.8651000261307	-18.845700042144
1.8697999715805	-18.564800856144
1.8745000362396	-18.301078797545
1.8791999816895	-18.054045029023
1.8839000463486	-17.824260361693
1.8885999917984	-17.612644940526
1.8933000564575	-17.419864906153
1.8980000019073	-17.245854664024
1.9026999473572	-17.089621109196
1.9074000120163	-16.949333839626
1.9120999574661	-16.822628792636
1.9168000221252	-16.707106526578
1.9214999675751	-16.600796837063
1.9262000322342	-16.502522451937
1.9308999776840	-16.412060154784
1.9356000423431	-16.330014733227
1.9402999877930	-16.257542703139
1.9450000524521	-16.195893493548
1.9496999979019	-16.146011295237
1.9543999433517	-16.108225144180
1.9591000080109	-16.082140325235
1.9637999534607	-16.066705722095
1.9685000181198	-16.060483036800
1.9731999635696	-16.062001031603
1.9779000282288	-16.070111263702
1.9825999736786	-16.084277129993
1.9873000383377	-16.104671309345
1.9919999837875	-16.132099543700
1.9967000484467	-16.167754285116
2.0013999938965	-16.212877194318
2.0060999393463	-16.268426314379
2.0107998847961	-16.334821505457
2.0155000686646	-16.411831649888
2.0202000141144	-16.498638722841
2.0248999595642	-16.594028326156
2.0295999050140	-16.696694073975
2.0343000888824	-16.805545532655
2.0390000343323	-16.919962310210
2.0436999797821	-17.039910524117
2.0483999252319	-17.165893838769
2.0531001091003	-17.298749536006
2.0578000545502	-17.439356173178
2.0625000000000	-17.588291087960
2.0671999454498	-17.745573078338
2.0718998908997	-17.910481739441
2.0766000747681	-18.081560124996
2.0813000202179	-18.256727825675
2.0859999656677	-18.433547180567
2.0906999111176	-18.609506245796
2.0954000949860	-18.782303536452
2.1001000404358	-18.950025998508
2.1047999858856	-19.111213732054
2.1094999313354	-19.264721207465
2.1142001152039	-19.409526293726
2.1189000606537	-19.544464485916
2.1236000061035	-19.667971357733
2.1282999515533	-19.777951349003
2.1329998970032	-19.871804454253
2.1377000808716	-19.946577465298
2.1424000263214	-19.999306618013
2.1470999717712	-20.027375531860
2.1517999172211	-20.028958117809
2.1565001010895	-20.003299610710
2.1612000465393	-19.950887759123
2.1658999919891	-19.873408399893
2.1705999374390	-19.773484279012
2.1752998828888	-19.654334974218
2.1800000667572	-19.519310879450
2.1847000122070	-19.371530474833
2.1893999576569	-19.213569600333
2.1940999031067	-19.047367226324
2.1988000869751	-18.874249301086
2.2035000324249	-18.695137915466
2.2081999778748	-18.510804603115
2.2128999233246	-18.322158088727
2.2176001071930	-18.130438099412
2.2223000526428	-17.937288087480
2.2269999980927	-17.744675798187
2.2316999435425	-17.554692318670
2.2363998889923	-17.369274698165
2.2411000728607	-17.189947040226
2.2458000183105	-17.017629123749
2.2504999637604	-16.852575075935
2.2551999092102	-16.694450985204
2.2599000930786	-16.542538441027
2.2646000385284	-16.395995638479
2.2692999839783	-16.254149462745
2.2739999294281	-16.116700772519
2.2787001132965	-15.983826360828
2.2834000587463	-15.856134713886
2.2881000041962	-15.734485443582
2.2927999496460	-15.619777278915
2.2974998950958	-15.512678586993
2.3022000789642	-15.413461686361
2.3069000244141	-15.321917215847
2.3115999698639	-15.237417395217
2.3162999153137	-15.159052191264
2.3210000991821	-15.085877289080
2.3257000446320	-15.017137600767
2.3303999900818	-14.952445519817
2.3350999355316	-14.891851013932
2.3397998809814	-14.835804383844
2.3445000648499	-14.784978945028
2.3492000102997	-14.740089414889
2.3538999557495	-14.701643806376
2.3585999011993	-14.669810713183
2.3633000850677	-14.644350088365
2.3680000305176	-14.624675416607
2.3726999759674	-14.609992971515
2.3773999214172	-14.599503269654
2.3821001052856	-14.592624809833
2.3868000507355	-14.589115139521
2.3914999961853	-14.589135987849
2.3961999416351	-14.593180536575
2.4008998870850	-14.601933981557
2.4056000709534	-14.616059707628
2.4103000164032	-14.636034294392
2.4149999618530	-14.661976804127
2.4196999073029	-14.693654879533
2.4244000911713	-14.730518771045
2.4291000366211	-14.771866302957
2.4337999820709	-14.817030876868
2.4384999275208	-14.865560579793
2.4432001113892	-14.917359491847
2.4479000568390	-14.972690660304
2.4526000022888	-15.032122452120
2.4572999477386	-15.096372823998
2.4619998931885	-15.166094265327
2.4667000770569	-15.241732612663
2.4714000225067	-15.323376507127
2.4760999679565	-15.410762036567
2.4807999134064	-15.503329925913
2.4855000972748	-15.600384397238
2.4902000427246	-15.701288358218
2.4948999881744	-15.805629747851
2.4995999336243	-15.913338067689
2.5043001174927	-16.024711250449
2.5090000629425	-16.140310913408
2.5137000083923	-16.260819798978
2.5183999538422	-16.386829120889
2.5230998992920	-16.518676158355
2.5278000831604	-16.656308837256
2.5325000286102	-16.799268852408
2.5371999740601	-16.946782372924
2.5418999195099	-17.097886141894
2.5466001033783	-17.251647038891
2.5513000488281	-17.407316884232
2.5559999942780	-17.564465369061
2.5606999397278	-17.722977378054
2.5653998851776	-17.882976989009
2.5701000690460	-18.044645203654
2.5748000144958	-18.208011272859
2.5794999599457	-18.372743551760
2.5841999053955	-18.538022420490
2.5889000892639	-18.702498603319
2.5936000347137	-18.864354570920
2.5982999801636	-19.021467821490
2.6029999256134	-19.171623984676
2.6077001094818	-19.312733382246
2.6124000549316	-19.442989224530
2.6171000003815	-19.560947965580
2.6217999458313	-19.665500840489
2.6264998912811	-19.755757877594
2.6312000751495	-19.830891780941
2.6359000205994	-19.889984442583
2.6405999660492	-19.931926927465
2.6452999114990	-19.955413054468
2.6500000953674	-19.959044242913
2.6547000408173	-19.941503017729
2.6593999862671	-19.901789987964
2.6640999317169	-19.839426947207
2.6688001155853	-19.754660683469
2.6735000610352	-19.648462755908
2.6782000064850	-19.522498967648
2.6828999519348	-19.378924032956
2.6875998973846	-19.220132769058
2.6923000812531	-19.048467722931
2.6970000267029	-18.866021347517
2.7016999721527	-18.674459847968
2.7063999176025	-18.475024467765
2.7111001014709	-18.268584137391
2.7158000469208	-18.055819701048
2.7204999923706	-17.837392709926
2.7251999378204	-17.614116920927
2.7298998832703	-17.387057020820
2.7346000671387	-17.157510858735
2.7393000125885	-16.926945204841
2.7439999580383	-16.696793711795
2.7486999034882	-16.468290850475
2.7534000873566	-16.242344633560
2.7581000328064	-16.019416597404
2.7627999782562	-15.799572666419
2.7674999237061	-15.582570534399
2.7722001075745	-15.368017225530
2.7769000530243	-15.155565909509
2.7815999984741	-14.945063092166
2.7862999439240	-14.736626026749
2.7909998893738	-14.530645889794
2.7957000732422	-14.327690305250
2.8004000186920	-14.128373006760
2.8050999641418	-13.933180619510
2.8097999095917	-13.742360623011
2.8145000934601	-13.555856475203
2.8192000389099	-13.373342753405
2.8238999843597	-13.194307397760
2.8285999298096	-13.018201696710
2.8333001136780	-12.844582255002
2.8380000591278	-12.673225627556
2.8427000045776	-12.504170309968
2.8473999500275	-12.337685624505
2.8520998954773	-12.174173400709
2.8568000793457	-12.014034812875
2.8615000247955	-11.857545560100
2.8661999702454	-11.704759767406
2.8708999156952	-11.555491158746
2.8756000995636	-11.409359473921
2.8803000450134	-11.265883270624
2.8849999904633	-11.124623169003
2.8896999359131	-10.985271304290
2.8943998813629	-10.847742408848
2.8991000652313	-10.712176301581
2.9038000106812	-10.578867954910
2.9084999561310	-10.448183080042
2.9131999015808	-10.320429735278
2.9179000854492	-10.195754126672
2.9226000308990	-10.074113136968
2.9272999763489	-9.9552560529120
2.9319999217987	-9.8388111374858
2.9367001056671	-9.7243834082643
2.9414000511169	-9.6116642147284
2.9460999965668	-9.5005024270695
2.9507999420166	-9.3909521384874
2.9554998874664	-9.2832353155002
2.9602000713348	-9.1776721874123
2.9649000167847	-9.0745711590707
2.9695999622345	-8.9741393574957
2.9742999076843	-8.8764175231095
2.9790000915527	-8.7812627385345
2.9837000370026	-8.6883898727060
2.9883999824524	-8.5974563988319
2.9930999279022	-8.5081537080384
2.9978001117706	-8.4202901874767
3.0025000572205	-8.3338539601570
3.0072000026703	-8.2489959654375
3.0118999481201	-8.1659753875325
3.0165998935699	-8.0850896265776
3.0213000774384	-8.0065652970364
3.0260000228882	-7.9304980698161
3.0306999683380	-7.8568196806204
3.0353999137878	-7.7853144127305
3.0401000976562	-7.7156793327316
3.0448000431061	-7.6476138744614
3.0494999885559	-7.5809075951716
3.0541999340057	-7.5154813389498
3.0589001178741	-7.4514252876101
3.0636000633240	-7.3889447348561
3.0683000087738	-7.3283017324238
3.0729999542236	-7.2697296876807
3.0776998996735	-7.2133583629917
3.0824000835419	-7.1591699122381
3.0871000289917	-7.1070067364638
3.0917999744415	-7.0566008533807
3.0964999198914	-7.0076696945135
3.1012001037598	-6.9599787362324
3.1059000492096	-6.9134128830128
3.1105999946594	-6.8680065938025
3.1152999401093	-6.8239166266891
3.1199998855591	-6.7813754124528
3.1247000694275	-6.7406127320809
3.1294000148773	-6.7017815194805
3.1340999603271	-6.6649060481680
3.1387999057770	-6.6298668048698
3.1435000896454	-6.5964441548948
3.1482000350952	-6.5643624219831
3.1528999805450	-6.5333781428825
3.1575999259949	-6.5033426862998
3.1623001098633	-6.4742470997884
3.1670000553131	-6.4462101645428
3.1717000007629	-6.4194286873118
3.1763999462128	-6.3941340177240
3.1810998916626	-6.3704881395227
3.1858000755310	-6.3485485220481
3.1905000209808	-6.3282393762049
3.1951999664307	-6.3093631057747
3.1998999118805	-6.2916569877714
3.2046000957489	-6.2748671239142
3.2093000411987	-6.2588187346710
3.2139999866486	-6.2434529314818
3.2186999320984	-6.2288425368645
3.2234001159668	-6.2151551923066
3.2281000614166	-6.2025987623508
3.2328000068665	-6.1913423260546
3.2374999523163	-6.1814557622341
3.2421998977661	-6.1728724561390
3.2469000816345	-6.1654125475990
3.2516000270844	-6.1588034507235
3.2562999725342	-6.1527629913735
3.2609999179840	-6.1470687463452
3.2657001018524	-6.1416013133353
3.2704000473022	-6.1363633798967
3.2750999927521	-6.1314726592829
3.2797999382019	-6.1270801253746
3.2844998836517	-6.1233282506842
3.2892000675201	-6.1202530488054
3.2939000129700	-6.1177660076807
3.2985999584198	-6.1156502535633
3.3032999038696	-6.1135753197943
3.3080000877380	-6.1111857049891
3.3127000331879	-6.1081578831914
3.3173999786377	-6.1042629916024
3.3220999240875	-6.0993921720760
3.3268001079559	-6.0935485764330
3.3315000534058	-6.0867842177350
3.3361999988556	-6.0791415566089
3.3408999443054	-6.0705824929588
3.3455998897552	-6.0609305707828
3.3503000736237	-6.0498774578726
3.3550000190735	-6.0370042828362
3.3596999645233	-6.0218464342787
3.3643999099731	-6.0039721399436
3.3691000938416	-5.9830539802066
3.3738000392914	-5.9588880439981
3.3784999847412	-5.9314100612893
3.3831999301910	-5.9006305835635
3.3879001140594	-5.8665946518699
3.3926000595093	-5.8292847644771
3.3973000049591	-5.7886013978527
3.4019999504089	-5.7443454475263
3.4066998958588	-5.6962434175113
3.4114000797272	-5.6440308051538
3.4161000251770	-5.5875128009084
3.4207999706268	-5.5266398598989
3.4254999160767	-5.4615449162874
3.4302000999451	-5.3925320300815
3.4349000453949	-5.3200336691514
3.4395999908447	-5.2445437476572
3.4442999362946	-5.1665443334429
3.4489998817444	-5.0864607535399
3.4537000656128	-5.0046321870679
3.4584000110626	-4.9213436575502
3.4630999565125	-4.8368665898109
3.4677999019623	-4.7515115170549
3.4725000858307	-4.6656912121781
3.4772000312805	-4.5799205099303
3.4818999767303	-4.4948143803318
3.4865999221802	-4.4110418700489
3.4913001060486	-4.3292580528886
3.4960000514984	-4.2500393474534
3.5006999969482	-4.1738325592856
3.5053999423981	-4.1009463281627
3.5100998878479	-4.0315558346192
3.5148000717163	-3.9657447340361
3.5195000171661	-3.9035644966216
3.5241999626160	-3.8450799571658
3.5288999080658	-3.7904037599371
3.5336000919342	-3.7397014868279
3.5383000373840	-3.6931707603200
3.5429999828339	-3.6510004364342
3.5476999282837	-3.6133152658870
3.5524001121521	-3.5801497752368
3.5571000576019	-3.5514246087030
3.5618000030518	-3.5269562556106
3.5664999485016	-3.5064876051483
3.5711998939514	-3.4897451961095
3.5759000778198	-3.4764786304461
3.5806000232697	-3.4665120393373
3.5852999687195	-3.4597503950349
3.5899999141693	-3.4561694760265
3.5947000980377	-3.4557926681195
3.5994000434875	-3.4586345286132
3.6040999889374	-3.4646600824184
3.6087999343872	-3.4737697915819
3.6135001182556	-3.4857709801804
3.6182000637054	-3.5004134405630
3.6229000091553	-3.5174274963305
3.6275999546051	-3.5365630374406
3.6322999000549	-3.5576432122210
3.6370000839233	-3.5805713799906
3.6417000293732	-3.6053500644119
3.6463999748230	-3.6320361061446
3.6510999202728	-3.6607141338066
3.6558001041412	-3.6914414807886
3.6605000495911	-3.7242062830553
3.6651999950409	-3.7589178239154
3.6698999404907	-3.7954092942342
3.6745998859406	-3.8334746888785
3.6793000698090	-3.8729099896652
3.6840000152588	-3.9135597356077
3.6886999607086	-3.9553531236959
3.6933999061584	-3.9983101575722
3.6981000900269	-4.0425279765605
3.7028000354767	-4.0881412194309
3.7074999809265	-4.1352689700506
3.7121999263763	-4.1839720524600
3.7169001102448	-4.2342285749291
3.7216000556946	-4.2859225630567
3.7263000011444	-4.3388793951218
3.7309999465942	-4.3929001889265
3.7356998920441	-4.4478209934325
3.7404000759125	-4.5035512112010
3.7451000213623	-4.5600965346527
3.7497999668121	-4.6175457819956
3.7544999122620	-4.6760442865671
3.7592000961304	-4.7357349454606
3.7639000415802	-4.7967115274236
3.7685999870300	-4.8589719776285
3.7732999324799	-4.9224103954257
3.7780001163483	-4.9868397334081
3.7827000617981	-5.0520246055650
3.7874000072479	-5.1177430967180
3.7920999526978	-5.1838444400769
3.7967998981476	-5.2502716519519
3.8015000820160	-5.3170698916286
3.8062000274658	-5.3843496327737
3.8108999729156	-5.4522426271380
3.8155999183655	-5.5208278153978
3.8203001022339	-5.5900898976595
3.8250000476837	-5.6598919542074
3.8296999931335	-5.7299883423655
3.8343999385834	-5.8000643974210
3.8390998840332	-5.8698060568370
3.8438000679016	-5.9389583270902
3.8485000133514	-6.0073740561905
3.8531999588013	-6.0750290604465
3.8578999042511	-6.1419858073070
3.8626000881195	-6.2083422320884
3.8673000335693	-6.2741615155264
3.8719999790192	-6.3394013902387
3.8766999244690	-6.4038881045703
3.8814001083374	-6.4673186370704
3.8861000537872	-6.5293109010206
3.8907999992371	-6.5894753147150
3.8954999446869	-6.6474941247214
3.9001998901367	-6.7031826095164
3.9049000740051	-6.7565057777998
3.9096000194550	-6.8075548123909
3.9142999649048	-6.8564841568365
3.9189999103546	-6.9034257357947
3.9237000942230	-6.9484138185917
3.9284000396729	-6.9913467246553
3.9330999851227	-7.0319839854427
3.9377999305725	-7.0700078723220
3.9425001144409	-7.1050999109331
3.9472000598907	-7.1370331873951
3.9519000053406	-7.1657386750066
3.9565999507904	-7.1913327929129
3.9612998962402	-7.2140828170934
3.9660000801086	-7.2343314432779
3.9707000255585	-7.2524079149834
3.9753999710083	-7.2685378339242
3.9800999164581	-7.2827954380659
3.9848001003265	-7.2951055215165
3.9895000457764	-7.3053013550700
3.9941999912262	-7.3132067884333
3.9988999366760	-7.3187354863779
4.0036001205444	-7.3219611864807
4.0082998275757	-7.3231338436405
4.0130000114441	-7.3226567774423
4.0177001953125	-7.3210003378635
4.0223999023438	-7.3186113036277
4.0271000862122	-7.3158098309246
4.0317997932434	-7.3127525995542
4.0364999771118	-7.3094221354822
4.0412001609802	-7.3056884379619
4.0458998680115	-7.3013900110510
4.0506000518799	-7.2964355681340
4.0553002357483	-7.2908768272526
4.0599999427795	-7.2849389174308
4.0647001266479	-7.2789866486615
4.0693998336792	-7.2734605691167
4.0741000175476	-7.2687736606005
4.0788002014160	-7.2652178704833
4.0834999084473	-7.2629149907795
4.0882000923157	-7.2618043868986
4.0928997993469	-7.2616929717405
4.0975999832153	-7.2623417248112
4.1023001670837	-7.2635630948305
4.1069998741150	-7.2652995767539
4.1117000579834	-7.2676685881562
4.1163997650146	-7.2709397091145
4.1210999488831	-7.2754739343373
4.1258001327515	-7.2816267515083
4.1304998397827	-7.2896526387450
4.1352000236511	-7.2996383811450
4.1399002075195	-7.3114878722746
4.1445999145508	-7.3249535196123
4.1493000984192	-7.3397208214583
4.1539998054504	-7.3555104023831
4.1586999893188	-7.3721632363256
4.1634001731873	-7.3896971126978
4.1680998802185	-7.4083060584354
4.1728000640869	-7.4283009547226
4.1774997711182	-7.4500183931267
4.1821999549866	-7.4737198482258
4.1869001388550	-7.4995077640730
4.1915998458862	-7.5272976772384
4.1963000297546	-7.5568349360501
4.2010002136230	-7.5877732407865
4.2056999206543	-7.6197816207960
4.2104001045227	-7.6526442808089
4.2150998115540	-7.6863368093643
4.2197999954224	-7.7210424239090
4.2245001792908	-7.7571105292043
4.2291998863220	-7.7949692296939
4.2339000701904	-7.8350138679697
4.2385997772217	-7.8775121746939
4.2432999610901	-7.9225510742362
4.2480001449585	-7.9700419825008
4.2526998519897	-8.0197846252837
4.2574000358582	-8.0715712381564
4.2621002197266	-8.1252994431775
4.2667999267578	-8.1810585210089
4.2715001106262	-8.2391626516674
4.2761998176575	-8.3001125357461
4.2809000015259	-8.3645088191822
4.2856001853943	-8.4329178266729
4.2902998924255	-8.5057474104495
4.2950000762939	-8.5831617357207
4.2996997833252	-8.6650474841106
4.3043999671936	-8.7510638117407
4.3091001510620	-8.8407456531456
4.3137998580933	-8.9336350592399
4.3185000419617	-9.0294128578569
4.3232002258301	-9.1279753442645
4.3278999328613	-9.2294511615705
4.3326001167297	-9.3341313517860
4.3372998237610	-9.4423517109789
4.3420000076294	-9.5543516422170
4.3467001914978	-9.6701570227815
4.3513998985291	-9.7895255923303
4.3561000823975	-9.9119705183234
4.3607997894287	-10.036875120094
4.3654999732971	-10.163640345090
4.3702001571655	-10.291859762422
4.3748998641968	-10.421434634619
4.3796000480652	-10.552610735183
4.3843002319336	-10.685910176077
4.3889999389648	-10.821981778131
4.3937001228333	-10.961405988354
4.3983998298645	-11.104520452680
4.4031000137329	-11.251309601372
4.4078001976013	-11.401405057830
4.4124999046326	-11.554193661587
4.4172000885010	-11.709023993246
4.4218997955322	-11.865417017574
4.4265999794006	-12.023259328793
4.4313001632690	-12.182883058171
4.4359998703003	-12.345006309444
4.4407000541687	-12.510559371771
4.4454002380371	-12.680428973553
4.4500999450684	-12.855204864586
4.4548001289368	-13.035007984147
4.4594998359680	-13.219453601294
4.4642000198364	-13.407773532156
4.4689002037048	-13.599063449156
4.4735999107361	-13.792602749146
4.4783000946045	-13.988128086986
4.4829998016357	-14.185987595048
4.4876999855042	-14.387100697227
4.4924001693726	-14.592739252530
4.4970998764038	-14.804169397042
4.5018000602722	-15.022281855966
4.5064997673035	-15.247308894245
4.5111999511719	-15.478726462796
4.5159001350403	-15.715391708211
4.5205998420715	-15.955883883966
4.5253000259399	-16.198968151276
4.5300002098083	-16.444031046358
4.5346999168396	-16.691345369667
4.5394001007080	-16.942048148206
4.5440998077393	-17.197810821199
4.5487999916077	-17.460298562990
4.5535001754761	-17.730554657229
4.5581998825073	-18.008525991648
4.5629000663757	-18.292866040937
4.5675997734070	-18.581119566436
4.5722999572754	-18.870276475031
4.5770001411438	-19.157535221356
4.5816998481750	-19.441051450462
4.5864000320435	-19.720352377603
4.5911002159119	-19.996243504656
4.5957999229431	-20.270134427389
4.6005001068115	-20.542985355103
4.6051998138428	-20.814218178637
4.6098999977112	-21.080944374849
4.6146001815796	-21.337892403364
4.6192998886108	-21.578107623157
4.6240000724792	-21.794418157447
4.6286997795105	-21.981127162124
4.6333999633789	-22.135360032913
4.6381001472473	-22.257348355683
4.6427998542786	-22.349547283519
4.6475000381470	-22.414902289028
4.6522002220154	-22.455039321267
4.6568999290466	-22.469213152125
4.6616001129150	-22.454424238670
4.6662998199463	-22.406758130057
4.6710000038147	-22.323406443378
4.6757001876831	-22.204461220113
4.6803998947144	-22.053774650216
4.6851000785828	-21.878296738001
4.6897997856140	-21.686397480401
4.6944999694824	-21.485765431293
4.6992001533508	-21.281829834419
4.7038998603821	-21.076999024954
4.7086000442505	-20.870990494277
4.7133002281189	-20.661938699613
4.7179999351501	-20.447868346185
4.7227001190186	-20.228040566589
4.7273998260498	-20.003731131080
4.7321000099182	-19.778166543018
4.7368001937866	-19.555776136544
4.7414999008179	-19.341003136326
4.7462000846863	-19.137184242995
4.7508997917175	-18.945805059863
4.7555999755859	-18.766328532735
4.7603001594543	-18.596568905665
4.7649998664856	-18.433599226985
4.7697000503540	-18.274711901757
4.7744002342224	-18.118358325968
4.7790999412537	-17.964641831173
4.7838001251221	-17.815254468894
4.7884998321533	-17.672876126395
4.7932000160217	-17.540307015234
4.7979001998901	-17.419551827437
4.8025999069214	-17.311184783959
4.8073000907898	-17.214142104899
4.8119997978210	-17.125979756075
4.8166999816895	-17.043535120643
4.8214001655579	-16.963820505280
4.8260998725891	-16.884825458445
4.8308000564575	-16.806056392852
4.8354997634888	-16.728544515999
4.8401999473572	-16.654366991463
4.8449001312256	-16.585832419023
4.8495998382568	-16.524610778834
4.8543000221252	-16.471061501208
4.8590002059937	-16.423949471235
4.8636999130249	-16.380688281821
4.8684000968933	-16.337980167648
4.8730998039246	-16.292732219812
4.8777999877930	-16.242942377818
4.8825001716614	-16.188246553142
4.8871998786926	-16.129969118858
4.8919000625610	-16.070618393813
4.8965997695923	-16.013003573194
4.9012999534607	-15.959309103854
4.9060001373291	-15.910372659239
4.9106998443604	-15.865418837713
4.9154000282288	-15.822300887882
4.9201002120972	-15.778210032512
4.9247999191284	-15.730620957330
4.9295001029968	-15.678153304993
4.9341998100281	-15.621107720172
4.9388999938965	-15.561407699422
4.9436001777649	-15.502023739764
4.9482998847961	-15.446028924801
4.9530000686646	-15.395600154029
4.9576997756958	-15.351332576693
4.9623999595642	-15.311945103749
4.9671001434326	-15.274591309587
4.9717998504639	-15.235552549804
4.9765000343323	-15.191264437703
4.9812002182007	-15.139168930622
4.9858999252319	-15.078278718576
4.9906001091003	-15.009076397247
4.9952998161316	-14.932885147175
5.0000000000000	-14.850885033509
#Parameters = {R_fat=48; R_glandular=38; R_skin_outer=50; T10=5; T15=7.5; T5=2.5; T_rad=4; T_x=10; T_y=0; T_z=75; Zc=65; skin_thickness=2; Mesh Pass=4}
#"Frequency / GHz"	"S1,1 (Mesh Pass=4) [Magnitude / dB]"
#-------------------------------------------------------
0.30000001192093	-16.807805284938
0.30469998717308	-17.474097404646
0.30939999222755	-17.780800570692
0.31409999728203	-17.623541670789
0.31880000233650	-17.147345966820
0.32350000739098	-16.622707869871
0.32820001244545	-16.278377070009
0.33289998769760	-16.265778819408
0.33759999275208	-16.700248532514
0.34229999780655	-17.721353389065
0.34700000286102	-19.589375302488
0.35170000791550	-22.966501981108
0.35640001296997	-30.642713734582
0.36109998822212	-34.269697434005
0.36579999327660	-22.650935276311
0.37049999833107	-17.585224502213
0.37520000338554	-14.329353546070
0.37990000844002	-12.009393778669
0.38460001349449	-10.312497261588
0.38929998874664	-9.0939397900091
0.39399999380112	-8.2724757659448
0.39869999885559	-7.7924002088418
0.40340000391006	-7.6089676808845
0.40810000896454	-7.6840497313754
0.41280001401901	-7.9857989738277
0.41749998927116	-8.4885879650165
0.42219999432564	-9.1709708221906
0.42689999938011	-10.009736108990
0.43160000443459	-10.967912823039
0.43630000948906	-11.975164822595
0.44100001454353	-12.907118610467
0.44569998979568	-13.594264648944
0.45039999485016	-13.903061811837
0.45509999990463	-13.844295933038
0.45980000495911	-13.567833090942
0.46450001001358	-13.249622085113
0.46919998526573	-13.012237435747
0.47389999032021	-12.916811918842
0.47859999537468	-12.981899710526
0.48330000042915	-13.199219737483
0.48800000548363	-13.539961140977
0.49270001053810	-13.954134475947
0.49739998579025	-14.369070794797
0.50209999084473	-14.697267170166
0.50679999589920	-14.862804031479
0.51150000095367	-14.837762274499
0.51620000600815	-14.657562126590
0.52090001106262	-14.398284228842
0.52560001611710	-14.138990510410
0.53030002117157	-13.937942777796
0.53500002622604	-13.827163028323
0.53969997167587	-13.815686522092
0.54439997673035	-13.893562964201
0.54909998178482	-14.034132259187
0.55379998683929	-14.195945325850
0.55849999189377	-14.327966251250
0.56319999694824	-14.381365399015
0.56790000200272	-14.326192329172
0.57260000705719	-14.163546155247
0.57730001211166	-13.923710966562
0.58200001716614	-13.651705061434
0.58670002222061	-13.390963405393
0.59140002727509	-13.173228045646
0.59609997272491	-13.015187349313
0.60079997777939	-12.918780888018
0.60549998283386	-12.872690167953
0.61019998788834	-12.854439753709
0.61489999294281	-12.834064285968
0.61959999799728	-12.780464112551
0.62430000305176	-12.669967745361
0.62900000810623	-12.493953622001
0.63370001316071	-12.261257830285
0.63840001821518	-11.993885063794
0.64310002326965	-11.718845449075
0.64780002832413	-11.460411512994
0.65249997377396	-11.235243856445
0.65719997882843	-11.050397295648
0.66189998388290	-10.903225348891
0.66659998893738	-10.782550727491
0.67129999399185	-10.671060310103
0.67599999904633	-10.549122212565
0.68070000410080	-10.399742705813
0.68540000915527	-10.213309209060
0.69010001420975	-9.9902082869481
0.69480001926422	-9.7400669381268
0.69950002431870	-9.4781729835934
0.70420002937317	-9.2208118986143
0.70889997482300	-8.9813061400777
0.71359997987747	-8.7674930167784
0.71829998493195	-8.5807056704545
0.72299998998642	-8.4159834173202
0.72769999504089	-8.2634058155250
0.73240000009537	-8.1104406505587
0.73710000514984	-7.9450643339117
0.74180001020432	-7.7589344878255
0.74650001525879	-7.5495815620679
0.75120002031326	-7.3208083771053
0.75590002536774	-7.0812199725791
0.76059997081757	-6.8415766680486
0.76529997587204	-6.6119734872663
0.76999998092651	-6.3995837184252
0.77469998598099	-6.2073128565427
0.77939999103546	-6.0334415550714
0.78409999608994	-5.8721978267630
0.78880000114441	-5.7152130901858
0.79350000619888	-5.5536396616187
0.79820001125336	-5.3804691995601
0.80290001630783	-5.1923850879339
0.80760002136230	-4.9905804541273
0.81230002641678	-4.7802520548747
0.81699997186661	-4.5690572117850
0.82169997692108	-4.3650730314821
0.82639998197556	-4.1748590913859
0.83109998703003	-4.0020225536275
0.83579999208450	-3.8465324493759
0.84049999713898	-3.7048381428086
0.84520000219345	-3.5707871341307
0.84990000724792	-3.4372317459562
0.85460001230240	-3.2979402545992
0.85930001735687	-3.1493380606708
0.86400002241135	-2.9915338939025
0.86870002746582	-2.8283095302244
0.87339997291565	-2.6661153945342
0.87809997797012	-2.5124045009529
0.88279998302460	-2.3738171665057
0.88749998807907	-2.2546302445981
0.89219999313354	-2.1558117566255
0.89689999818802	-2.0748510197265
0.90160000324249	-2.0064382347012
0.90630000829697	-1.9439017541693
0.91100001335144	-1.8811218654407
0.91570001840591	-1.8144195063829
0.92040002346039	-1.7438688422322
0.92510002851486	-1.6736146176084
0.92979997396469	-1.6110667276422
0.93449997901917	-1.5652338874375
0.93919998407364	-1.5447062960703
0.94389998912811	-1.5557919116676
0.94859999418259	-1.6012608242347
0.95329999923706	-1.6800009391642
0.95800000429153	-1.7877112724249
0.96270000934601	-1.9186169184080
0.96740001440048	-2.0679667443455
0.97210001945496	-2.2347938841513
0.97680002450943	-2.4242451729914
0.98150002956390	-2.6487949071485
0.98619997501373	-2.9281037368022
0.99089998006821	-3.2877157575986
0.99559998512268	-3.7574981089358
1.0003000497818	-4.3708101413634
1.0049999952316	-5.1654992685690
1.0096999406815	-6.1878818118332
1.0144000053406	-7.5013791070160
1.0190999507904	-9.2032905756097
1.0238000154495	-11.456925559543
1.0284999608994	-14.540725099814
1.0332000255585	-18.660863557343
1.0378999710083	-20.669299163629
1.0426000356674	-16.813857820615
1.0472999811172	-12.992124443468
1.0520000457764	-10.200281358970
1.0566999912262	-8.1163953936410
1.0614000558853	-6.5147974161989
1.0661000013351	-5.2650766417651
1.0707999467850	-4.2872286311792
1.0755000114441	-3.5267975977133
1.0801999568939	-2.9420267009634
1.0849000215530	-2.4974284714231
1.0895999670029	-2.1610845470984
1.0943000316620	-1.9043052555848
1.0989999771118	-1.7025549765599
1.1037000417709	-1.5367559240152
1.1083999872208	-1.3941810686579
1.1131000518799	-1.2683853655883
1.1177999973297	-1.1581127301365
1.1224999427795	-1.0653517602000
1.1272000074387	-0.99317390746695
1.1318999528885	-0.94381296634156
1.1366000175476	-0.91742446218409
1.1412999629974	-0.91164228734652
1.1460000276566	-0.92190761952753
1.1506999731064	-0.94238291223652
1.1554000377655	-0.96718418718493
1.1600999832153	-0.99159018327256
1.1648000478745	-1.0129418953340
1.1694999933243	-1.0309783677513
1.1742000579834	-1.0475392359769
1.1789000034332	-1.0657553711730
1.1835999488831	-1.0889962194080
1.1883000135422	-1.1198415056280
1.1929999589920	-1.1594014176973
1.1977000236511	-1.2070516824804
1.2023999691010	-1.2606577374319
1.2071000337601	-1.3171402188728
1.2117999792099	-1.3732733524358
1.2165000438690	-1.4264923262230
1.2211999893188	-1.4754926656461
1.2259000539780	-1.5204785339434
1.2305999994278	-1.5630104898385
1.2352999448776	-1.6054732456508
1.2400000095367	-1.6504024996555
1.2446999549866	-1.6997722950197
1.2494000196457	-1.7545212719328
1.2540999650955	-1.8143498119366
1.2588000297546	-1.8778490680641
1.2634999752045	-1.9429060196222
1.2682000398636	-2.0072656096530
1.2728999853134	-2.0691106379519
1.2776000499725	-2.1275248047980
1.2822999954224	-2.1826922643305
1.2869999408722	-2.2358055382310
1.2917000055313	-2.2887123171239
1.2963999509811	-2.3433973991412
1.3011000156403	-2.4014761346525
1.3057999610901	-2.4637957879605
1.3105000257492	-2.5302624180840
1.3151999711990	-2.5999017615027
1.3199000358582	-2.6711533002603
1.3245999813080	-2.7422859185875
1.3293000459671	-2.8118517681577
1.3339999914169	-2.8790661111332
1.3387000560760	-2.9439950911342
1.3434000015259	-3.0075278647425
1.3480999469757	-3.0711259656691
1.3528000116348	-3.1364425794567
1.3574999570847	-3.2049066963138
1.3622000217438	-3.2773863739059
1.3668999671936	-3.3540067444127
1.3716000318527	-3.4341595507209
1.3762999773026	-3.5166903390182
1.3810000419617	-3.6002200625966
1.3856999874115	-3.6835132401422
1.3904000520706	-3.7658038729036
1.3950999975204	-3.8470058301005
1.3997999429703	-3.9277352974891
1.4045000076294	-4.0091682791839
1.4091999530792	-4.0927469985437
1.4139000177383	-4.1798427137440
1.4185999631882	-4.2714475554914
1.4233000278473	-4.3679642987282
1.4279999732971	-4.4691555195784
1.4327000379562	-4.5742451391402
1.4373999834061	-4.6821389945333
1.4421000480652	-4.7917392979916
1.4467999935150	-4.9022316858267
1.4515000581741	-5.0133370793548
1.4562000036240	-5.1254014408269
1.4608999490738	-5.2393468917414
1.4656000137329	-5.3564755425004
1.4702999591827	-5.4781939707887
1.4750000238419	-5.6057131435463
1.4796999692917	-5.7398098485190
1.4844000339508	-5.8806871822688
1.4890999794006	-6.0279800887623
1.4938000440598	-6.1808845514914
1.4984999895096	-6.3383947023708
1.5032000541687	-6.4995950402271
1.5078999996185	-6.6639288854427
1.5125999450684	-6.8313960577913
1.5173000097275	-7.0026180431865
1.5219999551773	-7.1787493184660
1.5267000198364	-7.3612742864060
1.5313999652863	-7.5517140449506
1.5361000299454	-7.7513387802321
1.5407999753952	-7.9609243537296
1.5455000400543	-8.1806265943700
1.5501999855042	-8.4099901937972
1.5549000501633	-8.6480922625772
1.5595999956131	-8.8938110332833
1.5642999410629	-9.1461414391364
1.5690000057220	-9.4045141983584
1.5736999511719	-9.6690250853989
1.5784000158310	-9.9405089493765
1.5830999612808	-10.220448465026
1.5878000259399	-10.510723598017
1.5924999713898	-10.813255984239
1.5972000360489	-11.129633950261
1.6018999814987	-11.460796732000
1.6066000461578	-11.806836467303
1.6112999916077	-12.166984174030
1.6160000562668	-12.539770124925
1.6207000017166	-12.923363144541
1.6253999471664	-13.316010512531
1.6301000118256	-13.716480268279
1.6347999572754	-14.124426384358
1.6395000219345	-14.540488226188
1.6441999673843	-14.966182599327
1.6489000320435	-15.403510645178
1.6535999774933	-15.854387430714
1.6583000421524	-16.320021267894
1.6629999876022	-16.800313842612
1.6677000522614	-17.293423673540
1.6723999977112	-17.795544908088
1.6770999431610	-18.300976747469
1.6818000078201	-18.802425450670
1.6864999532700	-19.291561901774
1.6912000179291	-19.759682518586
1.6958999633789	-20.198393517976
1.7006000280380	-20.600112901107
1.7052999734879	-20.958430568749
1.7100000381470	-21.268290616944
1.7146999835968	-21.526002494398
1.7194000482559	-21.729363736356
1.7240999937057	-21.877562887563
1.7288000583649	-21.971188872007
1.7335000038147	-22.011986833679
1.7381999492645	-22.002640568240
1.7429000139236	-21.946470219251
1.7475999593735	-21.847355742322
1.7523000240326	-21.709808728809
1.7569999694824	-21.539217308664
1.7617000341415	-21.342025060189
1.7663999795914	-21.125720812941
1.7711000442505	-20.898500085299
1.7757999897003	-20.668630573378
1.7805000543594	-20.443658034747
1.7851999998093	-20.229642650104
1.7898999452591	-20.030619319567
1.7946000099182	-19.848303815052
1.7992999553680	-19.682233075438
1.8040000200272	-19.530194809566
1.8086999654770	-19.388964536551
1.8134000301361	-19.255219976449
1.8180999755859	-19.126390627518
1.8228000402451	-19.001369555409
1.8274999856949	-18.880759701257
1.8322000503540	-18.766727910340
1.8368999958038	-18.662456052059
1.8415999412537	-18.571337962740
1.8463000059128	-18.496210997041
1.8509999513626	-18.438692063593
1.8557000160217	-18.398875515141
1.8603999614716	-18.375292089273
1.8651000261307	-18.365310777275
1.8697999715805	-18.365702358961
1.8745000362396	-18.373429745331
1.8791999816895	-18.386381523797
1.8839000463486	-18.403893876628
1.8885999917984	-18.426903729574
1.8933000564575	-18.457786069111
1.8980000019073	-18.499739250181
1.9026999473572	-18.556090253142
1.9074000120163	-18.629581631343
1.9120999574661	-18.721793124110
1.9168000221252	-18.832894495749
1.9214999675751	-18.961688357262
1.9262000322342	-19.105997108462
1.9308999776840	-19.263256885724
1.9356000423431	-19.431279290292
1.9402999877930	-19.608958924972
1.9450000524521	-19.796734833411
1.9496999979019	-19.996756134040
1.9543999433517	-20.212634211683
1.9591000080109	-20.448877915588
1.9637999534607	-20.710177363422
1.9685000181198	-21.000700986433
1.9731999635696	-21.323558326586
1.9779000282288	-21.680519294994
1.9825999736786	-22.072072028069
1.9873000383377	-22.497759293038
1.9919999837875	-22.956862538998
1.9967000484467	-23.449174818104
2.0013999938965	-23.975813136353
2.0060999393463	-24.539829442754
2.0107998847961	-25.146324019688
2.0155000686646	-25.801971990070
2.0202000141144	-26.513719174410
2.0248999595642	-27.286414893429
2.0295999050140	-28.118778744992
2.0343000888824	-28.996808578421
2.0390000343323	-29.883347377050
2.0436999797821	-30.704625745002
2.0483999252319	-31.342593871308
2.0531001091003	-31.656222252429
2.0578000545502	-31.548455561663
2.0625000000000	-31.032687232535
2.0671999454498	-30.219749729506
2.0718998908997	-29.243645106894
2.0766000747681	-28.207786830806
2.0813000202179	-27.175543550214
2.0859999656677	-26.180827411979
2.0906999111176	-25.240257311505
2.0954000949860	-24.360913153623
2.1001000404358	-23.544689188119
2.1047999858856	-22.790324634439
2.1094999313354	-22.094468452355
2.1142001152039	-21.452291361113
2.1189000606537	-20.858010110931
2.1236000061035	-20.305408820644
2.1282999515533	-19.788426109918
2.1329998970032	-19.301690046491
2.1377000808716	-18.840984408373
2.1424000263214	-18.403487575811
2.1470999717712	-17.987780183873
2.1517999172211	-17.593571963601
2.1565001010895	-17.221302796559
2.1612000465393	-16.871583519082
2.1658999919891	-16.544772880214
2.1705999374390	-16.240592075302
2.1752998828888	-15.957961967876
2.1800000667572	-15.695070579730
2.1847000122070	-15.449554903647
2.1893999576569	-15.218876402350
2.1940999031067	-15.000714460294
2.1988000869751	-14.793300409984
2.2035000324249	-14.595665994400
2.2081999778748	-14.407660974486
2.2128999233246	-14.229831332924
2.2176001071930	-14.063107185725
2.2223000526428	-13.908455872268
2.2269999980927	-13.766530449821
2.2316999435425	-13.637423845059
2.2363998889923	-13.520562044181
2.2411000728607	-13.414780288852
2.2458000183105	-13.318506726708
2.2504999637604	-13.230081663022
2.2551999092102	-13.148082598713
2.2599000930786	-13.071581260385
2.2646000385284	-13.000307353738
2.2692999839783	-12.934620193436
2.2739999294281	-12.875361168536
2.2787001132965	-12.823564712556
2.2834000587463	-12.780159026941
2.2881000041962	-12.745686295466
2.2927999496460	-12.720146984087
2.2974998950958	-12.702957145869
2.3022000789642	-12.693066723772
2.3069000244141	-12.689191487559
2.3115999698639	-12.690095242203
2.3162999153137	-12.694879060687
2.3210000991821	-12.703168744112
2.3257000446320	-12.715190579252
2.3303999900818	-12.731694376504
2.3350999355316	-12.753738747402
2.3397998809814	-12.782417562643
2.3445000648499	-12.818576916715
2.3492000102997	-12.862607322604
2.3538999557495	-12.914347901341
2.3585999011993	-12.973122723539
2.3633000850677	-13.037912353441
2.3680000305176	-13.107619418427
2.3726999759674	-13.181340846990
2.3773999214172	-13.258613160761
2.3821001052856	-13.339556292255
2.3868000507355	-13.424853474388
2.3914999961853	-13.515610077263
2.3961999416351	-13.613108626561
2.4008998870850	-13.718518707486
2.4056000709534	-13.832637744453
2.4103000164032	-13.955742555338
2.4149999618530	-14.087537377199
2.4196999073029	-14.227293643739
2.4244000911713	-14.374040334059
2.4291000366211	-14.526888264185
2.4337999820709	-14.685294464637
2.4384999275208	-14.849288588874
2.4432001113892	-15.019558770772
2.4479000568390	-15.197353858555
2.4526000022888	-15.384305830445
2.4572999477386	-15.582110538821
2.4619998931885	-15.792228035150
2.4667000770569	-16.015648958051
2.4714000225067	-16.252733071083
2.4760999679565	-16.503280617121
2.4807999134064	-16.766660228679
2.4855000972748	-17.042130030300
2.4902000427246	-17.329171739898
2.4948999881744	-17.627826256961
2.4995999336243	-17.938898926022
2.5043001174927	-18.264041403275
2.5090000629425	-18.605594888487
2.5137000083923	-18.966329058826
2.5183999538422	-19.349049426159
2.5230998992920	-19.756216658978
2.5278000831604	-20.189607888926
2.5325000286102	-20.650108600946
2.5371999740601	-21.137639345732
2.5418999195099	-21.651207386257
2.5466001033783	-22.189018075442
2.5513000488281	-22.748547252307
2.5559999942780	-23.326422724683
2.5606999397278	-23.917908523038
2.5653998851776	-24.515880766912
2.5701000690460	-25.109172674875
2.5748000144958	-25.680493194878
2.5794999599457	-26.204522216798
2.5841999053955	-26.647505106018
2.5889000892639	-26.970284832111
2.5936000347137	-27.136013182502
2.5982999801636	-27.121044351418
2.6029999256134	-26.923404663963
2.6077001094818	-26.563265815975
2.6124000549316	-26.075185229857
2.6171000003815	-25.497622693568
2.6217999458313	-24.865176086605
2.6264998912811	-24.205277900047
2.6312000751495	-23.538183549692
2.6359000205994	-22.878170702759
2.6405999660492	-22.235100664339
2.6452999114990	-21.615507177651
2.6500000953674	-21.023330896898
2.6547000408173	-20.460425784294
2.6593999862671	-19.926925311983
2.6640999317169	-19.421561298654
2.6688001155853	-18.942079690616
2.6735000610352	-18.485661744314
2.6782000064850	-18.049408056131
2.6828999519348	-17.630744517576
2.6875998973846	-17.227735377225
2.6923000812531	-16.839231552621
2.6970000267029	-16.464847969735
2.7016999721527	-16.104742141861
2.7063999176025	-15.759329981192
2.7111001014709	-15.428945698467
2.7158000469208	-15.113577131874
2.7204999923706	-14.812694898193
2.7251999378204	-14.525222048760
2.7298998832703	-14.249659098313
2.7346000671387	-13.984307450595
2.7393000125885	-13.727533576913
2.7439999580383	-13.478026691830
2.7486999034882	-13.234989043109
2.7534000873566	-12.998184765071
2.7581000328064	-12.767861234231
2.7627999782562	-12.544564333111
2.7674999237061	-12.328890558592
2.7722001075745	-12.121255006984
2.7769000530243	-11.921700409918
2.7815999984741	-11.729822545133
2.7862999439240	-11.544820986711
2.7909998893738	-11.365633825613
2.7957000732422	-11.191146737348
2.8004000186920	-11.020422752302
2.8050999641418	-10.852864263295
2.8097999095917	-10.688308933550
2.8145000934601	-10.527006310054
2.8192000389099	-10.369482287602
2.8238999843597	-10.216360560959
2.8285999298096	-10.068153215906
2.8333001136780	-9.9250866322290
2.8380000591278	-9.7870234464495
2.8427000045776	-9.6534632097067
2.8473999500275	-9.5236520036997
2.8520998954773	-9.3967498513423
2.8568000793457	-9.2720132869485
2.8615000247955	-9.1489696037019
2.8661999702454	-9.0274955511577
2.8708999156952	-8.9078272349029
2.8756000995636	-8.7904559227811
2.8803000450134	-8.6759812484527
2.8849999904633	-8.5649235003497
2.8896999359131	-8.4575829220336
2.8943998813629	-8.3539295424688
2.8991000652313	-8.2536173324331
2.9038000106812	-8.1560570096288
2.9084999561310	-8.0605674117908
2.9131999015808	-7.9665306921600
2.9179000854492	-7.8735413627460
2.9226000308990	-7.7815084043834
2.9272999763489	-7.6906508756561
2.9319999217987	-7.6014244707175
2.9367001056671	-7.5143938638380
2.9414000511169	-7.4300607434512
2.9460999965668	-7.3487325061834
2.9507999420166	-7.2704323986869
2.9554998874664	-7.1948907223127
2.9602000713348	-7.1216126105766
2.9649000167847	-7.0500058521886
2.9695999622345	-6.9795238543349
2.9742999076843	-6.9098127866277
2.9790000915527	-6.8407912108927
2.9837000370026	-6.7726562067481
2.9883999824524	-6.7058326572784
2.9930999279022	-6.6408390016495
2.9978001117706	-6.5781475356795
3.0025000572205	-6.5180544680749
3.0072000026703	-6.4605930727661
3.0118999481201	-6.4055362387982
3.0165998935699	-6.3524348081348
3.0213000774384	-6.3007497434410
3.0260000228882	-6.2499814281704
3.0306999683380	-6.1998086802561
3.0353999137878	-6.1501454819582
3.0401000976562	-6.1011826175040
3.0448000431061	-6.0533077880833
3.0494999885559	-6.0070037523259
3.0541999340057	-5.9627136662395
3.0589001178741	-5.9207157546566
3.0636000633240	-5.8810421929979
3.0683000087738	-5.8434778400357
3.0729999542236	-5.8076079459825
3.0776998996735	-5.7729243022096
3.0824000835419	-5.7389584187535
3.0871000289917	-5.7054037991943
3.0917999744415	-5.6721869816254
3.0964999198914	-5.6394853581153
3.1012001037598	-5.6076677147071
3.1059000492096	-5.5771886714115
3.1105999946594	-5.5484683246867
3.1152999401093	-5.5217653489009
3.1199998855591	-5.4971086638950
3.1247000694275	-5.4742897137288
3.1294000148773	-5.4529094072402
3.1340999603271	-5.4324807744636
3.1387999057770	-5.4125590431963
3.1435000896454	-5.3928508742121
3.1482000350952	-5.3732956114149
3.1528999805450	-5.3540622247264
3.1575999259949	-5.3355113713019
3.1623001098633	-5.3180772862451
3.1670000553131	-5.3021590065969
3.1717000007629	-5.2880001279935
3.1763999462128	-5.2756182474541
3.1810998916626	-5.2647913860418
3.1858000755310	-5.2551300751508
3.1905000209808	-5.2461573330249
3.1951999664307	-5.2374324201294
3.1998999118805	-5.2286722119604
3.2046000957489	-5.2198190009611
3.2093000411987	-5.2110405214905
3.2139999866486	-5.2026820116263
3.2186999320984	-5.1951616273174
3.2234001159668	-5.1888463923582
3.2281000614166	-5.1839557302798
3.2328000068665	-5.1804676125095
3.2374999523163	-5.1781478571518
3.2421998977661	-5.1765678668546
3.2469000816345	-5.1752382482021
3.2516000270844	-5.1737062975621
3.2562999725342	-5.1716800344098
3.2609999179840	-5.1690848782987
3.2657001018524	-5.1660721266373
3.2704000473022	-5.1629572322550
3.2750999927521	-5.1601232836746
3.2797999382019	-5.1578814188719
3.2844998836517	-5.1563815022748
3.2892000675201	-5.1555406977904
3.2939000129700	-5.1550412083735
3.2985999584198	-5.1543934250153
3.3032999038696	-5.1530366272431
3.3080000877380	-5.1504745570065
3.3127000331879	-5.1463654026444
3.3173999786377	-5.1405960123240
3.3220999240875	-5.1332726760680
3.3268001079559	-5.1246651375495
3.3315000534058	-5.1150835025071
3.3361999988556	-5.1047629633958
3.3408999443054	-5.0937586719921
3.3455998897552	-5.0818916164209
3.3503000736237	-5.0687524886260
3.3550000190735	-5.0537858979833
3.3596999645233	-5.0363921768976
3.3643999099731	-5.0160592554269
3.3691000938416	-4.9924763479965
3.3738000392914	-4.9655782909698
3.3784999847412	-4.9355330120089
3.3831999301910	-4.9026755670617
3.3879001140594	-4.8673856342697
3.3926000595093	-4.8299721472681
3.3973000049591	-4.7905804193329
3.4019999504089	-4.7491487696541
3.4066998958588	-4.7054362588578
3.4114000797272	-4.6591107775283
3.4161000251770	-4.6098616763310
3.4207999706268	-4.5575248644370
3.4254999160767	-4.5021674541260
3.4302000999451	-4.4441232553029
3.4349000453949	-4.3839521668843
3.4395999908447	-4.3223619811614
3.4442999362946	-4.2600800047536
3.4489998817444	-4.1977418613138
3.4537000656128	-4.1358029188314
3.4584000110626	-4.0745182407386
3.4630999565125	-4.0139607764212
3.4677999019623	-3.9541070069363
3.4725000858307	-3.8949368573376
3.4772000312805	-3.8365281614584
3.4818999767303	-3.7791295092949
3.4865999221802	-3.7231649219170
3.4913001060486	-3.6691999720928
3.4960000514984	-3.6178577624221
3.5006999969482	-3.5697183163699
3.5053999423981	-3.5252181744299
3.5100998878479	-3.4845863835792
3.5148000717163	-3.4478319697088
3.5195000171661	-3.4147767478281
3.5241999626160	-3.3851262683827
3.5288999080658	-3.3585731667002
3.5336000919342	-3.3348853987162
3.5383000373840	-3.3139712481661
3.5429999828339	-3.2959028157631
3.5476999282837	-3.2808903544134
3.5524001121521	-3.2692112790248
3.5571000576019	-3.2611188392927
3.5618000030518	-3.2567730720173
3.5664999485016	-3.2561593644070
3.5711998939514	-3.2590849802935
3.5759000778198	-3.2652034338706
3.5806000232697	-3.2740735415721
3.5852999687195	-3.2852610827132
3.5899999141693	-3.2984182201013
3.5947000980377	-3.3133524508384
3.5994000434875	-3.3300523150612
3.6040999889374	-3.3486637521872
3.6087999343872	-3.3694296568550
3.6135001182556	-3.3926001923687
3.6182000637054	-3.4183441718602
3.6229000091553	-3.4466837066546
3.6275999546051	-3.4774673479999
3.6322999000549	-3.5103888610663
3.6370000839233	-3.5450488154168
3.6417000293732	-3.5810423159654
3.6463999748230	-3.6180476149870
3.6510999202728	-3.6559029120763
3.6558001041412	-3.6946284507676
3.6605000495911	-3.7344163621172
3.6651999950409	-3.7755640684054
3.6698999404907	-3.8183856060642
3.6745998859406	-3.8631219603243
3.6793000698090	-3.9098566676818
3.6840000152588	-3.9584906632542
3.6886999607086	-4.0087488078973
3.6933999061584	-4.0602502221250
3.6981000900269	-4.1125955467425
3.7028000354767	-4.1654623412375
3.7074999809265	-4.2186864124610
3.7121999263763	-4.2723020638797
3.7169001102448	-4.3265232754045
3.7216000556946	-4.3816822763983
3.7263000011444	-4.4381346946337
3.7309999465942	-4.4961494239106
3.7356998920441	-4.5558309244385
3.7404000759125	-4.6170692484618
3.7451000213623	-4.6795682832605
3.7497999668121	-4.7428910661098
3.7544999122620	-4.8065766111233
3.7592000961304	-4.8702440958366
3.7639000415802	-4.9336805886772
3.7685999870300	-4.9968938925044
3.7732999324799	-5.0600911071751
3.7780001163483	-5.1236106439037
3.7827000617981	-5.1878114574455
3.7874000072479	-5.2529595094482
3.7920999526978	-5.3191178272590
3.7967998981476	-5.3861132756881
3.8015000820160	-5.4535464260411
3.8062000274658	-5.5208677906914
3.8108999729156	-5.5874971088844
3.8155999183655	-5.6529511064971
3.8203001022339	-5.7169534843669
3.8250000476837	-5.7794789547490
3.8296999931335	-5.8407382240923
3.8343999385834	-5.9010870312715
3.8390998840332	-5.9608988185695
3.8438000679016	-6.0204256873814
3.8485000133514	-6.0796903367005
3.8531999588013	-6.1384370552681
3.8578999042511	-6.1961630377227
3.8626000881195	-6.2522194919444
3.8673000335693	-6.3059527767977
3.8719999790192	-6.3568595016893
3.8766999244690	-6.4047037276327
3.8814001083374	-6.4495584002323
3.8861000537872	-6.4917692019552
3.8907999992371	-6.5318390633206
3.8954999446869	-6.5702735307743
3.9001998901367	-6.6074195313973
3.9049000740051	-6.6433528796191
3.9096000194550	-6.6778506203506
3.9142999649048	-6.7104352635920
3.9189999103546	-6.7405129344998
3.9237000942230	-6.7675378380296
3.9284000396729	-6.7911774807142
3.9330999851227	-6.8114233575644
3.9377999305725	-6.8286085735275
3.9425001144409	-6.8433449681824
3.9472000598907	-6.8563718226814
3.9519000053406	-6.8683751412174
3.9565999507904	-6.8798272779773
3.9612998962402	-6.8908819126182
3.9660000801086	-6.9013709858577
3.9707000255585	-6.9108723822828
3.9753999710083	-6.9188778959397
3.9800999164581	-6.9249608956848
3.9848001003265	-6.9289425905558
3.9895000457764	-6.9309846276731
3.9941999912262	-6.9315835787429
3.9988999366760	-6.9314741230111
4.0036001205444	-6.9314715555072
4.0082998275757	-6.9322772315618
4.0130000114441	-6.9343312133756
4.0177001953125	-6.9377210745392
4.0223999023438	-6.9422004581478
4.0271000862122	-6.9472839609439
4.0317997932434	-6.9524116222361
4.0364999771118	-6.9571351925725
4.0412001609802	-6.9612721564150
4.0458998680115	-6.9649869547973
4.0506000518799	-6.9687733583479
4.0553002357483	-6.9733445143329
4.0599999427795	-6.9794663554641
4.0647001266479	-6.9877695031639
4.0693998336792	-6.9986025971649
4.0741000175476	-7.0119450412596
4.0788002014160	-7.0274439117690
4.0834999084473	-7.0445134525452
4.0882000923157	-7.0625039790956
4.0928997993469	-7.0808979236150
4.0975999832153	-7.0994610976806
4.1023001670837	-7.1183227443985
4.1069998741150	-7.1379535727668
4.1117000579834	-7.1590544601283
4.1163997650146	-7.1823689791407
4.1210999488831	-7.2085073944002
4.1258001327515	-7.2377749653530
4.1304998397827	-7.2701053259963
4.1352000236511	-7.3050755593268
4.1399002075195	-7.3420263092519
4.1445999145508	-7.3802393858245
4.1493000984192	-7.4191389651590
4.1539998054504	-7.4584606430857
4.1586999893188	-7.4983335973732
4.1634001731873	-7.5392632584355
4.1680998802185	-7.5820060962282
4.1728000640869	-7.6273805189266
4.1774997711182	-7.6760578265624
4.1821999549866	-7.7283914262159
4.1869001388550	-7.7843310773555
4.1915998458862	-7.8434351140792
4.1963000297546	-7.9050010598198
4.2010002136230	-7.9682657114122
4.2056999206543	-8.0326206371572
4.2104001045227	-8.0978109803184
4.2150998115540	-8.1640275521837
4.2197999954224	-8.2318924044693
4.2245001792908	-8.3023238871547
4.2291998863220	-8.3763117660491
4.2339000701904	-8.4546836684251
4.2385997772217	-8.5378831688990
4.2432999610901	-8.6258696438127
4.2480001449585	-8.7181090922551
4.2526998519897	-8.8137142210682
4.2574000358582	-8.9116613513833
4.2621002197266	-9.0110568600001
4.2667999267578	-9.1113671636094
4.2715001106262	-9.2125545309040
4.2761998176575	-9.3150788459920
4.2809000015259	-9.4197486773041
4.2856001853943	-9.5274724644417
4.2902998924255	-9.6389654489131
4.2950000762939	-9.7545056171518
4.2996997833252	-9.8737878431926
4.3043999671936	-9.9959449974904
4.3091001510620	-10.119713459470
4.3137998580933	-10.243740827749
4.3185000419617	-10.366924629499
4.3232002258301	-10.488725325291
4.3278999328613	-10.609335082621
4.3326001167297	-10.729647937243
4.3372998237610	-10.851046058227
4.3420000076294	-10.975037075416
4.3467001914978	-11.102850454285
4.3513998985291	-11.235101009759
4.3561000823975	-11.371604542522
4.3607997894287	-11.511413078177
4.3654999732971	-11.653047008744
4.3702001571655	-11.794911843515
4.3748998641968	-11.935754695753
4.3796000480652	-12.075061865680
4.3843002319336	-12.213261414697
4.3889999389648	-12.351660427869
4.3937001228333	-12.492120674037
4.3983998298645	-12.636567790139
4.4031000137329	-12.786452784390
4.4078001976013	-12.942329567995
4.4124999046326	-13.103650092387
4.4172000885010	-13.268857097478
4.4218997955322	-13.435751843584
4.4265999794006	-13.602087128104
4.4313001632690	-13.766203010472
4.4359998703003	-13.927551621514
4.4407000541687	-14.086902637126
4.4454002380371	-14.246183295921
4.4500999450684	-14.407934985024
4.4548001289368	-14.574586156618
4.4594998359680	-14.747700843760
4.4642000198364	-14.927435943767
4.4689002037048	-15.112358540818
4.4735999107361	-15.299679544456
4.4783000946045	-15.485911273197
4.4829998016357	-15.667775416665
4.4876999855042	-15.843149853318
4.4924001693726	-16.011700991483
4.4970998764038	-16.175009521218
4.5018000602722	-16.336068124530
4.5064997673035	-16.498305383958
4.5111999511719	-16.664422107505
4.5159001350403	-16.835374771036
4.5205998420715	-17.009780209824
4.5253000259399	-17.183978270233
4.5300002098083	-17.352740188171
4.5346999168396	-17.510576764305
4.5394001007080	-17.653220937097
4.5440998077393	-17.778900957637
4.5487999916077	-17.888809085872
4.5535001754761	-17.986598341543
4.5581998825073	-18.077036379220
4.5629000663757	-18.164257528560
4.5675997734070	-18.250193336228
4.5722999572754	-18.333670392371
4.5770001411438	-18.410403258557
4.5816998481750	-18.474054632408
4.5864000320435	-18.518015722121
4.5911002159119	-18.537525495509
4.5957999229431	-18.531264109829
4.6005001068115	-18.501909890059
4.6051998138428	-18.455253505386
4.6098999977112	-18.398340156687
4.6146001815796	-18.337299059806
4.6192998886108	-18.275586898398
4.6240000724792	-18.213148687936
4.6286997795105	-18.146648986881
4.6333999633789	-18.070719612031
4.6381001472473	-17.979859163891
4.6427998542786	-17.870469074602
4.6475000381470	-17.742241296137
4.6522002220154	-17.598493723295
4.6568999290466	-17.445252903257
4.6616001129150	-17.289554758683
4.6662998199463	-17.137497307366
4.6710000038147	-16.992770731596
4.6757001876831	-16.855903318720
4.6803998947144	-16.724427654720
4.6851000785828	-16.593830515820
4.6897997856140	-16.459064786144
4.6944999694824	-16.316195988895
4.6992001533508	-16.163712281526
4.7038998603821	-16.003073374301
4.7086000442505	-15.838295583672
4.7133002281189	-15.674804060390
4.7179999351501	-15.517911239239
4.7227001190186	-15.371435706269
4.7273998260498	-15.236805799426
4.7321000099182	-15.112828146153
4.7368001937866	-14.996140730998
4.7414999008179	-14.882214893810
4.7462000846863	-14.766686369642
4.7508997917175	-14.646636533123
4.7555999755859	-14.521479018655
4.7603001594543	-14.393131930692
4.7649998664856	-14.265452443379
4.7697000503540	-14.143148155395
4.7744002342224	-14.030453472674
4.7790999412537	-13.930057679645
4.7838001251221	-13.842442669662
4.7884998321533	-13.765794856036
4.7932000160217	-13.696540291757
4.7979001998901	-13.630294639701
4.8025999069214	-13.563097027684
4.8073000907898	-13.492515219072
4.8119997978210	-13.418380019023
4.8166999816895	-13.342803011572
4.8214001655579	-13.269572427858
4.8260998725891	-13.203028710591
4.8308000564575	-13.146778022808
4.8354997634888	-13.102646005810
4.8401999473572	-13.070015855224
4.8449001312256	-13.045783554286
4.8495998382568	-13.024884177858
4.8543000221252	-13.001361527387
4.8590002059937	-12.969720797823
4.8636999130249	-12.926254892287
4.8684000968933	-12.869907220927
4.8730998039246	-12.802400404576
4.8777999877930	-12.727594677541
4.8825001716614	-12.650268521008
4.8871998786926	-12.574784048538
4.8919000625610	-12.503991719822
4.8965997695923	-12.438659671717
4.9012999534607	-12.377555389385
4.9060001373291	-12.318071247434
4.9106998443604	-12.257249842919
4.9154000282288	-12.192890480862
4.9201002120972	-12.124423790017
4.9247999191284	-12.053252981588
4.9295001029968	-11.982469083125
4.9341998100281	-11.916020282629
4.9388999938965	-11.857630377102
4.9436001777649	-11.809748549317
4.9482998847961	-11.772834747850
4.9530000686646	-11.745169179864
4.9576997756958	-11.723192297036
4.9623999595642	-11.702357459217
4.9671001434326	-11.678286647045
4.9717998504639	-11.647953327412
4.9765000343323	-11.610505857621
4.9812002182007	-11.567466484094
4.9858999252319	-11.522209926727
4.9906001091003	-11.478877396234
4.9952998161316	-11.441067060695
5.0000000000000	-11.410648830259
#Parameters = {R_fat=48; R_glandular=38; R_skin_outer=50; T10=5; T15=7.5; T5=2.5; T_rad=4; T_x=10; T_y=0; T_z=75; Zc=65; skin_thickness=2; Mesh Pass=5}
#"Frequency / GHz"	"S1,1 (Mesh Pass=5) [Magnitude / dB]"
#-------------------------------------------------------
0.30000001192093	-23.134950163712
0.30469998717308	-24.087015716584
0.30939999222755	-24.290639239198
0.31409999728203	-23.706543624703
0.31880000233650	-22.810268556533
0.32350000739098	-22.059740685719
0.32820001244545	-21.700544988769
0.33289998769760	-21.867262573593
0.33759999275208	-22.690054360194
0.34229999780655	-24.368508896380
0.34700000286102	-27.123620549464
0.35170000791550	-29.491642702822
0.35640001296997	-26.386268261608
0.36109998822212	-21.791231603536
0.36579999327660	-18.191048949438
0.37049999833107	-15.420376520840
0.37520000338554	-13.243703071332
0.37990000844002	-11.525051463358
0.38460001349449	-10.189638495830
0.38929998874664	-9.1937518441771
0.39399999380112	-8.5067561072591
0.39869999885559	-8.1012657341458
0.40340000391006	-7.9495554776344
0.40810000896454	-8.0242621884381
0.41280001401901	-8.3011095577920
0.41749998927116	-8.7614328355691
0.42219999432564	-9.3931692780722
0.42689999938011	-10.189378938915
0.43160000443459	-11.142993425616
0.43630000948906	-12.234819878705
0.44100001454353	-13.409967198690
0.44569998979568	-14.542098037746
0.45039999485016	-15.416067767876
0.45509999990463	-15.814083412107
0.45980000495911	-15.703493300242
0.46450001001358	-15.276948084947
0.46919998526573	-14.776725582915
0.47389999032021	-14.364018372165
0.47859999537468	-14.113767570214
0.48330000042915	-14.049036159294
0.48800000548363	-14.165908331486
0.49270001053810	-14.443219009394
0.49739998579025	-14.841317176553
0.50209999084473	-15.294893538641
0.50679999589920	-15.708647195037
0.51150000095367	-15.971930152077
0.51620000600815	-16.003431077425
0.52090001106262	-15.799740025627
0.52560001611710	-15.435994000035
0.53030002117157	-15.017307915555
0.53500002622604	-14.632374891714
0.53969997167587	-14.336866717529
0.54439997673035	-14.156572188939
0.54909998178482	-14.094656672384
0.55379998683929	-14.136092237869
0.55849999189377	-14.248747507069
0.56319999694824	-14.383980647399
0.56790000200272	-14.481830461829
0.57260000705719	-14.485323237988
0.57730001211166	-14.361447375114
0.58200001716614	-14.115579737732
0.58670002222061	-13.787074799171
0.59140002727509	-13.429962586016
0.59609997272491	-13.093721304825
0.60079997777939	-12.813091551208
0.60549998283386	-12.605839410642
0.61019998788834	-12.473912798126
0.61489999294281	-12.405127198187
0.61959999799728	-12.374976718348
0.62430000305176	-12.349886771548
0.62900000810623	-12.293699224423
0.63370001316071	-12.177341356424
0.63840001821518	-11.988303876442
0.64310002326965	-11.734468156448
0.64780002832413	-11.439807325349
0.65249997377396	-11.135020656464
0.65719997882843	-10.848415152673
0.66189998388290	-10.600224160858
0.66659998893738	-10.400289296997
0.67129999399185	-10.247789870656
0.67599999904633	-10.132175275567
0.68070000410080	-10.035177194995
0.68540000915527	-9.9343941776314
0.69010001420975	-9.8085213024698
0.69480001926422	-9.6431245189479
0.69950002431870	-9.4347321674427
0.70420002937317	-9.1912808184346
0.70889997482300	-8.9287917847371
0.71359997987747	-8.6661674392221
0.71829998493195	-8.4202807593353
0.72299998998642	-8.2026604921448
0.72769999504089	-8.0178441803783
0.73240000009537	-7.8631022061960
0.73710000514984	-7.7292968822174
0.74180001020432	-7.6028808019674
0.74650001525879	-7.4689878310983
0.75120002031326	-7.3151436913535
0.75590002536774	-7.1345551302565
0.76059997081757	-6.9277821551052
0.76529997587204	-6.7021195130639
0.76999998092651	-6.4691347024513
0.77469998598099	-6.2413909319073
0.77939999103546	-6.0294712954682
0.78409999608994	-5.8398769171018
0.78880000114441	-5.6739807792906
0.79350000619888	-5.5280044078959
0.79820001125336	-5.3939689563626
0.80290001630783	-5.2615799696032
0.80760002136230	-5.1207438773406
0.81230002641678	-4.9641535129682
0.81699997186661	-4.7891864118998
0.82169997692108	-4.5984397273798
0.82639998197556	-4.3988093961010
0.83109998703003	-4.1994844915257
0.83579999208450	-4.0096239033841
0.84049999713898	-3.8362595208530
0.84520000219345	-3.6828757331494
0.84990000724792	-3.5487843178668
0.85460001230240	-3.4294128089034
0.85930001735687	-3.3174176178371
0.86400002241135	-3.2045186832691
0.86870002746582	-3.0836419248029
0.87339997291565	-2.9508284309069
0.87809997797012	-2.8063120519781
0.88279998302460	-2.6544225189937
0.88749998807907	-2.5024117265629
0.89219999313354	-2.3586058894264
0.89689999818802	-2.2303983581073
0.90160000324249	-2.1226044200605
0.90630000829697	-2.0364392195914
0.91100001335144	-1.9693295948770
0.91570001840591	-1.9156028355930
0.92040002346039	-1.8679682391533
0.92510002851486	-1.8195128460336
0.92979997396469	-1.7657224335299
0.93449997901917	-1.7059473336361
0.93919998407364	-1.6438634061873
0.94389998912811	-1.5867555344280
0.94859999418259	-1.5438776032320
0.95329999923706	-1.5243848225820
0.95800000429153	-1.5353630562089
0.96270000934601	-1.5804519678581
0.96740001440048	-1.6593183115273
0.97210001945496	-1.7681393620308
0.97680002450943	-1.9011031068715
0.98150002956390	-2.0527125400974
0.98619997501373	-2.2204710040897
0.99089998006821	-2.4073074774973
0.99559998512268	-2.6230943958652
1.0003000497818	-2.8848114488676
1.0049999952316	-3.2155187899836
1.0096999406815	-3.6427598644858
1.0144000053406	-4.1973477603434
1.0190999507904	-4.9134991465061
1.0238000154495	-5.8312456686047
1.0284999608994	-7.0021188782389
1.0332000255585	-8.4997542528270
1.0378999710083	-10.437770355495
1.0426000356674	-12.989990326453
1.0472999811172	-16.299340957754
1.0520000457764	-19.205566823270
1.0566999912262	-17.678818287335
1.0614000558853	-14.101957308038
1.0661000013351	-11.148410057686
1.0707999467850	-8.8969323592188
1.0755000114441	-7.1568615963656
1.0801999568939	-5.7926672933237
1.0849000215530	-4.7178436091989
1.0895999670029	-3.8740574477488
1.0943000316620	-3.2178900295080
1.0989999771118	-2.7135230015042
1.1037000417709	-2.3292063463141
1.1083999872208	-2.0361792204061
1.1131000518799	-1.8090986447759
1.1177999973297	-1.6271449302930
1.1224999427795	-1.4750567721315
1.1272000074387	-1.3435169524563
1.1318999528885	-1.2286107407102
1.1366000175476	-1.1304088534138
1.1412999629974	-1.0510709166277
1.1460000276566	-0.99294131367706
1.1506999731064	-0.95706607159329
1.1554000377655	-0.94239200576826
1.1600999832153	-0.94567861360785
1.1648000478745	-0.96204395293098
1.1694999933243	-0.98593526825613
1.1742000579834	-1.0122665586739
1.1789000034332	-1.0374007450922
1.1835999488831	-1.0597762678189
1.1883000135422	-1.0799597940339
1.1929999589920	-1.1001966035275
1.1977000236511	-1.1235390123921
1.2023999691010	-1.1528896899005
1.2071000337601	-1.1901623159090
1.2117999792099	-1.2357853463460
1.2165000438690	-1.2886156508424
1.2211999893188	-1.3462557414176
1.2259000539780	-1.4056714625442
1.2305999994278	-1.4639369696004
1.2352999448776	-1.5189415853572
1.2400000095367	-1.5698623171977
1.2446999549866	-1.6172938079629
1.2494000196457	-1.6629981620426
1.2540999650955	-1.7093750563193
1.2588000297546	-1.7587818390040
1.2634999752045	-1.8129345670321
1.2682000398636	-1.8724805933865
1.2728999853134	-1.9368862436013
1.2776000499725	-2.0046055620869
1.2822999954224	-2.0734960343153
1.2869999408722	-2.1413602287934
1.2917000055313	-2.2065036404816
1.2963999509811	-2.2681450631843
1.3011000156403	-2.3265809952923
1.3057999610901	-2.3830867147400
1.3105000257492	-2.4395423601319
1.3151999711990	-2.4979376938947
1.3199000358582	-2.5598804687448
1.3245999813080	-2.6262009745183
1.3293000459671	-2.6967963342462
1.3339999914169	-2.7706810848716
1.3387000560760	-2.8462672680723
1.3434000015259	-2.9217722045572
1.3480999469757	-2.9956696451764
1.3528000116348	-3.0670797426844
1.3574999570847	-3.1359796372866
1.3622000217438	-3.2031975049975
1.3668999671936	-3.2701984887776
1.3716000318527	-3.3387053006680
1.3762999773026	-3.4102838963479
1.3810000419617	-3.4859753998525
1.3856999874115	-3.5660761511195
1.3904000520706	-3.6501054501701
1.3950999975204	-3.7369491714050
1.3997999429703	-3.8251639872062
1.4045000076294	-3.9133415026567
1.4091999530792	-4.0004738233798
1.4139000177383	-4.0862147555268
1.4185999631882	-4.1709771610416
1.4233000278473	-4.2558367062155
1.4279999732971	-4.3422842880504
1.4327000379562	-4.4318738222403
1.4373999834061	-4.5258811255991
1.4421000480652	-4.6250305036592
1.4467999935150	-4.7293672598105
1.4515000581741	-4.8382816174567
1.4562000036240	-4.9506906091126
1.4608999490738	-5.0653292074884
1.4656000137329	-5.1810759844753
1.4702999591827	-5.2972616727179
1.4750000238419	-5.4138594134176
1.4796999692917	-5.5315293097903
1.4844000339508	-5.6514984554681
1.4890999794006	-5.7753018886287
1.4938000440598	-5.9044702951155
1.4984999895096	-6.0402090240309
1.5032000541687	-6.1831796771711
1.5078999996185	-6.3333857405427
1.5125999450684	-6.4902228194338
1.5173000097275	-6.6526489755126
1.5219999551773	-6.8194739475447
1.5267000198364	-6.9896809744617
1.5313999652863	-7.1627209764693
1.5361000299454	-7.3387100811824
1.5407999753952	-7.5184716022360
1.5455000400543	-7.7034205822186
1.5501999855042	-7.8953085708015
1.5549000501633	-8.0958894762807
1.5595999956131	-8.3065889401135
1.5642999410629	-8.5282437230446
1.5690000057220	-8.7609581925434
1.5736999511719	-9.0041225590438
1.5784000158310	-9.2565863275845
1.5830999612808	-9.5169594898179
1.5878000259399	-9.7839989355011
1.5924999713898	-10.056978768509
1.5972000360489	-10.335973981017
1.6018999814987	-10.621967571206
1.6066000461578	-10.916753741891
1.6112999916077	-11.222654177317
1.6160000562668	-11.542101480242
1.6207000017166	-11.877189451750
1.6253999471664	-12.229277082665
1.6301000118256	-12.598725863747
1.6347999572754	-12.984836144736
1.6395000219345	-13.386002682884
1.6441999673843	-13.800090445590
1.6489000320435	-14.224960134906
1.6535999774933	-14.659057415979
1.6583000421524	-15.101901810575
1.6629999876022	-15.554368892662
1.6677000522614	-16.018612766590
1.6723999977112	-16.497705732606
1.6770999431610	-16.994983076024
1.6818000078201	-17.513252336066
1.6864999532700	-18.054014213400
1.6912000179291	-18.616805529392
1.6958999633789	-19.198745680050
1.7006000280380	-19.794327180114
1.7052999734879	-20.395572821832
1.7100000381470	-20.992456091357
1.7146999835968	-21.573454145219
1.7194000482559	-22.126342599912
1.7240999937057	-22.638830646220
1.7288000583649	-23.099107019599
1.7335000038147	-23.496443968914
1.7381999492645	-23.821857919924
1.7429000139236	-24.068954064121
1.7475999593735	-24.234882640055
1.7523000240326	-24.320916070249
1.7569999694824	-24.332202397420
1.7617000341415	-24.276740989245
1.7663999795914	-24.163789980672
1.7711000442505	-24.002453692333
1.7757999897003	-23.800857154753
1.7805000543594	-23.566136555132
1.7851999998093	-23.305001262684
1.7898999452591	-23.024496812092
1.7946000099182	-22.732441964416
1.7992999553680	-22.437398986274
1.8040000200272	-22.148126945420
1.8086999654770	-21.872692479325
1.8134000301361	-21.617591274909
1.8180999755859	-21.386991439620
1.8228000402451	-21.182391545422
1.8274999856949	-21.002629716545
1.8322000503540	-20.844319005968
1.8368999958038	-20.702640623767
1.8415999412537	-20.572391191424
1.8463000059128	-20.449109719686
1.8509999513626	-20.330026021600
1.8557000160217	-20.214640493746
1.8603999614716	-20.104708374550
1.8651000261307	-20.003715030469
1.8697999715805	-19.915940908818
1.8745000362396	-19.845453129847
1.8791999816895	-19.795159772792
1.8839000463486	-19.766197138792
1.8885999917984	-19.757712750701
1.8933000564575	-19.767054161808
1.8980000019073	-19.790290732255
1.9026999473572	-19.823066911158
1.9074000120163	-19.861560834135
1.9120999574661	-19.903332899603
1.9168000221252	-19.947895620744
1.9214999675751	-19.996821696666
1.9262000322342	-20.053321130688
1.9308999776840	-20.121521115822
1.9356000423431	-20.205513476622
1.9402999877930	-20.308467211134
1.9450000524521	-20.432044248533
1.9496999979019	-20.576019508266
1.9543999433517	-20.738383751674
1.9591000080109	-20.915722300463
1.9637999534607	-21.103904216453
1.9685000181198	-21.298945375610
1.9731999635696	-21.497847793643
1.9779000282288	-21.699202998107
1.9825999736786	-21.903413212412
1.9873000383377	-22.112434993816
1.9919999837875	-22.329096680915
1.9967000484467	-22.556186852919
2.0013999938965	-22.795454553401
2.0060999393463	-23.046788911578
2.0107998847961	-23.307617147257
2.0155000686646	-23.572629075888
2.0202000141144	-23.833849547713
2.0248999595642	-24.081086993492
2.0295999050140	-24.302697234703
2.0343000888824	-24.486649653687
2.0390000343323	-24.621755756027
2.0436999797821	-24.698845519268
2.0483999252319	-24.711770334995
2.0531001091003	-24.658018841401
2.0578000545502	-24.538825056440
2.0625000000000	-24.358745435266
2.0671999454498	-24.124848093204
2.0718998908997	-23.845574611371
2.0766000747681	-23.529586151781
2.0813000202179	-23.184789023316
2.0859999656677	-22.817717036291
2.0906999111176	-22.433334229430
2.0954000949860	-22.035293856556
2.1001000404358	-21.626394301771
2.1047999858856	-21.209248415294
2.1094999313354	-20.786755291136
2.1142001152039	-20.362412201263
2.1189000606537	-19.940330003108
2.1236000061035	-19.524906556840
2.1282999515533	-19.120418305512
2.1329998970032	-18.730464774119
2.1377000808716	-18.357584132185
2.1424000263214	-18.002992206026
2.1470999717712	-17.666538969676
2.1517999172211	-17.346876050702
2.1565001010895	-17.041853211774
2.1612000465393	-16.748982035252
2.1658999919891	-16.465981824898
2.1705999374390	-16.191233180345
2.1752998828888	-15.924078694315
2.1800000667572	-15.664871781715
2.1847000122070	-15.414796342875
2.1893999576569	-15.175525705850
2.1940999031067	-14.948747668334
2.1988000869751	-14.735759489791
2.2035000324249	-14.537123272212
2.2081999778748	-14.352526280327
2.2128999233246	-14.180810541150
2.2176001071930	-14.020202244640
2.2223000526428	-13.868652677506
2.2269999980927	-13.724263552163
2.2316999435425	-13.585650427658
2.2363998889923	-13.452199622817
2.2411000728607	-13.324124772190
2.2458000183105	-13.202356318031
2.2504999637604	-13.088231851985
2.2551999092102	-12.983133837708
2.2599000930786	-12.888109976928
2.2646000385284	-12.803610477021
2.2692999839783	-12.729334671887
2.2739999294281	-12.664284778372
2.2787001132965	-12.606967374032
2.2834000587463	-12.555698492811
2.2881000041962	-12.508987516987
2.2927999496460	-12.465833741841
2.2974998950958	-12.425935762634
2.3022000789642	-12.389727754116
2.3069000244141	-12.358233081177
2.3115999698639	-12.332774779085
2.3162999153137	-12.314641607123
2.3210000991821	-12.304743680705
2.3257000446320	-12.303400639368
2.3303999900818	-12.310246983148
2.3350999355316	-12.324301800684
2.3397998809814	-12.344195929956
2.3445000648499	-12.368493803670
2.3492000102997	-12.396020190795
2.3538999557495	-12.426145864312
2.3585999011993	-12.458938354675
2.3633000850677	-12.495138369087
2.3680000305176	-12.535977916428
2.3726999759674	-12.582881426177
2.3773999214172	-12.637123065959
2.3821001052856	-12.699538667530
2.3868000507355	-12.770329595097
2.3914999961853	-12.849026183075
2.3961999416351	-12.934616709469
2.4008998870850	-13.025806842606
2.4056000709534	-13.121345312913
2.4103000164032	-13.220368838518
2.4149999618530	-13.322637316764
2.4196999073029	-13.428648461666
2.4244000911713	-13.539552395838
2.4291000366211	-13.656929778328
2.4337999820709	-13.782450822769
2.4384999275208	-13.917529050708
2.4432001113892	-14.063027796096
2.4479000568390	-14.219126202444
2.4526000022888	-14.385301187569
2.4572999477386	-14.560547369284
2.4619998931885	-14.743659914307
2.4667000770569	-14.933634073995
2.4714000225067	-15.130005336760
2.4760999679565	-15.333130580335
2.4807999134064	-15.544221098443
2.4855000972748	-15.765246668316
2.4902000427246	-15.998619245348
2.4948999881744	-16.246807509729
2.4995999336243	-16.511941394414
2.5043001174927	-16.795495147026
2.5090000629425	-17.098161143041
2.5137000083923	-17.419906361909
2.5183999538422	-17.760228703018
2.5230998992920	-18.118613688838
2.5278000831604	-18.495040147885
2.5325000286102	-18.890521408000
2.5371999740601	-19.307450458613
2.5418999195099	-19.749817518577
2.5466001033783	-20.223108534660
2.5513000488281	-20.734020429389
2.5559999942780	-21.290114187699
2.5606999397278	-21.899474507177
2.5653998851776	-22.570539488247
2.5701000690460	-23.312328194834
2.5748000144958	-24.135097687193
2.5794999599457	-25.051658842598
2.5841999053955	-26.079708312052
2.5889000892639	-27.245536088514
2.5936000347137	-28.590162086509
2.5982999801636	-30.180169659224
2.6029999256134	-32.129093155852
2.6077001094818	-34.645394206427
2.6124000549316	-38.152799178732
2.6171000003815	-43.454337590980
2.6217999458313	-46.333344191159
2.6264998912811	-40.413224980587
2.6312000751495	-36.010472172198
2.6359000205994	-32.983793596885
2.6405999660492	-30.718554128818
2.6452999114990	-28.921189922768
2.6500000953674	-27.436732684544
2.6547000408173	-26.173510160826
2.6593999862671	-25.072556529080
2.6640999317169	-24.093865131170
2.6688001155853	-23.209731550482
2.6735000610352	-22.401015102841
2.6782000064850	-21.654799104698
2.6828999519348	-20.962653100435
2.6875998973846	-20.319072606549
2.6923000812531	-19.720285379720
2.6970000267029	-19.163207114317
2.7016999721527	-18.644754875834
2.7063999176025	-18.161453116014
2.7111001014709	-17.709343980804
2.7158000469208	-17.284132987183
2.7204999923706	-16.881535018369
2.7251999378204	-16.497667341751
2.7298998832703	-16.129433816563
2.7346000671387	-15.774763482404
2.7393000125885	-15.432638119369
2.7439999580383	-15.102954256892
2.7486999034882	-14.786182996562
2.7534000873566	-14.482949447409
2.7581000328064	-14.193680259207
2.7627999782562	-13.918271796145
2.7674999237061	-13.655991993766
2.7722001075745	-13.405490754083
2.7769000530243	-13.165023302134
2.7815999984741	-12.932717622856
2.7862999439240	-12.706907851782
2.7909998893738	-12.486423583566
2.7957000732422	-12.270727192911
2.8004000186920	-12.059925217763
2.8050999641418	-11.854612919518
2.8097999095917	-11.655630215580
2.8145000934601	-11.463747290051
2.8192000389099	-11.279416024729
2.8238999843597	-11.102594882830
2.8285999298096	-10.932715949885
2.8333001136780	-10.768773808884
2.8380000591278	-10.609541933634
2.8427000045776	-10.453819189624
2.8473999500275	-10.300678464046
2.8520998954773	-10.149653865984
2.8568000793457	-10.000792135083
2.8615000247955	-9.8545896509009
2.8661999702454	-9.7118100220780
2.8708999156952	-9.5732524260185
2.8756000995636	-9.4395105982343
2.8803000450134	-9.3108136020745
2.8849999904633	-9.1869279426440
2.8896999359131	-9.0672132778950
2.8943998813629	-8.9507688691359
2.8991000652313	-8.8366323217057
2.9038000106812	-8.7240061565441
2.9084999561310	-8.6124440162923
2.9131999015808	-8.5019155330777
2.9179000854492	-8.3928138839121
2.9226000308990	-8.2857975084070
2.9272999763489	-8.1816352869557
2.9319999217987	-8.0809559527593
2.9367001056671	-7.9841025001166
2.9414000511169	-7.8910330777921
2.9460999965668	-7.8013169840879
2.9507999420166	-7.7142460900373
2.9554998874664	-7.6290116097648
2.9602000713348	-7.5448910451031
2.9649000167847	-7.4614298838243
2.9695999622345	-7.3785378899852
2.9742999076843	-7.2965055939298
2.9790000915527	-7.2159068924043
2.9837000370026	-7.1374334978615
2.9883999824524	-7.0617245188398
2.9930999279022	-6.9891783994897
2.9978001117706	-6.9198557125147
3.0025000572205	-6.8534615546029
3.0072000026703	-6.7894203584899
3.0118999481201	-6.7270151873872
3.0165998935699	-6.6655715297222
3.0213000774384	-6.6046213978506
3.0260000228882	-6.5440170468074
3.0306999683380	-6.4839520461743
3.0353999137878	-6.4249170066496
3.0401000976562	-6.3675450992441
3.0448000431061	-6.3124445661653
3.0494999885559	-6.2600489421278
3.0541999340057	-6.2104867764086
3.0589001178741	-6.1635537348588
3.0636000633240	-6.1187649602525
3.0683000087738	-6.0754732762642
3.0729999542236	-6.0330335997526
3.0776998996735	-5.9909619585977
3.0824000835419	-5.9490588657874
3.0871000289917	-5.9074515751536
3.0917999744415	-5.8665430349312
3.0964999198914	-5.8269192357974
3.1012001037598	-5.7891671611188
3.1059000492096	-5.7537325800632
3.1105999946594	-5.7207989081215
3.1152999401093	-5.6902294820763
3.1199998855591	-5.6616135305725
3.1247000694275	-5.6343544814057
3.1294000148773	-5.6078298640808
3.1340999603271	-5.5815436479055
3.1387999057770	-5.5552477722432
3.1435000896454	-5.5290117195295
3.1482000350952	-5.5031806049111
3.1528999805450	-5.4782906783236
3.1575999259949	-5.4549102299900
3.1623001098633	-5.4335042822842
3.1670000553131	-5.4142948849043
3.1717000007629	-5.3971992007362
3.1763999462128	-5.3818647375570
3.1810998916626	-5.3677336698149
3.1858000755310	-5.3541980614281
3.1905000209808	-5.3407492351091
3.1951999664307	-5.3271010515967
3.1998999118805	-5.3132650803617
3.2046000957489	-5.2995356249686
3.2093000411987	-5.2864065788155
3.2139999866486	-5.2744337263273
3.2186999320984	-5.2640871904127
3.2234001159668	-5.2556178718926
3.2281000614166	-5.2489893746600
3.2328000068665	-5.2438768623101
3.2374999523163	-5.2397461274945
3.2421998977661	-5.2359893681903
3.2469000816345	-5.2320687423461
3.2516000270844	-5.2276518466236
3.2562999725342	-5.2226939910129
3.2609999179840	-5.2174349992740
3.2657001018524	-5.2123215289277
3.2704000473022	-5.2078858682212
3.2750999927521	-5.2045882458451
3.2797999382019	-5.2026878149081
3.2844998836517	-5.2021533687857
3.2892000675201	-5.2026636586081
3.2939000129700	-5.2036758972303
3.2985999584198	-5.2045413697081
3.3032999038696	-5.2046687536248
3.3080000877380	-5.2036583505579
3.3127000331879	-5.2013873126919
3.3173999786377	-5.1980160625515
3.3220999240875	-5.1939322643806
3.3268001079559	-5.1896184558602
3.3315000534058	-5.1854922316337
3.3361999988556	-5.1817783393215
3.3408999443054	-5.1784176682437
3.3455998897552	-5.1750413256339
3.3503000736237	-5.1710563559808
3.3550000190735	-5.1657500875181
3.3596999645233	-5.1584590358001
3.3643999099731	-5.1487055421043
3.3691000938416	-5.1362917613213
3.3738000392914	-5.1213242774177
3.3784999847412	-5.1041346804698
3.3831999301910	-5.0851789881728
3.3879001140594	-5.0648548575992
3.3926000595093	-5.0433815826164
3.3973000049591	-5.0207087197348
3.4019999504089	-4.9964977111031
3.4066998958588	-4.9701898749933
3.4114000797272	-4.9411395030338
3.4161000251770	-4.9087728764041
3.4207999706268	-4.8727309433922
3.4254999160767	-4.8329619299151
3.4302000999451	-4.7897345381971
3.4349000453949	-4.7435766687413
3.4395999908447	-4.6951476876937
3.4442999362946	-4.6450815007515
3.4489998817444	-4.5938523498221
3.4537000656128	-4.5416922422968
3.4584000110626	-4.4885806694818
3.4630999565125	-4.4343052364603
3.4677999019623	-4.3785908742770
3.4725000858307	-4.3212324554141
3.4772000312805	-4.2622273846887
3.4818999767303	-4.2018543915720
3.4865999221802	-4.1406650114093
3.4913001060486	-4.0794272167166
3.4960000514984	-4.0189891741741
3.5006999969482	-3.9601482456547
3.5053999423981	-3.9035156311058
3.5100998878479	-3.8494379485330
3.5148000717163	-3.7979934324969
3.5195000171661	-3.7490371811865
3.5241999626160	-3.7023070047969
3.5288999080658	-3.6575573892760
3.5336000919342	-3.6146627763450
3.5383000373840	-3.5737054413488
3.5429999828339	-3.5349799048344
3.5476999282837	-3.4989498870199
3.5524001121521	-3.4661532151139
3.5571000576019	-3.4370790618367
3.5618000030518	-3.4120585681064
3.5664999485016	-3.3911870734348
3.5711998939514	-3.3743155236673
3.5759000778198	-3.3610732845742
3.5806000232697	-3.3509706507521
3.5852999687195	-3.3435115842140
3.5899999141693	-3.3383079896897
3.5947000980377	-3.3351569144629
3.5994000434875	-3.3340854388916
3.6040999889374	-3.3353126392682
3.6087999343872	-3.3391824719453
3.6135001182556	-3.3460504535437
3.6182000637054	-3.3561687909184
3.6229000091553	-3.3696076890924
3.6275999546051	-3.3862117169464
3.6322999000549	-3.4056224687394
3.6370000839233	-3.4273427285919
3.6417000293732	-3.4508496934224
3.6463999748230	-3.4756999632452
3.6510999202728	-3.5016349630426
3.6558001041412	-3.5286224126683
3.6605000495911	-3.5568504133653
3.6651999950409	-3.5866662462158
3.6698999404907	-3.6184693093384
3.6745998859406	-3.6525987859038
3.6793000698090	-3.6892283038955
3.6840000152588	-3.7283111948643
3.6886999607086	-3.7695779945368
3.6933999061584	-3.8125902662044
3.6981000900269	-3.8568469143865
3.7028000354767	-3.9018927591606
3.7074999809265	-3.9474362564738
3.7121999263763	-3.9934128851779
3.7169001102448	-4.0400045988434
3.7216000556946	-4.0875723853675
3.7263000011444	-4.1365749787999
3.7309999465942	-4.1874315282963
3.7356998920441	-4.2404108732161
3.7404000759125	-4.2955502212933
3.7451000213623	-4.3526343302614
3.7497999668121	-4.4112437340462
3.7544999122620	-4.4708452598636
3.7592000961304	-4.5309240255512
3.7639000415802	-4.5911081004752
3.7685999870300	-4.6512603724585
3.7732999324799	-4.7115099409835
3.7780001163483	-4.7722123097635
3.7827000617981	-4.8338481094097
3.7874000072479	-4.8968898237137
3.7920999526978	-4.9616608774110
3.7967998981476	-5.0282372741176
3.8015000820160	-5.0964023278259
3.8062000274658	-5.1656835973678
3.8108999729156	-5.2354453962501
3.8155999183655	-5.3050367532889
3.8203001022339	-5.3739381390114
3.8250000476837	-5.4418859486779
3.8296999931335	-5.5089157190955
3.8343999385834	-5.5753396796235
3.8390998840332	-5.6416443127335
3.8438000679016	-5.7083277641206
3.8485000133514	-5.7757435806991
3.8531999588013	-5.8439672726875
3.8578999042511	-5.9127339038280
3.8626000881195	-5.9814682498599
3.8673000335693	-6.0493887033167
3.8719999790192	-6.1156795379333
3.8766999244690	-6.1796676416067
3.8814001083374	-6.2409753223184
3.8861000537872	-6.2995919661074
3.8907999992371	-6.3558499431537
3.8954999446869	-6.4103048034884
3.9001998901367	-6.4635523989530
3.9049000740051	-6.5160378627402
3.9096000194550	-6.5678951713960
3.9142999649048	-6.6188763864498
3.9189999103546	-6.6683851522457
3.9237000942230	-6.7156034107810
3.9284000396729	-6.7596900895244
3.9330999851227	-6.7999978277428
3.9377999305725	-6.8362401258124
3.9425001144409	-6.8685699492800
3.9472000598907	-6.8975412911987
3.9519000053406	-6.9239668070749
3.9565999507904	-6.9486937021545
3.9612998962402	-6.9723908370773
3.9660000801086	-6.9953708588790
3.9707000255585	-7.0175279058177
3.9753999710083	-7.0383712259584
3.9800999164581	-7.0571870810171
3.9848001003265	-7.0732573183604
3.9895000457764	-7.0860821936434
3.9941999912262	-7.0955670210182
3.9988999366760	-7.1020716662663
4.0036001205444	-7.1063740104507
4.0082998275757	-7.1094802950049
4.0130000114441	-7.1124071310476
4.0177001953125	-7.1159456094001
4.0223999023438	-7.1204848095029
4.0271000862122	-7.1259552114550
4.0317997932434	-7.1318810794817
4.0364999771118	-7.1375475892802
4.0412001609802	-7.1422280010304
4.0458998680115	-7.1454202122117
4.0506000518799	-7.1470172608023
4.0553002357483	-7.1473804397055
4.0599999427795	-7.1472763098007
4.0647001266479	-7.1476961757691
4.0693998336792	-7.1496403620550
4.0741000175476	-7.1538647569188
4.0788002014160	-7.1607175315244
4.0834999084473	-7.1700675893729
4.0882000923157	-7.1813614938381
4.0928997993469	-7.1937844289833
4.0975999832153	-7.2064923969381
4.1023001670837	-7.2188555530287
4.1069998741150	-7.2306414885833
4.1117000579834	-7.2421011132946
4.1163997650146	-7.2539125015319
4.1210999488831	-7.2670223161875
4.1258001327515	-7.2824043506144
4.1304998397827	-7.3008128316973
4.1352000236511	-7.3225961613963
4.1399002075195	-7.3476068090178
4.1445999145508	-7.3752375540539
4.1493000984192	-7.4045826792068
4.1539998054504	-7.4346690706365
4.1586999893188	-7.4647156908863
4.1634001731873	-7.4943454863492
4.1680998802185	-7.5236924063953
4.1728000640869	-7.5533725567137
4.1774997711182	-7.5843257739806
4.1821999549866	-7.6175736218652
4.1869001388550	-7.6539414762998
4.1915998458862	-7.6938481633432
4.1963000297546	-7.7371762768691
4.2010002136230	-7.7832947429008
4.2056999206543	-7.8312052879500
4.2104001045227	-7.8797866429565
4.2150998115540	-7.9280809749042
4.2197999954224	-7.9755498263461
4.2245001792908	-8.0222107889531
4.2291998863220	-8.0686441106952
4.2339000701904	-8.1158377100777
4.2385997772217	-8.1649231098138
4.2432999610901	-8.2168755748352
4.2480001449585	-8.2722422107571
4.2526998519897	-8.3309895895627
4.2574000358582	-8.3924903272218
4.2621002197266	-8.4556673387522
4.2667999267578	-8.5192613183474
4.2715001106262	-8.5821647348072
4.2761998176575	-8.6437202651888
4.2809000015259	-8.7039224581972
4.2856001853943	-8.7634472276519
4.2902998924255	-8.8235069408951
4.2950000762939	-8.8855600000864
4.2996997833252	-8.9509631647927
4.3043999671936	-9.0206504723825
4.3091001510620	-9.0949291360283
4.3137998580933	-9.1734240818624
4.3185000419617	-9.2552200601893
4.3232002258301	-9.3391377686247
4.3278999328613	-9.4241016312427
4.3326001167297	-9.5094971580301
4.3372998237610	-9.5954126133181
4.3420000076294	-9.6827030255671
4.3467001914978	-9.7728419507480
4.3513998985291	-9.8676076933759
4.3561000823975	-9.9686624114814
4.3607997894287	-10.077158763026
4.3654999732971	-10.193440954331
4.3702001571655	-10.316937554327
4.3748998641968	-10.446267334423
4.3796000480652	-10.579546027798
4.3843002319336	-10.714836230319
4.3889999389648	-10.850631141816
4.3937001228333	-10.986257115958
4.3983998298645	-11.122044087978
4.4031000137329	-11.259247622706
4.4078001976013	-11.399694419560
4.4124999046326	-11.545259287040
4.4172000885010	-11.697314558690
4.4218997955322	-11.856283126037
4.4265999794006	-12.021416812732
4.4313001632690	-12.190878795508
4.4359998703003	-12.362120612274
4.4407000541687	-12.532492451925
4.4454002380371	-12.699939464928
4.4500999450684	-12.863593543722
4.4548001289368	-13.024065559292
4.4594998359680	-13.183322020544
4.4642000198364	-13.344172582998
4.4689002037048	-13.509489676859
4.4735999107361	-13.681381719428
4.4783000946045	-13.860536014721
4.4829998016357	-14.045900251018
4.4876999855042	-14.234812527984
4.4924001693726	-14.423573187564
4.4970998764038	-14.608379101884
4.5018000602722	-14.786379212756
4.5064997673035	-14.956533410419
4.5111999511719	-15.119996374054
4.5159001350403	-15.279815323666
4.5205998420715	-15.440061816475
4.5253000259399	-15.604596146778
4.5300002098083	-15.775851076822
4.5346999168396	-15.953941084097
4.5394001007080	-16.136348103471
4.5440998077393	-16.318303807216
4.5487999916077	-16.493855378812
4.5535001754761	-16.657423806587
4.5581998825073	-16.805400570692
4.5629000663757	-16.937266887696
4.5675997734070	-17.055752765170
4.5722999572754	-17.165943697324
4.5770001411438	-17.273570558413
4.5816998481750	-17.383112328517
4.5864000320435	-17.496203916332
4.5911002159119	-17.610821766023
4.5957999229431	-17.721489982697
4.6005001068115	-17.820517759096
4.6051998138428	-17.900112214544
4.6098999977112	-17.954739880511
4.6146001815796	-17.982958313333
4.6192998886108	-17.987938205617
4.6240000724792	-17.976429719008
4.6286997795105	-17.956541102316
4.6333999633789	-17.935219203411
4.6381001472473	-17.916188895688
4.6427998542786	-17.898927675524
4.6475000381470	-17.878862723127
4.6522002220154	-17.848762485638
4.6568999290466	-17.801030359888
4.6616001129150	-17.730256953219
4.6662998199463	-17.635169461171
4.6710000038147	-17.519228272851
4.6757001876831	-17.389651007793
4.6803998947144	-17.255221566196
4.6851000785828	-17.123861736633
4.6897997856140	-17.000559674084
4.6944999694824	-16.886347909231
4.6992001533508	-16.778288214315
4.7038998603821	-16.670552231494
4.7086000442505	-16.556254562822
4.7133002281189	-16.429634545289
4.7179999351501	-16.287919041195
4.7227001190186	-16.132278227136
4.7273998260498	-15.967520277339
4.7321000099182	-15.800649146486
4.7368001937866	-15.638892822649
4.7414999008179	-15.487816229647
4.7462000846863	-15.350008244482
4.7508997917175	-15.224609327023
4.7555999755859	-15.107713136924
4.7603001594543	-14.993506128215
4.7649998664856	-14.875914872183
4.7697000503540	-14.750374061255
4.7744002342224	-14.615160863756
4.7790999412537	-14.471909338976
4.7838001251221	-14.325099882680
4.7884998321533	-14.180754347721
4.7932000160217	-14.044769790929
4.7979001998901	-13.921379560770
4.8025999069214	-13.812165280867
4.8073000907898	-13.715734338019
4.8119997978210	-13.628144193199
4.8166999816895	-13.543946872181
4.8214001655579	-13.457651136243
4.8260998725891	-13.365208960903
4.8308000564575	-13.265187406703
4.8354997634888	-13.159152490178
4.8401999473572	-13.051197184297
4.8449001312256	-12.946757439475
4.8495998382568	-12.851109004195
4.8543000221252	-12.767999221674
4.8590002059937	-12.698688632941
4.8636999130249	-12.641690550364
4.8684000968933	-12.593097713696
4.8730998039246	-12.547583554043
4.8777999877930	-12.499757318467
4.8825001716614	-12.445627191454
4.8871998786926	-12.383709499915
4.8919000625610	-12.315450851519
4.8965997695923	-12.244804642847
4.9012999534607	-12.177097163657
4.9060001373291	-12.117543058876
4.9106998443604	-12.069869166949
4.9154000282288	-12.035342395289
4.9201002120972	-12.012437210633
4.9247999191284	-11.997174397660
4.9295001029968	-11.984085565605
4.9341998100281	-11.967604113538
4.9388999938965	-11.943585158584
4.9436001777649	-11.910499216737
4.9482998847961	-11.869859455289
4.9530000686646	-11.825829882350
4.9576997756958	-11.783990347565
4.9623999595642	-11.749770933913
4.9671001434326	-11.726946801475
4.9717998504639	-11.716581243847
4.9765000343323	-11.716625691085
4.9812002182007	-11.722277999119
4.9858999252319	-11.727021398155
4.9906001091003	-11.724178072390
4.9952998161316	-11.708619385313
5.0000000000000	-11.678111147251
#Parameters = {R_fat=48; R_glandular=38; R_skin_outer=50; T10=5; T15=7.5; T5=2.5; T_rad=4; T_x=10; T_y=0; T_z=75; Zc=65; skin_thickness=2; Mesh Pass=6}
#"Frequency / GHz"	"S1,1 (Mesh Pass=6) [Magnitude / dB]"
#-------------------------------------------------------
0.30000001192093	-24.594652648083
0.30469998717308	-24.298657716139
0.30939999222755	-24.401633036131
0.31409999728203	-24.950166722592
0.31880000233650	-25.999149656912
0.32350000739098	-27.506077955415
0.32820001244545	-28.844095563315
0.33289998769760	-28.272688781700
0.33759999275208	-25.639299658017
0.34229999780655	-22.685337379546
0.34700000286102	-20.110902335928
0.35170000791550	-17.958140330338
0.35640001296997	-16.150076839091
0.36109998822212	-14.613049881634
0.36579999327660	-13.294077618072
0.37049999833107	-12.159871562454
0.37520000338554	-11.193401046160
0.37990000844002	-10.390018444076
0.38460001349449	-9.7528294152242
0.38929998874664	-9.2871172910488
0.39399999380112	-8.9946610261909
0.39869999885559	-8.8699356876093
0.40340000391006	-8.8998033016414
0.40810000896454	-9.0667270598023
0.41280001401901	-9.3536691676386
0.41749998927116	-9.7485825939250
0.42219999432564	-10.247160452993
0.42689999938011	-10.853653284448
0.43160000443459	-11.579713702611
0.43630000948906	-12.440684386741
0.44100001454353	-13.446835198462
0.44569998979568	-14.583764017330
0.45039999485016	-15.772767344667
0.45509999990463	-16.815318141991
0.45980000495911	-17.402679766054
0.46450001001358	-17.333708782474
0.46919998526573	-16.745302706219
0.47389999032021	-15.959246071543
0.47859999537468	-15.221246984665
0.48330000042915	-14.648956243290
0.48800000548363	-14.281960250556
0.49270001053810	-14.123795763071
0.49739998579025	-14.160035607982
0.50209999084473	-14.360396719411
0.50679999589920	-14.671714168330
0.51150000095367	-15.008738099743
0.51620000600815	-15.256727693380
0.52090001106262	-15.304808540847
0.52560001611710	-15.104609557604
0.53030002117157	-14.700771717127
0.53500002622604	-14.196623889002
0.53969997167587	-13.695992508332
0.54439997673035	-13.271586929172
0.54909998178482	-12.962168976845
0.55379998683929	-12.779880001304
0.55849999189377	-12.716243042616
0.56319999694824	-12.744401138097
0.56790000200272	-12.819806632195
0.57260000705719	-12.884148208771
0.57730001211166	-12.877557037029
0.58200001716614	-12.758697585906
0.58670002222061	-12.521907251510
0.59140002727509	-12.197671529442
0.59609997272491	-11.836219629292
0.60079997777939	-11.487660188700
0.60549998283386	-11.189592710787
0.61019998788834	-10.963078147249
0.61489999294281	-10.812925554098
0.61959999799728	-10.729144577127
0.62430000305176	-10.688813822129
0.62900000810623	-10.659475623621
0.63370001316071	-10.605662821202
0.63840001821518	-10.498408059637
0.64310002326965	-10.324511727640
0.64780002832413	-10.090402998512
0.65249997377396	-9.8182826509791
0.65719997882843	-9.5372565020371
0.66189998388290	-9.2745448869879
0.66659998893738	-9.0497263635356
0.67129999399185	-8.8721869576198
0.67599999904633	-8.7406924431092
0.68070000410080	-8.6442970328488
0.68540000915527	-8.5645807745219
0.69010001420975	-8.4795713434298
0.69480001926422	-8.3691647311544
0.69950002431870	-8.2206928293433
0.70420002937317	-8.0324503123848
0.70889997482300	-7.8134681384606
0.71359997987747	-7.5798972068365
0.71829998493195	-7.3498668879956
0.72299998998642	-7.1388857673756
0.72769999504089	-6.9567966783861
0.73240000009537	-6.8063569617500
0.73710000514984	-6.6831862012016
0.74180001020432	-6.5769477120022
0.74650001525879	-6.4737374566781
0.75120002031326	-6.3594657239812
0.75590002536774	-6.2235309414177
0.76059997081757	-6.0616193582615
0.76529997587204	-5.8766095359260
0.76999998092651	-5.6772540632204
0.77469998598099	-5.4753706931668
0.77939999103546	-5.2826260395997
0.78409999608994	-5.1078441755814
0.78880000114441	-4.9552965873183
0.79350000619888	-4.8240850320976
0.79820001125336	-4.7085716829222
0.80290001630783	-4.5997978613418
0.80760002136230	-4.4877268687985
0.81230002641678	-4.3638209816557
0.81699997186661	-4.2232809492167
0.82169997692108	-4.0662174173544
0.82639998197556	-3.8973933149152
0.83109998703003	-3.7246869270282
0.83579999208450	-3.5568992868875
0.84049999713898	-3.4015901483847
0.84520000219345	-3.2633778182713
0.84990000724792	-3.1430731448002
0.85460001230240	-3.0376534923410
0.85930001735687	-2.9411181975794
0.86400002241135	-2.8460726626388
0.86870002746582	-2.7456864898233
0.87339997291565	-2.6355533706661
0.87809997797012	-2.5148744885087
0.88279998302460	-2.3866326735305
0.88749998807907	-2.2567081557769
0.89219999313354	-2.1322850573783
0.89689999818802	-2.0200368253397
0.90160000324249	-1.9245541907635
0.90630000829697	-1.8473596202217
0.91100001335144	-1.7867158595265
0.91570001840591	-1.7382042629732
0.92040002346039	-1.6960510320367
0.92510002851486	-1.6548301605895
0.92979997396469	-1.6111722392239
0.93449997901917	-1.5649465422459
0.93919998407364	-1.5195649288641
0.94389998912811	-1.4813046829425
0.94859999418259	-1.4578955559860
0.95329999923706	-1.4567833097618
0.95800000429153	-1.4835765646930
0.96270000934601	-1.5410517699542
0.96740001440048	-1.6289794918384
0.97210001945496	-1.7448827340517
0.97680002450943	-1.8855997761604
0.98150002956390	-2.0494078517957
0.98619997501373	-2.2382367144657
0.99089998006821	-2.4593805650357
0.99559998512268	-2.7263052026223
1.0003000497818	-3.0584164848688
1.0049999952316	-3.4800979201079
1.0096999406815	-4.0197853450556
1.0144000053406	-4.7099039922351
1.0190999507904	-5.5886109340028
1.0238000154495	-6.7044143885868
1.0284999608994	-8.1251842448023
1.0332000255585	-9.9539329477292
1.0378999710083	-12.350485580573
1.0426000356674	-15.497381881505
1.0472999811172	-18.817065561070
1.0520000457764	-18.459083004831
1.0566999912262	-14.951613417585
1.0614000558853	-11.822926625308
1.0661000013351	-9.4352567541885
1.0707999467850	-7.5997920582560
1.0755000114441	-6.1662134215593
1.0801999568939	-5.0382802204115
1.0849000215530	-4.1520186628717
1.0895999670029	-3.4607518805758
1.0943000316620	-2.9266630923456
1.0989999771118	-2.5165962697777
1.1037000417709	-2.2006271793197
1.1083999872208	-1.9523697948071
1.1131000518799	-1.7501586903258
1.1177999973297	-1.5782312328328
1.1224999427795	-1.4272476958479
1.1272000074387	-1.2937695817622
1.1318999528885	-1.1787323156070
1.1366000175476	-1.0853067195142
1.1412999629974	-1.0167484404983
1.1460000276566	-0.97466297650848
1.1506999731064	-0.95805251253643
1.1554000377655	-0.96316108334416
1.1600999832153	-0.98409816786770
1.1648000478745	-1.0139756324087
1.1694999933243	-1.0463176442164
1.1742000579834	-1.0763625433799
1.1789000034332	-1.1019472636363
1.1835999488831	-1.1237138013923
1.1883000135422	-1.1446105633412
1.1929999589920	-1.1688296598741
1.1977000236511	-1.2005426504121
1.2023999691010	-1.2427387532736
1.2071000337601	-1.2964721979978
1.2117999792099	-1.3606393387301
1.2165000438690	-1.4322727541849
1.2211999893188	-1.5072809516357
1.2259000539780	-1.5814324541046
1.2305999994278	-1.6513609903595
1.2352999448776	-1.7153479123312
1.2400000095367	-1.7736696382254
1.2446999549866	-1.8284378161161
1.2494000196457	-1.8829389478652
1.2540999650955	-1.9407406605252
1.2588000297546	-2.0047639002438
1.2634999752045	-2.0765754238452
1.2682000398636	-2.1560644071550
1.2728999853134	-2.2415137310215
1.2776000499725	-2.3300575650028
1.2822999954224	-2.4183848220840
1.2869999408722	-2.5035576825920
1.2917000055313	-2.5837240424184
1.2963999509811	-2.6585628513901
1.3011000156403	-2.7293184395141
1.3057999610901	-2.7984502360992
1.3105000257492	-2.8689649098864
1.3151999711990	-2.9436555697040
1.3199000358582	-3.0244371262522
1.3245999813080	-3.1119125926487
1.3293000459671	-3.2052855230645
1.3339999914169	-3.3025857639802
1.3387000560760	-3.4011647202211
1.3434000015259	-3.4983489599665
1.3480999469757	-3.5920974439717
1.3528000116348	-3.6815124332555
1.3574999570847	-3.7670483894183
1.3622000217438	-3.8503868810117
1.3668999671936	-3.9340043967463
1.3716000318527	-4.0205485284058
1.3762999773026	-4.1122151958587
1.3810000419617	-4.2102472993166
1.3856999874115	-4.3146862247297
1.3904000520706	-4.4244090105817
1.3950999975204	-4.5374101637234
1.3997999429703	-4.6513098944134
1.4045000076294	-4.7639274323519
1.4091999530792	-4.8738310050402
1.4139000177383	-4.9807031381656
1.4185999631882	-5.0854301326490
1.4233000278473	-5.1898921605714
1.4279999732971	-5.2965183324018
1.4327000379562	-5.4077173031490
1.4373999834061	-5.5253445982160
1.4421000480652	-5.6503087628086
1.4467999935150	-5.7824060970529
1.4515000581741	-5.9204010033609
1.4562000036240	-6.0623388015767
1.4608999490738	-6.2060193079026
1.4656000137329	-6.3495349794770
1.4702999591827	-6.4917650820573
1.4750000238419	-6.6326800237068
1.4796999692917	-6.7733893518910
1.4844000339508	-6.9159156249659
1.4890999794006	-7.0627506083671
1.4938000440598	-7.2163183232149
1.4984999895096	-7.3784648952474
1.5032000541687	-7.5500889909991
1.5078999996185	-7.7309721722225
1.5125999450684	-7.9198537834562
1.5173000097275	-8.1147262614800
1.5219999551773	-8.3133056572987
1.5267000198364	-8.5135878619659
1.5313999652863	-8.7143644181132
1.5361000299454	-8.9155762403817
1.5407999753952	-9.1183965418773
1.5455000400543	-9.3250297028825
1.5501999855042	-9.5382643837489
1.5549000501633	-9.7608949227995
1.5595999956131	-9.9951444723669
1.5642999410629	-10.242201048699
1.5690000057220	-10.501964757038
1.5736999511719	-10.773033995702
1.5784000158310	-11.052967905055
1.5830999612808	-11.338784666688
1.5878000259399	-11.627606697525
1.5924999713898	-11.917346520767
1.5972000360489	-12.207225206175
1.6018999814987	-12.498018031095
1.6066000461578	-12.791911421971
1.6112999916077	-13.092024279353
1.6160000562668	-13.401693933776
1.6207000017166	-13.723688051821
1.6253999471664	-14.059512209950
1.6301000118256	-14.408895937015
1.6347999572754	-14.769617613807
1.6395000219345	-15.137641993820
1.6441999673843	-15.507622778736
1.6489000320435	-15.873721350742
1.6535999774933	-16.230583605237
1.6583000421524	-16.574226941570
1.6629999876022	-16.902672678228
1.6677000522614	-17.216022178254
1.6723999977112	-17.516034889175
1.6770999431610	-17.805332763218
1.6818000078201	-18.086333446886
1.6864999532700	-18.360330266157
1.6912000179291	-18.626749927836
1.6958999633789	-18.882817703721
1.7006000280380	-19.123626442477
1.7052999734879	-19.342676695457
1.7100000381470	-19.532877119361
1.7146999835968	-19.687818170236
1.7194000482559	-19.803155810710
1.7240999937057	-19.877701853681
1.7288000583649	-19.913921199802
1.7335000038147	-19.917691859628
1.7381999492645	-19.897270991579
1.7429000139236	-19.861901830717
1.7475999593735	-19.820267998970
1.7523000240326	-19.779199409426
1.7569999694824	-19.742814071382
1.7617000341415	-19.712135315012
1.7663999795914	-19.685300609907
1.7711000442505	-19.658309753442
1.7757999897003	-19.626238950049
1.7805000543594	-19.584687294984
1.7851999998093	-19.531194015202
1.7898999452591	-19.466192622386
1.7946000099182	-19.393207372144
1.7992999553680	-19.318260145153
1.8040000200272	-19.248625971001
1.8086999654770	-19.191379931218
1.8134000301361	-19.152002585821
1.8180999755859	-19.133453518960
1.8228000402451	-19.135678481584
1.8274999856949	-19.155749669996
1.8322000503540	-19.188555408200
1.8368999958038	-19.227929836229
1.8415999412537	-19.268137334787
1.8463000059128	-19.305282097945
1.8509999513626	-19.338397351050
1.8557000160217	-19.369748437292
1.8603999614716	-19.404368941616
1.8651000261307	-19.448882433916
1.8697999715805	-19.510025216847
1.8745000362396	-19.593227890520
1.8791999816895	-19.701573607838
1.8839000463486	-19.835221619796
1.8885999917984	-19.991476167891
1.8933000564575	-20.165428255512
1.8980000019073	-20.351037510951
1.9026999473572	-20.542697817170
1.9074000120163	-20.736771584750
1.9120999574661	-20.932773937224
1.9168000221252	-21.133874255389
1.9214999675751	-21.346460516068
1.9262000322342	-21.578963878719
1.9308999776840	-21.840317259044
1.9356000423431	-22.138411492442
1.9402999877930	-22.478911017425
1.9450000524521	-22.864540494167
1.9496999979019	-23.295012375342
1.9543999433517	-23.767552879857
1.9591000080109	-24.278072547441
1.9637999534607	-24.822974228836
1.9685000181198	-25.401377994667
1.9731999635696	-26.017192737591
1.9779000282288	-26.680704891798
1.9825999736786	-27.409249617851
1.9873000383377	-28.226856498551
1.9919999837875	-29.163451324406
1.9967000484467	-30.253693226680
2.0013999938965	-31.534716955387
2.0060999393463	-33.038913417746
2.0107998847961	-34.766407682559
2.0155000686646	-36.590642055402
2.0202000141144	-38.031391587447
2.0248999595642	-38.237590550015
2.0295999050140	-37.028039270832
2.0343000888824	-35.187909090363
2.0390000343323	-33.316243733283
2.0436999797821	-31.600225887170
2.0483999252319	-30.060085551025
2.0531001091003	-28.676166224418
2.0578000545502	-27.426343363776
2.0625000000000	-26.293826928489
2.0671999454498	-25.266649173303
2.0718998908997	-24.335627080146
2.0766000747681	-23.492429534526
2.0813000202179	-22.728381324352
2.0859999656677	-22.033999476302
2.0906999111176	-21.398947291791
2.0954000949860	-20.812555006021
2.1001000404358	-20.264615401014
2.1047999858856	-19.746267162443
2.1094999313354	-19.250833255414
2.1142001152039	-18.774272682894
2.1189000606537	-18.315224882491
2.1236000061035	-17.874480190722
2.1282999515533	-17.454155333449
2.1329998970032	-17.056722426861
2.1377000808716	-16.684113295045
2.1424000263214	-16.337068354077
2.1470999717712	-16.014851302561
2.1517999172211	-15.715242586266
2.1565001010895	-15.434936035624
2.1612000465393	-15.170082506795
2.1658999919891	-14.917000531503
2.1705999374390	-14.672830323489
2.1752998828888	-14.435996950803
2.1800000667572	-14.206374805056
2.1847000122070	-13.985114959004
2.1893999576569	-13.774199475910
2.1940999031067	-13.575827235962
2.1988000869751	-13.391804998609
2.2035000324249	-13.223072019588
2.2081999778748	-13.069438484428
2.2128999233246	-12.929591012581
2.2176001071930	-12.801341388027
2.2223000526428	-12.682086531422
2.2269999980927	-12.569349476729
2.2316999435425	-12.461280701944
2.2363998889923	-12.357046310517
2.2411000728607	-12.256906030647
2.2458000183105	-12.162098652490
2.2504999637604	-12.074433130429
2.2551999092102	-11.995804830319
2.2599000930786	-11.927691030135
2.2646000385284	-11.870761772074
2.2692999839783	-11.824712378502
2.2739999294281	-11.788298439942
2.2787001132965	-11.759598084493
2.2834000587463	-11.736445487582
2.2881000041962	-11.716915631237
2.2927999496460	-11.699749377516
2.2974998950958	-11.684634314576
2.3022000789642	-11.672242031301
2.3069000244141	-11.664019694259
2.3115999698639	-11.661805438009
2.3162999153137	-11.667353231336
2.3210000991821	-11.681889125660
2.3257000446320	-11.705813779708
2.3303999900818	-11.738590927940
2.3350999355316	-11.778867659962
2.3397998809814	-11.824784336868
2.3445000648499	-11.874423824308
2.3492000102997	-11.926268353904
2.3538999557495	-11.979569918295
2.3585999011993	-12.034558613548
2.3633000850677	-12.092377804762
2.3680000305176	-12.154799281062
2.3726999759674	-12.223808161126
2.3773999214172	-12.301110314573
2.3821001052856	-12.387748480513
2.3868000507355	-12.483852010670
2.3914999961853	-12.588613322836
2.3961999416351	-12.700507331650
2.4008998870850	-12.817657400836
2.4056000709534	-12.938337675601
2.4103000164032	-13.061426758769
2.4149999618530	-13.186748284591
2.4196999073029	-13.315173764102
2.4244000911713	-13.448477006649
2.4291000366211	-13.588949472808
2.4337999820709	-13.738896452854
2.4384999275208	-13.900147086136
2.4432001113892	-14.073656751696
2.4479000568390	-14.259331810080
2.4526000022888	-14.456108641283
2.4572999477386	-14.662248990441
2.4619998931885	-14.875858763966
2.4667000770569	-15.095451389319
2.4714000225067	-15.320487245873
2.4760999679565	-15.551672917788
2.4807999134064	-15.791011822730
2.4855000972748	-16.041519876678
2.4902000427246	-16.306683254384
2.4948999881744	-16.589838076408
2.4995999336243	-16.893575269027
2.5043001174927	-17.219306657048
2.5090000629425	-17.567141584604
2.5137000083923	-17.936047565735
2.5183999538422	-18.324387319327
2.5230998992920	-18.730652931856
2.5278000831604	-19.154373233070
2.5325000286102	-19.596874375170
2.5371999740601	-20.061787747526
2.5418999195099	-20.555071680177
2.5466001033783	-21.084561034727
2.5513000488281	-21.659168663340
2.5559999942780	-22.287840482523
2.5606999397278	-22.978510531040
2.5653998851776	-23.737207739223
2.5701000690460	-24.567165159990
2.5748000144958	-25.468198997505
2.5794999599457	-26.435833812293
2.5841999053955	-27.459785954865
2.5889000892639	-28.520458646448
2.5936000347137	-29.580844554953
2.5982999801636	-30.571181302987
2.6029999256134	-31.369742399959
2.6077001094818	-31.805456620512
2.6124000549316	-31.729592948157
2.6171000003815	-31.132141231998
2.6217999458313	-30.159810191894
2.6264998912811	-29.006119040789
2.6312000751495	-27.817379161385
2.6359000205994	-26.675648221763
2.6405999660492	-25.617161318353
2.6452999114990	-24.651921908957
2.6500000953674	-23.776284031609
2.6547000408173	-22.980011113973
2.6593999862671	-22.250364403403
2.6640999317169	-21.574613759882
2.6688001155853	-20.941677428673
2.6735000610352	-20.343201181975
2.6782000064850	-19.773873445450
2.6828999519348	-19.231250380046
2.6875998973846	-18.714989084558
2.6923000812531	-18.225880538197
2.6970000267029	-17.764817159716
2.7016999721527	-17.332001674778
2.7063999176025	-16.926469825150
2.7111001014709	-16.545961533855
2.7158000469208	-16.187162312836
2.7204999923706	-15.846178051056
2.7251999378204	-15.519163570087
2.7298998832703	-15.202926740745
2.7346000671387	-14.895397108062
2.7393000125885	-14.595805157656
2.7439999580383	-14.304562761746
2.7486999034882	-14.022870480583
2.7534000873566	-13.752216264877
2.7581000328064	-13.493798729325
2.7627999782562	-13.248137142823
2.7674999237061	-13.014825273943
2.7722001075745	-12.792569123189
2.7769000530243	-12.579417751355
2.7815999984741	-12.373152800950
2.7862999439240	-12.171748599812
2.7909998893738	-11.973775181868
2.7957000732422	-11.778640219538
2.8004000186920	-11.586621861075
2.8050999641418	-11.398695649732
2.8097999095917	-11.216170805951
2.8145000934601	-11.040303119135
2.8192000389099	-10.871906899040
2.8238999843597	-10.711132189258
2.8285999298096	-10.557378994291
2.8333001136780	-10.409429951527
2.8380000591278	-10.265726865177
2.8427000045776	-10.124715428602
2.8473999500275	-9.9851986186574
2.8520998954773	-9.8465959200121
2.8568000793457	-9.7090387488541
2.8615000247955	-9.5732713746410
2.8661999702454	-9.4404195230036
2.8708999156952	-9.3116636970962
2.8756000995636	-9.1878999585851
2.8803000450134	-9.0695162785325
2.8849999904633	-8.9562586990392
2.8896999359131	-8.8473092101750
2.8943998813629	-8.7414722616992
2.8991000652313	-8.6374669791997
2.9038000106812	-8.5342305162533
2.9084999561310	-8.4311785635174
2.9131999015808	-8.3283204264838
2.9179000854492	-8.2262347794054
2.9226000308990	-8.1258831278791
2.9272999763489	-8.0283561447246
2.9319999217987	-7.9345648984714
2.9367001056671	-7.8450051022516
2.9414000511169	-7.7596335371291
2.9460999965668	-7.6778778983075
2.9507999420166	-7.5987745293029
2.9554998874664	-7.5212163455898
2.9602000713348	-7.4442224186425
2.9649000167847	-7.3671976149816
2.9695999622345	-7.2900486161292
2.9742999076843	-7.2132129052141
2.9790000915527	-7.1375185674748
2.9837000370026	-7.0639566607684
2.9883999824524	-6.9934256805856
2.9930999279022	-6.9264835565654
2.9978001117706	-6.8632183458523
3.0025000572205	-6.8032158057164
3.0072000026703	-6.7456728104343
3.0118999481201	-6.6895995043193
3.0165998935699	-6.6340750356989
3.0213000774384	-6.5784694379713
3.0260000228882	-6.5226063203864
3.0306999683380	-6.4667973243408
3.0353999137878	-6.4117531930607
3.0401000976562	-6.3583782615848
3.0448000431061	-6.3075378604949
3.0494999885559	-6.2598328029484
3.0541999340057	-6.2154373967817
3.0589001178741	-6.1740539545250
3.0636000633240	-6.1350001879942
3.0683000087738	-6.0973692093335
3.0729999542236	-6.0602685087179
3.0776998996735	-6.0230474978200
3.0824000835419	-5.9854530698731
3.0871000289917	-5.9476926274593
3.0917999744415	-5.9103713762009
3.0964999198914	-5.8743214450656
3.1012001037598	-5.8403812167358
3.1059000492096	-5.8091768443032
3.1105999946594	-5.7809497920451
3.1152999401093	-5.7554981417348
3.1199998855591	-5.7322301435793
3.1247000694275	-5.7103063122252
3.1294000148773	-5.6888555020766
3.1340999603271	-5.6672043944665
3.1387999057770	-5.6450319188391
3.1435000896454	-5.6224621312509
3.1482000350952	-5.6000156866392
3.1528999805450	-5.5784703936771
3.1575999259949	-5.5586426754731
3.1623001098633	-5.5411796787984
3.1670000553131	-5.5263851417343
3.1717000007629	-5.5141298877056
3.1763999462128	-5.5039008198410
3.1810998916626	-5.4949058290470
3.1858000755310	-5.4862848435937
3.1905000209808	-5.4773382008763
3.1951999664307	-5.4676920773408
3.1998999118805	-5.4573844373794
3.2046000957489	-5.4468735360057
3.2093000411987	-5.4368758098054
3.2139999866486	-5.4282017603666
3.2186999320984	-5.4215144680368
3.2234001159668	-5.4171576691792
3.2281000614166	-5.4150675056504
3.2328000068665	-5.4147702479090
3.2374999523163	-5.4155040512420
3.2421998977661	-5.4164081770795
3.2469000816345	-5.4167417488574
3.2516000270844	-5.4160607885828
3.2562999725342	-5.4143366022098
3.2609999179840	-5.4119500993021
3.2657001018524	-5.4095758953064
3.2704000473022	-5.4079897566873
3.2750999927521	-5.4078636357784
3.2797999382019	-5.4095568435746
3.2844998836517	-5.4130271577998
3.2892000675201	-5.4178086407331
3.2939000129700	-5.4231341097490
3.2985999584198	-5.4280949814107
3.3032999038696	-5.4318811439313
3.3080000877380	-5.4339705628258
3.3127000331879	-5.4342433875344
3.3173999786377	-5.4329888902388
3.3220999240875	-5.4308240563052
3.3268001079559	-5.4284745144285
3.3315000534058	-5.4265830720819
3.3361999988556	-5.4254889091968
3.3408999443054	-5.4251194423610
3.3455998897552	-5.4249787950555
3.3503000736237	-5.4242338816828
3.3550000190735	-5.4219138745427
3.3596999645233	-5.4171252587879
3.3643999099731	-5.4092626678743
3.3691000938416	-5.3981311761993
3.3738000392914	-5.3839675400818
3.3784999847412	-5.3673445302478
3.3831999301910	-5.3489734018973
3.3879001140594	-5.3294851115122
3.3926000595093	-5.3092276447621
3.3973000049591	-5.2881520480250
3.4019999504089	-5.2657849205366
3.4066998958588	-5.2413532665733
3.4114000797272	-5.2139606909365
3.4161000251770	-5.1828187973903
3.4207999706268	-5.1474591001637
3.4254999160767	-5.1078535757244
3.4302000999451	-5.0644283617665
3.4349000453949	-5.0179609706133
3.4395999908447	-4.9693911654924
3.4442999362946	-4.9195888642187
3.4489998817444	-4.8691741648755
3.4537000656128	-4.8183958043108
3.4584000110626	-4.7671204097846
3.4630999565125	-4.7149399133193
3.4677999019623	-4.6613495965873
3.4725000858307	-4.6059538119043
3.4772000312805	-4.5486512131935
3.4818999767303	-4.4897375667577
3.4865999221802	-4.4299058155785
3.4913001060486	-4.3701388509473
3.4960000514984	-4.3115351528712
3.5006999969482	-4.2550970741768
3.5053999423981	-4.2015545010938
3.5100998878479	-4.1512619480921
3.5148000717163	-4.1041783544091
3.5195000171661	-4.0599678554593
3.5241999626160	-4.0181341082574
3.5288999080658	-3.9782209607379
3.5336000919342	-3.9399715043454
3.5383000373840	-3.9034340208482
3.5429999828339	-3.8689857833286
3.5476999282837	-3.8372512575407
3.5524001121521	-3.8089712884181
3.5571000576019	-3.7848158314090
3.5618000030518	-3.7652308590789
3.5664999485016	-3.7503304493340
3.5711998939514	-3.7398700975361
3.5759000778198	-3.7333077993039
3.5806000232697	-3.7299330751512
3.5852999687195	-3.7290316642944
3.5899999141693	-3.7300617531189
3.5947000980377	-3.7327640727604
3.5994000434875	-3.7372121730906
3.6040999889374	-3.7437725220771
3.6087999343872	-3.7529845078860
3.6135001182556	-3.7654010248063
3.6182000637054	-3.7814275429485
3.6229000091553	-3.8011906769686
3.6275999546051	-3.8244885018757
3.6322999000549	-3.8508127828390
3.6370000839233	-3.8794638875996
3.6417000293732	-3.9096965796832
3.6463999748230	-3.9408924011881
3.6510999202728	-3.9727077177478
3.6558001041412	-4.0051345536808
3.6605000495911	-4.0384927879988
3.6651999950409	-4.0733351460650
3.6698999404907	-4.1102863828797
3.6745998859406	-4.1498702178037
3.6793000698090	-4.1923638628970
3.6840000152588	-4.2377098026832
3.6886999607086	-4.2855143103642
3.6933999061584	-4.3351381149528
3.6981000900269	-4.3858372924845
3.7028000354767	-4.4369553463048
3.7074999809265	-4.4880747376422
3.7121999263763	-4.5391259389825
3.7169001102448	-4.5904047651242
3.7216000556946	-4.6424860283028
3.7263000011444	-4.6960781999621
3.7309999465942	-4.7518258891879
3.7356998920441	-4.8101433621247
3.7404000759125	-4.8710904168798
3.7451000213623	-4.9343491261085
3.7497999668121	-4.9992897496163
3.7544999122620	-5.0651130656012
3.7592000961304	-5.1310588743633
3.7639000415802	-5.1965836805018
3.7685999870300	-5.2615121169479
3.7732999324799	-5.3260689899056
3.7780001163483	-5.3908296234611
3.7827000617981	-5.4565571560365
3.7874000072479	-5.5239901225940
3.7920999526978	-5.5936456617999
3.7967998981476	-5.6656580177834
3.8015000820160	-5.7397170430722
3.8062000274658	-5.8151271919355
3.8108999729156	-5.8909544580503
3.8155999183655	-5.9662531803947
3.8203001022339	-6.0402828993443
3.8250000476837	-6.1127022025789
3.8296999931335	-6.1836412724061
3.8343999385834	-6.2536478725075
3.8390998840332	-6.3235306236663
3.8438000679016	-6.3941104497846
3.8485000133514	-6.4659773651822
3.8531999588013	-6.5392913341761
3.8578999042511	-6.6136919049376
3.8626000881195	-6.6883468260824
3.8673000335693	-6.7621227513932
3.8719999790192	-6.8338414983943
3.8766999244690	-6.9025609339403
3.8814001083374	-6.9678051204542
3.8861000537872	-7.0296588391283
3.8907999992371	-7.0887356517768
3.8954999446869	-7.1459790310222
3.9001998901367	-7.2023701746103
3.9049000740051	-7.2586380788758
3.9096000194550	-7.3150149008753
3.9142999649048	-7.3711404413385
3.9189999103546	-7.4261120637047
3.9237000942230	-7.4786944687460
3.9284000396729	-7.5276282109269
3.9330999851227	-7.5719612275730
3.9377999305725	-7.6113059892942
3.9425001144409	-7.6459548155445
3.9472000598907	-7.6768102332946
3.9519000053406	-7.7051348860128
3.9565999507904	-7.7322326054459
3.9612998962402	-7.7590839701022
3.9660000801086	-7.7861106463520
3.9707000255585	-7.8130581388294
3.9753999710083	-7.8390896286350
3.9800999164581	-7.8630240968915
3.9848001003265	-7.8836873163980
3.9895000457764	-7.9002676631020
3.9941999912262	-7.9125798424668
3.9988999366760	-7.9211657852197
4.0036001205444	-7.9271883020485
4.0082998275757	-7.9321613969799
4.0130000114441	-7.9375829369217
4.0177001953125	-7.9445749692382
4.0223999023438	-7.9536249421107
4.0271000862122	-7.9645010689440
4.0317997932434	-7.9763480945776
4.0364999771118	-7.9879531479625
4.0412001609802	-7.9981082584825
4.0458998680115	-8.0059723271693
4.0506000518799	-8.0113446385205
4.0553002357483	-8.0147587715580
4.0599999427795	-8.0173799861426
4.0647001266479	-8.0207231721848
4.0693998336792	-8.0262817047368
4.0741000175476	-8.0351658252814
4.0788002014160	-8.0478284191957
4.0834999084473	-8.0639821915158
4.0882000923157	-8.0826778446202
4.0928997993469	-8.1025793280459
4.0975999832153	-8.1223195495953
4.1023001670837	-8.1408891787554
4.1069998741150	-8.1579237112992
4.1117000579834	-8.1738236292591
4.1163997650146	-8.1896657267477
4.1210999488831	-8.2069372175400
4.1258001327515	-8.2271450941237
4.1304998397827	-8.2514391138790
4.1352000236511	-8.2803135963063
4.1399002075195	-8.3134757812674
4.1445999145508	-8.3499226776907
4.1493000984192	-8.3881819786297
4.1539998054504	-8.4267007851049
4.1586999893188	-8.4642468046443
4.1634001731873	-8.5002505468810
4.1680998802185	-8.5349642316168
4.1728000640869	-8.5694114142115
4.1774997711182	-8.6051141157141
4.1821999549866	-8.6437026112345
4.1869001388550	-8.6864767422672
4.1915998458862	-8.7340624559660
4.1963000297546	-8.7862364611390
4.2010002136230	-8.8419518022767
4.2056999206543	-8.8995913407836
4.2104001045227	-8.9573622005771
4.2150998115540	-9.0137601748069
4.2197999954224	-9.0679755912911
4.2245001792908	-9.1201128902650
4.2291998863220	-9.1711868192477
4.2339000701904	-9.2228516523320
4.2385997772217	-9.2769719581966
4.2432999610901	-9.3351263344617
4.2480001449585	-9.3981870426397
4.2526998519897	-9.4660848243938
4.2574000358582	-9.5377970616135
4.2621002197266	-9.6115967104493
4.2667999267578	-9.6854888560115
4.2715001106262	-9.7577493083563
4.2761998176575	-9.8274174709500
4.2809000015259	-9.8946046707398
4.2856001853943	-9.9605274426326
4.2902998924255	-10.027243609751
4.2950000762939	-10.097175517309
4.2996997833252	-10.172523944256
4.3043999671936	-10.254765508278
4.3091001510620	-10.344318673595
4.3137998580933	-10.440484836645
4.3185000419617	-10.541655544094
4.3232002258301	-10.645788053973
4.3278999328613	-10.750989316598
4.3326001167297	-10.856105563597
4.3372998237610	-10.961131974101
4.3420000076294	-11.067323700488
4.3467001914978	-11.176951607335
4.3513998985291	-11.292776381385
4.3561000823975	-11.417369675885
4.3607997894287	-11.552459788266
4.3654999732971	-11.698461077164
4.3702001571655	-11.854285681966
4.3748998641968	-12.017515810732
4.3796000480652	-12.184911983388
4.3843002319336	-12.353177846652
4.3889999389648	-12.519806529850
4.3937001228333	-12.683766465343
4.3983998298645	-12.845834630734
4.4031000137329	-13.008416656842
4.4078001976013	-13.174902826411
4.4124999046326	-13.348738897652
4.4172000885010	-13.532436912189
4.4218997955322	-13.726805433253
4.4265999794006	-13.930568756404
4.4313001632690	-14.140494203934
4.4359998703003	-14.352071478044
4.4407000541687	-14.560619421760
4.4454002380371	-14.762580357714
4.4500999450684	-14.956628260794
4.4548001289368	-15.144196437442
4.4594998359680	-15.329188914553
4.4642000198364	-15.516944213562
4.4689002037048	-15.712738350848
4.4735999107361	-15.920266173575
4.4783000946045	-16.140452699175
4.4829998016357	-16.370924364806
4.4876999855042	-16.606282363856
4.4924001693726	-16.839245385528
4.4970998764038	-17.062514833889
4.5018000602722	-17.270902383588
4.5064997673035	-17.463038479416
4.5111999511719	-17.641968417790
4.5159001350403	-17.814282010662
4.5205998420715	-17.988054727018
4.5253000259399	-18.170302846828
4.5300002098083	-18.364639450284
4.5346999168396	-18.569745093685
4.5394001007080	-18.779056984597
4.5440998077393	-18.981872343448
4.5487999916077	-19.165901303163
4.5535001754761	-19.320837810850
4.5581998825073	-19.441715556218
4.5629000663757	-19.530699760075
4.5675997734070	-19.596344444245
4.5722999572754	-19.650486332646
4.5770001411438	-19.704186099962
4.5816998481750	-19.764068231074
4.5864000320435	-19.830017222761
4.5911002159119	-19.894853623062
4.5957999229431	-19.945995425276
4.6005001068115	-19.969136089239
4.6051998138428	-19.952943423218
4.6098999977112	-19.893319807001
4.6146001815796	-19.795103540873
4.6192998886108	-19.670517433153
4.6240000724792	-19.534975302402
4.6286997795105	-19.402374137268
4.6333999633789	-19.281333647244
4.6381001472473	-19.173355130005
4.6427998542786	-19.072987999113
4.6475000381470	-18.969733691055
4.6522002220154	-18.851447518788
4.6568999290466	-18.708378435173
4.6616001129150	-18.536587146794
4.6662998199463	-18.339444504408
4.6710000038147	-18.126533102606
4.6757001876831	-17.910568233390
4.6803998947144	-17.703672926053
4.6851000785828	-17.514273093870
4.6897997856140	-17.345324989768
4.6944999694824	-17.194015603025
4.6992001533508	-17.052814786602
4.7038998603821	-16.911663429591
4.7086000442505	-16.760868396703
4.7133002281189	-16.593998853352
4.7179999351501	-16.409859089131
4.7227001190186	-16.212788349223
4.7273998260498	-16.011212879577
4.7321000099182	-15.815087954210
4.7368001937866	-15.633119935299
4.7414999008179	-15.470633936790
4.7462000846863	-15.328470088503
4.7508997917175	-15.202939016079
4.7555999755859	-15.086884477504
4.7603001594543	-14.971533180717
4.7649998664856	-14.848893227668
4.7697000503540	-14.713991510490
4.7744002342224	-14.566295530382
4.7790999412537	-14.409826990194
4.7838001251221	-14.251875570006
4.7884998321533	-14.100850911449
4.7932000160217	-13.964018759234
4.7979001998901	-13.845691893891
4.8025999069214	-13.746277209191
4.8073000907898	-13.662245621561
4.8119997978210	-13.587051339314
4.8166999816895	-13.512741571823
4.8214001655579	-13.432076409162
4.8260998725891	-13.340513787882
4.8308000564575	-13.237511205815
4.8354997634888	-13.126666754207
4.8401999473572	-13.014614321289
4.8449001312256	-12.909102246811
4.8495998382568	-12.816902346042
4.8543000221252	-12.742096002148
4.8590002059937	-12.685092870108
4.8636999130249	-12.642545728428
4.8684000968933	-12.608128771119
4.8730998039246	-12.574068827528
4.8777999877930	-12.533161540307
4.8825001716614	-12.480765675284
4.8871998786926	-12.416134422699
4.8919000625610	-12.342669723855
4.8965997695923	-12.266888406354
4.9012999534607	-12.196559274800
4.9060001373291	-12.138595318327
4.9106998443604	-12.097250996811
4.9154000282288	-12.073081912954
4.9201002120972	-12.062767823861
4.9247999191284	-12.059855239830
4.9295001029968	-12.056297714614
4.9341998100281	-12.044546122735
4.9388999938965	-12.019648480274
4.9436001777649	-11.980734095112
4.9482998847961	-11.931290748582
4.9530000686646	-11.878116962243
4.9576997756958	-11.829321630084
4.9623999595642	-11.792010458947
4.9671001434326	-11.770341735142
4.9717998504639	-11.764330353254
4.9765000343323	-11.769645836437
4.9812002182007	-11.778400031990
4.9858999252319	-11.780896784262
4.9906001091003	-11.768016486048
4.9952998161316	-11.733675918498
5.0000000000000	-11.676493743002
