#Parameters = {R_fat=48; R_glandular=38; R_skin_outer=50; T10=5; T15=7.5; T5=2.5; T_rad=4; T_x=10; T_y=0; T_z=75; Zc=65; skin_thickness=2; Mesh Pass=1}
#"Frequency / GHz"	"S1,1 (Mesh Pass=1) [Magnitude / dB]"
#-------------------------------------------------------
0.30000001192093	-6.6661095914232
0.30469998717308	-6.5333691784319
0.30939999222755	-6.3935691649352
0.31409999728203	-6.2476455379387
0.31880000233650	-6.0971784538942
0.32350000739098	-5.9441510076882
0.32820001244545	-5.7906341449405
0.33289998769760	-5.6384621192544
0.33759999275208	-5.4889681989162
0.34229999780655	-5.3428036131013
0.34700000286102	-5.1999024454184
0.35170000791550	-5.0595576227301
0.35640001296997	-4.9206239631664
0.36109998822212	-4.7818134724797
0.36579999327660	-4.6420182735364
0.37049999833107	-4.5006044934505
0.37520000338554	-4.3576074373766
0.37990000844002	-4.2137873599149
0.38460001349449	-4.0705184920326
0.38929998874664	-3.9295388283665
0.39399999380112	-3.7926274526588
0.39869999885559	-3.6612596455114
0.40340000391006	-3.5363194448464
0.40810000896454	-3.4179169783615
0.41280001401901	-3.3053655006820
0.41749998927116	-3.1973111663070
0.42219999432564	-3.0920180152836
0.42689999938011	-2.9877599448228
0.43160000443459	-2.8832168456985
0.43630000948906	-2.7778158838942
0.44100001454353	-2.6718894977502
0.44569998979568	-2.5666221008924
0.45039999485016	-2.4638026598082
0.45509999990463	-2.3654144530956
0.45980000495911	-2.2731674352835
0.46450001001358	-2.1880907874409
0.46919998526573	-2.1102499116569
0.47389999032021	-2.0386716430406
0.47859999537468	-1.9715137256040
0.48330000042915	-1.9064547063280
0.48800000548363	-1.8412263706777
0.49270001053810	-1.7741748703415
0.49739998579025	-1.7046945890850
0.50209999084473	-1.6334068660253
0.50679999589920	-1.5620298155911
0.51150000095367	-1.4929621917505
0.51620000600815	-1.4286924489586
0.52090001106262	-1.3711552543956
0.52560001611710	-1.3212205492669
0.53030002117157	-1.2784038824267
0.53500002622604	-1.2409043695283
0.53969997167587	-1.2059718763834
0.54439997673035	-1.1705600438253
0.54909998178482	-1.1320913059811
0.55379998683929	-1.0891578710760
0.55849999189377	-1.0419310242667
0.56319999694824	-0.99216560176936
0.56790000200272	-0.94275940713232
0.57260000705719	-0.89703149960886
0.57730001211166	-0.85784096082451
0.58200001716614	-0.82682792621131
0.58670002222061	-0.80390625420012
0.59140002727509	-0.78719019774196
0.59609997272491	-0.77337151657467
0.60079997777939	-0.75851283971772
0.60549998283386	-0.73907334729629
0.61019998788834	-0.71290588303342
0.61489999294281	-0.67990461043632
0.61959999799728	-0.64212451265301
0.62430000305176	-0.60327931373066
0.62900000810623	-0.56778675499977
0.63370001316071	-0.53959065586063
0.63840001821518	-0.52107874095310
0.64310002326965	-0.51234469184703
0.64780002832413	-0.51101005386422
0.65249997377396	-0.51268658183078
0.65719997882843	-0.51203678905308
0.66189998388290	-0.50421167048387
0.66659998893738	-0.48628156369948
0.67129999399185	-0.45822212464142
0.67599999904633	-0.42308953896843
0.68070000410080	-0.38633292157266
0.68540000915527	-0.35438434492909
0.69010001420975	-0.33290657540771
0.69480001926422	-0.32519094366567
0.69950002431870	-0.33101035667318
0.70420002937317	-0.34631342668378
0.70889997482300	-0.36392539913561
0.71359997987747	-0.37524954382373
0.71829998493195	-0.37271979535506
0.72299998998642	-0.35237780196488
0.72769999504089	-0.31574259204261
0.73240000009537	-0.27032517816827
0.73710000514984	-0.22853897870392
0.74180001020432	-0.20533563198136
0.74650001525879	-0.21518519463021
0.75120002031326	-0.26898897957561
0.75590002536774	-0.37139467138785
0.76059997081757	-0.51875032214191
0.76529997587204	-0.69806739167899
0.76999998092651	-0.88744627906122
0.77469998598099	-1.0586525974249
0.77939999103546	-1.1823079856676
0.78409999608994	-1.2351240217802
0.78880000114441	-1.2068933333273
0.79350000619888	-1.1039665440339
0.79820001125336	-0.94730767397865
0.80290001630783	-0.76625488235212
0.80760002136230	-0.59107993121066
0.81230002641678	-0.44691430138258
0.81699997186661	-0.34995399877710
0.82169997692108	-0.30574913794410
0.82639998197556	-0.30913958205040
0.83109998703003	-0.34568602445712
0.83579999208450	-0.39471735914215
0.84049999713898	-0.43399546059995
0.84520000219345	-0.44542126433559
0.84990000724792	-0.42033733110216
0.85460001230240	-0.36245205059039
0.85930001735687	-0.28719741721742
0.86400002241135	-0.21779801138554
0.86870002746582	-0.17972721222424
0.87339997291565	-0.19529156365582
0.87809997797012	-0.27931270250526
0.88279998302460	-0.43613076986318
0.88749998807907	-0.65772911726159
0.89219999313354	-0.92293321542018
0.89689999818802	-1.1981122811374
0.90160000324249	-1.4406447735159
0.90630000829697	-1.6065100678784
0.91100001335144	-1.6618456865550
0.91570001840591	-1.5942453377952
0.92040002346039	-1.4173201723577
0.92510002851486	-1.1652997932244
0.92979997396469	-0.88139861725162
0.93449997901917	-0.60652870623708
0.93919998407364	-0.37223423723482
0.94389998912811	-0.19788384958032
0.94859999418259	-0.090602301682173
0.95329999923706	-0.046656800419398
0.95800000429153	-0.053671547318847
0.96270000934601	-0.093542829506825
0.96740001440048	-0.14592842349508
0.97210001945496	-0.19210001742343
0.97680002450943	-0.21848043908688
0.98150002956390	-0.21902982250695
0.98619997501373	-0.19563251062568
0.99089998006821	-0.15642609127283
0.99559998512268	-0.11269652956009
1.0003000497818	-0.075478866934964
1.0049999952316	-0.052805753555217
1.0096999406815	-0.048138578382968
1.0144000053406	-0.060097487105063
1.0190999507904	-0.083304368562357
1.0238000154495	-0.11007209499665
1.0284999608994	-0.13249253246515
1.0332000255585	-0.14449312140249
1.0378999710083	-0.14329802496323
1.0426000356674	-0.12992108783339
1.0472999811172	-0.10857719572694
1.0520000457764	-0.085271675581832
1.0566999912262	-0.066034432727139
1.0614000558853	-0.055353149698896
1.0661000013351	-0.055146133376249
1.0707999467850	-0.064490173477656
1.0755000114441	-0.080047548023338
1.0801999568939	-0.097085829011941
1.0849000215530	-0.11077163779467
1.0895999670029	-0.11746193057971
1.0943000316620	-0.11560662845621
1.0989999771118	-0.10605408644011
1.1037000417709	-0.091676486385550
1.1083999872208	-0.076465087968289
1.1131000518799	-0.064396825155653
1.1177999973297	-0.058375617082679
1.1224999427795	-0.059554958313686
1.1272000074387	-0.067151611649823
1.1318999528885	-0.078742682763700
1.1366000175476	-0.090985536376423
1.1412999629974	-0.10053228543029
1.1460000276566	-0.10490891520688
1.1506999731064	-0.10314471466060
1.1554000377655	-0.095958132946236
1.1600999832153	-0.085484382510090
1.1648000478745	-0.074636826879015
1.1694999933243	-0.066294999423444
1.1742000579834	-0.062561072340487
1.1789000034332	-0.064282040510344
1.1835999488831	-0.070903465900956
1.1883000135422	-0.080704756029439
1.1929999589920	-0.091304136962070
1.1977000236511	-0.10031106071817
1.2023999691010	-0.10593620865387
1.2071000337601	-0.10741547099442
1.2117999792099	-0.10513184235272
1.2165000438690	-0.10040451750993
1.2211999893188	-0.095045520725837
1.2259000539780	-0.090808343288230
1.2305999994278	-0.088882892105137
1.2352999448776	-0.089611326622122
1.2400000095367	-0.092428974356484
1.2446999549866	-0.096085375255742
1.2494000196457	-0.099053916524193
1.2540999650955	-0.099984559432087
1.2588000297546	-0.098130038735435
1.2634999752045	-0.093556084120345
1.2682000398636	-0.087141826795199
1.2728999853134	-0.080317709567488
1.2776000499725	-0.074679953460575
1.2822999954224	-0.071529500932146
1.2869999408722	-0.071540989205560
1.2917000055313	-0.074575617569525
1.2963999509811	-0.079733619028502
1.3011000156403	-0.085595014687124
1.3057999610901	-0.090605182388613
1.3105000257492	-0.093490287432034
1.3151999711990	-0.093578597625610
1.3199000358582	-0.090979967844624
1.3245999813080	-0.086520022053920
1.3293000459671	-0.081504057407783
1.3339999914169	-0.077347280963186
1.3387000560760	-0.075192512797038
1.3434000015259	-0.075610119167064
1.3480999469757	-0.078473491050629
1.3528000116348	-0.083003780622706
1.3574999570847	-0.088011373821347
1.3622000217438	-0.092204526742280
1.3668999671936	-0.094558948665418
1.3716000318527	-0.094573639131044
1.3762999773026	-0.092398600609578
1.3810000419617	-0.088774614720614
1.3856999874115	-0.084814381650532
1.3904000520706	-0.081689786706201
1.3950999975204	-0.080307270984305
1.3997999429703	-0.081090051211558
1.4045000076294	-0.083856533248291
1.4091999530792	-0.087913860452862
1.4139000177383	-0.092233467167075
1.4185999631882	-0.095751577788421
1.4233000278473	-0.097656360439626
1.4279999732971	-0.097593617397725
1.4327000379562	-0.095758531915813
1.4373999834061	-0.092829240117876
1.4421000480652	-0.089756064776498
1.4467999935150	-0.087511629504242
1.4515000581741	-0.086819227092114
1.4562000036240	-0.087965751808520
1.4608999490738	-0.090740284643360
1.4656000137329	-0.094504447959662
1.4702999591827	-0.098373746906338
1.4750000238419	-0.10146608880702
1.4796999692917	-0.10314059827313
1.4844000339508	-0.10316249637063
1.4890999794006	-0.10175859053361
1.4938000440598	-0.099545949411932
1.4984999895096	-0.097353071777388
1.5032000541687	-0.095987246766421
1.5078999996185	-0.096020089716469
1.5125999450684	-0.097637125088049
1.5173000097275	-0.10060672747115
1.5219999551773	-0.10434459853590
1.5267000198364	-0.10808537129446
1.5313999652863	-0.11109686061814
1.5361000299454	-0.11287647089008
1.5407999753952	-0.11328055073639
1.5455000400543	-0.11255923064790
1.5501999855042	-0.11127658619688
1.5549000501633	-0.11015105372265
1.5595999956131	-0.10986147549690
1.5642999410629	-0.11085265599091
1.5690000057220	-0.11323939739379
1.5736999511719	-0.11677219053055
1.5784000158310	-0.12092257842056
1.5830999612808	-0.12502764190685
1.5878000259399	-0.12848083954815
1.5924999713898	-0.13089150504783
1.5972000360489	-0.13219016618886
1.6018999814987	-0.13263749034054
1.6066000461578	-0.13275178338643
1.6112999916077	-0.13315760218574
1.6160000562668	-0.13442522739626
1.6207000017166	-0.13690288453821
1.6253999471664	-0.14064049605107
1.6301000118256	-0.14539030420216
1.6347999572754	-0.15066805439771
1.6395000219345	-0.15590091579282
1.6441999673843	-0.16058008894724
1.6489000320435	-0.16440921780000
1.6535999774933	-0.16736679278091
1.6583000421524	-0.16971886173033
1.6629999876022	-0.17193880320658
1.6677000522614	-0.17457181626613
1.6723999977112	-0.17808340490678
1.6770999431610	-0.18274202047999
1.6818000078201	-0.18855312358054
1.6864999532700	-0.19525745489098
1.6912000179291	-0.20240571098958
1.6958999633789	-0.20949368869795
1.7006000280380	-0.21608914322416
1.7052999734879	-0.22195222684827
1.7100000381470	-0.22709462373614
1.7146999835968	-0.23176591781691
1.7194000482559	-0.23638194773254
1.7240999937057	-0.24140432187013
1.7288000583649	-0.24720165928111
1.7335000038147	-0.25396404730535
1.7381999492645	-0.26163827073805
1.7429000139236	-0.26994664374575
1.7475999593735	-0.27845947454648
1.7523000240326	-0.28671361985135
1.7569999694824	-0.29432620860465
1.7617000341415	-0.30109609818963
1.7663999795914	-0.30704499118664
1.7711000442505	-0.31239786680204
1.7757999897003	-0.31752061609407
1.7805000543594	-0.32279223668521
1.7851999998093	-0.32850947328587
1.7898999452591	-0.33479433169035
1.7946000099182	-0.34155675240025
1.7992999553680	-0.34851749703954
1.8040000200272	-0.35528040854639
1.8086999654770	-0.36144028134878
1.8134000301361	-0.36668379580948
1.8180999755859	-0.37087067860002
1.8228000402451	-0.37406490631336
1.8274999856949	-0.37650850772243
1.8322000503540	-0.37854831176782
1.8368999958038	-0.38054186748922
1.8415999412537	-0.38275387090638
1.8463000059128	-0.38528313467370
1.8509999513626	-0.38804812307518
1.8557000160217	-0.39080717234437
1.8603999614716	-0.39323357318541
1.8651000261307	-0.39500609705516
1.8697999715805	-0.39589799703655
1.8745000362396	-0.39584827793225
1.8791999816895	-0.39496955143111
1.8839000463486	-0.39352038870079
1.8885999917984	-0.39184050599841
1.8933000564575	-0.39025474628602
1.8980000019073	-0.38898731866359
1.9026999473572	-0.38811499334982
1.9074000120163	-0.38754990943500
1.9120999574661	-0.38707283520352
1.9168000221252	-0.38639741968260
1.9214999675751	-0.38526051348156
1.9262000322342	-0.38349173271569
1.9308999776840	-0.38106777206541
1.9356000423431	-0.37811443686567
1.9402999877930	-0.37487485827171
1.9450000524521	-0.37164850055434
1.9496999979019	-0.36870103379526
1.9543999433517	-0.36620702363475
1.9591000080109	-0.36419972308071
1.9637999534607	-0.36257552628132
1.9685000181198	-0.36112113870115
1.9731999635696	-0.35958402996974
1.9779000282288	-0.35773780460476
1.9825999736786	-0.35545091510008
1.9873000383377	-0.35272090631377
1.9919999837875	-0.34967280722802
1.9967000484467	-0.34652419032809
2.0013999938965	-0.34352261886640
2.0060999393463	-0.34088598893964
2.0107998847961	-0.33873691042475
2.0155000686646	-0.33707685265696
2.0202000141144	-0.33579326098727
2.0248999595642	-0.33469065734117
2.0295999050140	-0.33354841658438
2.0343000888824	-0.33218286610982
2.0390000343323	-0.33050072979760
2.0436999797821	-0.32851484493541
2.0483999252319	-0.32634861113496
2.0531001091003	-0.32419095511348
2.0578000545502	-0.32225150462804
2.0625000000000	-0.32069649853145
2.0671999454498	-0.31961043098417
2.0718998908997	-0.31897598180239
2.0766000747681	-0.31868326298381
2.0813000202179	-0.31856029667131
2.0859999656677	-0.31842861014458
2.0906999111176	-0.31814796898765
2.0954000949860	-0.31765937733449
2.1001000404358	-0.31699599855324
2.1047999858856	-0.31626940992902
2.1094999313354	-0.31564348317081
2.1142001152039	-0.31528282247277
2.1189000606537	-0.31531239378321
2.1236000061035	-0.31578490598978
2.1282999515533	-0.31667329983527
2.1329998970032	-0.31788027146118
2.1377000808716	-0.31927411493657
2.1424000263214	-0.32072577718631
2.1470999717712	-0.32214540123795
2.1517999172211	-0.32351085254889
2.1565001010895	-0.32486636727783
2.1612000465393	-0.32631112266156
2.1658999919891	-0.32797180867407
2.1705999374390	-0.32996584587491
2.1752998828888	-0.33237307681953
2.1800000667572	-0.33521894971805
2.1847000122070	-0.33848210766001
2.1893999576569	-0.34210224578716
2.1940999031067	-0.34600843330030
2.1988000869751	-0.35014960490450
2.2035000324249	-0.35450654159666
2.2081999778748	-0.35910165636522
2.2128999233246	-0.36398777380670
2.2176001071930	-0.36923570047957
2.2223000526428	-0.37490768596090
2.2269999980927	-0.38104708402603
2.2316999435425	-0.38767662091719
2.2363998889923	-0.39480590712514
2.2411000728607	-0.40244940345040
2.2458000183105	-0.41064566577775
2.2504999637604	-0.41947140013543
2.2551999092102	-0.42902807068143
2.2599000930786	-0.43940710542383
2.2646000385284	-0.45064651572331
2.2692999839783	-0.46266361559964
2.2739999294281	-0.47520483425649
2.2787001132965	-0.48781546532303
2.2834000587463	-0.49985886587639
2.2881000041962	-0.51057420519617
2.2927999496460	-0.51918233870594
2.2974998950958	-0.52503161266063
2.3022000789642	-0.52773375448469
2.3069000244141	-0.52728633602859
2.3115999698639	-0.52412293264054
2.3162999153137	-0.51909443728935
2.3210000991821	-0.51336659102624
2.3257000446320	-0.50825497353684
2.3303999900818	-0.50503240082313
2.3350999355316	-0.50473723136131
2.3397998809814	-0.50802782315721
2.3445000648499	-0.51511390465209
2.3492000102997	-0.52574892674589
2.3538999557495	-0.53931796067276
2.3585999011993	-0.55496880101949
2.3633000850677	-0.57178200543751
2.3680000305176	-0.58893086593980
2.3726999759674	-0.60581706953560
2.3773999214172	-0.62213003131942
2.3821001052856	-0.63785354350818
2.3868000507355	-0.65319126376669
2.3914999961853	-0.66846088642517
2.3961999416351	-0.68396478258595
2.4008998870850	-0.69988398212996
2.4056000709534	-0.71621130704585
2.4103000164032	-0.73274723159346
2.4149999618530	-0.74913770166786
2.4196999073029	-0.76496367108065
2.4244000911713	-0.77983718734783
2.4291000366211	-0.79348841524069
2.4337999820709	-0.80581965615969
2.4384999275208	-0.81691016344957
2.4432001113892	-0.82697479017141
2.4479000568390	-0.83628710247998
2.4526000022888	-0.84509580044487
2.4572999477386	-0.85354637639745
2.4619998931885	-0.86164532723096
2.4667000770569	-0.86924871559286
2.4714000225067	-0.87611498248881
2.4760999679565	-0.88197019856024
2.4807999134064	-0.88658396053613
2.4855000972748	-0.88984270742837
2.4902000427246	-0.89177801852544
2.4948999881744	-0.89256791007584
2.4995999336243	-0.89248600938312
2.5043001174927	-0.89184131470604
2.5090000629425	-0.89089687787657
2.5137000083923	-0.88981689959607
2.5183999538422	-0.88862895520013
2.5230998992920	-0.88724107108135
2.5278000831604	-0.88547391544084
2.5325000286102	-0.88313306059599
2.5371999740601	-0.88006724831853
2.5418999195099	-0.87623194549707
2.5466001033783	-0.87170098847967
2.5513000488281	-0.86666430914917
2.5559999942780	-0.86138058327965
2.5606999397278	-0.85611421323275
2.5653998851776	-0.85108000805873
2.5701000690460	-0.84638471878906
2.5748000144958	-0.84201707174527
2.5794999599457	-0.83785943145976
2.5841999053955	-0.83372753774974
2.5889000892639	-0.82943189528142
2.5936000347137	-0.82483465105807
2.5982999801636	-0.81989463200675
2.6029999256134	-0.81468220752705
2.6077001094818	-0.80935942490176
2.6124000549316	-0.80414488372966
2.6171000003815	-0.79925021360689
2.6217999458313	-0.79483344288765
2.6264998912811	-0.79095114334981
2.6312000751495	-0.78755432353106
2.6359000205994	-0.78450309658480
2.6405999660492	-0.78160803221206
2.6452999114990	-0.77868723919139
2.6500000953674	-0.77560993138262
2.6547000408173	-0.77234356246129
2.6593999862671	-0.76895418156629
2.6640999317169	-0.76559190987800
2.6688001155853	-0.76244722219764
2.6735000610352	-0.75970207554306
2.6782000064850	-0.75747582199965
2.6828999519348	-0.75580036997446
2.6875998973846	-0.75460698026892
2.6923000812531	-0.75374890765868
2.6970000267029	-0.75304394606943
2.7016999721527	-0.75232123417087
2.7063999176025	-0.75146861828225
2.7111001014709	-0.75046458274603
2.7158000469208	-0.74937780799090
2.7204999923706	-0.74835526527415
2.7251999378204	-0.74757069425651
2.7298998832703	-0.74718440743706
2.7346000671387	-0.74729682506877
2.7393000125885	-0.74791895682960
2.7439999580383	-0.74897346445261
2.7486999034882	-0.75031543552337
2.7534000873566	-0.75177279260918
2.7581000328064	-0.75318888926835
2.7627999782562	-0.75446874108431
2.7674999237061	-0.75560648690483
2.7722001075745	-0.75667719328860
2.7769000530243	-0.75782519325156
2.7815999984741	-0.75921583889470
2.7862999439240	-0.76099585663444
2.7909998893738	-0.76324544051898
2.7957000732422	-0.76596772231497
2.8004000186920	-0.76907771327984
2.8050999641418	-0.77243284762731
2.8097999095917	-0.77586807942226
2.8145000934601	-0.77924193365881
2.8192000389099	-0.78247910819174
2.8238999843597	-0.78558319252405
2.8285999298096	-0.78863942690766
2.8333001136780	-0.79179100447196
2.8380000591278	-0.79520010187604
2.8427000045776	-0.79899803055198
2.8473999500275	-0.80325891067088
2.8520998954773	-0.80797198962044
2.8568000793457	-0.81305023860543
2.8615000247955	-0.81835305213315
2.8661999702454	-0.82372324150596
2.8708999156952	-0.82903524583868
2.8756000995636	-0.83422365903210
2.8803000450134	-0.83930599438847
2.8849999904633	-0.84437488433772
2.8896999359131	-0.84957313487223
2.8943998813629	-0.85505620394504
2.8991000652313	-0.86094756509464
2.9038000106812	-0.86730846177606
2.9084999561310	-0.87411985667610
2.9131999015808	-0.88129122093571
2.9179000854492	-0.88868079196684
2.9226000308990	-0.89613983610361
2.9272999763489	-0.90355120785578
2.9319999217987	-0.91086367792065
2.9367001056671	-0.91810247752822
2.9414000511169	-0.92536479304251
2.9460999965668	-0.93279455801316
2.9507999420166	-0.94053911584498
2.9554998874664	-0.94871260282661
2.9602000713348	-0.95736456031214
2.9649000167847	-0.96646254995171
2.9695999622345	-0.97590860191955
2.9742999076843	-0.98555863551711
2.9790000915527	-0.99526596753487
2.9837000370026	-1.0049186822779
2.9883999824524	-1.0144720116522
2.9930999279022	-1.0239582747835
2.9978001117706	-1.0334754211539
3.0025000572205	-1.0431641054194
3.0072000026703	-1.0531633892415
3.0118999481201	-1.0635756036846
3.0165998935699	-1.0744330067986
3.0213000774384	-1.0856914919999
3.0260000228882	-1.0972370137444
3.0306999683380	-1.1089203217385
3.0353999137878	-1.1205878922094
3.0401000976562	-1.1321295980838
3.0448000431061	-1.1435010353748
3.0494999885559	-1.1547349242861
3.0541999340057	-1.1659273702651
3.0589001178741	-1.1772108551004
3.0636000633240	-1.1887124854569
3.0683000087738	-1.2005134770877
3.0729999542236	-1.2126276982626
3.0776998996735	-1.2249884973803
3.0824000835419	-1.2374673037765
3.0871000289917	-1.2498988352640
3.0917999744415	-1.2621232381028
3.0964999198914	-1.2740278382456
3.1012001037598	-1.2855668109352
3.1059000492096	-1.2967747093513
3.1105999946594	-1.3077451155041
3.1152999401093	-1.3186023512903
3.1199998855591	-1.3294616796880
3.1247000694275	-1.3403875776945
3.1294000148773	-1.3513745927979
3.1340999603271	-1.3623401827808
3.1387999057770	-1.3731380064593
3.1435000896454	-1.3835973089212
3.1482000350952	-1.3935587204624
3.1528999805450	-1.4029167781439
3.1575999259949	-1.4116375290141
3.1623001098633	-1.4197676684169
3.1670000553131	-1.4274134200994
3.1717000007629	-1.4347065537973
3.1763999462128	-1.4417654227690
3.1810998916626	-1.4486524959487
3.1858000755310	-1.4553607911308
3.1905000209808	-1.4618085458568
3.1951999664307	-1.4678575685112
3.1998999118805	-1.4733540247099
3.2046000957489	-1.4781648438490
3.2093000411987	-1.4822169212922
3.2139999866486	-1.4855174771436
3.2186999320984	-1.4881490186112
3.2234001159668	-1.4902572129139
3.2281000614166	-1.4920029537656
3.2328000068665	-1.4935298246021
3.2374999523163	-1.4949237189565
3.2421998977661	-1.4962002432044
3.2469000816345	-1.4972999191140
3.2516000270844	-1.4981220478323
3.2562999725342	-1.4985480937597
3.2609999179840	-1.4984982874845
3.2657001018524	-1.4979504375866
3.2704000473022	-1.4969658738910
3.2750999927521	-1.4956825988380
3.2797999382019	-1.4942920923863
3.2844998836517	-1.4929975919524
3.2892000675201	-1.4919792202805
3.2939000129700	-1.4913599004760
3.2985999584198	-1.4911885258375
3.3032999038696	-1.4914507196899
3.3080000877380	-1.4920923652826
3.3127000331879	-1.4930549156202
3.3173999786377	-1.4943191967208
3.3220999240875	-1.4959341601819
3.3268001079559	-1.4980308906054
3.3315000534058	-1.5008198083009
3.3361999988556	-1.5045611858631
3.3408999443054	-1.5095318697266
3.3455998897552	-1.5159845349416
3.3503000736237	-1.5241237316509
3.3550000190735	-1.5340891465545
3.3596999645233	-1.5459651068817
3.3643999099731	-1.5598106369519
3.3691000938416	-1.5756903097372
3.3738000392914	-1.5937198141374
3.3784999847412	-1.6140923240809
3.3831999301910	-1.6370902288178
3.3879001140594	-1.6630814525867
3.3926000595093	-1.6924869424231
3.3973000049591	-1.7257521863522
3.4019999504089	-1.7632924576158
3.4066998958588	-1.8054685472072
3.4114000797272	-1.8525602550178
3.4161000251770	-1.9047605577760
3.4207999706268	-1.9621928068031
3.4254999160767	-2.0249240481798
3.4302000999451	-2.0929870578297
3.4349000453949	-2.1663877154881
3.4395999908447	-2.2450905676279
3.4442999362946	-2.3289874749189
3.4489998817444	-2.4178371825864
3.4537000656128	-2.5111990915128
3.4584000110626	-2.6083574421831
3.4630999565125	-2.7082662802120
3.4677999019623	-2.8095302431818
3.4725000858307	-2.9104194175520
3.4772000312805	-3.0089411485011
3.4818999767303	-3.1029569895177
3.4865999221802	-3.1903357811183
3.4913001060486	-3.2691062216215
3.4960000514984	-3.3376118304580
3.5006999969482	-3.3946059536920
3.5053999423981	-3.4393020373454
3.5100998878479	-3.4713728134822
3.5148000717163	-3.4908950029350
3.5195000171661	-3.4982878217572
3.5241999626160	-3.4942333185397
3.5288999080658	-3.4796308033061
3.5336000919342	-3.4555497822632
3.5383000373840	-3.4232059332988
3.5429999828339	-3.3839290087246
3.5476999282837	-3.3391252667528
3.5524001121521	-3.2902135547856
3.5571000576019	-3.2385650509364
3.5618000030518	-3.1854146486080
3.5664999485016	-3.1318093168336
3.5711998939514	-3.0785611102844
3.5759000778198	-3.0262401429210
3.5806000232697	-2.9752024492615
3.5852999687195	-2.9256390509322
3.5899999141693	-2.8776431855920
3.5947000980377	-2.8312819158966
3.5994000434875	-2.7866450561181
3.6040999889374	-2.7438713717207
3.6087999343872	-2.7031514529411
3.6135001182556	-2.6646914753141
3.6182000637054	-2.6286812103990
3.6229000091553	-2.5952444871633
3.6275999546051	-2.5644081490740
3.6322999000549	-2.5360947768259
3.6370000839233	-2.5101346077802
3.6417000293732	-2.4863065649369
3.6463999748230	-2.4643805784979
3.6510999202728	-2.4441780998281
3.6558001041412	-2.4255991857521
3.6605000495911	-2.4086387210036
3.6651999950409	-2.3933834447345
3.6698999404907	-2.3799684305467
3.6745998859406	-2.3685352237558
3.6793000698090	-2.3591865438927
3.6840000152588	-2.3519489472341
3.6886999607086	-2.3467600720935
3.6933999061584	-2.3434785800614
3.6981000900269	-2.3419187787317
3.7028000354767	-2.3418989914465
3.7074999809265	-2.3432858465148
3.7121999263763	-2.3460334075395
3.7169001102448	-2.3501950472429
3.7216000556946	-2.3559133247742
3.7263000011444	-2.3633861127248
3.7309999465942	-2.3728219644311
3.7356998920441	-2.3843860509972
3.7404000759125	-2.3981717054989
3.7451000213623	-2.4141758219599
3.7497999668121	-2.4323185262204
3.7544999122620	-2.4524682517270
3.7592000961304	-2.4744949360630
3.7639000415802	-2.4983163240895
3.7685999870300	-2.5239353472241
3.7732999324799	-2.5514575131739
3.7780001163483	-2.5810800993275
3.7827000617981	-2.6130514550643
3.7874000072479	-2.6476238083196
3.7920999526978	-2.6850016705754
3.7967998981476	-2.7252896087686
3.8015000820160	-2.7684815946707
3.8062000274658	-2.8144609001599
3.8108999729156	-2.8630369364597
3.8155999183655	-2.9139865307874
3.8203001022339	-2.9671135425609
3.8250000476837	-3.0222846449270
3.8296999931335	-3.0794439581394
3.8343999385834	-3.1386047256700
3.8390998840332	-3.1997999293688
3.8438000679016	-3.2630236960082
3.8485000133514	-3.3281691078136
3.8531999588013	-3.3949723863907
3.8578999042511	-3.4629942553672
3.8626000881195	-3.5316327443607
3.8673000335693	-3.6001674963272
3.8719999790192	-3.6678341128156
3.8766999244690	-3.7339072417639
3.8814001083374	-3.7977628237115
3.8861000537872	-3.8589162954553
3.8907999992371	-3.9170192118461
3.8954999446869	-3.9718272594206
3.9001998901367	-4.0231294844907
3.9049000740051	-4.0706950872859
3.9096000194550	-4.1142275216092
3.9142999649048	-4.1533565003721
3.9189999103546	-4.1876781351297
3.9237000942230	-4.2168262608749
3.9284000396729	-4.2405559326309
3.9330999851227	-4.2588196058105
3.9377999305725	-4.2718161863591
3.9425001144409	-4.2799795643621
3.9472000598907	-4.2839302011029
3.9519000053406	-4.2843804054078
3.9565999507904	-4.2820381546946
3.9612998962402	-4.2775132252147
3.9660000801086	-4.2712664844092
3.9707000255585	-4.2636075516269
3.9753999710083	-4.2547292420033
3.9800999164581	-4.2447831168379
3.9848001003265	-4.2339576514680
3.9895000457764	-4.2225493914341
3.9941999912262	-4.2109958062039
3.9988999366760	-4.1998622715143
4.0036001205444	-4.1897967697113
4.0082998275757	-4.1814531595904
4.0130000114441	-4.1754075573375
4.0177001953125	-4.1720994510167
4.0223999023438	-4.1718007549865
4.0271000862122	-4.1746292087608
4.0317997932434	-4.1806019843186
4.0364999771118	-4.1897127181338
4.0412001609802	-4.2020239693988
4.0458998680115	-4.2177303609735
4.0506000518799	-4.2372091086702
4.0553002357483	-4.2610078107720
4.0599999427795	-4.2898128320298
4.0647001266479	-4.3243711084594
4.0693998336792	-4.3654216851539
4.0741000175476	-4.4136244434526
4.0788002014160	-4.4695364149440
4.0834999084473	-4.5336078353082
4.0882000923157	-4.6062414394403
4.0928997993469	-4.6878647427765
4.0975999832153	-4.7790199171420
4.1023001670837	-4.8804454986730
4.1069998741150	-4.9931153994163
4.1117000579834	-5.1182427867894
4.1163997650146	-5.2572099505122
4.1210999488831	-5.4114706322157
4.1258001327515	-5.5823980213485
4.1304998397827	-5.7711318687265
4.1352000236511	-5.9784185395803
4.1399002075195	-6.2044873526451
4.1445999145508	-6.4489569208535
4.1493000984192	-6.7107859306179
4.1539998054504	-6.9882659045255
4.1586999893188	-7.2790342353413
4.1634001731873	-7.5801172096954
4.1680998802185	-7.8879416674643
4.1728000640869	-8.1983484581333
4.1774997711182	-8.5065871374481
4.1821999549866	-8.8073278017207
4.1869001388550	-9.0947298071845
4.1915998458862	-9.3626450989294
4.1963000297546	-9.6049699548371
4.2010002136230	-9.8161500791191
4.2056999206543	-9.9917556309446
4.2104001045227	-10.128974185664
4.2150998115540	-10.226865740393
4.2197999954224	-10.286284510754
4.2245001792908	-10.309460924999
4.2291998863220	-10.299403591040
4.2339000701904	-10.259281781115
4.2385997772217	-10.191992381801
4.2432999610901	-10.099985093359
4.2480001449585	-9.9853596916881
4.2526998519897	-9.8501307380962
4.2574000358582	-9.6965299022316
4.2621002197266	-9.5272136339171
4.2667999267578	-9.3452903897902
4.2715001106262	-9.1541704152771
4.2761998176575	-8.9572715967197
4.2809000015259	-8.7577065099262
4.2856001853943	-8.5580110925904
4.2902998924255	-8.3600121041649
4.2950000762939	-8.1648251216213
4.2996997833252	-7.9729917553422
4.3043999671936	-7.7846921125090
4.3091001510620	-7.5999804955970
4.3137998580933	-7.4189866871725
4.3185000419617	-7.2420235681272
4.3232002258301	-7.0696019007278
4.3278999328613	-6.9023449110555
4.3326001167297	-6.7408510644836
4.3372998237610	-6.5855401586308
4.3420000076294	-6.4365385552240
4.3467001914978	-6.2936228317211
4.3513998985291	-6.1562558592455
4.3561000823975	-6.0236858141809
4.3607997894287	-5.8950992955879
4.3654999732971	-5.7697774113695
4.3702001571655	-5.6472332535353
4.3748998641968	-5.5272691029343
4.3796000480652	-5.4099749734722
4.3843002319336	-5.2956407846562
4.3889999389648	-5.1846304436203
4.3937001228333	-5.0772407364170
4.3983998298645	-4.9735938398431
4.4031000137329	-4.8735749959115
4.4078001976013	-4.7768445633147
4.4124999046326	-4.6829136027058
4.4172000885010	-4.5912594225183
4.4218997955322	-4.5014459289580
4.4265999794006	-4.4132377194275
4.4313001632690	-4.3266424492161
4.4359998703003	-4.2419049550928
4.4407000541687	-4.1594324712474
4.4454002380371	-4.0796855869418
4.4500999450684	-4.0030544259620
4.4548001289368	-3.9297609991441
4.4594998359680	-3.8598018604328
4.4642000198364	-3.7929625923784
4.4689002037048	-3.7288716896607
4.4735999107361	-3.6671110098887
4.4783000946045	-3.6073197736088
4.4829998016357	-3.5493077217937
4.4876999855042	-3.4930987238724
4.4924001693726	-3.4389353544182
4.4970998764038	-3.3872224708897
4.5018000602722	-3.3384304519171
4.5064997673035	-3.2929853401692
4.5111999511719	-3.2511738798722
4.5159001350403	-3.2130809043098
4.5205998420715	-3.1785955383761
4.5253000259399	-3.1474527748393
4.5300002098083	-3.1193292055398
4.5346999168396	-3.0939490618888
4.5394001007080	-3.0711869591294
4.5440998077393	-3.0511245698291
4.5487999916077	-3.0340687726448
4.5535001754761	-3.0204958153256
4.5581998825073	-3.0109663166807
4.5629000663757	-3.0060044958757
4.5675997734070	-3.0059878582436
4.5722999572754	-3.0110743533313
4.5770001411438	-3.0211681713048
4.5816998481750	-3.0359500052516
4.5864000320435	-3.0549582209936
4.5911002159119	-3.0776960359090
4.5957999229431	-3.1037450496679
4.6005001068115	-3.1328552086461
4.6051998138428	-3.1649741869472
4.6098999977112	-3.2002227013723
4.6146001815796	-3.2388138478821
4.6192998886108	-3.2809273530492
4.6240000724792	-3.3265804990453
4.6286997795105	-3.3755343667077
4.6333999633789	-3.4272433325898
4.6381001472473	-3.4808774754378
4.6427998542786	-3.5354251398030
4.6475000381470	-3.5898188996840
4.6522002220154	-3.6430957334542
4.6568999290466	-3.6945157764046
4.6616001129150	-3.7436119585521
4.6662998199463	-3.7901663227748
4.6710000038147	-3.8340963590225
4.6757001876831	-3.8753069082291
4.6803998947144	-3.9135267931446
4.6851000785828	-3.9482118792117
4.6897997856140	-3.9785112812591
4.6944999694824	-4.0033581016686
4.6992001533508	-4.0216346856277
4.7038998603821	-4.0323925024486
4.7086000442505	-4.0350647326343
4.7133002281189	-4.0295998832408
4.7179999351501	-4.0164915852232
4.7227001190186	-3.9966866542653
4.7273998260498	-3.9713966252103
4.7321000099182	-3.9418687557895
4.7368001937866	-3.9091812078033
4.7414999008179	-3.8741065046838
4.7462000846863	-3.8370837976445
4.7508997917175	-3.7982809035609
4.7555999755859	-3.7577462065663
4.7603001594543	-3.7155772468143
4.7649998664856	-3.6720767371969
4.7697000503540	-3.6278321789583
4.7744002342224	-3.5837117248298
4.7790999412537	-3.5407649733332
4.7838001251221	-3.5000576676080
4.7884998321533	-3.4624978359197
4.7932000160217	-3.4286743356414
4.7979001998901	-3.3987760260891
4.8025999069214	-3.3725863559847
4.8073000907898	-3.3495799404606
4.8119997978210	-3.3290770691502
4.8166999816895	-3.3104349743872
4.8214001655579	-3.2932326171268
4.8260998725891	-3.2773720101996
4.8308000564575	-3.2631155384345
4.8354997634888	-3.2510014384581
4.8401999473572	-3.2416984897801
4.8449001312256	-3.2358146499843
4.8495998382568	-3.2337203612483
4.8543000221252	-3.2354269467228
4.8590002059937	-3.2405580188763
4.8636999130249	-3.2484110815829
4.8684000968933	-3.2581251555036
4.8730998039246	-3.2688717138915
4.8777999877930	-3.2800686339796
4.8825001716614	-3.2915196537789
4.8871998786926	-3.3034618521555
4.8919000625610	-3.3165043353655
4.8965997695923	-3.3314580861375
4.9012999534607	-3.3491210379722
4.9060001373291	-3.3700577090845
4.9106998443604	-3.3944387902448
4.9154000282288	-3.4219756074118
4.9201002120972	-3.4519807466019
4.9247999191284	-3.4835304114133
4.9295001029968	-3.5157016384203
4.9341998100281	-3.5478170759121
4.9388999938965	-3.5796376544006
4.9436001777649	-3.6114335814588
4.9482998847961	-3.6439375589405
4.9530000686646	-3.6781527230318
4.9576997756958	-3.7150983947272
4.9623999595642	-3.7555369036091
4.9671001434326	-3.7997594706467
4.9717998504639	-3.8474973430454
4.9765000343323	-3.8979518420298
4.9812002182007	-3.9499949782363
4.9858999252319	-4.0024421000127
4.9906001091003	-4.0543683251955
4.9952998161316	-4.1053606896076
5.0000000000000	-4.1556412663809
#Parameters = {R_fat=48; R_glandular=38; R_skin_outer=50; T10=5; T15=7.5; T5=2.5; T_rad=4; T_x=10; T_y=0; T_z=75; Zc=65; skin_thickness=2; Mesh Pass=2}
#"Frequency / GHz"	"S1,1 (Mesh Pass=2) [Magnitude / dB]"
#-------------------------------------------------------
0.30000001192093	-8.7034491285038
0.30469998717308	-8.3853366752258
0.30939999222755	-8.1756223225243
0.31409999728203	-8.1297528438852
0.31880000233650	-8.2670202673232
0.32350000739098	-8.5736430066175
0.32820001244545	-8.9980554461280
0.33289998769760	-9.4390710866239
0.33759999275208	-9.7470583638118
0.34229999780655	-9.7793021447947
0.34700000286102	-9.5051765308485
0.35170000791550	-9.0453629877790
0.35640001296997	-8.5865099634960
0.36109998822212	-8.2855811754858
0.36579999327660	-8.2454750977980
0.37049999833107	-8.5378520123895
0.37520000338554	-9.2395465836248
0.37990000844002	-10.479359261224
0.38460001349449	-12.527950396562
0.38929998874664	-16.085550020844
0.39399999380112	-24.107296170863
0.39869999885559	-26.563130565996
0.40340000391006	-15.796430353022
0.40810000896454	-11.097126259032
0.41280001401901	-8.2457432845332
0.41749998927116	-6.3985547883401
0.42219999432564	-5.2211683189520
0.42689999938011	-4.5291685808313
0.43160000443459	-4.2007777905816
0.43630000948906	-4.1489236533247
0.44100001454353	-4.3077830325149
0.44569998979568	-4.6215321203474
0.45039999485016	-5.0324827122934
0.45509999990463	-5.4703321437473
0.45980000495911	-5.8499395020432
0.46450001001358	-6.0888487357719
0.46919998526573	-6.1438212112281
0.47389999032021	-6.0368713483987
0.47859999537468	-5.8404947047038
0.48330000042915	-5.6364684978256
0.48800000548363	-5.4849021067831
0.49270001053810	-5.4156594215948
0.49739998579025	-5.4322565654025
0.50209999084473	-5.5180182303859
0.50679999589920	-5.6413112661793
0.51150000095367	-5.7616028481037
0.51620000600815	-5.8391698984277
0.52090001106262	-5.8479234280136
0.52560001611710	-5.7852286688724
0.53030002117157	-5.6715482125608
0.53500002622604	-5.5399010890816
0.53969997167587	-5.4226120279559
0.54439997673035	-5.3421741471372
0.54909998178482	-5.3077663551041
0.55379998683929	-5.3155081225032
0.55849999189377	-5.3507299957696
0.56319999694824	-5.3918237150192
0.56790000200272	-5.4159266867825
0.57260000705719	-5.4058026996322
0.57730001211166	-5.3554818221866
0.58200001716614	-5.2717510782853
0.58670002222061	-5.1706546957143
0.59140002727509	-5.0711520323969
0.59609997272491	-4.9891470507650
0.60079997777939	-4.9337217822148
0.60549998283386	-4.9057906462659
0.61019998788834	-4.8986419058817
0.61489999294281	-4.9000140645730
0.61959999799728	-4.8955100220019
0.62430000305176	-4.8728144646739
0.62900000810623	-4.8254911632414
0.63370001316071	-4.7548056247956
0.63840001821518	-4.6687528630067
0.64310002326965	-4.5789161454465
0.64780002832413	-4.4966409675110
0.65249997377396	-4.4299357456434
0.65719997882843	-4.3816997597742
0.66189998388290	-4.3493815874465
0.66659998893738	-4.3259310657263
0.67129999399185	-4.3018551870051
0.67599999904633	-4.2680144474896
0.68070000410080	-4.2183915190298
0.68540000915527	-4.1518651050562
0.69010001420975	-4.0722891572661
0.69480001926422	-3.9869645416428
0.69950002431870	-3.9041814936044
0.70420002937317	-3.8307821225222
0.70889997482300	-3.7704022491592
0.71359997987747	-3.7226882587116
0.71829998493195	-3.6835642898198
0.72299998998642	-3.6464756527984
0.72769999504089	-3.6043440018042
0.73240000009537	-3.5517134007120
0.73710000514984	-3.4864063927218
0.74180001020432	-3.4100869415238
0.74650001525879	-3.3275497745902
0.75120002031326	-3.2451159237028
0.75590002536774	-3.1686896269344
0.76059997081757	-3.1021225963405
0.76529997587204	-3.0462238191063
0.76999998092651	-2.9986509738456
0.77469998598099	-2.9546572163612
0.77939999103546	-2.9085569230286
0.78409999608994	-2.8554893615504
0.78880000114441	-2.7929428978403
0.79350000619888	-2.7215039685473
0.79820001125336	-2.6445871490988
0.80290001630783	-2.5672795753768
0.80760002136230	-2.4947450991443
0.81230002641678	-2.4306925708232
0.81699997186661	-2.3763380607858
0.82169997692108	-2.3301206484587
0.82639998197556	-2.2882169054472
0.83109998703003	-2.2457907757504
0.83579999208450	-2.1985642115089
0.84049999713898	-2.1442447319637
0.84520000219345	-2.0832911524249
0.84990000724792	-2.0187766741416
0.85460001230240	-1.9553843968543
0.85930001735687	-1.8979104911074
0.86400002241135	-1.8498089163831
0.86870002746582	-1.8121252857000
0.87339997291565	-1.7832256422338
0.87809997797012	-1.7593405410274
0.88279998302460	-1.7358415761092
0.88749998807907	-1.7088374773143
0.89219999313354	-1.6766143748332
0.89689999818802	-1.6403304404179
0.90160000324249	-1.6037829929995
0.90630000829697	-1.5722482005018
0.91100001335144	-1.5508724608265
0.91570001840591	-1.5430731101140
0.92040002346039	-1.5495211707013
0.92510002851486	-1.5679792240684
0.92979997396469	-1.5941257509862
0.93449997901917	-1.6231622468903
0.93919998407364	-1.6517371441431
0.94389998912811	-1.6795295060339
0.94859999418259	-1.7099084773830
0.95329999923706	-1.7493961516180
0.95800000429153	-1.8060755077270
0.96270000934601	-1.8875174186580
0.96740001440048	-1.9989103624289
0.97210001945496	-2.1419963953141
0.97680002450943	-2.3152590297890
0.98150002956390	-2.5153648525374
0.98619997501373	-2.7396957946378
0.99089998006821	-2.9893239193798
0.99559998512268	-3.2715405442125
1.0003000497818	-3.6011270977888
1.0049999952316	-4.0000019760929
1.0096999406815	-4.4955604248832
1.0144000053406	-5.1187462066364
1.0190999507904	-5.9029397839447
1.0238000154495	-6.8842510767687
1.0284999608994	-8.1026136712565
1.0332000255585	-9.5994933668734
1.0378999710083	-11.395368612242
1.0426000356674	-13.383322812571
1.0472999811172	-14.996898385577
1.0520000457764	-15.085596569145
1.0566999912262	-13.524092974882
1.0614000558853	-11.455854150307
1.0661000013351	-9.5472375757924
1.0707999467850	-7.9443721371589
1.0755000114441	-6.6364013548001
1.0801999568939	-5.5834212702622
1.0849000215530	-4.7446670779157
1.0895999670029	-4.0820018496426
1.0943000316620	-3.5591997333776
1.0989999771118	-3.1419305886700
1.1037000417709	-2.7993172493182
1.1083999872208	-2.5063141012337
1.1131000518799	-2.2457607225969
1.1177999973297	-2.0089509064552
1.1224999427795	-1.7943875365234
1.1272000074387	-1.6050528347475
1.1318999528885	-1.4451242860894
1.1366000175476	-1.3171276272756
1.1412999629974	-1.2201910593637
1.1460000276566	-1.1496445100444
1.1506999731064	-1.0978984155469
1.1554000377655	-1.0562033382033
1.1600999832153	-1.0167771297228
1.1648000478745	-0.97459250103394
1.1694999933243	-0.92833332873962
1.1742000579834	-0.88017218604087
1.1789000034332	-0.83454579184204
1.1835999488831	-0.79636155159262
1.1883000135422	-0.76928341475523
1.1929999589920	-0.75456338301401
1.1977000236511	-0.75074553012566
1.2023999691010	-0.75414553726380
1.2071000337601	-0.76001043575788
1.2117999792099	-0.76389593642734
1.2165000438690	-0.76293453499538
1.2211999893188	-0.75653467626795
1.2259000539780	-0.74639134665423
1.2305999994278	-0.73573582951205
1.2352999448776	-0.72821686097220
1.2400000095367	-0.72669963262393
1.2446999549866	-0.73244722214908
1.2494000196457	-0.74480731685638
1.2540999650955	-0.76151288286070
1.2588000297546	-0.77942107053728
1.2634999752045	-0.79547762693268
1.2682000398636	-0.80762874984098
1.2728999853134	-0.81536990106150
1.2776000499725	-0.81981896531491
1.2822999954224	-0.82325963130870
1.2869999408722	-0.82837834053228
1.2917000055313	-0.83740556418365
1.2963999509811	-0.85148304763545
1.3011000156403	-0.87037088244530
1.3057999610901	-0.89261233306782
1.3105000257492	-0.91600689371409
1.3151999711990	-0.93831785286677
1.3199000358582	-0.95793285672443
1.3245999813080	-0.97432657161555
1.3293000459671	-0.98817194859562
1.3339999914169	-1.0010793964743
1.3387000560760	-1.0150621336544
1.3434000015259	-1.0319170340691
1.3480999469757	-1.0527012172129
1.3528000116348	-1.0774766460485
1.3574999570847	-1.1053442748561
1.3622000217438	-1.1347601052747
1.3668999671936	-1.1640344842658
1.3716000318527	-1.1918392663218
1.3762999773026	-1.2176018687431
1.3810000419617	-1.2416589318380
1.3856999874115	-1.2651241125484
1.3904000520706	-1.2895335756344
1.3950999975204	-1.3163864269688
1.3997999429703	-1.3467178611961
1.4045000076294	-1.3808332363595
1.4091999530792	-1.4182762908189
1.4139000177383	-1.4580005434835
1.4185999631882	-1.4987194491489
1.4233000278473	-1.5393013217310
1.4279999732971	-1.5791184442488
1.4327000379562	-1.6182319377171
1.4373999834061	-1.6573728801153
1.4421000480652	-1.6977228284889
1.4467999935150	-1.7405783936213
1.4515000581741	-1.7869931901559
1.4562000036240	-1.8375135813671
1.4608999490738	-1.8920617906190
1.4656000137329	-1.9500085352175
1.4702999591827	-2.0103898963352
1.4750000238419	-2.0722218615324
1.4796999692917	-2.1348095526712
1.4844000339508	-2.1979726202729
1.4890999794006	-2.2621190434321
1.4938000440598	-2.3281425246513
1.4984999895096	-2.3971931952599
1.5032000541687	-2.4703731194441
1.5078999996185	-2.5484622523354
1.5125999450684	-2.6317344925596
1.5173000097275	-2.7199252169339
1.5219999551773	-2.8123461626465
1.5267000198364	-2.9081166484129
1.5313999652863	-3.0064512145043
1.5361000299454	-3.1069230577570
1.5407999753952	-3.2096291392109
1.5455000400543	-3.3152023598812
1.5501999855042	-3.4246714651716
1.5549000501633	-3.5392074024507
1.5595999956131	-3.6598302075274
1.5642999410629	-3.7871576077354
1.5690000057220	-3.9212611216047
1.5736999511719	-4.0616798145943
1.5784000158310	-4.2075712704238
1.5830999612808	-4.3579925252252
1.5878000259399	-4.5122067007915
1.5924999713898	-4.6699549096247
1.5972000360489	-4.8315890746040
1.6018999814987	-4.9980333300573
1.6066000461578	-5.1705745353873
1.6112999916077	-5.3505418044610
1.6160000562668	-5.5389573729976
1.6207000017166	-5.7362767322477
1.6253999471664	-5.9422647961174
1.6301000118256	-6.1560795394144
1.6347999572754	-6.3765336516512
1.6395000219345	-6.6024817908254
1.6441999673843	-6.8332210199808
1.6489000320435	-7.0687915035619
1.6535999774933	-7.3100567446940
1.6583000421524	-7.5585498706809
1.6629999876022	-7.8161031998431
1.6677000522614	-8.0843654241975
1.6723999977112	-8.3643669350478
1.6770999431610	-8.6562318100696
1.6818000078201	-8.9591541884976
1.6864999532700	-9.2716587182616
1.6912000179291	-9.5921072967628
1.6958999633789	-9.9193022583100
1.7006000280380	-10.253020112476
1.7052999734879	-10.594297989693
1.7100000381470	-10.945317440193
1.7146999835968	-11.308961501929
1.7194000482559	-11.688115577505
1.7240999937057	-12.084913794154
1.7288000583649	-12.500204193275
1.7335000038147	-12.933339685027
1.7381999492645	-13.382463713774
1.7429000139236	-13.845205076350
1.7475999593735	-14.319701327622
1.7523000240326	-14.805586259219
1.7569999694824	-15.304658268024
1.7617000341415	-15.820884560605
1.7663999795914	-16.359713674978
1.7711000442505	-16.926829921794
1.7757999897003	-17.526651334822
1.7805000543594	-18.160958103796
1.7851999998093	-18.828059109282
1.7898999452591	-19.522694685025
1.7946000099182	-20.236975264223
1.7992999553680	-20.962108568763
1.8040000200272	-21.690403285623
1.8086999654770	-22.416341289710
1.8134000301361	-23.135461326729
1.8180999755859	-23.840146090664
1.8228000402451	-24.512780910815
1.8274999856949	-25.118741307922
1.8322000503540	-25.604567817902
1.8368999958038	-25.908761307047
1.8415999412537	-25.987070453025
1.8463000059128	-25.837661743497
1.8509999513626	-25.503488965569
1.8557000160217	-25.049313112355
1.8603999614716	-24.534563748790
1.8651000261307	-23.999344881924
1.8697999715805	-23.463966021081
1.8745000362396	-22.935154160567
1.8791999816895	-22.413364835866
1.8839000463486	-21.898475078601
1.8885999917984	-21.392829387815
1.8933000564575	-20.901712006871
1.8980000019073	-20.431932854014
1.9026999473572	-19.989824681257
1.9074000120163	-19.579447505583
1.9120999574661	-19.201664053148
1.9168000221252	-18.854121855824
1.9214999675751	-18.532030434018
1.9262000322342	-18.229492594350
1.9308999776840	-17.940975731485
1.9356000423431	-17.662589602766
1.9402999877930	-17.392776975019
1.9450000524521	-17.132274799675
1.9496999979019	-16.883393909573
1.9543999433517	-16.648931869343
1.9591000080109	-16.431065168426
1.9637999534607	-16.230570649199
1.9685000181198	-16.046521027949
1.9731999635696	-15.876488050100
1.9779000282288	-15.717165078757
1.9825999736786	-15.565228064843
1.9873000383377	-15.418163659907
1.9919999837875	-15.274848478240
1.9967000484467	-15.135685915820
2.0013999938965	-15.002294464288
2.0060999393463	-14.876861215606
2.0107998847961	-14.761383974679
2.0155000686646	-14.657024210968
2.0202000141144	-14.563753438539
2.0248999595642	-14.480344189246
2.0295999050140	-14.404716831445
2.0343000888824	-14.334506237896
2.0390000343323	-14.267713488240
2.0436999797821	-14.203232144258
2.0483999252319	-14.141104544766
2.0531001091003	-14.082434949124
2.0578000545502	-14.028990108735
2.0625000000000	-13.982640066765
2.0671999454498	-13.944783149103
2.0718998908997	-13.915943659652
2.0766000747681	-13.895622663023
2.0813000202179	-13.882442921100
2.0859999656677	-13.874531567265
2.0906999111176	-13.870047033089
2.0954000949860	-13.867692982402
2.1001000404358	-13.867071340984
2.1047999858856	-13.868771670166
2.1094999313354	-13.874171066865
2.1142001152039	-13.885011901739
2.1189000606537	-13.902887893349
2.1236000061035	-13.928788260625
2.1282999515533	-13.962809711820
2.1329998970032	-14.004122331668
2.1377000808716	-14.051184067923
2.1424000263214	-14.102151005974
2.1470999717712	-14.155379853302
2.1517999172211	-14.209866369079
2.1565001010895	-14.265507662507
2.1612000465393	-14.323103509203
2.1658999919891	-14.384086098238
2.1705999374390	-14.450084311279
2.1752998828888	-14.522421305388
2.1800000667572	-14.601695877492
2.1847000122070	-14.687569362171
2.1893999576569	-14.778783827886
2.1940999031067	-14.873435478602
2.1988000869751	-14.969414247137
2.2035000324249	-15.064928486190
2.2081999778748	-15.158896119228
2.2128999233246	-15.251203857367
2.2176001071930	-15.342617384868
2.2223000526428	-15.434471793342
2.2269999980927	-15.528183618125
2.2316999435425	-15.624758956914
2.2363998889923	-15.724357304153
2.2411000728607	-15.826120362490
2.2458000183105	-15.928261742718
2.2504999637604	-16.028372364781
2.2551999092102	-16.123944874848
2.2599000930786	-16.212916424461
2.2646000385284	-16.294108011909
2.2692999839783	-16.367446752376
2.2739999294281	-16.433831720809
2.2787001132965	-16.494799840350
2.2834000587463	-16.551984074981
2.2881000041962	-16.606565109003
2.2927999496460	-16.658883797213
2.2974998950958	-16.708264055272
2.3022000789642	-16.753141982942
2.3069000244141	-16.791428272717
2.3115999698639	-16.821078134996
2.3162999153137	-16.840628801696
2.3210000991821	-16.849639168726
2.3257000446320	-16.848859867744
2.3303999900818	-16.840073338765
2.3350999355316	-16.825654061850
2.3397998809814	-16.808017258283
2.3445000648499	-16.789051282964
2.3492000102997	-16.769714781128
2.3538999557495	-16.749904255916
2.3585999011993	-16.728613776905
2.3633000850677	-16.704322482730
2.3680000305176	-16.675555724223
2.3726999759674	-16.641424152349
2.3773999214172	-16.601986929232
2.3821001052856	-16.558393194465
2.3868000507355	-16.512627359599
2.3914999961853	-16.467099901874
2.3961999416351	-16.424075445510
2.4008998870850	-16.385152554770
2.4056000709534	-16.350958775311
2.4103000164032	-16.321077720537
2.4149999618530	-16.294268113384
2.4196999073029	-16.268896392967
2.4244000911713	-16.243496960146
2.4291000366211	-16.217235612567
2.4337999820709	-16.190237878037
2.4384999275208	-16.163599262907
2.4432001113892	-16.139117727647
2.4479000568390	-16.118859643491
2.4526000022888	-16.104595289607
2.4572999477386	-16.097389178391
2.4619998931885	-16.097337840412
2.4667000770569	-16.103617079492
2.4714000225067	-16.114742243936
2.4760999679565	-16.129035787344
2.4807999134064	-16.145134277916
2.4855000972748	-16.162408188691
2.4902000427246	-16.181190420184
2.4948999881744	-16.202688628400
2.4995999336243	-16.228675411342
2.5043001174927	-16.261004492073
2.5090000629425	-16.301133984775
2.5137000083923	-16.349725650513
2.5183999538422	-16.406510029658
2.5230998992920	-16.470393984685
2.5278000831604	-16.539781521993
2.5325000286102	-16.613061843407
2.5371999740601	-16.689097284372
2.5418999195099	-16.767573811225
2.5466001033783	-16.849144524192
2.5513000488281	-16.935262456128
2.5559999942780	-17.027802584743
2.5606999397278	-17.128561280589
2.5653998851776	-17.238775537544
2.5701000690460	-17.358794992846
2.5748000144958	-17.488022683713
2.5794999599457	-17.625048239788
2.5841999053955	-17.768088304637
2.5889000892639	-17.915469662970
2.5936000347137	-18.066140430268
2.5982999801636	-18.219982155671
2.6029999256134	-18.377880050467
2.6077001094818	-18.541482182431
2.6124000549316	-18.712729330884
2.6171000003815	-18.893305593135
2.6217999458313	-19.084128716919
2.6264998912811	-19.285022594619
2.6312000751495	-19.494666373360
2.6359000205994	-19.710818033314
2.6405999660492	-19.930760735703
2.6452999114990	-20.151887581152
2.6500000953674	-20.372219101353
2.6547000408173	-20.590734237113
2.6593999862671	-20.807382707097
2.6640999317169	-21.022772509825
2.6688001155853	-21.237595581858
2.6735000610352	-21.451984478296
2.6782000064850	-21.664920194709
2.6828999519348	-21.873894173233
2.6875998973846	-22.074876003674
2.6923000812531	-22.262609623676
2.6970000267029	-22.431248659639
2.7016999721527	-22.575107455588
2.7063999176025	-22.689465019016
2.7111001014709	-22.771155628017
2.7158000469208	-22.818780912822
2.7204999923706	-22.832624697339
2.7251999378204	-22.814173861274
2.7298998832703	-22.765505304203
2.7346000671387	-22.688707971450
2.7393000125885	-22.585409466108
2.7439999580383	-22.456604338926
2.7486999034882	-22.302746406636
2.7534000873566	-22.124122957776
2.7581000328064	-21.921383833345
2.7627999782562	-21.696023507865
2.7674999237061	-21.450696336345
2.7722001075745	-21.189249519194
2.7769000530243	-20.916351403120
2.7815999984741	-20.636924647688
2.7862999439240	-20.355418068904
2.7909998893738	-20.075239331600
2.7957000732422	-19.798385545596
2.8004000186920	-19.525382241335
2.8050999641418	-19.255587856588
2.8097999095917	-18.987706029911
2.8145000934601	-18.720419871942
2.8192000389099	-18.453014483757
2.8238999843597	-18.185716276292
2.8285999298096	-17.919737494390
2.8333001136780	-17.657007736925
2.8380000591278	-17.399682649760
2.8427000045776	-17.149587084632
2.8473999500275	-16.907738822204
2.8520998954773	-16.674152839137
2.8568000793457	-16.447864796241
2.8615000247955	-16.227266733751
2.8661999702454	-16.010573706078
2.8708999156952	-15.796345778524
2.8756000995636	-15.583888146137
2.8803000450134	-15.373397246751
2.8849999904633	-15.165868262811
2.8896999359131	-14.962728709792
2.8943998813629	-14.765380786996
2.8991000652313	-14.574761443858
2.9038000106812	-14.391062202295
2.9084999561310	-14.213666409078
2.9131999015808	-14.041332426452
2.9179000854492	-13.872558170061
2.9226000308990	-13.706004496991
2.9272999763489	-13.540878335967
2.9319999217987	-13.377115850800
2.9367001056671	-13.215377524202
2.9414000511169	-13.056776146685
2.9460999965668	-12.902521660245
2.9507999420166	-12.753515301270
2.9554998874664	-12.610079397226
2.9602000713348	-12.471850166869
2.9649000167847	-12.337888259670
2.9695999622345	-12.206961374995
2.9742999076843	-12.077908010851
2.9790000915527	-11.949973079364
2.9837000370026	-11.823018308236
2.9883999824524	-11.697525873029
2.9930999279022	-11.574427743880
2.9978001117706	-11.454784266353
3.0025000572205	-11.339446161829
3.0072000026703	-11.228783236879
3.0118999481201	-11.122575550287
3.0165998935699	-11.020074652714
3.0213000774384	-10.920239509769
3.0260000228882	-10.822046435543
3.0306999683380	-10.724795273223
3.0353999137878	-10.628310035420
3.0401000976562	-10.532972104715
3.0448000431061	-10.439585022643
3.0494999885559	-10.349093341844
3.0541999340057	-10.262289074831
3.0589001178741	-10.179558846444
3.0636000633240	-10.100752588806
3.0683000087738	-10.025245844174
3.0729999542236	-9.9521239639820
3.0776998996735	-9.8804636305009
3.0824000835419	-9.8096116507086
3.0871000289917	-9.7393807860064
3.0917999744415	-9.6700882239965
3.0964999198914	-9.6024434329755
3.1012001037598	-9.5373073106575
3.1059000492096	-9.4754209073553
3.1105999946594	-9.4171560075169
3.1152999401093	-9.3624040687900
3.1199998855591	-9.3106141628309
3.1247000694275	-9.2609464747293
3.1294000148773	-9.2125527736515
3.1340999603271	-9.1648120868471
3.1387999057770	-9.1175375767185
3.1435000896454	-9.0710105268654
3.1482000350952	-9.0258782327329
3.1528999805450	-8.9829480485472
3.1575999259949	-8.9429122391229
3.1623001098633	-8.9061297216865
3.1670000553131	-8.8725108437565
3.1717000007629	-8.8415312955163
3.1763999462128	-8.8124036423149
3.1810998916626	-8.7843107557533
3.1858000755310	-8.7566507443501
3.1905000209808	-8.7292339202547
3.1951999664307	-8.7023121324310
3.1998999118805	-8.6764911849035
3.2046000957489	-8.6525323870812
3.2093000411987	-8.6310886481355
3.2139999866486	-8.6124862095775
3.2186999320984	-8.5966164895272
3.2234001159668	-8.5829510164572
3.2281000614166	-8.5707029611720
3.2328000068665	-8.5590499330454
3.2374999523163	-8.5473876512218
3.2421998977661	-8.5355032122503
3.2469000816345	-8.5236160385431
3.2516000270844	-8.5122878201365
3.2562999725342	-8.5022154563930
3.2609999179840	-8.4939794649759
3.2657001018524	-8.4878243912929
3.2704000473022	-8.4835555384707
3.2750999927521	-8.4805600323071
3.2797999382019	-8.4779674143755
3.2844998836517	-8.4748868375115
3.2892000675201	-8.4706505495586
3.2939000129700	-8.4649862136309
3.2985999584198	-8.4580515080746
3.3032999038696	-8.4503254626159
3.3080000877380	-8.4424005334079
3.3127000331879	-8.4347115463992
3.3173999786377	-8.4273372391576
3.3220999240875	-8.4198920952955
3.3268001079559	-8.4115767361086
3.3315000534058	-8.4013517505006
3.3361999988556	-8.3881992541176
3.3408999443054	-8.3713587676217
3.3455998897552	-8.3505057820135
3.3503000736237	-8.3257472871617
3.3550000190735	-8.2975076153256
3.3596999645233	-8.2662883641597
3.3643999099731	-8.2324006534577
3.3691000938416	-8.1957809962076
3.3738000392914	-8.1559216893599
3.3784999847412	-8.1119503668580
3.3831999301910	-8.0628617256461
3.3879001140594	-8.0077696572922
3.3926000595093	-7.9461596593401
3.3973000049591	-7.8780047888160
3.4019999504089	-7.8037439715784
3.4066998958588	-7.7241166933015
3.4114000797272	-7.6398927411346
3.4161000251770	-7.5516607174653
3.4207999706268	-7.4596475368930
3.4254999160767	-7.3637072592163
3.4302000999451	-7.2634599006801
3.4349000453949	-7.1584856949507
3.4395999908447	-7.0485938635447
3.4442999362946	-6.9339785685898
3.4489998817444	-6.8152826455645
3.4537000656128	-6.6935180764580
3.4584000110626	-6.5698611978821
3.4630999565125	-6.4454285872793
3.4677999019623	-6.3210768753586
3.4725000858307	-6.1972914512879
3.4772000312805	-6.0742097796426
3.4818999767303	-5.9517465118164
3.4865999221802	-5.8297873778967
3.4913001060486	-5.7083769275580
3.4960000514984	-5.5878398265278
3.5006999969482	-5.4688033751237
3.5053999423981	-5.3521136803975
3.5100998878479	-5.2386762311392
3.5148000717163	-5.1292660900150
3.5195000171661	-5.0243848998281
3.5241999626160	-4.9241941932165
3.5288999080658	-4.8285431049872
3.5336000919342	-4.7370773074017
3.5383000373840	-4.6494128508410
3.5429999828339	-4.5652826230108
3.5476999282837	-4.4846468618589
3.5524001121521	-4.4077171017225
3.5571000576019	-4.3348920497222
3.5618000030518	-4.2666316848317
3.5664999485016	-4.2033102475572
3.5711998939514	-4.1450907114778
3.5759000778198	-4.0918614453490
3.5806000232697	-4.0432598437000
3.5852999687195	-3.9987616249379
3.5899999141693	-3.9578184758631
3.5947000980377	-3.9199973434072
3.5994000434875	-3.8850773024276
3.6040999889374	-3.8530850858147
3.6087999343872	-3.8242398789436
3.6135001182556	-3.7988584258466
3.6182000637054	-3.7772127409241
3.6229000091553	-3.7594117755753
3.6275999546051	-3.7453375282351
3.6322999000549	-3.7346441872332
3.6370000839233	-3.7268404721861
3.6417000293732	-3.7213943938324
3.6463999748230	-3.7178846312047
3.6510999202728	-3.7160812629071
3.6558001041412	-3.7159975267867
3.6605000495911	-3.7178566701644
3.6651999950409	-3.7219867361444
3.6698999404907	-3.7287020787925
3.6745998859406	-3.7381791375133
3.6793000698090	-3.7503778756357
3.6840000152588	-3.7650396932867
3.6886999607086	-3.7817380603602
3.6933999061584	-3.7999977519419
3.6981000900269	-3.8194247413663
3.7028000354767	-3.8398110297561
3.7074999809265	-3.8611835899758
3.7121999263763	-3.8837885020497
3.7169001102448	-3.9079967154197
3.7216000556946	-3.9341798586827
3.7263000011444	-3.9625857258336
3.7309999465942	-3.9932482455818
3.7356998920441	-4.0259691296153
3.7404000759125	-4.0603664116717
3.7451000213623	-4.0959879227587
3.7497999668121	-4.1324428256578
3.7544999122620	-4.1695218883028
3.7592000961304	-4.2072572394250
3.7639000415802	-4.2459084718653
3.7685999870300	-4.2858857648767
3.7732999324799	-4.3276135316509
3.7780001163483	-4.3713939864608
3.7827000617981	-4.4173100862950
3.7874000072479	-4.4651939824179
3.7920999526978	-4.5146672982887
3.7967998981476	-4.5652571859157
3.8015000820160	-4.6165401441491
3.8062000274658	-4.6682695280316
3.8108999729156	-4.7204578599903
3.8155999183655	-4.7733693475706
3.8203001022339	-4.8274372625638
3.8250000476837	-4.8831297566175
3.8296999931335	-4.9407873934331
3.8343999385834	-5.0005130942575
3.8390998840332	-5.0621269999178
3.8438000679016	-5.1252044591125
3.8485000133514	-5.1891990273462
3.8531999588013	-5.2535996966589
3.8578999042511	-5.3180845026251
3.8626000881195	-5.3826112083005
3.8673000335693	-5.4474304196195
3.8719999790192	-5.5129869325813
3.8766999244690	-5.5797693464023
3.8814001083374	-5.6481316568130
3.8861000537872	-5.7181580152869
3.8907999992371	-5.7895972998228
3.8954999446869	-5.8619194039138
3.9001998901367	-5.9344380736202
3.9049000740051	-6.0065071338430
3.9096000194550	-6.0776915662084
3.9142999649048	-6.1478864776646
3.9189999103546	-6.2173247730089
3.9237000942230	-6.2864698771285
3.9284000396729	-6.3558341278908
3.9330999851227	-6.4257738854011
3.9377999305725	-6.4963228671108
3.9425001144409	-6.5671337298472
3.9472000598907	-6.6375360965642
3.9519000053406	-6.7067017230213
3.9565999507904	-6.7738697888890
3.9612998962402	-6.8385615515092
3.9660000801086	-6.9007011717145
3.9707000255585	-6.9606186130402
3.9753999710083	-7.0189093326727
3.9800999164581	-7.0762110744292
3.9848001003265	-7.1329629584890
3.9895000457764	-7.1892247594727
3.9941999912262	-7.2446262958972
3.9988999366760	-7.2984555301441
4.0036001205444	-7.3498665513764
4.0082998275757	-7.3981518535820
4.0130000114441	-7.4429683765880
4.0177001953125	-7.4844613676488
4.0223999023438	-7.5232282243594
4.0271000862122	-7.5601398749020
4.0317997932434	-7.5960642498017
4.0364999771118	-7.6316051342309
4.0412001609802	-7.6669164991930
4.0458998680115	-7.7016761195135
4.0506000518799	-7.7352112463978
4.0553002357483	-7.7667489271089
4.0599999427795	-7.7957054705399
4.0647001266479	-7.8219249072219
4.0693998336792	-7.8457749912791
4.0741000175476	-7.8680780170295
4.0788002014160	-7.8898877937022
4.0834999084473	-7.9121926453027
4.0882000923157	-7.9356354499263
4.0928997993469	-7.9603502237573
4.0975999832153	-7.9859570133993
4.1023001670837	-8.0117186472915
4.1069998741150	-8.0368246701310
4.1117000579834	-8.0606916598180
4.1163997650146	-8.0832020862579
4.1210999488831	-8.1047873273231
4.1258001327515	-8.1263298090192
4.1304998397827	-8.1489160259104
4.1352000236511	-8.1735241098954
4.1399002075195	-8.2007339885369
4.1445999145508	-8.2305686010144
4.1493000984192	-8.2625058042387
4.1539998054504	-8.2956569466461
4.1586999893188	-8.3290720860859
4.1634001731873	-8.3620620109004
4.1680998802185	-8.3944482777303
4.1728000640869	-8.4266402928745
4.1774997711182	-8.4595295461105
4.1821999549866	-8.4942149063004
4.1869001388550	-8.5316656456846
4.1915998458862	-8.5724120988660
4.1963000297546	-8.6163751813082
4.2010002136230	-8.6628813706810
4.2056999206543	-8.7108607995335
4.2104001045227	-8.7591813954114
4.2150998115540	-8.8070039731370
4.2197999954224	-8.8540528160146
4.2245001792908	-8.9007061987510
4.2291998863220	-8.9478692939717
4.2339000701904	-8.9966747935549
4.2385997772217	-9.0480955675610
4.2432999610901	-9.1026081123059
4.2480001449585	-9.1599912915735
4.2526998519897	-9.2193502864602
4.2574000358582	-9.2793461028344
4.2621002197266	-9.3385715391340
4.2667999267578	-9.3959637603508
4.2715001106262	-9.4511117078351
4.2761998176575	-9.5043541245341
4.2809000015259	-9.5566284807888
4.2856001853943	-9.6091189329152
4.2902998924255	-9.6628114776156
4.2950000762939	-9.7181113172304
4.2996997833252	-9.7746289330438
4.3043999671936	-9.8312315736950
4.3091001510620	-9.8863289292372
4.3137998580933	-9.9383371048576
4.3185000419617	-9.9861527751454
4.3232002258301	-10.029512282786
4.3278999328613	-10.069078377983
4.3326001167297	-10.106251602199
4.3372998237610	-10.142744282587
4.3420000076294	-10.180081200228
4.3467001914978	-10.219174330528
4.3513998985291	-10.260113422625
4.3561000823975	-10.302236798616
4.3607997894287	-10.344455709337
4.3654999732971	-10.385743372249
4.3702001571655	-10.425618925637
4.3748998641968	-10.464480113920
4.3796000480652	-10.503657123525
4.3843002319336	-10.545170172947
4.3889999389648	-10.591259243418
4.3937001228333	-10.643845416443
4.3983998298645	-10.704071752265
4.4031000137329	-10.772061765050
4.4078001976013	-10.846963354991
4.4124999046326	-10.927269106431
4.4172000885010	-11.011327947138
4.4218997955322	-11.097902396097
4.4265999794006	-11.186613746626
4.4313001632690	-11.278091869285
4.4359998703003	-11.373831097350
4.4407000541687	-11.475729107617
4.4454002380371	-11.585507553685
4.4500999450684	-11.704148495281
4.4548001289368	-11.831537126250
4.4594998359680	-11.966404056652
4.4642000198364	-12.106632491933
4.4689002037048	-12.249816942885
4.4735999107361	-12.393974154040
4.4783000946045	-12.538157504647
4.4829998016357	-12.682776918072
4.4876999855042	-12.829504990564
4.4924001693726	-12.980772431021
4.4970998764038	-13.139023681312
4.5018000602722	-13.305935180188
4.5064997673035	-13.481838695899
4.5111999511719	-13.665540558733
4.5159001350403	-13.854556776424
4.5205998420715	-14.045796113004
4.5253000259399	-14.236477846088
4.5300002098083	-14.425022648749
4.5346999168396	-14.611611424484
4.5394001007080	-14.798217888605
4.5440998077393	-14.988055924446
4.5487999916077	-15.184612059536
4.5535001754761	-15.390566304780
4.5581998825073	-15.606931743264
4.5629000663757	-15.832595450800
4.5675997734070	-16.064496048278
4.5722999572754	-16.298359017374
4.5770001411438	-16.529872813307
4.5816998481750	-16.755990899085
4.5864000320435	-16.975878025936
4.5911002159119	-17.191213672941
4.5957999229431	-17.405684905892
4.6005001068115	-17.623779998851
4.6051998138428	-17.849336369586
4.6098999977112	-18.084212977797
4.6146001815796	-18.327424657360
4.6192998886108	-18.575024368012
4.6240000724792	-18.820795594709
4.6286997795105	-19.057573995365
4.6333999633789	-19.279052252268
4.6381001472473	-19.481354494306
4.6427998542786	-19.663971353151
4.6475000381470	-19.829563051503
4.6522002220154	-19.982831801262
4.6568999290466	-20.128677466077
4.6616001129150	-20.270405162683
4.6662998199463	-20.408317157554
4.6710000038147	-20.539137155376
4.6757001876831	-20.656371566391
4.6803998947144	-20.751563669529
4.6851000785828	-20.816313919947
4.6897997856140	-20.844539353870
4.6944999694824	-20.834234651979
4.6992001533508	-20.788140625755
4.7038998603821	-20.712997510676
4.7086000442505	-20.617720064479
4.7133002281189	-20.511061007353
4.7179999351501	-20.399500023729
4.7227001190186	-20.285919660910
4.7273998260498	-20.169157763859
4.7321000099182	-20.044711170516
4.7368001937866	-19.906325786264
4.7414999008179	-19.748207636977
4.7462000846863	-19.567249290089
4.7508997917175	-19.364469858090
4.7555999755859	-19.145133998199
4.7603001594543	-18.917504940671
4.7649998664856	-18.690710094890
4.7697000503540	-18.472434319237
4.7744002342224	-18.267115949783
4.7790999412537	-18.075106933876
4.7838001251221	-17.892841841263
4.7884998321533	-17.714058328747
4.7932000160217	-17.531759427067
4.7979001998901	-17.340462321545
4.8025999069214	-17.138021485546
4.8073000907898	-16.926371454905
4.8119997978210	-16.710975556141
4.8166999816895	-16.499080563798
4.8214001655579	-16.297581095245
4.8260998725891	-16.111067834113
4.8308000564575	-15.940645431606
4.8354997634888	-15.783707993761
4.8401999473572	-15.634791623569
4.8449001312256	-15.487184665197
4.8495998382568	-15.334982076163
4.8543000221252	-15.174946017137
4.8590002059937	-15.007529160497
4.8636999130249	-14.836677065424
4.8684000968933	-14.668516516522
4.8730998039246	-14.509398642441
4.8777999877930	-14.363992480469
4.8825001716614	-14.233947093796
4.8871998786926	-14.117478541957
4.8919000625610	-14.009928934431
4.8965997695923	-13.905147516321
4.9012999534607	-13.797385871594
4.9060001373291	-13.683110770537
4.9106998443604	-13.562144418928
4.9154000282288	-13.437705817430
4.9201002120972	-13.315352944180
4.9247999191284	-13.201179167260
4.9295001029968	-13.099970116285
4.9341998100281	-13.013781398894
4.9388999938965	-12.941403542792
4.9436001777649	-12.878732375423
4.9482998847961	-12.820014277336
4.9530000686646	-12.759617528422
4.9576997756958	-12.693845884011
4.9623999595642	-12.622178121897
4.9671001434326	-12.547487335098
4.9717998504639	-12.475119440517
4.9765000343323	-12.411197176590
4.9812002182007	-12.360761302936
4.9858999252319	-12.326266444721
4.9906001091003	-12.306879195248
4.9952998161316	-12.298734121021
5.0000000000000	-12.296057160642
#Parameters = {R_fat=48; R_glandular=38; R_skin_outer=50; T10=5; T15=7.5; T5=2.5; T_rad=4; T_x=10; T_y=0; T_z=75; Zc=65; skin_thickness=2; Mesh Pass=3}
#"Frequency / GHz"	"S1,1 (Mesh Pass=3) [Magnitude / dB]"
#-------------------------------------------------------
0.30000001192093	-9.7816492517736
0.30469998717308	-10.173350753812
0.30939999222755	-10.601160262944
0.31409999728203	-10.956430244851
0.31880000233650	-11.124646389234
0.32350000739098	-11.049124784344
0.32820001244545	-10.778971642629
0.33289998769760	-10.444045596114
0.33759999275208	-10.187736639809
0.34229999780655	-10.124565538688
0.34700000286102	-10.336709531255
0.35170000791550	-10.889882340890
0.35640001296997	-11.853138031807
0.36109998822212	-13.312130464543
0.36579999327660	-15.332289841425
0.37049999833107	-17.603361684455
0.37520000338554	-18.267223953969
0.37990000844002	-15.997152572008
0.38460001349449	-13.052503616185
0.38929998874664	-10.618192756608
0.39399999380112	-8.7877440129770
0.39869999885559	-7.4781844809958
0.40340000391006	-6.6060994647722
0.40810000896454	-6.1020406392405
0.41280001401901	-5.9067597016723
0.41749998927116	-5.9683556695410
0.42219999432564	-6.2398786150887
0.42689999938011	-6.6751902117057
0.43160000443459	-7.2218636472726
0.43630000948906	-7.8123871617042
0.44100001454353	-8.3597237262873
0.44569998979568	-8.7693987499307
0.45039999485016	-8.9753711270768
0.45509999990463	-8.9782795240001
0.45980000495911	-8.8456590493929
0.46450001001358	-8.6714626470980
0.46919998526573	-8.5346686724906
0.47389999032021	-8.4819283958366
0.47859999537468	-8.5285748249013
0.48330000042915	-8.6650893126704
0.48800000548363	-8.8628513481210
0.49270001053810	-9.0793478612806
0.49739998579025	-9.2661210425629
0.50209999084473	-9.3817997417738
0.50679999589920	-9.4069571636322
0.51150000095367	-9.3516611946657
0.51620000600815	-9.2494340980764
0.52090001106262	-9.1419507773932
0.52560001611710	-9.0645989464018
0.53030002117157	-9.0386035304874
0.53500002622604	-9.0691614598033
0.53969997167587	-9.1468155209804
0.54439997673035	-9.2504430000931
0.54909998178482	-9.3519767847117
0.55379998683929	-9.4234216384478
0.55849999189377	-9.4452853809073
0.56319999694824	-9.4131533801523
0.56790000200272	-9.3386445862890
0.57260000705719	-9.2440413445391
0.57730001211166	-9.1539089146274
0.58200001716614	-9.0878200856249
0.58670002222061	-9.0562102742997
0.59140002727509	-9.0591873226594
0.59609997272491	-9.0874123748366
0.60079997777939	-9.1245771916828
0.60549998283386	-9.1514484825542
0.61019998788834	-9.1511373545853
0.61489999294281	-9.1142295017273
0.61959999799728	-9.0416448963255
0.62430000305176	-8.9437635736418
0.62900000810623	-8.8363517580479
0.63370001316071	-8.7353589074782
0.63840001821518	-8.6526357633312
0.64310002326965	-8.5934782302848
0.64780002832413	-8.5559808447641
0.65249997377396	-8.5318719610200
0.65719997882843	-8.5086800776668
0.66189998388290	-8.4729975317172
0.66659998893738	-8.4142683312457
0.67129999399185	-8.3279151867449
0.67599999904633	-8.2165648428066
0.68070000410080	-8.0888300092743
0.68540000915527	-7.9563098766500
0.69010001420975	-7.8301126923259
0.69480001926422	-7.7180496279502
0.69950002431870	-7.6230002093171
0.70420002937317	-7.5425454338419
0.70889997482300	-7.4697546598288
0.71359997987747	-7.3950127478728
0.71829998493195	-7.3086181694477
0.72299998998642	-7.2035507560473
0.72769999504089	-7.0775218113315
0.73240000009537	-6.9335268652424
0.73710000514984	-6.7787217461554
0.74180001020432	-6.6221711817141
0.74650001525879	-6.4723084490811
0.75120002031326	-6.3348654625598
0.75590002536774	-6.2116335956959
0.76059997081757	-6.1002093265949
0.76529997587204	-5.9946733323711
0.76999998092651	-5.8871737244747
0.77469998598099	-5.7700843582547
0.77939999103546	-5.6382079795576
0.78409999608994	-5.4903231035189
0.78880000114441	-5.3294816295403
0.79350000619888	-5.1620451500629
0.79820001125336	-4.9958213424166
0.80290001630783	-4.8379762965317
0.80760002136230	-4.6932641518696
0.81230002641678	-4.5629382730019
0.81699997186661	-4.4444961218629
0.82169997692108	-4.3323332004056
0.82639998197556	-4.2192327799119
0.83109998703003	-4.0983894415594
0.83579999208450	-3.9654347893475
0.84049999713898	-3.8197936426126
0.84520000219345	-3.6649060985245
0.84990000724792	-3.5072439928152
0.85460001230240	-3.3545211823580
0.85930001735687	-3.2136560082230
0.86400002241135	-3.0890077997520
0.86870002746582	-2.9812680470029
0.87339997291565	-2.8872403012307
0.87809997797012	-2.8006174506365
0.88279998302460	-2.7136622381852
0.88749998807907	-2.6194597973078
0.89219999313354	-2.5140649026819
0.89689999818802	-2.3978626731234
0.90160000324249	-2.2756145080496
0.90630000829697	-2.1552020603676
0.91100001335144	-2.0454868132043
0.91570001840591	-1.9539509662112
0.92040002346039	-1.8847095135967
0.92510002851486	-1.8373363058782
0.92979997396469	-1.8068431255719
0.93449997901917	-1.7848842408705
0.93919998407364	-1.7620942184576
0.94389998912811	-1.7309737038766
0.94859999418259	-1.6885076768764
0.95329999923706	-1.6375531039332
0.95800000429153	-1.5864709846490
0.96270000934601	-1.5471062733451
0.96740001440048	-1.5317788683851
0.97210001945496	-1.5501842111461
0.97680002450943	-1.6070007677132
0.98150002956390	-1.7007521225080
0.98619997501373	-1.8242807363986
0.99089998006821	-1.9669780664583
0.99559998512268	-2.1185492974473
1.0003000497818	-2.2736081791109
1.0049999952316	-2.4358230012740
1.0096999406815	-2.6201755839279
1.0144000053406	-2.8525527434010
1.0190999507904	-3.1671248783119
1.0238000154495	-3.6030529291275
1.0284999608994	-4.2024601384129
1.0332000255585	-5.0114337215106
1.0378999710083	-6.0857895726900
1.0426000356674	-7.5043862573606
1.0472999811172	-9.3973006374389
1.0520000457764	-12.010683195016
1.0566999912262	-15.870117777597
1.0614000558853	-21.734670204687
1.0661000013351	-21.377639544872
1.0707999467850	-15.485935042607
1.0755000114441	-11.609610454916
1.0801999568939	-8.9492606724463
1.0849000215530	-7.0010698269335
1.0895999670029	-5.5285642052412
1.0943000316620	-4.4059421186181
1.0989999771118	-3.5559949919185
1.1037000417709	-2.9232110499347
1.1083999872208	-2.4613925167365
1.1131000518799	-2.1285425545091
1.1177999973297	-1.8860627431758
1.1224999427795	-1.7003575507499
1.1272000074387	-1.5453218651400
1.1318999528885	-1.4042559552667
1.1366000175476	-1.2701256624718
1.1412999629974	-1.1438445980213
1.1460000276566	-1.0310706453720
1.1506999731064	-0.93857564522723
1.1554000377655	-0.87121050747181
1.1600999832153	-0.83008030893921
1.1648000478745	-0.81213382708107
1.1694999933243	-0.81095584966666
1.1742000579834	-0.81841751778881
1.1789000034332	-0.82670847550433
1.1835999488831	-0.83016509839976
1.1883000135422	-0.82644928978355
1.1929999589920	-0.81670442443146
1.1977000236511	-0.80473638377044
1.2023999691010	-0.79550752085069
1.2071000337601	-0.79349443290234
1.2117999792099	-0.80139377949069
1.2165000438690	-0.81947210585489
1.2211999893188	-0.84565771178609
1.2259000539780	-0.87624647702819
1.2305999994278	-0.90701876523423
1.2352999448776	-0.93439325227858
1.2400000095367	-0.95638697024857
1.2446999549866	-0.97301811185731
1.2494000196457	-0.98613620294325
1.2540999650955	-0.99871925072426
1.2588000297546	-1.0139154488009
1.2634999752045	-1.0341100637738
1.2682000398636	-1.0603046473224
1.2728999853134	-1.0919439590305
1.2776000499725	-1.1271696468535
1.2822999954224	-1.1634148900629
1.2869999408722	-1.1981782293170
1.2917000055313	-1.2297043071677
1.2963999509811	-1.2574531861565
1.3011000156403	-1.2821669135061
1.3057999610901	-1.3055831234156
1.3105000257492	-1.3298661469476
1.3151999711990	-1.3569618752237
1.3199000358582	-1.3880716661998
1.3245999813080	-1.4233708346912
1.3293000459671	-1.4620300679698
1.3339999914169	-1.5025131816976
1.3387000560760	-1.5430589212563
1.3434000015259	-1.5821860688728
1.3480999469757	-1.6191172357378
1.3528000116348	-1.6539587840054
1.3574999570847	-1.6876430739343
1.3622000217438	-1.7216209376044
1.3668999671936	-1.7574387419023
1.3716000318527	-1.7963067798955
1.3762999773026	-1.8388019968894
1.3810000419617	-1.8847580717954
1.3856999874115	-1.9333706041449
1.3904000520706	-1.9834685546759
1.3950999975204	-2.0338737769479
1.3997999429703	-2.0837514091383
1.4045000076294	-2.1328422992562
1.4091999530792	-2.1815372979625
1.4139000177383	-2.2307543719719
1.4185999631882	-2.2816844928909
1.4233000278473	-2.3354722427876
1.4279999732971	-2.3929312456917
1.4327000379562	-2.4543683207460
1.4373999834061	-2.5195534246784
1.4421000480652	-2.5878325068738
1.4467999935150	-2.6583597221152
1.4515000581741	-2.7303669568952
1.4562000036240	-2.8033993753350
1.4608999490738	-2.8774753449612
1.4656000137329	-2.9530952715991
1.4702999591827	-3.0311344472175
1.4750000238419	-3.1126235762732
1.4796999692917	-3.1985196638736
1.4844000339508	-3.2894882216479
1.4890999794006	-3.3857872059980
1.4938000440598	-3.4872520481356
1.4984999895096	-3.5934017404111
1.5032000541687	-3.7036212707709
1.5078999996185	-3.8173817997279
1.5125999450684	-3.9344303502418
1.5173000097275	-4.0549143035496
1.5219999551773	-4.1793900183973
1.5267000198364	-4.3087274150764
1.5313999652863	-4.4439406709902
1.5361000299454	-4.5859722420130
1.5407999753952	-4.7355074199927
1.5455000400543	-4.8928609112079
1.5501999855042	-5.0579573852998
1.5549000501633	-5.2304069417446
1.5595999956131	-5.4096740453285
1.5642999410629	-5.5952901355080
1.5690000057220	-5.7870460687641
1.5736999511719	-5.9851346807325
1.5784000158310	-6.1901764984263
1.5830999612808	-6.4031507940531
1.5878000259399	-6.6252102114686
1.5924999713898	-6.8574701181789
1.5972000360489	-7.1007797104813
1.6018999814987	-7.3555762003701
1.6066000461578	-7.6218359067520
1.6112999916077	-7.8991505596299
1.6160000562668	-8.1869179233034
1.6207000017166	-8.4846048850610
1.6253999471664	-8.7920137432082
1.6301000118256	-9.1094879970146
1.6347999572754	-9.4379827529062
1.6395000219345	-9.7789863203687
1.6441999673843	-10.134296135459
1.6489000320435	-10.505701173951
1.6535999774933	-10.894680080137
1.6583000421524	-11.302156912662
1.6629999876022	-11.728428633590
1.6677000522614	-12.173281119118
1.6723999977112	-12.636284979735
1.6770999431610	-13.117256510540
1.6818000078201	-13.616704183204
1.6864999532700	-14.136228349470
1.6912000179291	-14.678689310961
1.6958999633789	-15.248108064744
1.7006000280380	-15.849326277390
1.7052999734879	-16.487506640495
1.7100000381470	-17.167602675080
1.7146999835968	-17.894000482681
1.7194000482559	-18.670414324120
1.7240999937057	-19.500197138642
1.7288000583649	-20.387087343677
1.7335000038147	-21.336318613083
1.7381999492645	-22.355945231733
1.7429000139236	-23.457853662090
1.7475999593735	-24.657829460446
1.7523000240326	-25.973039382501
1.7569999694824	-27.413385181784
1.7617000341415	-28.957825480699
1.7663999795914	-30.498161065932
1.7711000442505	-31.748275162594
1.7757999897003	-32.264066404435
1.7805000543594	-31.832943819907
1.7851999998093	-30.755179123558
1.7898999452591	-29.460734743099
1.7946000099182	-28.192873826631
1.7992999553680	-27.035050297542
1.8040000200272	-25.998739913150
1.8086999654770	-25.071513349440
1.8134000301361	-24.236571656249
1.8180999755859	-23.479531504142
1.8228000402451	-22.790119035094
1.8274999856949	-22.161635978684
1.8322000503540	-21.589688695422
1.8368999958038	-21.070848154726
1.8415999412537	-20.601547604888
1.8463000059128	-20.177510545011
1.8509999513626	-19.793627689920
1.8557000160217	-19.444220182221
1.8603999614716	-19.123581267040
1.8651000261307	-18.826645985413
1.8697999715805	-18.549490133843
1.8745000362396	-18.289694401527
1.8791999816895	-18.046266919966
1.8839000463486	-17.819339322032
1.8885999917984	-17.609613971069
1.8933000564575	-17.417777891712
1.8980000019073	-17.244007163072
1.9026999473572	-17.087700090418
1.9074000120163	-16.947450218946
1.9120999574661	-16.821260216743
1.9168000221252	-16.706905566035
1.9214999675751	-16.602398182219
1.9262000322342	-16.506340631432
1.9308999776840	-16.418156372752
1.9356000423431	-16.338077210224
1.9402999877930	-16.266949171832
1.9450000524521	-16.205881984176
1.9496999979019	-16.155861706633
1.9543999433517	-16.117421481430
1.9591000080109	-16.090479377491
1.9637999534607	-16.074318377297
1.9685000181198	-16.067762022286
1.9731999635696	-16.069453009596
1.9779000282288	-16.078196766945
1.9825999736786	-16.093226371834
1.9873000383377	-16.114388100048
1.9919999837875	-16.142135444702
1.9967000484467	-16.177375509214
2.0013999938965	-16.221200182239
2.0060999393463	-16.274579567779
2.0107998847961	-16.338093943099
2.0155000686646	-16.411773961174
2.0202000141144	-16.495075191839
2.0248999595642	-16.587001687019
2.0295999050140	-16.686324042788
2.0343000888824	-16.791863964025
2.0390000343323	-16.902735990807
2.0436999797821	-17.018529496036
2.0483999252319	-17.139318268645
2.0531001091003	-17.265566644314
2.0578000545502	-17.397886657439
2.0625000000000	-17.536758524699
2.0671999454498	-17.682263591984
2.0718998908997	-17.833867031180
2.0766000747681	-17.990363309475
2.0813000202179	-18.149908281970
2.0859999656677	-18.310192875350
2.0906999111176	-18.468708021389
2.0954000949860	-18.622993983832
2.1001000404358	-18.770880764683
2.1047999858856	-18.910608720357
2.1094999313354	-19.040829227093
2.1142001152039	-19.160469723982
2.1189000606537	-19.268572506286
2.1236000061035	-19.364036219593
2.1282999515533	-19.445508592513
2.1329998970032	-19.511299453453
2.1377000808716	-19.559452345169
2.1424000263214	-19.587929139443
2.1470999717712	-19.594899113150
2.1517999172211	-19.579051660155
2.1565001010895	-19.539855530414
2.1612000465393	-19.477747462134
2.1658999919891	-19.394135812318
2.1705999374390	-19.291275236245
2.1752998828888	-19.171976850648
2.1800000667572	-19.039268157241
2.1847000122070	-18.896032048171
2.1893999576569	-18.744734765816
2.1940999031067	-18.587274961904
2.1988000869751	-18.424956537447
2.2035000324249	-18.258613944463
2.2081999778748	-18.088824270523
2.2128999233246	-17.916167625475
2.2176001071930	-17.741435243925
2.2223000526428	-17.565740122643
2.2269999980927	-17.390541720196
2.2316999435425	-17.217502388038
2.2363998889923	-17.048283290670
2.2411000728607	-16.884320147118
2.2458000183105	-16.726607237269
2.2504999637604	-16.575604779880
2.2551999092102	-16.431227030914
2.2599000930786	-16.292993357913
2.2646000385284	-16.160195171248
2.2692999839783	-16.032170373981
2.2739999294281	-15.908501106331
2.2787001132965	-15.789144138421
2.2834000587463	-15.674454654199
2.2881000041962	-15.565083242049
2.2927999496460	-15.461804708839
2.2974998950958	-15.365296929809
2.3022000789642	-15.275967121620
2.3069000244141	-15.193820790447
2.3115999698639	-15.118478965135
2.3162999153137	-15.049259389272
2.3210000991821	-14.985352935669
2.3257000446320	-14.926027487821
2.3303999900818	-14.870792716964
2.3350999355316	-14.819536868741
2.3397998809814	-14.772498258883
2.3445000648499	-14.730194617990
2.3492000102997	-14.693256271402
2.3538999557495	-14.662212389486
2.3585999011993	-14.637374665294
2.3633000850677	-14.618691274410
2.3680000305176	-14.605791751714
2.3726999759674	-14.598060926048
2.3773999214172	-14.594799305294
2.3821001052856	-14.595401297416
2.3868000507355	-14.599524887128
2.3914999961853	-14.607152180719
2.3961999416351	-14.618602182462
2.4008998870850	-14.634417705482
2.4056000709534	-14.655212970774
2.4103000164032	-14.681506852299
2.4149999618530	-14.713565404830
2.4196999073029	-14.751349415620
2.4244000911713	-14.794503743164
2.4291000366211	-14.842473195801
2.4337999820709	-14.894655643305
2.4384999275208	-14.950567177004
2.4432001113892	-15.009968746340
2.4479000568390	-15.072959394306
2.4526000022888	-15.139928489935
2.4572999477386	-15.211472330558
2.4619998931885	-15.288221861778
2.4667000770569	-15.370689413394
2.4714000225067	-15.459113843407
2.4760999679565	-15.553436587426
2.4807999134064	-15.653283233469
2.4855000972748	-15.758090983366
2.4902000427246	-15.867249600490
2.4948999881744	-15.980285396697
2.4995999336243	-16.096972071226
2.5043001174927	-16.217402085711
2.5090000629425	-16.341952344616
2.5137000083923	-16.471177547709
2.5183999538422	-16.605644814264
2.5230998992920	-16.745753572919
2.5278000831604	-16.891607719763
2.5325000286102	-17.042948093940
2.5371999740601	-17.199159460954
2.5418999195099	-17.359377876862
2.5466001033783	-17.522637876607
2.5513000488281	-17.688046515684
2.5559999942780	-17.854917167244
2.5606999397278	-18.022815645507
2.5653998851776	-18.191551372185
2.5701000690460	-18.361044410790
2.5748000144958	-18.531155572991
2.5794999599457	-18.701490626341
2.5841999053955	-18.871245483072
2.5889000892639	-19.039117819788
2.5936000347137	-19.203313817418
2.5982999801636	-19.361644913239
2.6029999256134	-19.511705809661
2.6077001094818	-19.651075110185
2.6124000549316	-19.777518340439
2.6171000003815	-19.889110981878
2.6217999458313	-19.984314278557
2.6264998912811	-20.061931039339
2.6312000751495	-20.121022479281
2.6359000205994	-20.160786285991
2.6405999660492	-20.180453630964
2.6452999114990	-20.179232131293
2.6500000953674	-20.156349651872
2.6547000408173	-20.111119779669
2.6593999862671	-20.043127608899
2.6640999317169	-19.952377891730
2.6688001155853	-19.839422400443
2.6735000610352	-19.705452118887
2.6782000064850	-19.552276276522
2.6828999519348	-19.382158471328
2.6875998973846	-19.197635760790
2.6923000812531	-19.001291981414
2.6970000267029	-18.795491396148
2.7016999721527	-18.582228208283
2.7063999176025	-18.363043597293
2.7111001014709	-18.139039308184
2.7158000469208	-17.910995761840
2.7204999923706	-17.679524442765
2.7251999378204	-17.445221258153
2.7298998832703	-17.208840329191
2.7346000671387	-16.971301850919
2.7393000125885	-16.733717535605
2.7439999580383	-16.497247975703
2.7486999034882	-16.263001573912
2.7534000873566	-16.031856251055
2.7581000328064	-15.804373083009
2.7627999782562	-15.580757995148
2.7674999237061	-15.360893810275
2.7722001075745	-15.144449280883
2.7769000530243	-14.931037193522
2.7815999984741	-14.720354815649
2.7862999439240	-14.512293177432
2.7909998893738	-14.306980893520
2.7957000732422	-14.104765940069
2.8004000186920	-13.906100885630
2.8050999641418	-13.711432232679
2.8097999095917	-13.521067662098
2.8145000934601	-13.335088306144
2.8192000389099	-13.153335278644
2.8238999843597	-12.975440572961
2.8285999298096	-12.800923527899
2.8333001136780	-12.629324885333
2.8380000591278	-12.460308354467
2.8427000045776	-12.293742240865
2.8473999500275	-12.129712128523
2.8520998954773	-11.968477454087
2.8568000793457	-11.810359226121
2.8615000247955	-11.655651789563
2.8661999702454	-11.504512579493
2.8708999156952	-11.356894253259
2.8756000995636	-11.212568803240
2.8803000450134	-11.071169327227
2.8849999904633	-10.932283254228
2.8896999359131	-10.795566526567
2.8943998813629	-10.660818858985
2.8991000652313	-10.528025768550
2.9038000106812	-10.397349722608
2.9084999561310	-10.269058984456
2.9131999015808	-10.143439102037
2.9179000854492	-10.020702565831
2.9226000308990	-9.9009120581860
2.9272999763489	-9.7839568565786
2.9319999217987	-9.6695845801527
2.9367001056671	-9.5574633620740
2.9414000511169	-9.4472788379668
2.9460999965668	-9.3388066196457
2.9507999420166	-9.2319820901803
2.9554998874664	-9.1268971855552
2.9602000713348	-9.0237672718560
2.9649000167847	-8.9228594433141
2.9695999622345	-8.8244106713639
2.9742999076843	-8.7285347569670
2.9790000915527	-8.6352111432607
2.9837000370026	-8.5442708975625
2.9883999824524	-8.4554492899368
2.9930999279022	-8.3684544871714
2.9978001117706	-8.2830593368811
3.0025000572205	-8.1991507244664
3.0072000026703	-8.1167676540611
3.0118999481201	-8.0360620140139
3.0165998935699	-7.9572730398923
3.0213000774384	-7.8806312497436
3.0260000228882	-7.8062883825700
3.0306999683380	-7.7342736257531
3.0353999137878	-7.6644804275783
3.0401000976562	-7.5966963205083
3.0448000431061	-7.5306551054844
3.0494999885559	-7.4661263685316
3.0541999340057	-7.4029561979225
3.0589001178741	-7.3411306100130
3.0636000633240	-7.2807512873620
3.0683000087738	-7.2220128136079
3.0729999542236	-7.1651314893102
3.0776998996735	-7.1102736792574
3.0824000835419	-7.0575053614330
3.0871000289917	-7.0067691494882
3.0917999744415	-6.9578961386298
3.0964999198914	-6.9106518295520
3.1012001037598	-6.8647972132252
3.1059000492096	-6.8201671208429
3.1105999946594	-6.7766941513604
3.1152999401093	-6.7344413851590
3.1199998855591	-6.6935629336566
3.1247000694275	-6.6542520187501
3.1294000148773	-6.6166838888780
3.1340999603271	-6.5809544510803
3.1387999057770	-6.5470394156939
3.1435000896454	-6.5148099766653
3.1482000350952	-6.4840546361352
3.1528999805450	-6.4545460867657
3.1575999259949	-6.4261000879965
3.1623001098633	-6.3986218934102
3.1670000553131	-6.3721309606741
3.1717000007629	-6.3467501343858
3.1763999462128	-6.3226514278700
3.1810998916626	-6.3000145615404
3.1858000755310	-6.2789416458329
3.1905000209808	-6.2594505422016
3.1951999664307	-6.2414331443936
3.1998999118805	-6.2247010299491
3.2046000957489	-6.2090337922768
3.2093000411987	-6.1942225502274
3.2139999866486	-6.1801472030232
3.2186999320984	-6.1667853016805
3.2234001159668	-6.1542165796879
3.2281000614166	-6.1425921109353
3.2328000068665	-6.1320729779118
3.2374999523163	-6.1227717816459
3.2421998977661	-6.1147030778811
3.2469000816345	-6.1077767009991
3.2516000270844	-6.1018049795936
3.2562999725342	-6.0965386333772
3.2609999179840	-6.0917435256854
3.2657001018524	-6.0872395971172
3.2704000473022	-6.0829446254561
3.2750999927521	-6.0788722203323
3.2797999382019	-6.0751189753494
3.2844998836517	-6.0717951542046
3.2892000675201	-6.0689773665970
3.2939000129700	-6.0666529265768
3.2985999584198	-6.0646941001167
3.3032999038696	-6.0628629073736
3.3080000877380	-6.0608557372507
3.3127000331879	-6.0583448834921
3.3173999786377	-6.0550551310473
3.3220999240875	-6.0507908177113
3.3268001079559	-6.0454546715155
3.3315000534058	-6.0390306130338
3.3361999988556	-6.0315275899077
3.3408999443054	-6.0229310954736
3.3455998897552	-6.0131417493719
3.3503000736237	-6.0019444220121
3.3550000190735	-5.9890183219727
3.3596999645233	-5.9739660576792
3.3643999099731	-5.9563689280709
3.3691000938416	-5.9358585324922
3.3738000392914	-5.9121615690966
3.3784999847412	-5.8851173494452
3.3831999301910	-5.8546676551130
3.3879001140594	-5.8208218092500
3.3926000595093	-5.7835926014778
3.3973000049591	-5.7429493360204
3.4019999504089	-5.6987878123732
3.4066998958588	-5.6509376148637
3.4114000797272	-5.5991936290911
3.4161000251770	-5.5433852256886
3.4207999706268	-5.4834187820390
3.4254999160767	-5.4193519016226
3.4302000999451	-5.3513947289916
3.4349000453949	-5.2799007280266
3.4395999908447	-5.2053204250960
3.4442999362946	-5.1281441362537
3.4489998817444	-5.0488453854132
3.4537000656128	-4.9678408467953
3.4584000110626	-4.8854875585289
3.4630999565125	-4.8020989887311
3.4677999019623	-4.7179887002848
3.4725000858307	-4.6335126131688
3.4772000312805	-4.5491084847643
3.4818999767303	-4.4652892090061
3.4865999221802	-4.3826445533860
3.4913001060486	-4.3017759556155
3.4960000514984	-4.2232627886467
3.5006999969482	-4.1475931832517
3.5053999423981	-4.0751396940736
3.5100998878479	-4.0061522206794
3.5148000717163	-3.9407673899263
3.5195000171661	-3.8790549222294
3.5241999626160	-3.8210565226962
3.5288999080658	-3.7668315048186
3.5336000919342	-3.7164762334154
3.5383000373840	-3.6701238510963
3.5429999828339	-3.6279258407221
3.5476999282837	-3.5900116443021
3.5524001121521	-3.5564585488103
3.5571000576019	-3.5272544934420
3.5618000030518	-3.5022948384243
3.5664999485016	-3.4813952884362
3.5711998939514	-3.4643161817443
3.5759000778198	-3.4508106597351
3.5806000232697	-3.4406661568872
3.5852999687195	-3.4337258414538
3.5899999141693	-3.4299042346126
3.5947000980377	-3.4291753939834
3.5994000434875	-3.4315381457417
3.6040999889374	-3.4369829409671
3.6087999343872	-3.4454595112366
3.6135001182556	-3.4568481581726
3.6182000637054	-3.4709706459147
3.6229000091553	-3.4876020301576
3.6275999546051	-3.5065060571244
3.6322999000549	-3.5274761448748
3.6370000839233	-3.5503652071845
3.6417000293732	-3.5751032443764
3.6463999748230	-3.6016906345619
3.6510999202728	-3.6301760571651
3.6558001041412	-3.6606161132439
3.6605000495911	-3.6930415720307
3.6651999950409	-3.7274239859572
3.6698999404907	-3.7636703622794
3.6745998859406	-3.8016286312699
3.6793000698090	-3.8411194849899
3.6840000152588	-3.8819751515277
3.6886999607086	-3.9240737208323
3.6933999061584	-3.9673701924815
3.6981000900269	-4.0118864235323
3.7028000354767	-4.0577119085580
3.7074999809265	-4.1049534668652
3.7121999263763	-4.1537008018539
3.7169001102448	-4.2039906496369
3.7216000556946	-4.2557826701328
3.7263000011444	-4.3089702525539
3.7309999465942	-4.3633916075481
3.7356998920441	-4.4188823937411
3.7404000759125	-4.4753059339431
3.7451000213623	-4.5325944307742
3.7497999668121	-4.5907589989801
3.7544999122620	-4.6498758521700
3.7592000961304	-4.7100648634307
3.7639000415802	-4.7714318300365
3.7685999870300	-4.8340373781349
3.7732999324799	-4.8978557345846
3.7780001163483	-4.9627795338956
3.7827000617981	-5.0286268877126
3.7874000072479	-5.0951888297256
3.7920999526978	-5.1622718167061
3.7967998981476	-5.2297417110377
3.8015000820160	-5.2975448147099
3.8062000274658	-5.3657115629961
3.8108999729156	-5.4343219000865
3.8155999183655	-5.5034565613669
3.8203001022339	-5.5731555691149
3.8250000476837	-5.6433681495649
3.8296999931335	-5.7139390759174
3.8343999385834	-5.7846255025715
3.8390998840332	-5.8551319228551
3.8438000679016	-5.9251678424533
3.8485000133514	-5.9944995758448
3.8531999588013	-6.0629840718538
3.8578999042511	-6.1305799867329
3.8626000881195	-6.1973116328729
3.8673000335693	-6.2632307417999
3.8719999790192	-6.3283500552942
3.8766999244690	-6.3925890962875
3.8814001083374	-6.4557598732406
3.8861000537872	-6.5175689391880
3.8907999992371	-6.5776622104841
3.8954999446869	-6.6356940362716
3.9001998901367	-6.6913851734397
3.9049000740051	-6.7445691081395
3.9096000194550	-6.7952150955275
3.9142999649048	-6.8433909052483
3.9189999103546	-6.8892151752382
3.9237000942230	-6.9327824661196
3.9284000396729	-6.9741081648237
3.9330999851227	-7.0130970172442
3.9377999305725	-7.0495503537867
3.9425001144409	-7.0832101285931
3.9472000598907	-7.1138358848531
3.9519000053406	-7.1412742440012
3.9565999507904	-7.1655101843308
3.9612998962402	-7.1866788072994
3.9660000801086	-7.2050413070616
3.9707000255585	-7.2209149123010
3.9753999710083	-7.2345971801658
3.9800999164581	-7.2463007394994
3.9848001003265	-7.2561128199226
3.9895000457764	-7.2640049681412
3.9941999912262	-7.2698784979631
3.9988999366760	-7.2736402933548
4.0036001205444	-7.2752742089444
4.0082998275757	-7.2748983882045
4.0130000114441	-7.2727735476946
4.0177001953125	-7.2692748918921
4.0223999023438	-7.2648250737998
4.0271000862122	-7.2598129475243
4.0317997932434	-7.2545266410289
4.0364999771118	-7.2491107496008
4.0412001609802	-7.2435742689027
4.0458998680115	-7.2378330731106
4.0506000518799	-7.2317910826752
4.0553002357483	-7.2254038130085
4.0599999427795	-7.2187487423522
4.0647001266479	-7.2120385945115
4.0693998336792	-7.2055897642499
4.0741000175476	-7.1997737214210
4.0788002014160	-7.1949310933633
4.0834999084473	-7.1913009537369
4.0882000923157	-7.1889818072302
4.0928997993469	-7.1879239154814
4.0975999832153	-7.1879790931034
4.1023001670837	-7.1889592635602
4.1069998741150	-7.1907278104828
4.1117000579834	-7.1932512900928
4.1163997650146	-7.1966323356918
4.1210999488831	-7.2010980683470
4.1258001327515	-7.2069360164170
4.1304998397827	-7.2144313205879
4.1352000236511	-7.2237785886306
4.1399002075195	-7.2350403186685
4.1445999145508	-7.2481269313856
4.1493000984192	-7.2628361323361
4.1539998054504	-7.2789128276671
4.1586999893188	-7.2961298231606
4.1634001731873	-7.3143641076238
4.1680998802185	-7.3336306744472
4.1728000640869	-7.3540873350912
4.1774997711182	-7.3759790288561
4.1821999549866	-7.3995743025901
4.1869001388550	-7.4250762764324
4.1915998458862	-7.4525639759444
4.1963000297546	-7.4819636594960
4.2010002136230	-7.5130749602395
4.2056999206543	-7.5456288675215
4.2104001045227	-7.5793750276929
4.2150998115540	-7.6141606172868
4.2197999954224	-7.6499920862955
4.2245001792908	-7.6870478522862
4.2291998863220	-7.7256414814751
4.2339000701904	-7.7661521171938
4.2385997772217	-7.8089398390496
4.2432999610901	-7.8542625848087
4.2480001449585	-7.9022405705697
4.2526998519897	-7.9528560582312
4.2574000358582	-8.0060074792489
4.2621002197266	-8.0615853159031
4.2667999267578	-8.1195615691854
4.2715001106262	-8.1800581785575
4.2761998176575	-8.2433667301182
4.2809000015259	-8.3099121938116
4.2856001853943	-8.3801849297594
4.2902998924255	-8.4546294166910
4.2950000762939	-8.5335445071654
4.2996997833252	-8.6170129395474
4.3043999671936	-8.7048812826103
4.3091001510620	-8.7968034339283
4.3137998580933	-8.8923239024996
4.3185000419617	-8.9909984599127
4.3232002258301	-9.0924981177584
4.3278999328613	-9.1966846898923
4.3326001167297	-9.3036186185536
4.3372998237610	-9.4135107045668
4.3420000076294	-9.5266185144031
4.3467001914978	-9.6431346427118
4.3513998985291	-9.7630805828432
4.3561000823975	-9.8862621833012
4.3607997894287	-10.012287182148
4.3654999732971	-10.140652184589
4.3702001571655	-10.270874248638
4.3748998641968	-10.402625426361
4.3796000480652	-10.535836115536
4.3843002319336	-10.670723965188
4.3889999389648	-10.807743072206
4.3937001228333	-10.947455262162
4.3983998298645	-11.090374150024
4.4031000137329	-11.236808308292
4.4078001976013	-11.386777149413
4.4124999046326	-11.540003758832
4.4172000885010	-11.696001766418
4.4218997955322	-11.854242914943
4.4265999794006	-12.014340687077
4.4313001632690	-12.176209182460
4.4359998703003	-12.340130474983
4.4407000541687	-12.506715970469
4.4454002380371	-12.676759533006
4.4500999450684	-12.851028049447
4.4548001289368	-13.030047964500
4.4594998359680	-13.213956611872
4.4642000198364	-13.402466769673
4.4689002037048	-13.594962229729
4.4735999107361	-13.790703542049
4.4783000946045	-13.989093505649
4.4829998016357	-14.189908119526
4.4876999855042	-14.393433865532
4.4924001693726	-14.600438476382
4.4970998764038	-14.811993912571
4.5018000602722	-15.029179254043
4.5064997673035	-15.252765414801
4.5111999511719	-15.482970486892
4.5159001350403	-15.719370625620
4.5205998420715	-15.961003676470
4.5253000259399	-16.206653178398
4.5300002098083	-16.455235323130
4.5346999168396	-16.706170108082
4.5394001007080	-16.959609598632
4.5440998077393	-17.216424908154
4.5487999916077	-17.477935284284
4.5535001754761	-17.745443102874
4.5581998825073	-18.019704903247
4.5629000663757	-18.300507071736
4.5675997734070	-18.586491805775
4.5722999572754	-18.875295886217
4.5770001411438	-19.164022531047
4.5816998481750	-19.449898247763
4.5864000320435	-19.730902990749
4.5911002159119	-20.006153001798
4.5957999229431	-20.275796755550
4.6005001068115	-20.540444730533
4.6051998138428	-20.800261696450
4.6098999977112	-21.054030623652
4.6146001815796	-21.298534990308
4.6192998886108	-21.528543559175
4.6240000724792	-21.737547177362
4.6286997795105	-21.919068219202
4.6333999633789	-22.068167953215
4.6381001472473	-22.182550505233
4.6427998542786	-22.262733827246
4.6475000381470	-22.311230050005
4.6522002220154	-22.331057705601
4.6568999290466	-22.324265907189
4.6616001129150	-22.291122968911
4.6662998199463	-22.230285985147
4.6710000038147	-22.139863286477
4.6757001876831	-22.018917127934
4.6803998947144	-21.868759862916
4.6851000785828	-21.693386932258
4.6897997856140	-21.498945203739
4.6944999694824	-21.292432068069
4.6992001533508	-21.080167452928
4.7038998603821	-20.866610516448
4.7086000442505	-20.653851115968
4.7133002281189	-20.441907563440
4.7179999351501	-20.229503260400
4.7227001190186	-20.015221712909
4.7273998260498	-19.798522269229
4.7321000099182	-19.580335269124
4.7368001937866	-19.363054934753
4.7414999008179	-19.150030642656
4.7462000846863	-18.944662135929
4.7508997917175	-18.749578677099
4.7555999755859	-18.566008565921
4.7603001594543	-18.393627189889
4.7649998664856	-18.230805018876
4.7697000503540	-18.075239410442
4.7744002342224	-17.924740539197
4.7790999412537	-17.777946151808
4.7838001251221	-17.634732318092
4.7884998321533	-17.496222500979
4.7932000160217	-17.364385333256
4.7979001998901	-17.241352792446
4.8025999069214	-17.128715380932
4.8073000907898	-17.026977483996
4.8119997978210	-16.935346665614
4.8166999816895	-16.851895711272
4.8214001655579	-16.774049890715
4.8260998725891	-16.699272897078
4.8308000564575	-16.625735517017
4.8354997634888	-16.552753214082
4.8401999473572	-16.480878147495
4.8449001312256	-16.411563121205
4.8495998382568	-16.346540516073
4.8543000221252	-16.287147510108
4.8590002059937	-16.233730840366
4.8636999130249	-16.185411141878
4.8684000968933	-16.140200624910
4.8730998039246	-16.095484748215
4.8777999877930	-16.048734924502
4.8825001716614	-15.998230031663
4.8871998786926	-15.943514556821
4.8919000625610	-15.885506551621
4.8965997695923	-15.826141785530
4.9012999534607	-15.767720427329
4.9060001373291	-15.712137287654
4.9106998443604	-15.660307139175
4.9154000282288	-15.611869311862
4.9201002120972	-15.565346522383
4.9247999191284	-15.518637934618
4.9295001029968	-15.469747889127
4.9341998100281	-15.417487511881
4.9388999938965	-15.361925374874
4.9436001777649	-15.304401974762
4.9482998847961	-15.247154661971
4.9530000686646	-15.192569807587
4.9576997756958	-15.142421788696
4.9623999595642	-15.097246240673
4.9671001434326	-15.056050031874
4.9717998504639	-15.016475503352
4.9765000343323	-14.975322094428
4.9812002182007	-14.929292747253
4.9858999252319	-14.875753190050
4.9906001091003	-14.813192289008
4.9952998161316	-14.741290955563
5.0000000000000	-14.660492995855
#Parameters = {R_fat=48; R_glandular=38; R_skin_outer=50; T10=5; T15=7.5; T5=2.5; T_rad=4; T_x=10; T_y=0; T_z=75; Zc=65; skin_thickness=2; Mesh Pass=4}
#"Frequency / GHz"	"S1,1 (Mesh Pass=4) [Magnitude / dB]"
#-------------------------------------------------------
0.30000001192093	-16.802581485995
0.30469998717308	-17.470099478761
0.30939999222755	-17.780373729581
0.31409999728203	-17.627441620313
0.31880000233650	-17.154080142845
0.32350000739098	-16.630049068869
0.32820001244545	-16.284535053094
0.33289998769760	-16.269511924825
0.33759999275208	-16.700522969849
0.34229999780655	-17.716849588771
0.34700000286102	-19.577513471294
0.35170000791550	-22.939941740534
0.35640001296997	-30.558414991529
0.36109998822212	-34.424671602809
0.36579999327660	-22.696709402930
0.37049999833107	-17.612288658875
0.37520000338554	-14.347749665093
0.37990000844002	-12.022145291258
0.38460001349449	-10.320832680499
0.38929998874664	-9.0984802118320
0.39399999380112	-8.2736293537529
0.39869999885559	-7.7905147159896
0.40340000391006	-7.6043739873428
0.40810000896454	-7.6770618332256
0.41280001401901	-7.9766852285573
0.41749998927116	-8.4776038669915
0.42219999432564	-9.1583885838459
0.42689999938011	-9.9959611796779
0.43160000443459	-10.953667058824
0.43630000948906	-11.961706938481
0.44100001454353	-12.896278773557
0.44569998979568	-13.587750908487
0.45039999485016	-13.901076858276
0.45509999990463	-13.845044662859
0.45980000495911	-13.568862694158
0.46450001001358	-13.249182987154
0.46919998526573	-13.009550131368
0.47389999032021	-12.911784376712
0.47859999537468	-12.974852997223
0.48330000042915	-13.190760327448
0.48800000548363	-13.530969855870
0.49270001053810	-13.945759238160
0.49739998579025	-14.362593848152
0.50209999084473	-14.693711823907
0.50679999589920	-14.862355760457
0.51150000095367	-14.839510798419
0.51620000600815	-14.659929743666
0.52090001106262	-14.399782955160
0.52560001611710	-14.138687266391
0.53030002117157	-13.935518618323
0.53500002622604	-13.822786130783
0.53969997167587	-13.809883489870
0.54439997673035	-13.887136869896
0.54909998178482	-14.028088623684
0.55379998683929	-14.191354266286
0.55849999189377	-14.325693215272
0.56319999694824	-14.381727611619
0.56790000200272	-14.328736805536
0.57260000705719	-14.167185867322
0.57730001211166	-13.927159754620
0.58200001716614	-13.653921162859
0.58670002222061	-13.391379229066
0.59140002727509	-13.171767754415
0.59609997272491	-13.012190695951
0.60079997777939	-12.914910210003
0.60549998283386	-12.868822080648
0.61019998788834	-12.851528471812
0.61489999294281	-12.832935146422
0.61959999799728	-12.781561703420
0.62430000305176	-12.673168840146
0.62900000810623	-12.498571759784
0.63370001316071	-12.266268222111
0.63840001821518	-11.998270204598
0.64310002326965	-11.721854337215
0.64780002832413	-11.461708122583
0.65249997377396	-11.234908543247
0.65719997882843	-11.048865174936
0.66189998388290	-10.901203599296
0.66659998893738	-10.780872104966
0.67129999399185	-10.670511518325
0.67599999904633	-10.550244995027
0.68070000410080	-10.402664403816
0.68540000915527	-10.217693516772
0.69010001420975	-9.9953427059718
0.69480001926422	-9.7450921321279
0.69950002431870	-9.4823152006957
0.70420002937317	-9.2235761456939
0.70889997482300	-8.9825446411063
0.71359997987747	-8.7674176448188
0.71829998493195	-8.5798223400843
0.72299998998642	-8.4149897419613
0.72769999504089	-8.2630327610519
0.73240000009537	-8.1112789871815
0.73710000514984	-7.9474082605541
0.74180001020432	-7.7626872399101
0.74650001525879	-7.5542772514448
0.75120002031326	-7.3257534577096
0.75590002536774	-7.0856747473272
0.76059997081757	-6.8449499328782
0.76529997587204	-6.6139476939111
0.76999998092651	-6.4001697901370
0.77469998598099	-6.2068422713070
0.77939999103546	-6.0324860347036
0.78409999608994	-5.8714430224683
0.78880000114441	-5.7153013554592
0.79350000619888	-5.5550064070938
0.79820001125336	-5.3832113420590
0.80290001630783	-5.1962341720089
0.80760002136230	-4.9949716950187
0.81230002641678	-4.7844760684886
0.81699997186661	-4.5724392175022
0.82169997692108	-4.3671356097409
0.82639998197556	-4.1754246407033
0.83109998703003	-4.0012598006115
0.83579999208450	-3.8449180577427
0.84049999713898	-3.7030525859971
0.84520000219345	-3.5695643497625
0.84990000724792	-3.4371745378026
0.85460001230240	-3.2993506499611
0.85930001735687	-3.1521282987882
0.86400002241135	-2.9952431465277
0.86870002746582	-2.8322083053790
0.87339997291565	-2.6693966898818
0.87809997797012	-2.5143795953666
0.88279998302460	-2.3740819949388
0.88749998807907	-2.2531751164941
0.89219999313354	-2.1530363694061
0.89689999818802	-2.0714833942866
0.90160000324249	-2.0033850814534
0.90630000829697	-1.9420167805775
0.91100001335144	-1.8809813127591
0.91570001840591	-1.8161286616969
0.92040002346039	-1.7470096569572
0.92510002851486	-1.6773113747457
0.92979997396469	-1.6141787296304
0.93449997901917	-1.5666263325518
0.93919998407364	-1.5435077591124
0.94389998912811	-1.5515939021383
0.94859999418259	-1.5942210136500
0.95329999923706	-1.6708095059545
0.95800000429153	-1.7774040340680
0.96270000934601	-1.9082763751406
0.96740001440048	-2.0583209043518
0.97210001945496	-2.2258126399855
0.97680002450943	-2.4148394280411
0.98150002956390	-2.6367138040696
0.98619997501373	-2.9100084963717
0.99089998006821	-3.2594175789317
0.99559998512268	-3.7141762974545
1.0003000497818	-4.3070776073304
1.0049999952316	-5.0751795496560
1.0096999406815	-6.0633129665007
1.0144000053406	-7.3319857405000
1.0190999507904	-8.9729826538086
1.0238000154495	-11.139819232469
1.0284999608994	-14.101592537234
1.0332000255585	-18.179372422709
1.0378999710083	-21.158722360107
1.0426000356674	-17.654103968113
1.0472999811172	-13.594297522345
1.0520000457764	-10.642127341405
1.0566999912262	-8.4574788753631
1.0614000558853	-6.7863177320903
1.0661000013351	-5.4842166218559
1.0707999467850	-4.4643630189969
1.0755000114441	-3.6689753390961
1.0801999568939	-3.0547713786945
1.0849000215530	-2.5856436121854
1.0895999670029	-2.2294648061509
1.0943000316620	-1.9573562837933
1.0989999771118	-1.7444097223383
1.1037000417709	-1.5708965879017
1.1083999872208	-1.4231967073104
1.1131000518799	-1.2938704192633
1.1177999973297	-1.1807289978004
1.1224999427795	-1.0850652932896
1.1272000074387	-1.0095654030802
1.1318999528885	-0.95641358685942
1.1366000175476	-0.92596715316236
1.1412999629974	-0.91622307917963
1.1460000276566	-0.92302778912100
1.1506999731064	-0.94087431447542
1.1554000377655	-0.96404497737951
1.1600999832153	-0.98779670257216
1.1648000478745	-1.0092517385934
1.1694999933243	-1.0277986364433
1.1742000579834	-1.0448928612842
1.1789000034332	-1.0633423049681
1.1835999488831	-1.0863082331734
1.1883000135422	-1.1163490976177
1.1929999589920	-1.1546881565574
1.1977000236511	-1.2009338000472
1.2023999691010	-1.2532170359659
1.2071000337601	-1.3087040181645
1.2117999792099	-1.3643316218023
1.2165000438690	-1.4175740762626
1.2211999893188	-1.4670371240336
1.2259000539780	-1.5127381720852
1.2305999994278	-1.5559996374754
1.2352999448776	-1.5989964463619
1.2400000095367	-1.6441052402129
1.2446999549866	-1.6932613898891
1.2494000196457	-1.7474585372821
1.2540999650955	-1.8065359695198
1.2588000297546	-1.8692723559318
1.2634999752045	-1.9337329556035
1.2682000398636	-1.9977933708951
1.2728999853134	-2.0596954914572
1.2776000499725	-2.1184873297259
1.2822999954224	-2.1742376444616
1.2869999408722	-2.2279811982421
1.2917000055313	-2.2814039060477
1.2963999509811	-2.3363689979219
1.3011000156403	-2.3944373445575
1.3057999610901	-2.4564755350791
1.3105000257492	-2.5224721950289
1.3151999711990	-2.5915856790758
1.3199000358582	-2.6623942157780
1.3245999813080	-2.7332756539724
1.3293000459671	-2.8028472982697
1.3339999914169	-2.8703165581248
1.3387000560760	-2.9356844140601
1.3434000015259	-2.9997288867593
1.3480999469757	-3.0637878369609
1.3528000116348	-3.1294074077309
1.3574999570847	-3.1979579223010
1.3622000217438	-3.2703010268197
1.3668999671936	-3.3466095897769
1.3716000318527	-3.4263642609290
1.3762999773026	-3.5085219308097
1.3810000419617	-3.5918005811830
1.3856999874115	-3.6750289320898
1.3904000520706	-3.7574619950654
1.3950999975204	-3.8389777599306
1.3997999429703	-3.9201203347241
1.4045000076294	-4.0019647481991
1.4091999530792	-4.0858612355693
1.4139000177383	-4.1731154544714
1.4185999631882	-4.2646877456605
1.4233000278473	-4.3610036903562
1.4279999732971	-4.4618836571654
1.4327000379562	-4.5666359524951
1.4373999834061	-4.6742548516213
1.4421000480652	-4.7837137918497
1.4467999935150	-4.8942409846296
1.4515000581741	-5.0055526016868
1.4562000036240	-5.1179482834543
1.4608999490738	-5.2322768458953
1.4656000137329	-5.3497550123399
1.4702999591827	-5.4717138880534
1.4750000238419	-5.5993178362138
1.4796999692917	-5.7333286921521
1.4844000339508	-5.8739831006054
1.4890999794006	-6.0209746184222
1.4938000440598	-6.1735805864387
1.4984999895096	-6.3308741225392
1.5032000541687	-6.4920026624941
1.5078999996185	-6.6564368260429
1.5125999450684	-6.8241661732371
1.5173000097275	-6.9957623545569
1.5219999551773	-7.1723060315667
1.5267000198364	-7.3551952774485
1.5313999652863	-7.5458807125153
1.5361000299454	-7.7455889967756
1.5407999753952	-7.9550889824708
1.5455000400543	-8.1745709781609
1.5501999855042	-8.4036493598869
1.5549000501633	-8.6414901504052
1.5595999956131	-8.8870598156068
1.5642999410629	-9.1394256458906
1.5690000057220	-9.3980538028390
1.5736999511719	-9.6630250905252
1.5784000158310	-9.9351222074164
1.5830999612808	-10.215738315535
1.5878000259399	-10.506655072576
1.5924999713898	-10.809707201972
1.5972000360489	-11.126430566557
1.6018999814987	-11.457757317608
1.6066000461578	-11.803828199762
1.6112999916077	-12.163964375127
1.6160000562668	-12.536828222957
1.6207000017166	-12.920719258559
1.6253999471664	-13.313999954833
1.6301000118256	-13.715512076755
1.6347999572754	-14.124909361127
1.6395000219345	-14.542779555403
1.6441999673843	-14.970532141527
1.6489000320435	-15.410047489182
1.6535999774933	-15.863133408390
1.6583000421524	-16.330920242259
1.6629999876022	-16.813313122536
1.6677000522614	-17.308536232146
1.6723999977112	-17.812938720948
1.6770999431610	-18.321006107085
1.6818000078201	-18.825642178300
1.6864999532700	-19.318686157652
1.6912000179291	-19.791523055274
1.6958999633789	-20.235683318929
1.7006000280380	-20.643383715849
1.7052999734879	-21.007873866111
1.7100000381470	-21.323623610257
1.7146999835968	-21.586489009056
1.7194000482559	-21.793788395647
1.7240999937057	-21.944422859550
1.7288000583649	-22.038832380634
1.7335000038147	-22.078829063341
1.7381999492645	-22.067335560362
1.7429000139236	-22.008068611535
1.7475999593735	-21.905323713000
1.7523000240326	-21.764043043674
1.7569999694824	-21.589889644452
1.7617000341415	-21.389475756605
1.7663999795914	-21.170291864989
1.7711000442505	-20.940433365178
1.7757999897003	-20.707981175249
1.7805000543594	-20.480310867823
1.7851999998093	-20.263362883809
1.7898999452591	-20.061109755510
1.7946000099182	-19.875324332676
1.7992999553680	-19.705658922639
1.8040000200272	-19.550085857251
1.8086999654770	-19.405586099695
1.8134000301361	-19.268996446146
1.8180999755859	-19.137865814188
1.8228000402451	-19.011077514012
1.8274999856949	-18.889147108867
1.8322000503540	-18.774057851139
1.8368999958038	-18.668779433428
1.8415999412537	-18.576515719531
1.8463000059128	-18.499952886005
1.8509999513626	-18.440650982706
1.8557000160217	-18.398711237366
1.8603999614716	-18.372793508446
1.8651000261307	-18.360413186732
1.8697999715805	-18.358516063238
1.8745000362396	-18.364223857320
1.8791999816895	-18.375501144503
1.8839000463486	-18.391678979552
1.8885999917984	-18.413618177359
1.8933000564575	-18.443515685093
1.8980000019073	-18.484390637415
1.9026999473572	-18.539406393755
1.9074000120163	-18.611153436757
1.9120999574661	-18.701184074993
1.9168000221252	-18.809692960443
1.9214999675751	-18.935588601965
1.9262000322342	-19.076843029410
1.9308999776840	-19.231058999780
1.9356000423431	-19.396188048423
1.9402999877930	-19.571185848316
1.9450000524521	-19.756470348543
1.9496999979019	-19.954082514155
1.9543999433517	-20.167442350140
1.9591000080109	-20.400836722200
1.9637999534607	-20.658748655754
1.9685000181198	-20.945175021475
1.9731999635696	-21.263127960878
1.9779000282288	-21.614363624488
1.9825999736786	-21.999427868638
1.9873000383377	-22.418008135052
1.9919999837875	-22.869530111241
1.9967000484467	-23.353932411289
2.0013999938965	-23.872432825974
2.0060999393463	-24.428107831926
2.0107998847961	-25.026017511301
2.0155000686646	-25.672822498734
2.0202000141144	-26.375602461635
2.0248999595642	-27.139736178466
2.0295999050140	-27.965328663882
2.0343000888824	-28.841293341782
2.0390000343323	-29.735738346630
2.0436999797821	-30.582806650793
2.0483999252319	-31.272225010506
2.0531001091003	-31.662637351946
2.0578000545502	-31.640796970061
2.0625000000000	-31.196049659550
2.0671999454498	-30.426250207620
2.0718998908997	-29.467924246141
2.0766000747681	-28.433482520721
2.0813000202179	-27.394080761648
2.0859999656677	-26.388606288820
2.0906999111176	-25.436203688726
2.0954000949860	-24.545148742629
2.1001000404358	-23.717767663103
2.1047999858856	-22.952916360844
2.1094999313354	-22.247240585788
2.1142001152039	-21.595883795506
2.1189000606537	-20.993054594230
2.1236000061035	-20.432554019623
2.1282999515533	-19.908346210859
2.1329998970032	-19.415095396557
2.1377000808716	-18.948585842983
2.1424000263214	-18.505951260241
2.1470999717712	-18.085696581788
2.1517999172211	-17.687416069203
2.1565001010895	-17.311409776602
2.1612000465393	-16.958179784928
2.1658999919891	-16.627974550730
2.1705999374390	-16.320456187068
2.1752998828888	-16.034536583280
2.1800000667572	-15.768421396446
2.1847000122070	-15.519805716911
2.1893999576569	-15.286215146066
2.1940999031067	-15.065383656713
2.1988000869751	-14.855581907517
2.2035000324249	-14.655830425989
2.2081999778748	-14.465954592733
2.2128999233246	-14.286424502306
2.2176001071930	-14.118105573428
2.2223000526428	-13.961884604920
2.2269999980927	-13.818368353967
2.2316999435425	-13.687623470882
2.2363998889923	-13.569091458156
2.2411000728607	-13.461639263877
2.2458000183105	-13.363752234807
2.2504999637604	-13.273833493274
2.2551999092102	-13.190501239384
2.2599000930786	-13.112859368875
2.2646000385284	-13.040618481974
2.2692999839783	-12.974107419050
2.2739999294281	-12.914105921383
2.2787001132965	-12.861585106337
2.2834000587463	-12.817424376096
2.2881000041962	-12.782138075814
2.2927999496460	-12.755716205820
2.2974998950958	-12.737602091170
2.3022000789642	-12.726792024584
2.3069000244141	-12.722054234122
2.3115999698639	-12.722204305663
2.3162999153137	-12.726376630324
2.3210000991821	-12.734201786866
2.3257000446320	-12.745886562469
2.3303999900818	-12.762132302787
2.3350999355316	-12.783946152846
2.3397998809814	-12.812364497447
2.3445000648499	-12.848201500126
2.3492000102997	-12.891826721570
2.3538999557495	-12.943097668104
2.3585999011993	-13.001372243918
2.3633000850677	-13.065685403705
2.3680000305176	-13.134990797095
2.3726999759674	-13.208426509629
2.3773999214172	-13.285551049937
2.3821001052856	-13.366472014859
2.3868000507355	-13.451841050610
2.3914999961853	-13.542715167679
2.3961999416351	-13.640320754031
2.4008998870850	-13.745781619308
2.4056000709534	-13.859875849523
2.4103000164032	-13.982875372740
2.4149999618530	-14.114521665075
2.4196999073029	-14.254123044381
2.4244000911713	-14.400774251175
2.4291000366211	-14.553636437736
2.4337999820709	-14.712200565562
2.4384999275208	-14.876500704422
2.4432001113892	-15.047200135621
2.4479000568390	-15.225512021587
2.4526000022888	-15.412998920470
2.4572999477386	-15.611307756737
2.4619998931885	-15.821862922593
2.4667000770569	-16.045637630217
2.4714000225067	-16.283014215083
2.4760999679565	-16.533842891005
2.4807999134064	-16.797555393341
2.4855000972748	-17.073484570594
2.4902000427246	-17.361170159643
2.4948999881744	-17.660685853990
2.4995999336243	-17.972841778399
2.5043001174927	-18.299248916665
2.5090000629425	-18.642189714726
2.5137000083923	-19.004363454464
2.5183999538422	-19.388526875537
2.5230998992920	-19.797088230229
2.5278000831604	-20.231825739310
2.5325000286102	-20.693658665469
2.5371999740601	-21.182564688116
2.5418999195099	-21.697625432220
2.5466001033783	-22.237121148217
2.5513000488281	-22.798541210514
2.5559999942780	-23.378478869962
2.5606999397278	-23.972028729048
2.5653998851776	-24.571771008587
2.5701000690460	-25.166069673908
2.5748000144958	-25.737014429696
2.5794999599457	-26.258536183387
2.5841999053955	-26.696200299745
2.5889000892639	-27.010496684594
2.5936000347137	-27.164927678003
2.5982999801636	-27.136993283277
2.6029999256134	-26.926379609910
2.6077001094818	-26.554788807101
2.6124000549316	-26.057680952506
2.6171000003815	-25.473754399910
2.6217999458313	-24.837339046882
2.6264998912811	-24.175404308040
2.6312000751495	-23.507676590386
2.6359000205994	-22.847989941904
2.6405999660492	-22.205800789536
2.6452999114990	-21.587333837403
2.6500000953674	-20.996323766349
2.6547000408173	-20.434492055840
2.6593999862671	-19.901890726409
2.6640999317169	-19.397267896215
2.6688001155853	-18.918404654214
2.6735000610352	-18.462567344613
2.6782000064850	-18.026917593066
2.6828999519348	-17.608939638483
2.6875998973846	-17.206731857717
2.6923000812531	-16.819130357809
2.6970000267029	-16.445701482535
2.7016999721527	-16.086552810434
2.7063999176025	-15.742022646406
2.7111001014709	-15.412399415794
2.7158000469208	-15.097635652028
2.7204999923706	-14.797197832325
2.7251999378204	-14.510042489786
2.7298998832703	-14.234720868483
2.7346000671387	-13.969583388210
2.7393000125885	-13.713058641966
2.7439999580383	-13.463872988545
2.7486999034882	-13.221239498621
2.7534000873566	-12.984903786437
2.7581000328064	-12.755082751697
2.7627999782562	-12.532272717593
2.7674999237061	-12.317029354856
2.7722001075745	-12.109730195783
2.7769000530243	-11.910407552689
2.7815999984741	-11.718668171054
2.7862999439240	-11.533741255304
2.7909998893738	-11.354607380850
2.7957000732422	-11.180198677759
2.8004000186920	-11.009604401299
2.8050999641418	-10.842247971168
2.8097999095917	-10.677959106256
2.8145000934601	-10.516960735773
2.8192000389099	-10.359748945700
2.8238999843597	-10.206904401544
2.8285999298096	-10.058910791327
2.8333001136780	-9.9159812496932
2.8380000591278	-9.7779824470425
2.8427000045776	-9.6444344794804
2.8473999500275	-9.5146163606720
2.8520998954773	-9.3877197518497
2.8568000793457	-9.2630375341736
2.8615000247955	-9.1401042435020
2.8661999702454	-9.0188026876716
2.8708999156952	-8.8993452565944
2.8756000995636	-8.7821951146611
2.8803000450134	-8.6679212048122
2.8849999904633	-8.5570148723956
2.8896999359131	-8.4497577317525
2.8943998813629	-8.3461264044167
2.8991000652313	-8.2457924623409
2.9038000106812	-8.1481936352973
2.9084999561310	-8.0526775572013
2.9131999015808	-7.9586495511786
2.9179000854492	-7.8657235905691
2.9226000308990	-7.7738074379791
2.9272999763489	-7.6831052831783
2.9319999217987	-7.5940471421650
2.9367001056671	-7.5071673530918
2.9414000511169	-7.4229418936573
2.9460999965668	-7.3416668142113
2.9507999420166	-7.2633671675882
2.9554998874664	-7.1877873061220
2.9602000713348	-7.1144496325110
2.9649000167847	-7.0427972912570
2.9695999622345	-6.9723011739695
2.9742999076843	-6.9026242436187
2.9790000915527	-6.8336844868123
2.9837000370026	-6.7656671974444
2.9883999824524	-6.6989730574028
2.9930999279022	-6.6340940240061
2.9978001117706	-6.5714804108237
3.0025000572205	-6.5114140982380
3.0072000026703	-6.4539331723976
3.0118999481201	-6.3988177304750
3.0165998935699	-6.3456395307885
3.0213000774384	-6.2938869630591
3.0260000228882	-6.2430865480483
3.0306999683380	-6.1929166132220
3.0353999137878	-6.1433033493559
3.0401000976562	-6.0944205185567
3.0448000431061	-6.0466361707635
3.0494999885559	-6.0004141271013
3.0541999340057	-5.9561730181723
3.0589001178741	-5.9141728543476
3.0636000633240	-5.8744556775475
3.0683000087738	-5.8368115701068
3.0729999542236	-5.8008470508887
3.0776998996735	-5.7660761126460
3.0824000835419	-5.7320521871738
3.0871000289917	-5.6984788060360
3.0917999744415	-5.6652837429710
3.0964999198914	-5.6326315380114
3.1012001037598	-5.6008731011827
3.1059000492096	-5.5704441199403
3.1105999946594	-5.5417363579401
3.1152999401093	-5.5150042131432
3.1199998855591	-5.4902777022206
3.1247000694275	-5.4673554445460
3.1294000148773	-5.4458567270600
3.1340999603271	-5.4253181653804
3.1387999057770	-5.4053166241364
3.1435000896454	-5.3855672572026
3.1482000350952	-5.3660075489398
3.1528999805450	-5.3467995307870
3.1575999259949	-5.3282785833101
3.1623001098633	-5.3108686486303
3.1670000553131	-5.2949414428655
3.1717000007629	-5.2807311981326
3.1763999462128	-5.2682602773635
3.1810998916626	-5.2573156206185
3.1858000755310	-5.2475265824116
3.1905000209808	-5.2384321384930
3.1951999664307	-5.2296172258973
3.1998999118805	-5.2208090264255
3.2046000957489	-5.2119467837369
3.2093000411987	-5.2031860990730
3.2139999866486	-5.1948566312562
3.2186999320984	-5.1873518823808
3.2234001159668	-5.1810304599300
3.2281000614166	-5.1760914353668
3.2328000068665	-5.1725232909079
3.2374999523163	-5.1700996757895
3.2421998977661	-5.1684137780417
3.2469000816345	-5.1669980288529
3.2516000270844	-5.1654147805431
3.2562999725342	-5.1633895887996
3.2609999179840	-5.1608374731931
3.2657001018524	-5.1579043873763
3.2704000473022	-5.1548876326026
3.2750999927521	-5.1521470915959
3.2797999382019	-5.1499824944807
3.2844998836517	-5.1485336849339
3.2892000675201	-5.1477199051113
3.2939000129700	-5.1472420641418
3.2985999584198	-5.1466278286232
3.3032999038696	-5.1453441751124
3.3080000877380	-5.1429055184541
3.3127000331879	-5.1389872554662
3.3173999786377	-5.1334736419100
3.3220999240875	-5.1264573277665
3.3268001079559	-5.1181905896380
3.3315000534058	-5.1089595931692
3.3361999988556	-5.0989889376837
3.3408999443054	-5.0883256541862
3.3455998897552	-5.0767956745370
3.3503000736237	-5.0640072285418
3.3550000190735	-5.0494199439772
3.3596999645233	-5.0324594236683
3.3643999099731	-5.0126250207995
3.3691000938416	-4.9896148499738
3.3738000392914	-4.9633476447406
3.3784999847412	-4.9339814937764
3.3831999301910	-4.9018254387107
3.3879001140594	-4.8672356373308
3.3926000595093	-4.8305008747515
3.3973000049591	-4.7917547026212
3.4019999504089	-4.7509369344524
3.4066998958588	-4.7078195501695
3.4114000797272	-4.6620793333087
3.4161000251770	-4.6134207714890
3.4207999706268	-4.5616838741794
3.4254999160767	-4.5069303149342
3.4302000999451	-4.4494797462736
3.4349000453949	-4.3898764526112
3.4395999908447	-4.3287956592347
3.4442999362946	-4.2669437403553
3.4489998817444	-4.2049429046442
3.4537000656128	-4.1432441357250
3.4584000110626	-4.0821057132674
3.4630999565125	-4.0216195799595
3.4677999019623	-3.9617769818042
3.4725000858307	-3.9025788265381
3.4772000312805	-3.8441175763066
3.4818999767303	-3.7866429882961
3.4865999221802	-3.7305770395918
3.4913001060486	-3.6764762993510
3.4960000514984	-3.6249549526027
3.5006999969482	-3.5765789860991
3.5053999423981	-3.5317831847497
3.5100998878479	-3.4907997215369
3.5148000717163	-3.4536509707097
3.5195000171661	-3.4201760847388
3.5241999626160	-3.3901044304994
3.5288999080658	-3.3631459190448
3.5336000919342	-3.3390824295239
3.5383000373840	-3.3178302882983
3.5429999828339	-3.2994575692365
3.5476999282837	-3.2841603168516
3.5524001121521	-3.2722054573225
3.5571000576019	-3.2638337604860
3.5618000030518	-3.2591938197698
3.5664999485016	-3.2582711425603
3.5711998939514	-3.2608798038435
3.5759000778198	-3.2666831002465
3.5806000232697	-3.2752581688382
3.5852999687195	-3.2861853760618
3.5899999141693	-3.2991253846019
3.5947000980377	-3.3138897977199
3.5994000434875	-3.3304591474948
3.6040999889374	-3.3489690587437
3.6087999343872	-3.3696425569140
3.6135001182556	-3.3927141304615
3.6182000637054	-3.4183395399988
3.6229000091553	-3.4465420481331
3.6275999546051	-3.4771703261563
3.6322999000549	-3.5099285514479
3.6370000839233	-3.5444358239394
3.6417000293732	-3.5802992590659
3.6463999748230	-3.6172116320185
3.6510999202728	-3.6550118305774
3.6558001041412	-3.6937151681024
3.6605000495911	-3.7335009594436
3.6651999950409	-3.7746515120563
3.6698999404907	-3.8174640434326
3.6745998859406	-3.8621621484295
3.6793000698090	-3.9088295034870
3.6840000152588	-3.9573668079813
3.6886999607086	-4.0075143910931
3.6933999061584	-4.0589062571198
3.6981000900269	-4.1111587984921
3.7028000354767	-4.1639633475231
3.7074999809265	-4.2171592947175
3.7121999263763	-4.2707782881541
3.7169001102448	-4.3250238057285
3.7216000556946	-4.3802097945666
3.7263000011444	-4.4366732302238
3.7309999465942	-4.4946701852657
3.7356998920441	-4.5543006152643
3.7404000759125	-4.6154621882007
3.7451000213623	-4.6778676758303
3.7497999668121	-4.7411007491844
3.7544999122620	-4.8047162865356
3.7592000961304	-4.8683510693518
3.7639000415802	-4.9317988752565
3.7685999870300	-4.9950590306972
3.7732999324799	-5.0583285530514
3.7780001163483	-5.1219273879025
3.7827000617981	-5.1861968108928
3.7874000072479	-5.2513839096492
3.7920999526978	-5.3175536473597
3.7967998981476	-5.3845357323506
3.8015000820160	-5.4519468864732
3.8062000274658	-5.5192612180454
3.8108999729156	-5.5859178438680
3.8155999183655	-5.6514538206172
3.8203001022339	-5.7155962294635
3.8250000476837	-5.7783137821702
3.8296999931335	-5.8398020450762
3.8343999385834	-5.9003937111562
3.8390998840332	-5.9604405461916
3.8438000679016	-6.0201802887262
3.8485000133514	-6.0796278302215
3.8531999588013	-6.1385392870568
3.8578999042511	-6.1964293181464
3.8626000881195	-6.2526721778765
3.8673000335693	-6.3066397753635
3.8719999790192	-6.3578445030517
3.8766999244690	-6.4060505261464
3.8814001083374	-6.4513224864940
3.8861000537872	-6.4939828384315
3.8907999992371	-6.5345083137331
3.8954999446869	-6.5733767673308
3.9001998901367	-6.6109164324846
3.9049000740051	-6.6472042487386
3.9096000194550	-6.6820206361117
3.9142999649048	-6.7149135506312
3.9189999103546	-6.7453128239042
3.9237000942230	-6.7726928868485
3.9284000396729	-6.7967344974351
3.9330999851227	-6.8174240773087
3.9377999305725	-6.8350806657308
3.9425001144409	-6.8502906766227
3.9472000598907	-6.8637595082201
3.9519000053406	-6.8761491744198
3.9565999507904	-6.8879195089338
3.9612998962402	-6.8992221182410
3.9660000801086	-6.9099056434624
3.9707000255585	-6.9195738290521
3.9753999710083	-6.9277436384416
3.9800999164581	-6.9340115307729
3.9848001003265	-6.9382081095849
3.9895000457764	-6.9404923352502
3.9941999912262	-6.9413397974559
3.9988999366760	-6.9414596488986
4.0036001205444	-6.9416369383478
4.0082998275757	-6.9425510884003
4.0130000114441	-6.9446316082171
4.0177001953125	-6.9479745599211
4.0223999023438	-6.9523527173727
4.0271000862122	-6.9573100247906
4.0317997932434	-6.9623166413421
4.0364999771118	-6.9669512576726
4.0412001609802	-6.9710394824824
4.0458998680115	-6.9747433128806
4.0506000518799	-6.9785338319251
4.0553002357483	-6.9830970844980
4.0599999427795	-6.9891668173699
4.0647001266479	-6.9973525970801
4.0693998336792	-7.0079894752014
4.0741000175476	-7.0210669743307
4.0788002014160	-7.0362524785303
4.0834999084473	-7.0529875570433
4.0882000923157	-7.0706593000468
4.0928997993469	-7.0887740510605
4.0975999832153	-7.1071105950855
4.1023001670837	-7.1257940888926
4.1069998741150	-7.1452755102494
4.1117000579834	-7.1662215706006
4.1163997650146	-7.1893491414027
4.1210999488831	-7.2152390914698
4.1258001327515	-7.2441854781434
4.1304998397827	-7.2761243577900
4.1352000236511	-7.3106552486448
4.1399002075195	-7.3471480957866
4.1445999145508	-7.3849167245929
4.1493000984192	-7.4234129442429
4.1539998054504	-7.4623836233035
4.1586999893188	-7.5019531177047
4.1634001731873	-7.5426033037684
4.1680998802185	-7.5850586409426
4.1728000640869	-7.6301000710311
4.1774997711182	-7.6783723716102
4.1821999549866	-7.7302095610330
4.1869001388550	-7.7855632668963
4.1915998458862	-7.8440136010756
4.1963000297546	-7.9048882694976
4.2010002136230	-7.9674593842322
4.2056999206543	-8.0311478943273
4.2104001045227	-8.0957102272048
4.2150998115540	-8.1613312733067
4.2197999954224	-8.2286092898847
4.2245001792908	-8.2984260544300
4.2291998863220	-8.3717334498719
4.2339000701904	-8.4493250077266
4.2385997772217	-8.5316351162818
4.2432999610901	-8.6186307447699
4.2480001449585	-8.7098139767754
4.2526998519897	-8.8043471010418
4.2574000358582	-8.9012650720063
4.2621002197266	-8.9997252542203
4.2667999267578	-9.0992293878406
4.2715001106262	-9.1997533091568
4.2761998176575	-9.3017372655606
4.2809000015259	-9.4059558852525
4.2856001853943	-9.5132745309760
4.2902998924255	-9.6243719441157
4.2950000762939	-9.7395044245727
4.2996997833252	-9.8583745707922
4.3043999671936	-9.9801436021465
4.3091001510620	-10.103596056778
4.3137998580933	-10.227428577310
4.3185000419617	-10.350579888044
4.3232002258301	-10.472525276661
4.3278999328613	-10.593432929402
4.3326001167297	-10.714148414536
4.3372998237610	-10.835986734993
4.3420000076294	-10.960381474757
4.3467001914978	-11.088508632381
4.3513998985291	-11.220954789401
4.3561000823975	-11.357551286590
4.3607997894287	-11.497392510707
4.3654999732971	-11.639074153480
4.3702001571655	-11.781069832690
4.3748998641968	-11.922183737856
4.3796000480652	-12.061920895011
4.3843002319336	-12.200687915557
4.3889999389648	-12.339726797723
4.3937001228333	-12.480816511529
4.3983998298645	-12.625799333467
4.4031000137329	-12.776067059589
4.4078001976013	-12.932160144944
4.4124999046326	-13.093562538866
4.4172000885010	-13.258791015127
4.4218997955322	-13.425748211112
4.4265999794006	-13.592285377136
4.4313001632690	-13.756808455804
4.4359998703003	-13.918781356674
4.4407000541687	-14.078930782285
4.4454002380371	-14.239084322979
4.4500999450684	-14.401666105356
4.4548001289368	-14.568998713972
4.4594998359680	-14.742580409769
4.4642000198364	-14.922568576393
4.4689002037048	-15.107596867312
4.4735999107361	-15.294997021456
4.4783000946045	-15.481426434834
4.4829998016357	-15.663734515635
4.4876999855042	-15.839864942037
4.4924001693726	-16.009467540778
4.4970998764038	-16.174018472677
4.5018000602722	-16.336352648883
4.5064997673035	-16.499730346582
4.5111999511719	-16.666727366104
4.5159001350403	-16.838240398427
4.5205998420715	-17.012944347570
4.5253000259399	-17.187302695888
4.5300002098083	-17.356289311851
4.5346999168396	-17.514591188258
4.5394001007080	-17.658069354339
4.5440998077393	-17.784959556920
4.5487999916077	-17.896328554212
4.5535001754761	-17.995620972742
4.5581998825073	-18.087363899564
4.5629000663757	-18.175496909374
4.5675997734070	-18.261865153600
4.5722999572754	-18.345332717547
4.5770001411438	-18.421792522805
4.5816998481750	-18.485132273452
4.5864000320435	-18.529002111769
4.5911002159119	-18.548795763320
4.5957999229431	-18.543219274551
4.6005001068115	-18.514796434788
4.6051998138428	-18.469068462514
4.6098999977112	-18.412815952025
4.6146001815796	-18.351957070869
4.6192998886108	-18.289863751800
4.6240000724792	-18.226542188773
4.6286997795105	-18.158852513411
4.6333999633789	-18.081692927538
4.6381001472473	-17.989852011749
4.6427998542786	-17.879898252654
4.6475000381470	-17.751577695742
4.6522002220154	-17.608075070787
4.6568999290466	-17.455206570642
4.6616001129150	-17.299733353757
4.6662998199463	-17.147545534911
4.6710000038147	-17.002227870208
4.6757001876831	-16.864334735512
4.6803998947144	-16.731538441567
4.6851000785828	-16.599557068637
4.6897997856140	-16.463583853442
4.6944999694824	-16.319883854283
4.6992001533508	-16.167019625291
4.7038998603821	-16.006396180925
4.7086000442505	-15.841872903046
4.7133002281189	-15.678637721705
4.7179999351501	-15.521790944778
4.7227001190186	-15.375006806251
4.7273998260498	-15.239659166580
4.7321000099182	-15.114633583165
4.7368001937866	-14.996713105443
4.7414999008179	-14.881586510341
4.7462000846863	-14.765075806943
4.7508997917175	-14.644414150170
4.7555999755859	-14.519030575066
4.7603001594543	-14.390765948547
4.7649998664856	-14.263316782432
4.7697000503540	-14.141171541198
4.7744002342224	-14.028397877934
4.7790999412537	-13.927566966549
4.7838001251221	-13.839144149934
4.7884998321533	-13.761403413398
4.7932000160217	-13.690925685947
4.7979001998901	-13.623531943481
4.8025999069214	-13.555436506310
4.8073000907898	-13.484330338198
4.8119997978210	-13.410050074930
4.8166999816895	-13.334626446952
4.8214001655579	-13.261670784402
4.8260998725891	-13.195312585435
4.8308000564575	-13.138988694501
4.8354997634888	-13.094404725270
4.8401999473572	-13.060926208262
4.8449001312256	-13.035525556950
4.8495998382568	-13.013295366638
4.8543000221252	-12.988482040734
4.8590002059937	-12.955787595163
4.8636999130249	-12.911635045846
4.8684000968933	-12.855011191649
4.8730998039246	-12.787586387692
4.8777999877930	-12.713088652678
4.8825001716614	-12.636161190799
4.8871998786926	-12.561055127080
4.8919000625610	-12.490576688914
4.8965997695923	-12.425541035559
4.9012999534607	-12.364819926129
4.9060001373291	-12.305946844161
4.9106998443604	-12.246080100079
4.9154000282288	-12.183075260324
4.9201002120972	-12.116325149836
4.9247999191284	-12.047090854567
4.9295001029968	-11.978272296770
4.9341998100281	-11.913606238451
4.9388999938965	-11.856636518594
4.9436001777649	-11.809724171706
4.9482998847961	-11.773338619806
4.9530000686646	-11.745870272241
4.9576997756958	-11.723936278188
4.9623999595642	-11.703203827949
4.9671001434326	-11.679484117909
4.9717998504639	-11.649858605128
4.9765000343323	-11.613469819621
4.9812002182007	-11.571731484807
4.9858999252319	-11.527831241831
4.9906001091003	-11.485697243186
4.9952998161316	-11.448758339648
5.0000000000000	-11.418794225587
#Parameters = {R_fat=48; R_glandular=38; R_skin_outer=50; T10=5; T15=7.5; T5=2.5; T_rad=4; T_x=10; T_y=0; T_z=75; Zc=65; skin_thickness=2; Mesh Pass=5}
#"Frequency / GHz"	"S1,1 (Mesh Pass=5) [Magnitude / dB]"
#-------------------------------------------------------
0.30000001192093	-23.086531627743
0.30469998717308	-24.067536400657
0.30939999222755	-24.314611671478
0.31409999728203	-23.757595961273
0.31880000233650	-22.862305117727
0.32350000739098	-22.098145726804
0.32820001244545	-21.719700635064
0.33289998769760	-21.864358307596
0.33759999275208	-22.661425830923
0.34229999780655	-24.307258114018
0.34700000286102	-27.026476554794
0.35170000791550	-29.469076436429
0.35640001296997	-26.507290293591
0.36109998822212	-21.897168491905
0.36579999327660	-18.270221191070
0.37049999833107	-15.479810904748
0.37520000338554	-13.288295395550
0.37990000844002	-11.557673334258
0.38460001349449	-10.212053423935
0.38929998874664	-9.2072285930593
0.39399999380112	-8.5123856069008
0.39869999885559	-8.1001212598965
0.40340000391006	-7.9426768527019
0.40810000896454	-8.0125994630657
0.41280001401901	-8.2854521644005
0.41749998927116	-8.7423881459398
0.42219999432564	-9.3711831298339
0.42689999938011	-10.164838226988
0.43160000443459	-11.116405642968
0.43630000948906	-12.207150995271
0.44100001454353	-13.383150420852
0.44569998979568	-14.519473363012
0.45039999485016	-15.401587587530
0.45509999990463	-15.809239895676
0.45980000495911	-15.705238324060
0.46450001001358	-15.280403370262
0.46919998526573	-14.778553794394
0.47389999032021	-14.362890552143
0.47859999537468	-14.109559226054
0.48330000042915	-14.042179691920
0.48800000548363	-14.157111872218
0.49270001053810	-14.433402994962
0.49739998579025	-14.831649089901
0.50209999084473	-15.286775311222
0.50679999589920	-15.703461259462
0.51150000095367	-15.970431085195
0.51620000600815	-16.005126774851
0.52090001106262	-15.803029769474
0.52560001611710	-15.439081797938
0.53030002117157	-15.018996622592
0.53500002622604	-14.632215951219
0.53969997167587	-14.334968271409
0.54439997673035	-14.153377075668
0.54909998178482	-14.090806878828
0.55379998683929	-14.132360363945
0.55849999189377	-14.245962246224
0.56319999694824	-14.382886690356
0.56790000200272	-14.482851462893
0.57260000705719	-14.488321704905
0.57730001211166	-14.365686609747
0.58200001716614	-14.120006878232
0.58670002222061	-13.790752931251
0.59140002727509	-13.432352603141
0.59609997272491	-13.094720840616
0.60079997777939	-12.812941342627
0.60549998283386	-12.605001550830
0.61019998788834	-12.472977877387
0.61489999294281	-12.404728745486
0.61959999799728	-12.375674469942
0.62430000305176	-12.352042852255
0.62900000810623	-12.297332234634
0.63370001316071	-12.182070465176
0.63840001821518	-11.993460681155
0.64310002326965	-11.739314007972
0.64780002832413	-11.443776932823
0.65249997377396	-11.137843496639
0.65719997882843	-10.850126161792
0.66189998388290	-10.601112243748
0.66659998893738	-10.400802696416
0.67129999399185	-10.248454887919
0.67599999904633	-10.133494835810
0.68070000410080	-10.037529543552
0.68540000915527	-9.9379309036018
0.69010001420975	-9.8131000664368
0.69480001926422	-9.6483324489873
0.69950002431870	-9.4400064951762
0.70420002937317	-9.1960749805679
0.70889997482300	-8.9327237817474
0.71359997987747	-8.6690884094677
0.71829998493195	-8.4222872873448
0.72299998998642	-8.2040480293951
0.72769999504089	-8.0190325330632
0.73240000009537	-7.8645538723376
0.73710000514984	-7.7314228143817
0.74180001020432	-7.6059419807002
0.74650001525879	-7.4730260519177
0.75120002031326	-7.3199544688910
0.75590002536774	-7.1397403583686
0.76059997081757	-6.9328546825737
0.76529997587204	-6.7066379315518
0.76999998092651	-6.4728081712130
0.77469998598099	-6.2441367140881
0.77939999103546	-6.0314118814917
0.78409999608994	-5.8413129395241
0.78880000114441	-5.6753198984462
0.79350000619888	-5.5296770825392
0.79820001125336	-5.3963343137171
0.80290001630783	-5.2648355387083
0.80760002136230	-5.1248693944937
0.81230002641678	-4.9689100832154
0.81699997186661	-4.7941689315105
0.82169997692108	-4.6031827765822
0.82639998197556	-4.4029025958914
0.83109998703003	-4.2026681732061
0.83579999208450	-4.0118418557006
0.84049999713898	-3.8376624748221
0.84520000219345	-3.6837899822286
0.84990000724792	-3.5496428235289
0.85460001230240	-3.4306606434708
0.85930001735687	-3.3194075043565
0.86400002241135	-3.2074174967411
0.86870002746582	-3.0873837341467
0.87339997291565	-2.9551140645648
0.87809997797012	-2.8106777369814
0.88279998302460	-2.6583535455582
0.88749998807907	-2.5054615011501
0.89219999313354	-2.3605020197085
0.89689999818802	-2.2311077174223
0.90160000324249	-2.1223348210949
0.90630000829697	-2.0356033248322
0.91100001335144	-1.9684552906744
0.91570001840591	-1.9152199288256
0.92040002346039	-1.8684663443344
0.92510002851486	-1.8210315649562
0.92979997396469	-1.7680797147175
0.93449997901917	-1.7086666399111
0.93919998407364	-1.6462520283443
0.94389998912811	-1.5880686352678
0.94859999418259	-1.5434685027886
0.95329999923706	-1.5218423666554
0.95800000429153	-1.5306042587124
0.96270000934601	-1.5737254663297
0.96740001440048	-1.6511390199283
0.97210001945496	-1.7591504056060
0.97680002450943	-1.8918761416892
0.98150002956390	-2.0435136192527
0.98619997501373	-2.2110430829440
0.99089998006821	-2.3967307485721
0.99559998512268	-2.6097540418820
1.0003000497818	-2.8664881541887
1.0049999952316	-3.1895563518874
1.0096999406815	-3.6062027783067
1.0144000053406	-4.1469940318765
1.0190999507904	-4.8457857254778
1.0238000154495	-5.7418773289509
1.0284999608994	-6.8853723778687
1.0332000255585	-8.3473241953616
1.0378999710083	-10.237224262415
1.0426000356674	-12.725828300795
1.0472999811172	-15.989761166672
1.0520000457764	-19.175587570873
1.0566999912262	-18.140959175953
1.0614000558853	-14.523418911676
1.0661000013351	-11.467000479592
1.0707999467850	-9.1427036105818
1.0755000114441	-7.3517061666886
1.0801999568939	-5.9495207623412
1.0849000215530	-4.8445798343503
1.0895999670029	-3.9758925679553
1.0943000316620	-3.2987287630447
1.0989999771118	-2.7766926204777
1.1037000417709	-2.3778304766027
1.1083999872208	-2.0732847311861
1.1131000518799	-1.8375636795847
1.1177999973297	-1.6495386641953
1.1224999427795	-1.4934593679767
1.1272000074387	-1.3593933873794
1.1318999528885	-1.2427733643197
1.1366000175476	-1.1430993095099
1.1412999629974	-1.0621184203640
1.1460000276566	-1.0019779532363
1.1506999731064	-0.96372508069905
1.1554000377655	-0.94646230833425
1.1600999832153	-0.94720650057111
1.1648000478745	-0.96134269674575
1.1694999933243	-0.98354828768653
1.1742000579834	-1.0088531997614
1.1789000034332	-1.0336151454848
1.1835999488831	-1.0561323956405
1.1883000135422	-1.0767564569174
1.1929999589920	-1.0974706299194
1.1977000236511	-1.1211003855485
1.2023999691010	-1.1504014262554
1.2071000337601	-1.1872343232464
1.2117999792099	-1.2320898905941
1.2165000438690	-1.2839542613277
1.2211999893188	-1.3406150005448
1.2259000539780	-1.3992168061591
1.2305999994278	-1.4569680225635
1.2352999448776	-1.5118262194768
1.2400000095367	-1.5629467556080
1.2446999549866	-1.6108233127058
1.2494000196457	-1.6570711402838
1.2540999650955	-1.7039263631009
1.2588000297546	-1.7536146046606
1.2634999752045	-1.8077750946891
1.2682000398636	-1.8670515944216
1.2728999853134	-1.9309674865796
1.2776000499725	-1.9980927685914
1.2822999954224	-2.0664112623261
1.2869999408722	-2.1338509876123
1.2917000055313	-2.1988015804789
1.2963999509811	-2.2605088406826
1.3011000156403	-2.3192399507132
1.3057999610901	-2.3761746761978
1.3105000257492	-2.4330800209320
1.3151999711990	-2.4918349130577
1.3199000358582	-2.5539528656303
1.3245999813080	-2.6202290318305
1.3293000459671	-2.6905693104749
1.3339999914169	-2.7640505798196
1.3387000560760	-2.8391766641315
1.3434000015259	-2.9142703141398
1.3480999469757	-2.9878965186580
1.3528000116348	-3.0592290832595
1.3574999570847	-3.1282508304359
1.3622000217438	-3.1957526561417
1.3668999671936	-3.2631208930669
1.3716000318527	-3.3319843809612
1.3762999773026	-3.4038222660022
1.3810000419617	-3.4796134136027
1.3856999874115	-3.5596294258513
1.3904000520706	-3.6434086475802
1.3950999975204	-3.7298971311214
1.3997999429703	-3.8177285892217
1.4045000076294	-3.9055789409338
1.4091999530792	-3.9925129001206
1.4139000177383	-4.0782227812623
1.4185999631882	-4.1631180529356
1.4233000278473	-4.2482356509833
1.4279999732971	-4.3349957740703
1.4327000379562	-4.4248756856868
1.4373999834061	-4.5190784170461
1.4421000480652	-4.6182801000298
1.4467999935150	-4.7225087546952
1.4515000581741	-4.8311775194777
1.4562000036240	-4.9432572029035
1.4608999490738	-5.0575517764631
1.4656000137329	-5.1730164492245
1.4702999591827	-5.2890399414972
1.4750000238419	-5.4056304708236
1.4796999692917	-5.5234437206110
1.4844000339508	-5.6436665417754
1.4890999794006	-5.7677726757777
1.4938000440598	-5.8972172928990
1.4984999895096	-6.0331394418775
1.5032000541687	-6.1761546344695
1.5078999996185	-6.3262527272865
1.5125999450684	-6.4828460021259
1.5173000097275	-6.6449452539828
1.5219999551773	-6.8114309787054
1.5267000198364	-6.9813628720919
1.5313999652863	-7.1542552095326
1.5361000299454	-7.3302626799907
1.5407999753952	-7.5102111936110
1.5455000400543	-7.6954782762448
1.5501999855042	-7.8877506469161
1.5549000501633	-8.0887021489031
1.5595999956131	-8.2996832105958
1.5642999410629	-8.5214693734229
1.5690000057220	-8.7541425833466
1.5736999511719	-8.9971049876636
1.5784000158310	-9.2492584735616
1.5830999612808	-9.5092956984960
1.5878000259399	-9.7760719455089
1.5924999713898	-10.048949429625
1.5972000360489	-10.328065333506
1.6018999814987	-10.614422244354
1.6066000461578	-10.909784065015
1.6112999916077	-11.216400033931
1.6160000562668	-11.536599499530
1.6207000017166	-11.872369596568
1.6253999471664	-12.224976908906
1.6301000118256	-12.594729042218
1.6347999572754	-12.980928781922
1.6395000219345	-13.382029744239
1.6441999673843	-13.796015416707
1.6489000320435	-14.220897459529
1.6535999774933	-14.655290665548
1.6583000421524	-15.098851995983
1.6629999876022	-15.552540792007
1.6677000522614	-16.018529152683
1.6723999977112	-16.499830006130
1.6770999431610	-16.999664010167
1.6818000078201	-17.520702345919
1.6864999532700	-18.064311738007
1.6912000179291	-18.629940793545
1.6958999633789	-19.214676130978
1.7006000280380	-19.813098854779
1.7052999734879	-20.417393224875
1.7100000381470	-21.017753510258
1.7146999835968	-21.602949731935
1.7194000482559	-22.160956172711
1.7240999937057	-22.679553618300
1.7288000583649	-23.146822159984
1.7335000038147	-23.551664382964
1.7381999492645	-23.884491630113
1.7429000139236	-24.138185337078
1.7475999593735	-24.309205115451
1.7523000240326	-24.398274853046
1.7569999694824	-24.410278762967
1.7617000341415	-24.353258875571
1.7663999795914	-24.236789020276
1.7711000442505	-24.070459467606
1.7757999897003	-23.862980158443
1.7805000543594	-23.622082215324
1.7851999998093	-23.354997141539
1.7898999452591	-23.069172632187
1.7946000099182	-22.772654857717
1.7992999553680	-22.474052411128
1.8040000200272	-22.182012242826
1.8086999654770	-21.904376453557
1.8134000301361	-21.647349389795
1.8180999755859	-21.414831950406
1.8228000402451	-21.208114961100
1.8274999856949	-21.025893624303
1.8322000503540	-20.864787081098
1.8368999958038	-20.720060591092
1.8415999412537	-20.586697013718
1.8463000059128	-20.460468914195
1.8509999513626	-20.338840013525
1.8557000160217	-20.221446342189
1.8603999614716	-20.110107703667
1.8651000261307	-20.008221799608
1.8697999715805	-19.919919486688
1.8745000362396	-19.849023048626
1.8791999816895	-19.798202857785
1.8839000463486	-19.768394733885
1.8885999917984	-19.758630385034
1.8933000564575	-19.766208289945
1.8980000019073	-19.787287011751
1.9026999473572	-19.817666471430
1.9074000120163	-19.853756749234
1.9120999574661	-19.893331796146
1.9168000221252	-19.936096426372
1.9214999675751	-19.983685199582
1.9262000322342	-20.039297855204
1.9308999776840	-20.106924686282
1.9356000423431	-20.190446742881
1.9402999877930	-20.292823888564
1.9450000524521	-20.415484406896
1.9496999979019	-20.558072862739
1.9543999433517	-20.718517216215
1.9591000080109	-20.893447546577
1.9637999534607	-21.078888094948
1.9685000181198	-21.271092955210
1.9731999635696	-21.467323928468
1.9779000282288	-21.666415390420
1.9825999736786	-21.868968836686
1.9873000383377	-22.077009713250
1.9919999837875	-22.293358999317
1.9967000484467	-22.520700195668
2.0013999938965	-22.760654288502
2.0060999393463	-23.012977652481
2.0107998847961	-23.275016322157
2.0155000686646	-23.541474259944
2.0202000141144	-23.804506133560
2.0248999595642	-24.054145499619
2.0295999050140	-24.279073946849
2.0343000888824	-24.467615502069
2.0390000343323	-24.608878230570
2.0436999797821	-24.693851064153
2.0483999252319	-24.716340389869
2.0531001091003	-24.673528854168
2.0578000545502	-24.566108161355
2.0625000000000	-24.397989359057
2.0671999454498	-24.175546282675
2.0718998908997	-23.906607913931
2.0766000747681	-23.599364566101
2.0813000202179	-23.261460977708
2.0859999656677	-22.899351125300
2.0906999111176	-22.518124355588
2.0954000949860	-22.121653224296
2.1001000404358	-21.713096626072
2.1047999858856	-21.295418288798
2.1094999313354	-20.871895317944
2.1142001152039	-20.446333000134
2.1189000606537	-20.023034754871
2.1236000061035	-19.606501232054
2.1282999515533	-19.201000230938
2.1329998970032	-18.810069042974
2.1377000808716	-18.436131958469
2.1424000263214	-18.080289975852
2.1470999717712	-17.742299575135
2.1517999172211	-17.420780830039
2.1565001010895	-17.113597600501
2.1612000465393	-16.818340057575
2.1658999919891	-16.532864361852
2.1705999374390	-16.255685902368
2.1752998828888	-15.986278028443
2.1800000667572	-15.725081521818
2.1847000122070	-15.473317605785
2.1893999576569	-15.232630190334
2.1940999031067	-15.004635930936
2.1988000869751	-14.790527205800
2.2035000324249	-14.590757331625
2.2081999778748	-14.404918163284
2.2128999233246	-14.231803518597
2.2176001071930	-14.069632563538
2.2223000526428	-13.916403995915
2.2269999980927	-13.770302467572
2.2316999435425	-13.630038169564
2.2363998889923	-13.495092267491
2.2411000728607	-13.365746810946
2.2458000183105	-13.242944713786
2.2504999637604	-13.128002480807
2.2551999092102	-13.022234585940
2.2599000930786	-12.926602527948
2.2646000385284	-12.841464096805
2.2692999839783	-12.766445569087
2.2739999294281	-12.700516743736
2.2787001132965	-12.642182166065
2.2834000587463	-12.589816922585
2.2881000041962	-12.541998368793
2.2927999496460	-12.497814472403
2.2974998950958	-12.457045836880
2.3022000789642	-12.420169070450
2.3069000244141	-12.388213141644
2.3115999698639	-12.362466156559
2.3162999153137	-12.344149794828
2.3210000991821	-12.334090011016
2.3257000446320	-12.332524464613
2.3303999900818	-12.339025634300
2.3350999355316	-12.352592454069
2.3397998809814	-12.371879415778
2.3445000648499	-12.395501655825
2.3492000102997	-12.422366491776
2.3538999557495	-12.451931949134
2.3585999011993	-12.484330762729
2.3633000850677	-12.520340389303
2.3680000305176	-12.561184448254
2.3726999759674	-12.608238056506
2.3773999214172	-12.662707675924
2.3821001052856	-12.725334646023
2.3868000507355	-12.796248967219
2.3914999961853	-12.874936345738
2.3961999416351	-12.960373586193
2.4008998870850	-13.051299687800
2.4056000709534	-13.146533603312
2.4103000164032	-13.245296643985
2.4149999618530	-13.347434006983
2.4196999073029	-13.453508899648
2.4244000911713	-13.564689804832
2.4291000366211	-13.682541261590
2.4337999820709	-13.808672582170
2.4384999275208	-13.944406996891
2.4432001113892	-14.090526166664
2.4479000568390	-14.247132883617
2.4526000022888	-14.413675234264
2.4572999477386	-14.589147589509
2.4619998931885	-14.772401217873
2.4667000770569	-14.962521860135
2.4714000225067	-15.159157723406
2.4760999679565	-15.362746434375
2.4807999134064	-15.574582824544
2.4855000972748	-15.796644949240
2.4902000427246	-16.031307974296
2.4948999881744	-16.280967180140
2.4995999336243	-16.547642633473
2.5043001174927	-16.832712750850
2.5090000629425	-17.136795467989
2.5137000083923	-17.459828205850
2.5183999538422	-17.801342388749
2.5230998992920	-18.160923619147
2.5278000831604	-18.538707552963
2.5325000286102	-18.935863877391
2.5371999740601	-19.354979579877
2.5418999195099	-19.800161485020
2.5466001033783	-20.276971564486
2.5513000488281	-20.792122950609
2.5559999942780	-21.353155729399
2.5606999397278	-21.968081811263
2.5653998851776	-22.645356111675
2.5701000690460	-23.394043948676
2.5748000144958	-24.224629476706
2.5794999599457	-25.150404534928
2.5841999053955	-26.189860129104
2.5889000892639	-27.370642037973
2.5936000347137	-28.736029889380
2.5982999801636	-30.356576181404
2.6029999256134	-32.353521538670
2.6077001094818	-34.953162496911
2.6124000549316	-38.628679886948
2.6171000003815	-44.297673631462
2.6217999458313	-46.288058524763
2.6264998912811	-40.019444076068
2.6312000751495	-35.725262348556
2.6359000205994	-32.771402712230
2.6405999660492	-30.551886805957
2.6452999114990	-28.784921516405
2.6500000953674	-27.321634921310
2.6547000408173	-26.073624041084
2.6593999862671	-24.983875750550
2.6640999317169	-24.013710081158
2.6688001155853	-23.136340447833
2.6735000610352	-22.333295726750
2.6782000064850	-21.592127593236
2.6828999519348	-20.904653806052
2.6875998973846	-20.265499273088
2.6923000812531	-19.670896415026
2.6970000267029	-19.117685387956
2.7016999721527	-18.602706599234
2.7063999176025	-18.122403101715
2.7111001014709	-17.672776035345
2.7158000469208	-17.249550421030
2.7204999923706	-16.848515336413
2.7251999378204	-16.465919835393
2.7298998832703	-16.098794832168
2.7346000671387	-15.745211051462
2.7393000125885	-15.404245264862
2.7439999580383	-15.075845730525
2.7486999034882	-14.760465073099
2.7534000873566	-14.458680675000
2.7581000328064	-14.170827228824
2.7627999782562	-13.896717144698
2.7674999237061	-13.635537803005
2.7722001075745	-13.385911339727
2.7769000530243	-13.146089576789
2.7815999984741	-12.914251759094
2.7862999439240	-12.688817113485
2.7909998893738	-12.468698149463
2.7957000732422	-12.253439953923
2.8004000186920	-12.043195116668
2.8050999641418	-11.838572974057
2.8097999095917	-11.640381695657
2.8145000934601	-11.449330067796
2.8192000389099	-11.265797157257
2.8238999843597	-11.089666565484
2.8285999298096	-10.920325562079
2.8333001136780	-10.756757001451
2.8380000591278	-10.597749234862
2.8427000045776	-10.442156391969
2.8473999500275	-10.289119817750
2.8520998954773	-10.138245712457
2.8568000793457	-9.9896320342968
2.8615000247955	-9.8437935553471
2.8661999702454	-9.7014849163886
2.8708999156952	-9.5634633982138
2.8756000995636	-9.4302653241071
2.8803000450134	-9.3020510281224
2.8849999904633	-9.1785402359188
2.8896999359131	-9.0590684143601
2.8943998813629	-8.9427440600193
2.8991000652313	-8.8286319293629
2.9038000106812	-8.7159973134802
2.9084999561310	-8.6044484296962
2.9131999015808	-8.4940088693107
2.9179000854492	-8.3850978101618
2.9226000308990	-8.2783763101781
2.9272999763489	-8.1745783416850
2.9319999217987	-8.0742889283650
2.9367001056671	-7.9777923346372
2.9414000511169	-7.8849964924159
2.9460999965668	-7.7954444566740
2.9507999420166	-7.7084249285096
2.9554998874664	-7.6231550284444
2.9602000713348	-7.5389566101527
2.9649000167847	-7.4554249800785
2.9695999622345	-7.3725278644354
2.9742999076843	-7.2905828179625
2.9790000915527	-7.2101638242305
2.9837000370026	-7.1319496376665
2.9883999824524	-7.0565330525072
2.9930999279022	-6.9842612499237
2.9978001117706	-6.9151472031228
3.0025000572205	-6.8488660669713
3.0072000026703	-6.7848285446244
3.0118999481201	-6.7223412271879
3.0165998935699	-6.6607646442452
3.0213000774384	-6.5996837529672
3.0260000228882	-6.5389917538198
3.0306999683380	-6.4789311511461
3.0353999137878	-6.4199897866105
3.0401000976562	-6.3627904613447
3.0448000431061	-6.3079104534994
3.0494999885559	-6.2557296895776
3.0541999340057	-6.2063322597184
3.0589001178741	-6.1594795304355
3.0636000633240	-6.1146704143173
3.0683000087738	-6.0712709194032
3.0729999542236	-6.0286669684750
3.0776998996735	-5.9864221386927
3.0824000835419	-5.9443846735627
3.0871000289917	-5.9027152960457
3.0917999744415	-5.8618368429259
3.0964999198914	-5.8223222010768
3.1012001037598	-5.7847344767335
3.1059000492096	-5.7494715599006
3.1105999946594	-5.7166695609870
3.1152999401093	-5.6861588460947
3.1199998855591	-5.6575065114001
3.1247000694275	-5.6301251694496
3.1294000148773	-5.6034154846377
3.1340999603271	-5.5769260046831
3.1387999057770	-5.5504630626798
3.1435000896454	-5.5241213362311
3.1482000350952	-5.4982754336061
3.1528999805450	-5.4734507874039
3.1575999259949	-5.4501966682097
3.1623001098633	-5.4289320243036
3.1670000553131	-5.4098355667277
3.1717000007629	-5.3927892945625
3.1763999462128	-5.3774173511295
3.1810998916626	-5.3631575713586
3.1858000755310	-5.3494317673948
3.1905000209808	-5.3357701082508
3.1951999664307	-5.3219293653549
3.1998999118805	-5.3079658333699
3.2046000957489	-5.2941897492600
3.2093000411987	-5.2811009759482
3.2139999866486	-5.2692355940738
3.2186999320984	-5.2590210335775
3.2234001159668	-5.2506655356708
3.2281000614166	-5.2440898948638
3.2328000068665	-5.2389465012054
3.2374999523163	-5.2347010113207
3.2421998977661	-5.2307647105362
3.2469000816345	-5.2266358424802
3.2516000270844	-5.2220331581861
3.2562999725342	-5.2169527381175
3.2609999179840	-5.2116541448790
3.2657001018524	-5.2065975551276
3.2704000473022	-5.2022912602529
3.2750999927521	-5.1991608596981
3.2797999382019	-5.1974178594900
3.2844998836517	-5.1969916090218
3.2892000675201	-5.1975316251312
3.2939000129700	-5.1984878270914
3.2985999584198	-5.1992339853944
3.3032999038696	-5.1992192111838
3.3080000877380	-5.1980866324948
3.3127000331879	-5.1957624317876
3.3173999786377	-5.1924350703563
3.3220999240875	-5.1885037017460
3.3268001079559	-5.1844271178090
3.3315000534058	-5.1805950395966
3.3361999988556	-5.1771857435958
3.3408999443054	-5.1740886757779
3.3455998897552	-5.1709148824860
3.3503000736237	-5.1670543210126
3.3550000190735	-5.1618160516372
3.3596999645233	-5.1545732350539
3.3643999099731	-5.1448928307014
3.3691000938416	-5.1326284223021
3.3738000392914	-5.1179156516690
3.3784999847412	-5.1010993973723
3.3831999301910	-5.0826106804672
3.3879001140594	-5.0628219718484
3.3926000595093	-5.0419005126429
3.3973000049591	-5.0197446887104
3.4019999504089	-4.9959869110719
3.4066998958588	-4.9700565309554
3.4114000797272	-4.9413207723945
3.4161000251770	-4.9092359893642
3.4207999706268	-4.8734860114387
3.4254999160767	-4.8340619200459
3.4302000999451	-4.7912621905186
3.4349000453949	-4.7456177046874
3.4395999908447	-4.6977659724368
3.4442999362946	-4.6483040944805
3.4489998817444	-4.5976552756404
3.4537000656128	-4.5460054522109
3.4584000110626	-4.4932963046782
3.4630999565125	-4.4393046181987
3.4677999019623	-4.3837643659771
3.4725000858307	-4.3265007215294
3.4772000312805	-4.2675553855039
3.4818999767303	-4.2072462518859
3.4865999221802	-4.1461536537918
3.4913001060486	-4.0850555564643
3.4960000514984	-4.0247890373932
3.5006999969482	-3.9661192188500
3.5053999423981	-3.9096160571114
3.5100998878479	-3.8555920598562
3.5148000717163	-3.8040928071855
3.5195000171661	-3.7549680811548
3.5241999626160	-3.7079688707906
3.5288999080658	-3.6628799027443
3.5336000919342	-3.6196229074616
3.5383000373840	-3.5783170568448
3.5429999828339	-3.5392943679184
3.5476999282837	-3.5030333662029
3.5524001121521	-3.4700672153060
3.5571000576019	-3.4408588501751
3.5618000030518	-3.4157067652481
3.5664999485016	-3.3946716873746
3.5711998939514	-3.3775728593480
3.5759000778198	-3.3640299439065
3.5806000232697	-3.3535592242418
3.5852999687195	-3.3456899543785
3.5899999141693	-3.3400656005120
3.5947000980377	-3.3365269533056
3.5994000434875	-3.3351317842318
3.6040999889374	-3.3361155410703
3.6087999343872	-3.3398183167480
3.6135001182556	-3.3465744298283
3.6182000637054	-3.3566034903733
3.6229000091553	-3.3699353640374
3.6275999546051	-3.3863826601560
3.6322999000549	-3.4055680598444
3.6370000839233	-3.4269936690533
3.6417000293732	-3.4501532893572
3.6463999748230	-3.4746384698703
3.6510999202728	-3.5002292285994
3.6558001041412	-3.5269276094301
3.6605000495911	-3.5549418271090
3.6651999950409	-3.5846220060036
3.6698999404907	-3.6163514740938
3.6745998859406	-3.6504347193276
3.6793000698090	-3.6870049878548
3.6840000152588	-3.7259769692195
3.6886999607086	-3.7670572938049
3.6933999061584	-3.8098001203478
3.6981000900269	-3.8537192135464
3.7028000354767	-3.8983899277539
3.7074999809265	-3.9435634594007
3.7121999263763	-3.9892169210496
3.7169001102448	-4.0355553352187
3.7216000556946	-4.0829583847554
3.7263000011444	-4.1318632460779
3.7309999465942	-4.1826643117127
3.7356998920441	-4.2355837951852
3.7404000759125	-4.2906173405923
3.7451000213623	-4.3475208856809
3.7497999668121	-4.4058574153047
3.7544999122620	-4.4651095997678
3.7592000961304	-4.5247916727678
3.7639000415802	-4.5845770743451
3.7685999870300	-4.6443767327320
3.7732999324799	-4.7043563429765
3.7780001163483	-4.7648860736646
3.7827000617981	-4.8264408665192
3.7874000072479	-4.8894625949775
3.7920999526978	-4.9542284301556
3.7967998981476	-5.0207672522089
3.8015000820160	-5.0888215763823
3.8062000274658	-5.1579008899865
3.8108999729156	-5.2273803459752
3.8155999183655	-5.2966403457314
3.8203001022339	-5.3652195322030
3.8250000476837	-5.4329045944263
3.8296999931335	-5.4997809818882
3.8343999385834	-5.5661901993247
3.8390998840332	-5.6326110752612
3.8438000679016	-5.6995140982065
3.8485000133514	-5.7671991140983
3.8531999588013	-5.8356835089740
3.8578999042511	-5.9046555011416
3.8626000881195	-5.9735130817437
3.8673000335693	-6.0414788516583
3.8719999790192	-6.1077736781343
3.8766999244690	-6.1717813153729
3.8814001083374	-6.2331908382150
3.8861000537872	-6.2920477448754
3.8907999992371	-6.3487166252170
3.8954999446869	-6.4037490906365
3.9001998901367	-6.4577025385506
3.9049000740051	-6.5109636065654
3.9096000194550	-6.5635937296120
3.9142999649048	-6.6152854467333
3.9189999103546	-6.6654042715750
3.9237000942230	-6.7131337559330
3.9284000396729	-6.7576687055951
3.9330999851227	-6.7984202205991
3.9377999305725	-6.8351702677027
3.9425001144409	-6.8681301501366
3.9472000598907	-6.8978825633968
3.9519000053406	-6.9252287192955
3.9565999507904	-6.9509714764851
3.9612998962402	-6.9757045670232
3.9660000801086	-6.9996653460725
3.9707000255585	-7.0226773187631
3.9753999710083	-7.0442137278041
3.9800999164581	-7.0635642125301
3.9848001003265	-7.0800512129772
3.9895000457764	-7.0932454931249
3.9941999912262	-7.1031229801812
3.9988999366760	-7.1101131795040
4.0036001205444	-7.1150153585087
4.0082998275757	-7.1188318600361
4.0130000114441	-7.1225275864572
4.0177001953125	-7.1268158194957
4.0223999023438	-7.1320062312166
4.0271000862122	-7.1379594572413
4.0317997932434	-7.1441673208273
4.0364999771118	-7.1499213531373
4.0412001609802	-7.1545445413309
4.0458998680115	-7.1576122622228
4.0506000518799	-7.1591043372929
4.0553002357483	-7.1594559984307
4.0599999427795	-7.1594688355766
4.0647001266479	-7.1601318662083
4.0693998336792	-7.1623940032703
4.0741000175476	-7.1669353550315
4.0788002014160	-7.1740217610580
4.0834999084473	-7.1834493149326
4.0882000923157	-7.1946257618918
4.0928997993469	-7.2067421220349
4.0975999832153	-7.2190060060482
4.1023001670837	-7.2308673174177
4.1069998741150	-7.2421880821710
4.1117000579834	-7.2532965247234
4.1163997650146	-7.2649172939917
4.1210999488831	-7.2779940091752
4.1258001327515	-7.2934527021321
4.1304998397827	-7.3119703234108
4.1352000236511	-7.3337999884850
4.1399002075195	-7.3587125723851
4.1445999145508	-7.3860557987955
4.1493000984192	-7.4149190361386
4.1539998054504	-7.4443803164448
4.1586999893188	-7.4737412824917
4.1634001731873	-7.5027278081880
4.1680998802185	-7.5315637818388
4.1728000640869	-7.5609221360055
4.1774997711182	-7.5917490085671
4.1821999549866	-7.6250179517927
4.1869001388550	-7.6614728714183
4.1915998458862	-7.7014238167472
4.1963000297546	-7.7446621437461
4.2010002136230	-7.7904930663766
4.2056999206543	-7.8379043417841
4.2104001045227	-7.8858196205828
4.2150998115540	-7.9333713479147
4.2197999954224	-7.9801325805951
4.2245001792908	-8.0262264273548
4.2291998863220	-8.0723068944535
4.2339000701904	-8.1193785519241
4.2385997772217	-8.1685289811063
4.2432999610901	-8.2206398833603
4.2480001449585	-8.2761417451321
4.2526998519897	-8.3348875951721
4.2574000358582	-8.3961656906008
4.2621002197266	-8.4588795356786
4.2667999267578	-8.5218060563423
4.2715001106262	-8.5839349897819
4.2761998176575	-8.6447390296031
4.2809000015259	-8.7043372950771
4.2856001853943	-8.7634954467014
4.2902998924255	-8.8234538176354
4.2950000762939	-8.8856279950747
4.2996997833252	-8.9512719727189
4.3043999671936	-9.0211809589557
4.3091001510620	-9.0955182924404
4.3137998580933	-9.1738060896790
4.3185000419617	-9.2550855618527
4.3232002258301	-9.3382120792492
4.3278999328613	-9.4222181075296
4.3326001167297	-9.5066364770531
4.3372998237610	-9.5917115261839
4.3420000076294	-9.6784233615083
4.3467001914978	-9.7682960798374
4.3513998985291	-9.8630785532401
4.3561000823975	-9.9643255002629
4.3607997894287	-10.073028618069
4.3654999732971	-10.189363617318
4.3702001571655	-10.312620810274
4.3748998641968	-10.441353402662
4.3796000480652	-10.573703376621
4.3843002319336	-10.707852064010
4.3889999389648	-10.842485606734
4.3937001228333	-10.977133978209
4.3983998298645	-11.112307833452
4.4031000137329	-11.249351847169
4.4078001976013	-11.390071740812
4.4124999046326	-11.536213125175
4.4172000885010	-11.688936414115
4.4218997955322	-11.848426610162
4.4265999794006	-12.013732568788
4.4313001632690	-12.182904218038
4.4359998703003	-12.353405101490
4.4407000541687	-12.522736421374
4.4454002380371	-12.689096904724
4.4500999450684	-12.851909793240
4.4548001289368	-13.012034858997
4.4594998359680	-13.171566920984
4.4642000198364	-13.333285068467
4.4689002037048	-13.499868730796
4.4735999107361	-13.673126988080
4.4783000946045	-13.853408971956
4.4829998016357	-14.039376295284
4.4876999855042	-14.228213270723
4.4924001693726	-14.416261438218
4.4970998764038	-14.599951471334
4.5018000602722	-14.776817787529
4.5064997673035	-14.946250037467
4.5111999511719	-15.109740430984
4.5159001350403	-15.270485693187
4.5205998420715	-15.432459608052
4.5253000259399	-15.599197429493
4.5300002098083	-15.772669645879
4.5346999168396	-15.952502325192
4.5394001007080	-16.135804324135
4.5440998077393	-16.317657866403
4.5487999916077	-16.492267079423
4.5535001754761	-16.654478176180
4.5581998825073	-16.801308240542
4.5629000663757	-16.932840095038
4.5675997734070	-17.052189268805
4.5722999572754	-17.164490312605
4.5770001411438	-17.275155211041
4.5816998481750	-17.388064419676
4.5864000320435	-17.504135950303
4.5911002159119	-17.620712725791
4.5957999229431	-17.731934980632
4.6005001068115	-17.830141650253
4.6051998138428	-17.907991482876
4.6098999977112	-17.960728340498
4.6146001815796	-17.987760983218
4.6192998886108	-17.992889434565
4.6240000724792	-17.983060237780
4.6286997795105	-17.966089832196
4.6333999633789	-17.948260786446
4.6381001472473	-17.932435536872
4.6427998542786	-17.917306951029
4.6475000381470	-17.897784640531
4.6522002220154	-17.866564219974
4.6568999290466	-17.816482590521
4.6616001129150	-17.742913445196
4.6662998199463	-17.645519880880
4.6710000038147	-17.528505856792
4.6757001876831	-17.399396742747
4.6803998947144	-17.266818523886
4.6851000785828	-17.138101271810
4.6897997856140	-17.017444668042
4.6944999694824	-16.905098612341
4.6992001533508	-16.797556657216
4.7038998603821	-16.688803780081
4.7086000442505	-16.572198690810
4.7133002281189	-16.442602342803
4.7179999351501	-16.298063165631
4.7227001190186	-16.140514707902
4.7273998260498	-15.975219295853
4.7321000099182	-15.809228368291
4.7368001937866	-15.649423851781
4.7414999008179	-15.500725283290
4.7462000846863	-15.365006476673
4.7508997917175	-15.240779655725
4.7555999755859	-15.123758137391
4.7603001594543	-15.008099860518
4.7649998664856	-14.888069617519
4.7697000503540	-14.759727795273
4.7744002342224	-14.622076043540
4.7790999412537	-14.477358327431
4.7838001251221	-14.330381292862
4.7884998321533	-14.187128628265
4.7932000160217	-14.053109189692
4.7979001998901	-13.931973146219
4.8025999069214	-13.824648888642
4.8073000907898	-13.729203767452
4.8119997978210	-13.641395514922
4.8166999816895	-13.555786831536
4.8214001655579	-13.467224281932
4.8260998725891	-13.372249941076
4.8308000564575	-13.270092338459
4.8354997634888	-13.162869311657
4.8401999473572	-13.054958422770
4.8449001312256	-12.951740209232
4.8495998382568	-12.858131098912
4.8543000221252	-12.777316011326
4.8590002059937	-12.709954786540
4.8636999130249	-12.654033976790
4.8684000968933	-12.605361918948
4.8730998039246	-12.558625111504
4.8777999877930	-12.508763774255
4.8825001716614	-12.452347230350
4.8871998786926	-12.388540891565
4.8919000625610	-12.319335896512
4.8965997695923	-12.248971001373
4.9012999534607	-12.182714343730
4.9060001373291	-12.125430321663
4.9106998443604	-12.080278863489
4.9154000282288	-12.047910207099
4.9201002120972	-12.026276524808
4.9247999191284	-12.011097052368
4.9295001029968	-11.996913067492
4.9341998100281	-11.978494438818
4.9388999938965	-11.952299588866
4.9436001777649	-11.917464479997
4.9482998847961	-11.876085580493
4.9530000686646	-11.832620973085
4.9576997756958	-11.792593156055
4.9623999595642	-11.761038910245
4.9671001434326	-11.741121768735
4.9717998504639	-11.733239563499
4.9765000343323	-11.734764787631
4.9812002182007	-11.740569133733
4.9858999252319	-11.744143401101
4.9906001091003	-11.739196220059
4.9952998161316	-11.721259094602
5.0000000000000	-11.688851055967
#Parameters = {R_fat=48; R_glandular=38; R_skin_outer=50; T10=5; T15=7.5; T5=2.5; T_rad=4; T_x=10; T_y=0; T_z=75; Zc=65; skin_thickness=2; Mesh Pass=6}
#"Frequency / GHz"	"S1,1 (Mesh Pass=6) [Magnitude / dB]"
#-------------------------------------------------------
0.30000001192093	-24.092263138540
0.30469998717308	-23.836955123711
0.30939999222755	-23.974439017390
0.31409999728203	-24.546281057668
0.31880000233650	-25.593728866054
0.32350000739098	-27.041435191876
0.32820001244545	-28.234334208960
0.33289998769760	-27.607878446920
0.33759999275208	-25.119410827982
0.34229999780655	-22.312810566079
0.34700000286102	-19.841343470465
0.35170000791550	-17.762593728033
0.35640001296997	-16.011661513310
0.36109998822212	-14.520920600623
0.36579999327660	-13.240205012317
0.37049999833107	-12.137456831301
0.37520000338554	-11.196063124435
0.37990000844002	-10.411471967173
0.38460001349449	-9.7867950425711
0.38929998874664	-9.3274173663760
0.39399999380112	-9.0354158716567
0.39869999885559	-8.9057730020953
0.40340000391006	-8.9260487678206
0.40810000896454	-9.0794967779487
0.41280001401901	-9.3499228929960
0.41749998927116	-9.7260783113679
0.42219999432564	-10.204346515820
0.42689999938011	-10.789495436736
0.43160000443459	-11.493500076265
0.43630000948906	-12.331840003079
0.44100001454353	-13.314907473613
0.44569998979568	-14.428874816548
0.45039999485016	-15.597292288522
0.45509999990463	-16.627263763388
0.45980000495911	-17.217066326934
0.46450001001358	-17.163734436250
0.46919998526573	-16.592032402764
0.47389999032021	-15.815955002986
0.47859999537468	-15.081389772400
0.48330000042915	-14.508433478091
0.48800000548363	-14.138518535636
0.49270001053810	-13.976197036339
0.49739998579025	-14.007594502863
0.50209999084473	-14.202885785220
0.50679999589920	-14.509588711848
0.51150000095367	-14.843623401294
0.51620000600815	-15.091762383642
0.52090001106262	-15.144068644053
0.52560001611710	-14.951372116438
0.53030002117157	-14.556069228480
0.53500002622604	-14.059463869888
0.53969997167587	-13.564538360571
0.54439997673035	-13.144052728798
0.54909998178482	-12.837155818060
0.55379998683929	-12.656435949839
0.55849999189377	-12.593851193829
0.56319999694824	-12.622992364865
0.56790000200272	-12.699805110375
0.57260000705719	-12.766431130645
0.57730001211166	-12.763252077260
0.58200001716614	-12.648777627825
0.58670002222061	-12.416821833219
0.59140002727509	-12.097235512975
0.59609997272491	-11.739826997010
0.60079997777939	-11.394585564422
0.60549998283386	-11.099200551262
0.61019998788834	-10.874935491359
0.61489999294281	-10.726852139014
0.61959999799728	-10.645204433402
0.62430000305176	-10.607284911819
0.62900000810623	-10.580776318000
0.63370001316071	-10.530208649154
0.63840001821518	-10.426452889718
0.64310002326965	-10.256024423418
0.64780002832413	-10.025089023910
0.65249997377396	-9.7556807224242
0.65719997882843	-9.4769172197161
0.66189998388290	-9.2161317840917
0.66659998893738	-8.9930823444828
0.67129999399185	-8.8173491340273
0.67599999904633	-8.6878706511047
0.68070000410080	-8.5938190881275
0.68540000915527	-8.5168078579314
0.69010001420975	-8.4347858625886
0.69480001926422	-8.3274553338694
0.69950002431870	-8.1819094935965
0.70420002937317	-7.9962252078804
0.70889997482300	-7.7793357883479
0.71359997987747	-7.5474192119160
0.71829998493195	-7.3187439738138
0.72299998998642	-7.1090140250520
0.72769999504089	-6.9282732437930
0.73240000009537	-6.7794494346339
0.73710000514984	-6.6582725211153
0.74180001020432	-6.5544212126236
0.74650001525879	-6.4539071231870
0.75120002031326	-6.3424522090120
0.75590002536774	-6.2092128906821
0.76059997081757	-6.0496647307603
0.76529997587204	-5.8665553797878
0.76999998092651	-5.6686390050112
0.77469998598099	-5.4678500176118
0.77939999103546	-5.2760438022476
0.78409999608994	-5.1022643063322
0.78880000114441	-4.9509817017103
0.79350000619888	-4.8214348359770
0.79820001125336	-4.7080275189595
0.80290001630783	-4.6017416249040
0.80760002136230	-4.4923753321466
0.81230002641678	-4.3711603263204
0.81699997186661	-4.2330598817700
0.82169997692108	-4.0780180033134
0.82639998197556	-3.9107366804497
0.83109998703003	-3.7391694899084
0.83579999208450	-3.5722977631068
0.84049999713898	-3.4179042405471
0.84520000219345	-3.2808480316662
0.84990000724792	-3.1621275907368
0.85460001230240	-3.0588199613073
0.85930001735687	-2.9649109474440
0.86400002241135	-2.8728716331137
0.86870002746582	-2.7756418743141
0.87339997291565	-2.6685454841069
0.87809997797012	-2.5505569641289
0.88279998302460	-2.4245322594969
0.88749998807907	-2.2963622454765
0.89219999313354	-2.1733844783617
0.89689999818802	-2.0625190827133
0.90160000324249	-1.9686455159882
0.90630000829697	-1.8935668106213
0.91100001335144	-1.8357273461952
0.91570001840591	-1.7907782184867
0.92040002346039	-1.7528425822810
0.92510002851486	-1.7162604815301
0.92979997396469	-1.6773287075224
0.93449997901917	-1.6355840957468
0.93919998407364	-1.5941873972182
0.94389998912811	-1.5593391344547
0.94859999418259	-1.5388650196785
0.95329999923706	-1.5404895623720
0.95800000429153	-1.5702013926133
0.96270000934601	-1.6311860139374
0.96740001440048	-1.7235586358534
0.97210001945496	-1.8450227522842
0.97680002450943	-1.9923593062900
0.98150002956390	-2.1635378488590
0.98619997501373	-2.3599455375822
0.99089998006821	-2.5882211246302
0.99559998512268	-2.8612153066707
1.0003000497818	-3.1979051032557
1.0049999952316	-3.6225459753147
1.0096999406815	-4.1637782235542
1.0144000053406	-4.8545562589670
1.0190999507904	-5.7338743125324
1.0238000154495	-6.8514069575186
1.0284999608994	-8.2767170713642
1.0332000255585	-10.115658884490
1.0378999710083	-12.533443109658
1.0426000356674	-15.720925433388
1.0472999811172	-19.063209326493
1.0520000457764	-18.549889928087
1.0566999912262	-14.962602403956
1.0614000558853	-11.823975621513
1.0661000013351	-9.4359852082594
1.0707999467850	-7.5997344369296
1.0755000114441	-6.1636751408600
1.0801999568939	-5.0317541008828
1.0849000215530	-4.1404714438793
1.0895999670029	-3.4437218717440
1.0943000316620	-2.9042918139200
1.0989999771118	-2.4896142931771
1.1037000417709	-2.1702399185859
1.1083999872208	-1.9200832496224
1.1131000518799	-1.7175265349234
1.1177999973297	-1.5466082301779
1.1224999427795	-1.3975967575945
1.1272000074387	-1.2665597873469
1.1318999528885	-1.1539533489524
1.1366000175476	-1.0625878979899
1.1412999629974	-0.99552590715413
1.1460000276566	-0.95435752635023
1.1506999731064	-0.93821479821235
1.1554000377655	-0.94356775608072
1.1600999832153	-0.96477881903411
1.1648000478745	-0.99517646737304
1.1694999933243	-1.0284225404845
1.1742000579834	-1.0597745293633
1.1789000034332	-1.0869801332544
1.1835999488831	-1.1105113741693
1.1883000135422	-1.1331136232319
1.1929999589920	-1.1587973664350
1.1977000236511	-1.1916178926946
1.2023999691010	-1.2345328178320
1.2071000337601	-1.2886582041894
1.2117999792099	-1.3530053836495
1.2165000438690	-1.4247627705392
1.2211999893188	-1.4999860610236
1.2259000539780	-1.5745512108714
1.2305999994278	-1.6451403451104
1.2352999448776	-1.7100108587115
1.2400000095367	-1.7693534491789
1.2446999549866	-1.8251548683008
1.2494000196457	-1.8805843056925
1.2540999650955	-1.9391145562250
1.2588000297546	-2.0036172723690
1.2634999752045	-2.0756840278315
1.2682000398636	-2.1552620957523
1.2728999853134	-2.2407340965429
1.2776000499725	-2.3293335676776
1.2822999954224	-2.4178429518298
1.2869999408722	-2.5033706340269
1.2917000055313	-2.5840706262916
1.2963999509811	-2.6595741414234
1.3011000156403	-2.7310477991525
1.3057999610901	-2.8008573133887
1.3105000257492	-2.8719311644582
1.3151999711990	-2.9470181327300
1.3199000358582	-3.0280193275204
1.3245999813080	-3.1155757644517
1.3293000459671	-3.2089501304126
1.3339999914169	-3.3062522667464
1.3387000560760	-3.4049047497855
1.3434000015259	-3.5022897958191
1.3480999469757	-3.5963838892710
1.3528000116348	-3.6862694176641
1.3574999570847	-3.7723494986228
1.3622000217438	-3.8562407065029
1.3668999671936	-3.9403444867893
1.3716000318527	-4.0272625125295
1.3762999773026	-4.1191624302381
1.3810000419617	-4.2172988888440
1.3856999874115	-4.3217531962023
1.3904000520706	-4.4314576386227
1.3950999975204	-4.5444709917713
1.3997999429703	-4.6584634233345
1.4045000076294	-4.7712886384910
1.4091999530792	-4.8815149736283
1.4139000177383	-4.9888001983829
1.4185999631882	-5.0939832228784
1.4233000278473	-5.1988851634449
1.4279999732971	-5.3058816074352
1.4327000379562	-5.4173514114415
1.4373999834061	-5.5351381644650
1.4421000480652	-5.6601673066985
1.4467999935150	-5.7922755274222
1.4515000581741	-5.9302748563810
1.4562000036240	-6.0722637497819
1.4608999490738	-6.2160803204268
1.4656000137329	-6.3598410416417
1.4702999591827	-6.5024164920760
1.4750000238419	-6.6437526740827
1.4796999692917	-6.7849142752993
1.4844000339508	-6.9278735992002
1.4890999794006	-7.0750814147456
1.4938000440598	-7.2289386659971
1.4984999895096	-7.3912886728154
1.5032000541687	-7.5630491610444
1.5078999996185	-7.7440408753910
1.5125999450684	-7.9330510298621
1.5173000097275	-8.1281221224970
1.5219999551773	-8.3270094337871
1.5267000198364	-8.5277285132003
1.5313999652863	-8.7290736649549
1.5361000299454	-8.9309622771034
1.5407999753952	-9.1345325650903
1.5455000400543	-9.3419476880777
1.5501999855042	-9.5559630210786
1.5549000501633	-9.7793537405621
1.5595999956131	-10.014344428600
1.5642999410629	-10.262149897495
1.5690000057220	-10.522712842921
1.5736999511719	-10.794687840662
1.5784000158310	-11.075698332807
1.5830999612808	-11.362817458841
1.5878000259399	-11.653214014379
1.5924999713898	-11.944825302088
1.5972000360489	-12.236881817797
1.6018999814987	-12.530150426769
1.6066000461578	-12.826805985612
1.6112999916077	-13.129966892497
1.6160000562668	-13.442984298993
1.6207000017166	-13.768662723563
1.6253999471664	-14.108566510397
1.6301000118256	-14.462509639187
1.6347999572754	-14.828367983971
1.6395000219345	-15.202209309251
1.6441999673843	-15.578786199120
1.6489000320435	-15.952346562444
1.6535999774933	-16.317587679025
1.6583000421524	-16.670555506693
1.6629999876022	-17.009259831939
1.6677000522614	-17.333764788874
1.6723999977112	-17.645785428576
1.6770999431610	-17.947849179914
1.6818000078201	-18.242281521920
1.6864999532700	-18.530235396775
1.6912000179291	-18.810984311200
1.6958999633789	-19.081531108117
1.7006000280380	-19.336729470641
1.7052999734879	-19.569798247759
1.7100000381470	-19.773329970898
1.7146999835968	-19.940579971438
1.7194000482559	-20.066897646764
1.7240999937057	-20.150825756035
1.7288000583649	-20.194651271645
1.7335000038147	-20.204163685152
1.7381999492645	-20.187658497040
1.7429000139236	-20.154517365265
1.7475999593735	-20.113656252021
1.7523000240326	-20.072183028683
1.7569999694824	-20.034518839930
1.7617000341415	-20.001977044905
1.7663999795914	-19.972933769707
1.7711000442505	-19.943560525424
1.7757999897003	-19.909004311315
1.7805000543594	-19.864858242579
1.7851999998093	-19.808564502316
1.7898999452591	-19.740458789141
1.7946000099182	-19.663975400436
1.7992999553680	-19.585102768985
1.8040000200272	-19.511180161683
1.8086999654770	-19.449407185291
1.8134000301361	-19.405467310685
1.8180999755859	-19.382525314269
1.8228000402451	-19.380748046955
1.8274999856949	-19.397375728850
1.8322000503540	-19.427386186461
1.8368999958038	-19.464597101645
1.8415999412537	-19.503147770845
1.8463000059128	-19.538936002438
1.8509999513626	-19.570726687428
1.8557000160217	-19.600556706438
1.8603999614716	-19.633290493281
1.8651000261307	-19.675511529340
1.8697999715805	-19.734029372285
1.8745000362396	-19.814451147230
1.8791999816895	-19.920098259396
1.8839000463486	-20.051391721519
1.8885999917984	-20.205877107198
1.8933000564575	-20.378755870556
1.8980000019073	-20.564033490731
1.9026999473572	-20.755951708243
1.9074000120163	-20.950590382714
1.9120999574661	-21.147106048090
1.9168000221252	-21.348283827693
1.9214999675751	-21.560195700181
1.9262000322342	-21.791143066433
1.9308999776840	-22.050052463977
1.9356000423431	-22.344970218623
1.9402999877930	-22.681832116202
1.9450000524521	-23.063702670022
1.9496999979019	-23.490587940383
1.9543999433517	-23.959901136444
1.9591000080109	-24.467504623514
1.9637999534607	-25.009415588048
1.9685000181198	-25.583830301275
1.9731999635696	-26.193145304668
1.9779000282288	-26.845396936325
1.9825999736786	-27.554746753094
1.9873000383377	-28.340627107821
1.9919999837875	-29.225837142527
1.9967000484467	-30.233056900088
2.0013999938965	-31.378483258368
2.0060999393463	-32.657026078090
2.0107998847961	-34.008024686607
2.0155000686646	-35.248279597756
2.0202000141144	-36.017404342547
2.0248999595642	-35.947337752876
2.0295999050140	-35.055955707185
2.0343000888824	-33.712572153976
2.0390000343323	-32.245678655670
2.0436999797821	-30.813745060866
2.0483999252319	-29.469853692214
2.0531001091003	-28.224716387913
2.0578000545502	-27.076233166759
2.0625000000000	-26.019920893132
2.0671999454498	-25.051388658363
2.0718998908997	-24.166253913983
2.0766000747681	-23.359367042797
2.0813000202179	-22.624311673313
2.0859999656677	-21.953226258239
2.0906999111176	-21.337037349855
2.0954000949860	-20.766104695531
2.1001000404358	-20.231006213358
2.1047999858856	-19.723538260263
2.1094999313354	-19.237523791218
2.1142001152039	-18.769278359697
2.1189000606537	-18.317673257360
2.1236000061035	-17.883634053258
2.1282999515533	-17.469348182445
2.1329998970032	-17.077313949940
2.1377000808716	-16.709484853274
2.1424000263214	-16.366635600993
2.1470999717712	-16.048069110812
2.1517999172211	-15.751649748505
2.1565001010895	-15.474134413717
2.1612000465393	-15.211762393259
2.1658999919891	-14.960933383877
2.1705999374390	-14.718842368758
2.1752998828888	-14.483955818471
2.1800000667572	-14.256164926798
2.1847000122070	-14.036616485288
2.1893999576569	-13.827278212410
2.1940999031067	-13.630341504817
2.1988000869751	-13.447608768852
2.2035000324249	-13.280023280311
2.2081999778748	-13.127421073806
2.2128999233246	-12.988514740165
2.2176001071930	-12.861156385470
2.2223000526428	-12.742777605797
2.2269999980927	-12.630921515386
2.2316999435425	-12.523755441389
2.2363998889923	-12.420435762754
2.2411000728607	-12.321212214137
2.2458000183105	-12.227301875597
2.2504999637604	-12.140494693303
2.2551999092102	-12.062676890318
2.2599000930786	-11.995327189472
2.2646000385284	-11.939134670229
2.2692999839783	-11.893820639865
2.2739999294281	-11.858165093301
2.2787001132965	-11.830283138074
2.2834000587463	-11.808022345527
2.2881000041962	-11.789461399063
2.2927999496460	-11.773336533804
2.2974998950958	-11.759309512886
2.3022000789642	-11.748024631803
2.3069000244141	-11.740904243600
2.3115999698639	-11.739769868714
2.3162999153137	-11.746373650602
2.3210000991821	-11.761965352734
2.3257000446320	-11.786966757218
2.3303999900818	-11.820876158468
2.3350999355316	-11.862379714105
2.3397998809814	-11.909645213062
2.3445000648499	-11.960753084201
2.3492000102997	-12.014180549775
2.3538999557495	-12.069160580616
2.3585999011993	-12.125887705394
2.3633000850677	-12.185466371430
2.3680000305176	-12.249655390026
2.3726999759674	-12.320430951355
2.3773999214172	-12.399518991610
2.3821001052856	-12.487998628198
2.3868000507355	-12.586038426769
2.3914999961853	-12.692889971981
2.3961999416351	-12.807057015153
2.4008998870850	-12.926687806722
2.4056000709534	-13.050055550729
2.4103000164032	-13.176005072554
2.4149999618530	-13.304328296148
2.4196999073029	-13.435854419199
2.4244000911713	-13.572325328652
2.4291000366211	-13.716028407091
2.4337999820709	-13.869296338716
2.4384999275208	-14.034014345933
2.4432001113892	-14.211208162803
2.4479000568390	-14.400874086986
2.4526000022888	-14.602017228010
2.4572999477386	-14.812963130200
2.4619998931885	-15.031839616793
2.4667000770569	-15.257148176079
2.4714000225067	-15.488314475704
2.4760999679565	-15.726009069229
2.4807999134064	-15.972211937125
2.4855000972748	-16.229945692156
2.4902000427246	-16.502780835529
2.4948999881744	-16.794188082596
2.4995999336243	-17.106953122672
2.5043001174927	-17.442723008319
2.5090000629425	-17.801850608349
2.5137000083923	-18.183567115807
2.5183999538422	-18.586434549995
2.5230998992920	-19.009132714940
2.5278000831604	-19.451332565102
2.5325000286102	-19.914545002558
2.5371999740601	-20.402668097361
2.5418999195099	-20.922105478310
2.5466001033783	-21.481465346347
2.5513000488281	-22.090808790149
2.5559999942780	-22.760752188624
2.5606999397278	-23.501531668023
2.5653998851776	-24.322187455777
2.5701000690460	-25.229831979649
2.5748000144958	-26.228957356101
2.5794999599457	-27.320272281420
2.5841999053955	-28.498062678803
2.5889000892639	-29.743223288472
2.5936000347137	-31.006583885212
2.5982999801636	-32.175505324386
2.6029999256134	-33.035474809611
2.6077001094818	-33.306444389523
2.6124000549316	-32.845482835947
2.6171000003815	-31.805571379113
2.6217999458313	-30.481672227561
2.6264998912811	-29.100992311411
2.6312000751495	-27.780836464885
2.6359000205994	-26.567330509640
2.6405999660492	-25.471164942710
2.6452999114990	-24.486989747920
2.6500000953674	-23.602542326937
2.6547000408173	-22.802929264055
2.6593999862671	-22.073002812407
2.6640999317169	-21.398820811182
2.6688001155853	-20.768731538173
2.6735000610352	-20.174079985543
2.6782000064850	-19.609353921368
2.6828999519348	-19.071881579463
2.6875998973846	-18.561090026250
2.6923000812531	-18.077520217245
2.6970000267029	-17.621853083093
2.7016999721527	-17.194132047842
2.7063999176025	-16.793303561237
2.7111001014709	-16.417082895092
2.7158000469208	-16.062207862353
2.7204999923706	-15.724855937729
2.7251999378204	-15.401276503518
2.7298998832703	-15.088364793598
2.7346000671387	-14.784097087448
2.7393000125885	-14.487721194997
2.7439999580383	-14.199623888768
2.7486999034882	-13.920977225497
2.7534000873566	-13.653205576016
2.7581000328064	-13.397480045778
2.7627999782562	-13.154293374597
2.7674999237061	-12.923256291962
2.7722001075745	-12.703101022342
2.7769000530243	-12.491920340115
2.7815999984741	-12.287554686346
2.7862999439240	-12.088019025767
2.7909998893738	-11.891906674535
2.7957000732422	-11.698632631446
2.8004000186920	-11.508453659260
2.8050999641418	-11.322316685540
2.8097999095917	-11.141497374034
2.8145000934601	-10.967225315943
2.8192000389099	-10.800304978093
2.8238999843597	-10.640886733787
2.8285999298096	-10.488394257855
2.8333001136780	-10.341644187867
2.8380000591278	-10.199109037890
2.8427000045776	-10.059265558223
2.8473999500275	-9.9209346628560
2.8520998954773	-9.7835381858207
2.8568000793457	-9.6471882702100
2.8615000247955	-9.5126089306759
2.8661999702454	-9.3809012579451
2.8708999156952	-9.2532203788270
2.8756000995636	-9.1304567893061
2.8803000450134	-9.0129935497785
2.8849999904633	-8.9006037752625
2.8896999359131	-8.7924851301172
2.8943998813629	-8.6874717581112
2.8991000652313	-8.5843021006655
2.9038000106812	-8.4819264979241
2.9084999561310	-8.3797585029281
2.9131999015808	-8.2777937745140
2.9179000854492	-8.1765903765559
2.9226000308990	-8.0770884980046
2.9272999763489	-7.9803561060658
2.9319999217987	-7.8873001403848
2.9367001056671	-7.7984173854435
2.9414000511169	-7.7136828988655
2.9460999965668	-7.6325374158237
2.9507999420166	-7.5540451224221
2.9554998874664	-7.4771169778445
2.9602000713348	-7.4007830851190
2.9649000167847	-7.3244370377584
2.9695999622345	-7.2479856067639
2.9742999076843	-7.1718372179745
2.9790000915527	-7.0968003658429
2.9837000370026	-7.0238516913193
2.9883999824524	-6.9538807073013
2.9930999279022	-6.8874448342510
2.9978001117706	-6.8246487070163
3.0025000572205	-6.7650954837250
3.0072000026703	-6.7080050154053
3.0118999481201	-6.6524036602473
3.0165998935699	-6.5973744434408
3.0213000774384	-6.5422877777619
3.0260000228882	-6.4869632573338
3.0306999683380	-6.4316848705254
3.0353999137878	-6.3771473928024
3.0401000976562	-6.3242363821196
3.0448000431061	-6.2738125619532
3.0494999885559	-6.2264713439785
3.0541999340057	-6.1824024086433
3.0589001178741	-6.1413271704275
3.0636000633240	-6.1025789576948
3.0683000087738	-6.0652702488895
3.0729999542236	-6.0285197259981
3.0776998996735	-5.9916690168854
3.0824000835419	-5.9544620818430
3.0871000289917	-5.9170834530578
3.0917999744415	-5.8801181677449
3.0964999198914	-5.8443885093437
3.1012001037598	-5.8107242112383
3.1059000492096	-5.7797464478407
3.1105999946594	-5.7517096659636
3.1152999401093	-5.7264329971818
3.1199998855591	-5.7033375595085
3.1247000694275	-5.6816011253965
3.1294000148773	-5.6603673051065
3.1340999603271	-5.6389555227962
3.1387999057770	-5.6170379634451
3.1435000896454	-5.5947249154099
3.1482000350952	-5.5725096610618
3.1528999805450	-5.5511592916384
3.1575999259949	-5.5314784037589
3.1623001098633	-5.5141169265040
3.1670000553131	-5.4993860271374
3.1717000007629	-5.4871751484971
3.1763999462128	-5.4769869612391
3.1810998916626	-5.4680451414929
3.1858000755310	-5.4595064274260
3.1905000209808	-5.4506667104539
3.1951999664307	-5.4411415732891
3.1998999118805	-5.4309620546595
3.2046000957489	-5.4205591719232
3.2093000411987	-5.4106402815213
3.2139999866486	-5.4019989139385
3.2186999320984	-5.3952966698932
3.2234001159668	-5.3908952504237
3.2281000614166	-5.3887390959587
3.2328000068665	-5.3883784042489
3.2374999523163	-5.3890642353977
3.2421998977661	-5.3899531473394
3.2469000816345	-5.3902982964570
3.2516000270844	-5.3896514704241
3.2562999725342	-5.3879752757152
3.2609999179840	-5.3856224114794
3.2657001018524	-5.3832528431876
3.2704000473022	-5.3816367727030
3.2750999927521	-5.3814375044316
3.2797999382019	-5.3830303104657
3.2844998836517	-5.3863877953691
3.2892000675201	-5.3910681038320
3.2939000129700	-5.3963160598783
3.2985999584198	-5.4012469337619
3.3032999038696	-5.4050488554918
3.3080000877380	-5.4071940923632
3.3127000331879	-5.4075446580781
3.3173999786377	-5.4063818186101
3.3220999240875	-5.4042919212670
3.3268001079559	-5.4019997770535
3.3315000534058	-5.4001440493199
3.3361999988556	-5.3990745237334
3.3408999443054	-5.3987404061507
3.3455998897552	-5.3986674068104
3.3503000736237	-5.3980465251123
3.3550000190735	-5.3959214600811
3.3596999645233	-5.3914081606267
3.3643999099731	-5.3838862635872
3.3691000938416	-5.3731562003932
3.3738000392914	-5.3594266073230
3.3784999847412	-5.3432560620175
3.3831999301910	-5.3253428971838
3.3879001140594	-5.3063143156755
3.3926000595093	-5.2865333858661
3.3973000049591	-5.2659641931326
3.4019999504089	-5.2441605216983
3.4066998958588	-5.2203686364950
3.4114000797272	-5.1936984391959
3.4161000251770	-5.1633641515479
3.4207999706268	-5.1288808201629
3.4254999160767	-5.0902000975042
3.4302000999451	-5.0477159947652
3.4349000453949	-5.0021819794105
3.4395999908447	-4.9545167301662
3.4442999362946	-4.9055874013672
3.4489998817444	-4.8560182759091
3.4537000656128	-4.8060655391544
3.4584000110626	-4.7556153700347
3.4630999565125	-4.7042721407809
3.4677999019623	-4.6515354065977
3.4725000858307	-4.5970040523588
3.4772000312805	-4.5405600258910
3.4818999767303	-4.4824750390374
3.4865999221802	-4.4234144346086
3.4913001060486	-4.3643422531565
3.4960000514984	-4.3063417078002
3.5006999969482	-4.2504158001665
3.5053999423981	-4.1973051375171
3.5100998878479	-4.1473807736673
3.5148000717163	-4.1006298120673
3.5195000171661	-4.0567299658064
3.5241999626160	-4.0152023161064
3.5288999080658	-3.9755935226237
3.5336000919342	-3.9376379208974
3.5383000373840	-3.9013780455569
3.5429999828339	-3.8671671527628
3.5476999282837	-3.8356265708864
3.5524001121521	-3.8074806628194
3.5571000576019	-3.7834069870661
3.5618000030518	-3.7638630479992
3.5664999485016	-3.7489780869734
3.5711998939514	-3.7385323802739
3.5759000778198	-3.7319993924120
3.5806000232697	-3.7286837468452
3.5852999687195	-3.7278765152037
3.5899999141693	-3.7290277336229
3.5947000980377	-3.7318647305056
3.5994000434875	-3.7364442492393
3.6040999889374	-3.7431134861988
3.6087999343872	-3.7524020723432
3.6135001182556	-3.7648589506024
3.6182000637054	-3.7808945593083
3.6229000091553	-3.8006479866413
3.6275999546051	-3.8239370528957
3.6322999000549	-3.8502735329325
3.6370000839233	-3.8789677809250
3.6417000293732	-3.9092801764718
3.6463999748230	-3.9405899410117
3.6510999202728	-3.9725376128107
3.6558001041412	-4.0050977750752
3.6605000495911	-4.0385717278292
3.6651999950409	-4.0734917864702
3.6698999404907	-4.1104785830127
3.6745998859406	-4.1500615365567
3.6793000698090	-4.1925220987774
3.6840000152588	-4.2378248888990
3.6886999607086	-4.2855942561778
3.6933999061584	-4.3352058402724
3.6981000900269	-4.3859257950687
3.7028000354767	-4.4370944165974
3.7074999809265	-4.4882825316586
3.7121999263763	-4.5394059287592
3.7169001102448	-4.5907347386902
3.7216000556946	-4.6428289866532
3.7263000011444	-4.6963822822187
3.7309999465942	-4.7520437391300
3.7356998920441	-4.8102329209770
3.7404000759125	-4.8710279789741
3.7451000213623	-4.9341341246863
3.7497999668121	-4.9989337304774
3.7544999122620	-5.0646437162614
3.7592000961304	-5.1305025919973
3.7639000415802	-5.1959608696990
3.7685999870300	-5.2608215720296
3.7732999324799	-5.3252901651182
3.7780001163483	-5.3899255425346
3.7827000617981	-5.4554728591183
3.7874000072479	-5.5226771329591
3.7920999526978	-5.5920620240129
3.7967998981476	-5.6637787185044
3.8015000820160	-5.7375441823100
3.8062000274658	-5.8126826502597
3.8108999729156	-5.8882736121451
3.8155999183655	-5.9633724763900
3.8203001022339	-6.0372326206571
3.8250000476837	-6.1094912152500
3.8296999931335	-6.1802525073202
3.8343999385834	-6.2500437713269
3.8390998840332	-6.3196564642652
3.8438000679016	-6.3899125325635
3.8485000133514	-6.4614165420499
3.8531999588013	-6.5343489955352
3.8578999042511	-6.6083824974516
3.8626000881195	-6.6827142553971
3.8673000335693	-6.7562272888261
3.8719999790192	-6.8277511004030
3.8766999244690	-6.8963323321543
3.8814001083374	-6.9614659171507
3.8861000537872	-7.0232126263620
3.8907999992371	-7.0821509777327
3.8954999446869	-7.1392057439145
3.9001998901367	-7.1953584560587
3.9049000740051	-7.2513486490486
3.9096000194550	-7.3074439980206
3.9142999649048	-7.3633159148917
3.9189999103546	-7.4181001943996
3.9237000942230	-7.4705833180609
3.9284000396729	-7.5195109173436
3.9330999851227	-7.5639149283936
3.9377999305725	-7.6033730243350
3.9425001144409	-7.6381366069434
3.9472000598907	-7.6690662450464
3.9519000053406	-7.6974004046406
3.9565999507904	-7.7244334480524
3.9612998962402	-7.7511678858103
3.9660000801086	-7.7780526297919
3.9707000255585	-7.8048786590720
3.9753999710083	-7.8308467548929
3.9800999164581	-7.8548029308150
3.9848001003265	-7.8755733297082
3.9895000457764	-7.8923283562952
3.9941999912262	-7.9048430953992
3.9988999366760	-7.9136089580533
4.0036001205444	-7.9197475278852
4.0082998275757	-7.9247422125237
4.0130000114441	-7.9300891158010
4.0177001953125	-7.9369252576494
4.0223999023438	-7.9457802501286
4.0271000862122	-7.9564657929163
4.0317997932434	-7.9681714791832
4.0364999771118	-7.9797135186392
4.0412001609802	-7.9898877523335
4.0458998680115	-7.9978352521941
4.0506000518799	-8.0033149381082
4.0553002357483	-8.0068144322014
4.0599999427795	-8.0094522240705
4.0647001266479	-8.0127169647385
4.0693998336792	-8.0180961098292
4.0741000175476	-8.0267186396603
4.0788002014160	-8.0390774603026
4.0834999084473	-8.0549341798989
4.0882000923157	-8.0733859765587
4.0928997993469	-8.0931293381272
4.0975999832153	-8.1128036572382
4.1023001670837	-8.1313835352504
4.1069998741150	-8.1484637045097
4.1117000579834	-8.1643945823869
4.1163997650146	-8.1802060478392
4.1210999488831	-8.1973520461470
4.1258001327515	-8.2173348841598
4.1304998397827	-8.2413245645508
4.1352000236511	-8.2698579409670
4.1399002075195	-8.3026969147736
4.1445999145508	-8.3388916964411
4.1493000984192	-8.3770070990487
4.1539998054504	-8.4155012457804
4.1586999893188	-8.4531279902527
4.1634001731873	-8.4892742881284
4.1680998802185	-8.5241352974370
4.1728000640869	-8.5586759697438
4.1774997711182	-8.5943832154635
4.1821999549866	-8.6328705178968
4.1869001388550	-8.6754599573081
4.1915998458862	-8.7228241428174
4.1963000297546	-8.7748004675243
4.2010002136230	-8.8304086688868
4.2056999206543	-8.8880817235610
4.2104001045227	-8.9460481908186
4.2150998115540	-9.0027931890843
4.2197999954224	-9.0574586887175
4.2245001792908	-9.1100873169490
4.2291998863220	-9.1616206273428
4.2339000701904	-9.2136635830666
4.2385997772217	-9.2680585063238
4.2432999610901	-9.3263976961896
4.2480001449585	-9.3896070084901
4.2526998519897	-9.4576829911685
4.2574000358582	-9.5296853927002
4.2621002197266	-9.6039420953794
4.2667999267578	-9.6784894880745
4.2715001106262	-9.7515873300365
4.2761998176575	-9.8222183710711
4.2809000015259	-9.8904103867495
4.2856001853943	-9.9572914858519
4.2902998924255	-10.024846834847
4.2950000762939	-10.095460665477
4.2996997833252	-10.171342418347
4.3043999671936	-10.254016590244
4.3091001510620	-10.343980752659
4.3137998580933	-10.440615292293
4.3185000419617	-10.542384200734
4.3232002258301	-10.647272189284
4.3278999328613	-10.753372560098
4.3326001167297	-10.859469341179
4.3372998237610	-10.965465491327
4.3420000076294	-11.072514827752
4.3467001914978	-11.182808429393
4.3513998985291	-11.299078103745
4.3561000823975	-11.423918399679
4.3607997894287	-11.559138754054
4.3654999732971	-11.705274802805
4.3702001571655	-11.861374112914
4.3748998641968	-12.025139253171
4.3796000480652	-12.193408429533
4.3843002319336	-12.362894937632
4.3889999389648	-12.531025438990
4.3937001228333	-12.696651220170
4.3983998298645	-12.860402579670
4.4031000137329	-13.024560696495
4.4078001976013	-13.192452591919
4.4124999046326	-13.367541423842
4.4172000885010	-13.552444748283
4.4218997955322	-13.748140669421
4.4265999794006	-13.953548007394
4.4313001632690	-14.165609949726
4.4359998703003	-14.379920156962
4.4407000541687	-14.591789108871
4.4454002380371	-14.797533230654
4.4500999450684	-14.995609336852
4.4548001289368	-15.187204079288
4.4594998359680	-15.376029268326
4.4642000198364	-15.567352312581
4.4689002037048	-15.766522720940
4.4735999107361	-15.977453767325
4.4783000946045	-16.201381963876
4.4829998016357	-16.436262066573
4.4876999855042	-16.676954155597
4.4924001693726	-16.916274285980
4.4970998764038	-17.146807704237
4.5018000602722	-17.363037895391
4.5064997673035	-17.563149871895
4.5111999511719	-17.749759310597
4.5159001350403	-17.929195553435
4.5205998420715	-18.109545030874
4.5253000259399	-18.298079669583
4.5300002098083	-18.498851755608
4.5346999168396	-18.711030563922
4.5394001007080	-18.928428327445
4.5440998077393	-19.140462964405
4.5487999916077	-19.334588936646
4.5535001754761	-19.499871377630
4.5581998825073	-19.630518144176
4.5629000663757	-19.727958843973
4.5675997734070	-19.800298307281
4.5722999572754	-19.859419864147
4.5770001411438	-19.916765006397
4.5816998481750	-19.979520897089
4.5864000320435	-20.048127382918
4.5911002159119	-20.115706013461
4.5957999229431	-20.169681245432
4.6005001068115	-20.195345713490
4.6051998138428	-20.180752623333
4.6098999977112	-20.121178712241
4.6146001815796	-20.021111065929
4.6192998886108	-19.892785415792
4.6240000724792	-19.752016474509
4.6286997795105	-19.613262622974
4.6333999633789	-19.485715991643
4.6381001472473	-19.371365839366
4.6427998542786	-19.265009692819
4.6475000381470	-19.156214856747
4.6522002220154	-19.032704557628
4.6568999290466	-18.884445677579
4.6616001129150	-18.707214203200
4.6662998199463	-18.504177852689
4.6710000038147	-18.284867007915
4.6757001876831	-18.062104228122
4.6803998947144	-17.848235964339
4.6851000785828	-17.651957726540
4.6897997856140	-17.476478318593
4.6944999694824	-17.319192060061
4.6992001533508	-17.172685785490
4.7038998603821	-17.026895178547
4.7086000442505	-16.872025655118
4.7133002281189	-16.701431317414
4.7179999351501	-16.513678172118
4.7227001190186	-16.312900581996
4.7273998260498	-16.107397934082
4.7321000099182	-15.907119008242
4.7368001937866	-15.720865315394
4.7414999008179	-15.554138063841
4.7462000846863	-15.407956516532
4.7508997917175	-15.278829660238
4.7555999755859	-15.159711190950
4.7603001594543	-15.041872883667
4.7649998664856	-14.917235234587
4.7697000503540	-14.780650512005
4.7744002342224	-14.631359194223
4.7790999412537	-14.473160987887
4.7838001251221	-14.313198402186
4.7884998321533	-14.159852409449
4.7932000160217	-14.020450175341
4.7979001998901	-13.899460370317
4.8025999069214	-13.797480367323
4.8073000907898	-13.711185098942
4.8119997978210	-13.634161322323
4.8166999816895	-13.558521109107
4.8214001655579	-13.476964156595
4.8260998725891	-13.384785299968
4.8308000564575	-13.281225381541
4.8354997634888	-13.169650030046
4.8401999473572	-13.056541173526
4.8449001312256	-12.949593133724
4.8495998382568	-12.855649308476
4.8543000221252	-12.778946347045
4.8590002059937	-12.720108307374
4.8636999130249	-12.676005460117
4.8684000968933	-12.640484777374
4.8730998039246	-12.605853319712
4.8777999877930	-12.564865675356
4.8825001716614	-12.512711870349
4.8871998786926	-12.448404265606
4.8919000625610	-12.375087015809
4.8965997695923	-12.299089635111
4.9012999534607	-12.228120554851
4.9060001373291	-12.169141862807
4.9106998443604	-12.126585506489
4.9154000282288	-12.101249858320
4.9201002120972	-12.090069216029
4.9247999191284	-12.086798078134
4.9295001029968	-12.083501523669
4.9341998100281	-12.072589683600
4.9388999938965	-12.048940563543
4.9436001777649	-12.011411562939
4.9482998847961	-11.963200000186
4.9530000686646	-11.910895418392
4.9576997756958	-11.862524200840
4.9623999595642	-11.825271471591
4.9671001434326	-11.803513525918
4.9717998504639	-11.797554107746
4.9765000343323	-11.803369572551
4.9812002182007	-11.813321309974
4.9858999252319	-11.817820603802
4.9906001091003	-11.807683677261
4.9952998161316	-11.776574928391
5.0000000000000	-11.722751420234
