#Parameters = {R_fat=48; R_glandular=38; R_skin_outer=50; T10=5; T15=7.5; T5=2.5; T_rad=4; T_x=10; T_y=0; T_z=75; Zc=65; skin_thickness=2; Mesh Pass=1}
#"Frequency / GHz"	"S1,1 (Mesh Pass=1) [Magnitude / dB]"
#-------------------------------------------------------
0.30000001192093	-6.6281991916166
0.30469998717308	-6.4860425240115
0.30939999222755	-6.3435020913444
0.31409999728203	-6.2018102496195
0.31880000233650	-6.0616568585899
0.32350000739098	-5.9231755147331
0.32820001244545	-5.7859934678263
0.33289998769760	-5.6493561879568
0.33759999275208	-5.5122883575955
0.34229999780655	-5.3737970775110
0.34700000286102	-5.2330675451889
0.35170000791550	-5.0896366107396
0.35640001296997	-4.9435123320325
0.36109998822212	-4.7952145888816
0.36579999327660	-4.6457320023765
0.37049999833107	-4.4964110248463
0.37520000338554	-4.3487834201609
0.37990000844002	-4.2043716037942
0.38460001349449	-4.0644995050972
0.38929998874664	-3.9301231105879
0.39399999380112	-3.8017181795085
0.39869999885559	-3.6792251496869
0.40340000391006	-3.5620750585335
0.40810000896454	-3.4492676887760
0.41280001401901	-3.3395395024498
0.41749998927116	-3.2315649057406
0.42219999432564	-3.1241777182350
0.42689999938011	-3.0165780519701
0.43160000443459	-2.9084824755115
0.43630000948906	-2.8001851862059
0.44100001454353	-2.6925268189771
0.44569998979568	-2.5867533582467
0.45039999485016	-2.4843257734289
0.45509999990463	-2.3866674981824
0.45980000495911	-2.2949292648531
0.46450001001358	-2.2097898778846
0.46919998526573	-2.1313172144336
0.47389999032021	-2.0589276759373
0.47859999537468	-1.9914551167387
0.48330000042915	-1.9273138843109
0.48800000548363	-1.8647515850435
0.49270001053810	-1.8021507404941
0.49739998579025	-1.7383126716329
0.50209999084473	-1.6726889140109
0.50679999589920	-1.6054832197522
0.51150000095367	-1.5376269895214
0.51620000600815	-1.4706119776499
0.52090001106262	-1.4062192982043
0.52560001611710	-1.3461926037679
0.53030002117157	-1.2919186337590
0.53500002622604	-1.2441513594698
0.53969997167587	-1.2028518248892
0.54439997673035	-1.1671442052146
0.54909998178482	-1.1354378622868
0.55379998683929	-1.1056749563057
0.55849999189377	-1.0756855478269
0.56319999694824	-1.0435893383579
0.56790000200272	-1.0081558104733
0.57260000705719	-0.96904963095571
0.57730001211166	-0.92692275791037
0.58200001716614	-0.88328326733691
0.58670002222061	-0.84023342375801
0.59140002727509	-0.80006983633971
0.59609997272491	-0.76484949241373
0.60079997777939	-0.73599500130920
0.60549998283386	-0.71400455350893
0.61019998788834	-0.69832246135877
0.61489999294281	-0.68739006593776
0.61959999799728	-0.67888974657381
0.62430000305176	-0.67014717192905
0.62900000810623	-0.65862828298237
0.63370001316071	-0.64244293833692
0.63840001821518	-0.62072933067575
0.64310002326965	-0.59385251783520
0.64780002832413	-0.56335894899544
0.65249997377396	-0.53169538463133
0.65719997882843	-0.50173972355940
0.66189998388290	-0.47627130870524
0.66659998893738	-0.45741329259126
0.67129999399185	-0.44623123525910
0.67599999904633	-0.44247829088620
0.68070000410080	-0.44457941723590
0.68540000915527	-0.44986952540115
0.69010001420975	-0.45504317431219
0.69480001926422	-0.45676071990156
0.69950002431870	-0.45232128549064
0.70420002937317	-0.44022117255094
0.70889997482300	-0.42050315172510
0.71359997987747	-0.39480037134561
0.71829998493195	-0.36604849690404
0.72299998998642	-0.33794581774944
0.72769999504089	-0.31424495812570
0.73240000009537	-0.29804484091286
0.73710000514984	-0.29118108255295
0.74180001020432	-0.29382614601411
0.74650001525879	-0.30436533749391
0.75120002031326	-0.31961041709103
0.75590002536774	-0.33529546049544
0.76059997081757	-0.34685888566923
0.76529997587204	-0.35033005703324
0.76999998092651	-0.34318413887408
0.77469998598099	-0.32495570709245
0.77939999103546	-0.29744019160996
0.78409999608994	-0.26443055813579
0.78880000114441	-0.23106581253138
0.79350000619888	-0.20287343184092
0.79820001125336	-0.18475557637554
0.80290001630783	-0.18004585214617
0.80760002136230	-0.18980361982749
0.81230002641678	-0.21245339975773
0.81699997186661	-0.24384103063059
0.82169997692108	-0.27774666868099
0.82639998197556	-0.30687337225272
0.83109998703003	-0.32418819159719
0.83579999208450	-0.32441930893151
0.84049999713898	-0.30537827104760
0.84520000219345	-0.26878621050593
0.84990000724792	-0.22034013775036
0.85460001230240	-0.16901688612092
0.85930001735687	-0.12579435791177
0.86400002241135	-0.10206236580878
0.86870002746582	-0.10803903746805
0.87339997291565	-0.15136054458426
0.87809997797012	-0.23594903546060
0.88279998302460	-0.36117053371872
0.88749998807907	-0.52132875625069
0.89219999313354	-0.70552236995144
0.89689999818802	-0.89802112393361
0.90160000324249	-1.0794306085453
0.90630000829697	-1.2288464125694
0.91100001335144	-1.3270883407205
0.91570001840591	-1.3604297742137
0.92040002346039	-1.3237398208865
0.92510002851486	-1.2217613177679
0.92979997396469	-1.0679197923136
0.93449997901917	-0.88121612309700
0.93919998407364	-0.68246238146383
0.94389998912811	-0.49101098950632
0.94859999418259	-0.32252749521380
0.95329999923706	-0.18786214955087
0.95800000429153	-0.092697529822580
0.96270000934601	-0.037780634387047
0.96740001440048	-0.019499768251924
0.97210001945496	-0.030761734622197
0.97680002450943	-0.062096177242514
0.98150002956390	-0.10297382338962
0.98619997501373	-0.14323601384058
0.99089998006821	-0.17446318835494
0.99559998512268	-0.19109169831867
1.0003000497818	-0.19103018000653
1.0049999952316	-0.17561357201566
1.0096999406815	-0.14894204733317
1.0144000053406	-0.11677289079449
1.0190999507904	-0.085252260412638
1.0238000154495	-0.059742386824724
1.0284999608994	-0.043974507229201
1.0332000255585	-0.039581862287361
1.0378999710083	-0.046027221554920
1.0426000356674	-0.060900890921779
1.0472999811172	-0.080493038118000
1.0520000457764	-0.10052832723780
1.0566999912262	-0.11698617138988
1.0614000558853	-0.12681293848364
1.0661000013351	-0.12843294944592
1.0707999467850	-0.12195374791861
1.0755000114441	-0.10902846009280
1.0801999568939	-0.092420472346306
1.0849000215530	-0.075403098070770
1.0895999670029	-0.061085857889628
1.0943000316620	-0.051865893204521
1.0989999771118	-0.049041229724195
1.1037000417709	-0.052638909855736
1.1083999872208	-0.061515116086485
1.1131000518799	-0.073613274222825
1.1177999973297	-0.086407456872762
1.1224999427795	-0.097374701245748
1.1272000074387	-0.10447974927000
1.1318999528885	-0.10652141358154
1.1366000175476	-0.10333118005947
1.1412999629974	-0.095746694595764
1.1460000276566	-0.085392474950970
1.1506999731064	-0.074332558850128
1.1554000377655	-0.064653181328945
1.1600999832153	-0.058083533199278
1.1648000478745	-0.055701251686619
1.1694999933243	-0.057784214447643
1.1742000579834	-0.063814396207287
1.1789000034332	-0.072628852373870
1.1835999488831	-0.082664973545681
1.1883000135422	-0.092275463061135
1.1929999589920	-0.10003056933900
1.1977000236511	-0.10497217367365
1.2023999691010	-0.10674769291583
1.2071000337601	-0.10562725143239
1.2117999792099	-0.10240122822984
1.2165000438690	-0.098158508896142
1.2211999893188	-0.094053842991539
1.2259000539780	-0.091047477015557
1.2305999994278	-0.089725850726493
1.2352999448776	-0.090203643188101
1.2400000095367	-0.092132949139223
1.2446999549866	-0.094798823278520
1.2494000196457	-0.097293575343412
1.2540999650955	-0.098730724290507
1.2588000297546	-0.098441740907473
1.2634999752045	-0.096120072897723
1.2682000398636	-0.091901724160563
1.2728999853134	-0.086325678842746
1.2776000499725	-0.080245661540288
1.2822999954224	-0.074639873332888
1.2869999408722	-0.070425508330812
1.2917000055313	-0.068277533627993
1.2963999509811	-0.068501266251676
1.3011000156403	-0.070973162147819
1.3057999610901	-0.075175384533578
1.3105000257492	-0.080290059828971
1.3151999711990	-0.085361657021909
1.3199000358582	-0.089474041680604
1.3245999813080	-0.091925538931743
1.3293000459671	-0.092361182961233
1.3339999914169	-0.090816397636682
1.3387000560760	-0.087716947953406
1.3434000015259	-0.083773911278004
1.3480999469757	-0.079841488623593
1.3528000116348	-0.076749540705600
1.3574999570847	-0.075140574926478
1.3622000217438	-0.075360549924449
1.3668999671936	-0.077393662821304
1.3716000318527	-0.080885463068063
1.3762999773026	-0.085220968399016
1.3810000419617	-0.089643280963441
1.3856999874115	-0.093401040175808
1.3904000520706	-0.095905746324688
1.3950999975204	-0.096830683450344
1.3997999429703	-0.096166693128168
1.4045000076294	-0.094226351286007
1.4091999530792	-0.091558220541548
1.4139000177383	-0.088842366405002
1.4185999631882	-0.086760113801995
1.4233000278473	-0.085844268675944
1.4279999732971	-0.086402751881666
1.4327000379562	-0.088451795150526
1.4373999834061	-0.091729350435356
1.4421000480652	-0.095749821055977
1.4467999935150	-0.099913843641039
1.4515000581741	-0.10360830388023
1.4562000036240	-0.10634960021078
1.4608999490738	-0.10785344429356
1.4656000137329	-0.10809936246960
1.4702999591827	-0.10732535256524
1.4750000238419	-0.10596589063999
1.4796999692917	-0.10457690746076
1.4844000339508	-0.10371274029345
1.4890999794006	-0.10382219869195
1.4938000440598	-0.10517208131267
1.4984999895096	-0.10779051488641
1.5032000541687	-0.11147629606893
1.5078999996185	-0.11584911780717
1.5125999450684	-0.12041655392922
1.5173000097275	-0.12468607824920
1.5219999551773	-0.12824707547692
1.5267000198364	-0.13086274998592
1.5313999652863	-0.13250889730329
1.5361000299454	-0.13336972994732
1.5407999753952	-0.13380196667700
1.5455000400543	-0.13425707402468
1.5501999855042	-0.13519890791841
1.5549000501633	-0.13700648782655
1.5595999956131	-0.13990491303993
1.5642999410629	-0.14393437159888
1.5690000057220	-0.14894043559408
1.5736999511719	-0.15460936235216
1.5784000158310	-0.16054018335546
1.5830999612808	-0.16632345029013
1.5878000259399	-0.17161416915143
1.5924999713898	-0.17621171327175
1.5972000360489	-0.18008041175455
1.6018999814987	-0.18337013428928
1.6066000461578	-0.18636793281812
1.6112999916077	-0.18944706233984
1.6160000562668	-0.19298707493507
1.6207000017166	-0.19731025402214
1.6253999471664	-0.20260854046027
1.6301000118256	-0.20891195132873
1.6347999572754	-0.21609106500517
1.6395000219345	-0.22388528113177
1.6441999673843	-0.23194960535796
1.6489000320435	-0.23992809736438
1.6535999774933	-0.24751803887298
1.6583000421524	-0.25452898421052
1.6629999876022	-0.26091797477494
1.6677000522614	-0.26678621424166
1.6723999977112	-0.27235792511670
1.6770999431610	-0.27793313477666
1.6818000078201	-0.28381537297161
1.6864999532700	-0.29026270130887
1.6912000179291	-0.29742439827486
1.6958999633789	-0.30531823199848
1.7006000280380	-0.31381978324643
1.7052999734879	-0.32269296689954
1.7100000381470	-0.33163192263503
1.7146999835968	-0.34031252349982
1.7194000482559	-0.34846017353128
1.7240999937057	-0.35589505355012
1.7288000583649	-0.36256141147098
1.7335000038147	-0.36852999108819
1.7381999492645	-0.37397663407566
1.7429000139236	-0.37914764067823
1.7475999593735	-0.38430086026961
1.7523000240326	-0.38964844374462
1.7569999694824	-0.39532195348041
1.7617000341415	-0.40133716639496
1.7663999795914	-0.40759409994463
1.7711000442505	-0.41389561904463
1.7757999897003	-0.41998872658397
1.7805000543594	-0.42560518658505
1.7851999998093	-0.43052211561874
1.7898999452591	-0.43460003016205
1.7946000099182	-0.43779933889363
1.7992999553680	-0.44020343832259
1.8040000200272	-0.44198015203337
1.8086999654770	-0.44335506362767
1.8134000301361	-0.44457207651911
1.8180999755859	-0.44583331945350
1.8228000402451	-0.44727180250248
1.8274999856949	-0.44891962251698
1.8322000503540	-0.45071263221306
1.8368999958038	-0.45250310357745
1.8415999412537	-0.45409483832755
1.8463000059128	-0.45527972140123
1.8509999513626	-0.45588606579949
1.8557000160217	-0.45580974732757
1.8603999614716	-0.45503969903643
1.8651000261307	-0.45365756928988
1.8697999715805	-0.45181769258540
1.8745000362396	-0.44972933420604
1.8791999816895	-0.44760255101740
1.8839000463486	-0.44561788897637
1.8885999917984	-0.44389441912732
1.8933000564575	-0.44246411040144
1.8980000019073	-0.44127691835760
1.9026999473572	-0.44021006333318
1.9074000120163	-0.43910181431748
1.9120999574661	-0.43777751106597
1.9168000221252	-0.43609639798158
1.9214999675751	-0.43397113914101
1.9262000322342	-0.43139236264330
1.9308999776840	-0.42843021021460
1.9356000423431	-0.42521372998217
1.9402999877930	-0.42191246771637
1.9450000524521	-0.41870042665977
1.9496999979019	-0.41572696923193
1.9543999433517	-0.41308544628396
1.9591000080109	-0.41080140472262
1.9637999534607	-0.40882565453353
1.9685000181198	-0.40705685518839
1.9731999635696	-0.40535630945127
1.9779000282288	-0.40357997786658
1.9825999736786	-0.40160648472131
1.9873000383377	-0.39936331317687
1.9919999837875	-0.39684305134772
1.9967000484467	-0.39409535310846
2.0013999938965	-0.39122769553909
2.0060999393463	-0.38837473831393
2.0107998847961	-0.38567502242125
2.0155000686646	-0.38324750664913
2.0202000141144	-0.38116391553026
2.0248999595642	-0.37944270201751
2.0295999050140	-0.37804687308026
2.0343000888824	-0.37688839183582
2.0390000343323	-0.37585926116263
2.0436999797821	-0.37484081879087
2.0483999252319	-0.37374049123593
2.0531001091003	-0.37250096859362
2.0578000545502	-0.37111435378688
2.0625000000000	-0.36962105645335
2.0671999454498	-0.36810447083614
2.0718998908997	-0.36666715711666
2.0766000747681	-0.36541666348350
2.0813000202179	-0.36444098212778
2.0859999656677	-0.36379743180159
2.0906999111176	-0.36349669581020
2.0954000949860	-0.36351081813876
2.1001000404358	-0.36377809651530
2.1047999858856	-0.36421898133997
2.1094999313354	-0.36475272084488
2.1142001152039	-0.36531354544278
2.1189000606537	-0.36586627505904
2.1236000061035	-0.36640775422515
2.1282999515533	-0.36697191390441
2.1329998970032	-0.36761668570745
2.1377000808716	-0.36841009520625
2.1424000263214	-0.36942556620146
2.1470999717712	-0.37071777249069
2.1517999172211	-0.37231940866551
2.1565001010895	-0.37424026904478
2.1612000465393	-0.37646485408361
2.1658999919891	-0.37896007869067
2.1705999374390	-0.38169075602062
2.1752998828888	-0.38462491873979
2.1800000667572	-0.38774103615619
2.1847000122070	-0.39103847001724
2.1893999576569	-0.39452837728260
2.1940999031067	-0.39823594488221
2.1988000869751	-0.40218574960142
2.2035000324249	-0.40640137539502
2.2081999778748	-0.41089780075127
2.2128999233246	-0.41567646766485
2.2176001071930	-0.42073687329517
2.2223000526428	-0.42607769922446
2.2269999980927	-0.43170879098870
2.2316999435425	-0.43766175077724
2.2363998889923	-0.44399397346712
2.2411000728607	-0.45078656597659
2.2458000183105	-0.45812929224717
2.2504999637604	-0.46610903993470
2.2551999092102	-0.47477528354774
2.2599000930786	-0.48411587162455
2.2646000385284	-0.49403209657166
2.2692999839783	-0.50432504885875
2.2739999294281	-0.51468915505284
2.2787001132965	-0.52473138615062
2.2834000587463	-0.53400686897183
2.2881000041962	-0.54206368022176
2.2927999496460	-0.54850664231078
2.2974998950958	-0.55305702182566
2.3022000789642	-0.55560281151490
2.3069000244141	-0.55624042892979
2.3115999698639	-0.55527530479194
2.3162999153137	-0.55321065426510
2.3210000991821	-0.55069101398721
2.3257000446320	-0.54844010971700
2.3303999900818	-0.54717724143705
2.3350999355316	-0.54753348749809
2.3397998809814	-0.54998709476109
2.3445000648499	-0.55481093613756
2.3492000102997	-0.56205251088764
2.3538999557495	-0.57153667314074
2.3585999011993	-0.58290833954308
2.3633000850677	-0.59568231107745
2.3680000305176	-0.60931878221353
2.3726999759674	-0.62329461437810
2.3773999214172	-0.63717174713728
2.3821001052856	-0.65064551427138
2.3868000507355	-0.66357189001915
2.3914999961853	-0.67596760675013
2.3961999416351	-0.68797819683671
2.4008998870850	-0.69983530764613
2.4056000709534	-0.71179660747149
2.4103000164032	-0.72408888816508
2.4149999618530	-0.73685837396056
2.4196999073029	-0.75014137261069
2.4244000911713	-0.76385528942396
2.4291000366211	-0.77780742291968
2.4337999820709	-0.79173191852331
2.4384999275208	-0.80532835758492
2.4432001113892	-0.81831132747429
2.4479000568390	-0.83044978167276
2.4526000022888	-0.84160116372858
2.4572999477386	-0.85171668178643
2.4619998931885	-0.86084270255921
2.4667000770569	-0.86909269743007
2.4714000225067	-0.87661394073336
2.4760999679565	-0.88355177538117
2.4807999134064	-0.89001487223864
2.4855000972748	-0.89604937359363
2.4902000427246	-0.90163523178699
2.4948999881744	-0.90669279240464
2.4995999336243	-0.91110320174758
2.5043001174927	-0.91473584540141
2.5090000629425	-0.91749453628459
2.5137000083923	-0.91933064387611
2.5183999538422	-0.92027479987134
2.5230998992920	-0.92043422261774
2.5278000831604	-0.91998335169914
2.5325000286102	-0.91914135952160
2.5371999740601	-0.91814004030535
2.5418999195099	-0.91718512917337
2.5466001033783	-0.91643162869155
2.5513000488281	-0.91596121097264
2.5559999942780	-0.91577568909469
2.5606999397278	-0.91580683235832
2.5653998851776	-0.91593592941152
2.5701000690460	-0.91602390719928
2.5748000144958	-0.91594091966457
2.5794999599457	-0.91559694495028
2.5841999053955	-0.91495932720800
2.5889000892639	-0.91406537985939
2.5936000347137	-0.91300304271807
2.5982999801636	-0.91190953893746
2.6029999256134	-0.91093138197373
2.6077001094818	-0.91020090237482
2.6124000549316	-0.90981159624143
2.6171000003815	-0.90979952587183
2.6217999458313	-0.91013654768907
2.6264998912811	-0.91073658531089
2.6312000751495	-0.91147512007553
2.6359000205994	-0.91221109555585
2.6405999660492	-0.91281610384890
2.6452999114990	-0.91319907876195
2.6500000953674	-0.91332370622895
2.6547000408173	-0.91321223579092
2.6593999862671	-0.91294206015774
2.6640999317169	-0.91262885066878
2.6688001155853	-0.91240183697170
2.6735000610352	-0.91237991702036
2.6782000064850	-0.91264571823057
2.6828999519348	-0.91322971898184
2.6875998973846	-0.91410685477960
2.6923000812531	-0.91519778957607
2.6970000267029	-0.91639078539045
2.7016999721527	-0.91755434728023
2.7063999176025	-0.91857118598941
2.7111001014709	-0.91935561172127
2.7158000469208	-0.91987317768316
2.7204999923706	-0.92014121132202
2.7251999378204	-0.92022915283608
2.7298998832703	-0.92024135813705
2.7346000671387	-0.92029429622154
2.7393000125885	-0.92049582668803
2.7439999580383	-0.92092066552476
2.7486999034882	-0.92159768404099
2.7534000873566	-0.92250041827965
2.7581000328064	-0.92355555802724
2.7627999782562	-0.92465615528773
2.7674999237061	-0.92567925819218
2.7722001075745	-0.92651361965411
2.7769000530243	-0.92707595995788
2.7815999984741	-0.92733032595788
2.7862999439240	-0.92729299215161
2.7909998893738	-0.92702153006158
2.7957000732422	-0.92661286114913
2.8004000186920	-0.92617417437790
2.8050999641418	-0.92580340042500
2.8097999095917	-0.92556981748157
2.8145000934601	-0.92549879506629
2.8192000389099	-0.92556556861359
2.8238999843597	-0.92570065813300
2.8285999298096	-0.92580222712497
2.8333001136780	-0.92575597161829
2.8380000591278	-0.92545488762410
2.8427000045776	-0.92482157436746
2.8473999500275	-0.92382179529158
2.8520998954773	-0.92246905144864
2.8568000793457	-0.92082297893324
2.8615000247955	-0.91897322361065
2.8661999702454	-0.91702284065174
2.8708999156952	-0.91506792237094
2.8756000995636	-0.91317856498071
2.8803000450134	-0.91138088685945
2.8849999904633	-0.90965759325767
2.8896999359131	-0.90794866048341
2.8943998813629	-0.90616246713419
2.8991000652313	-0.90419712162019
2.9038000106812	-0.90195649458375
2.9084999561310	-0.89937578540379
2.9131999015808	-0.89642736732195
2.9179000854492	-0.89313169198632
2.9226000308990	-0.88955326451132
2.9272999763489	-0.88578536997120
2.9319999217987	-0.88193563980079
2.9367001056671	-0.87810514885058
2.9414000511169	-0.87436830878527
2.9460999965668	-0.87076343465685
2.9507999420166	-0.86728497253258
2.9554998874664	-0.86388634757622
2.9602000713348	-0.86049077446258
2.9649000167847	-0.85701166416968
2.9695999622345	-0.85336953785905
2.9742999076843	-0.84951031604161
2.9790000915527	-0.84541672537564
2.9837000370026	-0.84111786641260
2.9883999824524	-0.83667894318325
2.9930999279022	-0.83219869239008
2.9978001117706	-0.82778766936958
3.0025000572205	-0.82354870305426
3.0072000026703	-0.81956195300372
3.0118999481201	-0.81587150960708
3.0165998935699	-0.81247849247744
3.0213000774384	-0.80934529531423
3.0260000228882	-0.80640631088524
3.0306999683380	-0.80358193679167
3.0353999137878	-0.80079882543592
3.0401000976562	-0.79800551771171
3.0448000431061	-0.79518566723578
3.0494999885559	-0.79236298454506
3.0541999340057	-0.78960261360737
3.0589001178741	-0.78699257440809
3.0636000633240	-0.78463871074469
3.0683000087738	-0.78263960756273
3.0729999542236	-0.78106915604956
3.0776998996735	-0.77997337327152
3.0824000835419	-0.77935098800937
3.0871000289917	-0.77916710621203
3.0917999744415	-0.77935473454630
3.0964999198914	-0.77983622701275
3.1012001037598	-0.78053374332072
3.1059000492096	-0.78139085237556
3.1105999946594	-0.78238405039762
3.1152999401093	-0.78352733941823
3.1199998855591	-0.78487329787963
3.1247000694275	-0.78650136556194
3.1294000148773	-0.78850574044729
3.1340999603271	-0.79097590951051
3.1387999057770	-0.79398318534274
3.1435000896454	-0.79756488402047
3.1482000350952	-0.80172221324012
3.1528999805450	-0.80641430701061
3.1575999259949	-0.81157268123480
3.1623001098633	-0.81711248230156
3.1670000553131	-0.82294857934068
3.1717000007629	-0.82901349583847
3.1763999462128	-0.83527165212907
3.1810998916626	-0.84172139984072
3.1858000755310	-0.84839949658093
3.1905000209808	-0.85537366542255
3.1951999664307	-0.86272342044392
3.1998999118805	-0.87052936113445
3.2046000957489	-0.87885403655870
3.2093000411987	-0.88772518170176
3.2139999866486	-0.89713765415298
3.2186999320984	-0.90704235953541
3.2234001159668	-0.91736009588306
3.2281000614166	-0.92799222778223
3.2328000068665	-0.93883992463060
3.2374999523163	-0.94981712403913
3.2421998977661	-0.96086694287860
3.2469000816345	-0.97196999390012
3.2516000270844	-0.98314626489154
3.2562999725342	-0.99444362280737
3.2609999179840	-1.0059302415505
3.2657001018524	-1.0176791167390
3.2704000473022	-1.0297438248144
3.2750999927521	-1.0421510906760
3.2797999382019	-1.0548906574700
3.2844998836517	-1.0679127940438
3.2892000675201	-1.0811357613754
3.2939000129700	-1.0944621119490
3.2985999584198	-1.1077885824503
3.3032999038696	-1.1210312023652
3.3080000877380	-1.1341373555579
3.3127000331879	-1.1470949050556
3.3173999786377	-1.1599405621588
3.3220999240875	-1.1727452444373
3.3268001079559	-1.1856094254008
3.3315000534058	-1.1986440596958
3.3361999988556	-1.2119532087686
3.3408999443054	-1.2256184251682
3.3455998897552	-1.2396908063856
3.3503000736237	-1.2541892609483
3.3550000190735	-1.2691047574655
3.3596999645233	-1.2844169710586
3.3643999099731	-1.3001067351762
3.3691000938416	-1.3161804789943
3.3738000392914	-1.3326840916028
3.3784999847412	-1.3497148384504
3.3831999301910	-1.3674268716607
3.3879001140594	-1.3860252310471
3.3926000595093	-1.4057563509208
3.3973000049591	-1.4268905406665
3.4019999504089	-1.4497030507537
3.4066998958588	-1.4744625000900
3.4114000797272	-1.5014147934979
3.4161000251770	-1.5307801132633
3.4207999706268	-1.5627574471915
3.4254999160767	-1.5975368755150
3.4302000999451	-1.6353115085062
3.4349000453949	-1.6762988514745
3.4395999908447	-1.7207495429519
3.4442999362946	-1.7689612123287
3.4489998817444	-1.8212709575191
3.4537000656128	-1.8780479294124
3.4584000110626	-1.9396682394794
3.4630999565125	-2.0064810545233
3.4677999019623	-2.0787608575936
3.4725000858307	-2.1566719774085
3.4772000312805	-2.2402158651259
3.4818999767303	-2.3291901898896
3.4865999221802	-2.4231573002044
3.4913001060486	-2.5214185313103
3.4960000514984	-2.6230082224393
3.5006999969482	-2.7266955372799
3.5053999423981	-2.8310133976750
3.5100998878479	-2.9342954346486
3.5148000717163	-3.0347341087762
3.5195000171661	-3.1304466399824
3.5241999626160	-3.2195624000782
3.5288999080658	-3.3003052179411
3.5336000919342	-3.3710818449570
3.5383000373840	-3.4305633283354
3.5429999828339	-3.4777567475177
3.5476999282837	-3.5120592408038
3.5524001121521	-3.5332886292038
3.5571000576019	-3.5416825342872
3.5618000030518	-3.5378831334574
3.5664999485016	-3.5228804483349
3.5711998939514	-3.4979439300571
3.5759000778198	-3.4645314056199
3.5806000232697	-3.4241990104458
3.5852999687195	-3.3785058429964
3.5899999141693	-3.3289300592148
3.5947000980377	-3.2768092009594
3.5994000434875	-3.2232881210423
3.6040999889374	-3.1693010952035
3.6087999343872	-3.1155728693194
3.6135001182556	-3.0626327866943
3.6182000637054	-3.0108494050472
3.6229000091553	-2.9604691842763
3.6275999546051	-2.9116627637585
3.6322999000549	-2.8645528429314
3.6370000839233	-2.8192533496197
3.6417000293732	-2.7758805632790
3.6463999748230	-2.7345596092424
3.6510999202728	-2.6954208410584
3.6558001041412	-2.6585868093181
3.6605000495911	-2.6241487906257
3.6651999950409	-2.5921610230073
3.6698999404907	-2.5626174472661
3.6745998859406	-2.5354601607415
3.6793000698090	-2.5105770494981
3.6840000152588	-2.4878138528170
3.6886999607086	-2.4670045186151
3.6933999061584	-2.4479817601001
3.6981000900269	-2.4306092148080
3.7028000354767	-2.4147923912355
3.7074999809265	-2.4004911916914
3.7121999263763	-2.3877154889934
3.7169001102448	-2.3765185564272
3.7216000556946	-2.3669795967680
3.7263000011444	-2.3591806182892
3.7309999465942	-2.3531867242934
3.7356998920441	-2.3490291213942
3.7404000759125	-2.3466970362078
3.7451000213623	-2.3461299365802
3.7497999668121	-2.3472370622144
3.7544999122620	-2.3499024114701
3.7592000961304	-2.3540163724031
3.7639000415802	-2.3594864746362
3.7685999870300	-2.3662631348709
3.7732999324799	-2.3743489397996
3.7780001163483	-2.3838011396098
3.7827000617981	-2.3947230286341
3.7874000072479	-2.4072526868090
3.7920999526978	-2.4215353746906
3.7967998981476	-2.4377088813434
3.8015000820160	-2.4558772374298
3.8062000274658	-2.4761025823830
3.8108999729156	-2.4983964999468
3.8155999183655	-2.5227287711115
3.8203001022339	-2.5490403707796
3.8250000476837	-2.5772620144242
3.8296999931335	-2.6073397388513
3.8343999385834	-2.6392560681344
3.8390998840332	-2.6730454509405
3.8438000679016	-2.7087999851894
3.8485000133514	-2.7466644832057
3.8531999588013	-2.7868270495543
3.8578999042511	-2.8294946618222
3.8626000881195	-2.8748722136802
3.8673000335693	-2.9231318215670
3.8719999790192	-2.9744025256670
3.8766999244690	-3.0287560891294
3.8814001083374	-3.0862116640540
3.8861000537872	-3.1467439774988
3.8907999992371	-3.2103052323427
3.8954999446869	-3.2768557532480
3.9001998901367	-3.3463833284206
3.9049000740051	-3.4189286001842
3.9096000194550	-3.4945991242447
3.9142999649048	-3.5735644224478
3.9189999103546	-3.6560508044343
3.9237000942230	-3.7423108855931
3.9284000396729	-3.8326025728575
3.9330999851227	-3.9271490721387
3.9377999305725	-4.0261138337995
3.9425001144409	-4.1295821057164
3.9472000598907	-4.2375548801158
3.9519000053406	-4.3499511082377
3.9565999507904	-4.4666372555229
3.9612998962402	-4.5874478919685
3.9660000801086	-4.7122230246530
3.9707000255585	-4.8408356554378
3.9753999710083	-4.9732111092551
3.9800999164581	-5.1093300351713
3.9848001003265	-5.2492154094522
3.9895000457764	-5.3928978109507
3.9941999912262	-5.5403653524701
3.9988999366760	-5.6915152013427
4.0036001205444	-5.8461041682044
4.0082998275757	-6.0037033023512
4.0130000114441	-6.1636872177559
4.0177001953125	-6.3252291392381
4.0223999023438	-6.4873380776538
4.0271000862122	-6.6489033415273
4.0317997932434	-6.8087624374041
4.0364999771118	-6.9657513181930
4.0412001609802	-7.1187621354227
4.0458998680115	-7.2667638593554
4.0506000518799	-7.4087950480301
4.0553002357483	-7.5439351472232
4.0599999427795	-7.6712557950232
4.0647001266479	-7.7897686852057
4.0693998336792	-7.8983957543253
4.0741000175476	-7.9959704655128
4.0788002014160	-8.0812817126918
4.0834999084473	-8.1531650667956
4.0882000923157	-8.2106190716827
4.0928997993469	-8.2529321597657
4.0975999832153	-8.2797876372192
4.1023001670837	-8.2913257280135
4.1069998741150	-8.2881381931504
4.1117000579834	-8.2712050585432
4.1163997650146	-8.2417792129306
4.1210999488831	-8.2012440370828
4.1258001327515	-8.1509818186981
4.1304998397827	-8.0922662049766
4.1352000236511	-8.0262038240374
4.1399002075195	-7.9537260666285
4.1445999145508	-7.8756224913813
4.1493000984192	-7.7926106223573
4.1539998054504	-7.7054033358425
4.1586999893188	-7.6147718834978
4.1634001731873	-7.5215779267398
4.1680998802185	-7.4267758926851
4.1728000640869	-7.3313734952202
4.1774997711182	-7.2363758014303
4.1821999549866	-7.1427061582379
4.1869001388550	-7.0511425758232
4.1915998458862	-6.9622644594865
4.1963000297546	-6.8764307315220
4.2010002136230	-6.7937804400600
4.2056999206543	-6.7142797217258
4.2104001045227	-6.6377711727606
4.2150998115540	-6.5640528045925
4.2197999954224	-6.4929408946014
4.2245001792908	-6.4243313838337
4.2291998863220	-6.3582273674117
4.2339000701904	-6.2947465291018
4.2385997772217	-6.2340958709725
4.2432999610901	-6.1765225218999
4.2480001449585	-6.1222593519505
4.2526998519897	-6.0714617463041
4.2574000358582	-6.0241616730052
4.2621002197266	-5.9802407544109
4.2667999267578	-5.9394290577154
4.2715001106262	-5.9013266112221
4.2761998176575	-5.8654572755479
4.2809000015259	-5.8313258308787
4.2856001853943	-5.7984774547176
4.2902998924255	-5.7665594153238
4.2950000762939	-5.7353482219644
4.2996997833252	-5.7047589092215
4.3043999671936	-5.6748244042561
4.3091001510620	-5.6456509178285
4.3137998580933	-5.6173590579638
4.3185000419617	-5.5900199938159
4.3232002258301	-5.5636068669890
4.3278999328613	-5.5379636746306
4.3326001167297	-5.5127963797280
4.3372998237610	-5.4876983432547
4.3420000076294	-5.4622017324621
4.3467001914978	-5.4358354736177
4.3513998985291	-5.4081912389090
4.3561000823975	-5.3789859871513
4.3607997894287	-5.3480907642556
4.3654999732971	-5.3155407526693
4.3702001571655	-5.2815107560444
4.3748998641968	-5.2462664029156
4.3796000480652	-5.2101036186667
4.3843002319336	-5.1732760177064
4.3889999389648	-5.1359500685637
4.3937001228333	-5.0981640073065
4.3983998298645	-5.0598315809075
4.4031000137329	-5.0207554900426
4.4078001976013	-4.9806850846127
4.4124999046326	-4.9393727489311
4.4172000885010	-4.8966359441792
4.4218997955322	-4.8524104394267
4.4265999794006	-4.8067809101345
4.4313001632690	-4.7599791464403
4.4359998703003	-4.7123585004727
4.4407000541687	-4.6643418337758
4.4454002380371	-4.6163580103357
4.4500999450684	-4.5687819633625
4.4548001289368	-4.5218781636752
4.4594998359680	-4.4757731933887
4.4642000198364	-4.4304541150224
4.4689002037048	-4.3857865290416
4.4735999107361	-4.3415633449991
4.4783000946045	-4.2975649005572
4.4829998016357	-4.2536159773769
4.4876999855042	-4.2096414371327
4.4924001693726	-4.1656934291987
4.4970998764038	-4.1219611547726
4.5018000602722	-4.0787483255331
4.5064997673035	-4.0364357626001
4.5111999511719	-3.9954205151604
4.5159001350403	-3.9560599027237
4.5205998420715	-3.9186262238145
4.5253000259399	-3.8832743322985
4.5300002098083	-3.8500325666254
4.5346999168396	-3.8188225498463
4.5394001007080	-3.7894971268190
4.5440998077393	-3.7618943162908
4.5487999916077	-3.7358963295411
4.5535001754761	-3.7114762171662
4.5581998825073	-3.6887429690267
4.5629000663757	-3.6679414624193
4.5675997734070	-3.6494468799023
4.5722999572754	-3.6337246185452
4.5770001411438	-3.6212767562190
4.5816998481750	-3.6125763221178
4.5864000320435	-3.6080159265854
4.5911002159119	-3.6078540251892
4.5957999229431	-3.6121916299531
4.6005001068115	-3.6209718159637
4.6051998138428	-3.6340008747623
4.6098999977112	-3.6509850374528
4.6146001815796	-3.6715940621819
4.6192998886108	-3.6955040150138
4.6240000724792	-3.7224602146560
4.6286997795105	-3.7522916867402
4.6333999633789	-3.7849293776200
4.6381001472473	-3.8203701736886
4.6427998542786	-3.8586435759881
4.6475000381470	-3.8997444904479
4.6522002220154	-3.9435697058159
4.6568999290466	-3.9898589650709
4.6616001129150	-4.0381666760499
4.6662998199463	-4.0878457806273
4.6710000038147	-4.1380869635361
4.6757001876831	-4.1879727303102
4.6803998947144	-4.2365681662282
4.6851000785828	-4.2830129208281
4.6897997856140	-4.3266136939642
4.6944999694824	-4.3669092810144
4.6992001533508	-4.4036972289869
4.7038998603821	-4.4370201938785
4.7086000442505	-4.4671109343091
4.7133002281189	-4.4943065692303
4.7179999351501	-4.5189600194906
4.7227001190186	-4.5413490083947
4.7273998260498	-4.5616280238927
4.7321000099182	-4.5797959635131
4.7368001937866	-4.5957301625300
4.7414999008179	-4.6092347978180
4.7462000846863	-4.6201351022583
4.7508997917175	-4.6283567811453
4.7555999755859	-4.6340083330404
4.7603001594543	-4.6374218300910
4.7649998664856	-4.6391588899638
4.7697000503540	-4.6399652000200
4.7744002342224	-4.6406962201483
4.7790999412537	-4.6422079081228
4.7838001251221	-4.6452600826704
4.7884998321533	-4.6504202458188
4.7932000160217	-4.6580060471120
4.7979001998901	-4.6680726107439
4.8025999069214	-4.6804282783368
4.8073000907898	-4.6947129657360
4.8119997978210	-4.7104880131593
4.8166999816895	-4.7273398342043
4.8214001655579	-4.7449866299286
4.8260998725891	-4.7633392364344
4.8308000564575	-4.7825332124919
4.8354997634888	-4.8029038839681
4.8401999473572	-4.8249151647270
4.8449001312256	-4.8490631323909
4.8495998382568	-4.8757615589954
4.8543000221252	-4.9052202566228
4.8590002059937	-4.9373815105184
4.8636999130249	-4.9718699260401
4.8684000968933	-5.0080155007732
4.8730998039246	-5.0449227718261
4.8777999877930	-5.0815863561770
4.8825001716614	-5.1170299626830
4.8871998786926	-5.1504532622751
4.8919000625610	-5.1813393766232
4.8965997695923	-5.2095270228907
4.9012999534607	-5.2352066299563
4.9060001373291	-5.2588601295524
4.9106998443604	-5.2811446358762
4.9154000282288	-5.3027484959853
4.9201002120972	-5.3242586766632
4.9247999191284	-5.3460430679676
4.9295001029968	-5.3681890449717
4.9341998100281	-5.3905021806843
4.9388999938965	-5.4125718213310
4.9436001777649	-5.4338820813316
4.9482998847961	-5.4539472752253
4.9530000686646	-5.4724598745836
4.9576997756958	-5.4894008407059
4.9623999595642	-5.5050939688325
4.9671001434326	-5.5201950618034
4.9717998504639	-5.5356179449850
4.9765000343323	-5.5524028491688
4.9812002182007	-5.5715490876148
4.9858999252319	-5.5938735901638
4.9906001091003	-5.6198608329183
4.9952998161316	-5.6496048786876
5.0000000000000	-5.6827902561717
#Parameters = {R_fat=48; R_glandular=38; R_skin_outer=50; T10=5; T15=7.5; T5=2.5; T_rad=4; T_x=10; T_y=0; T_z=75; Zc=65; skin_thickness=2; Mesh Pass=2}
#"Frequency / GHz"	"S1,1 (Mesh Pass=2) [Magnitude / dB]"
#-------------------------------------------------------
0.30000001192093	-8.4620335667920
0.30469998717308	-8.2817724665628
0.30939999222755	-8.2688860428712
0.31409999728203	-8.4309817989846
0.31880000233650	-8.7506159172875
0.32350000739098	-9.1793745302921
0.32820001244545	-9.6254256332551
0.33289998769760	-9.9510375400678
0.33759999275208	-10.015694036473
0.34229999780655	-9.7696865324128
0.34700000286102	-9.3047421973458
0.35170000791550	-8.7898938509376
0.35640001296997	-8.3778620367581
0.36109998822212	-8.1699888863406
0.36579999327660	-8.2292452949238
0.37049999833107	-8.6074234465351
0.37520000338554	-9.3745391828365
0.37990000844002	-10.658005604778
0.38460001349449	-12.724370276361
0.38929998874664	-16.239969556038
0.39399999380112	-23.642739798157
0.39869999885559	-25.519563868249
0.40340000391006	-15.962950095140
0.40810000896454	-11.341785156194
0.41280001401901	-8.4849694676581
0.41749998927116	-6.5982669552857
0.42219999432564	-5.3571295306117
0.42689999938011	-4.5825904454556
0.43160000443459	-4.1576091860926
0.43630000948906	-3.9996261793936
0.44100001454353	-4.0481173454983
0.44569998979568	-4.2555551987427
0.45039999485016	-4.5784867269780
0.45509999990463	-4.9683636120382
0.45980000495911	-5.3645063551038
0.46450001001358	-5.6953206131272
0.46919998526573	-5.8949700641203
0.47389999032021	-5.9317411515617
0.47859999537468	-5.8256652569962
0.48330000042915	-5.6362806374077
0.48800000548363	-5.4318806619838
0.49270001053810	-5.2654892012047
0.49739998579025	-5.1668956415289
0.50209999084473	-5.1446820705365
0.50679999589920	-5.1907396904393
0.51150000095367	-5.2840839773746
0.51620000600815	-5.3944538830936
0.52090001106262	-5.4876809443668
0.52560001611710	-5.5340176360502
0.53030002117157	-5.5174369987700
0.53500002622604	-5.4409308520962
0.53969997167587	-5.3240512071029
0.54439997673035	-5.1943213523901
0.54909998178482	-5.0778370212620
0.55379998683929	-4.9930379786176
0.55849999189377	-4.9482596871935
0.56319999694824	-4.9417782940495
0.56790000200272	-4.9631912409678
0.57260000705719	-4.9958644582870
0.57730001211166	-5.0206589332784
0.58200001716614	-5.0208219821793
0.58670002222061	-4.9867942306735
0.59140002727509	-4.9189242748174
0.59609997272491	-4.8266914897279
0.60079997777939	-4.7249585708548
0.60549998283386	-4.6291919557520
0.61019998788834	-4.5515209075782
0.61489999294281	-4.4984282751635
0.61959999799728	-4.4699789746436
0.62430000305176	-4.4602668611897
0.62900000810623	-4.4589185727275
0.63370001316071	-4.4535948996767
0.63840001821518	-4.4331841770290
0.64310002326965	-4.3908789167524
0.64780002832413	-4.3260159069066
0.65249997377396	-4.2439350399469
0.65719997882843	-4.1539965673923
0.66189998388290	-4.0667012436291
0.66659998893738	-3.9909498220946
0.67129999399185	-3.9320917787682
0.67599999904633	-3.8909841805177
0.68070000410080	-3.8640033806782
0.68540000915527	-3.8439922324090
0.69010001420975	-3.8220407381970
0.69480001926422	-3.7898185324075
0.69950002431870	-3.7418546025955
0.70420002937317	-3.6770308622290
0.70889997482300	-3.5987284488302
0.71359997987747	-3.5136426288352
0.71829998493195	-3.4297975167243
0.72299998998642	-3.3544163198564
0.72769999504089	-3.2922218463315
0.73240000009537	-3.2444270016734
0.73710000514984	-3.2085294507780
0.74180001020432	-3.1789489169186
0.74650001525879	-3.1484391905420
0.75120002031326	-3.1100003795858
0.75590002536774	-3.0588345908532
0.76059997081757	-2.9936839186550
0.76529997587204	-2.9171312480173
0.76999998092651	-2.8347676715434
0.77469998598099	-2.7535895112730
0.77939999103546	-2.6801414468856
0.78409999608994	-2.6189048187858
0.78880000114441	-2.5712220083261
0.79350000619888	-2.5349789273464
0.79820001125336	-2.5051213714086
0.80290001630783	-2.4749194515741
0.80760002136230	-2.4377958968195
0.81230002641678	-2.3891942874121
0.81699997186661	-2.3279184053708
0.82169997692108	-2.2564855764654
0.82639998197556	-2.1804205501636
0.83109998703003	-2.1067061555896
0.83579999208450	-2.0419515694989
0.84049999713898	-1.9907044288776
0.84520000219345	-1.9542970335436
0.84990000724792	-1.9304712065397
0.85460001230240	-1.9139164070328
0.85930001735687	-1.8976234233540
0.86400002241135	-1.8748404285059
0.86870002746582	-1.8410499084773
0.87339997291565	-1.7953978838396
0.87809997797012	-1.7410598844367
0.88279998302460	-1.6844194653042
0.88749998807907	-1.6333690802315
0.89219999313354	-1.5952415357309
0.89689999818802	-1.5749221687974
0.90160000324249	-1.5735826774923
0.90630000829697	-1.5883395000779
0.91100001335144	-1.6129654058816
0.91570001840591	-1.6395657970252
0.92040002346039	-1.6608946713918
0.92510002851486	-1.6726892370013
0.92979997396469	-1.6752683114628
0.93449997901917	-1.6738587649585
0.93919998407364	-1.6774917281416
0.94389998912811	-1.6968525997364
0.94859999418259	-1.7417181865272
0.95329999923706	-1.8187296340749
0.95800000429153	-1.9299805399407
0.96270000934601	-2.0728218633937
0.96740001440048	-2.2409416949574
0.97210001945496	-2.4266695931772
0.97680002450943	-2.6240932758913
0.98150002956390	-2.8322886240130
0.98619997501373	-3.0577237082553
0.99089998006821	-3.3149943333128
0.99559998512268	-3.6257020791237
1.0003000497818	-4.0159605516704
1.0049999952316	-4.5136581535451
1.0096999406815	-5.1465187799598
1.0144000053406	-5.9415056990240
1.0190999507904	-6.9252164705935
1.0238000154495	-8.1233433647081
1.0284999608994	-9.5532766153684
1.0332000255585	-11.191512178791
1.0378999710083	-12.867249793399
1.0426000356674	-14.052460347910
1.0472999811172	-13.994649543042
1.0520000457764	-12.716216031115
1.0566999912262	-10.978613879397
1.0614000558853	-9.2951200276036
1.0661000013351	-7.8286504192932
1.0707999467850	-6.6002510859908
1.0755000114441	-5.5912757954622
1.0801999568939	-4.7743980757661
1.0849000215530	-4.1209475431913
1.0895999670029	-3.6020109846143
1.0943000316620	-3.1888418697286
1.0989999771118	-2.8540234428787
1.1037000417709	-2.5733730979535
1.1083999872208	-2.3279772490801
1.1131000518799	-2.1055226865589
1.1177999973297	-1.9003671234379
1.1224999427795	-1.7122813040449
1.1272000074387	-1.5442609715897
1.1318999528885	-1.4000734037708
1.1366000175476	-1.2821981603990
1.1412999629974	-1.1905424708164
1.1460000276566	-1.1221082749609
1.1506999731064	-1.0715135626985
1.1554000377655	-1.0321283732833
1.1600999832153	-0.99751817526478
1.1648000478745	-0.96276125684210
1.1694999933243	-0.92534889342170
1.1742000579834	-0.88539296012090
1.1789000034332	-0.84513404248178
1.1835999488831	-0.80795781416509
1.1883000135422	-0.77721336193180
1.1929999589920	-0.75521347394244
1.1977000236511	-0.74260204340729
1.2023999691010	-0.73827789923621
1.2071000337601	-0.73973236544005
1.2117999792099	-0.74377761517310
1.2165000438690	-0.74736458115719
1.2211999893188	-0.74833350139586
1.2259000539780	-0.74589030437226
1.2305999994278	-0.74066077946253
1.2352999448776	-0.73438396865380
1.2400000095367	-0.72932015244574
1.2446999549866	-0.72756502687021
1.2494000196457	-0.73048143892981
1.2540999650955	-0.73838688076310
1.2588000297546	-0.75052012455324
1.2634999752045	-0.76532346707033
1.2682000398636	-0.78088520758652
1.2728999853134	-0.79545960729342
1.2776000499725	-0.80791345949288
1.2822999954224	-0.81797821004332
1.2869999408722	-0.82625500332793
1.2917000055313	-0.83399712568193
1.2963999509811	-0.84271151861911
1.3011000156403	-0.85374441024243
1.3057999610901	-0.86792863703843
1.3105000257492	-0.88540647622205
1.3151999711990	-0.90563100628825
1.3199000358582	-0.92756709352266
1.3245999813080	-0.94998303162150
1.3293000459671	-0.97180171161363
1.3339999914169	-0.99236335605733
1.3387000560760	-1.0115917683300
1.3434000015259	-1.0299830867260
1.3480999469757	-1.0484378915400
1.3528000116348	-1.0680128830418
1.3574999570847	-1.0896356574739
1.3622000217438	-1.1138780552997
1.3668999671936	-1.1408444885231
1.3716000318527	-1.1701762688226
1.3762999773026	-1.2011827491312
1.3810000419617	-1.2330525582649
1.3856999874115	-1.2650764082474
1.3904000520706	-1.2968413909015
1.3950999975204	-1.3283368968697
1.3997999429703	-1.3599466142486
1.4045000076294	-1.3923496767544
1.4091999530792	-1.4263379184892
1.4139000177383	-1.4626249001822
1.4185999631882	-1.5016850475973
1.4233000278473	-1.5436624147471
1.4279999732971	-1.5883657763104
1.4327000379562	-1.6353578908432
1.4373999834061	-1.6840905069267
1.4421000480652	-1.7340697802514
1.4467999935150	-1.7850077413713
1.4515000581741	-1.8369026913542
1.4562000036240	-1.8900543682528
1.4608999490738	-1.9450048127510
1.4656000137329	-2.0024092835032
1.4702999591827	-2.0629033321630
1.4750000238419	-2.1269572488159
1.4796999692917	-2.1948018356345
1.4844000339508	-2.2663988751987
1.4890999794006	-2.3414889373654
1.4938000440598	-2.4196867620153
1.4984999895096	-2.5006139571778
1.5032000541687	-2.5840181817970
1.5078999996185	-2.6698697363831
1.5125999450684	-2.7583959669516
1.5173000097275	-2.8500559057697
1.5219999551773	-2.9454522281719
1.5267000198364	-3.0452166288778
1.5313999652863	-3.1498795398618
1.5361000299454	-3.2597790149119
1.5407999753952	-3.3750067780760
1.5455000400543	-3.4954194875758
1.5501999855042	-3.6207088378199
1.5549000501633	-3.7505085948196
1.5595999956131	-3.8845239391723
1.5642999410629	-4.0226449883958
1.5690000057220	-4.1650093678051
1.5736999511719	-4.3120164012693
1.5784000158310	-4.4642588930756
1.5830999612808	-4.6224183254078
1.5878000259399	-4.7871290216957
1.5924999713898	-4.9588507088471
1.5972000360489	-5.1377845397003
1.6018999814987	-5.3238521387651
1.6066000461578	-5.5167404763246
1.6112999916077	-5.7160169275584
1.6160000562668	-5.9212821964162
1.6207000017166	-6.1323131031843
1.6253999471664	-6.3491815229196
1.6301000118256	-6.5722891245005
1.6347999572754	-6.8023280383917
1.6395000219345	-7.0401548589775
1.6441999673843	-7.2866218502221
1.6489000320435	-7.5424011901689
1.6535999774933	-7.8078526383476
1.6583000421524	-8.0829659198788
1.6629999876022	-8.3674050116580
1.6677000522614	-8.6606567423016
1.6723999977112	-8.9622249043323
1.6770999431610	-9.2718634522175
1.6818000078201	-9.5897537992289
1.6864999532700	-9.9165855153821
1.6912000179291	-10.253507460768
1.6958999633789	-10.601961387047
1.7006000280380	-10.963438730949
1.7052999734879	-11.339193603592
1.7100000381470	-11.730049578757
1.7146999835968	-12.136279928689
1.7194000482559	-12.557683756548
1.7240999937057	-12.993798257300
1.7288000583649	-13.444239767348
1.7335000038147	-13.909084820211
1.7381999492645	-14.389200543404
1.7429000139236	-14.886372756764
1.7475999593735	-15.403280117279
1.7523000240326	-15.943154088450
1.7569999694824	-16.509317547011
1.7617000341415	-17.104639319906
1.7663999795914	-17.731002818486
1.7711000442505	-18.388986861861
1.7757999897003	-19.077730955800
1.7805000543594	-19.795073686519
1.7851999998093	-20.537863834819
1.7898999452591	-21.302205318788
1.7946000099182	-22.083265875038
1.7992999553680	-22.874143007565
1.8040000200272	-23.663261913759
1.8086999654770	-24.430127836987
1.8134000301361	-25.140345254892
1.8180999755859	-25.742830323884
1.8228000402451	-26.174955060554
1.8274999856949	-26.380718178795
1.8322000503540	-26.336076029137
1.8368999958038	-26.062834012938
1.8415999412537	-25.617634470032
1.8463000059128	-25.066475245415
1.8509999513626	-24.464530695914
1.8557000160217	-23.849003431518
1.8603999614716	-23.241022337856
1.8651000261307	-22.650714516164
1.8697999715805	-22.082104261568
1.8745000362396	-21.536602586963
1.8791999816895	-21.015042383278
1.8839000463486	-20.518520345980
1.8885999917984	-20.048378064855
1.8933000564575	-19.605845790332
1.8980000019073	-19.191510974058
1.9026999473572	-18.804992197469
1.9074000120163	-18.444821831768
1.9120999574661	-18.108605620612
1.9168000221252	-17.793366885994
1.9214999675751	-17.496021451322
1.9262000322342	-17.213847720547
1.9308999776840	-16.944843750566
1.9356000423431	-16.687887855252
1.9402999877930	-16.442687953473
1.9450000524521	-16.209541411843
1.9496999979019	-15.988981029581
1.9543999433517	-15.781419518532
1.9591000080109	-15.586872749196
1.9637999534607	-15.404822510432
1.9685000181198	-15.234232405550
1.9731999635696	-15.073714246633
1.9779000282288	-14.921779701381
1.9825999736786	-14.777112858850
1.9873000383377	-14.638793515938
1.9919999837875	-14.506421342615
1.9967000484467	-14.380100733533
2.0013999938965	-14.260306847240
2.0060999393463	-14.147667740085
2.0107998847961	-14.042734419317
2.0155000686646	-13.945783098441
2.0202000141144	-13.856703515258
2.0248999595642	-13.775000631083
2.0295999050140	-13.699890869700
2.0343000888824	-13.630473402433
2.0390000343323	-13.565928211948
2.0436999797821	-13.505691066359
2.0483999252319	-13.449556903215
2.0531001091003	-13.397695784831
2.0578000545502	-13.350568228244
2.0625000000000	-13.308778543498
2.0671999454498	-13.272894329360
2.0718998908997	-13.243287865082
2.0766000747681	-13.220029759640
2.0813000202179	-13.202872094230
2.0859999656677	-13.191293467308
2.0906999111176	-13.184637136777
2.0954000949860	-13.182261513368
2.1001000404358	-13.183693627599
2.1047999858856	-13.188739955628
2.1094999313354	-13.197523940022
2.1142001152039	-13.210434801358
2.1189000606537	-13.228029987019
2.1236000061035	-13.250873362121
2.1282999515533	-13.279390896015
2.1329998970032	-13.313757181653
2.1377000808716	-13.353839329553
2.1424000263214	-13.399224372788
2.1470999717712	-13.449305280516
2.1517999172211	-13.503410455438
2.1565001010895	-13.560969991969
2.1612000465393	-13.621617877708
2.1658999919891	-13.685277118828
2.1705999374390	-13.752147164979
2.1752998828888	-13.822628767239
2.1800000667572	-13.897192939414
2.1847000122070	-13.976229271248
2.1893999576569	-14.059914760960
2.1940999031067	-14.148120957678
2.1988000869751	-14.240397169604
2.2035000324249	-14.336020795921
2.2081999778748	-14.434109099550
2.2128999233246	-14.533786145291
2.2176001071930	-14.634301773577
2.2223000526428	-14.735160743077
2.2269999980927	-14.836163926177
2.2316999435425	-14.937363619269
2.2363998889923	-15.038965192863
2.2411000728607	-15.141188002861
2.2458000183105	-15.244099712647
2.2504999637604	-15.347497444324
2.2551999092102	-15.450855008071
2.2599000930786	-15.553321257277
2.2646000385284	-15.653827685121
2.2692999839783	-15.751218934632
2.2739999294281	-15.844439290438
2.2787001132965	-15.932668469163
2.2834000587463	-16.015442471175
2.2881000041962	-16.092650659464
2.2927999496460	-16.164486075992
2.2974998950958	-16.231319602901
2.3022000789642	-16.293539788049
2.3069000244141	-16.351398356582
2.3115999698639	-16.404891748067
2.3162999153137	-16.453740294953
2.3210000991821	-16.497417776686
2.3257000446320	-16.535279477227
2.3303999900818	-16.566718573005
2.3350999355316	-16.591333104187
2.3397998809814	-16.609051514826
2.3445000648499	-16.620208397689
2.3492000102997	-16.625507137098
2.3538999557495	-16.625918930496
2.3585999011993	-16.622522961445
2.3633000850677	-16.616328775830
2.3680000305176	-16.608119758426
2.3726999759674	-16.598363796969
2.3773999214172	-16.587187299244
2.3821001052856	-16.574468920781
2.3868000507355	-16.559944437381
2.3914999961853	-16.543397930069
2.3961999416351	-16.524786159911
2.4008998870850	-16.504375644177
2.4056000709534	-16.482741706756
2.4103000164032	-16.460742247921
2.4149999618530	-16.439377628024
2.4196999073029	-16.419624306584
2.4244000911713	-16.402307235145
2.4291000366211	-16.387945698654
2.4337999820709	-16.376721798404
2.4384999275208	-16.368505201807
2.4432001113892	-16.362951209034
2.4479000568390	-16.359663933307
2.4526000022888	-16.358329613520
2.4572999477386	-16.358860679998
2.4619998931885	-16.361477962572
2.4667000770569	-16.366668111017
2.4714000225067	-16.375150848715
2.4760999679565	-16.387691764822
2.4807999134064	-16.405000279661
2.4855000972748	-16.427552471002
2.4902000427246	-16.455536416439
2.4948999881744	-16.488843132512
2.4995999336243	-16.527119249059
2.5043001174927	-16.569886452848
2.5090000629425	-16.616708561943
2.5137000083923	-16.667318574602
2.5183999538422	-16.721709764245
2.5230998992920	-16.780181593112
2.5278000831604	-16.843287400308
2.5325000286102	-16.911718321413
2.5371999740601	-16.986163484259
2.5418999195099	-17.067159463770
2.5466001033783	-17.154990245375
2.5513000488281	-17.249632277381
2.5559999942780	-17.350778336602
2.5606999397278	-17.457939761118
2.5653998851776	-17.570570943537
2.5701000690460	-17.688232477031
2.5748000144958	-17.810700988128
2.5794999599457	-17.938057058411
2.5841999053955	-18.070668307283
2.5889000892639	-18.209094866267
2.5936000347137	-18.353967000053
2.5982999801636	-18.505821530660
2.6029999256134	-18.664938032170
2.6077001094818	-18.831262536619
2.6124000549316	-19.004358897385
2.6171000003815	-19.183457823197
2.6217999458313	-19.367574482342
2.6264998912811	-19.555648290995
2.6312000751495	-19.746694431771
2.6359000205994	-19.939907083659
2.6405999660492	-20.134704558272
2.6452999114990	-20.330670693114
2.6500000953674	-20.527440370699
2.6547000408173	-20.724514866390
2.6593999862671	-20.921064030745
2.6640999317169	-21.115775930376
2.6688001155853	-21.306755113621
2.6735000610352	-21.491512842860
2.6782000064850	-21.667067696850
2.6828999519348	-21.830120445665
2.6875998973846	-21.977282678354
2.6923000812531	-22.105332054163
2.6970000267029	-22.211430504447
2.7016999721527	-22.293304742633
2.7063999176025	-22.349281918728
2.7111001014709	-22.378340363536
2.7158000469208	-22.379981587036
2.7204999923706	-22.354166059361
2.7251999378204	-22.301189339095
2.7298998832703	-22.221607647167
2.7346000671387	-22.116158264899
2.7393000125885	-21.985826582449
2.7439999580383	-21.831863846978
2.7486999034882	-21.655871146610
2.7534000873566	-21.459832506500
2.7581000328064	-21.246152386918
2.7627999782562	-21.017577940107
2.7674999237061	-20.777091970259
2.7722001075745	-20.527705094258
2.7769000530243	-20.272245859568
2.7815999984741	-20.013166580405
2.7862999439240	-19.752420725230
2.7909998893738	-19.491381526377
2.7957000732422	-19.230878185590
2.8004000186920	-18.971344289378
2.8050999641418	-18.712939930621
2.8097999095917	-18.455781867073
2.8145000934601	-18.200092110366
2.8192000389099	-17.946281541455
2.8238999843597	-17.694996177295
2.8285999298096	-17.447021372041
2.8333001136780	-17.203188270731
2.8380000591278	-16.964203770938
2.8427000045776	-16.730542257088
2.8473999500275	-16.502366615593
2.8520998954773	-16.279511249789
2.8568000793457	-16.061571964525
2.8615000247955	-15.847999541747
2.8661999702454	-15.638272954904
2.8708999156952	-15.431999587631
2.8756000995636	-15.229032368469
2.8803000450134	-15.029466034612
2.8849999904633	-14.833603241660
2.8896999359131	-14.641849232959
2.8943998813629	-14.454577265032
2.8991000652313	-14.272027454656
2.9038000106812	-14.094225531849
2.9084999561310	-13.920959447046
2.9131999015808	-13.751833599554
2.9179000854492	-13.586348507191
2.9226000308990	-13.424031775438
2.9272999763489	-13.264532484368
2.9319999217987	-13.107699725015
2.9367001056671	-12.953594908824
2.9414000511169	-12.802459787338
2.9460999965668	-12.654612129691
2.9507999420166	-12.510363939845
2.9554998874664	-12.369906444694
2.9602000713348	-12.233251463747
2.9649000167847	-12.100221046991
2.9695999622345	-11.970481128677
2.9742999076843	-11.843630820304
2.9790000915527	-11.719293147618
2.9837000370026	-11.597200030672
2.9883999824524	-11.477263316973
2.9930999279022	-11.359570902363
2.9978001117706	-11.244348148000
3.0025000572205	-11.131887760606
3.0072000026703	-11.022457470412
3.0118999481201	-10.916209160970
3.0165998935699	-10.813143862745
3.0213000774384	-10.713091771234
3.0260000228882	-10.615760581426
3.0306999683380	-10.520812408151
3.0353999137878	-10.427942378880
3.0401000976562	-10.336945939184
3.0448000431061	-10.247786220932
3.0494999885559	-10.160573389181
3.0541999340057	-10.075524007842
3.0589001178741	-9.9929057447015
3.0636000633240	-9.9129418721585
3.0683000087738	-9.8357491457717
3.0729999542236	-9.7612958832810
3.0776998996735	-9.6894110604011
3.0824000835419	-9.6198211140230
3.0871000289917	-9.5522273285556
3.0917999744415	-9.4863758641894
3.0964999198914	-9.4221195495872
3.1012001037598	-9.3594490892006
3.1059000492096	-9.2984929918574
3.1105999946594	-9.2394683326960
3.1152999401093	-9.1826097716287
3.1199998855591	-9.1280998940272
3.1247000694275	-9.0760135656283
3.1294000148773	-9.0262917848641
3.1340999603271	-8.9787489104030
3.1387999057770	-8.9331297473903
3.1435000896454	-8.8891613203071
3.1482000350952	-8.8466294063662
3.1528999805450	-8.8054363867534
3.1575999259949	-8.7656041373470
3.1623001098633	-8.7272768403323
3.1670000553131	-8.6906593453641
3.1717000007629	-8.6559556155284
3.1763999462128	-8.6233062087372
3.1810998916626	-8.5927357584869
3.1858000755310	-8.5641398395595
3.1905000209808	-8.5373133137179
3.1951999664307	-8.5119900728600
3.1998999118805	-8.4879121782284
3.2046000957489	-8.4648995652150
3.2093000411987	-8.4428764026255
3.2139999866486	-8.4218909880146
3.2186999320984	-8.4020850649660
3.2234001159668	-8.3836411306429
3.2281000614166	-8.3667231584628
3.2328000068665	-8.3514029073597
3.2374999523163	-8.3376355777255
3.2421998977661	-8.3252498588831
3.2469000816345	-8.3139815757844
3.2516000270844	-8.3035233853933
3.2562999725342	-8.2936022483758
3.2609999179840	-8.2840179412008
3.2657001018524	-8.2746893168863
3.2704000473022	-8.2656426586308
3.2750999927521	-8.2569767485898
3.2797999382019	-8.2488041333234
3.2844998836517	-8.2411861029928
3.2892000675201	-8.2340720292785
3.2939000129700	-8.2272814516368
3.2985999584198	-8.2205096497190
3.3032999038696	-8.2133707604270
3.3080000877380	-8.2054561266563
3.3127000331879	-8.1964066610989
3.3173999786377	-8.1859516669596
3.3220999240875	-8.1739405516820
3.3268001079559	-8.1603112263542
3.3315000534058	-8.1450606197545
3.3361999988556	-8.1281627903263
3.3408999443054	-8.1095169840305
3.3455998897552	-8.0888982275837
3.3503000736237	-8.0659606242697
3.3550000190735	-8.0402553103910
3.3596999645233	-8.0112927867221
3.3643999099731	-7.9786170984688
3.3691000938416	-7.9418616441027
3.3738000392914	-7.9007980881916
3.3784999847412	-7.8553288834448
3.3831999301910	-7.8054677537882
3.3879001140594	-7.7512694696140
3.3926000595093	-7.6927813034448
3.3973000049591	-7.6299754295384
3.4019999504089	-7.5627543635156
3.4066998958588	-7.4909514448277
3.4114000797272	-7.4143748908799
3.4161000251770	-7.3328903414357
3.4207999706268	-7.2464760419588
3.4254999160767	-7.1552616076404
3.4302000999451	-7.0595395171309
3.4349000453949	-6.9597441526464
3.4395999908447	-6.8563912334768
3.4442999362946	-6.7500132686331
3.4489998817444	-6.6411020239001
3.4537000656128	-6.5300784774504
3.4584000110626	-6.4172773569387
3.4630999565125	-6.3029811365411
3.4677999019623	-6.1874650856303
3.4725000858307	-6.0710443301617
3.4772000312805	-5.9541096198680
3.4818999767303	-5.8371397858824
3.4865999221802	-5.7206955071229
3.4913001060486	-5.6053698058256
3.4960000514984	-5.4917387785666
3.5006999969482	-5.3803096789390
3.5053999423981	-5.2714846682550
3.5100998878479	-5.1655474967634
3.5148000717163	-5.0626729201078
3.5195000171661	-4.9629633741730
3.5241999626160	-4.8664893944077
3.5288999080658	-4.7733324553022
3.5336000919342	-4.6836159362288
3.5383000373840	-4.5975066147443
3.5429999828339	-4.5152119810431
3.5476999282837	-4.4369360047368
3.5524001121521	-4.3628542557516
3.5571000576019	-4.2930690362317
3.5618000030518	-4.2275945594254
3.5664999485016	-4.1663620750120
3.5711998939514	-4.1092187893124
3.5759000778198	-4.0559780925552
3.5806000232697	-4.0064486776705
3.5852999687195	-3.9604774118873
3.5899999141693	-3.9179625768674
3.5947000980377	-3.8788623001329
3.5994000434875	-3.8431793076729
3.6040999889374	-3.8109382867185
3.6087999343872	-3.7821448853685
3.6135001182556	-3.7567592894487
3.6182000637054	-3.7346822675900
3.6229000091553	-3.7157466243854
3.6275999546051	-3.6997450115809
3.6322999000549	-3.6864552396215
3.6370000839233	-3.6756668147117
3.6417000293732	-3.6672203363053
3.6463999748230	-3.6610211229050
3.6510999202728	-3.6570371046133
3.6558001041412	-3.6552847086556
3.6605000495911	-3.6558003457893
3.6651999950409	-3.6586071272202
3.6698999404907	-3.6636898578157
3.6745998859406	-3.6709732414907
3.6793000698090	-3.6803298685765
3.6840000152588	-3.6915922420879
3.6886999607086	-3.7045850735106
3.6933999061584	-3.7191541972080
3.6981000900269	-3.7351964323096
3.7028000354767	-3.7526705717102
3.7074999809265	-3.7715988874691
3.7121999263763	-3.7920512573231
3.7169001102448	-3.8141061339265
3.7216000556946	-3.8378274773125
3.7263000011444	-3.8632348668756
3.7309999465942	-3.8902854272389
3.7356998920441	-3.9188857527732
3.7404000759125	-3.9488987991324
3.7451000213623	-3.9801874963982
3.7497999668121	-4.0126364686812
3.7544999122620	-4.0461835703585
3.7592000961304	-4.0808335081847
3.7639000415802	-4.1166483455988
3.7685999870300	-4.1537317225788
3.7732999324799	-4.1921938682840
3.7780001163483	-4.2321162389929
3.7827000617981	-4.2735287765993
3.7874000072479	-4.3163950714366
3.7920999526978	-4.3606172514833
3.7967998981476	-4.4060642102799
3.8015000820160	-4.4525974938475
3.8062000274658	-4.5001109457149
3.8108999729156	-4.5485556681861
3.8155999183655	-4.5979531093305
3.8203001022339	-4.6483806103848
3.8250000476837	-4.6999518964153
3.8296999931335	-4.7527764706268
3.8343999385834	-4.8069242632379
3.8390998840332	-4.8623986703559
3.8438000679016	-4.9191251129110
3.8485000133514	-4.9769649417333
3.8531999588013	-5.0357368548764
3.8578999042511	-5.0952628818285
3.8626000881195	-5.1554052263922
3.8673000335693	-5.2160911351956
3.8719999790192	-5.2773204096171
3.8766999244690	-5.3391541410614
3.8814001083374	-5.4016790675334
3.8861000537872	-5.4649659108483
3.8907999992371	-5.5290245719633
3.8954999446869	-5.5937854095901
3.9001998901367	-5.6590811588111
3.9049000740051	-5.7246761277678
3.9096000194550	-5.7902966346264
3.9142999649048	-5.8556834423628
3.9189999103546	-5.9206344518832
3.9237000942230	-5.9850296165660
3.9284000396729	-6.0488370201904
3.9330999851227	-6.1120887207193
3.9377999305725	-6.1748364759834
3.9425001144409	-6.2371046467296
3.9472000598907	-6.2988433127480
3.9519000053406	-6.3599077053187
3.9565999507904	-6.4200600399284
3.9612998962402	-6.4790041293419
3.9660000801086	-6.5364356056017
3.9707000255585	-6.5920983908435
3.9753999710083	-6.6458346174895
3.9800999164581	-6.6976008256851
3.9848001003265	-6.7474629511419
3.9895000457764	-6.7955564840910
3.9941999912262	-6.8420303288299
3.9988999366760	-6.8869894126825
4.0036001205444	-6.9304552691424
4.0082998275757	-6.9723500490039
4.0130000114441	-7.0125168358280
4.0177001953125	-7.0507726117740
4.0223999023438	-7.0869621963880
4.0271000862122	-7.1210246861023
4.0317997932434	-7.1530242055822
4.0364999771118	-7.1831574385282
4.0412001609802	-7.2117201915439
4.0458998680115	-7.2390517233163
4.0506000518799	-7.2654654771709
4.0553002357483	-7.2911908761903
4.0599999427795	-7.3163413098164
4.0647001266479	-7.3409169021611
4.0693998336792	-7.3648388070165
4.0741000175476	-7.3880135585120
4.0788002014160	-7.4103975271443
4.0834999084473	-7.4320518541389
4.0882000923157	-7.4531666522033
4.0928997993469	-7.4740468102819
4.0975999832153	-7.4950650305229
4.1023001670837	-7.5165941652914
4.1069998741150	-7.5389395056583
4.1117000579834	-7.5622839227947
4.1163997650146	-7.5866706944255
4.1210999488831	-7.6120209898644
4.1258001327515	-7.6381857674825
4.1304998397827	-7.6650162654588
4.1352000236511	-7.6924329129113
4.1399002075195	-7.7204747162265
4.1445999145508	-7.7493124546903
4.1493000984192	-7.7792218763571
4.1539998054504	-7.8105309995089
4.1586999893188	-7.8435397686027
4.1634001731873	-7.8784549973926
4.1680998802185	-7.9153433001715
4.1728000640869	-7.9541224904273
4.1774997711182	-7.9945921557384
4.1821999549866	-8.0364992695909
4.1869001388550	-8.0796120802611
4.1915998458862	-8.1237926150879
4.1963000297546	-8.1690408150321
4.2010002136230	-8.2154955802754
4.2056999206543	-8.2633976750534
4.2104001045227	-8.3130151935294
4.2150998115540	-8.3645654809901
4.2197999954224	-8.4181381452209
4.2245001792908	-8.4736551003425
4.2291998863220	-8.5308724585551
4.2339000701904	-8.5894221623172
4.2385997772217	-8.6488960037722
4.2432999610901	-8.7089241290787
4.2480001449585	-8.7692580411492
4.2526998519897	-8.8298020667982
4.2574000358582	-8.8906020432794
4.2621002197266	-8.9517922617104
4.2667999267578	-9.0134995392374
4.2715001106262	-9.0757491628019
4.2761998176575	-9.1383933616256
4.2809000015259	-9.2010743919761
4.2856001853943	-9.2632494275641
4.2902998924255	-9.3242654387505
4.2950000762939	-9.3834664263091
4.2996997833252	-9.4403075566055
4.3043999671936	-9.4944378511064
4.3091001510620	-9.5457435720030
4.3137998580933	-9.5943198504743
4.3185000419617	-9.6404045031756
4.3232002258301	-9.6842728981386
4.3278999328613	-9.7261431291773
4.3326001167297	-9.7661199634136
4.3372998237610	-9.8041838003459
4.3420000076294	-9.8402500414156
4.3467001914978	-9.8742622426441
4.3513998985291	-9.9063084711851
4.3561000823975	-9.9367160149405
4.3607997894287	-9.9660926218488
4.3654999732971	-9.9953114441192
4.3702001571655	-10.025418579695
4.3748998641968	-10.057510254596
4.3796000480652	-10.092586304340
4.3843002319336	-10.131428471501
4.3889999389648	-10.174536076192
4.3937001228333	-10.222115057204
4.3983998298645	-10.274140790768
4.4031000137329	-10.330455790623
4.4078001976013	-10.390904697719
4.4124999046326	-10.455428674518
4.4172000885010	-10.524143603741
4.4218997955322	-10.597342718719
4.4265999794006	-10.675424872966
4.4313001632690	-10.758804057346
4.4359998703003	-10.847784340681
4.4407000541687	-10.942450060802
4.4454002380371	-11.042614378605
4.4500999450684	-11.147819281630
4.4548001289368	-11.257419618614
4.4594998359680	-11.370698831577
4.4642000198364	-11.487041447407
4.4689002037048	-11.606039928488
4.4735999107361	-11.727594175041
4.4783000946045	-11.851904669951
4.4829998016357	-11.979379184500
4.4876999855042	-12.110511768033
4.4924001693726	-12.245699145011
4.4970998764038	-12.385097604548
4.5018000602722	-12.528528683365
4.5064997673035	-12.675486229094
4.5111999511719	-12.825217459171
4.5159001350403	-12.976890014244
4.5205998420715	-13.129781521446
4.5253000259399	-13.283448887762
4.5300002098083	-13.437843089583
4.5346999168396	-13.593295453084
4.5394001007080	-13.750415807215
4.5440998077393	-13.909897899623
4.5487999916077	-14.072305308396
4.5535001754761	-14.237858362881
4.5581998825073	-14.406323542435
4.5629000663757	-14.577003458944
4.5675997734070	-14.748847683923
4.5722999572754	-14.920672072642
4.5770001411438	-15.091406591299
4.5816998481750	-15.260327316768
4.5864000320435	-15.427196321231
4.5911002159119	-15.592278936373
4.5957999229431	-15.756200052546
4.6005001068115	-15.919687096319
4.6051998138428	-16.083299787250
4.6098999977112	-16.247148306485
4.6146001815796	-16.410732838655
4.6192998886108	-16.572931474139
4.6240000724792	-16.732123295634
4.6286997795105	-16.886468184093
4.6333999633789	-17.034242402356
4.6381001472473	-17.174142706199
4.6427998542786	-17.305506774255
4.6475000381470	-17.428370597787
4.6522002220154	-17.543293726612
4.6568999290466	-17.651116273738
4.6616001129150	-17.752571581107
4.6662998199463	-17.847960086855
4.6710000038147	-17.936934707501
4.6757001876831	-18.018437712587
4.6803998947144	-18.090853048052
4.6851000785828	-18.152308221784
4.6897997856140	-18.201072369345
4.6944999694824	-18.235957189512
4.6992001533508	-18.256623167840
4.7038998603821	-18.263667527551
4.7086000442505	-18.258501434640
4.7133002281189	-18.243045600966
4.7179999351501	-18.219284475489
4.7227001190186	-18.188882852366
4.7273998260498	-18.152832804773
4.7321000099182	-18.111352568036
4.7368001937866	-18.063944109123
4.7414999008179	-18.009678639049
4.7462000846863	-17.947592235775
4.7508997917175	-17.877127497583
4.7555999755859	-17.798463450169
4.7603001594543	-17.712690850024
4.7649998664856	-17.621721461020
4.7697000503540	-17.528041415339
4.7744002342224	-17.434281715435
4.7790999412537	-17.342792684372
4.7838001251221	-17.255324012826
4.7884998321533	-17.172810571501
4.7932000160217	-17.095411342450
4.7979001998901	-17.022696899976
4.8025999069214	-16.953967877330
4.8073000907898	-16.888583458703
4.8119997978210	-16.826219406553
4.8166999816895	-16.766963484083
4.8214001655579	-16.711204418556
4.8260998725891	-16.659360023698
4.8308000564575	-16.611466796518
4.8354997634888	-16.566823920800
4.8401999473572	-16.523741613061
4.8449001312256	-16.479566322992
4.8495998382568	-16.430972825674
4.8543000221252	-16.374525819639
4.8590002059937	-16.307391213279
4.8636999130249	-16.228019816509
4.8684000968933	-16.136568163113
4.8730998039246	-16.034913632174
4.8777999877930	-15.926242663410
4.8825001716614	-15.814316186874
4.8871998786926	-15.702618560366
4.8919000625610	-15.593562613253
4.8965997695923	-15.488032060358
4.9012999534607	-15.385247072654
4.9060001373291	-15.283016101451
4.9106998443604	-15.178323146413
4.9154000282288	-15.068056023259
4.9201002120972	-14.949701367427
4.9247999191284	-14.821859381061
4.9295001029968	-14.684328101227
4.9341998100281	-14.537862757346
4.9388999938965	-14.383582879320
4.9436001777649	-14.222357631955
4.9482998847961	-14.054256048941
4.9530000686646	-13.878325341950
4.9576997756958	-13.692716461919
4.9623999595642	-13.495188188058
4.9671001434326	-13.283773820019
4.9717998504639	-13.057476914798
4.9765000343323	-12.816739333130
4.9812002182007	-12.563548880542
4.9858999252319	-12.301180456961
4.9906001091003	-12.033622980713
4.9952998161316	-11.764942349998
5.0000000000000	-11.498689147309
#Parameters = {R_fat=48; R_glandular=38; R_skin_outer=50; T10=5; T15=7.5; T5=2.5; T_rad=4; T_x=10; T_y=0; T_z=75; Zc=65; skin_thickness=2; Mesh Pass=3}
#"Frequency / GHz"	"S1,1 (Mesh Pass=3) [Magnitude / dB]"
#-------------------------------------------------------
0.30000001192093	-9.8399477221312
0.30469998717308	-10.228861366733
0.30939999222755	-10.664733784473
0.31409999728203	-11.040525288738
0.31880000233650	-11.237319463443
0.32350000739098	-11.187122388092
0.32820001244545	-10.927966410983
0.33289998769760	-10.586569420266
0.33759999275208	-10.310032978772
0.34229999780655	-10.218126546333
0.34700000286102	-10.396886137951
0.35170000791550	-10.914317613833
0.35640001296997	-11.841724924219
0.36109998822212	-13.272107960704
0.36579999327660	-15.304161449234
0.37049999833107	-17.761730789568
0.37520000338554	-18.888790569578
0.37990000844002	-16.702771150569
0.38460001349449	-13.582051051135
0.38929998874664	-11.001173021234
0.39399999380112	-9.0675192990160
0.39869999885559	-7.6817721087801
0.40340000391006	-6.7504507721800
0.40810000896454	-6.1989080989198
0.41280001401901	-5.9650946092885
0.41749998927116	-5.9954861541687
0.42219999432564	-6.2423974946166
0.42689999938011	-6.6599535104538
0.43160000443459	-7.1972279296768
0.43630000948906	-7.7892598225419
0.44100001454353	-8.3511487967779
0.44569998979568	-8.7869762270425
0.45039999485016	-9.0231655728801
0.45509999990463	-9.0496390200988
0.45980000495911	-8.9271008544351
0.46450001001358	-8.7497042345130
0.46919998526573	-8.6008632342295
0.47389999032021	-8.5323132884283
0.47859999537468	-8.5635439404832
0.48330000042915	-8.6881792464127
0.48800000548363	-8.8799467429195
0.49270001053810	-9.0977209563756
0.49739998579025	-9.2927840889759
0.50209999084473	-9.4211954746302
0.50679999589920	-9.4590809720614
0.51150000095367	-9.4121049287103
0.51620000600815	-9.3114478390802
0.52090001106262	-9.1990725238708
0.52560001611710	-9.1124117112999
0.53030002117157	-9.0753495322487
0.53500002622604	-9.0956282940514
0.53969997167587	-9.1658911831997
0.54439997673035	-9.2664529806794
0.54909998178482	-9.3696944141408
0.55379998683929	-9.4467350055904
0.55849999189377	-9.4758910806593
0.56319999694824	-9.4499547628043
0.56790000200272	-9.3782525808631
0.57260000705719	-9.2821231761049
0.57730001211166	-9.1866032699958
0.58200001716614	-9.1126767347989
0.58670002222061	-9.0725648976863
0.59140002727509	-9.0681046223203
0.59609997272491	-9.0913409727881
0.60079997777939	-9.1267529111089
0.60549998283386	-9.1550603969691
0.61019998788834	-9.1583977501094
0.61489999294281	-9.1256774765452
0.61959999799728	-9.0560197827611
0.62430000305176	-8.9585386654595
0.62900000810623	-8.8486286000685
0.63370001316071	-8.7427352745063
0.63840001821518	-8.6537664013274
0.64310002326965	-8.5882962984110
0.64780002832413	-8.5456142921280
0.65249997377396	-8.5183431369487
0.65719997882843	-8.4943938198463
0.66189998388290	-8.4600988165398
0.66659998893738	-8.4040344979926
0.67129999399185	-8.3203970960360
0.67599999904633	-8.2106478131938
0.68070000410080	-8.0826744314466
0.68540000915527	-7.9479705850612
0.69010001420975	-7.8180983395454
0.69480001926422	-7.7016718579536
0.69950002431870	-7.6025019632486
0.70420002937317	-7.5190053623152
0.70889997482300	-7.4448139605623
0.71359997987747	-7.3704626272773
0.71829998493195	-7.2859246572342
0.72299998998642	-7.1834624260388
0.72769999504089	-7.0598882153463
0.73240000009537	-6.9174185248140
0.73710000514984	-6.7627823367999
0.74180001020432	-6.6050561081857
0.74650001525879	-6.4530671765663
0.75120002031326	-6.3131762426464
0.75590002536774	-6.1878686546163
0.76059997081757	-6.0753328340128
0.76529997587204	-5.9700009411215
0.76999998092651	-5.8640357035057
0.77469998598099	-5.7494674805517
0.77939999103546	-5.6204962171444
0.78409999608994	-5.4752096525324
0.78880000114441	-5.3161197245416
0.79350000619888	-5.1493317944445
0.79820001125336	-4.9827389353189
0.80290001630783	-4.8238732372204
0.80760002136230	-4.6780234024214
0.81230002641678	-4.5469927236364
0.81699997186661	-4.4287199044617
0.82169997692108	-4.3178115568907
0.82639998197556	-4.2069592306924
0.83109998703003	-4.0889857935503
0.83579999208450	-3.9589596208176
0.84049999713898	-3.8157449828965
0.84520000219345	-3.6623689551380
0.84990000724792	-3.5051795464941
0.85460001230240	-3.3520588763509
0.85930001735687	-3.2103292309486
0.86400002241135	-3.0848562898735
0.86870002746582	-2.9768263008890
0.87339997291565	-2.8833791905961
0.87809997797012	-2.7982902124220
0.88279998302460	-2.7136075504927
0.88749998807907	-2.6219371464456
0.89219999313354	-2.5187526481826
0.89689999818802	-2.4039088695963
0.90160000324249	-2.2818671290910
0.90630000829697	-2.1605238597485
0.91100001335144	-2.0490509494074
0.91570001840591	-1.9554485056047
0.92040002346039	-1.8843859871941
0.92510002851486	-1.8359089715024
0.92979997396469	-1.8052387460534
0.93449997901917	-1.7839251409545
0.93919998407364	-1.7621393931599
0.94389998912811	-1.7316987258799
0.94859999418259	-1.6888629348979
0.95329999923706	-1.6359694146613
0.95800000429153	-1.5812207530812
0.96270000934601	-1.5367077954988
0.96740001440048	-1.5153092791477
0.97210001945496	-1.5274250592206
0.97680002450943	-1.5783609974856
0.98150002956390	-1.6669842458712
0.98619997501373	-1.7860337338792
0.99089998006821	-1.9242709239349
0.99559998512268	-2.0703122044926
1.0003000497818	-2.2174575543937
1.0049999952316	-2.3681921751999
1.0096999406815	-2.5367947997412
1.0144000053406	-2.7491030232527
1.0190999507904	-3.0397824260806
1.0238000154495	-3.4487177625693
1.0284999608994	-4.0185102595811
1.0332000255585	-4.7949375623027
1.0378999710083	-5.8319510142351
1.0426000356674	-7.2035893436887
1.0472999811172	-9.0283262274176
1.0520000457764	-11.520794051132
1.0566999912262	-15.096501934533
1.0614000558853	-20.111888152363
1.0661000013351	-20.474700518012
1.0707999467850	-15.319614841380
1.0755000114441	-11.525021175543
1.0801999568939	-8.8676107047707
1.0849000215530	-6.9116691706364
1.0895999670029	-5.4319874429894
1.0943000316620	-4.3053618781086
1.0989999771118	-3.4553324305705
1.1037000417709	-2.8264921286188
1.1083999872208	-2.3722744137082
1.1131000518799	-2.0498484808718
1.1177999973297	-1.8193750291368
1.1224999427795	-1.6457804644806
1.1272000074387	-1.5015545919486
1.1318999528885	-1.3689756265423
1.1366000175476	-1.2406090528161
1.1412999629974	-1.1176255130905
1.1460000276566	-1.0064290766005
1.1506999731064	-0.91475701416026
1.1554000377655	-0.84833077843590
1.1600999832153	-0.80885759358305
1.1648000478745	-0.79349049909501
1.1694999933243	-0.79564165442434
1.1742000579834	-0.80673497192096
1.1789000034332	-0.81836795335118
1.1835999488831	-0.82435624641527
1.1883000135422	-0.82205367012803
1.1929999589920	-0.81260432634923
1.1977000236511	-0.80010136848343
1.2023999691010	-0.78996362124399
1.2071000337601	-0.78716993171455
1.2117999792099	-0.79479124462672
1.2165000438690	-0.81327044157843
1.2211999893188	-0.84046851358687
1.2259000539780	-0.87243758841180
1.2305999994278	-0.90458157163242
1.2352999448776	-0.93296715006034
1.2400000095367	-0.95535099147728
1.2446999549866	-0.97169018717851
1.2494000196457	-0.98396098898095
1.2540999650955	-0.99542048666622
1.2588000297546	-1.0095352474729
1.2634999752045	-1.0289760248230
1.2682000398636	-1.0548995650277
1.2728999853134	-1.0867490942934
1.2776000499725	-1.1225155856245
1.2822999954224	-1.1593882172256
1.2869999408722	-1.1945935225498
1.2917000055313	-1.2261714604190
1.2963999509811	-1.2534850025673
1.3011000156403	-1.2773305364645
1.3057999610901	-1.2996132652567
1.3105000257492	-1.3227322815674
1.3151999711990	-1.3488556526666
1.3199000358582	-1.3793289823040
1.3245999813080	-1.4143656812574
1.3293000459671	-1.4530533284418
1.3339999914169	-1.4936882717823
1.3387000560760	-1.5343035396639
1.3434000015259	-1.5732408065085
1.3480999469757	-1.6096117258551
1.3528000116348	-1.6435271035191
1.3574999570847	-1.6760161794302
1.3622000217438	-1.7087000363661
1.3668999671936	-1.7432993367398
1.3716000318527	-1.7811680492378
1.3762999773026	-1.8229432064318
1.3810000419617	-1.8684290544569
1.3856999874115	-1.9167106955158
1.3904000520706	-1.9664598644479
1.3950999975204	-2.0163430290232
1.3997999429703	-2.0654095328200
1.4045000076294	-2.1133628355210
1.4091999530792	-2.1606395175145
1.4139000177383	-2.2082687742237
1.4185999631882	-2.2575859822386
1.4233000278473	-2.3098671459372
1.4279999732971	-2.3660083278507
1.4327000379562	-2.4263295261493
1.4373999834061	-2.4905368127196
1.4421000480652	-2.5578654905002
1.4467999935150	-2.6273333930809
1.4515000581741	-2.6980503069029
1.4562000036240	-2.7694971615235
1.4608999490738	-2.8416870785107
1.4656000137329	-2.9151833031581
1.4702999591827	-2.9909675301782
1.4750000238419	-3.0701971087970
1.4796999692917	-3.1539233929836
1.4844000339508	-3.2428633109280
1.4890999794006	-3.3372628173656
1.4938000440598	-3.4368852687319
1.4984999895096	-3.5411420075242
1.5032000541687	-3.6492998480727
1.5078999996185	-3.7607341304992
1.5125999450684	-3.8751471423410
1.5173000097275	-3.9926963027454
1.5219999551773	-4.1140114345659
1.5267000198364	-4.2400696684159
1.5313999652863	-4.3719933979703
1.5361000299454	-4.5108137222200
1.5407999753952	-4.6572580880949
1.5455000400543	-4.8116191880525
1.5501999855042	-4.9737484622442
1.5549000501633	-5.1431468681397
1.5595999956131	-5.3191674054805
1.5642999410629	-5.5012498098356
1.5690000057220	-5.6891489389320
1.5736999511719	-5.8830769873562
1.5784000158310	-6.0837411433819
1.5830999612808	-6.2922373186924
1.5878000259399	-6.5098467125885
1.5924999713898	-6.7377802863467
1.5972000360489	-6.9769324884229
1.6018999814987	-7.2277141295128
1.6066000461578	-7.4900147537484
1.6112999916077	-7.7632935753625
1.6160000562668	-8.0468112949998
1.6207000017166	-8.3399223613968
1.6253999471664	-8.6423848940475
1.6301000118256	-8.9545749976820
1.6347999572754	-9.2775592218024
1.6395000219345	-9.6129847156794
1.6441999673843	-9.9628076595769
1.6489000320435	-10.328940375155
1.6535999774933	-10.712892327697
1.6583000421524	-11.115519725890
1.6629999876022	-11.536954484228
1.6677000522614	-11.976742178714
1.6723999977112	-12.434212235805
1.6770999431610	-12.908975661948
1.6818000078201	-13.401452057959
1.6864999532700	-13.913286920115
1.6912000179291	-14.447497107680
1.6958999633789	-15.008323000372
1.7006000280380	-15.600799037501
1.7052999734879	-16.230135446147
1.7100000381470	-16.901140071993
1.7146999835968	-17.617746700596
1.7194000482559	-18.382954664179
1.7240999937057	-19.199113070033
1.7288000583649	-20.068785413492
1.7335000038147	-20.995932205764
1.7381999492645	-21.987268778338
1.7429000139236	-23.053212074019
1.7475999593735	-24.207626354239
1.7523000240326	-25.464835258851
1.7569999694824	-26.830633955029
1.7617000341415	-28.280063433538
1.7663999795914	-29.709779322314
1.7711000442505	-30.870454249506
1.7757999897003	-31.393112032948
1.7805000543594	-31.085461861748
1.7851999998093	-30.164813681238
1.7898999452591	-28.995998041284
1.7946000099182	-27.814012823692
1.7992999553680	-26.712858170756
1.8040000200272	-25.713741252158
1.8086999654770	-24.810442421921
1.8134000301361	-23.990020969165
1.8180999755859	-23.240811634902
1.8228000402451	-22.554689306889
1.8274999856949	-21.926767000001
1.8322000503540	-21.354101147923
1.8368999958038	-20.834279707397
1.8415999412537	-20.364324827297
1.8463000059128	-19.940122199192
1.8509999513626	-19.556402434187
1.8557000160217	-19.207141862192
1.8603999614716	-18.886250415898
1.8651000261307	-18.588341895166
1.8697999715805	-18.309381267076
1.8745000362396	-18.047035691893
1.8791999816895	-17.800583870088
1.8839000463486	-17.570532593287
1.8885999917984	-17.357933376024
1.8933000564575	-17.163730231690
1.8980000019073	-16.988187514298
1.9026999473572	-16.830624129851
1.9074000120163	-16.689401613562
1.9120999574661	-16.562231359417
1.9168000221252	-16.446620273417
1.9214999675751	-16.340387466169
1.9262000322342	-16.242092509102
1.9308999776840	-16.151266557454
1.9356000423431	-16.068367271468
1.9402999877930	-15.994513469651
1.9450000524521	-15.931061784146
1.9496999979019	-15.879143702463
1.9543999433517	-15.839329473326
1.9591000080109	-15.811425844932
1.9637999534607	-15.794521453969
1.9685000181198	-15.787200502106
1.9731999635696	-15.787903544755
1.9779000282288	-15.795307397482
1.9825999736786	-15.808660932241
1.9873000383377	-15.827943545360
1.9919999837875	-15.853842708678
1.9967000484467	-15.887533102789
2.0013999938965	-15.930347587525
2.0060999393463	-15.983412187755
2.0107998847961	-16.047347704469
2.0155000686646	-16.122113904873
2.0202000141144	-16.207011750076
2.0248999595642	-16.300863654118
2.0295999050140	-16.402290696917
2.0343000888824	-16.510060648598
2.0390000343323	-16.623373989977
2.0436999797821	-16.742032755328
2.0483999252319	-16.866439393455
2.0531001091003	-16.997443885552
2.0578000545502	-17.136030519901
2.0625000000000	-17.282982187655
2.0671999454498	-17.438563687215
2.0718998908997	-17.602322195841
2.0766000747681	-17.773016694357
2.0813000202179	-17.948713606052
2.0859999656677	-18.127034530103
2.0906999111176	-18.305450017536
2.0954000949860	-18.481593194963
2.1001000404358	-18.653508724284
2.1047999858856	-18.819722704393
2.1094999313354	-18.979188937311
2.1142001152039	-19.131059984974
2.1189000606537	-19.274424995508
2.1236000061035	-19.407998360743
2.1282999515533	-19.529946520642
2.1329998970032	-19.637827644470
2.1377000808716	-19.728708409537
2.1424000263214	-19.799452131914
2.1470999717712	-19.847118034295
2.1517999172211	-19.869404479515
2.1565001010895	-19.865006456398
2.1612000465393	-19.833863461799
2.1658999919891	-19.777178322426
2.1705999374390	-19.697222851605
2.1752998828888	-19.596993480084
2.1800000667572	-19.479767383439
2.1847000122070	-19.348681565168
2.1893999576569	-19.206367441313
2.1940999031067	-19.054843637038
2.1988000869751	-18.895441531373
2.2035000324249	-18.729048023304
2.2081999778748	-18.556334109938
2.2128999233246	-18.378081808667
2.2176001071930	-18.195430929961
2.2223000526428	-18.009974032230
2.2269999980927	-17.823727643916
2.2316999435425	-17.638931454318
2.2363998889923	-17.457744573261
2.2411000728607	-17.281962356627
2.2458000183105	-17.112765257815
2.2504999637604	-16.950617483245
2.2551999092102	-16.795307669068
2.2599000930786	-16.646120763319
2.2646000385284	-16.502164674806
2.2692999839783	-16.362627473006
2.2739999294281	-16.227082834460
2.2787001132965	-16.095598483147
2.2834000587463	-15.968766165937
2.2881000041962	-15.847507064970
2.2927999496460	-15.732850592723
2.2974998950958	-15.625653235335
2.3022000789642	-15.526353411449
2.3069000244141	-15.434885718468
2.3115999698639	-15.350673278778
2.3162999153137	-15.272787579027
2.3210000991821	-15.200187709807
2.3257000446320	-15.131977906224
2.3303999900818	-15.067619020575
2.3350999355316	-15.007061578181
2.3397998809814	-14.950720258489
2.3445000648499	-14.899315485996
2.3492000102997	-14.853660919697
2.3538999557495	-14.814420714414
2.3585999011993	-14.781902272519
2.3633000850677	-14.755968312158
2.3680000305176	-14.736064647789
2.3726999759674	-14.721349649084
2.3773999214172	-14.710927542098
2.3821001052856	-14.704071485307
2.3868000507355	-14.700407960224
2.3914999961853	-14.700002648025
2.3961999416351	-14.703335335804
2.4008998870850	-14.711135958325
2.4056000709534	-14.724175549098
2.4103000164032	-14.743064198500
2.4149999618530	-14.768050469771
2.4196999073029	-14.798979419173
2.4244000911713	-14.835319687932
2.4291000366211	-14.876311469731
2.4337999820709	-14.921174314302
2.4384999275208	-14.969326662017
2.4432001113892	-15.020531494691
2.4479000568390	-15.074983299224
2.4526000022888	-15.133237868855
2.4572999477386	-15.196056871434
2.4619998931885	-15.264212699841
2.4667000770569	-15.338273045492
2.4714000225067	-15.418451504604
2.4760999679565	-15.504535264173
2.4807999134064	-15.595967886395
2.4855000972748	-15.691985720907
2.4902000427246	-15.791822866747
2.4948999881744	-15.894924197097
2.4995999336243	-16.001086932941
2.5043001174927	-16.110523863583
2.5090000629425	-16.223792915899
2.5137000083923	-16.341632000162
2.5183999538422	-16.464747404809
2.5230998992920	-16.593597028729
2.5278000831604	-16.728237556969
2.5325000286102	-16.868279880977
2.5371999740601	-17.012921519391
2.5418999195099	-17.161118924185
2.5466001033783	-17.311785704176
2.5513000488281	-17.464010890776
2.5559999942780	-17.617209106996
2.5606999397278	-17.771170644011
2.5653998851776	-17.925995433865
2.5701000690460	-18.081923710223
2.5748000144958	-18.239101513493
2.5794999599457	-18.397351308924
2.5841999053955	-18.555992363882
2.5889000892639	-18.713774324034
2.5936000347137	-18.868912137264
2.5982999801636	-19.019251490611
2.6029999256134	-19.162487575405
2.6077001094818	-19.296424637187
2.6124000549316	-19.419174672011
2.6171000003815	-19.529276551931
2.6217999458313	-19.625694914470
2.6264998912811	-19.707712901352
2.6312000751495	-19.774753446620
2.6359000205994	-19.826190779115
2.6405999660492	-19.861218644434
2.6452999114990	-19.878778195168
2.6500000953674	-19.877628866896
2.6547000408173	-19.856523690641
2.6593999862671	-19.814421209764
2.6640999317169	-19.750744687675
2.6688001155853	-19.665578486510
2.6735000610352	-19.559755420833
2.6782000064850	-19.434842608279
2.6828999519348	-19.292937418458
2.6875998973846	-19.136437053895
2.6923000812531	-18.967728750202
2.6970000267029	-18.788938241306
2.7016999721527	-18.601756109942
2.7063999176025	-18.407364347840
2.7111001014709	-18.206545388878
2.7158000469208	-17.999796910768
2.7204999923706	-17.787585512096
2.7251999378204	-17.570532102678
2.7298998832703	-17.349525658152
2.7346000671387	-17.125774233969
2.7393000125885	-16.900702144305
2.7439999580383	-16.675803727259
2.7486999034882	-16.452406773648
2.7534000873566	-16.231516059830
2.7581000328064	-16.013689846013
2.7627999782562	-15.799030720864
2.7674999237061	-15.587278483056
2.7722001075745	-15.377969068632
2.7769000530243	-15.170651180583
2.7815999984741	-14.965057155704
2.7862999439240	-14.761226538799
2.7909998893738	-14.559517870126
2.7957000732422	-14.360521977233
2.8004000186920	-14.164931274985
2.8050999641418	-13.973331633078
2.8097999095917	-13.786077707756
2.8145000934601	-13.603191640452
2.8192000389099	-13.424369401428
2.8238999843597	-13.249081725433
2.8285999298096	-13.076709341041
2.8333001136780	-12.906724103741
2.8380000591278	-12.738817955857
2.8427000045776	-12.572974379021
2.8473999500275	-12.409458339990
2.8520998954773	-12.248712406395
2.8568000793457	-12.091215147236
2.8615000247955	-11.937332722107
2.8661999702454	-11.787198224570
2.8708999156952	-11.640674299441
2.8756000995636	-11.497381167374
2.8803000450134	-11.356803045744
2.8849999904633	-11.218424255219
2.8896999359131	-11.081860327681
2.8943998813629	-10.946968083189
2.8991000652313	-10.813851125196
2.9038000106812	-10.682828366600
2.9084999561310	-10.554314507649
2.9131999015808	-10.428687540423
2.9179000854492	-10.306178480950
2.9226000308990	-10.186789080705
2.9272999763489	-10.070289966645
2.9319999217987	-9.9562921636775
2.9367001056671	-9.8443444502191
2.9414000511169	-9.7340653067840
2.9460999965668	-9.6252480888098
2.9507999420166	-9.5179012376004
2.9554998874664	-9.4122485053137
2.9602000713348	-9.3086338672603
2.9649000167847	-9.2074344354564
2.9695999622345	-9.1089212654119
2.9742999076843	-9.0131903614193
2.9790000915527	-8.9201307629981
2.9837000370026	-8.8294455609300
2.9883999824524	-8.7407553135872
2.9930999279022	-8.6536913397835
2.9978001117706	-8.5680096832627
3.0025000572205	-8.4836448309228
3.0072000026703	-8.4007322588156
3.0118999481201	-8.3195553154548
3.0165998935699	-8.2404483065341
3.0213000774384	-8.1637019072926
3.0260000228882	-8.0894654993295
3.0306999683380	-8.0177043726128
3.0353999137878	-7.9482033229909
3.0401000976562	-7.8806376756743
3.0448000431061	-7.8146553464628
3.0494999885559	-7.7499851243290
3.0541999340057	-7.6865111586025
3.0589001178741	-7.6242889698105
3.0636000633240	-7.5635380947696
3.0683000087738	-7.5045563723878
3.0729999542236	-7.4476262908706
3.0776998996735	-7.3929311302959
3.0824000835419	-7.3404922782679
3.0871000289917	-7.2901572452657
3.0917999744415	-7.2416461496570
3.0964999198914	-7.1946322543060
3.1012001037598	-7.1488277087726
3.1059000492096	-7.1040736884379
3.1105999946594	-7.0603679634279
3.1152999401093	-7.0178722401474
3.1199998855591	-6.9768468844642
3.1247000694275	-6.9375683366235
3.1294000148773	-6.9002399889199
3.1340999603271	-6.8649269300238
3.1387999057770	-6.8315260486788
3.1435000896454	-6.7998074282992
3.1482000350952	-6.7694595894615
3.1528999805450	-6.7401923615353
3.1575999259949	-6.7118076533089
3.1623001098633	-6.6842580726295
3.1670000553131	-6.6576552327132
3.1717000007629	-6.6322205379462
3.1763999462128	-6.6082233939080
3.1810998916626	-6.5858714695449
3.1858000755310	-6.5652701827914
3.1905000209808	-6.5463609093444
3.1951999664307	-6.5289387092619
3.1998999118805	-6.5127118160045
3.2046000957489	-6.4973822074328
3.2093000411987	-6.4827119164494
3.2139999866486	-6.4686092904444
3.2186999320984	-6.4551265495334
3.2234001159668	-6.4424467356241
3.2281000614166	-6.4308058566896
3.2328000068665	-6.4204191129786
3.2374999523163	-6.4113923279828
3.2421998977661	-6.4036905193922
3.2469000816345	-6.3971205918864
3.2516000270844	-6.3913818655107
3.2562999725342	-6.3861380982600
3.2609999179840	-6.3811051942538
3.2657001018524	-6.3761111927531
3.2704000473022	-6.3711347017642
3.2750999927521	-6.3662805370752
3.2797999382019	-6.3617263704551
3.2844998836517	-6.3576403446827
3.2892000675201	-6.3540924505200
3.2939000129700	-6.3510137450876
3.2985999584198	-6.3481635930678
3.3032999038696	-6.3451811687267
3.3080000877380	-6.3416464813178
3.3127000331879	-6.3371636343909
3.3173999786377	-6.3314405763884
3.3220999240875	-6.3243205767072
3.3268001079559	-6.3157839677422
3.3315000534058	-6.3058901812162
3.3361999988556	-6.2947038164212
3.3408999443054	-6.2822010827940
3.3455998897552	-6.2682237246278
3.3503000736237	-6.2524445766953
3.3550000190735	-6.2344116142357
3.3596999645233	-6.2136114871704
3.3643999099731	-6.1895543962213
3.3691000938416	-6.1618647235865
3.3738000392914	-6.1303267978311
3.3784999847412	-6.0948809132865
3.3831999301910	-6.0555924287682
3.3879001140594	-6.0125615419380
3.3926000595093	-5.9658600843481
3.3973000049591	-5.9154548373702
3.4019999504089	-5.8612079597939
3.4066998958588	-5.8028995619134
3.4114000797272	-5.7403018004335
3.4161000251770	-5.6732601130195
3.4207999706268	-5.6017821465034
3.4254999160767	-5.5260725325354
3.4302000999451	-5.4465352101754
3.4349000453949	-5.3637225798585
3.4395999908447	-5.2782594485483
3.4442999362946	-5.1907505401914
3.4489998817444	-5.1017300476890
3.4537000656128	-5.0116232174617
3.4584000110626	-4.9207606543619
3.4630999565125	-4.8294417276233
3.4677999019623	-4.7379880622400
3.4725000858307	-4.6467967816837
3.4772000312805	-4.5563835158101
3.4818999767303	-4.4673616314999
3.4865999221802	-4.3804046348075
3.4913001060486	-4.2961678597673
3.4960000514984	-4.2152271167964
3.5006999969482	-4.1380161003747
3.5053999423981	-4.0648012753761
3.5100998878479	-3.9957019302952
3.5148000717163	-3.9307240692815
3.5195000171661	-3.8698357746162
3.5241999626160	-3.8130115369755
3.5288999080658	-3.7602898333620
3.5336000919342	-3.7117740777267
3.5383000373840	-3.6676204371418
3.5429999828339	-3.6279950404233
3.5476999282837	-3.5930128804034
3.5524001121521	-3.5626942666097
3.5571000576019	-3.5369465857947
3.5618000030518	-3.5155568602598
3.5664999485016	-3.4982306979805
3.5711998939514	-3.4846445828431
3.5759000778198	-3.4745047284638
3.5806000232697	-3.4675884444493
3.5852999687195	-3.4637777945822
3.5899999141693	-3.4630423194889
3.5947000980377	-3.4654112520533
3.5994000434875	-3.4709238940157
3.6040999889374	-3.4795731320457
3.6087999343872	-3.4912759932251
3.6135001182556	-3.5058493253362
3.6182000637054	-3.5230398044767
3.6229000091553	-3.5425517412982
3.6275999546051	-3.5641148660898
3.6322999000549	-3.5875207209272
3.6370000839233	-3.6126612897183
3.6417000293732	-3.6395326898543
3.6463999748230	-3.6682134494818
3.6510999202728	-3.6988122644909
3.6558001041412	-3.7314191119611
3.6605000495911	-3.7660563847878
3.6651999950409	-3.8026491588407
3.6698999404907	-3.8410332437648
3.6745998859406	-3.8809895233851
3.6793000698090	-3.9222880091119
3.6840000152588	-3.9647468320052
3.6886999607086	-4.0082750904299
3.6933999061584	-4.0528880021320
3.6981000900269	-4.0986939075353
3.7028000354767	-4.1458522912325
3.7074999809265	-4.1945213887098
3.7121999263763	-4.2447957071918
3.7169001102448	-4.2966773707754
3.7216000556946	-4.3500610238938
3.7263000011444	-4.4047587272356
3.7309999465942	-4.4605494186859
3.7356998920441	-4.5172339892131
3.7404000759125	-4.5746991422133
3.7451000213623	-4.6329312938575
3.7497999668121	-4.6920290095980
3.7544999122620	-4.7521614956958
3.7592000961304	-4.8135079135097
3.7639000415802	-4.8762020214721
3.7685999870300	-4.9402790611378
3.7732999324799	-5.0056499468197
3.7780001163483	-5.0721225873040
3.7827000617981	-5.1394399730680
3.7874000072479	-5.2073480249019
3.7920999526978	-5.2756605636784
3.7967998981476	-5.3443016337829
3.8015000820160	-5.4133141689140
3.8062000274658	-5.4828340590850
3.8108999729156	-5.5530302720344
3.8155999183655	-5.6240309821449
3.8203001022339	-5.6958629688503
3.8250000476837	-5.7684110494072
3.8296999931335	-5.8414346990030
3.8343999385834	-5.9145920881136
3.8390998840332	-5.9875324047788
3.8438000679016	-6.0599554527627
3.8485000133514	-6.1316901578583
3.8531999588013	-6.2026952816753
3.8578999042511	-6.2730538187971
3.8626000881195	-6.3429036341312
3.8673000335693	-6.4123562572296
3.8719999790192	-6.4814158686215
3.8766999244690	-6.5499357772210
3.8814001083374	-6.6176057774635
3.8861000537872	-6.6840133394564
3.8907999992371	-6.7487089390602
3.8954999446869	-6.8113110098171
3.9001998901367	-6.8715826927069
3.9049000740051	-6.9294592867478
3.9096000194550	-6.9850334581937
3.9142999649048	-7.0384933616062
3.9189999103546	-7.0900136649522
3.9237000942230	-7.1396698498126
3.9284000396729	-7.1873789571986
3.9330999851227	-7.2328850998013
3.9377999305725	-7.2758180305863
3.9425001144409	-7.3157791946218
3.9472000598907	-7.3524574815804
3.9519000053406	-7.3857118070040
3.9565999507904	-7.4156183369570
3.9612998962402	-7.4424398673898
3.9660000801086	-7.4665526035198
3.9707000255585	-7.4883356199108
3.9753999710083	-7.5080593644648
3.9800999164581	-7.5258229272339
3.9848001003265	-7.5415431351411
3.9895000457764	-7.5550019373165
3.9941999912262	-7.5659538749682
3.9988999366760	-7.5742366050806
4.0036001205444	-7.5798654462147
4.0082998275757	-7.5830696286479
4.0130000114441	-7.5842700950703
4.0177001953125	-7.5839954741114
4.0223999023438	-7.5827589153998
4.0271000862122	-7.5809519996708
4.0317997932434	-7.5787734322348
4.0364999771118	-7.5762117581633
4.0412001609802	-7.5731017392623
4.0458998680115	-7.5692296724904
4.0506000518799	-7.5644417972123
4.0553002357483	-7.5587502110179
4.0599999427795	-7.5523679606221
4.0647001266479	-7.5456928026905
4.0693998336792	-7.5392293875761
4.0741000175476	-7.5334656330402
4.0788002014160	-7.5287699524347
4.0834999084473	-7.5253068511106
4.0882000923157	-7.5230263022671
4.0928997993469	-7.5217094655139
4.0975999832153	-7.5210594968352
4.1023001670837	-7.5208296229739
4.1069998741150	-7.5209198965903
4.1117000579834	-7.5214314104685
4.1163997650146	-7.5226577511747
4.1210999488831	-7.5250167741825
4.1258001327515	-7.5289345261534
4.1304998397827	-7.5347349381268
4.1352000236511	-7.5425451830030
4.1399002075195	-7.5522756457403
4.1445999145508	-7.5636489389125
4.1493000984192	-7.5762925426856
4.1539998054504	-7.5898546496860
4.1586999893188	-7.6041249386528
4.1634001731873	-7.6190929787479
4.1680998802185	-7.6349658784124
4.1728000640869	-7.6521034361631
4.1774997711182	-7.6709066592679
4.1821999549866	-7.6917064648902
4.1869001388550	-7.7146552525027
4.1915998458862	-7.7396787310530
4.1963000297546	-7.7665039464754
4.2010002136230	-7.7947312618766
4.2056999206543	-7.8239660896931
4.2104001045227	-7.8539459813858
4.2150998115540	-7.8846238848391
4.2197999954224	-7.9162061231499
4.2245001792908	-7.9491055071474
4.2291998863220	-7.9838408267855
4.2339000701904	-8.0209088136061
4.2385997772217	-8.0606675024787
4.2432999610901	-8.1032608124005
4.2480001449585	-8.1486261643334
4.2526998519897	-8.1965525310941
4.2574000358582	-8.2468072192539
4.2621002197266	-8.2992623640752
4.2667999267578	-8.3540019875975
4.2715001106262	-8.4113657638702
4.2761998176575	-8.4719123613022
4.2809000015259	-8.5363179265309
4.2856001853943	-8.6052249895501
4.2902998924255	-8.6790938414035
4.2950000762939	-8.7580944179388
4.2996997833252	-8.8420679113482
4.3043999671936	-8.9305733861310
4.3091001510620	-9.0230112427761
4.3137998580933	-9.1187807400757
4.3185000419617	-9.2174340970451
4.3232002258301	-9.3187870494016
4.3278999328613	-9.4229369406588
4.3326001167297	-9.5301942294543
4.3372998237610	-9.6409425434904
4.3420000076294	-9.7554694795280
4.3467001914978	-9.8738197028985
4.3513998985291	-9.9957186274652
4.3561000823975	-10.120597945247
4.3607997894287	-10.247714048949
4.3654999732971	-10.376336135464
4.3702001571655	-10.505946977346
4.3748998641968	-10.636392267448
4.3796000480652	-10.767932717900
4.3843002319336	-10.901172478886
4.3889999389648	-11.036876154125
4.3937001228333	-11.175743224643
4.3983998298645	-11.318183963497
4.4031000137329	-11.464183343981
4.4078001976013	-11.613298794474
4.4124999046326	-11.764782076471
4.4172000885010	-11.917814494189
4.4218997955322	-12.071782323708
4.4265999794006	-12.226498916673
4.4313001632690	-12.382308466690
4.4359998703003	-12.540025446550
4.4407000541687	-12.700720909829
4.4454002380371	-12.865413178593
4.4500999450684	-13.034766397734
4.4548001289368	-13.208876995944
4.4594998359680	-13.387229504849
4.4642000198364	-13.568842048041
4.4689002037048	-13.752569090054
4.4735999107361	-13.937478117337
4.4783000946045	-14.123186210613
4.4829998016357	-14.310036699403
4.4876999855042	-14.499043467387
4.4924001693726	-14.691613997650
4.4970998764038	-14.889124529091
4.5018000602722	-15.092465368873
4.5064997673035	-15.301722496344
4.5111999511719	-15.516070903813
4.5159001350403	-15.733964552383
4.5205998420715	-15.953554544772
4.5253000259399	-16.173251230305
4.5300002098083	-16.392233635151
4.5346999168396	-16.610729021792
4.5394001007080	-16.829940772709
4.5440998077393	-17.051621987715
4.5487999916077	-17.277401947844
4.5535001754761	-17.508083641202
4.5581998825073	-17.743132794359
4.5629000663757	-17.980543142667
4.5675997734070	-18.217140134609
4.5722999572754	-18.449309016177
4.5770001411438	-18.673916585245
4.5816998481750	-18.889123728782
4.5864000320435	-19.094758725239
4.5911002159119	-19.292057001931
4.5957999229431	-19.482820876367
4.6005001068115	-19.668236341714
4.6051998138428	-19.847833880490
4.6098999977112	-20.018910491238
4.6146001815796	-20.176718107132
4.6192998886108	-20.315474850804
4.6240000724792	-20.429884817061
4.6286997795105	-20.516673021318
4.6333999633789	-20.575515657183
4.6381001472473	-20.608867479787
4.6427998542786	-20.620829033253
4.6475000381470	-20.615407416517
4.6522002220154	-20.594996400258
4.6568999290466	-20.559573108029
4.6616001129150	-20.506923199769
4.6662998199463	-20.433807306635
4.6710000038147	-20.337615294117
4.6757001876831	-20.217886980998
4.6803998947144	-20.077021024639
4.6851000785828	-19.919949189924
4.6897997856140	-19.752862216349
4.6944999694824	-19.581595649685
4.6992001533508	-19.410250987963
4.7038998603821	-19.240480011231
4.7086000442505	-19.071564498320
4.7133002281189	-18.901279808996
4.7179999351501	-18.727111289600
4.7227001190186	-18.547551078977
4.7273998260498	-18.362909685332
4.7321000099182	-18.175482837300
4.7368001937866	-17.988976870517
4.7414999008179	-17.807496526260
4.7462000846863	-17.634417527627
4.7508997917175	-17.471551793201
4.7555999755859	-17.318804865419
4.7603001594543	-17.174402470293
4.7649998664856	-17.035598341345
4.7697000503540	-16.899629902728
4.7744002342224	-16.764675012990
4.7790999412537	-16.630448413799
4.7838001251221	-16.498304009929
4.7884998321533	-16.370765603339
4.7932000160217	-16.250721470715
4.7979001998901	-16.140507896097
4.8025999069214	-16.041168817251
4.8073000907898	-15.952123871174
4.8119997978210	-15.871328385681
4.8166999816895	-15.795816966643
4.8214001655579	-15.722571550023
4.8260998725891	-15.649364046924
4.8308000564575	-15.575383273704
4.8354997634888	-15.501393094203
4.8401999473572	-15.429356963096
4.8449001312256	-15.361707648600
4.8495998382568	-15.300445174807
4.8543000221252	-15.246418333639
4.8590002059937	-15.198901822976
4.8636999130249	-15.155727089871
4.8684000968933	-15.113800004042
4.8730998039246	-15.069976109045
4.8777999877930	-15.021956778194
4.8825001716614	-14.968950005061
4.8871998786926	-14.911867387938
4.8919000625610	-14.852960256450
4.8965997695923	-14.795022971019
4.9012999534607	-14.740478924140
4.9060001373291	-14.690576546616
4.9106998443604	-14.644995895774
4.9154000282288	-14.601935613280
4.9201002120972	-14.558710902305
4.9247999191284	-14.512626493074
4.9295001029968	-14.461891089799
4.9341998100281	-14.406271899106
4.9388999938965	-14.347222597819
4.9436001777649	-14.287486981554
4.9482998847961	-14.230235455117
4.9530000686646	-14.178115617351
4.9576997756958	-14.132450973431
4.9623999595642	-14.092838466440
4.9671001434326	-14.057260742702
4.9717998504639	-14.022683935705
4.9765000343323	-13.985957570486
4.9812002182007	-13.944721754047
4.9858999252319	-13.898093228535
4.9906001091003	-13.846767397325
4.9952998161316	-13.792580496395
5.0000000000000	-13.737625257294
#Parameters = {R_fat=48; R_glandular=38; R_skin_outer=50; T10=5; T15=7.5; T5=2.5; T_rad=4; T_x=10; T_y=0; T_z=75; Zc=65; skin_thickness=2; Mesh Pass=4}
#"Frequency / GHz"	"S1,1 (Mesh Pass=4) [Magnitude / dB]"
#-------------------------------------------------------
0.30000001192093	-16.806899903905
0.30469998717308	-17.543733683281
0.30939999222755	-17.941680723857
0.31409999728203	-17.849586411556
0.31880000233650	-17.382113630501
0.32350000739098	-16.820090725370
0.32820001244545	-16.414253175816
0.33289998769760	-16.328438889892
0.33759999275208	-16.679195290916
0.34229999780655	-17.596771015481
0.34700000286102	-19.313118214448
0.35170000791550	-22.392427991168
0.35640001296997	-28.929424735297
0.36109998822212	-37.194604718589
0.36579999327660	-23.593684852288
0.37049999833107	-18.150357548967
0.37520000338554	-14.727582305427
0.37990000844002	-12.306468759412
0.38460001349449	-10.536895130116
0.38929998874664	-9.2607224816725
0.39399999380112	-8.3911233671110
0.39869999885559	-7.8698273174633
0.40340000391006	-7.6506187513244
0.40810000896454	-7.6941949243881
0.41280001401901	-7.9676100346633
0.41749998927116	-8.4443161747814
0.42219999432564	-9.1024063404997
0.42689999938011	-9.9192034156634
0.43160000443459	-10.860109754301
0.43630000948906	-11.859964613505
0.44100001454353	-12.801893873190
0.44569998979568	-13.520586381879
0.45039999485016	-13.873754354645
0.45509999990463	-13.852626737598
0.45980000495911	-13.594139537499
0.46450001001358	-13.274976567574
0.46919998526573	-13.024404160153
0.47389999032021	-12.909599887256
0.47859999537468	-12.953084206859
0.48330000042915	-13.149219419279
0.48800000548363	-13.471515809673
0.49270001053810	-13.872635775692
0.49739998579025	-14.282801341595
0.50209999084473	-14.616253802947
0.50679999589920	-14.795400941434
0.51150000095367	-14.786650579942
0.51620000600815	-14.618838673532
0.52090001106262	-14.364384863503
0.52560001611710	-14.102328544959
0.53030002117157	-13.892857160926
0.53500002622604	-13.770295822597
0.53969997167587	-13.745731083140
0.54439997673035	-13.811016357040
0.54909998178482	-13.941199665990
0.55379998683929	-14.096444710476
0.55849999189377	-14.226842470930
0.56319999694824	-14.283529964866
0.56790000200272	-14.234926874549
0.57260000705719	-14.079441588070
0.57730001211166	-13.844887775512
0.58200001716614	-13.575017153201
0.58670002222061	-13.313256703152
0.59140002727509	-13.092100169791
0.59609997272491	-12.929277938727
0.60079997777939	-12.827806786435
0.60549998283386	-12.777374754627
0.61019998788834	-12.756395199467
0.61489999294281	-12.735516550820
0.61959999799728	-12.683767542166
0.62430000305176	-12.576982428238
0.62900000810623	-12.405528263366
0.63370001316071	-12.177112446936
0.63840001821518	-11.912926848805
0.64310002326965	-11.639680644655
0.64780002832413	-11.381799757643
0.65249997377396	-11.156381632620
0.65719997882843	-10.971017543434
0.66189998388290	-10.823601401981
0.66659998893738	-10.703404989310
0.67129999399185	-10.593376829346
0.67599999904633	-10.473902455767
0.68070000410080	-10.327722018044
0.68540000915527	-10.144752478897
0.69010001420975	-9.9248675164546
0.69480001926422	-9.6773250902868
0.69950002431870	-9.4172843498352
0.70420002937317	-9.1611490314851
0.70889997482300	-8.9225166867475
0.71359997987747	-8.7095667371678
0.71829998493195	-8.5239556009968
0.72299998998642	-8.3609580945390
0.72769999504089	-8.2107369227642
0.73240000009537	-8.0606628820156
0.73710000514984	-7.8984486465422
0.74180001020432	-7.7153821834636
0.74650001525879	-7.5086510574039
0.75120002031326	-7.2818492636585
0.75590002536774	-7.0435617384106
0.76059997081757	-6.8047197398940
0.76529997587204	-6.5757095227116
0.76999998092651	-6.3640379157421
0.77469998598099	-6.1729087434495
0.77939999103546	-6.0007940590929
0.78409999608994	-5.8419615523870
0.78880000114441	-5.6879009735044
0.79350000619888	-5.5294655002410
0.79820001125336	-5.3592507461873
0.80290001630783	-5.1735757178631
0.80760002136230	-4.9733999647158
0.81230002641678	-4.7638891403290
0.81699997186661	-4.5528773358624
0.82169997692108	-4.3487652661069
0.82639998197556	-4.1585037301342
0.83109998703003	-3.9860777494529
0.83579999208450	-3.8317254207541
0.84049999713898	-3.6919869655324
0.84520000219345	-3.5605971345373
0.84990000724792	-3.4300768382626
0.85460001230240	-3.2937331015495
0.85930001735687	-3.1475037957622
0.86400002241135	-2.9911230952582
0.86870002746582	-2.8282227456790
0.87339997291565	-2.6653584542347
0.87809997797012	-2.5103279172330
0.88279998302460	-2.3702532262586
0.88749998807907	-2.2499393218440
0.89219999313354	-2.1507925858930
0.89689999818802	-2.0705500157749
0.90160000324249	-2.0038669639339
0.90630000829697	-1.9437382736868
0.91100001335144	-1.8834423961728
0.91570001840591	-1.8185723487532
0.92040002346039	-1.7485307805582
0.92510002851486	-1.6770255653328
0.92979997396469	-1.6113756084300
0.93449997901917	-1.5608833721924
0.93919998407364	-1.5347233217196
0.94389998912811	-1.5399452140516
0.94859999418259	-1.5800359208157
0.95329999923706	-1.6543766028407
0.95800000429153	-1.7587541685640
0.96270000934601	-1.8869568456516
0.96740001440048	-2.0332241870034
0.97210001945496	-2.1951254914376
0.97680002450943	-2.3761073569958
0.98150002956390	-2.5870474101497
0.98619997501373	-2.8463353835585
0.99089998006821	-3.1786801554036
0.99559998512268	-3.6133842493865
1.0003000497818	-4.1831279418973
1.0049999952316	-4.9243507944731
1.0096999406815	-5.8803139652031
1.0144000053406	-7.1081464591250
1.0190999507904	-8.6925616145316
1.0238000154495	-10.771332744643
1.0284999608994	-13.575129039917
1.0332000255585	-17.351133733230
1.0378999710083	-20.388043772951
1.0426000356674	-17.654775474071
1.0472999811172	-13.712958794822
1.0520000457764	-10.741862296812
1.0566999912262	-8.5275918836489
1.0614000558853	-6.8307600740405
1.0661000013351	-5.5079261305643
1.0707999467850	-4.4716974883363
1.0755000114441	-3.6638246124124
1.0801999568939	-3.0407774075786
1.0849000215530	-2.5662768794833
1.0895999670029	-2.2079490617411
1.0943000316620	-1.9364990679306
1.0989999771118	-1.7263729701033
1.1037000417709	-1.5570202847300
1.1083999872208	-1.4139235783830
1.1131000518799	-1.2888448373533
1.1177999973297	-1.1790166091825
1.1224999427795	-1.0854688579642
1.1272000074387	-1.0109350338186
1.1318999528885	-0.95789150156449
1.1366000175476	-0.92713601734783
1.1412999629974	-0.91713216942480
1.1460000276566	-0.92411070362413
1.1506999731064	-0.94280236361143
1.1554000377655	-0.96753048043709
1.1600999832153	-0.99340092358206
1.1648000478745	-1.0172392792628
1.1694999933243	-1.0380787836988
1.1742000579834	-1.0570455676614
1.1789000034332	-1.0767325002376
1.1835999488831	-1.1002425265199
1.1883000135422	-1.1302314043082
1.1929999589920	-1.1681416976285
1.1977000236511	-1.2138631379971
1.2023999691010	-1.2658035516753
1.2071000337601	-1.3213376976808
1.2117999792099	-1.3774993950759
1.2165000438690	-1.4317244692953
1.2211999893188	-1.4824717032780
1.2259000539780	-1.5295321660165
1.2305999994278	-1.5739912768228
1.2352999448776	-1.6178309633143
1.2400000095367	-1.6633294176335
1.2446999549866	-1.7124326036007
1.2494000196457	-1.7662452170523
1.2540999650955	-1.8247902037230
1.2588000297546	-1.8870461268311
1.2634999752045	-1.9512554046815
1.2682000398636	-2.0154116806801
1.2728999853134	-2.0777705337378
1.2776000499725	-2.1373115040825
1.2822999954224	-2.1939566417333
1.2869999408722	-2.2485621028515
1.2917000055313	-2.3026472594431
1.2963999509811	-2.3579653295798
1.3011000156403	-2.4160407392194
1.3057999610901	-2.4777861389369
1.3105000257492	-2.5433087444583
1.3151999711990	-2.6119166115368
1.3199000358582	-2.6823375096990
1.3245999813080	-2.7530672918442
1.3293000459671	-2.8227747502104
1.3339999914169	-2.8906454881192
1.3387000560760	-2.9565897172522
1.3434000015259	-3.0212540981875
1.3480999469757	-3.0858323565773
1.3528000116348	-3.1517578724827
1.3574999570847	-3.2203360717560
1.3622000217438	-3.2924292946167
1.3668999671936	-3.3682796210889
1.3716000318527	-3.4474781845276
1.3762999773026	-3.5291065481979
1.3810000419617	-3.6119988467547
1.3856999874115	-3.6950592209188
1.3904000520706	-3.7775584631089
1.3950999975204	-3.8593313952102
1.3997999429703	-3.9408284606496
1.4045000076294	-4.0230074835731
1.4091999530792	-4.1071022372858
1.4139000177383	-4.1943340785426
1.4185999631882	-4.2856300376317
1.4233000278473	-4.3814342953304
1.4279999732971	-4.4816421464278
1.4327000379562	-4.5856591188053
1.4373999834061	-4.6925933127571
1.4421000480652	-4.8015098260245
1.4467999935150	-4.9116901165266
1.4515000581741	-5.0228473072737
1.4562000036240	-5.1352309119817
1.4608999490738	-5.2495963176596
1.4656000137329	-5.3670529862673
1.4702999591827	-5.4888277172875
1.4750000238419	-5.6160134430575
1.4796999692917	-5.7493521956287
1.4844000339508	-5.8891019862474
1.4890999794006	-6.0350305946758
1.4938000440598	-6.1865147220448
1.4984999895096	-6.3427340582308
1.5032000541687	-6.5029212543015
1.5078999996185	-6.6666007293713
1.5125999450684	-6.8337546215338
1.5173000097275	-7.0049005247956
1.5219999551773	-7.1810228497530
1.5267000198364	-7.3634065502323
1.5313999652863	-7.5533934856161
1.5361000299454	-7.7521310107105
1.5407999753952	-7.9603633198463
1.5455000400543	-8.1783077113729
1.5501999855042	-8.4056548821842
1.5549000501633	-8.6416884807361
1.5595999956131	-8.8855011218756
1.5642999410629	-9.1362720845700
1.5690000057220	-9.3935339755753
1.5736999511719	-9.6573751092466
1.5784000158310	-9.9285110971458
1.5830999612808	-10.208219921231
1.5878000259399	-10.498131884429
1.5924999713898	-10.799932156694
1.5972000360489	-11.115043482403
1.6018999814987	-11.444342176984
1.6066000461578	-11.787991794083
1.6112999916077	-12.145417701938
1.6160000562668	-12.515443643986
1.6207000017166	-12.896567363697
1.6253999471664	-13.287333482413
1.6301000118256	-13.686717309000
1.6347999572754	-14.094414571540
1.6395000219345	-14.510941716600
1.6441999673843	-14.937555490905
1.6489000320435	-15.375905853502
1.6535999774933	-15.827571477387
1.6583000421524	-16.293490275742
1.6629999876022	-16.773465016549
1.6677000522614	-17.265759785504
1.6723999977112	-17.766887745029
1.6770999431610	-18.271644406418
1.6818000078201	-18.773350370250
1.6864999532700	-19.264297782403
1.6912000179291	-19.736253535963
1.6958999633789	-20.181063373923
1.7006000280380	-20.591035066297
1.7052999734879	-20.959312795767
1.7100000381470	-21.280100831579
1.7146999835968	-21.548777475981
1.7194000482559	-21.762181940404
1.7240999937057	-21.918669749931
1.7288000583649	-22.018253240856
1.7335000038147	-22.062472892994
1.7381999492645	-22.054175431476
1.7429000139236	-21.997202506835
1.7475999593735	-21.896169998752
1.7523000240326	-21.756363515921
1.7569999694824	-21.583802437815
1.7617000341415	-21.385309576448
1.7663999795914	-21.168389755759
1.7711000442505	-20.940960879811
1.7757999897003	-20.710816663364
1.7805000543594	-20.484965703334
1.7851999998093	-20.269037827216
1.7898999452591	-20.066798114213
1.7946000099182	-19.879977838218
1.7992999553680	-19.708365756934
1.8040000200272	-19.550221468370
1.8086999654770	-19.402917791632
1.8134000301361	-19.263714147837
1.8180999755859	-19.130504210299
1.8228000402451	-19.002366907509
1.8274999856949	-18.879828475009
1.8322000503540	-18.764703165410
1.8368999958038	-18.659641057679
1.8415999412537	-18.567474549222
1.8463000059128	-18.490568440915
1.8509999513626	-18.430250959198
1.8557000160217	-18.386562993082
1.8603999614716	-18.358257142659
1.8651000261307	-18.343085980036
1.8697999715805	-18.338331025578
1.8745000362396	-18.341454841005
1.8791999816895	-18.350682428527
1.8839000463486	-18.365467619915
1.8885999917984	-18.386621707276
1.8933000564575	-18.416113640104
1.8980000019073	-18.456633379839
1.9026999473572	-18.510979137926
1.9074000120163	-18.581445722395
1.9120999574661	-18.669379996401
1.9168000221252	-18.774951343924
1.9214999675751	-18.897201201865
1.9262000322342	-19.034350861942
1.9308999776840	-19.184318023966
1.9356000423431	-19.345353472118
1.9402999877930	-19.516577854151
1.9450000524521	-19.698416193682
1.9496999979019	-19.892679942527
1.9543999433517	-20.102374759358
1.9591000080109	-20.331253042881
1.9637999534607	-20.583211141223
1.9685000181198	-20.861695854573
1.9731999635696	-21.169273013458
1.9779000282288	-21.507352352851
1.9825999736786	-21.876235935475
1.9873000383377	-22.275371421925
1.9919999837875	-22.703815339564
1.9967000484467	-23.160857235976
2.0013999938965	-23.646482965270
2.0060999393463	-24.161753113074
2.0107998847961	-24.708623519015
2.0155000686646	-25.289312487843
2.0202000141144	-25.904841306461
2.0248999595642	-26.552766590778
2.0295999050140	-27.223907386746
2.0343000888824	-27.897949299543
2.0390000343323	-28.538575299132
2.0436999797821	-29.090403762100
2.0483999252319	-29.482773209037
2.0531001091003	-29.646303677299
2.0578000545502	-29.539769171914
2.0625000000000	-29.169982169708
2.0671999454498	-28.587031422773
2.0718998908997	-27.859783355223
2.0766000747681	-27.052762462282
2.0813000202179	-26.215162945077
2.0859999656677	-25.380417790608
2.0906999111176	-24.569568970631
2.0954000949860	-23.795045577621
2.1001000404358	-23.063438861942
2.1047999858856	-22.377314959038
2.1094999313354	-21.736412457877
2.1142001152039	-21.138450278540
2.1189000606537	-20.579837244644
2.1236000061035	-20.056285583613
2.1282999515533	-19.563436172061
2.1329998970032	-19.097377002855
2.1377000808716	-18.655050449654
2.1424000263214	-18.234465910386
2.1470999717712	-17.834669912160
2.1517999172211	-17.455569038170
2.1565001010895	-17.097527262805
2.1612000465393	-16.761000248992
2.1658999919891	-16.446121689397
2.1705999374390	-16.152465200476
2.1752998828888	-15.878938483799
2.1800000667572	-15.623840635428
2.1847000122070	-15.385068448398
2.1893999576569	-15.160429764433
2.1940999031067	-14.947964215382
2.1988000869751	-14.746235932583
2.2035000324249	-14.554480813716
2.2081999778748	-14.372624890405
2.2128999233246	-14.201140928539
2.2176001071930	-14.040780244674
2.2223000526428	-13.892271612469
2.2269999980927	-13.756040031557
2.2316999435425	-13.632019319279
2.2363998889923	-13.519573394221
2.2411000728607	-13.417599697303
2.2458000183105	-13.324682713872
2.2504999637604	-13.239396422317
2.2551999092102	-13.160551137322
2.2599000930786	-13.087418997191
2.2646000385284	-13.019829969578
2.2692999839783	-12.958142675924
2.2739999294281	-12.903085046313
2.2787001132965	-12.855515233097
2.2834000587463	-12.816155684189
2.2881000041962	-12.785378212876
2.2927999496460	-12.763065536362
2.2974998950958	-12.748629044764
2.3022000789642	-12.741104654187
2.3069000244141	-12.739372086021
2.3115999698639	-12.742401467204
2.3162999153137	-12.749481011000
2.3210000991821	-12.760375582075
2.3257000446320	-12.775351637138
2.3303999900818	-12.795101972749
2.3350999355316	-12.820546670690
2.3397998809814	-12.852601126686
2.3445000648499	-12.891925766837
2.3492000102997	-12.938775978129
2.3538999557495	-12.992932710998
2.3585999011993	-13.053758248056
2.3633000850677	-13.120360652910
2.3680000305176	-13.191818326989
2.3726999759674	-13.267429195076
2.3773999214172	-13.346892183800
2.3821001052856	-13.430408908062
2.3868000507355	-13.518661252842
2.3914999961853	-13.612656771130
2.3961999416351	-13.713513563841
2.4008998870850	-13.822208010672
2.4056000709534	-13.939377755970
2.4103000164032	-14.065185988462
2.4149999618530	-14.199339460477
2.4196999073029	-14.341177971332
2.4244000911713	-14.489910705341
2.4291000366211	-14.644838905679
2.4337999820709	-14.805631584421
2.4384999275208	-14.972452987602
2.4432001113892	-15.146038598320
2.4479000568390	-15.327591585107
2.4526000022888	-15.518597577842
2.4572999477386	-15.720551521431
2.4619998931885	-15.934719199150
2.4667000770569	-16.161908731795
2.4714000225067	-16.402425928761
2.4760999679565	-16.656084046388
2.4807999134064	-16.922393808828
2.4855000972748	-17.200822810536
2.4902000427246	-17.491103892975
2.4948999881744	-17.793480368217
2.4995999336243	-18.108892992045
2.5043001174927	-18.438986869758
2.5090000629425	-18.785959602911
2.5137000083923	-19.152329673232
2.5183999538422	-19.540560650049
2.5230998992920	-19.952738022472
2.5278000831604	-20.390284085564
2.5325000286102	-20.853774282739
2.5371999740601	-21.342861251620
2.5418999195099	-21.856287179220
2.5466001033783	-22.391916875220
2.5513000488281	-22.946673302843
2.5559999942780	-23.516243997177
2.5606999397278	-24.094406641358
2.5653998851776	-24.671885996966
2.5701000690460	-25.234727945875
2.5748000144958	-25.762595662996
2.5794999599457	-26.227776273765
2.5841999053955	-26.596324361065
2.5889000892639	-26.832838884559
2.5936000347137	-26.908808121777
2.5982999801636	-26.811623121964
2.6029999256134	-26.549006317296
2.6077001094818	-26.145956163175
2.6124000549316	-25.636423642356
2.6171000003815	-25.054822961409
2.6217999458313	-24.430730220457
2.6264998912811	-23.787128428188
2.6312000751495	-23.140839165225
2.6359000205994	-22.503781197554
2.6405999660492	-21.884120685243
2.6452999114990	-21.287229223157
2.6500000953674	-20.716277674344
2.6547000408173	-20.172616305515
2.6593999862671	-19.656126236662
2.6640999317169	-19.165525323805
2.6688001155853	-18.698744899545
2.6735000610352	-18.253304215846
2.6782000064850	-17.826722432485
2.6828999519348	-17.416854406355
2.6875998973846	-17.022142310692
2.6923000812531	-16.641688091064
2.6970000267029	-16.275193821284
2.7016999721527	-15.922775605732
2.7063999176025	-15.584698122297
2.7111001014709	-15.261093421872
2.7158000469208	-14.951762629004
2.7204999923706	-14.656066612564
2.7251999378204	-14.372911792323
2.7298998832703	-14.100901992896
2.7346000671387	-13.838524782321
2.7393000125885	-13.584400160055
2.7439999580383	-13.337455963843
2.7486999034882	-13.097083685226
2.7534000873566	-12.863143108372
2.7581000328064	-12.635874467538
2.7627999782562	-12.415715830021
2.7674999237061	-12.203110974828
2.7722001075745	-11.998290137286
2.7769000530243	-11.801153566318
2.7815999984741	-11.611238413900
2.7862999439240	-11.427756166148
2.7909998893738	-11.249751867474
2.7957000732422	-11.076277686180
2.8004000186920	-10.906574926635
2.8050999641418	-10.740205769171
2.8097999095917	-10.577099055037
2.8145000934601	-10.417517552836
2.8192000389099	-10.261912599185
2.8238999843597	-10.110780149483
2.8285999298096	-9.9644796829022
2.8333001136780	-9.8231025477658
2.8380000591278	-9.6864345098730
2.8427000045776	-9.5539617199258
2.8473999500275	-9.4250026799062
2.8520998954773	-9.2988330760714
2.8568000793457	-9.1748621816895
2.8615000247955	-9.0527487479578
2.8661999702454	-8.9324615263224
2.8708999156952	-8.8142517511556
2.8756000995636	-8.6985616627651
2.8803000450134	-8.5858806102251
2.8849999904633	-8.4766036457838
2.8896999359131	-8.3708973433423
2.8943998813629	-8.2686553988888
2.8991000652313	-8.1695183730213
2.9038000106812	-8.0729443899123
2.9084999561310	-7.9783456732186
2.9131999015808	-7.8852313866105
2.9179000854492	-7.7933188181307
2.9226000308990	-7.7025963042100
2.9272999763489	-7.6133030726625
2.9319999217987	-7.5258573559414
2.9367001056671	-7.4407244872130
2.9414000511169	-7.3582903186768
2.9460999965668	-7.2787502372454
2.9507999420166	-7.2020475075835
2.9554998874664	-7.1278931682704
2.9602000713348	-7.0558226704504
2.9649000167847	-6.9853296812840
2.9695999622345	-6.9159870757038
2.9742999076843	-6.8475393903900
2.9790000915527	-6.7799862264890
2.9837000370026	-6.7135482631789
2.9883999824524	-6.6486125789906
2.9930999279022	-6.5856140958341
2.9978001117706	-6.5249181019345
3.0025000572205	-6.4667166190607
3.0072000026703	-6.4109663157971
3.0118999481201	-6.3574152432869
3.0165998935699	-6.3056442864781
3.0213000774384	-6.2551900955116
3.0260000228882	-6.2056608400270
3.0306999683380	-6.1568257543299
3.0353999137878	-6.1086820473897
3.0401000976562	-6.0614345202708
3.0448000431061	-6.0154512834122
3.0494999885559	-5.9711333908264
3.0541999340057	-5.9288238287942
3.0589001178741	-5.8887007400272
3.0636000633240	-5.8507275886972
3.0683000087738	-5.8146627102576
3.0729999542236	-5.7801142301070
3.0776998996735	-5.7466471894974
3.0824000835419	-5.7138920755292
3.0871000289917	-5.6816368233601
3.0917999744415	-5.6498787319725
3.0964999198914	-5.6188173119259
3.1012001037598	-5.5887950988116
3.1059000492096	-5.5602007192043
3.1105999946594	-5.5333585488755
3.1152999401093	-5.5084285355090
3.1199998855591	-5.4853783101705
3.1247000694275	-5.4639669264259
3.1294000148773	-5.4438235620641
3.1340999603271	-5.4245297932461
3.1387999057770	-5.4057345348850
3.1435000896454	-5.3872349122761
3.1482000350952	-5.3690408580573
3.1528999805450	-5.3513452376549
3.1575999259949	-5.3344788896904
3.1623001098633	-5.3188162117783
3.1670000553131	-5.3046575982095
3.1717000007629	-5.2921521854786
3.1763999462128	-5.2812539239905
3.1810998916626	-5.2717208476598
3.1858000755310	-5.2631782790750
3.1905000209808	-5.2552153004143
3.1951999664307	-5.2474897213691
3.1998999118805	-5.2398031478768
3.2046000957489	-5.2321635870870
3.2093000411987	-5.2247623335838
3.2139999866486	-5.2179191730004
3.2186999320984	-5.2119818070083
3.2234001159668	-5.2072272058911
3.2281000614166	-5.2037756543816
3.2328000068665	-5.2015426846072
3.2374999523163	-5.2002632254165
3.2421998977661	-5.1995359166708
3.2469000816345	-5.1989294097402
3.2516000270844	-5.1980830409150
3.2562999725342	-5.1967849485016
3.2609999179840	-5.1950247068521
3.2657001018524	-5.1929699330337
3.2704000473022	-5.1909018742195
3.2750999927521	-5.1891208764435
3.2797999382019	-5.1878473537665
3.2844998836517	-5.1871262108507
3.2892000675201	-5.1867988519283
3.2939000129700	-5.1865217651682
3.2985999584198	-5.1858215162016
3.3032999038696	-5.1841971807821
3.3080000877380	-5.1812394789358
3.3127000331879	-5.1766848711259
3.3173999786377	-5.1704738598294
3.3220999240875	-5.1627269067098
3.3268001079559	-5.1536634275631
3.3315000534058	-5.1435093354346
3.3361999988556	-5.1323915462194
3.3408999443054	-5.1202651711482
3.3455998897552	-5.1068755692309
3.3503000736237	-5.0917913760632
3.3550000190735	-5.0744837576910
3.3596999645233	-5.0544283542516
3.3643999099731	-5.0312179510198
3.3691000938416	-5.0046327383347
3.3738000392914	-4.9746785668601
3.3784999847412	-4.9415478811615
3.3831999301910	-4.9055500195987
3.3879001140594	-4.8670035069659
3.3926000595093	-4.8261450148472
3.3973000049591	-4.7830510402580
3.4019999504089	-4.7376387103960
3.4066998958588	-4.6897011641834
3.4114000797272	-4.6389918908133
3.4161000251770	-4.5853277755690
3.4207999706268	-4.5286901346189
3.4254999160767	-4.4692812991736
3.4302000999451	-4.4075269820540
3.4349000453949	-4.3440337315911
3.4395999908447	-4.2794980100881
3.4442999362946	-4.2145956819973
3.4489998817444	-4.1498950451025
3.4537000656128	-4.0858005041404
3.4584000110626	-4.0225333406564
3.4630999565125	-3.9601907097786
3.4677999019623	-3.8988016264007
3.4725000858307	-3.8384290119586
3.4772000312805	-3.7792361565502
3.4818999767303	-3.7215308244579
3.4865999221802	-3.6657586219391
3.4913001060486	-3.6124544535485
3.4960000514984	-3.5621648216660
3.5006999969482	-3.5153603100858
3.5053999423981	-3.4723606540094
3.5100998878479	-3.4332930851420
3.5148000717163	-3.3981012783340
3.5195000171661	-3.3665795240962
3.5241999626160	-3.3384554319161
3.5288999080658	-3.3134652420834
3.5336000919342	-3.2914348129527
3.5383000373840	-3.2723163114857
3.5429999828339	-3.2561989680084
3.5476999282837	-3.2432660273729
3.5524001121521	-3.2337339344695
3.5571000576019	-3.2277761398511
3.5618000030518	-3.2254556872159
3.5664999485016	-3.2266848702194
3.5711998939514	-3.2312282883770
3.5759000778198	-3.2387313167051
3.5806000232697	-3.2487974027903
3.5852999687195	-3.2610588106093
3.5899999141693	-3.2752432718784
3.5947000980377	-3.2912320525930
3.5994000434875	-3.3090543735310
3.6040999889374	-3.3288587293920
3.6087999343872	-3.3508495083258
3.6135001182556	-3.3752113612823
3.6182000637054	-3.4020379402892
3.6229000091553	-3.4312828795341
3.6275999546051	-3.4627551496873
3.6322999000549	-3.4961515126100
3.6370000839233	-3.5311129211995
3.6417000293732	-3.5673055313214
3.6463999748230	-3.6044979620673
3.6510999202728	-3.6426058324206
3.6558001041412	-3.6816976875823
3.6605000495911	-3.7219747916109
3.6651999950409	-3.7637033752359
3.6698999404907	-3.8071271541096
3.6745998859406	-3.8524056678715
3.6793000698090	-3.8995457188683
3.6840000152588	-3.9484017141959
3.6886999607086	-3.9986968119455
3.6933999061584	-4.0500843643499
3.6981000900269	-4.1022434495255
3.7028000354767	-4.1549419063257
3.7074999809265	-4.2081038113893
3.7121999263763	-4.2618182564519
3.7169001102448	-4.3163139790427
3.7216000556946	-4.3718868423167
3.7263000011444	-4.4288172022609
3.7309999465942	-4.4872840359721
3.7356998920441	-4.5473031363947
3.7404000759125	-4.6087115373853
3.7451000213623	-4.6711971248478
3.7497999668121	-4.7343661499778
3.7544999122620	-4.7978374016101
3.7592000961304	-4.8613331032028
3.7639000415802	-4.9247347898990
3.7685999870300	-4.9881150143584
3.7732999324799	-5.0516933792671
3.7780001163483	-5.1157681662888
3.7827000617981	-5.1806132785046
3.7874000072479	-5.2463833211472
3.7920999526978	-5.3130449212151
3.7967998981476	-5.3803561827165
3.8015000820160	-5.4479045273859
3.8062000274658	-5.5151856560564
3.8108999729156	-5.5817137385652
3.8155999183655	-5.6471215249154
3.8203001022339	-5.7112376499057
3.8250000476837	-5.7741084628044
3.8296999931335	-5.8359483385609
3.8343999385834	-5.8970605205594
3.8390998840332	-5.9577087824040
3.8438000679016	-6.0180155329953
3.8485000133514	-6.0778820761640
3.8531999588013	-6.1369804958113
3.8578999042511	-6.1947944741959
3.8626000881195	-6.2507348099574
3.8673000335693	-6.3042621274237
3.8719999790192	-6.3550051858007
3.8766999244690	-6.4028489179392
3.8814001083374	-6.4479344471009
3.8861000537872	-6.4905995780277
3.8907999992371	-6.5312733142437
3.8954999446869	-6.5703235669835
3.9001998901367	-6.6079441047283
3.9049000740051	-6.6440824700065
3.9096000194550	-6.6784405891285
3.9142999649048	-6.7105512132143
3.9189999103546	-6.7399033552554
3.9237000942230	-6.7660933645784
3.9284000396729	-6.7889470604969
3.9330999851227	-6.8085848449853
3.9377999305725	-6.8254093094089
3.9425001144409	-6.8400123211001
3.9472000598907	-6.8530342274258
3.9519000053406	-6.8650094780205
3.9565999507904	-6.8762515307303
3.9612998962402	-6.8867875357319
3.9660000801086	-6.8963927605796
3.9707000255585	-6.9046785551712
3.9753999710083	-6.9112482634869
3.9800999164581	-6.9158411100355
3.9848001003265	-6.9184467025974
3.9895000457764	-6.9193604207153
3.9941999912262	-6.9191317940121
3.9988999366760	-6.9184601523539
4.0036001205444	-6.9180429930123
4.0082998275757	-6.9184209612920
4.0130000114441	-6.9198679494611
4.0177001953125	-6.9223527895289
4.0223999023438	-6.9255870780600
4.0271000862122	-6.9291369201835
4.0317997932434	-6.9325684437098
4.0364999771118	-6.9356119602762
4.0412001609802	-6.9382575026265
4.0458998680115	-6.9407945753703
4.0506000518799	-6.9437566445725
4.0553002357483	-6.9478058666254
4.0599999427795	-6.9535720166197
4.0647001266479	-6.9615087183085
4.0693998336792	-6.9717871647194
4.0741000175476	-6.9842715379049
4.0788002014160	-6.9985661364155
4.0834999084473	-7.0141414776881
4.0882000923157	-7.0304930047055
4.0928997993469	-7.0472879948581
4.0975999832153	-7.0644745384079
4.1023001670837	-7.0823111386157
4.1069998741150	-7.1013078905411
4.1117000579834	-7.1221014625291
4.1163997650146	-7.1452941699598
4.1210999488831	-7.1712998579676
4.1258001327515	-7.2002399998622
4.1304998397827	-7.2319139758418
4.1352000236511	-7.2658571251589
4.1399002075195	-7.3014719912638
4.1445999145508	-7.3381921485810
4.1493000984192	-7.3756454048227
4.1539998054504	-7.4137646830438
4.1586999893188	-7.4528203204036
4.1634001731873	-7.4933631459614
4.1680998802185	-7.5360838723528
4.1728000640869	-7.5816447875579
4.1774997711182	-7.6305064672337
4.1821999549866	-7.6828170360324
4.1869001388550	-7.7383744129418
4.1915998458862	-7.7966927293874
4.1963000297546	-7.8571364923425
4.2010002136230	-7.9191074227317
4.2056999206543	-7.9822255450053
4.2104001045227	-8.0464575380846
4.2150998115540	-8.1121551341231
4.2197999954224	-8.1799923844790
4.2245001792908	-8.2508067013746
4.2291998863220	-8.3254047409579
4.2339000701904	-8.4043601948921
4.2385997772217	-8.4878699829579
4.2432999610901	-8.5757025618421
4.2480001449585	-8.6672514424366
4.2526998519897	-8.7616883980704
4.2574000358582	-8.8581701769389
4.2621002197266	-8.9560553453059
4.2667999267578	-9.0550651893735
4.2715001106262	-9.1553461890812
4.2761998176575	-9.2574044140623
4.2809000015259	-9.3619445479248
4.2856001853943	-9.4696301915886
4.2902998924255	-9.5808548579675
4.2950000762939	-9.6955718844925
4.2996997833252	-9.8132413167963
4.3043999671936	-9.9329117941821
4.3091001510620	-10.053423603602
4.3137998580933	-10.173690262356
4.3185000419617	-10.292987104239
4.3232002258301	-10.411150383105
4.3278999328613	-10.528647537737
4.3326001167297	-10.646467314851
4.3372998237610	-10.765868911038
4.3420000076294	-10.888047486773
4.3467001914978	-11.013819192631
4.3513998985291	-11.143385776711
4.3561000823975	-11.276274286702
4.3607997894287	-11.411452841832
4.3654999732971	-11.547611870270
4.3702001571655	-11.683536327301
4.3748998641968	-11.818480258965
4.3796000480652	-11.952416395867
4.3843002319336	-12.086101782953
4.3889999389648	-12.220902234898
4.3937001228333	-12.358448245926
4.3983998298645	-12.500187245071
4.4031000137329	-12.646975360033
4.4078001976013	-12.798807872754
4.4124999046326	-12.954776361223
4.4172000885010	-13.113265992018
4.4218997955322	-13.272372688054
4.4265999794006	-13.430431154771
4.4313001632690	-13.586503344827
4.4359998703003	-13.740689591798
4.4407000541687	-13.894141966869
4.4454002380371	-14.048762391846
4.4500999450684	-14.206660321159
4.4548001289368	-14.369521371547
4.4594998359680	-14.538063622656
4.4642000198364	-14.711723645690
4.4689002037048	-14.888691484303
4.4735999107361	-15.066290057260
4.4783000946045	-15.241638727127
4.4829998016357	-15.412439431844
4.4876999855042	-15.577633937616
4.4924001693726	-15.737726906711
4.4970998764038	-15.894624391161
4.5018000602722	-16.051016441883
4.5064997673035	-16.209475497970
4.5111999511719	-16.371544546487
4.5159001350403	-16.537057027785
4.5205998420715	-16.703908976641
4.5253000259399	-16.868373848924
4.5300002098083	-17.025946259273
4.5346999168396	-17.172479530468
4.5394001007080	-17.305353995762
4.5440998077393	-17.424188934911
4.5487999916077	-17.530879624666
4.5535001754761	-17.628845117667
4.5581998825073	-17.721766702650
4.5629000663757	-17.812197693265
4.5675997734070	-17.900522532354
4.5722999572754	-17.984515938284
4.5770001411438	-18.059738505056
4.5816998481750	-18.120685118556
4.5864000320435	-18.162368629912
4.5911002159119	-18.181918096150
4.5957999229431	-18.179551359346
4.6005001068115	-18.158509663418
4.6051998138428	-18.124022368476
4.6098999977112	-18.081647906152
4.6146001815796	-18.035574853932
4.6192998886108	-17.987456804433
4.6240000724792	-17.936031070982
4.6286997795105	-17.877709124640
4.6333999633789	-17.807835153640
4.6381001472473	-17.722364104266
4.6427998542786	-17.619396218436
4.6475000381470	-17.499982652993
4.6522002220154	-17.367994137519
4.6568999290466	-17.229059289605
4.6616001129150	-17.088996160150
4.6662998199463	-16.952306266129
4.6710000038147	-16.821120549423
4.6757001876831	-16.694883920571
4.6803998947144	-16.570778976095
4.6851000785828	-16.444768856370
4.6897997856140	-16.312952617052
4.6944999694824	-16.172906755426
4.6992001533508	-16.024524000822
4.7038998603821	-15.870138048999
4.7086000442505	-15.713880720532
4.7133002281189	-15.560525691376
4.7179999351501	-15.414210985749
4.7227001190186	-15.277417780046
4.7273998260498	-15.150425971263
4.7321000099182	-15.031390132867
4.7368001937866	-14.916950123091
4.7414999008179	-14.803257440285
4.7462000846863	-14.687116684620
4.7508997917175	-14.566972221968
4.7555999755859	-14.443369598013
4.7603001594543	-14.318827223309
4.7649998664856	-14.197119652026
4.7697000503540	-14.082215446373
4.7744002342224	-13.977236844729
4.7790999412537	-13.883660154384
4.7838001251221	-13.800982314191
4.7884998321533	-13.726906325530
4.7932000160217	-13.657979100185
4.7979001998901	-13.590555190061
4.8025999069214	-13.521836471090
4.8073000907898	-13.450679145235
4.8119997978210	-13.377933065741
4.8166999816895	-13.306199698827
4.8214001655579	-13.239069378663
4.8260998725891	-13.180065376177
4.8308000564575	-13.131606625848
4.8354997634888	-13.094231768067
4.8401999473572	-13.066275008572
4.8449001312256	-13.044065978008
4.8495998382568	-13.022624484363
4.8543000221252	-12.996729587167
4.8590002059937	-12.962109930449
4.8636999130249	-12.916447223266
4.8684000968933	-12.859846343899
4.8730998039246	-12.794656116523
4.8777999877930	-12.724671140504
4.8825001716614	-12.654018078876
4.8871998786926	-12.586055927665
4.8919000625610	-12.522637391326
4.8965997695923	-12.463827987625
4.9012999534607	-12.408192534599
4.9060001373291	-12.353509514327
4.9106998443604	-12.297654303218
4.9154000282288	-12.239506220216
4.9201002120972	-12.179458649782
4.9247999191284	-12.119491672783
4.9295001029968	-12.062690873104
4.9341998100281	-12.012425823582
4.9388999938965	-11.971413716952
4.9436001777649	-11.940939397227
4.9482998847961	-11.920411326390
4.9530000686646	-11.907414557925
4.9576997756958	-11.898208091289
4.9623999595642	-11.888590678533
4.9671001434326	-11.874948953599
4.9717998504639	-11.855142052357
4.9765000343323	-11.828998901232
4.9812002182007	-11.798170083395
4.9858999252319	-11.765437194875
4.9906001091003	-11.733609539643
4.9952998161316	-11.704381778009
5.0000000000000	-11.677467896523
#Parameters = {R_fat=48; R_glandular=38; R_skin_outer=50; T10=5; T15=7.5; T5=2.5; T_rad=4; T_x=10; T_y=0; T_z=75; Zc=65; skin_thickness=2; Mesh Pass=5}
#"Frequency / GHz"	"S1,1 (Mesh Pass=5) [Magnitude / dB]"
#-------------------------------------------------------
0.30000001192093	-22.944935390358
0.30469998717308	-23.924391135895
0.30939999222755	-24.192635221298
0.31409999728203	-23.664476501802
0.31880000233650	-22.785064045355
0.32350000739098	-22.020688133465
0.32820001244545	-21.629194524194
0.33289998769760	-21.748346732848
0.33759999275208	-22.502265505492
0.34229999780655	-24.072322591197
0.34700000286102	-26.658189739676
0.35170000791550	-29.097663686444
0.35640001296997	-26.551099744192
0.36109998822212	-22.029174772731
0.36579999327660	-18.389641855507
0.37049999833107	-15.578656337557
0.37520000338554	-13.369301190175
0.37990000844002	-11.623923930410
0.38460001349449	-10.265855250587
0.38929998874664	-9.2502004833391
0.39399999380112	-8.5456817718142
0.39869999885559	-8.1245826693815
0.40340000391006	-7.9589442486364
0.40810000896454	-8.0211538747042
0.41280001401901	-8.2866102780561
0.41749998927116	-8.7362843309018
0.42219999432564	-9.3577314778768
0.42689999938011	-10.143673648513
0.43160000443459	-11.086839814437
0.43630000948906	-12.168190249201
0.44100001454353	-13.333777709119
0.44569998979568	-14.459628835152
0.45039999485016	-15.333920809403
0.45509999990463	-15.739541237244
0.45980000495911	-15.638866707168
0.46450001001358	-15.218835448002
0.46919998526573	-14.720312679532
0.47389999032021	-14.305770007127
0.47859999537468	-14.051647065697
0.48330000042915	-13.981972642560
0.48800000548363	-14.093391751887
0.49270001053810	-14.365144377318
0.49739998579025	-14.758070737673
0.50209999084473	-15.207634252323
0.50679999589920	-15.619576897800
0.51150000095367	-15.884082740513
0.51620000600815	-15.919571120827
0.52090001106262	-15.721046819751
0.52560001611710	-15.361841260447
0.53030002117157	-14.946144658920
0.53500002622604	-14.562621975678
0.53969997167587	-14.267318277423
0.54439997673035	-14.086442925955
0.54909998178482	-14.023533197107
0.55379998683929	-14.063909899123
0.55849999189377	-14.175817787118
0.56319999694824	-14.311036123674
0.56790000200272	-14.409965326719
0.57260000705719	-14.415751660065
0.57730001211166	-14.295082079568
0.58200001716614	-14.052725902136
0.58670002222061	-13.727436055548
0.59140002727509	-13.372910225183
0.59609997272491	-13.038569609450
0.60079997777939	-12.759283325797
0.60549998283386	-12.552998892615
0.61019998788834	-12.421873613415
0.61489999294281	-12.353928189352
0.61959999799728	-12.324843948939
0.62430000305176	-12.301189350927
0.62900000810623	-12.246841241415
0.63370001316071	-12.132628758271
0.63840001821518	-11.945838820999
0.64310002326965	-11.694121563031
0.64780002832413	-11.401302824568
0.65249997377396	-11.098030595103
0.65719997882843	-10.812668500009
0.66189998388290	-10.565561177400
0.66659998893738	-10.366662786333
0.67129999399185	-10.215280649897
0.67599999904633	-10.100943407578
0.68070000410080	-10.005428669729
0.68540000915527	-9.9063069450610
0.69010001420975	-9.7821721807921
0.69480001926422	-9.6184500209961
0.69950002431870	-9.4115355876013
0.70420002937317	-9.1692923392881
0.70889997482300	-8.9077519238163
0.71359997987747	-8.6458860449120
0.71829998493195	-8.4006822779413
0.72299998998642	-8.1837871814129
0.72769999504089	-7.9998410896711
0.73240000009537	-7.8461772919229
0.73710000514984	-7.7136719807625
0.74180001020432	-7.5887279582528
0.74650001525879	-7.4563732070460
0.75120002031326	-7.3039873084247
0.75590002536774	-7.1246452172814
0.76059997081757	-6.9188214509266
0.76529997587204	-6.6938155583997
0.76999998092651	-6.4612617805452
0.77469998598099	-6.2338469255466
0.77939999103546	-6.0222858316428
0.78409999608994	-5.8331999443588
0.78880000114441	-5.6680473777621
0.79350000619888	-5.5230749827421
0.79820001125336	-5.3902687745264
0.80290001630783	-5.2592354785252
0.80760002136230	-5.1197252355278
0.81230002641678	-4.9642848195269
0.81699997186661	-4.7901761898000
0.82169997692108	-4.5999520631963
0.82639998197556	-4.4005443772672
0.83109998703003	-4.2012536429606
0.83579999208450	-4.0113785671331
0.84049999713898	-3.8381027200921
0.84520000219345	-3.6850144418685
0.84990000724792	-3.5515029539300
0.85460001230240	-3.4329780248241
0.85930001735687	-3.3220136929854
0.86400002241135	-3.2101826189537
0.86870002746582	-3.0902368294084
0.87339997291565	-2.9580618632131
0.87809997797012	-2.8137920453329
0.88279998302460	-2.6617525822165
0.88749998807907	-2.5092796985566
0.89219999313354	-2.3648395245505
0.89689999818802	-2.2360037567533
0.90160000324249	-2.1277447644358
0.90630000829697	-2.0413809791051
0.91100001335144	-1.9743654135550
0.91570001840591	-1.9209559034348
0.92040002346039	-1.8736974342638
0.92510002851486	-1.8254494963394
0.92979997396469	-1.7714604383919
0.93449997901917	-1.7109009688239
0.93919998407364	-1.6473674219815
0.94389998912811	-1.5881892080960
0.94859999418259	-1.5427738520849
0.95329999923706	-1.5204916750900
0.95800000429153	-1.5286587134746
0.96270000934601	-1.5710881900959
0.96740001440048	-1.6475044964872
0.97210001945496	-1.7539995556245
0.97680002450943	-1.8845043919173
0.98150002956390	-2.0331121664744
0.98619997501373	-2.1968310920424
0.99089998006821	-2.3781060641906
0.99559998512268	-2.5864193099007
1.0003000497818	-2.8385289274441
1.0049999952316	-3.1574294105275
1.0096999406815	-3.5706705393403
1.0144000053406	-4.1089937573592
1.0190999507904	-4.8062723095237
1.0238000154495	-5.7016237437233
1.0284999608994	-6.8446419735871
1.0332000255585	-8.3050791572120
1.0378999710083	-10.188737320349
1.0426000356674	-12.653775148545
1.0472999811172	-15.826633059633
1.0520000457764	-18.732821431356
1.0566999912262	-17.634692238840
1.0614000558853	-14.198552701918
1.0661000013351	-11.242586103983
1.0707999467850	-8.9698968222041
1.0755000114441	-7.2096412098668
1.0801999568939	-5.8286560127730
1.0849000215530	-4.7402598188920
1.0895999670029	-3.8857466624608
1.0943000316620	-3.2214596381734
1.0989999771118	-2.7114184133057
1.1037000417709	-2.3237038494109
1.1083999872208	-2.0292939329579
1.1131000518799	-1.8024454229023
1.1177999973297	-1.6218194396283
1.1224999427795	-1.4715785264748
1.1272000074387	-1.3418691450141
1.1318999528885	-1.2283657759798
1.1366000175476	-1.1309197731641
1.1412999629974	-1.0516708027553
1.1460000276566	-0.99311547042693
1.1506999731064	-0.95654773904430
1.1554000377655	-0.94119605976060
1.1600999832153	-0.94405871748549
1.1648000478745	-0.96040772547762
1.1694999933243	-0.98473264007835
1.1742000579834	-1.0118625026533
1.1789000034332	-1.0379957342039
1.1835999488831	-1.0613605104352
1.1883000135422	-1.0823284928506
1.1929999589920	-1.1030026694622
1.1977000236511	-1.1263981452101
1.2023999691010	-1.1554613132233
1.2071000337601	-1.1922254027926
1.2117999792099	-1.2372778293371
1.2165000438690	-1.2896373215365
1.2211999893188	-1.3470260743898
1.2259000539780	-1.4064647941970
1.2305999994278	-1.4650135296511
1.2352999448776	-1.5204831350136
1.2400000095367	-1.5719279787545
1.2446999549866	-1.6198057132888
1.2494000196457	-1.6657742305623
1.2540999650955	-1.7121725380390
1.2588000297546	-1.7613644503285
1.2634999752045	-1.8151233720090
1.2682000398636	-1.8741920280564
1.2728999853134	-1.9381501527579
1.2776000499725	-2.0055471763296
1.2822999954224	-2.0742982118134
1.2869999408722	-2.1422191735689
1.2917000055313	-2.2075816432496
1.2963999509811	-2.2695229222258
1.3011000156403	-2.3282493726887
1.3057999610901	-2.3849448033727
1.3105000257492	-2.4414315826725
1.3151999711990	-2.4996818492824
1.3199000358582	-2.5613211617951
1.3245999813080	-2.6272440682211
1.3293000459671	-2.6974224129620
1.3339999914169	-2.7709529172755
1.3387000560760	-2.8463046478819
1.3434000015259	-2.9217226773708
1.3480999469757	-2.9956734673740
1.3528000116348	-3.0672306125718
1.3574999570847	-3.1363061348063
1.3622000217438	-3.2036535682140
1.3668999671936	-3.2706810437882
1.3716000318527	-3.3390791159507
1.3762999773026	-3.4104113220299
1.3810000419617	-3.4857534447798
1.3856999874115	-3.5654537814258
1.3904000520706	-3.6490962065888
1.3950999975204	-3.7356234327438
1.3997999429703	-3.8236268985657
1.4045000076294	-3.9117091998279
1.4091999530792	-3.9988431451583
1.4139000177383	-4.0846373353436
1.4185999631882	-4.1694458292823
1.4233000278473	-4.2542897706271
1.4279999732971	-4.3406184869251
1.4327000379562	-4.4299688609505
1.4373999834061	-4.5236274523269
1.4421000480652	-4.6223527971818
1.4467999935150	-4.7262404764424
1.4515000581741	-4.8347309721528
1.4562000036240	-4.9467892113850
1.4608999490738	-5.0611723518417
1.4656000137329	-5.1767612020261
1.4702999591827	-5.2928608961835
1.4750000238419	-5.4094011540094
1.4796999692917	-5.5269882539135
1.4844000339508	-5.6468006792960
1.4890999794006	-5.7703378366335
1.4938000440598	-5.8991189926576
1.4984999895096	-6.0343636606985
1.5032000541687	-6.1767663591293
1.5078999996185	-6.3263820883227
1.5125999450684	-6.4826536434423
1.5173000097275	-6.6445860085569
1.5219999551773	-6.8110133205569
1.5267000198364	-6.9809173204118
1.5313999652863	-7.1537242903693
1.5361000299454	-7.3295057926692
1.5407999753952	-7.5090300399764
1.5455000400543	-7.6936560721293
1.5501999855042	-7.8850973582283
1.5549000501633	-8.0850890234353
1.5595999956131	-8.2950674063559
1.5642999410629	-8.5159029342388
1.5690000057220	-8.7477512740872
1.5736999511719	-8.9900648408431
1.5784000158310	-9.2417448172497
1.5830999612808	-9.5014413679844
1.5878000259399	-9.7679213507145
1.5924999713898	-10.040440560470
1.5972000360489	-10.319025009403
1.6018999814987	-10.604592114521
1.6066000461578	-10.898868235007
1.6112999916077	-11.204114872363
1.6160000562668	-11.522734621001
1.6207000017166	-11.856819503738
1.6253999471664	-12.207763540477
1.6301000118256	-12.575992314679
1.6347999572754	-12.960888512543
1.6395000219345	-13.360935563666
1.6441999673843	-13.774067740103
1.6489000320435	-14.198195045926
1.6535999774933	-14.631769699710
1.6583000421524	-15.074277722841
1.6629999876022	-15.526528496967
1.6677000522614	-15.990615468753
1.6723999977112	-16.469551869152
1.6770999431610	-16.966648234367
1.6818000078201	-17.484763829130
1.6864999532700	-18.025502761547
1.6912000179291	-18.588570511768
1.6958999633789	-19.171307171135
1.7006000280380	-19.768494384554
1.7052999734879	-20.372465161504
1.7100000381470	-20.973463047460
1.7146999835968	-21.560249031191
1.7194000482559	-22.120771879207
1.7240999937057	-22.642789016641
1.7288000583649	-23.114398312562
1.7335000038147	-23.524546839359
1.7381999492645	-23.863665829267
1.7429000139236	-24.124617760852
1.7475999593735	-24.303651638680
1.7523000240326	-24.401192250868
1.7569999694824	-24.421775519598
1.7617000341415	-24.373127082575
1.7663999795914	-24.264593823806
1.7711000442505	-24.105600341724
1.7757999897003	-23.904723751638
1.7805000543594	-23.669520141534
1.7851999998093	-23.407054614042
1.7898999452591	-23.124566100995
1.7946000099182	-22.829992702376
1.7992999553680	-22.531948212216
1.8040000200272	-22.239234260140
1.8086999654770	-21.959985746869
1.8134000301361	-21.700790296957
1.8180999755859	-21.465977329360
1.8228000402451	-21.257216550870
1.8274999856949	-21.073522873651
1.8322000503540	-20.911659725425
1.8368999958038	-20.766922225538
1.8415999412537	-20.634139568318
1.8463000059128	-20.508793842206
1.8509999513626	-20.387994081054
1.8557000160217	-20.271046784442
1.8603999614716	-20.159530956990
1.8651000261307	-20.056748448416
1.8697999715805	-19.966903086286
1.8745000362396	-19.894033159198
1.8791999816895	-19.841113310819
1.8839000463486	-19.809394886111
1.8885999917984	-19.798182487092
1.8933000564575	-19.804964277095
1.8980000019073	-19.825928079249
1.9026999473572	-19.856793390675
1.9074000120163	-19.893699334612
1.9120999574661	-19.934110134319
1.9168000221252	-19.977373612686
1.9214999675751	-20.024858586279
1.9262000322342	-20.079594807572
1.9308999776840	-20.145578719479
1.9356000423431	-20.226830239015
1.9402999877930	-20.326541768797
1.9450000524521	-20.446438642236
1.9496999979019	-20.586421710205
1.9543999433517	-20.744600337412
1.9591000080109	-20.917662296487
1.9637999534607	-21.101535161516
1.9685000181198	-21.292187009543
1.9731999635696	-21.486482429492
1.9779000282288	-21.682809286548
1.9825999736786	-21.881279937158
1.9873000383377	-22.083564706627
1.9919999837875	-22.292221207349
1.9967000484467	-22.509829116678
2.0013999938965	-22.738018958065
2.0060999393463	-22.976650946129
2.0107998847961	-23.223215567062
2.0155000686646	-23.472568750535
2.0202000141144	-23.716998706899
2.0248999595642	-23.946669216788
2.0295999050140	-24.150402639882
2.0343000888824	-24.316719436836
2.0390000343323	-24.435062753745
2.0436999797821	-24.496952351040
2.0483999252319	-24.496939703211
2.0531001091003	-24.433092028003
2.0578000545502	-24.307066095220
2.0625000000000	-24.123614949019
2.0671999454498	-23.889715267380
2.0718998908997	-23.613505299518
2.0766000747681	-23.303188104854
2.0813000202179	-22.966113679311
2.0859999656677	-22.608312245794
2.0906999111176	-22.234302747736
2.0954000949860	-21.847331934734
2.1001000404358	-21.449891258148
2.1047999858856	-21.044293118973
2.1094999313354	-20.633196437352
2.1142001152039	-20.219883675666
2.1189000606537	-19.808267851374
2.1236000061035	-19.402610512755
2.1282999515533	-19.007100647574
2.1329998970032	-18.625322851931
2.1377000808716	-18.259850695788
2.1424000263214	-17.911985132642
2.1470999717712	-17.581698712458
2.1517999172211	-17.267773413282
2.1565001010895	-16.968173345647
2.1612000465393	-16.680511333445
2.1658999919891	-16.402556105797
2.1705999374390	-16.132709744805
2.1752998828888	-15.870281973921
2.1800000667572	-15.615576022734
2.1847000122070	-15.369729043130
2.1893999576569	-15.134373284105
2.1940999031067	-14.911182591453
2.1988000869751	-14.701470093742
2.2035000324249	-14.505853180834
2.2081999778748	-14.324082033881
2.2128999233246	-14.155072466337
2.2176001071930	-13.997123640097
2.2223000526428	-13.848241680410
2.2269999980927	-13.706544985453
2.2316999435425	-13.570645557506
2.2363998889923	-13.439891340800
2.2411000728607	-13.314454602326
2.2458000183105	-13.195205822119
2.2504999637604	-13.083445198844
2.2551999092102	-12.980539246918
2.2599000930786	-12.887545172479
2.2646000385284	-12.804942536729
2.2692999839783	-12.732480154193
2.2739999294281	-12.669219091498
2.2787001132965	-12.613708958139
2.2834000587463	-12.564307110700
2.2881000041962	-12.519522530726
2.2927999496460	-12.478344411311
2.2974998950958	-12.440437286465
2.3022000789642	-12.406190666555
2.3069000244141	-12.376587017758
2.3115999698639	-12.352920034844
2.3162999153137	-12.336468573195
2.3210000991821	-12.328165417505
2.3257000446320	-12.328359281851
2.3303999900818	-12.336724860639
2.3350999355316	-12.352330492255
2.3397998809814	-12.373837252388
2.3445000648499	-12.399828701423
2.3492000102997	-12.429125636616
2.3538999557495	-12.461072541053
2.3585999011993	-12.495706281157
2.3633000850677	-12.533722994629
2.3680000305176	-12.576325419627
2.3726999759674	-12.624929415267
2.3773999214172	-12.680816254982
2.3821001052856	-12.744844405789
2.3868000507355	-12.817258664205
2.3914999961853	-12.897636817324
2.3961999416351	-12.985003222078
2.4008998870850	-13.078091435529
2.4056000709534	-13.175651019782
2.4103000164032	-13.276796773930
2.4149999618530	-13.381257721965
2.4196999073029	-13.489493315425
2.4244000911713	-13.602616628068
2.4291000366211	-13.722188570370
2.4337999820709	-13.849879058111
2.4384999275208	-13.987128425601
2.4432001113892	-14.134856084036
2.4479000568390	-14.293284172491
2.4526000022888	-14.461959198395
2.4572999477386	-14.639909687510
2.4619998931885	-14.825961463245
2.4667000770569	-15.019097046060
2.4714000225067	-15.218835579442
2.4760999679565	-15.425493220075
2.4807999134064	-15.640235886565
2.4855000972748	-15.865024995662
2.4902000427246	-16.102265789437
2.4948999881744	-16.354472439457
2.4995999336243	-16.623838262528
2.5043001174927	-16.911945590722
2.5090000629425	-17.219587527643
2.5137000083923	-17.546841756323
2.5183999538422	-17.893305270664
2.5230998992920	-18.258513433792
2.5278000831604	-18.642505552694
2.5325000286102	-19.046296954638
2.5371999740601	-19.472338072758
2.5418999195099	-19.924675300427
2.5466001033783	-20.408921672744
2.5513000488281	-20.932030828423
2.5559999942780	-21.501904099649
2.5606999397278	-22.127145789154
2.5653998851776	-22.816886145753
2.5701000690460	-23.581052850171
2.5748000144958	-24.431114180430
2.5794999599457	-25.381529822703
2.5841999053955	-26.452328389296
2.5889000892639	-27.673370671267
2.5936000347137	-29.091536111344
2.5982999801636	-30.783924668223
2.6029999256134	-32.884653431569
2.6077001094818	-35.646511146410
2.6124000549316	-39.586918607277
2.6171000003815	-45.211636371056
2.6217999458313	-44.369760157761
2.6264998912811	-38.770004869296
2.6312000751495	-34.935005476096
2.6359000205994	-32.203783878252
2.6405999660492	-30.110305219449
2.6452999114990	-28.423585119210
2.6500000953674	-27.015975604254
2.6547000408173	-25.809292717640
2.6593999862671	-24.751917528458
2.6640999317169	-23.808078052269
2.6688001155853	-22.952622929783
2.6735000610352	-22.168016361627
2.6782000064850	-21.442333322995
2.6828999519348	-20.767780120339
2.6875998973846	-20.139325022420
2.6923000812531	-19.553545106555
2.6970000267029	-19.007695553264
2.7016999721527	-18.498985996004
2.7063999176025	-18.024234725377
2.7111001014709	-17.579737095888
2.7158000469208	-17.161427177762
2.7204999923706	-16.765203736042
2.7251999378204	-16.387299671540
2.7298998832703	-16.024685521689
2.7346000671387	-15.675298221674
2.7393000125885	-15.338111625097
2.7439999580383	-15.012989754108
2.7486999034882	-14.700376220114
2.7534000873566	-14.400910977843
2.7581000328064	-14.115029125303
2.7627999782562	-13.842695251957
2.7674999237061	-13.583241434723
2.7722001075745	-13.335404336860
2.7769000530243	-13.097491935833
2.7815999984741	-12.867685478212
2.7862999439240	-12.644345106141
2.7909998893738	-12.426289420130
2.7957000732422	-12.212954172271
2.8004000186920	-12.004406670789
2.8050999641418	-11.801209141663
2.8097999095917	-11.604172169360
2.8145000934601	-11.414062846260
2.8192000389099	-11.231347470116
2.8238999843597	-11.056026096706
2.8285999298096	-10.887567264075
2.8333001136780	-10.725018952270
2.8380000591278	-10.567178548373
2.8427000045776	-10.412866767074
2.8473999500275	-10.261155741667
2.8520998954773	-10.111555521959
2.8568000793457	-9.9640844883749
2.8615000247955	-9.8192017452676
2.8661999702454	-9.6776475592807
2.8708999156952	-9.5402102489503
2.8756000995636	-9.4074888317584
2.8803000450134	-9.2797330755206
2.8849999904633	-9.1567394048831
2.8896999359131	-9.0379059652660
2.8943998813629	-8.9223561544206
2.8991000652313	-8.8091457616762
2.9038000106812	-8.6974743779177
2.9084999561310	-8.5868788821476
2.9131999015808	-8.4773061788772
2.9179000854492	-8.3691169170912
2.9226000308990	-8.2629501157482
2.9272999763489	-8.1595571439548
2.9319999217987	-8.0595686012627
2.9367001056671	-7.9633463225022
2.9414000511169	-7.8708631441772
2.9460999965668	-7.7817289424512
2.9507999420166	-7.6952567731024
2.9554998874664	-7.6106490726214
2.9602000713348	-7.5271898157599
2.9649000167847	-7.4444119422431
2.9695999622345	-7.3622076911387
2.9742999076843	-7.2808357726370
2.9790000915527	-7.2008475688058
2.9837000370026	-7.1229225424880
2.9883999824524	-7.0476947388115
2.9930999279022	-6.9755715214135
2.9978001117706	-6.9066363242174
3.0025000572205	-6.8406176451211
3.0072000026703	-6.7769621148343
3.0118999481201	-6.7149679250772
3.0165998935699	-6.6539681333681
3.0213000774384	-6.5934818947530
3.0260000228882	-6.5333457436246
3.0306999683380	-6.4737365154956
3.0353999137878	-6.4151160714823
3.0401000976562	-6.3581024145079
3.0448000431061	-6.3033069408306
3.0494999885559	-6.2511661887138
3.0541999340057	-6.2018240809871
3.0589001178741	-6.1551021179456
3.0636000633240	-6.1105370682347
3.0683000087738	-6.0674965372238
3.0729999542236	-6.0253419917287
3.0776998996735	-5.9835831027649
3.0824000835419	-5.9420062294049
3.0871000289917	-5.9007097413804
3.0917999744415	-5.8600876592651
3.0964999198914	-5.8207000186706
3.1012001037598	-5.7831299276615
3.1059000492096	-5.7478316467468
3.1105999946594	-5.7150015509261
3.1152999401093	-5.6845259128525
3.1199998855591	-5.6560114796130
3.1247000694275	-5.6288805058205
3.1294000148773	-5.6025167095509
3.1340999603271	-5.5764236425662
3.1387999057770	-5.5503424517223
3.1435000896454	-5.5243152023165
3.1482000350952	-5.4986746924375
3.1528999805450	-5.4739320105388
3.1575999259949	-5.4506530215940
3.1623001098633	-5.4293069152627
3.1670000553131	-5.4101198241072
3.1717000007629	-5.3930355988312
3.1763999462128	-5.3777183294033
3.1810998916626	-5.3636262938624
3.1858000755310	-5.3501611065772
3.1905000209808	-5.3368151918167
3.1951999664307	-5.3232881279722
3.1998999118805	-5.3095763897148
3.2046000957489	-5.2959541345560
3.2093000411987	-5.2828967976275
3.2139999866486	-5.2709562721954
3.2186999320984	-5.2606002398727
3.2234001159668	-5.2520904122456
3.2281000614166	-5.2454036939719
3.2328000068665	-5.2402361208235
3.2374999523163	-5.2360680096929
3.2421998977661	-5.2323032954109
3.2469000816345	-5.2284020498926
3.2516000270844	-5.2240227781503
3.2562999725342	-5.2191030200508
3.2609999179840	-5.2138635039524
3.2657001018524	-5.2087344042224
3.2704000473022	-5.2042404694286
3.2750999927521	-5.2008417826954
3.2797999382019	-5.1988013222656
3.2844998836517	-5.1981108920731
3.2892000675201	-5.1984634583362
3.2939000129700	-5.1993287455573
3.2985999584198	-5.2000750561844
3.3032999038696	-5.2001065768346
3.3080000877380	-5.1990148702596
3.3127000331879	-5.1966583847468
3.3173999786377	-5.1931822129228
3.3220999240875	-5.1889505318048
3.3268001079559	-5.1844393731915
3.3315000534058	-5.1800623253703
3.3361999988556	-5.1760561342532
3.3408999443054	-5.1723690886426
3.3455998897552	-5.1686578080502
3.3503000736237	-5.1643431939243
3.3550000190735	-5.1587232648249
3.3596999645233	-5.1511356489216
3.3643999099731	-5.1410937489705
3.3691000938416	-5.1283855076445
3.3738000392914	-5.1130969096681
3.3784999847412	-5.0955446039692
3.3831999301910	-5.0761740383749
3.3879001140594	-5.0553802020581
3.3926000595093	-5.0333989038830
3.3973000049591	-5.0101869760979
3.4019999504089	-4.9854310791396
3.4066998958588	-4.9585920925173
3.4114000797272	-4.9290383554954
3.4161000251770	-4.8961964428173
3.4207999706268	-4.8597049681718
3.4254999160767	-4.8194998883989
3.4302000999451	-4.7758320395890
3.4349000453949	-4.7292237022401
3.4395999908447	-4.6803237103583
3.4442999362946	-4.6297712803631
3.4489998817444	-4.5780547652957
3.4537000656128	-4.5254262718955
3.4584000110626	-4.4718887177402
3.4630999565125	-4.4172515596599
3.4677999019623	-4.3612506121793
3.4725000858307	-4.3036848438277
3.4772000312805	-4.2445484183678
3.4818999767303	-4.1840995363953
3.4865999221802	-4.1228778256941
3.4913001060486	-4.0616299658531
3.4960000514984	-4.0011960409957
3.5006999969482	-3.9423683197621
3.5053999423981	-3.8857665225140
3.5100998878479	-3.8317525009774
3.5148000717163	-3.7804176648729
3.5195000171661	-3.7316286464366
3.5241999626160	-3.6851365550083
3.5288999080658	-3.6406870832631
3.5336000919342	-3.5981510446863
3.5383000373840	-3.5575877080781
3.5429999828339	-3.5192717152229
3.5476999282837	-3.4836458706145
3.5524001121521	-3.4512313471079
3.5571000576019	-3.4225101242288
3.5618000030518	-3.3978126901091
3.5664999485016	-3.3772472597698
3.5711998939514	-3.3606714584734
3.5759000778198	-3.3477330027997
3.5806000232697	-3.3379506973118
3.5852999687195	-3.3308286275660
3.5899999141693	-3.3259727921709
3.5947000980377	-3.3231701073824
3.5994000434875	-3.3224307584272
3.6040999889374	-3.3239590716938
3.6087999343872	-3.3280854485287
3.6135001182556	-3.3351598661259
3.6182000637054	-3.3454366057046
3.6229000091553	-3.3589937107260
3.6275999546051	-3.3756924240853
3.6322999000549	-3.3951838581591
3.6370000839233	-3.4169847646201
3.6417000293732	-3.4405746272852
3.6463999748230	-3.4655107301037
3.6510999202728	-3.4915241590865
3.6558001041412	-3.5185714616648
3.6605000495911	-3.5468219466301
3.6651999950409	-3.5766200706653
3.6698999404907	-3.6083535736756
3.6745998859406	-3.6423660526605
3.6793000698090	-3.6788426823649
3.6840000152588	-3.7177492366235
3.6886999607086	-3.7588322855283
3.6933999061584	-3.8016638269365
3.6981000900269	-3.8457499582148
3.7028000354767	-3.8906329728821
3.7074999809265	-3.9360148602502
3.7121999263763	-3.9818164208918
3.7169001102448	-4.0281977648256
3.7216000556946	-4.0755134081597
3.7263000011444	-4.1242111475758
3.7309999465942	-4.1747113247449
3.7356998920441	-4.2272924265424
3.7404000759125	-4.2820086542205
3.7451000213623	-4.3386634541269
3.7497999668121	-4.3968530172145
3.7544999122620	-4.4560546513300
3.7592000961304	-4.5157573018272
3.7639000415802	-4.5755795621920
3.7685999870300	-4.6353694103220
3.7732999324799	-4.6952373532809
3.7780001163483	-4.7555201472006
3.7827000617981	-4.8166884478772
3.7874000072479	-4.8792094980361
3.7920999526978	-4.9434204131686
3.7967998981476	-5.0094105844557
3.8015000820160	-5.0769883152313
3.8062000274658	-5.1457041914168
3.8108999729156	-5.2149393420366
3.8155999183655	-5.2840535640231
3.8203001022339	-5.3525268477605
3.8250000476837	-5.4200780347373
3.8296999931335	-5.4867260640052
3.8343999385834	-5.5527624453852
3.8390998840332	-5.6186561240184
3.8438000679016	-5.6848997793136
3.8485000133514	-5.7518528035183
3.8531999588013	-5.8196064293144
3.8578999042511	-5.8879228359108
3.8626000881195	-5.9562527614136
3.8673000335693	-6.0238397668427
3.8719999790192	-6.0898808867119
3.8766999244690	-6.1537080694869
3.8814001083374	-6.2149294526361
3.8861000537872	-6.2735151538735
3.8907999992371	-6.3297751114828
3.8954999446869	-6.3842449156034
3.9001998901367	-6.4375121919909
3.9049000740051	-6.4900245149949
3.9096000194550	-6.5419323330065
3.9142999649048	-6.5930110631481
3.9189999103546	-6.6426896016521
3.9237000942230	-6.6901674693249
3.9284000396729	-6.7346101878235
3.9330999851227	-6.7753663320645
3.9377999305725	-6.8121230877648
3.9425001144409	-6.8450061980676
3.9472000598907	-6.8745400867194
3.9519000053406	-6.9015063542583
3.9565999507904	-6.9267465361324
3.9612998962402	-6.9509304423771
3.9660000801086	-6.9743906139589
3.9707000255585	-6.9970407967797
3.9753999710083	-7.0184143467372
3.9800999164581	-7.0378141989816
3.9848001003265	-7.0545166051037
3.9895000457764	-7.0680104907341
3.9941999912262	-7.0781657507633
3.9988999366760	-7.0853120499675
4.0036001205444	-7.0901848216913
4.0082998275757	-7.0937755181310
4.0130000114441	-7.0970912286173
4.0177001953125	-7.1009324724927
4.0223999023438	-7.1057161821298
4.0271000862122	-7.1114019697533
4.0317997932434	-7.1175438328968
4.0364999771118	-7.1234448483078
4.0412001609802	-7.1283803135514
4.0458998680115	-7.1318315637020
4.0506000518799	-7.1336647473076
4.0553002357483	-7.1342056069554
4.0599999427795	-7.1341831790952
4.0647001266479	-7.1345762277648
4.0693998336792	-7.1363748264999
4.0741000175476	-7.1403547303270
4.0788002014160	-7.1468905517994
4.0834999084473	-7.1558887329774
4.0882000923157	-7.1668307559103
4.0928997993469	-7.1789258823548
4.0975999832153	-7.1913398624194
4.1023001670837	-7.2034317013199
4.1069998741150	-7.2149436026083
4.1117000579834	-7.2260895411899
4.1163997650146	-7.2375189469641
4.1210999488831	-7.2501510272124
4.1258001327515	-7.2649507026289
4.1304998397827	-7.2826894418661
4.1352000236511	-7.3037383465786
4.1399002075195	-7.3279867561768
4.1445999145508	-7.3548652035467
4.1493000984192	-7.3834963932599
4.1539998054504	-7.4129196155386
4.1586999893188	-7.4423464248082
4.1634001731873	-7.4713767183295
4.1680998802185	-7.5001104049239
4.1728000640869	-7.5291254895351
4.1774997711182	-7.5593331916898
4.1821999549866	-7.5917421279426
4.1869001388550	-7.6271861001714
4.1915998458862	-7.6661126454289
4.1963000297546	-7.7084406967002
4.2010002136230	-7.7535873668549
4.2056999206543	-7.8005857786972
4.2104001045227	-7.8483376004401
4.2150998115540	-7.8958859947338
4.2197999954224	-7.9426692429110
4.2245001792908	-7.9886672375555
4.2291998863220	-8.0344205149597
4.2339000701904	-8.0808751693766
4.2385997772217	-8.1291456957464
4.2432999610901	-8.1802070932093
4.2480001449585	-8.2346342609199
4.2526998519897	-8.2924357080766
4.2574000358582	-8.3530354566659
4.2621002197266	-8.4154050360093
4.2667999267578	-8.4783151282898
4.2715001106262	-8.5406650847509
4.2761998176575	-8.6017760222531
4.2809000015259	-8.6616016143434
4.2856001853943	-8.7207605916835
4.2902998924255	-8.7804111589019
4.2950000762939	-8.8419751097498
4.2996997833252	-8.9067949587096
4.3043999671936	-8.9758194404328
4.3091001510620	-9.0493865042352
4.3137998580933	-9.1271721774669
4.3185000419617	-9.2083036975874
4.3232002258301	-9.2916313939559
4.3278999328613	-9.3760834118342
4.3326001167297	-9.4610148087408
4.3372998237610	-9.5464586676369
4.3420000076294	-9.6331972621339
4.3467001914978	-9.7226330231847
4.3513998985291	-9.8164869327638
4.3561000823975	-9.9163961912244
4.3607997894287	-10.023515335556
4.3654999732971	-10.138226821740
4.3702001571655	-10.260017013385
4.3748998641968	-10.387568570086
4.3796000480652	-10.519056086530
4.3843002319336	-10.652571330387
4.3889999389648	-10.786609024219
4.3937001228333	-10.920452429846
4.3983998298645	-11.054373858608
4.4031000137329	-11.189553490456
4.4078001976013	-11.327754546622
4.4124999046326	-11.470817857232
4.4172000885010	-11.620119033262
4.4218997955322	-11.776123486567
4.4265999794006	-11.938161736000
4.4313001632690	-12.104488846906
4.4359998703003	-12.272644703901
4.4407000541687	-12.440036925886
4.4454002380371	-12.604621320154
4.4500999450684	-12.765491437655
4.4548001289368	-12.923169666754
4.4594998359680	-13.079521320606
4.4642000198364	-13.237261092071
4.4689002037048	-13.399205292870
4.4735999107361	-13.567468224809
4.4783000946045	-13.742806158259
4.4829998016357	-13.924286445517
4.4876999855042	-14.109395533074
4.4924001693726	-14.294575623772
4.4970998764038	-14.476113063413
4.5018000602722	-14.651167582695
4.5064997673035	-14.818623126036
4.5111999511719	-14.979482142168
4.5159001350403	-15.136626881220
4.5205998420715	-15.293985858223
4.5253000259399	-15.455362362744
4.5300002098083	-15.623251565606
4.5346999168396	-15.797941000443
4.5394001007080	-15.977170349404
4.5440998077393	-16.156460952877
4.5487999916077	-16.330105021313
4.5535001754761	-16.492649276714
4.5581998825073	-16.640433757125
4.5629000663757	-16.772725060866
4.5675997734070	-16.891951574237
4.5722999572754	-17.002889242023
4.5770001411438	-17.111102702813
4.5816998481750	-17.221088495439
4.5864000320435	-17.334695735311
4.5911002159119	-17.450290841957
4.5957999229431	-17.562833859650
4.6005001068115	-17.665006788353
4.6051998138428	-17.749176354543
4.6098999977112	-17.809676154069
4.6146001815796	-17.844647476158
4.6192998886108	-17.856701352055
4.6240000724792	-17.852054497974
4.6286997795105	-17.838504416269
4.6333999633789	-17.822970597992
4.6381001472473	-17.809430166922
4.6427998542786	-17.797762275550
4.6475000381470	-17.783854567705
4.6522002220154	-17.760800052868
4.6568999290466	-17.721059196702
4.6616001129150	-17.658953081336
4.6662998199463	-17.572696175379
4.6710000038147	-17.465139897149
4.6757001876831	-17.342999791091
4.6803998947144	-17.214818771529
4.6851000785828	-17.088567217807
4.6897997856140	-16.969536109664
4.6944999694824	-16.859192842445
4.6992001533508	-16.755051912861
4.7038998603821	-16.651624965580
4.7086000442505	-16.542144733336
4.7133002281189	-16.420728246160
4.7179999351501	-16.284268172411
4.7227001190186	-16.133508246850
4.7273998260498	-15.972865644255
4.7321000099182	-15.809134892573
4.7368001937866	-15.649539509991
4.7414999008179	-15.499850266583
4.7462000846863	-15.362984069182
4.7508997917175	-15.238458881194
4.7555999755859	-15.122700729541
4.7603001594543	-15.010095994307
4.7649998664856	-14.894595623274
4.7697000503540	-14.771477442946
4.7744002342224	-14.638718847556
4.7790999412537	-14.497626160469
4.7838001251221	-14.352419628877
4.7884998321533	-14.208999049920
4.7932000160217	-14.073301123912
4.7979001998901	-13.949759962388
4.8025999069214	-13.840244908756
4.8073000907898	-13.743672162071
4.8119997978210	-13.656358229404
4.8166999816895	-13.573003505784
4.8214001655579	-13.488095506161
4.8260998725891	-13.397438687425
4.8308000564575	-13.299330073380
4.8354997634888	-13.195049176997
4.8401999473572	-13.088459206993
4.8449001312256	-12.984914705822
4.8495998382568	-12.889750314055
4.8543000221252	-12.806922376667
4.8590002059937	-12.737990945906
4.8636999130249	-12.681776598343
4.8684000968933	-12.634654363971
4.8730998039246	-12.591456897251
4.8777999877930	-12.546805398780
4.8825001716614	-12.496572368520
4.8871998786926	-12.439018348918
4.8919000625610	-12.375320619705
4.8965997695923	-12.309225533964
4.9012999534607	-12.245997205723
4.9060001373291	-12.190951898746
4.9106998443604	-12.148071132881
4.9154000282288	-12.118972512589
4.9201002120972	-12.102489809336
4.9247999191284	-12.094924622216
4.9295001029968	-12.090929684378
4.9341998100281	-12.084856910260
4.9388999938965	-12.072259767288
4.9436001777649	-12.051141659439
4.9482998847961	-12.022530434878
4.9530000686646	-11.990142573645
4.9576997756958	-11.959251891437
4.9623999595642	-11.935111983967
4.9671001434326	-11.921377844057
4.9717998504639	-11.918939738372
4.9765000343323	-11.925399014204
4.9812002182007	-11.935346956677
4.9858999252319	-11.941372449344
4.9906001091003	-11.935709020465
4.9952998161316	-11.912111702094
5.0000000000000	-11.867419893821
#Parameters = {R_fat=48; R_glandular=38; R_skin_outer=50; T10=5; T15=7.5; T5=2.5; T_rad=4; T_x=10; T_y=0; T_z=75; Zc=65; skin_thickness=2; Mesh Pass=6}
#"Frequency / GHz"	"S1,1 (Mesh Pass=6) [Magnitude / dB]"
#-------------------------------------------------------
0.30000001192093	-23.942960645054
0.30469998717308	-23.698530664778
0.30939999222755	-23.844059128979
0.31409999728203	-24.419625394100
0.31880000233650	-25.463295939881
0.32350000739098	-26.894856370505
0.32820001244545	-28.066899603091
0.33289998769760	-27.463879101295
0.33759999275208	-25.031902316452
0.34229999780655	-22.266560551564
0.34700000286102	-19.821961174482
0.35170000791550	-17.763137944037
0.35640001296997	-16.028642426620
0.36109998822212	-14.552103655157
0.36579999327660	-13.283620495221
0.37049999833107	-12.190962966364
0.37520000338554	-11.257170896099
0.37990000844002	-10.477315729522
0.38460001349449	-9.8542501093149
0.38929998874664	-9.3933191312429
0.39399999380112	-9.0968146997094
0.39869999885559	-8.9601167622939
0.40340000391006	-8.9712509494582
0.40810000896454	-9.1138960265187
0.41280001401901	-9.3721735135152
0.41749998927116	-9.7350273364474
0.42219999432564	-10.198924006995
0.42689999938011	-10.768608485914
0.43160000443459	-11.455947297039
0.43630000948906	-12.276314988953
0.44100001454353	-13.240223633371
0.44569998979568	-14.334887989561
0.45039999485016	-15.487268602206
0.45509999990463	-16.511811103185
0.45980000495911	-17.114219464090
0.46450001001358	-17.086399278922
0.46919998526573	-16.536770714809
0.47389999032021	-15.770997638824
0.47859999537468	-15.036934847159
0.48330000042915	-14.458692263207
0.48800000548363	-14.080369346650
0.49270001053810	-13.907903472372
0.49739998579025	-13.928189990831
0.50209999084473	-14.112160393988
0.50679999589920	-14.408586424816
0.51150000095367	-14.735490992824
0.51620000600815	-14.982193165482
0.52090001106262	-15.040002202193
0.52560001611710	-14.857755080123
0.53030002117157	-14.473522870206
0.53500002622604	-13.985094890351
0.53969997167587	-13.494222074319
0.54439997673035	-13.074017546050
0.54909998178482	-12.764499334579
0.55379998683929	-12.579153946749
0.55849999189377	-12.510809827274
0.56319999694824	-12.534049149382
0.56790000200272	-12.606023154934
0.57260000705719	-12.670203458439
0.57730001211166	-12.667916101136
0.58200001716614	-12.557599542651
0.58670002222061	-12.331753260794
0.59140002727509	-12.018349881043
0.59609997272491	-11.665675197885
0.60079997777939	-11.322977266482
0.60549998283386	-11.027906086375
0.61019998788834	-10.802061180243
0.61489999294281	-10.651066836992
0.61959999799728	-10.565885586445
0.62430000305176	-10.524637830507
0.62900000810623	-10.495893716263
0.63370001316071	-10.444900802526
0.63840001821518	-10.342791831949
0.64310002326965	-10.175695825336
0.64780002832413	-9.9488756705320
0.65249997377396	-9.6833320015165
0.65719997882843	-9.4073818793071
0.66189998388290	-9.1479531309554
0.66659998893738	-8.9247746330879
0.67129999399185	-8.7476710910337
0.67599999904633	-8.6160262144286
0.68070000410080	-8.5195921612324
0.68540000915527	-8.4406336357717
0.69010001420975	-8.3576797118411
0.69480001926422	-8.2507843248830
0.69950002431870	-8.1070117497324
0.70420002937317	-7.9240299835880
0.70889997482300	-7.7101253323639
0.71359997987747	-7.4808219523372
0.71829998493195	-7.2539058281576
0.72299998998642	-7.0448519562539
0.72769999504089	-6.8637256921753
0.73240000009537	-6.7136843017998
0.73710000514984	-6.5908489993859
0.74180001020432	-6.4853885147351
0.74650001525879	-6.3838026959099
0.75120002031326	-6.2721904679175
0.75590002536774	-6.1398571648933
0.76059997081757	-5.9821367822583
0.76529997587204	-5.8013971815240
0.76999998092651	-5.6059041472667
0.77469998598099	-5.4071293454892
0.77939999103546	-5.2166028024684
0.78409999608994	-5.0432347567163
0.78880000114441	-4.8915566395400
0.79350000619888	-4.7610360625377
0.79820001125336	-4.6464488202284
0.80290001630783	-4.5391938638197
0.80760002136230	-4.4294542967584
0.81230002641678	-4.3087162682357
0.81699997186661	-4.1719897652676
0.82169997692108	-4.0190329822972
0.82639998197556	-3.8542093594309
0.83109998703003	-3.6850562830666
0.83579999208450	-3.5201851244184
0.84049999713898	-3.3671302072204
0.84520000219345	-3.2306642110199
0.84990000724792	-3.1118729294757
0.85460001230240	-3.0080854429042
0.85930001735687	-2.9136536282865
0.86400002241135	-2.8214431739374
0.86870002746582	-2.7247446219289
0.87339997291565	-2.6190744744112
0.87809997797012	-2.5034013235751
0.88279998302460	-2.3803764585913
0.88749998807907	-2.2555489498362
0.89219999313354	-2.1358516756866
0.89689999818802	-2.0278483369377
0.90160000324249	-1.9361893852944
0.90630000829697	-1.8626030020882
0.91100001335144	-1.8056657823373
0.91570001840591	-1.7613302848694
0.92040002346039	-1.7241510321253
0.92510002851486	-1.6889287157379
0.92979997396469	-1.6523469011952
0.93449997901917	-1.6141549575313
0.93919998407364	-1.5774955626067
0.94389998912811	-1.5483202676665
0.94859999418259	-1.5340562553713
0.95329999923706	-1.5419614229241
0.95800000429153	-1.5776126623942
0.96270000934601	-1.6439501797335
0.96740001440048	-1.7410779898947
0.97210001945496	-1.8669800948181
0.97680002450943	-2.0190030757296
0.98150002956390	-2.1959025495737
0.98619997501373	-2.3999483312405
0.99089998006821	-2.6386241243530
0.99559998512268	-2.9254441376768
1.0003000497818	-3.2798210490342
1.0049999952316	-3.7262953464902
1.0096999406815	-4.2938330009663
1.0144000053406	-5.0160458807595
1.0190999507904	-5.9333953017380
1.0238000154495	-7.0985164764551
1.0284999608994	-8.5867209163008
1.0332000255585	-10.514788522763
1.0378999710083	-13.067128973177
1.0426000356674	-16.438499251935
1.0472999811172	-19.643410356158
1.0520000457764	-18.244889131388
1.0566999912262	-14.509302088314
1.0614000558853	-11.456169986025
1.0661000013351	-9.1490223254742
1.0707999467850	-7.3736483076978
1.0755000114441	-5.9840474606434
1.0801999568939	-4.8889760611210
1.0849000215530	-4.0278306864519
1.0895999670029	-3.3560625222725
1.0943000316620	-2.8372372176219
1.0989999771118	-2.4391650900834
1.1037000417709	-2.1326633067687
1.1083999872208	-1.8919867052378
1.1131000518799	-1.6960382216997
1.1177999973297	-1.5295524311454
1.1224999427795	-1.3835886972464
1.1272000074387	-1.2549754662493
1.1318999528885	-1.1447797537218
1.1366000175476	-1.0561889389000
1.1412999629974	-0.99238431277154
1.1460000276566	-0.95486175456298
1.1506999731064	-0.94249745942516
1.1554000377655	-0.95144981294594
1.1600999832153	-0.97577347888639
1.1648000478745	-1.0085907405106
1.1694999933243	-1.0434785242671
1.1742000579834	-1.0757664943246
1.1789000034332	-1.1034097362609
1.1835999488831	-1.1271491509337
1.1883000135422	-1.1500158948829
1.1929999589920	-1.1762485639201
1.1977000236511	-1.2100194991518
1.2023999691010	-1.2542890923197
1.2071000337601	-1.3100667210241
1.2117999792099	-1.3761912746317
1.2165000438690	-1.4496533908254
1.2211999893188	-1.5263282742650
1.2259000539780	-1.6019695755137
1.2305999994278	-1.6732209087500
1.2352999448776	-1.7383948642996
1.2400000095367	-1.7978190598459
1.2446999549866	-1.8536463353884
1.2494000196457	-1.9092133624262
1.2540999650955	-1.9681126297864
1.2588000297546	-2.0332821904880
1.2634999752045	-2.1062840801453
1.2682000398636	-2.1869889678547
1.2728999853134	-2.2736588531032
1.2776000499725	-2.3633876729035
1.2822999954224	-2.4528391126788
1.2869999408722	-2.5390553074211
1.2917000055313	-2.6201731143458
1.2963999509811	-2.6958748099772
1.3011000156403	-2.7674284003933
1.3057999610901	-2.8373215968683
1.3105000257492	-2.9085971075398
1.3151999711990	-2.9840796066609
1.3199000358582	-3.0657067187220
1.3245999813080	-3.1540942954513
1.3293000459671	-3.2484401763986
1.3339999914169	-3.3467562488746
1.3387000560760	-3.4463643235884
1.3434000015259	-3.5445610561372
1.3480999469757	-3.6392740937526
1.3528000116348	-3.7295794058105
1.3574999570847	-3.8159296363365
1.3622000217438	-3.9000178657586
1.3668999671936	-3.9843477514076
1.3716000318527	-4.0716040136561
1.3762999773026	-4.1640218907561
1.3810000419617	-4.2628711899133
1.3856999874115	-4.3682196523885
1.3904000520706	-4.4789413523585
1.3950999975204	-4.5930167664337
1.3997999429703	-4.7080305216542
1.4045000076294	-4.8217642683681
1.4091999530792	-4.9327450376850
1.4139000177383	-5.0406252188418
1.4185999631882	-5.1462799527458
1.4233000278473	-5.2516025398217
1.4279999732971	-5.3590511270676
1.4327000379562	-5.4710808790038
1.4373999834061	-5.5895972692433
1.4421000480652	-5.7155467649232
1.4467999935150	-5.8487515379236
1.4515000581741	-5.9879796824983
1.4562000036240	-6.1312560126216
1.4608999490738	-6.2763362196069
1.4656000137329	-6.4212652573627
1.4702999591827	-6.5648690319799
1.4750000238419	-6.7070766574162
1.4796999692917	-6.8489867487896
1.4844000339508	-6.9926329445313
1.4890999794006	-7.1405503048234
1.4938000440598	-7.2952185208997
1.4984999895096	-7.4585472136470
1.5032000541687	-7.6314891747390
1.5078999996185	-7.8138581858735
1.5125999450684	-8.0043994906031
1.5173000097275	-8.2010793119990
1.5219999551773	-8.4015594028589
1.5267000198364	-8.6037622989004
1.5313999652863	-8.8064092544955
1.5361000299454	-9.0093856904793
1.5407999753952	-9.2138428595439
1.5455000400543	-9.4219997391025
1.5501999855042	-9.6366988875376
1.5549000501633	-9.8608101995515
1.5595999956131	-10.096644134684
1.5642999410629	-10.345466403020
1.5690000057220	-10.607228324200
1.5736999511719	-10.880540158626
1.5784000158310	-11.162927601657
1.5830999612808	-11.451333989483
1.5878000259399	-11.742776600682
1.5924999713898	-12.035053770232
1.5972000360489	-12.327294585001
1.6018999814987	-12.620219072406
1.6066000461578	-12.916021723399
1.6112999916077	-13.217881392404
1.6160000562668	-13.529239375480
1.6207000017166	-13.852990664672
1.6253999471664	-14.190753250311
1.6301000118256	-14.542352330312
1.6347999572754	-14.905599133338
1.6395000219345	-15.276420488455
1.6441999673843	-15.649361464342
1.6489000320435	-16.018417179472
1.6535999774933	-16.378014811693
1.6583000421524	-16.723968728058
1.6629999876022	-17.054129865347
1.6677000522614	-17.368512023232
1.6723999977112	-17.668885636634
1.6770999431610	-17.957947271981
1.6818000078201	-18.238272260384
1.6864999532700	-18.511328352268
1.6912000179291	-18.776712658421
1.6958999633789	-19.031795009529
1.7006000280380	-19.271735198786
1.7052999734879	-19.490050449401
1.7100000381470	-19.679560372306
1.7146999835968	-19.833704384564
1.7194000482559	-19.947946811516
1.7240999937057	-20.020929650722
1.7288000583649	-20.055023093086
1.7335000038147	-20.056090816282
1.7381999492645	-20.032525652685
1.7429000139236	-19.993784042072
1.7475999593735	-19.948830320614
1.7523000240326	-19.904785838255
1.7569999694824	-19.866016597381
1.7617000341415	-19.833733970448
1.7663999795914	-19.806156090035
1.7711000442505	-19.779237248358
1.7757999897003	-19.747898901708
1.7805000543594	-19.707473588735
1.7851999998093	-19.655194602497
1.7898999452591	-19.591207334947
1.7946000099182	-19.518840069273
1.7992999553680	-19.444056855768
1.8040000200272	-19.374202478948
1.8086999654770	-19.316538275714
1.8134000301361	-19.276803299075
1.8180999755859	-19.258222974154
1.8228000402451	-19.260972868623
1.8274999856949	-19.282281331736
1.8322000503540	-19.317063987905
1.8368999958038	-19.359062450314
1.8415999412537	-19.402298357406
1.8463000059128	-19.442588602497
1.8509999513626	-19.478634292167
1.8557000160217	-19.512459515501
1.8603999614716	-19.548979695905
1.8651000261307	-19.594861168052
1.8697999715805	-19.657028543288
1.8745000362396	-19.741204745557
1.8791999816895	-19.850795149135
1.8839000463486	-19.986287922103
1.8885999917984	-20.145238562004
1.8933000564575	-20.322819058929
1.8980000019073	-20.512942431126
1.9026999473572	-20.709750955238
1.9074000120163	-20.909209627901
1.9120999574661	-21.110376532235
1.9168000221252	-21.316022727918
1.9214999675751	-21.532251774817
1.9262000322342	-21.767453308935
1.9308999776840	-22.030719599825
1.9356000423431	-22.330280899854
1.9402999877930	-22.672245189021
1.9450000524521	-23.059825824326
1.9496999979019	-23.493157731846
1.9543999433517	-23.969656387041
1.9591000080109	-24.485152548375
1.9637999534607	-25.035434209974
1.9685000181198	-25.618340457396
1.9731999635696	-26.235743330602
1.9779000282288	-26.894963511459
1.9825999736786	-27.609077011910
1.9873000383377	-28.395846614039
1.9919999837875	-29.275172113242
1.9967000484467	-30.264441800082
2.0013999938965	-31.369666208750
2.0060999393463	-32.567363277630
2.0107998847961	-33.768071401503
2.0155000686646	-34.765046147681
2.0202000141144	-35.241083010336
2.0248999595642	-34.972082005211
2.0295999050140	-34.061145697143
2.0343000888824	-32.810631583412
2.0390000343323	-31.463304701175
2.0436999797821	-30.139854590091
2.0483999252319	-28.885093933533
2.0531001091003	-27.711390029130
2.0578000545502	-26.620205976743
2.0625000000000	-25.610246114148
2.0671999454498	-24.679666507666
2.0718998908997	-23.825977003741
2.0766000747681	-23.045455347105
2.0813000202179	-22.332789303273
2.0859999656677	-21.680943890126
2.0906999111176	-21.081507246711
2.0954000949860	-20.525323520666
2.1001000404358	-20.003386265246
2.1047999858856	-19.507776741063
2.1094999313354	-19.032541451866
2.1142001152039	-18.574187123865
2.1189000606537	-18.131706722167
2.1236000061035	-17.706143786488
2.1282999515533	-17.299778469803
2.1329998970032	-16.915196513383
2.1377000808716	-16.554423417302
2.1424000263214	-16.218294956255
2.1470999717712	-15.906162159168
2.1517999172211	-15.615910533317
2.1565001010895	-15.344318180099
2.1612000465393	-15.087625680093
2.1658999919891	-14.842225200584
2.1705999374390	-14.605308426520
2.1752998828888	-14.375346771952
2.1800000667572	-14.152244023312
2.1847000122070	-13.937177261248
2.1893999576569	-13.732154254947
2.1940999031067	-13.539399383692
2.1988000869751	-13.360753782563
2.2035000324249	-13.197195667181
2.2081999778748	-13.048558978256
2.2128999233246	-12.913552450224
2.2176001071930	-12.790008737725
2.2223000526428	-12.675322143166
2.2269999980927	-12.567005752801
2.2316999435425	-12.463205274412
2.2363998889923	-12.363064044178
2.2411000728607	-12.266844311506
2.2458000183105	-12.175791249215
2.2504999637604	-12.091731982898
2.2551999092102	-12.016596679122
2.2599000930786	-11.951894237198
2.2646000385284	-11.898335677078
2.2692999839783	-11.855637887926
2.2739999294281	-11.822569595148
2.2787001132965	-11.797211177202
2.2834000587463	-11.777377206782
2.2881000041962	-11.761106221066
2.2927999496460	-11.747119171550
2.2974998950958	-11.735073842649
2.3022000789642	-11.725633351507
2.3069000244141	-11.720251388995
2.3115999698639	-11.720801276916
2.3162999153137	-11.729069701555
2.3210000991821	-11.746333430797
2.3257000446320	-11.773032458715
2.3303999900818	-11.808655826576
2.3350999355316	-11.851861234424
2.3397998809814	-11.900774529688
2.3445000648499	-11.953447412684
2.3492000102997	-12.008320526196
2.3538999557495	-12.064614430891
2.3585999011993	-12.122528439614
2.3633000850677	-12.183200133485
2.3680000305176	-12.248423438164
2.3726999759674	-12.320229445360
2.3773999214172	-12.400383182260
2.3821001052856	-12.489983671862
2.3868000507355	-12.589207128150
2.3914999961853	-12.697283737766
2.3961999416351	-12.812681930914
2.4008998870850	-12.933509024970
2.4056000709534	-13.057986088443
2.4103000164032	-13.184941036860
2.4149999618530	-13.314147721989
2.4196999073029	-13.446463452365
2.4244000911713	-13.583670340318
2.4291000366211	-13.728104453997
2.4337999820709	-13.882155297926
2.4384999275208	-14.047744482787
2.4432001113892	-14.225928063279
2.4479000568390	-14.416688169409
2.4526000022888	-14.619003366156
2.4572999477386	-14.831152711209
2.4619998931885	-15.051205252794
2.4667000770569	-15.277625720016
2.4714000225067	-15.509809417997
2.4760999679565	-15.748431610667
2.4807999134064	-15.995520294996
2.4855000972748	-16.254158397496
2.4902000427246	-16.527988288508
2.4948999881744	-16.820563917969
2.4995999336243	-17.134716254292
2.5043001174927	-17.472126467589
2.5090000629425	-17.833149350068
2.5137000083923	-18.216962042142
2.5183999538422	-18.622087485720
2.5230998992920	-19.047136487760
2.5278000831604	-19.491748690178
2.5325000286102	-19.957445066604
2.5371999740601	-20.448190297082
2.5418999195099	-20.970541304892
2.5466001033783	-21.533309370215
2.5513000488281	-22.146815016416
2.5559999942780	-22.821985601744
2.5606999397278	-23.569406526987
2.5653998851776	-24.398481161894
2.5701000690460	-25.316729004171
2.5748000144958	-26.329086010910
2.5794999599457	-27.436722480012
2.5841999053955	-28.634255694640
2.5889000892639	-29.902364358154
2.5936000347137	-31.189726439725
2.5982999801636	-32.376920014120
2.6029999256134	-33.235068849726
2.6077001094818	-33.470722942592
2.6124000549316	-32.950531570226
2.6171000003815	-31.855006333072
2.6217999458313	-30.493497316859
2.6264998912811	-29.091411874679
2.6312000751495	-27.760230077890
2.6359000205994	-26.541601911351
2.6405999660492	-25.443612454890
2.6452999114990	-24.459440889904
2.6500000953674	-23.575979854818
2.6547000408173	-22.777857555035
2.6593999862671	-22.049595361389
2.6640999317169	-21.377045524879
2.6688001155853	-20.748447751717
2.6735000610352	-20.155073324437
2.6782000064850	-19.591418527426
2.6828999519348	-19.054862088991
2.6875998973846	-18.544896537117
2.6923000812531	-18.062139537573
2.6970000267029	-17.607325714206
2.7016999721527	-17.180535800321
2.7063999176025	-16.780719826176
2.7111001014709	-16.405578366724
2.7158000469208	-16.051799873935
2.7204999923706	-15.715515565096
2.7251999378204	-15.392927606267
2.7298998832703	-15.080889712676
2.7346000671387	-14.777372773417
2.7393000125885	-14.481643992574
2.7439999580383	-14.194121108983
2.7486999034882	-13.916022721263
2.7534000873566	-13.648823179094
2.7581000328064	-13.393722026536
2.7627999782562	-13.151239379171
2.7674999237061	-12.920973956848
2.7722001075745	-12.701640901387
2.7769000530243	-12.491302462415
2.7815999984741	-12.287751026663
2.7862999439240	-12.088973866357
2.7909998893738	-11.893546925368
2.7957000732422	-11.700881758879
2.8004000186920	-11.511258177663
2.8050999641418	-11.325646315923
2.8097999095917	-11.145366008999
2.8145000934601	-10.971672775762
2.8192000389099	-10.805390492968
2.8238999843597	-10.646675584629
2.8285999298096	-10.494941345506
2.8333001136780	-10.348976172326
2.8380000591278	-10.207220013891
2.8427000045776	-10.068122423233
2.8473999500275	-9.9304814302302
2.8520998954773	-9.7937097758979
2.8568000793457	-9.6579354686449
2.8615000247955	-9.5239007042352
2.8661999702454	-9.3927366660497
2.8708999156952	-9.2656247796802
2.8756000995636	-9.1434812859841
2.8803000450134	-9.0266935441626
2.8849999904633	-8.9150270485525
2.8896999359131	-8.8076668165850
2.8943998813629	-8.7034113990818
2.8991000652313	-8.6009741415404
2.9038000106812	-8.4992878748567
2.9084999561310	-8.3977511657863
2.9131999015808	-8.2963646138723
2.9179000854492	-8.1957016136136
2.9226000308990	-8.0967311942188
2.9272999763489	-8.0005450949899
2.9319999217987	-7.9080704436178
2.9367001056671	-7.8198198389651
2.9414000511169	-7.7357634881855
2.9460999965668	-7.6553280799232
2.9507999420166	-7.5775522499762
2.9554998874664	-7.5013193530045
2.9602000713348	-7.4256410924616
2.9649000167847	-7.3498985915431
2.9695999622345	-7.2739981046329
2.9742999076843	-7.1983599258448
2.9790000915527	-7.1238143383332
2.9837000370026	-7.0513643612027
2.9883999824524	-6.9819173217144
2.9930999279022	-6.9160501526276
2.9978001117706	-6.8538601080639
3.0025000572205	-6.7949475607714
3.0072000026703	-6.7385040814120
3.0118999481201	-6.6835384578387
3.0165998935699	-6.6291097381486
3.0213000774384	-6.5745782675679
3.0260000228882	-6.5197508144229
3.0306999683380	-6.4649332381667
3.0353999137878	-6.4108299810435
3.0401000976562	-6.3583549090018
3.0448000431061	-6.3083888174609
3.0494999885559	-6.2615446408332
3.0541999340057	-6.2180128777107
3.0589001178741	-6.1775050467516
3.0636000633240	-6.1393380293386
3.0683000087738	-6.1026035374247
3.0729999542236	-6.0663962333749
3.0776998996735	-6.0300449299567
3.0824000835419	-5.9932879011332
3.0871000289917	-5.9563190090482
3.0917999744415	-5.9197441680502
3.0964999198914	-5.8843988884500
3.1012001037598	-5.8511414487818
3.1059000492096	-5.8206070815682
3.1105999946594	-5.7930582759559
3.1152999401093	-5.7683009197227
3.1199998855591	-5.7457473779369
3.1247000694275	-5.7245517093992
3.1294000148773	-5.7038360518584
3.1340999603271	-5.6829009448864
3.1387999057770	-5.6614189754646
3.1435000896454	-5.6395010837420
3.1482000350952	-5.6176589255608
3.1528999805450	-5.5966775782354
3.1575999259949	-5.5773862610053
3.1623001098633	-5.5604484562045
3.1670000553131	-5.5461852569769
3.1717000007629	-5.5344842721377
3.1763999462128	-5.5248241021497
3.1810998916626	-5.5164174386074
3.1858000755310	-5.5083930343802
3.1905000209808	-5.5000307445512
3.1951999664307	-5.4909400007140
3.1998999118805	-5.4811544652265
3.2046000957489	-5.4711190879089
3.2093000411987	-5.4615598268643
3.2139999866486	-5.4532936251205
3.2186999320984	-5.4470027928037
3.2234001159668	-5.4430498172318
3.2281000614166	-5.4413750775427
3.2328000068665	-5.4415164217618
3.2374999523163	-5.4427060827678
3.2421998977661	-5.4440673006288
3.2469000816345	-5.4448432017876
3.2516000270844	-5.4445732158767
3.2562999725342	-5.4432158928436
3.2609999179840	-5.4411384797999
3.2657001018524	-5.4390227574496
3.2704000473022	-5.4376557781529
3.2750999927521	-5.4377174301238
3.2797999382019	-5.4395919483330
3.2844998836517	-5.4432431849190
3.2892000675201	-5.4482121092220
3.2939000129700	-5.4537206742026
3.2985999584198	-5.4588504467152
3.3032999038696	-5.4627675567788
3.3080000877380	-5.4649297767361
3.3127000331879	-5.4652006985096
3.3173999786377	-5.4638624473081
3.3220999240875	-5.4615243529804
3.3268001079559	-5.4589302513491
3.3315000534058	-5.4567281589406
3.3361999988556	-5.4552749059631
3.3408999443054	-5.4545102382709
3.3455998897552	-5.4539349933788
3.3503000736237	-5.4527116261980
3.3550000190735	-5.4498512954876
3.3596999645233	-5.4444443885594
3.3643999099731	-5.4358551879285
3.3691000938416	-5.4238792963263
3.3738000392914	-5.4087419621452
3.3784999847412	-5.3910185134085
3.3831999301910	-5.3714313006308
3.3879001140594	-5.3506295703834
3.3926000595093	-5.3289820447769
3.3973000049591	-5.3064505095596
3.4019999504089	-5.2825771803685
3.4066998958588	-5.2565917799169
3.4114000797272	-5.2275902259024
3.4161000251770	-5.1947834012229
3.4207999706268	-5.1576956219855
3.4254999160767	-5.1162978044266
3.4302000999451	-5.0710220367222
3.4349000453949	-5.0226677189643
3.4395999908447	-4.9721932929717
3.4442999362946	-4.9205080975212
3.4489998817444	-4.8682601643748
3.4537000656128	-4.8157274348630
3.4584000110626	-4.7628030646112
3.4630999565125	-4.7090981315086
3.4677999019623	-4.6541135032118
3.4725000858307	-4.5974585559610
3.4772000312805	-4.5390317274302
3.4818999767303	-4.4791263311970
3.4865999221802	-4.4184360807295
3.4913001060486	-4.3579518810958
3.4960000514984	-4.2987760234432
3.5006999969482	-4.2419270747861
3.5053999423981	-4.1881488431504
3.5100998878479	-4.1378020605143
3.5148000717163	-4.0908557983765
3.5195000171661	-4.0469664493277
3.5241999626160	-4.0056285200134
3.5288999080658	-3.9663604706053
3.5336000919342	-3.9288869302410
3.5383000373840	-3.8932253799138
3.5429999828339	-3.8597319065603
3.5476999282837	-3.8290164949718
3.5524001121521	-3.8018090462961
3.5571000576019	-3.7787797875233
3.5618000030518	-3.7603775406838
3.5664999485016	-3.7467230449810
3.5711998939514	-3.7375737428902
3.5759000778198	-3.7323816625313
3.5806000232697	-3.7304283789645
3.5852999687195	-3.7309840202413
3.5899999141693	-3.7334790786191
3.5947000980377	-3.7376350347870
3.5994000434875	-3.7435054419634
3.6040999889374	-3.7514451344983
3.6087999343872	-3.7619936405149
3.6135001182556	-3.7757102691645
3.6182000637054	-3.7930119332909
3.6229000091553	-3.8140453539651
3.6275999546051	-3.8386196026324
3.6322999000549	-3.8662387455364
3.6370000839233	-3.8961964510397
3.6417000293732	-3.9277402129794
3.6463999748230	-3.9602392820355
3.6510999202728	-3.9933283040106
3.6558001041412	-4.0269836527282
3.6605000495911	-4.0615183970931
3.6651999950409	-4.0974817064269
3.6698999404907	-4.1355106305676
3.6745998859406	-4.1761454594977
3.6793000698090	-4.2196835619044
3.6840000152588	-4.2660864567372
3.6886999607086	-4.3149711504711
3.6933999061584	-4.3656975672846
3.6981000900269	-4.4175213013517
3.7028000354767	-4.4697642130141
3.7074999809265	-4.5219917346687
3.7121999263763	-4.5741181351367
3.7169001102448	-4.6264272064851
3.7216000556946	-4.6794920128321
3.7263000011444	-4.7340306927926
3.7309999465942	-4.7907080461767
3.7356998920441	-4.8499573631324
3.7404000759125	-4.9118596940812
3.7451000213623	-4.9761116222179
3.7497999668121	-5.0420817810353
3.7544999122620	-5.1089688603665
3.7592000961304	-5.1759892068136
3.7639000415802	-5.2425816371128
3.7685999870300	-5.3085430117186
3.7732999324799	-5.3740919637177
3.7780001163483	-5.4397964710069
3.7827000617981	-5.5064331564519
3.7874000072479	-5.5747626646619
3.7920999526978	-5.6453282339532
3.7967998981476	-5.7182859959573
3.8015000820160	-5.7933465551347
3.8062000274658	-5.8698151607037
3.8108999729156	-5.9467501345080
3.8155999183655	-6.0231775954713
3.8203001022339	-6.0983351169993
3.8250000476837	-6.1718504025056
3.8296999931335	-6.2438342013900
3.8343999385834	-6.3148320125163
3.8390998840332	-6.3856607709007
3.8438000679016	-6.4571725192370
3.8485000133514	-6.5299883531059
3.8531999588013	-6.6042980536491
3.8578999042511	-6.6797644429332
3.8626000881195	-6.7555588286497
3.8673000335693	-6.8305363453226
3.8719999790192	-6.9034900041764
3.8766999244690	-6.9734398163951
3.8814001083374	-7.0398705718757
3.8861000537872	-7.1028488884191
3.8907999992371	-7.1629778701490
3.8954999446869	-7.2212130922021
3.9001998901367	-7.2785661245142
3.9049000740051	-7.3358042141125
3.9096000194550	-7.3931982674777
3.9142999649048	-7.4504067171886
3.9189999103546	-7.5065309672398
3.9237000942230	-7.5603180732565
3.9284000396729	-7.6104666142998
3.9330999851227	-7.6559815634007
3.9377999305725	-7.6964292945976
3.9425001144409	-7.7320705934813
3.9472000598907	-7.7637984403846
3.9519000053406	-7.7928948989314
3.9565999507904	-7.8206911657984
3.9612998962402	-7.8482149229337
3.9660000801086	-7.8759173720382
3.9707000255585	-7.9035678103469
3.9753999710083	-7.9303250528108
3.9800999164581	-7.9549872400308
3.9848001003265	-7.9763368495987
3.9895000457764	-7.9935124759420
3.9941999912262	-8.0062903291306
3.9988999366760	-8.0151887492159
4.0036001205444	-8.0213708673318
4.0082998275757	-8.0263767163803
4.0130000114441	-8.0317418487784
4.0177001953125	-8.0386325791761
4.0223999023438	-8.0475735214315
4.0271000862122	-8.0583494165217
4.0317997932434	-8.0701016693648
4.0364999771118	-8.0815923811954
4.0412001609802	-8.0915718142194
4.0458998680115	-8.0991584192726
4.0506000518799	-8.1041207543037
4.0553002357483	-8.1069790687369
4.0599999427795	-8.1089090248805
4.0647001266479	-8.1114524503425
4.0693998336792	-8.1161498288077
4.0741000175476	-8.1241515747189
4.0788002014160	-8.1359450622408
4.0834999084473	-8.1512544558522
4.0882000923157	-8.1691231851434
4.0928997993469	-8.1881865121273
4.0975999832153	-8.2070397755250
4.1023001670837	-8.2246325207039
4.1069998741150	-8.2405704483624
4.1117000579834	-8.2552445831259
4.1163997650146	-8.2697407642420
4.1210999488831	-8.2855777351940
4.1258001327515	-8.3043049223843
4.1304998397827	-8.3271087554393
4.1352000236511	-8.3545108814144
4.1399002075195	-8.3862289453120
4.1445999145508	-8.4212418626438
4.1493000984192	-8.4580495633990
4.1539998054504	-8.4950541013262
4.1586999893188	-8.5309815753515
4.1634001731873	-8.5652286823909
4.1680998802185	-8.5980354098678
4.1728000640869	-8.6304339098138
4.1774997711182	-8.6639738671701
4.1821999549866	-8.7003197299607
4.1869001388550	-8.7408105729478
4.1915998458862	-8.7860933616174
4.1963000297546	-8.8359497619737
4.2010002136230	-8.8893198547653
4.2056999206543	-8.9445562217874
4.2104001045227	-8.9998248859168
4.2150998115540	-9.0535826015281
4.2197999954224	-9.1049921661344
4.2245001792908	-9.1541508127225
4.2291998863220	-9.2020821450186
4.2339000701904	-9.2504699262281
4.2385997772217	-9.3012149733174
4.2432999610901	-9.3559286949945
4.2480001449585	-9.4155143969567
4.2526998519897	-9.4799098848478
4.2574000358582	-9.5480918787083
4.2621002197266	-9.6183230379883
4.2667999267578	-9.6885931124973
4.2715001106262	-9.7571705326032
4.2761998176575	-9.8230949388796
4.2809000015259	-9.8865000081559
4.2856001853943	-9.9486392149352
4.2902998924255	-10.011617249833
4.2950000762939	-10.077908088561
4.2996997833252	-10.149765790293
4.3043999671936	-10.228706432537
4.3091001510620	-10.315178216062
4.3137998580933	-10.408496103447
4.3185000419617	-10.507056038798
4.3232002258301	-10.608800478312
4.3278999328613	-10.711815525256
4.3326001167297	-10.814918473745
4.3372998237610	-10.918079017853
4.3420000076294	-11.022516193307
4.3467001914978	-11.130476276000
4.3513998985291	-11.244692708506
4.3561000823975	-11.367712754201
4.3607997894287	-11.501236706880
4.3654999732971	-11.645641632157
4.3702001571655	-11.799793100704
4.3748998641968	-11.961216562904
4.3796000480652	-12.126604182023
4.3843002319336	-12.292592803828
4.3889999389648	-12.456605206305
4.3937001228333	-12.617564852611
4.3983998298645	-12.776213398904
4.4031000137329	-12.934937375513
4.4078001976013	-13.097123422965
4.4124999046326	-13.266212031890
4.4172000885010	-13.444699970988
4.4218997955322	-13.633373691378
4.4265999794006	-13.830914700403
4.4313001632690	-14.034055531357
4.4359998703003	-14.238249524881
4.4407000541687	-14.438797964766
4.4454002380371	-14.632149321844
4.4500999450684	-14.817001428980
4.4548001289368	-14.994808919860
4.4594998359680	-15.169488754155
4.4642000198364	-15.346356907472
4.4689002037048	-15.530639729506
4.4735999107361	-15.725950361601
4.4783000946045	-15.933143756522
4.4829998016357	-16.149808383631
4.4876999855042	-16.370575758126
4.4924001693726	-16.588275621060
4.4970998764038	-16.795792756955
4.5018000602722	-16.988152495155
4.5064997673035	-17.164151205261
4.5111999511719	-17.326894157770
4.5159001350403	-17.482888938252
4.5205998420715	-17.640054973237
4.5253000259399	-17.805221938176
4.5300002098083	-17.981911569304
4.5346999168396	-18.168922488423
4.5394001007080	-18.360060420920
4.5440998077393	-18.545259481016
4.5487999916077	-18.713028712631
4.5535001754761	-18.853783353154
4.5581998825073	-18.962973139638
4.5629000663757	-19.042716076480
4.5675997734070	-19.101104776490
4.5722999572754	-19.149374928260
4.5770001411438	-19.198118495954
4.5816998481750	-19.253885544242
4.5864000320435	-19.316988684893
4.5911002159119	-19.381121741860
4.5957999229431	-19.434784021967
4.6005001068115	-19.464525974145
4.6051998138428	-19.459289632616
4.6098999977112	-19.414372157790
4.6146001815796	-19.333321172683
4.6192998886108	-19.226811473142
4.6240000724792	-19.109062280776
4.6286997795105	-18.993387241145
4.6333999633789	-18.888537728838
4.6381001472473	-18.796698227149
4.6427998542786	-18.713299901667
4.6475000381470	-18.628623437758
4.6522002220154	-18.530815370003
4.6568999290466	-18.409771593489
4.6616001129150	-18.260578879255
4.6662998199463	-18.085343206402
4.6710000038147	-17.892545220128
4.6757001876831	-17.694287665566
4.6803998947144	-17.502706110608
4.6851000785828	-17.326746452348
4.6897997856140	-17.170185365772
4.6944999694824	-17.031078500156
4.6992001533508	-16.902593719002
4.7038998603821	-16.774977868552
4.7086000442505	-16.638385824448
4.7133002281189	-16.485816868385
4.7179999351501	-16.315267912702
4.7227001190186	-16.130334570121
4.7273998260498	-15.939014860772
4.7321000099182	-15.751231707516
4.7368001937866	-15.576058194437
4.7414999008179	-15.419448998476
4.7462000846863	-15.282930407356
4.7508997917175	-15.163440537623
4.7555999755859	-15.054202559082
4.7603001594543	-14.946522426399
4.7649998664856	-14.832132733766
4.7697000503540	-14.705511418219
4.7744002342224	-14.565516281843
4.7790999412537	-14.415656545972
4.7838001251221	-14.262980028700
4.7884998321533	-14.115999932254
4.7932000160217	-13.982347667712
4.7979001998901	-13.866886512773
4.8025999069214	-13.770591041294
4.8073000907898	-13.690428905192
4.8119997978210	-13.620112122987
4.8166999816895	-13.551692575795
4.8214001655579	-13.477637810945
4.8260998725891	-13.392909584407
4.8308000564575	-13.296416565170
4.8354997634888	-13.191318550368
4.8401999473572	-13.084073499412
4.8449001312256	-12.982563006568
4.8495998382568	-12.893948301815
4.8543000221252	-12.822849161147
4.8590002059937	-12.770262163645
4.8636999130249	-12.733306588985
4.8684000968933	-12.705929574036
4.8730998039246	-12.680352267719
4.8777999877930	-12.649061579867
4.8825001716614	-12.606901756590
4.8871998786926	-12.552567232377
4.8919000625610	-12.489020541463
4.8965997695923	-12.422636797091
4.9012999534607	-12.361370923508
4.9060001373291	-12.312600477543
4.9106998443604	-12.281203002789
4.9154000282288	-12.268362196391
4.9201002120972	-12.271221824811
4.9247999191284	-12.283495281127
4.9295001029968	-12.296915889343
4.9341998100281	-12.303317510263
4.9388999938965	-12.296866497388
4.9436001777649	-12.275761103079
4.9482998847961	-12.242762454655
4.9530000686646	-12.204294844480
4.9576997756958	-12.168448240644
4.9623999595642	-12.142526565575
4.9671001434326	-12.130869175713
4.9717998504639	-12.133413877197
4.9765000343323	-12.145319671026
4.9812002182007	-12.157684311200
4.9858999252319	-12.159399381941
4.9906001091003	-12.139844801462
4.9952998161316	-12.091758902614
5.0000000000000	-12.013304727664
