#Parameters = {R_fat=48; R_glandular=38; R_skin_outer=50; T10=5; T15=7.5; T5=2.5; T_rad=4; T_x=10; T_y=0; T_z=75; Zc=65; skin_thickness=2}
#"Frequency / GHz"	"S1,1 [Magnitude / dB]"
#-----------------------------------------
0.30000001192093	-23.952784985392
0.30469998717308	-23.736453746218
0.30939999222755	-23.910963018113
0.31409999728203	-24.517878918883
0.31880000233650	-25.594336822909
0.32350000739098	-27.045965948505
0.32820001244545	-28.169021920341
0.33289998769760	-27.431427933251
0.33759999275208	-24.931677322190
0.34229999780655	-22.167865605244
0.34700000286102	-19.740491027212
0.35170000791550	-17.697881779887
0.35640001296997	-15.975838100906
0.36109998822212	-14.508282623913
0.36579999327660	-13.246134018004
0.37049999833107	-12.157962883874
0.37520000338554	-11.227524493388
0.37990000844002	-10.450465349970
0.38460001349449	-9.8300548708162
0.38929998874664	-9.3718293193972
0.39399999380112	-9.0780918179869
0.39869999885559	-8.9441448385500
0.40340000391006	-8.9579657018438
0.40810000896454	-9.1033131061337
0.41280001401901	-9.3645169710932
0.41749998927116	-9.7308092058209
0.42219999432564	-10.198962501555
0.42689999938011	-10.773973001207
0.43160000443459	-11.467848079547
0.43630000948906	-12.295857460053
0.44100001454353	-13.267879546141
0.44569998979568	-14.369315132805
0.45039999485016	-15.523127472841
0.45509999990463	-16.537626181685
0.45980000495911	-17.116138522104
0.46450001001358	-17.061187980957
0.46919998526573	-16.495812466203
0.47389999032021	-15.728063676144
0.47859999537468	-15.000390580499
0.48330000042915	-14.432145133494
0.48800000548363	-14.064933961630
0.49270001053810	-13.903543246241
0.49739998579025	-13.934166638954
0.50209999084473	-14.126918459301
0.50679999589920	-14.429329416478
0.51150000095367	-14.757788027065
0.51620000600815	-15.000447391403
0.52090001106262	-15.049525251883
0.52560001611710	-14.857405957893
0.53030002117157	-14.466157745159
0.53500002622604	-13.975375609609
0.53969997167587	-13.486352629862
0.54439997673035	-13.070842099693
0.54909998178482	-12.767562280311
0.55379998683929	-12.588947263933
0.55849999189377	-12.526946491607
0.56319999694824	-12.555255489435
0.56790000200272	-12.630142822186
0.57260000705719	-12.694411374111
0.57730001211166	-12.689407515359
0.58200001716614	-12.574577390928
0.58670002222061	-12.344137082024
0.59140002727509	-12.027617655993
0.59609997272491	-11.674063279232
0.60079997777939	-11.332669866089
0.60549998283386	-11.040568518925
0.61019998788834	-10.818678678585
0.61489999294281	-10.671916576483
0.61959999799728	-10.590549842751
0.62430000305176	-10.552054348762
0.62900000810623	-10.524487422633
0.63370001316071	-10.472926595690
0.63840001821518	-10.368823509535
0.64310002326965	-10.199075446074
0.64780002832413	-9.9698877887045
0.65249997377396	-9.7030039733010
0.65719997882843	-9.4270687296313
0.66189998388290	-9.1689642491489
0.66659998893738	-8.9480951851289
0.67129999399185	-8.7738299870832
0.67599999904633	-8.6450378614016
0.68070000410080	-8.5509631015469
0.68540000915527	-8.4734472566144
0.69010001420975	-8.3907909421745
0.69480001926422	-8.2831058094206
0.69950002431870	-8.1378203175224
0.70420002937317	-7.9531669202590
0.70889997482300	-7.7379932419279
0.71359997987747	-7.5082230181271
0.71829998493195	-7.2817854963080
0.72299998998642	-7.0740627107340
0.72769999504089	-6.8948602048323
0.73240000009537	-6.7469689143565
0.73710000514984	-6.6261099594415
0.74180001020432	-6.5220870245912
0.74650001525879	-6.4211508946540
0.75120002031326	-6.3093348699736
0.75590002536774	-6.1761075415575
0.76059997081757	-6.0171433422366
0.76529997587204	-5.8352295614194
0.76999998092651	-5.6389992434621
0.77469998598099	-5.4401441260072
0.77939999103546	-5.2502407284053
0.78409999608994	-5.0780700915958
0.78880000114441	-4.9279149763940
0.79350000619888	-4.7989326881602
0.79820001125336	-4.6855659537358
0.80290001630783	-4.5789610335869
0.80760002136230	-4.4691762073008
0.81230002641678	-4.3477332923222
0.81699997186661	-4.2098452710321
0.82169997692108	-4.0555901942794
0.82639998197556	-3.8896511219070
0.83109998703003	-3.7198181627479
0.83579999208450	-3.5548224679909
0.84049999713898	-3.4021658746160
0.84520000219345	-3.2664581953230
0.84990000724792	-3.1485312395368
0.85460001230240	-3.0454135463325
0.85930001735687	-2.9511905498906
0.86400002241135	-2.8585462183644
0.86870002746582	-2.7607256843643
0.87339997291565	-2.6533632053352
0.87809997797012	-2.5356647960534
0.88279998302460	-2.4105761639395
0.88749998807907	-2.2839144479636
0.89219999313354	-2.1627959783593
0.89689999818802	-2.0538265596618
0.90160000324249	-1.9615566605348
0.90630000829697	-1.8875045267921
0.91100001335144	-1.8299529607415
0.91570001840591	-1.7845492324412
0.92040002346039	-1.7456020965893
0.92510002851486	-1.7077815873232
0.92979997396469	-1.6677999404981
0.93449997901917	-1.6255844930583
0.93919998407364	-1.5845605255217
0.94389998912811	-1.5509884940177
0.94859999418259	-1.5325413594809
0.95329999923706	-1.5366016246621
0.95800000429153	-1.5687135636795
0.96270000934601	-1.6316132562468
0.96740001440048	-1.7250755037277
0.97210001945496	-1.8466770243220
0.97680002450943	-1.9933625452497
0.98150002956390	-2.1635913026601
0.98619997501373	-2.3595198899353
0.99089998006821	-2.5887304769262
0.99559998512268	-2.8650296935501
1.0003000497818	-3.2082225860446
1.0049999952316	-3.6432243753927
1.0096999406815	-4.1991970750907
1.0144000053406	-4.9096653856944
1.0190999507904	-5.8145113970325
1.0238000154495	-6.9650768603860
1.0284999608994	-8.4339774653502
1.0332000255585	-10.332200587094
1.0378999710083	-12.830273091939
1.0426000356674	-16.090596959197
1.0472999811172	-19.170775826461
1.0520000457764	-18.004058896800
1.0566999912262	-14.422527670874
1.0614000558853	-11.407134409758
1.0661000013351	-9.1095635110510
1.0707999467850	-7.3369424824665
1.0755000114441	-5.9485383357889
1.0801999568939	-4.8546571498700
1.0849000215530	-3.9952073479916
1.0895999670029	-3.3257893751261
1.0943000316620	-2.8099257703690
1.0989999771118	-2.4152617719599
1.1037000417709	-2.1123610567223
1.1083999872208	-1.8751745245026
1.1131000518799	-1.6823156865357
1.1177999973297	-1.5182860024014
1.1224999427795	-1.3740292806825
1.1272000074387	-1.2463809915256
1.1318999528885	-1.1365301602937
1.1366000175476	-1.0478471215371
1.1412999629974	-0.98372917916910
1.1460000276566	-0.94584866405658
1.1506999731064	-0.93321667073835
1.1554000377655	-0.94205124906982
1.1600999832153	-0.96639820381655
1.1648000478745	-0.99931803604669
1.1694999933243	-1.0342953717633
1.1742000579834	-1.0665707496873
1.1789000034332	-1.0940167575911
1.1835999488831	-1.1173576776225
1.1883000135422	-1.1396346535901
1.1929999589920	-1.1651473569362
1.1977000236511	-1.1981426690192
1.2023999691010	-1.2416591392113
1.2071000337601	-1.2967639650409
1.2117999792099	-1.3623316208518
1.2165000438690	-1.4353524611374
1.2211999893188	-1.5116730228886
1.2259000539780	-1.5870009083536
1.2305999994278	-1.6579335763062
1.2352999448776	-1.7227356214036
1.2400000095367	-1.7817069261398
1.2446999549866	-1.8370022966233
1.2494000196457	-1.8919750635265
1.2540999650955	-1.9502565348943
1.2588000297546	-2.0148129957780
1.2634999752045	-2.0872465963680
1.2682000398636	-2.1674443331221
1.2728999853134	-2.2536656924319
1.2776000499725	-2.3430009068979
1.2822999954224	-2.4320879229171
1.2869999408722	-2.5179419447956
1.2917000055313	-2.5986741961035
1.2963999509811	-2.6739526182681
1.3011000156403	-2.7450386490486
1.3057999610901	-2.8144310558345
1.3105000257492	-2.8851847941384
1.3151999711990	-2.9601435929786
1.3199000358582	-3.0412612503894
1.3245999813080	-3.1291636065061
1.3293000459671	-3.2230496092869
1.3339999914169	-3.3209274071307
1.3387000560760	-3.4201056922462
1.3434000015259	-3.5178668987731
1.3480999469757	-3.6121242700726
1.3528000116348	-3.7019522077041
1.3574999570847	-3.7877934969977
1.3622000217438	-3.8713520383662
1.3668999671936	-3.9551353012228
1.3716000318527	-4.0418382122647
1.3762999773026	-4.1336972878036
1.3810000419617	-4.2319913848050
1.3856999874115	-4.3367820631972
1.3904000520706	-4.4469379104916
1.3950999975204	-4.5604315763458
1.3997999429703	-4.6748428375798
1.4045000076294	-4.7879444768028
1.4091999530792	-4.8982658674718
1.4139000177383	-5.0054617665503
1.4185999631882	-5.1104115713826
1.4233000278473	-5.2150150676973
1.4279999732971	-5.3217376939512
1.4327000379562	-5.4330310186101
1.4373999834061	-5.5507955288151
1.4421000480652	-5.6759724902870
1.4467999935150	-5.8083740824843
1.4515000581741	-5.9467586826093
1.4562000036240	-6.0891436367320
1.4608999490738	-6.2332851621759
1.4656000137329	-6.3772301243709
1.4702999591827	-6.5198144417369
1.4750000238419	-6.6609827236189
1.4796999692917	-6.8018370777043
1.4844000339508	-6.9444201950338
1.4890999794006	-7.0912650586259
1.4938000440598	-7.2448440316443
1.4984999895096	-7.4070524189849
1.5032000541687	-7.5788247768159
1.5078999996185	-7.7599608938374
1.5125999450684	-7.9491954180347
1.5173000097275	-8.1444913279923
1.5219999551773	-8.3435176969907
1.5267000198364	-8.5442160963670
1.5313999652863	-8.7453301824895
1.5361000299454	-8.9467668696924
1.5407999753952	-9.1496978916218
1.5455000400543	-9.3563504931425
1.5501999855042	-9.5695615496740
1.5549000501633	-9.7921878288800
1.5595999956131	-10.026513178029
1.5642999410629	-10.273780606044
1.5690000057220	-10.533916310129
1.5736999511719	-10.805521558448
1.5784000158310	-11.086127432738
1.5830999612808	-11.372700959792
1.5878000259399	-11.662306669719
1.5924999713898	-11.952797209272
1.5972000360489	-12.243367349191
1.6018999814987	-12.534794309047
1.6066000461578	-12.829314907470
1.6112999916077	-13.130131725664
1.6160000562668	-13.440693321972
1.6207000017166	-13.763887151354
1.6253999471664	-14.101322474182
1.6301000118256	-14.452815408302
1.6347999572754	-14.816194814399
1.6395000219345	-15.187423213522
1.6441999673843	-15.561132863308
1.6489000320435	-15.931434039265
1.6535999774933	-16.292909624581
1.6583000421524	-16.641561159876
1.6629999876022	-16.975413114764
1.6677000522614	-17.294639140255
1.6723999977112	-17.601123913887
1.6770999431610	-17.897618500273
1.6818000078201	-18.186671100069
1.6864999532700	-18.469651766193
1.6912000179291	-18.746005350664
1.6958999633789	-19.012865950500
1.7006000280380	-19.265137388220
1.7052999734879	-19.496036282024
1.7100000381470	-19.698097714294
1.7146999835968	-19.864512539486
1.7194000482559	-19.990537894415
1.7240999937057	-20.074680012670
1.7288000583649	-20.119242371866
1.7335000038147	-20.130047972131
1.7381999492645	-20.115475211464
1.7429000139236	-20.084964733484
1.7475999593735	-20.047453785754
1.7523000240326	-20.010039847859
1.7569999694824	-19.977039645885
1.7617000341415	-19.949620480543
1.7663999795914	-19.925961036458
1.7711000442505	-19.902004840974
1.7757999897003	-19.872677649259
1.7805000543594	-19.833378619522
1.7851999998093	-19.781468290938
1.7898999452591	-19.717268196643
1.7946000099182	-19.644301959887
1.7992999553680	-19.568726850334
1.8040000200272	-19.498070529302
1.8086999654770	-19.439695713189
1.8134000301361	-19.399400185500
1.8180999755859	-19.380396600402
1.8228000402451	-19.382806639859
1.8274999856949	-19.403771965245
1.8322000503540	-19.438107211757
1.8368999958038	-19.479459179254
1.8415999412537	-19.521802846942
1.8463000059128	-19.560952964400
1.8509999513626	-19.595689788666
1.8557000160217	-19.628142351477
1.8603999614716	-19.663360004084
1.8651000261307	-19.708146917998
1.8697999715805	-19.769520032366
1.8745000362396	-19.853246102121
1.8791999816895	-19.962702366616
1.8839000463486	-20.098323258319
1.8885999917984	-20.257545507638
1.8933000564575	-20.435422076698
1.8980000019073	-20.625747174351
1.9026999473572	-20.822595931388
1.9074000120163	-21.021931971398
1.9120999574661	-21.222888132107
1.9168000221252	-21.428383687634
1.9214999675751	-21.644725282819
1.9262000322342	-21.880501984906
1.9308999776840	-22.144978859661
1.9356000423431	-22.446489656762
1.9402999877930	-22.791207984628
1.9450000524521	-23.182326547323
1.9496999979019	-23.619912101705
1.9543999433517	-24.101369921255
1.9591000080109	-24.622453611860
1.9637999534607	-25.179086210810
1.9685000181198	-25.769410039226
1.9731999635696	-26.395925425441
1.9779000282288	-27.067039982422
1.9825999736786	-27.797463152414
1.9873000383377	-28.607358356797
1.9919999837875	-29.520156323945
1.9967000484467	-30.558406916566
2.0013999938965	-31.735572846612
2.0060999393463	-33.037260960069
2.0107998847961	-34.378197665308
2.0155000686646	-35.527455451429
2.0202000141144	-36.088080045040
2.0248999595642	-35.763141829297
2.0295999050140	-34.702954984287
2.0343000888824	-33.301845986434
2.0390000343323	-31.840057650057
2.0436999797821	-30.436837595745
2.0483999252319	-29.126857681886
2.0531001091003	-27.913964462112
2.0578000545502	-26.793996034250
2.0625000000000	-25.762201822974
2.0671999454498	-24.814632210423
2.0718998908997	-23.947504758441
2.0766000747681	-23.156238343141
2.0813000202179	-22.434932813099
2.0859999656677	-21.776091175615
2.0906999111176	-21.170937827500
2.0954000949860	-20.610008181478
2.1001000404358	-20.084009716407
2.1047999858856	-19.584815323384
2.1094999313354	-19.106289403537
2.1142001152039	-18.644809699066
2.1189000606537	-18.199309023608
2.1236000061035	-17.770800485528
2.1282999515533	-17.361578994076
2.1329998970032	-16.974254719125
2.1377000808716	-16.610864400481
2.1424000263214	-16.272261202791
2.1470999717712	-15.957791485740
2.1517999172211	-15.665331900070
2.1565001010895	-15.391629861585
2.1612000465393	-15.132893672457
2.1658999919891	-14.885483286284
2.1705999374390	-14.646573325445
2.1752998828888	-14.414615072870
2.1800000667572	-14.189512836155
2.1847000122070	-13.972456289551
2.1893999576569	-13.765464916075
2.1940999031067	-13.570782169472
2.1988000869751	-13.390262650605
2.2035000324249	-13.224882446807
2.2081999778748	-13.074486364771
2.2128999233246	-12.937777056727
2.2176001071930	-12.812577081735
2.2223000526428	-12.696274228525
2.2269999980927	-12.586372717372
2.2316999435425	-12.481013229345
2.2363998889923	-12.379335471549
2.2411000728607	-12.281614159070
2.2458000183105	-12.189087564046
2.2504999637604	-12.103599931631
2.2551999092102	-12.027078887411
2.2599000930786	-11.961040327442
2.2646000385284	-11.906198515727
2.2692999839783	-11.862266984629
2.2739999294281	-11.828008899952
2.2787001132965	-11.801499220946
2.2834000587463	-11.780550368717
2.2881000041962	-11.763200636660
2.2927999496460	-11.748163808501
2.2974998950958	-11.735099716885
2.3022000789642	-11.724675072775
2.3069000244141	-11.718347835272
2.3115999698639	-11.717983188360
2.3162999153137	-11.725377816332
2.3210000991821	-11.741801048013
2.3257000446320	-11.767694770251
2.3303999900818	-11.802547000340
2.3350999355316	-11.845007289060
2.3397998809814	-11.893203797567
2.3445000648499	-11.945186398632
2.3492000102997	-11.999391415299
2.3538999557495	-12.055039970053
2.3585999011993	-12.112333289714
2.3633000850677	-12.172409396762
2.3680000305176	-12.237061450229
2.3726999759674	-12.308312139019
2.3773999214172	-12.387927822045
2.3821001052856	-12.477007988446
2.3868000507355	-12.575723907611
2.3914999961853	-12.683300656853
2.3961999416351	-12.798214561426
2.4008998870850	-12.918562679617
2.4056000709534	-13.042572398621
2.4103000164032	-13.169069706122
2.4149999618530	-13.297833285127
2.4196999073029	-13.429711048948
2.4244000911713	-13.566483499418
2.4291000366211	-13.710493050879
2.4337999820709	-13.864115615068
2.4384999275208	-14.029269975724
2.4432001113892	-14.207008414244
2.4479000568390	-14.397307443456
2.4526000022888	-14.599149333072
2.4572999477386	-14.810804764512
2.4619998931885	-15.030351529162
2.4667000770569	-15.256245934936
2.4714000225067	-15.487884972994
2.4760999679565	-15.725944986498
2.4807999134064	-15.972440970889
2.4855000972748	-16.230451773016
2.4902000427246	-16.503614899307
2.4948999881744	-16.795465090315
2.4995999336243	-17.108821947560
2.5043001174927	-17.445355891485
2.5090000629425	-17.805400876052
2.5137000083923	-18.188138205861
2.5183999538422	-18.592062928043
2.5230998992920	-19.015785106982
2.5278000831604	-19.458920732486
2.5325000286102	-19.922969473801
2.5371999740601	-20.411864925164
2.5418999195099	-20.932112125106
2.5466001033783	-21.492449712552
2.5513000488281	-22.103124112810
2.5559999942780	-22.774925280544
2.5606999397278	-23.518298099654
2.5653998851776	-24.342472261148
2.5701000690460	-25.254755509759
2.5748000144958	-26.259878008456
2.5794999599457	-27.358848810029
2.5841999053955	-28.546379601470
2.5889000892639	-29.803886968968
2.5936000347137	-31.082575708195
2.5982999801636	-32.268797024456
2.6029999256134	-33.143002197440
2.6077001094818	-33.415836879281
2.6124000549316	-32.940316647065
2.6171000003815	-31.877768729048
2.6217999458313	-30.533012034051
2.6264998912811	-29.136739303348
2.6312000751495	-27.805891415223
2.6359000205994	-26.585327456207
2.6405999660492	-25.484644374462
2.6452999114990	-24.497716005366
2.6500000953674	-23.611692779140
2.6547000408173	-22.811281511587
2.6593999862671	-22.080992065097
2.6640999317169	-21.406633000711
2.6688001155853	-20.776397806641
2.6735000610352	-20.181520869548
2.6782000064850	-19.616462399137
2.6828999519348	-19.078595813887
2.6875998973846	-18.567404434228
2.6923000812531	-18.083501822322
2.6970000267029	-17.627626177717
2.7016999721527	-17.199867032701
2.7063999176025	-16.799149743961
2.7111001014709	-16.423185597575
2.7158000469208	-16.068638509194
2.7204999923706	-15.731632159514
2.7251999378204	-15.408346796528
2.7298998832703	-15.095636939325
2.7346000671387	-14.791462117192
2.7393000125885	-14.495078832160
2.7439999580383	-14.206909328338
2.7486999034882	-13.928174833009
2.7534000873566	-13.660353360073
2.7581000328064	-13.404645472004
2.7627999782562	-13.161567412835
2.7674999237061	-12.930723011415
2.7722001075745	-12.710821687817
2.7769000530243	-12.499916274949
2.7815999984741	-12.295800089076
2.7862999439240	-12.096453924060
2.7909998893738	-11.900451134977
2.7957000732422	-11.707206020611
2.8004000186920	-11.516997771949
2.8050999641418	-11.330803500183
2.8097999095917	-11.149937541929
2.8145000934601	-10.975661438051
2.8192000389099	-10.808802141191
2.8238999843597	-10.649512642104
2.8285999298096	-10.497203235049
2.8333001136780	-10.350660708805
2.8380000591278	-10.208325139839
2.8427000045776	-10.068641460569
2.8473999500275	-9.9304073214057
2.8520998954773	-9.7930391640667
2.8568000793457	-9.6566623238244
2.8615000247955	-9.5220243356220
2.8661999702454	-9.3902524659252
2.8708999156952	-9.2625378922526
2.8756000995636	-9.1397876889912
2.8803000450134	-9.0223962958754
2.8849999904633	-8.9101229325989
2.8896999359131	-8.8021537669729
2.8943998813629	-8.6972912444486
2.8991000652313	-8.5942407221988
2.9038000106812	-8.4919383062309
2.9084999561310	-8.3897853977597
2.9131999015808	-8.2877812510991
2.9179000854492	-8.1865055451204
2.9226000308990	-8.0869230002247
2.9272999763489	-7.9901305707878
2.9319999217987	-7.8970498611887
2.9367001056671	-7.8081968803396
2.9414000511169	-7.7235322771539
2.9460999965668	-7.6424921526056
2.9507999420166	-7.5641114449240
2.9554998874664	-7.4872723182637
2.9602000713348	-7.4109886634313
2.9649000167847	-7.3346438433440
2.9695999622345	-7.2581432900557
2.9742999076843	-7.1819097150775
2.9790000915527	-7.1067766842218
2.9837000370026	-7.0337422331978
2.9883999824524	-6.9637177880580
2.9930999279022	-6.8972751530982
2.9978001117706	-6.8345162316986
3.0025000572205	-6.7750327293623
3.0072000026703	-6.7180224957797
3.0118999481201	-6.6624909059523
3.0165998935699	-6.6075027883311
3.0213000774384	-6.5524130019441
3.0260000228882	-6.4970374913746
3.0306999683380	-6.4416756155134
3.0353999137878	-6.3870379478321
3.0401000976562	-6.3340354061266
3.0448000431061	-6.2835453562196
3.0494999885559	-6.2361802368982
3.0541999340057	-6.1921293488852
3.0589001178741	-6.1511028849169
3.0636000633240	-6.1124204808477
3.0683000087738	-6.0751725523531
3.0729999542236	-6.0384578891457
3.0776998996735	-6.0016049887664
3.0824000835419	-5.9643514955078
3.0871000289917	-5.9268928882693
3.0917999744415	-5.8898364011898
3.0964999198914	-5.8540183378395
3.1012001037598	-5.8202831709907
3.1059000492096	-5.7892772319668
3.1105999946594	-5.7612548642506
3.1152999401093	-5.7360229517814
3.1199998855591	-5.7129927083232
3.1247000694275	-5.6913210556941
3.1294000148773	-5.6701329570807
3.1340999603271	-5.6487295595325
3.1387999057770	-5.6267837810668
3.1435000896454	-5.6044035734345
3.1482000350952	-5.5821091304920
3.1528999805450	-5.5606749967555
3.1575999259949	-5.5409341365176
3.1623001098633	-5.5235435693938
3.1670000553131	-5.5088239877516
3.1717000007629	-5.4966592714670
3.1763999462128	-5.4865363112052
3.1810998916626	-5.4776623609795
3.1858000755310	-5.4691731018228
3.1905000209808	-5.4603481758523
3.1951999664307	-5.4507995334435
3.1998999118805	-5.4405578070008
3.2046000957489	-5.4300679516050
3.2093000411987	-5.4200598791255
3.2139999866486	-5.4113414685085
3.2186999320984	-5.4045927855798
3.2234001159668	-5.4001799650184
3.2281000614166	-5.3980432323988
3.2328000068665	-5.3977193905509
3.2374999523163	-5.3984473395774
3.2421998977661	-5.3993571983976
3.2469000816345	-5.3996885514417
3.2516000270844	-5.3989868054865
3.2562999725342	-5.3972102032682
3.2609999179840	-5.3947307817976
3.2657001018524	-5.3922210642923
3.2704000473022	-5.3904681495266
3.2750999927521	-5.3901542675201
3.2797999382019	-5.3916608577692
3.2844998836517	-5.3949541779064
3.2892000675201	-5.3995850239488
3.2939000129700	-5.4047734908186
3.2985999584198	-5.4096169476564
3.3032999038696	-5.4132883116503
3.3080000877380	-5.4152483722564
3.3127000331879	-5.4153609306209
3.3173999786377	-5.4139168183278
3.3220999240875	-5.4115209196934
3.3268001079559	-5.4089192721662
3.3315000534058	-5.4067623404923
3.3361999988556	-5.4054095020040
3.3408999443054	-5.4048071541014
3.3455998897552	-5.4044647363995
3.3503000736237	-5.4035570698798
3.3550000190735	-5.4011067840948
3.3596999645233	-5.3962076605572
3.3643999099731	-5.3882395497059
3.3691000938416	-5.3769952385928
3.3738000392914	-5.3627032578256
3.3784999847412	-5.3459346778605
3.3831999301910	-5.3274096701030
3.3879001140594	-5.3077769033345
3.3926000595093	-5.2874086398103
3.3973000049591	-5.2662716921858
3.4019999504089	-5.2439101638935
3.4066998958588	-5.2195532113112
3.4114000797272	-5.1923035699085
3.4161000251770	-5.1613601847010
3.4207999706268	-5.1262362877459
3.4254999160767	-5.0868900267467
3.4302000999451	-5.0437332961781
3.4349000453949	-4.9975403477609
3.4395999908447	-4.9492553500906
3.4442999362946	-4.8997634183459
3.4489998817444	-4.8497015026904
3.4537000656128	-4.7993293009978
3.4584000110626	-4.7485281004287
3.4630999565125	-4.6968923317990
3.4677999019623	-4.6439048233421
3.4725000858307	-4.5891557936158
3.4772000312805	-4.5325238745716
3.4818999767303	-4.4742819503700
3.4865999221802	-4.4151068327948
3.4913001060486	-4.3559789479908
3.4960000514984	-4.2979917450312
3.5006999969482	-4.2421629749532
3.5053999423981	-4.1892344779468
3.5100998878479	-4.1395749210474
3.5148000717163	-4.0931564113927
3.5195000171661	-4.0496420202607
3.5241999626160	-4.0085261998595
3.5288999080658	-3.9693412921651
3.5336000919342	-3.9318083452580
3.5383000373840	-3.8959609023876
3.5429999828339	-3.8621600918932
3.5476999282837	-3.8310285805232
3.5524001121521	-3.8033065353556
3.5571000576019	-3.7796787349350
3.5618000030518	-3.7606057480991
3.5664999485016	-3.7462219852297
3.5711998939514	-3.7362949213702
3.5759000778198	-3.7302869957514
3.5806000232697	-3.7274864847436
3.5852999687195	-3.7271679455659
3.5899999141693	-3.7287677757358
3.5947000980377	-3.7320144828958
3.5994000434875	-3.7369631485314
3.6040999889374	-3.7439734645758
3.6087999343872	-3.7535891093076
3.6135001182556	-3.7663734740363
3.6182000637054	-3.7827467841520
3.6229000091553	-3.8028551139526
3.6275999546051	-3.8265139334812
3.6322999000549	-3.8532248152762
3.6370000839233	-3.8822835410228
3.6417000293732	-3.9129385757300
3.6463999748230	-3.9445585478363
3.6510999202728	-3.9767756091397
3.6558001041412	-4.0095685586270
3.6605000495911	-4.0432455229810
3.6651999950409	-4.0783584757775
3.6698999404907	-4.1155414247470
3.6745998859406	-4.1553304878264
3.6793000698090	-4.1980254297360
3.6840000152588	-4.2435826580365
3.6886999607086	-4.2916237585131
3.6933999061584	-4.3415072549986
3.6981000900269	-4.3924852051367
3.7028000354767	-4.4438855349585
3.7074999809265	-4.4952715631261
3.7121999263763	-4.5465546693657
3.7169001102448	-4.5980163972852
3.7216000556946	-4.6502294980296
3.7263000011444	-4.7039083945978
3.7309999465942	-4.7597115930972
3.7356998920441	-4.8180714821151
3.7404000759125	-4.8790666906410
3.7451000213623	-4.9423923723919
3.7497999668121	-5.0074188072617
3.7544999122620	-5.0733469513904
3.7592000961304	-5.1393959013738
3.7639000415802	-5.2050048679144
3.7685999870300	-5.2699733949784
3.7732999324799	-5.3345174184413
3.7780001163483	-5.3992027663140
3.7827000617981	-5.4647998909327
3.7874000072479	-5.5320665786874
3.7920999526978	-5.6015391959233
3.7967998981476	-5.6733718756772
3.8015000820160	-5.7472733436331
3.8062000274658	-5.8225514525273
3.8108999729156	-5.8982658018835
3.8155999183655	-5.9734509816668
3.8203001022339	-6.0473454993255
3.8250000476837	-6.1195816454673
3.8296999931335	-6.1902682392340
3.8343999385834	-6.2599470907888
3.8390998840332	-6.3294328826424
3.8438000679016	-6.3995690695439
3.8485000133514	-6.4709713579890
3.8531999588013	-6.5438258614695
3.8578999042511	-6.6177971533445
3.8626000881195	-6.6920622814372
3.8673000335693	-6.7654835426124
3.8719999790192	-6.8368632085318
3.8766999244690	-6.9052350857129
3.8814001083374	-6.9700852902658
3.8861000537872	-7.0314839047159
3.8907999992371	-7.0900302127705
3.8954999446869	-7.1466737700669
3.9001998901367	-7.2024226957352
3.9049000740051	-7.2580351881187
3.9096000194550	-7.3137838592391
3.9142999649048	-7.3693344511375
3.9189999103546	-7.4238044159572
3.9237000942230	-7.4759552496194
3.9284000396729	-7.5245086157107
3.9330999851227	-7.5684847206933
3.9377999305725	-7.6074576507069
3.9425001144409	-7.6416916828845
3.9472000598907	-7.6720740262640
3.9519000053406	-7.6998737177281
3.9565999507904	-7.7264149040192
3.9612998962402	-7.7527179801743
3.9660000801086	-7.7792376786937
3.9707000255585	-7.8057564612500
3.9753999710083	-7.8314546189703
3.9800999164581	-7.8551496811437
3.9848001003265	-7.8756454868300
3.9895000457764	-7.8920931713796
3.9941999912262	-7.9042678645151
3.9988999366760	-7.9126735751768
4.0036001205444	-7.9184579695829
4.0082998275757	-7.9231342588206
4.0130000114441	-7.9282228073335
4.0177001953125	-7.9348797521748
4.0223999023438	-7.9436366283760
4.0271000862122	-7.9542951100838
4.0317997932434	-7.9660185796625
4.0364999771118	-7.9775920344622
4.0412001609802	-7.9877855927119
4.0458998680115	-7.9957190598388
4.0506000518799	-8.0011494011184
4.0553002357483	-8.0045695645173
4.0599999427795	-8.0071257931144
4.0647001266479	-8.0103318585171
4.0693998336792	-8.0157051380416
4.0741000175476	-8.0243883008401
4.0788002014160	-8.0368826698203
4.0834999084473	-8.0529319179771
4.0882000923157	-8.0716152623860
4.0928997993469	-8.0915962263722
4.0975999832153	-8.1114851589071
4.1023001670837	-8.1302341170441
4.1069998741150	-8.1474331276414
4.1117000579834	-8.1634395486101
4.1163997650146	-8.1793072463833
4.1210999488831	-8.1965203312213
4.1258001327515	-8.2166098597091
4.1304998397827	-8.2407675346396
4.1352000236511	-8.2695358449150
4.1399002075195	-8.3026678138546
4.1445999145508	-8.3391878959961
4.1493000984192	-8.3776294953853
4.1539998054504	-8.4164182776643
4.1586999893188	-8.4542826779652
4.1634001731873	-8.4905988705452
4.1680998802185	-8.5255693124848
4.1728000640869	-8.5601867957302
4.1774997711182	-8.5959644322950
4.1821999549866	-8.6345581118869
4.1869001388550	-8.6773122236312
4.1915998458862	-8.7249128865691
4.1963000297546	-8.7771909246216
4.2010002136230	-8.8331436091320
4.2056999206543	-8.8911685034948
4.2104001045227	-8.9494572750238
4.2150998115540	-9.0064667228298
4.2197999954224	-9.0613217177366
4.2245001792908	-9.1140721093268
4.2291998863220	-9.1656917342901
4.2339000701904	-9.2178184297122
4.2385997772217	-9.2723418921713
4.2432999610901	-9.3308898258705
4.2480001449585	-9.3944068904995
4.2526998519897	-9.4628924903641
4.2574000358582	-9.5353791819871
4.2621002197266	-9.6101620614849
4.2667999267578	-9.6852335282066
4.2715001106262	-9.7588168093889
4.2761998176575	-9.8298750114231
4.2809000015259	-9.8984418943840
4.2856001853943	-9.9656702381958
4.2902998924255	-10.033598950701
4.2950000762939	-10.104665799111
4.2996997833252	-10.181129912813
4.3043999671936	-10.264549369254
4.3091001510620	-10.355428027781
4.3137998580933	-10.453128561877
4.3185000419617	-10.556076302080
4.3232002258301	-10.662197681758
4.3278999328613	-10.769527193314
4.3326001167297	-10.876804871237
4.3372998237610	-10.983915974239
4.3420000076294	-11.092022169325
4.3467001914978	-11.203353698263
4.3513998985291	-11.320687643532
4.3561000823975	-11.446671099095
4.3607997894287	-11.583150388431
4.3654999732971	-11.730661919881
4.3702001571655	-11.888224712859
4.3748998641968	-12.053482213198
4.3796000480652	-12.223189444134
4.3843002319336	-12.393977269736
4.3889999389648	-12.563204286355
4.3937001228333	-12.729695792882
4.3983998298645	-12.894105687390
4.4031000137329	-13.058780054432
4.4078001976013	-13.227138917960
4.4124999046326	-13.402739933797
4.4172000885010	-13.588266805117
4.4218997955322	-13.784718266587
4.4265999794006	-13.990982898712
4.4313001632690	-14.203919988665
4.4359998703003	-14.419006941242
4.4407000541687	-14.631436741554
4.4454002380371	-14.837444991528
4.4500999450684	-15.035469495342
4.4548001289368	-15.226758904111
4.4594998359680	-15.415148443361
4.4642000198364	-15.606053702963
4.4689002037048	-15.804964724499
4.4735999107361	-16.015866064334
4.4783000946045	-16.239994230053
4.4829998016357	-16.475208060725
4.4876999855042	-16.716195168302
4.4924001693726	-16.955567433172
4.4970998764038	-17.185708806161
4.5018000602722	-17.401000948191
4.5064997673035	-17.599650003544
4.5111999511719	-17.784412600357
4.5159001350403	-17.961854537078
4.5205998420715	-18.140295062958
4.5253000259399	-18.327175705132
4.5300002098083	-18.526580672514
4.5346999168396	-18.737588895519
4.5394001007080	-18.953778580590
4.5440998077393	-19.164245760844
4.5487999916077	-19.356162866477
4.5535001754761	-19.518414355417
4.5581998825073	-19.645242801791
4.5629000663757	-19.738321225703
4.5675997734070	-19.806142964160
4.5722999572754	-19.860946784562
4.5770001411438	-19.914440769527
4.5816998481750	-19.973874360375
4.5864000320435	-20.039585864664
4.5911002159119	-20.104475215202
4.5957999229431	-20.155657685924
4.6005001068115	-20.178190740761
4.6051998138428	-20.160049893914
4.6098999977112	-20.096618822772
4.6146001815796	-19.992650818482
4.6192998886108	-19.860738525087
4.6240000724792	-19.716960587185
4.6286997795105	-19.575925728823
4.6333999633789	-19.446828849664
4.6381001472473	-19.331512674382
4.6427998542786	-19.224586132982
4.6475000381470	-19.115362096630
4.6522002220154	-18.991350002586
4.6568999290466	-18.842396168337
4.6616001129150	-18.664270183350
4.6662998199463	-18.460243707562
4.6710000038147	-18.240032592607
4.6757001876831	-18.016643129812
4.6803998947144	-17.802545679164
4.6851000785828	-17.606472389565
4.6897997856140	-17.431611178415
4.6944999694824	-17.275232208092
4.6992001533508	-17.129765115403
4.7038998603821	-16.984967134601
4.7086000442505	-16.830881293420
4.7133002281189	-16.660786444458
4.7179999351501	-16.473247343329
4.7227001190186	-16.272493859309
4.7273998260498	-16.066978088008
4.7321000099182	-15.866793030094
4.7368001937866	-15.680864336084
4.7414999008179	-15.514740886822
4.7462000846863	-15.369433256923
4.7508997917175	-15.241358745456
4.7555999755859	-15.123344402312
4.7603001594543	-15.006517470287
4.7649998664856	-14.882684275492
4.7697000503540	-14.746617186366
4.7744002342224	-14.597578731811
4.7790999412537	-14.439455497141
4.7838001251221	-14.279530223597
4.7884998321533	-14.126313141377
4.7932000160217	-13.987249151731
4.7979001998901	-13.866850503428
4.8025999069214	-13.765705867558
4.8073000907898	-13.680401954581
4.8119997978210	-13.604406662039
4.8166999816895	-13.529689994058
4.8214001655579	-13.448826768094
4.8260998725891	-13.357044984047
4.8308000564575	-13.253591095784
4.8354997634888	-13.141921158256
4.8401999473572	-13.028642793234
4.8449001312256	-12.921604303549
4.8495998382568	-12.827757833469
4.8543000221252	-12.751392999500
4.8590002059937	-12.693133388681
4.8636999130249	-12.649770406015
4.8684000968933	-12.615025323817
4.8730998039246	-12.581057686148
4.8777999877930	-12.540490903459
4.8825001716614	-12.488435265263
4.8871998786926	-12.423906153952
4.8919000625610	-12.350127828836
4.8965997695923	-12.273563403796
4.9012999534607	-12.202067250739
4.9060001373291	-12.142723483922
4.9106998443604	-12.100028159942
4.9154000282288	-12.074765429084
4.9201002120972	-12.063799101424
4.9247999191284	-12.060756263985
4.9295001029968	-12.057548975637
4.9341998100281	-12.046461246953
4.9388999938965	-12.022293649228
4.9436001777649	-11.983907972689
4.9482998847961	-11.934599825524
4.9530000686646	-11.881103429859
4.9576997756958	-11.831604576940
4.9623999595642	-11.793419755985
4.9671001434326	-11.770986813099
4.9717998504639	-11.764623418241
4.9765000343323	-11.770234712562
4.9812002182007	-11.780079962767
4.9858999252319	-11.784442006587
4.9906001091003	-11.774043368776
4.9952998161316	-11.742505823066
5.0000000000000	-11.688134589179
#Parameters = {R_fat=48; R_glandular=38; R_skin_outer=50; T10=5; T15=7.5; T5=2.5; T_rad=4; T_x=10; T_y=0; T_z=75; Zc=65; skin_thickness=2; Mesh Pass=1}
#"Frequency / GHz"	"S1,1 (Mesh Pass=1) [Magnitude / dB]"
#-------------------------------------------------------
0.30000001192093	-6.6503957953170
0.30469998717308	-6.5175189362657
0.30939999222755	-6.3784535953430
0.31409999728203	-6.2338277370698
0.31880000233650	-6.0848339753500
0.32350000739098	-5.9330745689985
0.32820001244545	-5.7803289068865
0.33289998769760	-5.6282832928065
0.33759999275208	-5.4782825155296
0.34229999780655	-5.3311349670053
0.34700000286102	-5.1870391000332
0.35170000791550	-5.0455927753628
0.35640001296997	-4.9059381863278
0.36109998822212	-4.7669901780162
0.36579999327660	-4.6277167787715
0.37049999833107	-4.4874195225290
0.37520000338554	-4.3459468954523
0.37990000844002	-4.2037932300949
0.38460001349449	-4.0620474516762
0.38929998874664	-3.9222193004921
0.39399999380112	-3.7859468348474
0.39869999885559	-3.6546873721325
0.40340000391006	-3.5294268342573
0.40810000896454	-3.4104667762726
0.41280001401901	-3.2973564113387
0.41749998927116	-3.1889747043828
0.42219999432564	-3.0837580723848
0.42689999938011	-2.9800504508224
0.43160000443459	-2.8764921852170
0.43630000948906	-2.7723586703536
0.44100001454353	-2.6677631367480
0.44569998979568	-2.5636666036962
0.45039999485016	-2.4616736706623
0.45509999990463	-2.3636676507310
0.45980000495911	-2.2713694553797
0.46450001001358	-2.1859116394360
0.46919998526573	-2.1075364882483
0.47389999032021	-2.0354758251504
0.47859999537468	-1.9680719950871
0.48330000042915	-1.9031174676297
0.48800000548363	-1.8383642881712
0.49270001053810	-1.7720766439697
0.49739998579025	-1.7034946643347
0.50209999084473	-1.6330474052258
0.50679999589920	-1.5622839252013
0.51150000095367	-1.4934988350606
0.51620000600815	-1.4291559762518
0.52090001106262	-1.3712608761768
0.52560001611710	-1.3208149248028
0.53030002117157	-1.2774984410243
0.53500002622604	-1.2396612327857
0.53969997167587	-1.2046519652882
0.54439997673035	-1.1694451880768
0.54909998178482	-1.1314058973702
0.55379998683929	-1.0890066218650
0.55849999189377	-1.0422754331141
0.56319999694824	-0.99284188005253
0.56790000200272	-0.94353384210706
0.57260000705719	-0.89767037230498
0.57730001211166	-0.85817029710219
0.58200001716614	-0.82677904874506
0.58670002222061	-0.80352483363763
0.59140002727509	-0.78660959465409
0.59609997272491	-0.77276658833176
0.60079997777939	-0.75803811008819
0.60549998283386	-0.73881461574571
0.61019998788834	-0.71285180084127
0.61489999294281	-0.67996201117340
0.61959999799728	-0.64215452078212
0.62430000305176	-0.60314930047682
0.62900000810623	-0.56741995696305
0.63370001316071	-0.53899203908779
0.63840001821518	-0.52033613924944
0.64310002326965	-0.51159336329567
0.64780002832413	-0.51038660298191
0.65249997377396	-0.51226772152169
0.65719997882843	-0.51180818662720
0.66189998388290	-0.50406295974116
0.66659998893738	-0.48602961711292
0.67129999399185	-0.45768408169176
0.67599999904633	-0.42215450027227
0.68070000410080	-0.38501348495430
0.68540000915527	-0.35282885700632
0.69010001420975	-0.33138485269605
0.69480001926422	-0.32400895740969
0.69950002431870	-0.33042642935246
0.70420002937317	-0.34644891957359
0.70889997482300	-0.36470073715382
0.71359997987747	-0.37638605262246
0.71829998493195	-0.37382185608409
0.72299998998642	-0.35305668043170
0.72769999504089	-0.31577702671152
0.73240000009537	-0.26977214983804
0.73710000514984	-0.22777564714950
0.74180001020432	-0.20499610754764
0.74650001525879	-0.21601040616227
0.75120002031326	-0.27162978727603
0.75590002536774	-0.37618016432241
0.76059997081757	-0.52547434740934
0.76529997587204	-0.70584191626816
0.76999998092651	-0.89468859771947
0.77469998598099	-1.0632989188706
0.77939999103546	-1.1822994923801
0.78409999608994	-1.2290634213970
0.78880000114441	-1.1946252534200
0.79350000619888	-1.0867674935964
0.79820001125336	-0.92757718738919
0.80290001630783	-0.74689834961221
0.80760002136230	-0.57483368388886
0.81230002641678	-0.43579574782606
0.81699997186661	-0.34489700709703
0.82169997692108	-0.30640351407919
0.82639998197556	-0.31387181883011
0.83109998703003	-0.35181688730111
0.83579999208450	-0.39905627018151
0.84049999713898	-0.43364591211111
0.84520000219345	-0.43871389876218
0.84990000724792	-0.40753491214575
0.85460001230240	-0.34596696696900
0.85930001735687	-0.27116383391958
0.86400002241135	-0.20721670790321
0.86870002746582	-0.17946635716616
0.87339997291565	-0.20916259992224
0.87809997797012	-0.30932126615277
0.88279998302460	-0.48189080338852
0.88749998807907	-0.71601914204113
0.89219999313354	-0.98748502710216
0.89689999818802	-1.2598771242374
0.90160000324249	-1.4889458994802
0.90630000829697	-1.6314166463879
0.91100001335144	-1.6572385106697
0.91570001840591	-1.5600912334620
0.92040002346039	-1.3596614304042
0.92510002851486	-1.0940350583328
0.92979997396469	-0.80732693055161
0.93449997901917	-0.53906045289321
0.93919998407364	-0.31815364322188
0.94389998912811	-0.16092675902853
0.94859999418259	-0.071497824008882
0.95329999923706	-0.043452279475934
0.95800000429153	-0.062300042366937
0.96270000934601	-0.10860769884784
0.96740001440048	-0.16172637563875
0.97210001945496	-0.20374304853512
0.97680002450943	-0.22288991235778
0.98150002956390	-0.21545916694575
0.98619997501373	-0.18557576032520
0.99089998006821	-0.14292506621043
0.99559998512268	-0.099349090379853
1.0003000497818	-0.065450233547211
1.0049999952316	-0.048097621052559
1.0096999406815	-0.049238227725283
1.0144000053406	-0.065997076573851
1.0190999507904	-0.091864816888034
1.0238000154495	-0.11861989400826
1.0284999608994	-0.13853742383395
1.0332000255585	-0.14637587226035
1.0378999710083	-0.14058966171212
1.0426000356674	-0.12346193671486
1.0472999811172	-0.10016252204240
1.0520000457764	-0.077099498716974
1.0566999912262	-0.060090968315146
1.0614000558853	-0.052915348904711
1.0661000013351	-0.056497361856563
1.0707999467850	-0.068909210140625
1.0755000114441	-0.086038178534320
1.0801999568939	-0.10280397685280
1.0849000215530	-0.11452715728627
1.0895999670029	-0.11816235221742
1.0943000316620	-0.11304209182404
1.0989999771118	-0.10091021209245
1.1037000417709	-0.085309208971871
1.1083999872208	-0.070492504216776
1.1131000518799	-0.060254230252661
1.1177999973297	-0.056945886548871
1.1224999427795	-0.060961961974879
1.1272000074387	-0.070756287177734
1.1318999528885	-0.083347933220521
1.1366000175476	-0.095162622434434
1.1412999629974	-0.10301236798536
1.1460000276566	-0.10493084518803
1.1506999731064	-0.10064380415873
1.1554000377655	-0.091558791763508
1.1600999832153	-0.080308236514805
1.1648000478745	-0.069974031341301
1.1694999933243	-0.063247762739960
1.1742000579834	-0.061758177689208
1.1789000034332	-0.065729832946516
1.1835999488831	-0.073998087351138
1.1883000135422	-0.084420882592240
1.1929999589920	-0.094468897568540
1.1977000236511	-0.10192757728866
1.2023999691010	-0.10545386582326
1.2071000337601	-0.10486766282741
1.2117999792099	-0.10110746894571
1.2165000438690	-0.095879341528894
1.2211999893188	-0.091096920543337
1.2259000539780	-0.088324909505876
1.2305999994278	-0.088335907804406
1.2352999448776	-0.090930927041436
1.2400000095367	-0.095049878378475
1.2446999549866	-0.099111420261433
1.2494000196457	-0.10150098331988
1.2540999650955	-0.10106439668404
1.2588000297546	-0.097445744859407
1.2634999752045	-0.091213021812322
1.2682000398636	-0.083699570743994
1.2728999853134	-0.076624129003479
1.2776000499725	-0.071627351083640
1.2822999954224	-0.069819567022721
1.2869999408722	-0.071489373570095
1.2917000055313	-0.076047814628367
1.2963999509811	-0.082180236946999
1.3011000156403	-0.088218635321438
1.3057999610901	-0.092575495811189
1.3105000257492	-0.094171662596654
1.3151999711990	-0.092704929741970
1.3199000358582	-0.088714905158921
1.3245999813080	-0.083405244128687
1.3293000459671	-0.078302954896857
1.3339999914169	-0.074825979422904
1.3387000560760	-0.073915554347756
1.3434000015259	-0.075789304578714
1.3480999469757	-0.079924655272695
1.3528000116348	-0.085201839916013
1.3574999570847	-0.090232686621686
1.3622000217438	-0.093741641340192
1.3668999671936	-0.094895943077511
1.3716000318527	-0.093540887027241
1.3762999773026	-0.090201745104240
1.3810000419617	-0.085936756796359
1.3856999874115	-0.082020732000668
1.3904000520706	-0.079598588246909
1.3950999975204	-0.079374734181428
1.3997999429703	-0.081440548142827
1.4045000076294	-0.085275323662760
1.4091999530792	-0.089887220936722
1.4139000177383	-0.094115916271976
1.4185999631882	-0.096928812360117
1.4233000278473	-0.097719776701026
1.4279999732971	-0.096447952881650
1.4327000379562	-0.093643901754027
1.4373999834061	-0.090243160311533
1.4421000480652	-0.087317933390468
1.4467999935150	-0.085791313453594
1.4515000581741	-0.086173553528629
1.4562000036240	-0.088455567342681
1.4608999490738	-0.092119133041330
1.4656000137329	-0.096281700215156
1.4702999591827	-0.099964422066023
1.4750000238419	-0.10234553702933
1.4796999692917	-0.10298108151608
1.4844000339508	-0.10193248701461
1.4890999794006	-0.099718167569448
1.4938000440598	-0.097172767212768
1.4984999895096	-0.095204886115882
1.5032000541687	-0.094552133680130
1.5078999996185	-0.095578879928565
1.5125999450684	-0.098196389246696
1.5173000097275	-0.10189842544286
1.5219999551773	-0.10590316221439
1.5267000198364	-0.10938082480113
1.5313999652863	-0.11167710715920
1.5361000299454	-0.11249218293394
1.5407999753952	-0.11194784659266
1.5455000400543	-0.11055580537434
1.5501999855042	-0.10905524299436
1.5549000501633	-0.10822099500374
1.5595999956131	-0.10863892890100
1.5642999410629	-0.11055434349348
1.5690000057220	-0.11382600202824
1.5736999511719	-0.11796591016568
1.5784000158310	-0.12227879873087
1.5830999612808	-0.12606858178695
1.5878000259399	-0.12881945780756
1.5924999713898	-0.13033783913792
1.5972000360489	-0.13079843271193
1.6018999814987	-0.13069072019886
1.6066000461578	-0.13068146679758
1.6112999916077	-0.13141998974080
1.6160000562668	-0.13337296714409
1.6207000017166	-0.13669668948856
1.6253999471664	-0.14120808517699
1.6301000118256	-0.14644283640290
1.6347999572754	-0.15178846371777
1.6395000219345	-0.15665602403061
1.6441999673843	-0.16064262017164
1.6489000320435	-0.16364089803201
1.6535999774933	-0.16585957708205
1.6583000421524	-0.16776427520160
1.6629999876022	-0.16994034014310
1.6677000522614	-0.17293909902835
1.6723999977112	-0.17711881395172
1.6770999431610	-0.18256103363880
1.6818000078201	-0.18904970101505
1.6864999532700	-0.19613848425432
1.6912000179291	-0.20327857630060
1.6958999633789	-0.20996884863562
1.7006000280380	-0.21588528748646
1.7052999734879	-0.22097761571493
1.7100000381470	-0.22546465174140
1.7146999835968	-0.22977578655415
1.7194000482559	-0.23441281816249
1.7240999937057	-0.23982301629175
1.7288000583649	-0.24626904868930
1.7335000038147	-0.25375142068341
1.7381999492645	-0.26201754801847
1.7429000139236	-0.27062608669200
1.7475999593735	-0.27906835472849
1.7523000240326	-0.28689932409823
1.7569999694824	-0.29385406449999
1.7617000341415	-0.29991025219992
1.7663999795914	-0.30528339602641
1.7711000442505	-0.31035536479693
1.7757999897003	-0.31555531615486
1.7805000543594	-0.32123593998791
1.7851999998093	-0.32757537997236
1.7898999452591	-0.33451418498388
1.7946000099182	-0.34177876841288
1.7992999553680	-0.34894816070122
1.8040000200272	-0.35556705948435
1.8086999654770	-0.36126800316386
1.8134000301361	-0.36586017647722
1.8180999755859	-0.36938060948663
1.8228000402451	-0.37206770011389
1.8274999856949	-0.37429887850577
1.8322000503540	-0.37646921375198
1.8368999958038	-0.37888893244509
1.8415999412537	-0.38169594864852
1.8463000059128	-0.38481964470360
1.8509999513626	-0.38800965599491
1.8557000160217	-0.39090191348450
1.8603999614716	-0.39312898228921
1.8651000261307	-0.39442178915550
1.8697999715805	-0.39468509339924
1.8745000362396	-0.39402281995368
1.8791999816895	-0.39271071460146
1.8839000463486	-0.39112034070303
1.8885999917984	-0.38961735213305
1.8933000564575	-0.38847071575665
1.8980000019073	-0.38777393866910
1.9026999473572	-0.38744243977353
1.9074000120163	-0.38723233363253
1.9120999574661	-0.38682466487640
1.9168000221252	-0.38591458259118
1.9214999675751	-0.38429993699120
1.9262000322342	-0.38194454682904
1.9308999776840	-0.37898108745387
1.9356000423431	-0.37568281175266
1.9402999877930	-0.37238249765502
1.9450000524521	-0.36939025703963
1.9496999979019	-0.36690516282530
1.9543999433517	-0.36496798115967
1.9591000080109	-0.36346010431600
1.9637999534607	-0.36213958082876
1.9685000181198	-0.36071190581708
1.9731999635696	-0.35891905120980
1.9779000282288	-0.35660863588141
1.9825999736786	-0.35377998673303
1.9873000383377	-0.35057741767555
1.9919999837875	-0.34725838692544
1.9967000484467	-0.34410950812214
2.0013999938965	-0.34138134262664
2.0060999393463	-0.33920851264737
2.0107998847961	-0.33759020467651
2.0155000686646	-0.33638228976499
2.0202000141144	-0.33535288220546
2.0248999595642	-0.33423862232402
2.0295999050140	-0.33283035204842
2.0343000888824	-0.33102295535291
2.0390000343323	-0.32884756131504
2.0436999797821	-0.32645805774009
2.0483999252319	-0.32409006620272
2.0531001091003	-0.32198973071944
2.0578000545502	-0.32034970486577
2.0625000000000	-0.31925535398588
2.0671999454498	-0.31866776559872
2.0718998908997	-0.31843443057159
2.0766000747681	-0.31833966792577
2.0813000202179	-0.31816506384786
2.0859999656677	-0.31775025901716
2.0906999111176	-0.31704247509974
2.0954000949860	-0.31610461851697
2.1001000404358	-0.31509530728955
2.1047999858856	-0.31422909652059
2.1094999313354	-0.31370894077554
2.1142001152039	-0.31367304085075
2.1189000606537	-0.31415983183495
2.1236000061035	-0.31510149835169
2.1282999515533	-0.31634649140391
2.1329998970032	-0.31770470872528
2.1377000808716	-0.31901229802025
2.1424000263214	-0.32016950976904
2.1470999717712	-0.32117634956690
2.1517999172211	-0.32212909533074
2.1565001010895	-0.32319211978557
2.1612000465393	-0.32455204732530
2.1658999919891	-0.32635839443280
2.1705999374390	-0.32869714143497
2.1752998828888	-0.33155643646097
2.1800000667572	-0.33484477756455
2.1847000122070	-0.33842536595456
2.1893999576569	-0.34215605027522
2.1940999031067	-0.34594696511479
2.1988000869751	-0.34978338323057
2.2035000324249	-0.35373829555334
2.2081999778748	-0.35795030652057
2.2128999233246	-0.36258521829309
2.2176001071930	-0.36778531604608
2.2223000526428	-0.37363305502174
2.2269999980927	-0.38012884844694
2.2316999435425	-0.38720201867391
2.2363998889923	-0.39474511250436
2.2411000728607	-0.40266608083427
2.2458000183105	-0.41093499991189
2.2504999637604	-0.41961187526940
2.2551999092102	-0.42884324601285
2.2599000930786	-0.43881736598865
2.2646000385284	-0.44968289898667
2.2692999839783	-0.46146348426782
2.2739999294281	-0.47397219379650
2.2787001132965	-0.48676909567492
2.2834000587463	-0.49916743452632
2.2881000041962	-0.51031305780427
2.2927999496460	-0.51931528172966
2.2974998950958	-0.52541966921180
2.3022000789642	-0.52817543930513
2.3069000244141	-0.52757401699907
2.3115999698639	-0.52409890307354
2.3162999153137	-0.51869721720958
2.3210000991821	-0.51264688409829
2.3257000446320	-0.50735776471470
2.3303999900818	-0.50415712223066
2.3350999355316	-0.50407841549131
2.3397998809814	-0.50773088586128
2.3445000648499	-0.51522703909630
2.3492000102997	-0.52621984101708
2.3538999557495	-0.54000129699952
2.3585999011993	-0.55567254103211
2.3633000850677	-0.57231648018940
2.3680000305176	-0.58916149649422
2.3726999759674	-0.60570196259369
2.3773999214172	-0.62173107101619
2.3821001052856	-0.63731865099423
2.3868000507355	-0.65271526555326
2.3914999961853	-0.66822838099966
2.3961999416351	-0.68409916827504
2.4008998870850	-0.70041374813225
2.4056000709534	-0.71706038251951
2.4103000164032	-0.73375438823146
2.4149999618530	-0.75010114939025
2.4196999073029	-0.76569499180657
2.4244000911713	-0.78021040940216
2.4291000366211	-0.79347803287459
2.4337999820709	-0.80550464520135
2.4384999275208	-0.81645071768029
2.4432001113892	-0.82656897589773
2.4479000568390	-0.83611628841036
2.4526000022888	-0.84527156172723
2.4572999477386	-0.85408139868913
2.4619998931885	-0.86244898473574
2.4667000770569	-0.87015420155916
2.4714000225067	-0.87692391660924
2.4760999679565	-0.88250618446966
2.4807999134064	-0.88674550583186
2.4855000972748	-0.88962939302462
2.4902000427246	-0.89129176555442
2.4948999881744	-0.89198024382580
2.4995999336243	-0.89199754126442
2.5043001174927	-0.89162047881634
2.5090000629425	-0.89103616317629
2.5137000083923	-0.89030664825739
2.5183999538422	-0.88936296076620
2.5230998992920	-0.88804355867053
2.5278000831604	-0.88615098020880
2.5325000286102	-0.88352507054803
2.5371999740601	-0.88009524476072
2.5418999195099	-0.87591527902745
2.5466001033783	-0.87115636487790
2.5513000488281	-0.86606996558141
2.5559999942780	-0.86092717332213
2.5606999397278	-0.85595499867746
2.5653998851776	-0.85128417642066
2.5701000690460	-0.84692373375369
2.5748000144958	-0.84277127302211
2.5794999599457	-0.83865220962827
2.5841999053955	-0.83437459089628
2.5889000892639	-0.82979223495575
2.5936000347137	-0.82485025866404
2.5982999801636	-0.81960419462165
2.6029999256134	-0.81421195596895
2.6077001094818	-0.80888692882396
2.6124000549316	-0.80384745308238
2.6171000003815	-0.79925962423100
2.6217999458313	-0.79519642935093
2.6264998912811	-0.79162071482861
2.6312000751495	-0.78839725003836
2.6359000205994	-0.78534270436774
2.6405999660492	-0.78226844012024
2.6452999114990	-0.77904429982248
2.6500000953674	-0.77562679541600
2.6547000408173	-0.77207525862233
2.6593999862671	-0.76853673490342
2.6640999317169	-0.76520239020216
2.6688001155853	-0.76225725653616
2.6735000610352	-0.75982754302825
2.6782000064850	-0.75794928303552
2.6828999519348	-0.75655638472982
2.6875998973846	-0.75550748513192
2.6923000812531	-0.75461710934727
2.6970000267029	-0.75371336840243
2.7016999721527	-0.75268026179210
2.7063999176025	-0.75149433748520
2.7111001014709	-0.75022278757358
2.7158000469208	-0.74901106903008
2.7204999923706	-0.74803799534103
2.7251999378204	-0.74746364830055
2.7298998832703	-0.74738937198593
2.7346000671387	-0.74782833781406
2.7393000125885	-0.74870404268018
2.7439999580383	-0.74986828811384
2.7486999034882	-0.75114714582604
2.7534000873566	-0.75238194973218
2.7581000328064	-0.75348034041043
2.7627999782562	-0.75443487910614
2.7674999237061	-0.75532441747471
2.7722001075745	-0.75629443515615
2.7769000530243	-0.75751331635945
2.7815999984741	-0.75912528836592
2.7862999439240	-0.76121298891371
2.7909998893738	-0.76377153862246
2.7957000732422	-0.76671483027113
2.8004000186920	-0.76989620520297
2.8050999641418	-0.77314867751620
2.8097999095917	-0.77633252389424
2.8145000934601	-0.77937630926277
2.8192000389099	-0.78228598535928
2.8238999843597	-0.78515470373407
2.8285999298096	-0.78812843232402
2.8333001136780	-0.79136926432548
2.8380000591278	-0.79500831220330
2.8427000045776	-0.79911264005582
2.8473999500275	-0.80366487897611
2.8520998954773	-0.80857093268209
2.8568000793457	-0.81368648130756
2.8615000247955	-0.81885306386284
2.8661999702454	-0.82394641312953
2.8708999156952	-0.82891201464657
2.8756000995636	-0.83377082133083
2.8803000450134	-0.83862631586703
2.8849999904633	-0.84362298431857
2.8896999359131	-0.84891822777103
2.8943998813629	-0.85463160060101
2.8991000652313	-0.86081424160660
2.9038000106812	-0.86743896038209
2.9084999561310	-0.87440407332786
2.9131999015808	-0.88156499542367
2.9179000854492	-0.88877255734229
2.9226000308990	-0.89591697308701
2.9272999763489	-0.90295564551763
2.9319999217987	-0.90992528129449
2.9367001056671	-0.91693533868050
2.9414000511169	-0.92413260743341
2.9460999965668	-0.93166469282839
2.9507999420166	-0.93963782527702
2.9554998874664	-0.94809153123065
2.9602000713348	-0.95698011075458
2.9649000167847	-0.96619456089220
2.9695999622345	-0.97558540931439
2.9742999076843	-0.98500796312359
2.9790000915527	-0.99436121144658
2.9837000370026	-1.0036101780806
2.9883999824524	-1.0128041168827
2.9930999279022	-1.0220537361962
2.9978001117706	-1.0315062426885
3.0025000572205	-1.0412966731845
3.0072000026703	-1.0515189196928
3.0118999481201	-1.0621912087974
3.0165998935699	-1.0732527992489
3.0213000774384	-1.0845817701433
3.0260000228882	-1.0960196419604
3.0306999683380	-1.1074202310066
3.0353999137878	-1.1186838844411
3.0401000976562	-1.1297836885822
3.0448000431061	-1.1407712213877
3.0494999885559	-1.1517548845739
3.0541999340057	-1.1628737179484
3.0589001178741	-1.1742523178927
3.0636000633240	-1.1859606179274
3.0683000087738	-1.1979958525074
3.0729999542236	-1.2102769855886
3.0776998996735	-1.2226585949183
3.0824000835419	-1.2349754244134
3.0871000289917	-1.2470711302847
3.0917999744415	-1.2588488347303
3.0964999198914	-1.2702840089960
3.1012001037598	-1.2814268546828
3.1059000492096	-1.2923872475352
3.1105999946594	-1.3032955524633
3.1152999401093	-1.3142592876647
3.1199998855591	-1.3253293962757
3.1247000694275	-1.3364801231822
3.1294000148773	-1.3476081097582
3.1340999603271	-1.3585544319699
3.1387999057770	-1.3691431029677
3.1435000896454	-1.3792262140111
3.1482000350952	-1.3887090423296
3.1528999805450	-1.3975840445971
3.1575999259949	-1.4059144602958
3.1623001098633	-1.4138211499806
3.1670000553131	-1.4214376161857
3.1717000007629	-1.4288694906965
3.1763999462128	-1.4361626570310
3.1810998916626	-1.4432850707690
3.1858000755310	-1.4501298029463
3.1905000209808	-1.4565435627001
3.1951999664307	-1.4623683627873
3.1998999118805	-1.4674772579299
3.2046000957489	-1.4718171183911
3.2093000411987	-1.4754131417688
3.2139999866486	-1.4783708217691
3.2186999320984	-1.4808427312494
3.2234001159668	-1.4829892681064
3.2281000614166	-1.4849387816328
3.2328000068665	-1.4867514603556
3.2374999523163	-1.4884158223831
3.2421998977661	-1.4898475518135
3.2469000816345	-1.4909268144968
3.2516000270844	-1.4915363301142
3.2562999725342	-1.4916022810142
3.2609999179840	-1.4911235974579
3.2657001018524	-1.4901867563328
3.2704000473022	-1.4889470136869
3.2750999927521	-1.4876030223991
3.2797999382019	-1.4863564920519
3.2844998836517	-1.4853654718452
3.2892000675201	-1.4847248149978
3.2939000129700	-1.4844526222924
3.2985999584198	-1.4845064386340
3.3032999038696	-1.4848131311821
3.3080000877380	-1.4853136434490
3.3127000331879	-1.4859970318688
3.3173999786377	-1.4869335593468
3.3220999240875	-1.4882755764998
3.3268001079559	-1.4902496821648
3.3315000534058	-1.4931199070275
3.3361999988556	-1.4971517267430
3.3408999443054	-1.5025719495030
3.3455998897552	-1.5095468448209
3.3503000736237	-1.5181759381708
3.3550000190735	-1.5285098876484
3.3596999645233	-1.5405783378855
3.3643999099731	-1.5544412366237
3.3691000938416	-1.5702145683934
3.3738000392914	-1.5881071973955
3.3784999847412	-1.6084171396596
3.3831999301910	-1.6315239291177
3.3879001140594	-1.6578470996002
3.3926000595093	-1.6878182802068
3.3973000049591	-1.7218262967494
3.4019999504089	-1.7601988034199
3.4066998958588	-1.8031897495794
3.4114000797272	-1.8509822948921
3.4161000251770	-1.9037150527765
3.4207999706268	-1.9615075825353
3.4254999160767	-2.0244828938620
3.4302000999451	-2.0927748774264
3.4349000453949	-2.1665117490979
3.4395999908447	-2.2457746540564
3.4442999362946	-2.3305305667084
3.4489998817444	-2.4205598584080
3.4537000656128	-2.5153788400674
3.4584000110626	-2.6141833452067
3.4630999565125	-2.7158107144437
3.4677999019623	-2.8187596151025
3.4725000858307	-2.9212349316079
3.4772000312805	-3.0212464258492
3.4818999767303	-3.1167289091389
3.4865999221802	-3.2056739281903
3.4913001060486	-3.2862498901063
3.4960000514984	-3.3569010626332
3.5006999969482	-3.4164084163621
3.5053999423981	-3.4639128293643
3.5100998878479	-3.4989175414967
3.5148000717163	-3.5212755538435
3.5195000171661	-3.5311728587391
3.5241999626160	-3.5291175771520
3.5288999080658	-3.5159316774251
3.5336000919342	-3.4927153060944
3.5383000373840	-3.4608107617742
3.5429999828339	-3.4217266015785
3.5476999282837	-3.3770419833156
3.5524001121521	-3.3282985245311
3.5571000576019	-3.2769040125242
3.5618000030518	-3.2240483309116
3.5664999485016	-3.1706653341057
3.5711998939514	-3.1174277925024
3.5759000778198	-3.0647906804664
3.5806000232697	-3.0130509707722
3.5852999687195	-2.9624204133236
3.5899999141693	-2.9130901118520
3.5947000980377	-2.8652808860443
3.5994000434875	-2.8192496258364
3.6040999889374	-2.7752777261668
3.6087999343872	-2.7336307441417
3.6135001182556	-2.6945185424972
3.6182000637054	-2.6580511747387
3.6229000091553	-2.6242204642037
3.6275999546051	-2.5929075245880
3.6322999000549	-2.5639120458826
3.6370000839233	-2.5370011718485
3.6417000293732	-2.5119631704029
3.6463999748230	-2.4886548275512
3.6510999202728	-2.4670292852393
3.6558001041412	-2.4471324316798
3.6605000495911	-2.4290828010197
3.6651999950409	-2.4130267165842
3.6698999404907	-2.3990850218261
3.6745998859406	-2.3873120040260
3.6793000698090	-2.3776734709015
3.6840000152588	-2.3700467747144
3.6886999607086	-2.3642436099094
3.6933999061584	-2.3600589204911
3.6981000900269	-2.3573193059193
3.7028000354767	-2.3559263622818
3.7074999809265	-2.3558817442613
3.7121999263763	-2.3572856326805
3.7169001102448	-2.3603121658410
3.7216000556946	-2.3651647782981
3.7263000011444	-2.3720219184734
3.7309999465942	-2.3809980629915
3.7356998920441	-2.3921176260795
3.7404000759125	-2.4053107981710
3.7451000213623	-2.4204496366911
3.7497999668121	-2.4373804047595
3.7544999122620	-2.4559873012075
3.7592000961304	-2.4762257440294
3.7639000415802	-2.4981578382733
3.7685999870300	-2.5219442167075
3.7732999324799	-2.5478202057244
3.7780001163483	-2.5760448332961
3.7827000617981	-2.6068510669698
3.7874000072479	-2.6403911536829
3.7920999526978	-2.6767116849528
3.7967998981476	-2.7157511995848
3.8015000820160	-2.7573582466803
3.8062000274658	-2.8013506708013
3.8108999729156	-2.8475551112051
3.8155999183655	-2.8958609122767
3.8203001022339	-2.9462450320997
3.8250000476837	-2.9987669872166
3.8296999931335	-3.0535393632341
3.8343999385834	-3.1106643180369
3.8390998840332	-3.1701733246709
3.8438000679016	-3.2319634140012
3.8485000133514	-3.2957678057378
3.8531999588013	-3.3611463526592
3.8578999042511	-3.4275208611723
3.8626000881195	-3.4942351336814
3.8673000335693	-3.5606290131271
3.8719999790192	-3.6261013130558
3.8766999244690	-3.6901628167913
3.8814001083374	-3.7524333582553
3.8861000537872	-3.8126229673716
3.8907999992371	-3.8704729512386
3.8954999446869	-3.9256921587310
3.9001998901367	-3.9779063184508
3.9049000740051	-4.0266439415731
3.9096000194550	-4.0713533878784
3.9142999649048	-4.1114748159277
3.9189999103546	-4.1465278119687
3.9237000942230	-4.1761985079185
3.9284000396729	-4.2004120679357
3.9330999851227	-4.2193509804397
3.9377999305725	-4.2334263510610
3.9425001144409	-4.2432036103814
3.9472000598907	-4.2493012412630
3.9519000053406	-4.2522924069952
3.9565999507904	-4.2526377637662
3.9612998962402	-4.2506589416591
3.9660000801086	-4.2465597363155
3.9707000255585	-4.2404894314074
3.9753999710083	-4.2326211520564
3.9800999164581	-4.2232283579442
3.9848001003265	-4.2127285094473
3.9895000457764	-4.2016868731134
3.9941999912262	-4.1907708655215
3.9988999366760	-4.1806807589455
4.0036001205444	-4.1720627351588
4.0082998275757	-4.1654340130474
4.0130000114441	-4.1611413485864
4.0177001953125	-4.1593596581696
4.0223999023438	-4.1601370921485
4.0271000862122	-4.1634663097993
4.0317997932434	-4.1693769027091
4.0364999771118	-4.1780097023611
4.0412001609802	-4.1896731400483
4.0458998680115	-4.2048465137661
4.0506000518799	-4.2241472163455
4.0553002357483	-4.2482713438768
4.0599999427795	-4.2779089217255
4.0647001266479	-4.3136762158317
4.0693998336792	-4.3560783758328
4.0741000175476	-4.4055027305486
4.0788002014160	-4.4622564663786
4.0834999084473	-4.5266525674383
4.0882000923157	-4.5990857517849
4.0928997993469	-4.6801301335955
4.0975999832153	-4.7705912181806
4.1023001670837	-4.8715229900513
4.1069998741150	-4.9841922269916
4.1117000579834	-5.1099911514029
4.1163997650146	-5.2503290482817
4.1210999488831	-5.4064924960311
4.1258001327515	-5.5795293706653
4.1304998397827	-5.7701360489521
4.1352000236511	-5.9785949577141
4.1399002075195	-6.2047354810703
4.1445999145508	-6.4479186286759
4.1493000984192	-6.7070512074233
4.1539998054504	-6.9805695190629
4.1586999893188	-7.2664206518494
4.1634001731873	-7.5619920019855
4.1680998802185	-7.8640169156403
4.1728000640869	-8.1684765289542
4.1774997711182	-8.4705445067725
4.1821999549866	-8.7646370010078
4.1869001388550	-9.0446329395176
4.1915998458862	-9.3042809454932
4.1963000297546	-9.5377704484944
4.2010002136230	-9.7403452896404
4.2056999206543	-9.9088013665762
4.2104001045227	-10.041701349463
4.2150998115540	-10.139242642792
4.2197999954224	-10.202797343492
4.2245001792908	-10.234315404714
4.2291998863220	-10.235778480922
4.2339000701904	-10.208871522692
4.2385997772217	-10.154957212844
4.2432999610901	-10.075298394905
4.2480001449585	-9.9714115831563
4.2526998519897	-9.8453782571016
4.2574000358582	-9.6999897741614
4.2621002197266	-9.5386554999214
4.2667999267578	-9.3651149401777
4.2715001106262	-9.1830432151543
4.2761998176575	-8.9956855800677
4.2809000015259	-8.8056069616255
4.2856001853943	-8.6146141493405
4.2902998924255	-8.4238478023828
4.2950000762939	-8.2339886043456
4.2996997833252	-8.0455133491665
4.3043999671936	-7.8589282001997
4.3091001510620	-7.6749069458968
4.3137998580933	-7.4943199639655
4.3185000419617	-7.3181508328991
4.3232002258301	-7.1473430525209
4.3278999328613	-6.9826240998541
4.3326001167297	-6.8243654539130
4.3372998237610	-6.6725195250367
4.3420000076294	-6.5266360602671
4.3467001914978	-6.3859832612254
4.3513998985291	-6.2497073419595
4.3561000823975	-6.1170206761329
4.3607997894287	-5.9873561816345
4.3654999732971	-5.8604547272737
4.3702001571655	-5.7363635591488
4.3748998641968	-5.6153642782633
4.3796000480652	-5.4978278667874
4.3843002319336	-5.3840629230386
4.3889999389648	-5.2741970621470
4.3937001228333	-5.1681013893198
4.3983998298645	-5.0653974757455
4.4031000137329	-4.9655390146548
4.4078001976013	-4.8679315691352
4.4124999046326	-4.7720777140569
4.4172000885010	-4.6776887208250
4.4218997955322	-4.5847501893527
4.4265999794006	-4.4935082900539
4.4313001632690	-4.4043991054087
4.4359998703003	-4.3179217199376
4.4407000541687	-4.2345061044577
4.4454002380371	-4.1544042702333
4.4500999450684	-4.0776295769506
4.4548001289368	-4.0039576992270
4.4594998359680	-3.9329975347972
4.4642000198364	-3.8643007326506
4.4689002037048	-3.7974832917950
4.4735999107361	-3.7323359732192
4.4783000946045	-3.6688770205949
4.4829998016357	-3.6073615399993
4.4876999855042	-3.5482117825339
4.4924001693726	-3.4919152980264
4.4970998764038	-3.4389059487575
4.5018000602722	-3.3894624292650
4.5064997673035	-3.3436511403502
4.5111999511719	-3.3013174357478
4.5159001350403	-3.2621505764489
4.5205998420715	-3.2257722814705
4.5253000259399	-3.1918648361845
4.5300002098083	-3.1602686925915
4.5346999168396	-3.1310509229390
4.5394001007080	-3.1045174516980
4.5440998077393	-3.0811574428754
4.5487999916077	-3.0615525342333
4.5535001754761	-3.0462510513707
4.5581998825073	-3.0356628300235
4.5629000663757	-3.0299777279812
4.5675997734070	-3.0291485103397
4.5722999572754	-3.0329189027274
4.5770001411438	-3.0409111766404
4.5816998481750	-3.0527397878148
4.5864000320435	-3.0681169845426
4.5911002159119	-3.0869382493529
4.5957999229431	-3.1093042392343
4.6005001068115	-3.1354866110197
4.6051998138428	-3.1658325143992
4.6098999977112	-3.2006385349340
4.6146001815796	-3.2400225318842
4.6192998886108	-3.2838253684526
4.6240000724792	-3.3315716411359
4.6286997795105	-3.3825012986039
4.6333999633789	-3.4356590244560
4.6381001472473	-3.4900438033023
4.6427998542786	-3.5447539069647
4.6475000381470	-3.5991055640046
4.6522002220154	-3.6526817463824
4.6568999290466	-3.7052965387569
4.6616001129150	-3.7568809146127
4.6662998199463	-3.8073132952641
4.6710000038147	-3.8562602817006
4.6757001876831	-3.9030564985286
4.6803998947144	-3.9466740091300
4.6851000785828	-3.9857969167924
4.6897997856140	-4.0190039745834
4.6944999694824	-4.0449955954409
4.6992001533508	-4.0628223237189
4.7038998603821	-4.0720591668699
4.7086000442505	-4.0728487744301
4.7133002281189	-4.0658304808496
4.7179999351501	-4.0519637957367
4.7227001190186	-4.0322964450453
4.7273998260498	-4.0077566815072
4.7321000099182	-3.9790156836810
4.7368001937866	-3.9464596091955
4.7414999008179	-3.9102568504172
4.7462000846863	-3.8705222988450
4.7508997917175	-3.8274825027610
4.7555999755859	-3.7816311313472
4.7603001594543	-3.7337941368415
4.7649998664856	-3.6850929292319
4.7697000503540	-3.6368251025730
4.7744002342224	-3.5902786319581
4.7790999412537	-3.5465266197839
4.7838001251221	-3.5062816361916
4.7884998321533	-3.4698014615328
4.7932000160217	-3.4369231678526
4.7979001998901	-3.4071529350667
4.8025999069214	-3.3798567792750
4.8073000907898	-3.3544562237400
4.8119997978210	-3.3306080796906
4.8166999816895	-3.3083066798829
4.8214001655579	-3.2878956133999
4.8260998725891	-3.2699746378468
4.8308000564575	-3.2552375200407
4.8354997634888	-3.2442755241897
4.8401999473572	-3.2374084728382
4.8449001312256	-3.2345676777451
4.8495998382568	-3.2352939753505
4.8543000221252	-3.2388190654117
4.8590002059937	-3.2442399187312
4.8636999130249	-3.2507317609200
4.8684000968933	-3.2577479222592
4.8730998039246	-3.2651474814577
4.8777999877930	-3.2732331874118
4.8825001716614	-3.2826510137822
4.8871998786926	-3.2942178161162
4.8919000625610	-3.3086919671057
4.8965997695923	-3.3265586978687
4.9012999534607	-3.3478775078898
4.9060001373291	-3.3722556087812
4.9106998443604	-3.3989194938268
4.9154000282288	-3.4269043173435
4.9201002120972	-3.4553012925723
4.9247999191284	-3.4835001773365
4.9295001029968	-3.5113623324575
4.9341998100281	-3.5392723331902
4.9388999938965	-3.5680453748308
4.9436001777649	-3.5987299524211
4.9482998847961	-3.6323278411520
4.9530000686646	-3.6695272889497
4.9576997756958	-3.7105181728785
4.9623999595642	-3.7549136920575
4.9671001434326	-3.8018339698036
4.9717998504639	-3.8501199166487
4.9765000343323	-3.8986284448823
4.9812002182007	-3.9465421276606
4.9858999252319	-3.9935982906579
4.9906001091003	-4.0401745030911
4.9952998161316	-4.0872027327575
5.0000000000000	-4.1359323042462
#Parameters = {R_fat=48; R_glandular=38; R_skin_outer=50; T10=5; T15=7.5; T5=2.5; T_rad=4; T_x=10; T_y=0; T_z=75; Zc=65; skin_thickness=2; Mesh Pass=2}
#"Frequency / GHz"	"S1,1 (Mesh Pass=2) [Magnitude / dB]"
#-------------------------------------------------------
0.30000001192093	-8.6490470945899
0.30469998717308	-8.3383104396275
0.30939999222755	-8.1339621224903
0.31409999728203	-8.0903685245491
0.31880000233650	-8.2264766123867
0.32350000739098	-8.5284962834463
0.32820001244545	-8.9452283969483
0.33289998769760	-9.3767871039137
0.33759999275208	-9.6764896830370
0.34229999780655	-9.7053644040454
0.34700000286102	-9.4339257076642
0.35170000791550	-8.9799252227256
0.35640001296997	-8.5260963272627
0.36109998822212	-8.2270888731005
0.36579999327660	-8.1849347149584
0.37049999833107	-8.4707732191958
0.37520000338554	-9.1603139728883
0.37990000844002	-10.379385779129
0.38460001349449	-12.390466930914
0.38929998874664	-15.864989289293
0.39399999380112	-23.552308909247
0.39869999885559	-27.468836476782
0.40340000391006	-16.035306272046
0.40810000896454	-11.223067998738
0.41280001401901	-8.3221054499411
0.41749998927116	-6.4454269264418
0.42219999432564	-5.2478169472407
0.42689999938011	-4.5408973690024
0.43160000443459	-4.2010294357189
0.43630000948906	-4.1401423193651
0.44100001454353	-4.2919184374211
0.44569998979568	-4.6004477515740
0.45039999485016	-5.0083110622390
0.45509999990463	-5.4456303854281
0.45980000495911	-5.8273265055114
0.46450001001358	-6.0699450582267
0.46919998526573	-6.1281651948820
0.47389999032021	-6.0220579238481
0.47859999537468	-5.8235786393777
0.48330000042915	-5.6152878177731
0.48800000548363	-5.4585548286059
0.49270001053810	-5.3843804891378
0.49739998579025	-5.3971758368508
0.50209999084473	-5.4809485231632
0.50679999589920	-5.6044860875906
0.51150000095367	-5.7272086997914
0.51620000600815	-5.8086396727719
0.52090001106262	-5.8212934909121
0.52560001611710	-5.7610532178748
0.53030002117157	-5.6475226000914
0.53500002622604	-5.5137801213392
0.53969997167587	-5.3928958124423
0.54439997673035	-5.3083855422273
0.54909998178482	-5.2704221745246
0.55379998683929	-5.2759508575511
0.55849999189377	-5.3108291274985
0.56319999694824	-5.3535445696544
0.56790000200272	-5.3807664754760
0.57260000705719	-5.3742649447913
0.57730001211166	-5.3268763630772
0.58200001716614	-5.2444608981201
0.58670002222061	-5.1427422439638
0.59140002727509	-5.0409907887932
0.59609997272491	-4.9558313700030
0.60079997777939	-4.8972340662728
0.60549998283386	-4.8669495372533
0.61019998788834	-4.8588953117533
0.61489999294281	-4.8610805176046
0.61959999799728	-4.8589058244804
0.62430000305176	-4.8393847536959
0.62900000810623	-4.7951299636999
0.63370001316071	-4.7264983539434
0.63840001821518	-4.6409487223235
0.64310002326965	-4.5500268610278
0.64780002832413	-4.4655025368104
0.65249997377396	-4.3960793147834
0.65719997882843	-4.3454445500777
0.66189998388290	-4.3117405608310
0.66659998893738	-4.2883525618177
0.67129999399185	-4.2658350738246
0.67599999904633	-4.2346608189921
0.68070000410080	-4.1880874649458
0.68540000915527	-4.1241523974218
0.69010001420975	-4.0460437089576
0.69480001926422	-3.9607557688145
0.69950002431870	-3.8767016700796
0.70420002937317	-3.8011932081166
0.70889997482300	-3.7385445180685
0.71359997987747	-3.6891087524030
0.71829998493195	-3.6493803034954
0.72299998998642	-3.6130756251847
0.72769999504089	-3.5729980405823
0.73240000009537	-3.5232013357974
0.73710000514984	-3.4607887715316
0.74180001020432	-3.3866981500913
0.74650001525879	-3.3052251085445
0.75120002031326	-3.2225382767061
0.75590002536774	-3.1447729747361
0.76059997081757	-3.0762858297474
0.76529997587204	-3.0185558628902
0.76999998092651	-2.9698828336517
0.77469998598099	-2.9259711976283
0.77939999103546	-2.8812587972407
0.78409999608994	-2.8306303080290
0.78880000114441	-2.7710097454167
0.79350000619888	-2.7022833697497
0.79820001125336	-2.6272375259819
0.80290001630783	-2.5505928591754
0.80760002136230	-2.4774943315560
0.81230002641678	-2.4119749456382
0.81699997186661	-2.3558183544829
0.82169997692108	-2.3081206429203
0.82639998197556	-2.2656451845929
0.83109998703003	-2.2238807283158
0.83579999208450	-2.1785256897164
0.84049999713898	-2.1269006967170
0.84520000219345	-2.0688450248727
0.84990000724792	-2.0067539701284
0.85460001230240	-1.9447743588731
0.85930001735687	-1.8874755092696
0.86400002241135	-1.8384139272926
0.86870002746582	-1.7990609141265
0.87339997291565	-1.7684032758658
0.87809997797012	-1.7433195002844
0.88279998302460	-1.7196746034185
0.88749998807907	-1.6937703848863
0.89219999313354	-1.6637089200097
0.89689999818802	-1.6301649275073
0.90160000324249	-1.5962774235875
0.90630000829697	-1.5667007506234
0.91100001335144	-1.5461572358122
0.91570001840591	-1.5379551279829
0.92040002346039	-1.5429935625551
0.92510002851486	-1.5595321480934
0.92979997396469	-1.5838900855524
0.93449997901917	-1.6118727787292
0.93919998407364	-1.6405250847572
0.94389998912811	-1.6695954283432
0.94859999418259	-1.7021961296613
0.95329999923706	-1.7443206650298
0.95800000429153	-1.8034387406934
0.96270000934601	-1.8865770565813
0.96740001440048	-1.9985865207962
0.97210001945496	-2.1411706140287
0.97680002450943	-2.3130557267786
0.98150002956390	-2.5114115894551
0.98619997501373	-2.7342608546695
0.99089998006821	-2.9833154043077
0.99559998512268	-3.2663776948682
1.0003000497818	-3.5985103058373
1.0049999952316	-4.0016753707724
1.0096999406815	-4.5031578692273
1.0144000053406	-5.1337712106578
1.0190999507904	-5.9268781666136
1.0238000154495	-6.9188226233238
1.0284999608994	-8.1500563990935
1.0332000255585	-9.6626621108926
1.0378999710083	-11.476464977303
1.0426000356674	-13.476256441632
1.0472999811172	-15.064406874793
1.0520000457764	-15.072566583813
1.0566999912262	-13.451034871074
1.0614000558853	-11.367777511024
1.0661000013351	-9.4625702096470
1.0707999467850	-7.8679003649010
1.0755000114441	-6.5690623030028
1.0801999568939	-5.5253079045311
1.0849000215530	-4.6957171994050
1.0895999670029	-4.0420146423345
1.0943000316620	-3.5276613208471
1.0989999771118	-3.1178860997442
1.1037000417709	-2.7813367222532
1.1083999872208	-2.4926353049104
1.1131000518799	-2.2345478323206
1.1177999973297	-1.9986363443361
1.1224999427795	-1.7839347197750
1.1272000074387	-1.5940924337314
1.1318999528885	-1.4339201844241
1.1366000175476	-1.3063981245655
1.1412999629974	-1.2108416819788
1.1460000276566	-1.1424703719041
1.1506999731064	-1.0933397323811
1.1554000377655	-1.0541937532081
1.1600999832153	-1.0167357565001
1.1648000478745	-0.97557453434860
1.1694999933243	-0.92928532812412
1.1742000579834	-0.88022592461065
1.1789000034332	-0.83323793604785
1.1835999488831	-0.79374032192677
1.1883000135422	-0.76584703437210
1.1929999589920	-0.75110258468964
1.1977000236511	-0.74808394356215
1.2023999691010	-0.75291219463031
1.2071000337601	-0.76045106800161
1.2117999792099	-0.76580690384777
1.2165000438690	-0.76571980285058
1.2211999893188	-0.75939887804611
1.2259000539780	-0.74856156731085
1.2305999994278	-0.73670918911797
1.2352999448776	-0.72786923814690
1.2400000095367	-0.72532633119203
1.2446999549866	-0.73063996094475
1.2494000196457	-0.74328294979062
1.2540999650955	-0.76089405870416
1.2588000297546	-0.78005716835055
1.2634999752045	-0.79735778704747
1.2682000398636	-0.81037515604807
1.2728999853134	-0.81837430871029
1.2776000499725	-0.82241549465142
1.2822999954224	-0.82493775119288
1.2869999408722	-0.82892070648459
1.2917000055313	-0.83694366041769
1.2963999509811	-0.85043490448503
1.3011000156403	-0.86932424472223
1.3057999610901	-0.89212846254961
1.3105000257492	-0.91648012243724
1.3151999711990	-0.93984505662155
1.3199000358582	-0.96029986171970
1.3245999813080	-0.97707500447946
1.3293000459671	-0.99074507569376
1.3339999914169	-1.0029877633555
1.3387000560760	-1.0160283697404
1.3434000015259	-1.0319466017978
1.3480999469757	-1.0520753264192
1.3528000116348	-1.0766530367824
1.3574999570847	-1.1048257852184
1.3622000217438	-1.1349503507268
1.3668999671936	-1.1651162264199
1.3716000318527	-1.1937299379551
1.3762999773026	-1.2199821887691
1.3810000419617	-1.2440735556131
1.3856999874115	-1.2671193540972
1.3904000520706	-1.2907908579092
1.3950999975204	-1.3168100686420
1.3997999429703	-1.3464557623810
1.4045000076294	-1.3802304220855
1.4091999530792	-1.4177664010616
1.4139000177383	-1.4579837044762
1.4185999631882	-1.4994463943141
1.4233000278473	-1.5408045253414
1.4279999732971	-1.5812058402139
1.4327000379562	-1.6205461901444
1.4373999834061	-1.6594985220296
1.4421000480652	-1.6993088122222
1.4467999935150	-1.7414384919682
1.4515000581741	-1.7871542604404
1.4562000036240	-1.8372010595614
1.4608999490738	-1.8916376249140
1.4656000137329	-1.9498625459085
1.4702999591827	-2.0108340080883
1.4750000238419	-2.0733999100159
1.4796999692917	-2.1366550154437
1.4844000339508	-2.2002316518898
1.4890999794006	-2.2644181195179
1.4938000440598	-2.3301046307786
1.4984999895096	-2.3985386698876
1.5032000541687	-2.4709991509359
1.5078999996185	-2.5484699718835
1.5125999450684	-2.6314010945079
1.5173000097275	-2.7196271305723
1.5219999551773	-2.8124490808376
1.5267000198364	-2.9088756891091
1.5313999652863	-3.0079331444328
1.5361000299454	-3.1089856257804
1.5407999753952	-3.2119539071894
1.5455000400543	-3.3173857697248
1.5501999855042	-3.4263371399387
1.5549000501633	-3.5401121871220
1.5595999956131	-3.6599364335107
1.5642999410629	-3.7866452087353
1.5690000057220	-3.9204843545441
1.5736999511719	-4.0610662098855
1.5784000158310	-4.2075050629571
1.5830999612808	-4.3586954258686
1.5878000259399	-4.5136659741511
1.5924999713898	-4.6719143529177
1.5972000360489	-4.8336110800275
1.6018999814987	-4.9996195388153
1.6066000461578	-5.1713062620758
1.6112999916077	-5.3502032901517
1.6160000562668	-5.5376101547176
1.6207000017166	-5.7342498848827
1.6253999471664	-5.9400735555020
1.6301000118256	-6.1542797042087
1.6347999572754	-6.3755549438756
1.6395000219345	-6.6024876341463
1.6441999673843	-6.8340366750944
1.6489000320435	-7.0699275222205
1.6535999774933	-7.3108367417874
1.6583000421524	-7.5583065702684
1.6629999876022	-7.8143667705592
1.6677000522614	-8.0810305499622
1.6723999977112	-8.3597360473448
1.6770999431610	-8.6509543737556
1.6818000078201	-8.9540517298528
1.6864999532700	-9.2674805969330
1.6912000179291	-9.5892830853885
1.6958999633789	-9.9177699695338
1.7006000280380	-10.252197964462
1.7052999734879	-10.593209252034
1.7100000381470	-10.942878581646
1.7146999835968	-11.304298330998
1.7194000482559	-11.680859017608
1.7240999937057	-12.075357442847
1.7288000583649	-12.489259496085
1.7335000038147	-12.922327575475
1.7381999492645	-13.372709613112
1.7429000139236	-13.837608928117
1.7475999593735	-14.314356781060
1.7523000240326	-14.801643074699
1.7569999694824	-15.300464993137
1.7617000341415	-15.814447683307
1.7663999795914	-16.349328491699
1.7711000442505	-16.911672015409
1.7757999897003	-17.507183099903
1.7805000543594	-18.138987681320
1.7851999998093	-18.806366057164
1.7898999452591	-19.504282852064
1.7946000099182	-20.223983497821
1.7992999553680	-20.954799250257
1.8040000200272	-21.686630530392
1.8086999654770	-22.412012322020
1.8134000301361	-23.126052502683
1.8180999755859	-23.823026042818
1.8228000402451	-24.489403231606
1.8274999856949	-25.095604197673
1.8322000503540	-25.591623644557
1.8368999958038	-25.914658265514
1.8415999412537	-26.013364041521
1.8463000059128	-25.877161406115
1.8509999513626	-25.544824065108
1.8557000160217	-25.083504039510
1.8603999614716	-24.558429765138
1.8651000261307	-24.015037241562
1.8697999715805	-23.476537716804
1.8745000362396	-22.949863819792
1.8791999816895	-22.433633980911
1.8839000463486	-21.924936079679
1.8885999917984	-21.423529343152
1.8933000564575	-20.933165039354
1.8980000019073	-20.460515154548
1.9026999473572	-20.012946459564
1.9074000120163	-19.596190056888
1.9120999574661	-19.212815499013
1.9168000221252	-18.861750533802
1.9214999675751	-18.538779564429
1.9262000322342	-18.237754878862
1.9308999776840	-17.952234804120
1.9356000423431	-17.677052588183
1.9402999877930	-17.409422053001
1.9450000524521	-17.149273122474
1.9496999979019	-16.898742213518
1.9543999433517	-16.661068568524
1.9591000080109	-16.439308293052
1.9637999534607	-16.235249144024
1.9685000181198	-16.048820241684
1.9731999635696	-15.878061540760
1.9779000282288	-15.719648444770
1.9825999736786	-15.569757560854
1.9873000383377	-15.425069458069
1.9919999837875	-15.283590231068
1.9967000484467	-15.145057869997
2.0013999938965	-15.010819744219
2.0060999393463	-14.883244300782
2.0107998847961	-14.764881005643
2.0155000686646	-14.657635577293
2.0202000141144	-14.562191653660
2.0248999595642	-14.477813031784
2.0295999050140	-14.402550515390
2.0343000888824	-14.333787452710
2.0390000343323	-14.268959727077
2.0436999797821	-14.206258484881
2.0483999252319	-14.145092218423
2.0531001091003	-14.086187122398
2.0578000545502	-14.031294443987
2.0625000000000	-13.982613498061
2.0671999454498	-13.942115982939
2.0718998908997	-13.910973317735
2.0766000747681	-13.889227024951
2.0813000202179	-13.875777698284
2.0859999656677	-13.868707172244
2.0906999111176	-13.865803579143
2.0954000949860	-13.865185126904
2.1001000404358	-13.865825647037
2.1047999858856	-13.867820272593
2.1094999313354	-13.872337126756
2.1142001152039	-13.881240110495
2.1189000606537	-13.896543846908
2.1236000061035	-13.919823745062
2.1282999515533	-13.951768808635
2.1329998970032	-13.991988958742
2.1377000808716	-14.039104249763
2.1424000263214	-14.091105960580
2.1470999717712	-14.145894167788
2.1517999172211	-14.201844243864
2.1565001010895	-14.258249282255
2.1612000465393	-14.315483841692
2.1658999919891	-14.374865485848
2.1705999374390	-14.438242339082
2.1752998828888	-14.507436063847
2.1800000667572	-14.583674290549
2.1847000122070	-14.667222828992
2.1893999576569	-14.757225216022
2.1940999031067	-14.851877632203
2.1988000869751	-14.948813809845
2.2035000324249	-15.045699009676
2.2081999778748	-15.140779717183
2.2128999233246	-15.233299940683
2.2176001071930	-15.323612884672
2.2223000526428	-15.413001520496
2.2269999980927	-15.503190680046
2.2316999435425	-15.595771895899
2.2363998889923	-15.691621505000
2.2411000728607	-15.790541176658
2.2458000183105	-15.891163928557
2.2504999637604	-15.991150481325
2.2551999092102	-16.087682597347
2.2599000930786	-16.178070468642
2.2646000385284	-16.260391715880
2.2692999839783	-16.333871152633
2.2739999294281	-16.399003523489
2.2787001132965	-16.457302580182
2.2834000587463	-16.510778629052
2.2881000041962	-16.561295031532
2.2927999496460	-16.609982676498
2.2974998950958	-16.656880825571
2.3022000789642	-16.700868203314
2.3069000244141	-16.739908477456
2.3115999698639	-16.771584330811
2.3162999153137	-16.793739084577
2.3210000991821	-16.805118138923
2.3257000446320	-16.805738045470
2.3303999900818	-16.796949654329
2.3350999355316	-16.781123677331
2.3397998809814	-16.761076000897
2.3445000648499	-16.739393940265
2.3492000102997	-16.717842772838
2.3538999557495	-16.697021637167
2.3585999011993	-16.676313363740
2.3633000850677	-16.654190280493
2.3680000305176	-16.628757898307
2.3726999759674	-16.598395925922
2.3773999214172	-16.562342870947
2.3821001052856	-16.521033219059
2.3868000507355	-16.476081979670
2.3914999961853	-16.429944513117
2.3961999416351	-16.385333353652
2.4008998870850	-16.344553988010
2.4056000709534	-16.309017449618
2.4103000164032	-16.278930885944
2.4149999618530	-16.253370812315
2.4196999073029	-16.230627737219
2.4244000911713	-16.208755874228
2.4291000366211	-16.186205114578
2.4337999820709	-16.162315257524
2.4384999275208	-16.137589593453
2.4432001113892	-16.113568225697
2.4479000568390	-16.092471442894
2.4526000022888	-16.076579402015
2.4572999477386	-16.067666192207
2.4619998931885	-16.066563793674
2.4667000770569	-16.072973917850
2.4714000225067	-16.085608290762
2.4760999679565	-16.102593558323
2.4807999134064	-16.122021673828
2.4855000972748	-16.142538825481
2.4902000427246	-16.163757669395
2.4948999881744	-16.186407532011
2.4995999336243	-16.212140580256
2.5043001174927	-16.243089179444
2.5090000629425	-16.281293944751
2.5137000083923	-16.328158451219
2.5183999538422	-16.384089729188
2.5230998992920	-16.448418870119
2.5278000831604	-16.519621559857
2.5325000286102	-16.595755901983
2.5371999740601	-16.675050990839
2.5418999195099	-16.756424268587
2.5466001033783	-16.839860444974
2.5513000488281	-16.926420039932
2.5559999942780	-17.017999603728
2.5606999397278	-17.116800579727
2.5653998851776	-17.224752034364
2.5701000690460	-17.342998054922
2.5748000144958	-17.471597152765
2.5794999599457	-17.609508985099
2.5841999053955	-17.754885970817
2.5889000892639	-17.905590058215
2.5936000347137	-18.059803498377
2.5982999801636	-18.216558071164
2.6029999256134	-18.376051265205
2.6077001094818	-18.539597765878
2.6124000549316	-18.709276651790
2.6171000003815	-18.887338091689
2.6217999458313	-19.075544235476
2.6264998912811	-19.274635573849
2.6312000751495	-19.484020284858
2.6359000205994	-19.701810246046
2.6405999660492	-19.925151474113
2.6452999114990	-20.150810184195
2.6500000953674	-20.375857589246
2.6547000408173	-20.598241162918
2.6593999862671	-20.817095086711
2.6640999317169	-21.032659195153
2.6688001155853	-21.245820583395
2.6735000610352	-21.457409549514
2.6782000064850	-21.667452510685
2.6828999519348	-21.874548015134
2.6875998973846	-22.075567016906
2.6923000812531	-22.265719554143
2.6970000267029	-22.439003561607
2.7016999721527	-22.589023996287
2.7063999176025	-22.709890204988
2.7111001014709	-22.797122648385
2.7158000469208	-22.848249192029
2.7204999923706	-22.862956081302
2.7251999378204	-22.842766618980
2.7298998832703	-22.790442807056
2.7346000671387	-22.709175864240
2.7393000125885	-22.601825755636
2.7439999580383	-22.470493432165
2.7486999034882	-22.316290842810
2.7534000873566	-22.139561867717
2.7581000328064	-21.940396167065
2.7627999782562	-21.719256615159
2.7674999237061	-21.477575326929
2.7722001075745	-21.218122878845
2.7769000530243	-20.944950243012
2.7815999984741	-20.662953756083
2.7862999439240	-20.377186604295
2.7909998893738	-20.092036872019
2.7957000732422	-19.810643635612
2.8004000186920	-19.534513784643
2.8050999641418	-19.263579652000
2.8097999095917	-18.996566291614
2.8145000934601	-18.731657385636
2.8192000389099	-18.467213861884
2.8238999843597	-18.202429581467
2.8285999298096	-17.937659262540
2.8333001136780	-17.674386531640
2.8380000591278	-17.414847484243
2.8427000045776	-17.161425541733
2.8473999500275	-16.915994163573
2.8520998954773	-16.679458758122
2.8568000793457	-16.451554026771
2.8615000247955	-16.230964710377
2.8661999702454	-16.015734851091
2.8708999156952	-15.803838917714
2.8756000995636	-15.593767842906
2.8803000450134	-15.384928019425
2.8849999904633	-15.177770577472
2.8896999359131	-14.973585397624
2.8943998813629	-14.774072383354
2.8991000652313	-14.580782814518
2.9038000106812	-14.394659874850
2.9084999561310	-14.215739736761
2.9131999015808	-14.043157536547
2.9179000854492	-13.875402279009
2.9226000308990	-13.710753705171
2.9272999763489	-13.547780175290
2.9319999217987	-13.385733678636
2.9367001056671	-13.224739000817
2.9414000511169	-13.065693827296
2.9460999965668	-12.909962345084
2.9507999420166	-12.758913955119
2.9554998874664	-12.613492848763
2.9602000713348	-12.473925573530
2.9649000167847	-12.339666022279
2.9695999622345	-12.209542226135
2.9742999076843	-12.082126786513
2.9790000915527	-11.956151161844
2.9837000370026	-11.830864522792
2.9883999824524	-11.706262371138
2.9930999279022	-11.583030296947
2.9978001117706	-11.462313162673
3.0025000572205	-11.345328849975
3.0072000026703	-11.232988544946
3.0118999481201	-11.125612036485
3.0165998935699	-11.022828733203
3.0213000774384	-10.923696818289
3.0260000228882	-10.826991333625
3.0306999683380	-10.731574197478
3.0353999137878	-10.636727792010
3.0401000976562	-10.542373339236
3.0448000431061	-10.449056991673
3.0494999885559	-10.357765919594
3.0541999340057	-10.269602279301
3.0589001178741	-10.185427451406
3.0636000633240	-10.105592497748
3.0683000087738	-10.029838996074
3.0729999542236	-9.9573701965548
3.0776998996735	-9.8871048099880
3.0824000835419	-9.8180025625035
3.0871000289917	-9.7493845802102
3.0917999744415	-9.6811277485984
3.0964999198914	-9.6136846759750
3.1012001037598	-9.5479376280135
3.1059000492096	-9.4848879298866
3.1105999946594	-9.4253492453432
3.1152999401093	-9.3696799181740
3.1199998855591	-9.3176779751034
3.1247000694275	-9.2686430923366
3.1294000148773	-9.2215816143001
3.1340999603271	-9.1755333791232
3.1387999057770	-9.1298391270903
3.1435000896454	-9.0843625794321
3.1482000350952	-9.0395078462908
3.1528999805450	-8.9960757832043
3.1575999259949	-8.9550069483008
3.1623001098633	-8.9170738094957
3.1670000553131	-8.8826307451418
3.1717000007629	-8.8515007818027
3.1763999462128	-8.8230224288890
3.1810998916626	-8.7962608866435
3.1858000755310	-8.7702775782179
3.1905000209808	-8.7444338890796
3.1951999664307	-8.7185715412147
3.1998999118805	-8.6930566255194
3.2046000957489	-8.6686438308469
3.2093000411987	-8.6462240315108
3.2139999866486	-8.6265294131779
3.2186999320984	-8.6098922476494
3.2234001159668	-8.5961191105280
3.2281000614166	-8.5845558159954
3.2328000068665	-8.5742524954439
3.2374999523163	-8.5642699880026
3.2421998977661	-8.5539435444797
3.2469000816345	-8.5430905092121
3.2516000270844	-8.5320230409610
3.2562999725342	-8.5214420604449
3.2609999179840	-8.5121720287479
3.2657001018524	-8.5048716426929
3.2704000473022	-8.4997886320351
3.2750999927521	-8.4966461706780
3.2797999382019	-8.4946918214630
3.2844998836517	-8.4928972669097
3.2892000675201	-8.4902397854800
3.2939000129700	-8.4859869331373
3.2985999584198	-8.4798793339038
3.3032999038696	-8.4721640434566
3.3080000877380	-8.4634512518991
3.3127000331879	-8.4544467894938
3.3173999786377	-8.4456578715852
3.3220999240875	-8.4371487491949
3.3268001079559	-8.4284431392502
3.3315000534058	-8.4185934999781
3.3361999988556	-8.4064013417018
3.3408999443054	-8.3907211803494
3.3455998897552	-8.3707454104621
3.3503000736237	-8.3461827534783
3.3550000190735	-8.3172545074848
3.3596999645233	-8.2845283491294
3.3643999099731	-8.2486359899034
3.3691000938416	-8.2099713706994
3.3738000392914	-8.1684737133514
3.3784999847412	-8.1235641082332
3.3831999301910	-8.0742704304556
3.3879001140594	-8.0194777644108
3.3926000595093	-7.9582523220467
3.3973000049591	-7.8901087711551
3.4019999504089	-7.8151402720990
3.4066998958588	-7.7339572664023
3.4114000797272	-7.6474979709439
3.4161000251770	-7.5567136683337
3.4207999706268	-7.4622934454808
3.4254999160767	-7.3645023492922
3.4302000999451	-7.2631696858073
3.4349000453949	-7.1578514894021
3.4395999908447	-7.0480813912536
3.4442999362946	-6.9336499458245
3.4489998817444	-6.8147984261842
3.4537000656128	-6.6922655736367
3.4584000110626	-6.5671965500001
3.4630999565125	-6.4408960952549
3.4677999019623	-6.3145703956933
3.4725000858307	-6.1891125220865
3.4772000312805	-6.0649720595677
3.4818999767303	-5.9422004121738
3.4865999221802	-5.8206013441141
3.4913001060486	-5.6999481970774
3.4960000514984	-5.5802020968642
3.5006999969482	-5.4616455643133
3.5053999423981	-5.3449181939883
3.5100998878479	-5.2309006453995
3.5148000717163	-5.1205414361417
3.5195000171661	-5.0146409560561
3.5241999626160	-4.9136875090305
3.5288999080658	-4.8177841614385
3.5336000919342	-4.7266836361012
3.5383000373840	-4.6399172846689
3.5429999828339	-4.5569858291332
3.5476999282837	-4.4775353442777
3.5524001121521	-4.4014814730957
3.5571000576019	-4.3290364446287
3.5618000030518	-4.2606365732684
3.5664999485016	-4.1967940330096
3.5711998939514	-4.1379274813116
3.5759000778198	-4.0842203023536
3.5806000232697	-4.0355424824076
3.5852999687195	-3.9914805620477
3.5899999141693	-3.9514322520562
3.5947000980377	-3.9147701124010
3.5994000434875	-3.8809963251908
3.6040999889374	-3.8498661694743
3.6087999343872	-3.8214200947449
3.6135001182556	-3.7959312355777
3.6182000637054	-3.7737851794094
3.6229000091553	-3.7553230895615
3.6275999546051	-3.7407016423352
3.6322999000549	-3.7298151114176
3.6370000839233	-3.7222902338229
3.6417000293732	-3.7175750342162
3.6463999748230	-3.7150761869698
3.6510999202728	-3.7143083514859
3.6558001041412	-3.7150173573220
3.6605000495911	-3.7172273923224
3.6651999950409	-3.7212092934891
3.6698999404907	-3.7273676155646
3.6745998859406	-3.7360936484340
3.6793000698090	-3.7476209341780
3.6840000152588	-3.7619355166611
3.6886999607086	-3.7787576912892
3.6933999061584	-3.7976107451149
3.6981000900269	-3.8179532801821
3.7028000354767	-3.8393210691441
3.7074999809265	-3.8614681452843
3.7121999263763	-3.8844226492983
3.7169001102448	-3.9084700634064
3.7216000556946	-3.9340550452030
3.7263000011444	-3.9616294707222
3.7309999465942	-3.9915047081460
3.7356998920441	-4.0237499086502
3.7404000759125	-4.0581549139416
3.7451000213623	-4.0942886057371
3.7497999668121	-4.1316281280373
3.7544999122620	-4.1697060572062
3.7592000961304	-4.2082592466642
3.7639000415802	-4.2473081416490
3.7685999870300	-4.2871477733806
3.7732999324799	-4.3282527423015
3.7780001163483	-4.3711338152067
3.7827000617981	-4.4161678022665
3.7874000072479	-4.4634785830654
3.7920999526978	-4.5128913358774
3.7967998981476	-4.5639782116662
3.8015000820160	-4.6161854410636
3.8062000274658	-4.6690004999168
3.8108999729156	-4.7221089931351
3.8155999183655	-4.7754979406797
3.8203001022339	-4.8294553247084
3.8250000476837	-4.8844859510320
3.8296999931335	-4.9411454060417
3.8343999385834	-4.9998594772006
3.8390998840332	-5.0607833225566
3.8438000679016	-5.1237339301797
3.8485000133514	-5.1882352858864
3.8531999588013	-5.2536439357324
3.8578999042511	-5.3193444233666
3.8626000881195	-5.3849263358445
3.8673000335693	-5.4503092834278
3.8719999790192	-5.5157580147960
3.8766999244690	-5.5817897169984
3.8814001083374	-5.6489939368585
3.8861000537872	-5.7178193384298
3.8907999992371	-5.7884098281749
3.8954999446869	-5.8605208603493
3.9001998901367	-5.9335555010969
3.9049000740051	-6.0067203818916
3.9096000194550	-6.0792418512618
3.9142999649048	-6.1505822063184
3.9189999103546	-6.2205887377042
3.9237000942230	-6.2895136542375
3.9284000396729	-6.3579073326917
3.9330999851227	-6.4264044528811
3.9377999305725	-6.4954786093582
3.9425001144409	-6.5652381477411
3.9472000598907	-6.6353416220794
3.9519000053406	-6.7050507472372
3.9565999507904	-6.7734152478081
3.9612998962402	-6.8395354047565
3.9660000801086	-6.9028243846750
3.9707000255585	-6.9631662571718
3.9753999710083	-7.0209375013301
3.9800999164581	-7.0768559455258
3.9848001003265	-7.1317196636104
3.9895000457764	-7.1861226945060
3.9941999912262	-7.2402219483452
3.9988999366760	-7.2936638669551
4.0036001205444	-7.3456635156688
4.0082998275757	-7.3952472478893
4.0130000114441	-7.4415581538249
4.0177001953125	-7.4841443423185
4.0223999023438	-7.5231209435839
4.0271000862122	-7.5591554119204
4.0317997932434	-7.5932606613995
4.0364999771118	-7.6264941784927
4.0412001609802	-7.6596291833369
4.0458998680115	-7.6929234087247
4.0506000518799	-7.7260632314209
4.0553002357483	-7.7582886599790
4.0599999427795	-7.7886711656244
4.0647001266479	-7.8164576584203
4.0693998336792	-7.8413632303827
4.0741000175476	-7.8637128243497
4.0788002014160	-7.8843911724675
4.0834999084473	-7.9045961410002
4.0882000923157	-7.9255009422765
4.0928997993469	-7.9479167284826
4.0975999832153	-7.9720723256963
4.1023001670837	-7.9975787917266
4.1069998741150	-8.0235898010184
4.1117000579834	-8.0491113922493
4.1163997650146	-8.0733638106148
4.1210999488831	-8.0960785184508
4.1258001327515	-8.1176282653913
4.1304998397827	-8.1389499372838
4.1352000236511	-8.1612811510559
4.1399002075195	-8.1857899552078
4.1445999145508	-8.2132336674553
4.1493000984192	-8.2437320335036
4.1539998054504	-8.2767504446783
4.1586999893188	-8.3112752983760
4.1634001731873	-8.3461524497885
4.1680998802185	-8.3804731267355
4.1728000640869	-8.4138881068293
4.1774997711182	-8.4467445796771
4.1821999549866	-8.4799948943230
4.1869001388550	-8.5149087489761
4.1915998458862	-8.5526757958373
4.1963000297546	-8.5940283904548
4.2010002136230	-8.6390020664673
4.2056999206543	-8.6869094262982
4.2104001045227	-8.7365367677187
4.2150998115540	-8.7865153569082
4.2197999954224	-8.8357414859024
4.2245001792908	-8.8837354638141
4.2291998863220	-8.9307964355656
4.2339000701904	-8.9778970312782
4.2385997772217	-9.0263661413169
4.2432999610901	-9.0774387987937
4.2480001449585	-9.1318284781703
4.2526998519897	-9.1894572550618
4.2574000358582	-9.2494181375829
4.2621002197266	-9.3102044914098
4.2667999267578	-9.3701247842883
4.2715001106262	-9.4278048240927
4.2761998176575	-9.4825849901908
4.2809000015259	-9.5347062902365
4.2856001853943	-9.5851913928515
4.2902998924255	-9.6354636765866
4.2950000762939	-9.6868330377092
4.2996997833252	-9.7400100443649
4.3043999671936	-9.7948040360849
4.3091001510620	-9.8501081714007
4.3137998580933	-9.9041865782318
4.3185000419617	-9.9551797027750
4.3232002258301	-10.001688349480
4.3278999328613	-10.043235860230
4.3326001167297	-10.080454318791
4.3372998237610	-10.114925222003
4.3420000076294	-10.148720998626
4.3467001914978	-10.183819156613
4.3513998985291	-10.221558402546
4.3561000823975	-10.262320057527
4.3607997894287	-10.305523554134
4.3654999732971	-10.349934581130
4.3702001571655	-10.394201729166
4.3748998641968	-10.437445247684
4.3796000480652	-10.479715035992
4.3843002319336	-10.522155485280
4.3889999389648	-10.566817726118
4.3937001228333	-10.616178109426
4.3983998298645	-10.672508563339
4.4031000137329	-10.737304711270
4.4078001976013	-10.810914482049
4.4124999046326	-10.892489847345
4.4172000885010	-10.980276861983
4.4218997955322	-11.072161474462
4.4265999794006	-11.166343813529
4.4313001632690	-11.261934914387
4.4359998703003	-11.359263211428
4.4407000541687	-11.459809360331
4.4454002380371	-11.565759069381
4.4500999450684	-11.679334024055
4.4548001289368	-11.802066377804
4.4594998359680	-11.934292605614
4.4642000198364	-12.074932520746
4.4689002037048	-12.221733803937
4.4735999107361	-12.371843486749
4.4783000946045	-12.522648675992
4.4829998016357	-12.672565633068
4.4876999855042	-12.821582226643
4.4924001693726	-12.971317537689
4.4970998764038	-13.124544695851
4.5018000602722	-13.284362369396
4.5064997673035	-13.453227310419
4.5111999511719	-13.632161352208
4.5159001350403	-13.820339119755
4.5205998420715	-14.015226039254
4.5253000259399	-14.213195556343
4.5300002098083	-14.410618146630
4.5346999168396	-14.604970192736
4.5394001007080	-14.795709558765
4.5440998077393	-14.984555332989
4.5487999916077	-15.175028507237
4.5535001754761	-15.371414989623
4.5581998825073	-15.577482745511
4.5629000663757	-15.795266489054
4.5675997734070	-16.024350950202
4.5722999572754	-16.261787691280
4.5770001411438	-16.502731814951
4.5816998481750	-16.741718501019
4.5864000320435	-16.974253654235
4.5911002159119	-17.198190578523
4.5957999229431	-17.414458464066
4.6005001068115	-17.626781851514
4.6051998138428	-17.840490482588
4.6098999977112	-18.060805855603
4.6146001815796	-18.291100425169
4.6192998886108	-18.531652435085
4.6240000724792	-18.779099555076
4.6286997795105	-19.026884646446
4.6333999633789	-19.266562655497
4.6381001472473	-19.489832825393
4.6427998542786	-19.690640039125
4.6475000381470	-19.866765862384
4.6522002220154	-20.020168459192
4.6568999290466	-20.156046115242
4.6616001129150	-20.280846005994
4.6662998199463	-20.400023119482
4.6710000038147	-20.516146798827
4.6757001876831	-20.627711444464
4.6803998947144	-20.729130957983
4.6851000785828	-20.811683631419
4.6897997856140	-20.865588780881
4.6944999694824	-20.882591275699
4.6992001533508	-20.858452505973
4.7038998603821	-20.794390196144
4.7086000442505	-20.696917459557
4.7133002281189	-20.576082196767
4.7179999351501	-20.442835328374
4.7227001190186	-20.306322519018
4.7273998260498	-20.171895885876
4.7321000099182	-20.040147470769
4.7368001937866	-19.907150557441
4.7414999008179	-19.765873992955
4.7462000846863	-19.608546463341
4.7508997917175	-19.429364614225
4.7555999755859	-19.226743382308
4.7603001594543	-19.004270313956
4.7649998664856	-18.769893953507
4.7697000503540	-18.533774687159
4.7744002342224	-18.305558896853
4.7790999412537	-18.091962250790
4.7838001251221	-17.895273722925
4.7884998321533	-17.713040078542
4.7932000160217	-17.538939360237
4.7979001998901	-17.364716637614
4.8025999069214	-17.182738418523
4.8073000907898	-16.988423546747
4.8119997978210	-16.781800521964
4.8166999816895	-16.567489462852
4.8214001655579	-16.353233886451
4.8260998725891	-16.147471755225
4.8308000564575	-15.956858256806
4.8354997634888	-15.784501229905
4.8401999473572	-15.629177884921
4.8449001312256	-15.485792576685
4.8495998382568	-15.346866272216
4.8543000221252	-15.204772389660
4.8590002059937	-15.054107670152
4.8636999130249	-14.893394102548
4.8684000968933	-14.725550402665
4.8730998039246	-14.556863615214
4.8777999877930	-14.394928778766
4.8825001716614	-14.246306278978
4.8871998786926	-14.114617867729
4.8919000625610	-13.999568765377
4.8965997695923	-13.897096512659
4.9012999534607	-13.800563268348
4.9060001373291	-13.702756721659
4.9106998443604	-13.598109199689
4.9154000282288	-13.484537584740
4.9201002120972	-13.364082789037
4.9247999191284	-13.242243645804
4.9295001029968	-13.126158788209
4.9341998100281	-13.022367506758
4.9388999938965	-12.934881912954
4.9436001777649	-12.864061606686
4.9482998847961	-12.806539005387
4.9530000686646	-12.756240896672
4.9576997756958	-12.706204988984
4.9623999595642	-12.650771416338
4.9671001434326	-12.587460463701
4.9717998504639	-12.517851422758
4.9765000343323	-12.447082967472
4.9812002182007	-12.382225066063
4.9858999252319	-12.330055259109
4.9906001091003	-12.295032427984
4.9952998161316	-12.277990083985
5.0000000000000	-12.275910133287
#Parameters = {R_fat=48; R_glandular=38; R_skin_outer=50; T10=5; T15=7.5; T5=2.5; T_rad=4; T_x=10; T_y=0; T_z=75; Zc=65; skin_thickness=2; Mesh Pass=3}
#"Frequency / GHz"	"S1,1 (Mesh Pass=3) [Magnitude / dB]"
#-------------------------------------------------------
0.30000001192093	-9.8515793498069
0.30469998717308	-10.247218422859
0.30939999222755	-10.685715399578
0.31409999728203	-11.057390441919
0.31880000233650	-11.242911241756
0.32350000739098	-11.178315854837
0.32820001244545	-10.908266570938
0.33289998769760	-10.563858913115
0.33759999275208	-10.292683280494
0.34229999780655	-10.213045179934
0.34700000286102	-10.409568358851
0.35170000791550	-10.949806278963
0.35640001296997	-11.905709146037
0.36109998822212	-13.371158614883
0.36579999327660	-15.439103502276
0.37049999833107	-17.877867542235
0.37520000338554	-18.785487397670
0.37990000844002	-16.449358028386
0.38460001349449	-13.357881452655
0.38929998874664	-10.829955358405
0.39399999380112	-8.9415990218927
0.39869999885559	-7.5931775123648
0.40340000391006	-6.6931667960846
0.40810000896454	-6.1681616950242
0.41280001401901	-5.9568182023860
0.41749998927116	-6.0060515514736
0.42219999432564	-6.2683420584096
0.42689999938011	-6.6975321448212
0.43160000443459	-7.2417336391568
0.43630000948906	-7.8343566888752
0.44100001454353	-8.3889932753557
0.44569998979568	-8.8102385785030
0.45039999485016	-9.0287656955083
0.45509999990463	-9.0410030167824
0.45980000495911	-8.9121118403431
0.46450001001358	-8.7364390318116
0.46919998526573	-8.5948228200215
0.47389999032021	-8.5358784943159
0.47859999537468	-8.5764694798936
0.48330000042915	-8.7081975075037
0.48800000548363	-8.9032573496775
0.49270001053810	-9.1196167697445
0.49739998579025	-9.3087361925162
0.50209999084473	-9.4283823990158
0.50679999589920	-9.4576388857243
0.51150000095367	-9.4050842276212
0.51620000600815	-9.3034010903306
0.52090001106262	-9.1942667848556
0.52560001611710	-9.1136450198698
0.53030002117157	-9.0835537331928
0.53500002622604	-9.1099649766952
0.53969997167587	-9.1840914739994
0.54439997673035	-9.2853107055090
0.54909998178482	-9.3858083791718
0.55379998683929	-9.4574870497317
0.55849999189377	-9.4803682875108
0.56319999694824	-9.4493175645976
0.56790000200272	-9.3752570922837
0.57260000705719	-9.2800632076606
0.57730001211166	-9.1882414397090
0.58200001716614	-9.1195745232791
0.58670002222061	-9.0848581329798
0.59140002727509	-9.0846007829357
0.59609997272491	-9.1098453067620
0.60079997777939	-9.1445882059227
0.60549998283386	-9.1697667583096
0.61019998788834	-9.1684810761968
0.61489999294281	-9.1311117839586
0.61959999799728	-9.0582511637071
0.62430000305176	-8.9599394269614
0.62900000810623	-8.8516980798058
0.63370001316071	-8.7493749928503
0.63840001821518	-8.6648454441151
0.64310002326965	-8.6035261245929
0.64780002832413	-8.5636780238830
0.65249997377396	-8.5372262320074
0.65719997882843	-8.5118860158636
0.66189998388290	-8.4744031879064
0.66659998893738	-8.4143013041900
0.67129999399185	-8.3269960634626
0.67599999904633	-8.2150173697379
0.68070000410080	-8.0868290850846
0.68540000915527	-7.9538727466317
0.69010001420975	-7.8271248959765
0.69480001926422	-7.7143084410574
0.69950002431870	-7.6182627502868
0.70420002937317	-7.5365810649539
0.70889997482300	-7.4623964491318
0.71359997987747	-7.3862036695607
0.71829998493195	-7.2984527799938
0.72299998998642	-7.1922787095084
0.72769999504089	-7.0655126346126
0.73240000009537	-6.9211963828543
0.73710000514984	-6.7664565402705
0.74180001020432	-6.6102460600593
0.74650001525879	-6.4608508039179
0.75120002031326	-6.3238272150374
0.75590002536774	-6.2008187391357
0.76059997081757	-6.0893081514310
0.76529997587204	-5.9833405779567
0.76999998092651	-5.8751241437824
0.77469998598099	-5.7571834231884
0.77939999103546	-5.6245425410443
0.78409999608994	-5.4761941887974
0.78880000114441	-5.3153592593311
0.79350000619888	-5.1484496755855
0.79820001125336	-4.9832095725533
0.80290001630783	-4.8266302084841
0.80760002136230	-4.6832346260773
0.81230002641678	-4.5540188465936
0.81699997186661	-4.4362622595146
0.82169997692108	-4.3242406101873
0.82639998197556	-4.2107584761997
0.83109998703003	-4.0891762737007
0.83579999208450	-3.9554245774836
0.84049999713898	-3.8092539152684
0.84520000219345	-3.6543767168138
0.84990000724792	-3.4973979994488
0.85460001230240	-3.3459955949587
0.85930001735687	-3.2068805428739
0.86400002241135	-3.0840935978197
0.86870002746582	-2.9779470452545
0.87339997291565	-2.8849079954678
0.87809997797012	-2.7984660859016
0.88279998302460	-2.7108886455373
0.88749998807907	-2.6154883191502
0.89219999313354	-2.5087434926080
0.89689999818802	-2.3915207687940
0.90160000324249	-2.2689946298100
0.90630000829697	-2.1492586581480
0.91100001335144	-2.0411275952582
0.91570001840591	-1.9517928360496
0.92040002346039	-1.8848833721096
0.92510002851486	-1.8394067779946
0.92979997396469	-1.8098704302970
0.93449997901917	-1.7876388964053
0.93919998407364	-1.7633753836079
0.94389998912811	-1.7299856181459
0.94859999418259	-1.6851330968006
0.95329999923706	-1.6324529315145
0.95800000429153	-1.5809460234732
0.96270000934601	-1.5427696691723
0.96740001440048	-1.5301406099758
0.97210001945496	-1.5522570876552
0.97680002450943	-1.6130088204312
0.98150002956390	-1.7100179979883
0.98619997501373	-1.8353529680631
0.99089998006821	-1.9780094399071
0.99559998512268	-2.1279098328661
1.0003000497818	-2.2806008800396
1.0049999952316	-2.4412901542118
1.0096999406815	-2.6267724233205
1.0144000053406	-2.8646418487353
1.0190999507904	-3.1903810640623
1.0238000154495	-3.6440457505473
1.0284999608994	-4.2685048412115
1.0332000255585	-5.1109809633405
1.0378999710083	-6.2296672608522
1.0426000356674	-7.7085125069382
1.0472999811172	-9.6885140424113
1.0520000457764	-12.439819101211
1.0566999912262	-16.530756256009
1.0614000558853	-22.262847363940
1.0661000013351	-20.064601115824
1.0707999467850	-14.629655181223
1.0755000114441	-11.035793480645
1.0801999568939	-8.5266720404176
1.0849000215530	-6.6739724798391
1.0895999670029	-5.2699084667814
1.0943000316620	-4.2007325127280
1.0989999771118	-3.3945549129189
1.1037000417709	-2.7980729511674
1.1083999872208	-2.3658058871777
1.1131000518799	-2.0559269492479
1.1177999973297	-1.8300531948913
1.1224999427795	-1.6552268104156
1.1272000074387	-1.5065209356113
1.1318999528885	-1.3688285131946
1.1366000175476	-1.2367993234444
1.1412999629974	-1.1127490169599
1.1460000276566	-1.0031874920997
1.1506999731064	-0.91510032343512
1.1554000377655	-0.85300662445939
1.1600999832153	-0.81733969172997
1.1648000478745	-0.80426728449189
1.1694999933243	-0.80672194746910
1.1742000579834	-0.81621618349041
1.1789000034332	-0.82496271916511
1.1835999488831	-0.82770063874766
1.1883000135422	-0.82274019382566
1.1929999589920	-0.81193044310639
1.1977000236511	-0.79962877864264
1.2023999691010	-0.79106428769349
1.2071000337601	-0.79065125682807
1.2117999792099	-0.80074815961275
1.2165000438690	-0.82113004880315
1.2211999893188	-0.84922058917819
1.2259000539780	-0.88094733409066
1.2305999994278	-0.91193540970760
1.2352999448776	-0.93871284575357
1.2400000095367	-0.95960918535687
1.2446999549866	-0.97508229612692
1.2494000196457	-0.98739890495060
1.2540999650955	-0.99982124547021
1.2588000297546	-1.0155658288944
1.2634999752045	-1.0368869318327
1.2682000398636	-1.0644947205213
1.2728999853134	-1.0974761625241
1.2776000499725	-1.1336477320981
1.2822999954224	-1.1702535147504
1.2869999408722	-1.2047542573411
1.2917000055313	-1.2355487736838
1.2963999509811	-1.2623625326529
1.3011000156403	-1.2862517296477
1.3057999610901	-1.3092180628458
1.3105000257492	-1.3335604068499
1.3151999711990	-1.3612116204455
1.3199000358582	-1.3932181121062
1.3245999813080	-1.4295069914787
1.3293000459671	-1.4689934330410
1.3339999914169	-1.5099366004026
1.3387000560760	-1.5504790472382
1.3434000015259	-1.5891761509053
1.3480999469757	-1.6254019758843
1.3528000116348	-1.6594904519584
1.3574999570847	-1.6925969570522
1.3622000217438	-1.7263372054190
1.3668999671936	-1.7623120680230
1.3716000318527	-1.8016796157417
1.3762999773026	-1.8448616440140
1.3810000419617	-1.8914963684400
1.3856999874115	-1.9405879927095
1.3904000520706	-1.9908360389688
1.3950999975204	-2.0410252210862
1.3997999429703	-2.0903846357802
1.4045000076294	-2.1388007012114
1.4091999530792	-2.1868428560883
1.4139000177383	-2.2355958461255
1.4185999631882	-2.2863534973673
1.4233000278473	-2.3402761371084
1.4279999732971	-2.3981089056731
1.4327000379562	-2.4600204005780
1.4373999834061	-2.5256172694106
1.4421000480652	-2.5941049217272
1.4467999935150	-2.6645469285162
1.4515000581741	-2.7361654376102
1.4562000036240	-2.8085763127076
1.4608999490738	-2.8819277535305
1.4656000137329	-2.9568662869850
1.4702999591827	-3.0343966773576
1.4750000238419	-3.1156275278344
1.4796999692917	-3.2015118104924
1.4844000339508	-3.2926470273643
1.4890999794006	-3.3891656430797
1.4938000440598	-3.4907649731476
1.4984999895096	-3.5968434138684
1.5032000541687	-3.7067132019489
1.5078999996185	-3.8198469939186
1.5125999450684	-3.9360580539805
1.5173000097275	-4.0556123782709
1.5219999551773	-4.1792040901544
1.5267000198364	-4.3078210945599
1.5313999652863	-4.4425431424687
1.5361000299454	-4.5843094066170
1.5407999753952	-4.7337378260068
1.5455000400543	-4.8910223468871
1.5501999855042	-5.0559451384712
1.5549000501633	-5.2279935965316
1.5595999956131	-5.4065612835550
1.5642999410629	-5.5911749244686
1.5690000057220	-5.7816978321562
1.5736999511719	-5.9784495386455
1.5784000158310	-6.1822043898786
1.5830999612808	-6.3940731523848
1.5878000259399	-6.6152917731759
1.5924999713898	-6.8469722458989
1.5972000360489	-7.0898873484953
1.6018999814987	-7.3443269768378
1.6066000461578	-7.6100944323586
1.6112999916077	-7.8866267223511
1.6160000562668	-8.1732247224067
1.6207000017166	-8.4693512148873
1.6253999471664	-8.7749053888537
1.6301000118256	-9.0904063096473
1.6347999572754	-9.4170208457385
1.6395000219345	-9.7564239821075
1.6441999673843	-10.110518630169
1.6489000320435	-10.481087204645
1.6535999774933	-10.869472694041
1.6583000421524	-11.276367549418
1.6629999876022	-11.701791854625
1.6677000522614	-12.145278177243
1.6723999977112	-12.606252464525
1.6770999431610	-13.084535029671
1.6818000078201	-13.580817343774
1.6864999532700	-14.097009989562
1.6912000179291	-14.636342473658
1.6958999633789	-15.203146224834
1.7006000280380	-15.802410510327
1.7052999734879	-16.439214671507
1.7100000381470	-17.118193748437
1.7146999835968	-17.843191053291
1.7194000482559	-18.617296805138
1.7240999937057	-19.443294938126
1.7288000583649	-20.324591798389
1.7335000038147	-21.266498438710
1.7381999492645	-22.277655424083
1.7429000139236	-23.371053012940
1.7475999593735	-24.563996757035
1.7523000240326	-25.875564061125
1.7569999694824	-27.318127488076
1.7617000341415	-28.874292260023
1.7663999795914	-30.441389408000
1.7711000442505	-31.737611565209
1.7757999897003	-32.308568331603
1.7805000543594	-31.915468569864
1.7851999998093	-30.850746269913
1.7898999452591	-29.556190161744
1.7946000099182	-28.283728060958
1.7992999553680	-27.119294868030
1.8040000200272	-26.074568301241
1.8086999654770	-25.137235684742
1.8134000301361	-24.291095703129
1.8180999755859	-23.522760487178
1.8228000402451	-22.823036200514
1.8274999856949	-22.186081632713
1.8322000503540	-21.607941837952
1.8368999958038	-21.085126678096
1.8415999412537	-20.613610558400
1.8463000059128	-20.188403806946
1.8509999513626	-19.803601930087
1.8557000160217	-19.452853204492
1.8603999614716	-19.130051057356
1.8651000261307	-18.830025847133
1.8697999715805	-18.549109586532
1.8745000362396	-18.285309143744
1.8791999816895	-18.038174754755
1.8839000463486	-17.808271047145
1.8885999917984	-17.596535480471
1.8933000564575	-17.403633765481
1.8980000019073	-17.229499483222
1.9026999473572	-17.073130846028
1.9074000120163	-16.932673118203
1.9120999574661	-16.805757859172
1.9168000221252	-16.689980526563
1.9214999675751	-16.583357690436
1.9262000322342	-16.484725242266
1.9308999776840	-16.393859183313
1.9356000423431	-16.311386100312
1.9402999877930	-16.238461717180
1.9450000524521	-16.176346153417
1.9496999979019	-16.125984781159
1.9543999433517	-16.087702900483
1.9591000080109	-16.061090948699
1.9637999534607	-16.045093663724
1.9685000181198	-16.038264242806
1.9731999635696	-16.039124440249
1.9779000282288	-16.046526501789
1.9825999736786	-16.059933522216
1.9873000383377	-16.079525544465
1.9919999837875	-16.106111025141
1.9967000484467	-16.140888229254
2.0013999938965	-16.185100667021
2.0060999393463	-16.239702507219
2.0107998847961	-16.305106451944
2.0155000686646	-16.381077279042
2.0202000141144	-16.466784519250
2.0248999595642	-16.561008510510
2.0295999050140	-16.662435935124
2.0343000888824	-16.769978795460
2.0390000343323	-16.883017001874
2.0436999797821	-17.001522600919
2.0483999252319	-17.126004220001
2.0531001091003	-17.257306351531
2.0578000545502	-17.396313174823
2.0625000000000	-17.543606722253
2.0671999454498	-17.699200270829
2.0718998908997	-17.862383020919
2.0766000747681	-18.031697481338
2.0813000202179	-18.205084132130
2.0859999656677	-18.380112403117
2.0906999111176	-18.554304155919
2.0954000949860	-18.725392632695
2.1001000404358	-18.891509593427
2.1047999858856	-19.051243062871
2.1094999313354	-19.203507937084
2.1142001152039	-19.347344820804
2.1189000606537	-19.481621836902
2.1236000061035	-19.604837183244
2.1282999515533	-19.714936327171
2.1329998970032	-19.809340932955
2.1377000808716	-19.885129153881
2.1424000263214	-19.939331202725
2.1470999717712	-19.969336277883
2.1517999172211	-19.973286336934
2.1565001010895	-19.950393842605
2.1612000465393	-19.901095306981
2.1658999919891	-19.827015146114
2.1705999374390	-19.730719520870
2.1752998828888	-19.615344703215
2.1800000667572	-19.484171676826
2.1847000122070	-19.340235647816
2.1893999576569	-19.186057857366
2.1940999031067	-19.023504953932
2.1988000869751	-18.853876455394
2.2035000324249	-18.678039628367
2.2081999778748	-18.496768133418
2.2128999233246	-18.310957056324
2.2176001071930	-18.121848390649
2.2223000526428	-17.931108375618
2.2269999980927	-17.740722635311
2.2316999435425	-17.552802568130
2.2363998889923	-17.369302363650
2.2411000728607	-17.191752013248
2.2458000183105	-17.021083428555
2.2504999637604	-16.857549293316
2.2551999092102	-16.700824799966
2.2599000930786	-16.550175493074
2.2646000385284	-16.404778916142
2.2692999839783	-16.263962440900
2.2739999294281	-16.127441528731
2.2787001132965	-15.995410500238
2.2834000587463	-15.868492925635
2.2881000041962	-15.747566671501
2.2927999496460	-15.633542604055
2.2974998950958	-15.527094937746
2.3022000789642	-15.428501311625
2.3069000244141	-15.337550699710
2.3115999698639	-15.253596268344
2.3162999153137	-15.175736265423
2.3210000991821	-15.103026305351
2.3257000446320	-15.034695970111
2.3303999900818	-14.970378144555
2.3350999355316	-14.910125491511
2.3397998809814	-14.854402183475
2.3445000648499	-14.803890942384
2.3492000102997	-14.759311850663
2.3538999557495	-14.721177041811
2.3585999011993	-14.689658735060
2.3633000850677	-14.664505286286
2.3680000305176	-14.645124727029
2.3726999759674	-14.630714761471
2.3773999214172	-14.620478693903
2.3821001052856	-14.613824759544
2.3868000507355	-14.610517679493
2.3914999961853	-14.610727693744
2.3961999416351	-14.614954153948
2.4008998870850	-14.623882278183
2.4056000709534	-14.638196957842
2.4103000164032	-14.658358054418
2.4149999618530	-14.684498210936
2.4196999073029	-14.716368565835
2.4244000911713	-14.753413578067
2.4291000366211	-14.794927495929
2.4337999820709	-14.840235456531
2.4384999275208	-14.888890881050
2.4432001113892	-14.940793531118
2.4479000568390	-14.996212799993
2.4526000022888	-15.055728907467
2.4572999477386	-15.120050330777
2.4619998931885	-15.189852620795
2.4667000770569	-15.265566530297
2.4714000225067	-15.347281891106
2.4760999679565	-15.434725521940
2.4807999134064	-15.527319453709
2.4855000972748	-15.624373627292
2.4902000427246	-15.725230837146
2.4948999881744	-15.829481017975
2.4995999336243	-15.937056321504
2.5043001174927	-16.048252103130
2.5090000629425	-16.163642453690
2.5137000083923	-16.283906794420
2.5183999538422	-16.409644717325
2.5230998992920	-16.541180559768
2.5278000831604	-16.678455684625
2.5325000286102	-16.821006878457
2.5371999740601	-16.968034936274
2.5418999195099	-17.118563595326
2.5466001033783	-17.271636932361
2.5513000488281	-17.426503223906
2.5559999942780	-17.582710003453
2.5606999397278	-17.740143415219
2.5653998851776	-17.898917315864
2.5701000690460	-18.059211473747
2.5748000144958	-18.221043628920
2.5794999599457	-18.384077052024
2.5841999053955	-18.547477092480
2.5889000892639	-18.709877393037
2.5936000347137	-18.869445356885
2.5982999801636	-19.024043861062
2.6029999256134	-19.171448668207
2.6077001094818	-19.309563878036
2.6124000549316	-19.436593906057
2.6171000003815	-19.551108543002
2.6217999458313	-19.652026275359
2.6264998912811	-19.738497469327
2.6312000751495	-19.809739997553
2.6359000205994	-19.864881086238
2.6405999660492	-19.902869287993
2.6452999114990	-19.922461462889
2.6500000953674	-19.922308645109
2.6547000408173	-19.901149977395
2.6593999862671	-19.858034608640
2.6640999317169	-19.792534479257
2.6688001155853	-19.704926144542
2.6735000610352	-19.596213509114
2.6782000064850	-19.468079388265
2.6828999519348	-19.322693943351
2.6875998973846	-19.162429142055
2.6923000812531	-18.989629624911
2.6970000267029	-18.806361986683
2.7016999721527	-18.614258981508
2.7063999176025	-18.414528454601
2.7111001014709	-18.208009822677
2.7158000469208	-17.995350022868
2.7204999923706	-17.777174731098
2.7251999378204	-17.554278590013
2.7298998832703	-17.327704399752
2.7346000671387	-17.098730297511
2.7393000125885	-16.868803577676
2.7439999580383	-16.639348809403
2.7486999034882	-16.411584646704
2.7534000873566	-16.186401484724
2.7581000328064	-15.964257593657
2.7627999782562	-15.745200031862
2.7674999237061	-15.528975168240
2.7722001075745	-15.315185038115
2.7769000530243	-15.103484374673
2.7815999984741	-14.893705849532
2.7862999439240	-14.685978642839
2.7909998893738	-14.480694578671
2.7957000732422	-14.278421046664
2.8004000186920	-14.079774202703
2.8050999641418	-13.885241776567
2.8097999095917	-13.695067643132
2.8145000934601	-13.509198590139
2.8192000389099	-13.327296079529
2.8238999843597	-13.148853455186
2.8285999298096	-12.973314364952
2.8333001136780	-12.800241864116
2.8380000591278	-12.629414333229
2.8427000045776	-12.460870962027
2.8473999500275	-12.294889581822
2.8520998954773	-12.131876903596
2.8568000793457	-11.972235779102
2.8615000247955	-11.816242817939
2.8661999702454	-11.663948113341
2.8708999156952	-11.515174373163
2.8756000995636	-11.369528852446
2.8803000450134	-11.226537323074
2.8849999904633	-11.085751144965
2.8896999359131	-10.946871772400
2.8943998813629	-10.809812911702
2.8991000652313	-10.674712787427
2.9038000106812	-10.541878866959
2.9084999561310	-10.411672095498
2.9131999015808	-10.284403936738
2.9179000854492	-10.160226745238
2.9226000308990	-10.039087734068
2.9272999763489	-9.9207380121672
2.9319999217987	-9.8048086547174
2.9367001056671	-9.6908993543594
2.9414000511169	-9.5786976087821
2.9460999965668	-9.4680594347772
2.9507999420166	-9.3590413985110
2.9554998874664	-9.2518626347316
2.9602000713348	-9.1468448450731
2.9649000167847	-9.0443069986257
2.9695999622345	-8.9444477435583
2.9742999076843	-8.8473075549705
2.9790000915527	-8.7527437893041
2.9837000370026	-8.6604709476725
2.9883999824524	-8.5701391972876
2.9930999279022	-8.4814412174498
2.9978001117706	-8.3941903927116
3.0025000572205	-8.3083678350693
3.0072000026703	-8.2241325942667
3.0118999481201	-8.1417431660390
3.0165998935699	-8.0614925849421
3.0213000774384	-7.9836175737977
3.0260000228882	-7.9082076704120
3.0306999683380	-7.8351940109905
3.0353999137878	-7.7643549219155
3.0401000976562	-7.6953886578451
3.0448000431061	-7.6279950437665
3.0494999885559	-7.5619545070097
3.0541999340057	-7.4971988340101
3.0589001178741	-7.4338108159134
3.0636000633240	-7.3720028834362
3.0683000087738	-7.3120355383179
3.0729999542236	-7.2541481563078
3.0776998996735	-7.1984655434680
3.0824000835419	-7.1449713812365
3.0871000289917	-7.0935006966664
3.0917999744415	-7.0437884112822
3.0964999198914	-6.9955494389069
3.1012001037598	-6.9485466942181
3.1059000492096	-6.9026667655944
3.1105999946594	-6.8579402871634
3.1152999401093	-6.8145294364535
3.1199998855591	-6.7726676210819
3.1247000694275	-6.7325884858041
3.1294000148773	-6.6944429806838
3.1340999603271	-6.6582556951301
3.1387999057770	-6.6239126863799
3.1435000896454	-6.5911758512246
3.1482000350952	-6.5597829617240
3.1528999805450	-6.5294827398896
3.1575999259949	-6.5001299018987
3.1623001098633	-6.4717110574927
3.1670000553131	-6.4443438055993
3.1717000007629	-6.4182371074330
3.1763999462128	-6.3936174235079
3.1810998916626	-6.3706513580441
3.1858000755310	-6.3493967161616
3.1905000209808	-6.3297726236717
3.1951999664307	-6.3115811603845
3.1998999118805	-6.2945604487475
3.2046000957489	-6.2784540007994
3.2093000411987	-6.2630796619802
3.2139999866486	-6.2483882377247
3.2186999320984	-6.2344475597275
3.2234001159668	-6.2214327506945
3.2281000614166	-6.2095492285734
3.2328000068665	-6.1989685165669
3.2374999523163	-6.1897609776518
3.2421998977661	-6.1818607139579
3.2469000816345	-6.1750824275216
3.2516000270844	-6.1691515283116
3.2562999725342	-6.1637844290821
3.2609999179840	-6.1587521391468
3.2657001018524	-6.1539346865302
3.2704000473022	-6.1493389718571
3.2750999927521	-6.1450760184251
3.2797999382019	-6.1413094694048
3.2844998836517	-6.1381675070430
3.2892000675201	-6.1356990873667
3.2939000129700	-6.1338064408466
3.2985999584198	-6.1322645368572
3.3032999038696	-6.1307439578294
3.3080000877380	-6.1288782283524
3.3127000331879	-6.1263407532708
3.3173999786377	-6.1228974759587
3.3220999240875	-6.1184347965807
3.3268001079559	-6.1129530269098
3.3315000534058	-6.1065040580482
3.3361999988556	-6.0991312965559
3.3408999443054	-6.0907795796456
3.3455998897552	-6.0812800885600
3.3503000736237	-6.0703090772544
3.3550000190735	-6.0574394422379
3.3596999645233	-6.0422006828788
3.3643999099731	-6.0241547548462
3.3691000938416	-6.0029632174266
3.3738000392914	-5.9784234146429
3.3784999847412	-5.9504672018408
3.3831999301910	-5.9191114587788
3.3879001140594	-5.8843901905424
3.3926000595093	-5.8463017845773
3.3973000049591	-5.8047406077560
3.4019999504089	-5.7595037423112
3.4066998958588	-5.7103312977860
3.4114000797272	-5.6569562546942
3.4161000251770	-5.5991937480725
3.4207999706268	-5.5370080440491
3.4254999160767	-5.4705443749762
3.4302000999451	-5.4001264439655
3.4349000453949	-5.3262052238927
3.4395999908447	-5.2492945045475
3.4442999362946	-5.1698932144460
3.4489998817444	-5.0884407796952
3.4537000656128	-5.0052927397812
3.4584000110626	-4.9207468515942
3.4630999565125	-4.8350860225829
3.4677999019623	-4.7486353006635
3.4725000858307	-4.6618104515231
3.4772000312805	-4.5751442493638
3.4818999767303	-4.4892525986392
3.4865999221802	-4.4048135784663
3.4913001060486	-4.3224820154239
3.4960000514984	-4.2428305917685
3.5006999969482	-4.1663071577003
3.5053999423981	-4.0932103607155
3.5100998878479	-4.0237049668356
3.5148000717163	-3.9578678840955
3.5195000171661	-3.8957403304615
3.5241999626160	-3.8373765127981
3.5288999080658	-3.7828847487924
3.5336000919342	-3.7324211822409
3.5383000373840	-3.6861746128064
3.5429999828339	-3.6443254175181
3.5476999282837	-3.6069982264122
3.5524001121521	-3.5742144599070
3.5571000576019	-3.5458876520204
3.5618000030518	-3.5218247009256
3.5664999485016	-3.5017674947378
3.5711998939514	-3.4854298576972
3.5759000778198	-3.4725639414527
3.5806000232697	-3.4629854587196
3.5852999687195	-3.4565999301829
3.5899999141693	-3.4533876757246
3.5947000980377	-3.4533652224222
3.5994000434875	-3.4565529777729
3.6040999889374	-3.4629147502264
3.6087999343872	-3.4723498547776
3.6135001182556	-3.4846635991414
3.6182000637054	-3.4996050900890
3.6229000091553	-3.5169040986081
3.6275999546051	-3.5363087742764
3.6322999000549	-3.5576378424022
3.6370000839233	-3.5808042365453
3.6417000293732	-3.6058065752506
3.6463999748230	-3.6327088596215
3.6510999202728	-3.6615932478077
3.6558001041412	-3.6925194543949
3.6605000495911	-3.7254783709387
3.6651999950409	-3.7603782496383
3.6698999404907	-3.7970535766015
3.6745998859406	-3.8352944332232
3.6793000698090	-3.8748966414455
3.6840000152588	-3.9157059158749
3.6886999607086	-3.9576512229077
3.6933999061584	-4.0007578826064
3.6981000900269	-4.0451250995013
3.7028000354767	-4.0908870757601
3.7074999809265	-4.1381697060842
3.7121999263763	-4.1870314581171
3.7169001102448	-4.2374498978103
3.7216000556946	-4.2893096634321
3.7263000011444	-4.3424303480843
3.7309999465942	-4.3966147262712
3.7356998920441	-4.4516956855319
3.7404000759125	-4.5075829506130
3.7451000213623	-4.5642811938861
3.7497999668121	-4.6218841996045
3.7544999122620	-4.6805389103819
3.7592000961304	-4.7403912933566
3.7639000415802	-4.8015343308291
3.7685999870300	-4.8639693739357
3.7732999324799	-4.9275892259234
3.7780001163483	-4.9922042351159
3.7827000617981	-5.0575755405020
3.7874000072479	-5.1234825791119
3.7920999526978	-5.1897693933100
3.7967998981476	-5.2563804034010
3.8015000820160	-5.3233610817740
3.8062000274658	-5.3908246131409
3.8108999729156	-5.4589023157195
3.8155999183655	-5.5276747938028
3.8203001022339	-5.5971267735523
3.8250000476837	-5.6671179108401
3.8296999931335	-5.7373991419768
3.8343999385834	-5.8076532804514
3.8390998840332	-5.8775605562223
3.8438000679016	-5.9468656445931
3.8485000133514	-6.0154221454021
3.8531999588013	-6.0832016037474
3.8578999042511	-6.1502708427514
3.8626000881195	-6.2167302918740
3.8673000335693	-6.2826387753696
3.8719999790192	-6.3479580566063
3.8766999244690	-6.4125094623614
3.8814001083374	-6.4759874012125
3.8861000537872	-6.5380025033692
3.8907999992371	-6.5981609186580
3.8954999446869	-6.6561412322470
3.9001998901367	-6.7117570602052
3.9049000740051	-6.7649738365702
3.9096000194550	-6.8158856935818
3.9142999649048	-6.8646486534647
3.9189999103546	-6.9113951369467
3.9237000942230	-6.9561628549231
3.9284000396729	-6.9988477314816
3.9330999851227	-7.0392086128115
3.9377999305725	-7.0769228918607
3.9425001144409	-7.1116689955709
3.9472000598907	-7.1432212600500
3.9519000053406	-7.1715116293115
3.9565999507904	-7.1966573814876
3.9612998962402	-7.2189298806034
3.9660000801086	-7.2386789288301
3.9707000255585	-7.2562357214523
3.9753999710083	-7.2718285795781
3.9800999164581	-7.2855338020479
3.9848001003265	-7.2972766478915
3.9895000457764	-7.3068865957102
3.9941999912262	-7.3141893815234
3.9988999366760	-7.3191023644329
4.0036001205444	-7.3216977775035
4.0082998275757	-7.3222337303652
4.0130000114441	-7.3211169161449
4.0177001953125	-7.3188262930631
4.0223999023438	-7.3158070693355
4.0271000862122	-7.3123878412711
4.0317997932434	-7.3087212093955
4.0364999771118	-7.3047925899592
4.0412001609802	-7.3004651752848
4.0458998680115	-7.2955805365309
4.0506000518799	-7.2900428096267
4.0553002357483	-7.2839087163580
4.0599999427795	-7.2773998124284
4.0647001266479	-7.2708892037737
4.0693998336792	-7.2648173884050
4.0741000175476	-7.2595976651665
4.0788002014160	-7.2555255414610
4.0834999084473	-7.2527230083849
4.0882000923157	-7.2511252639586
4.0928997993469	-7.2505408864333
4.0975999832153	-7.2507266162287
4.1023001670837	-7.2514940723110
4.1069998741150	-7.2527872988314
4.1117000579834	-7.2547221459465
4.1163997650146	-7.2575724883023
4.1210999488831	-7.2616967073775
4.1258001327515	-7.2674531072927
4.1304998397827	-7.2750945815525
4.1352000236511	-7.2847091644318
4.1399002075195	-7.2961975798637
4.1445999145508	-7.3093114926991
4.1493000984192	-7.3237374707315
4.1539998054504	-7.3391944166444
4.1586999893188	-7.3555261517604
4.1634001731873	-7.3727499024544
4.1680998802185	-7.3910600181874
4.1728000640869	-7.4107693061455
4.1774997711182	-7.4322110893104
4.1821999549866	-7.4556491926287
4.1869001388550	-7.4811823825799
4.1915998458862	-7.5087256300656
4.1963000297546	-7.5380230449650
4.2010002136230	-7.5687312399461
4.2056999206543	-7.6005209462239
4.2104001045227	-7.6331836844099
4.2150998115540	-7.6666989531947
4.2197999954224	-7.7012573491999
4.2245001792908	-7.7372137102056
4.2291998863220	-7.7749993251213
4.2339000701904	-7.8150117121625
4.2385997772217	-7.8575201975180
4.2432999610901	-7.9026106450400
4.2480001449585	-7.9501944646844
4.2526998519897	-8.0000731700827
4.2574000358582	-8.0520401826438
4.2621002197266	-8.1059961580984
4.2667999267578	-8.1620336212645
4.2715001106262	-8.2204690606718
4.2761998176575	-8.2818084698585
4.2809000015259	-8.3466466838043
4.2856001853943	-8.4155462738992
4.2902998924255	-8.4889063655624
4.2950000762939	-8.5668760360882
4.2996997833252	-8.6493294495707
4.3043999671936	-8.7359091269987
4.3091001510620	-8.8261339560515
4.3137998580933	-8.9195360564859
4.3185000419617	-9.0157869703687
4.3232002258301	-9.1147820135277
4.3278999328613	-9.2166467175902
4.3326001167297	-9.3216765748609
4.3372998237610	-9.4302092903876
4.3420000076294	-9.5424871548064
4.3467001914978	-9.6585359076347
4.3513998985291	-9.7781092663890
4.3561000823975	-9.9007194245357
4.3607997894287	-10.025741831629
4.3654999732971	-10.152578731366
4.3702001571655	-10.280822740525
4.3748998641968	-10.410377935952
4.3796000480652	-10.541498879885
4.3843002319336	-10.674716672160
4.3889999389648	-10.810688147908
4.3937001228333	-10.950003317718
4.3983998298645	-11.093000340618
4.4031000137329	-11.239663798228
4.4078001976013	-11.389621737465
4.4124999046326	-11.542257506000
4.4172000885010	-11.696912226695
4.4218997955322	-11.853106584008
4.4265999794006	-12.010728907144
4.4313001632690	-12.170115529969
4.4359998703003	-12.331991974183
4.4407000541687	-12.497295065272
4.4454002380371	-12.666916368739
4.4500999450684	-12.841446590966
4.4548001289368	-13.021003106496
4.4594998359680	-13.205195168788
4.4642000198364	-13.393244947381
4.4689002037048	-13.584242315041
4.4735999107361	-13.777461938467
4.4783000946045	-13.972642398910
4.4829998016357	-14.170136167161
4.4876999855042	-14.370872272929
4.4924001693726	-14.576128139896
4.4970998764038	-14.787175743896
4.5018000602722	-15.004902897002
4.5064997673035	-15.229534959566
4.5111999511719	-15.460535377380
4.5159001350403	-15.696748641987
4.5205998420715	-15.936741049968
4.5253000259399	-16.179273574201
4.5300002098083	-16.423734533080
4.5346999168396	-16.670406674569
4.5394001007080	-16.920440515989
4.5440998077393	-17.175521272874
4.5487999916077	-17.437319334212
4.5535001754761	-17.706876298470
4.5581998825073	-17.984122348484
4.5629000663757	-18.267688775691
4.5675997734070	-18.555094585480
4.5722999572754	-18.843305342599
4.5770001411438	-19.129507793480
4.5816998481750	-19.411860492538
4.5864000320435	-19.689908870708
4.5911002159119	-19.964483035655
4.5957999229431	-20.237018223926
4.6005001068115	-20.508499887474
4.6051998138428	-20.778356096152
4.6098999977112	-21.043717320827
4.6146001815796	-21.299303189042
4.6192998886108	-21.538174366308
4.6240000724792	-21.753180804243
4.6286997795105	-21.938669813705
4.6333999633789	-22.091805728851
4.6381001472473	-22.212871657936
4.6427998542786	-22.304359094734
4.6475000381470	-22.369219949834
4.6522002220154	-22.409092038097
4.6568999290466	-22.423201539067
4.6616001129150	-22.408524757278
4.6662998199463	-22.361142267710
4.6710000038147	-22.278190502618
4.6757001876831	-22.159774039996
4.6803998947144	-22.009724717825
4.6851000785828	-21.834986437974
4.6897997856140	-21.643918056146
4.6944999694824	-21.444196844028
4.6992001533508	-21.241223436207
4.7038998603821	-21.037378084540
4.7086000442505	-20.832349829200
4.7133002281189	-20.624224170793
4.7179999351501	-20.410986950976
4.7227001190186	-20.191877542264
4.7273998260498	-19.968169706836
4.7321000099182	-19.743111382850
4.7368001937866	-19.521141848051
4.7414999008179	-19.306735918108
4.7462000846863	-19.103260925790
4.7508997917175	-18.912201358554
4.7555999755859	-18.733018348706
4.7603001594543	-18.563543089937
4.7649998664856	-18.400793012408
4.7697000503540	-18.242065515729
4.7744002342224	-18.085796677968
4.7790999412537	-17.932086541079
4.7838001251221	-17.782636374739
4.7884998321533	-17.640152147945
4.7932000160217	-17.507447008509
4.7979001998901	-17.386556706118
4.8025999069214	-17.278076473771
4.8073000907898	-17.180946462377
4.8119997978210	-17.092726463174
4.8166999816895	-17.010252824520
4.8214001655579	-16.930521276617
4.8260998725891	-16.851526459337
4.8308000564575	-16.772761072683
4.8354997634888	-16.695251499369
4.8401999473572	-16.621093285370
4.8449001312256	-16.552603772262
4.8495998382568	-16.491462550036
4.8543000221252	-16.438045245272
4.8590002059937	-16.391128058498
4.8636999130249	-16.348134969244
4.8684000968933	-16.305764659572
4.8730998039246	-16.260933630888
4.8777999877930	-16.211617557677
4.8825001716614	-16.157463986416
4.8871998786926	-16.099789073219
4.8919000625610	-16.041097755088
4.8965997695923	-15.984208688701
4.9012999534607	-15.931315865058
4.9060001373291	-15.883256081078
4.9106998443604	-15.839253520355
4.9154000282288	-15.797167225743
4.9201002120972	-15.754183225169
4.9247999191284	-15.707755275246
4.9295001029968	-15.656505198687
4.9341998100281	-15.600719153374
4.9388999938965	-15.542324152524
4.9436001777649	-15.484291279976
4.9482998847961	-15.429702623546
4.9530000686646	-15.380752402785
4.9576997756958	-15.338028757630
4.9623999595642	-15.300251053436
4.9671001434326	-15.264549237175
4.9717998504639	-15.227189692802
4.9765000343323	-15.184549142045
4.9812002182007	-15.134052900195
4.9858999252319	-15.074668747664
4.9906001091003	-15.006861646196
4.9952998161316	-14.931937686412
5.0000000000000	-14.851054388470
#Parameters = {R_fat=48; R_glandular=38; R_skin_outer=50; T10=5; T15=7.5; T5=2.5; T_rad=4; T_x=10; T_y=0; T_z=75; Zc=65; skin_thickness=2; Mesh Pass=4}
#"Frequency / GHz"	"S1,1 (Mesh Pass=4) [Magnitude / dB]"
#-------------------------------------------------------
0.30000001192093	-16.873103201403
0.30469998717308	-17.564893477268
0.30939999222755	-17.898465470454
0.31409999728203	-17.755374891423
0.31880000233650	-17.275438576223
0.32350000739098	-16.735351938686
0.32820001244545	-16.370957068241
0.33289998769760	-16.336848560284
0.33759999275208	-16.748242823069
0.34229999780655	-17.741881793470
0.34700000286102	-19.570273854669
0.35170000791550	-22.867942515265
0.35640001296997	-30.192469214637
0.36109998822212	-34.705712844561
0.36579999327660	-22.879938403837
0.37049999833107	-17.742905444743
0.37520000338554	-14.452042805227
0.37990000844002	-12.109887733678
0.38460001349449	-10.396791683627
0.38929998874664	-9.1653720656119
0.39399999380112	-8.3331156170247
0.39869999885559	-7.8435893207165
0.40340000391006	-7.6515534721038
0.40810000896454	-7.7184946929194
0.41280001401901	-8.0122655737480
0.41749998927116	-8.5070350302022
0.42219999432564	-9.1812680641136
0.42689999938011	-10.011884642514
0.43160000443459	-10.962457922933
0.43630000948906	-11.963886654300
0.44100001454353	-12.893777384259
0.44569998979568	-13.584202061542
0.45039999485016	-13.900352604786
0.45509999990463	-13.848685750859
0.45980000495911	-13.575478864078
0.46450001001358	-13.256055862711
0.46919998526573	-13.014017525005
0.47389999032021	-12.911670385057
0.47859999537468	-12.968427134160
0.48330000042915	-13.176628759368
0.48800000548363	-13.508090215998
0.49270001053810	-13.913652632256
0.49739998579025	-14.321804611517
0.50209999084473	-14.646236668119
0.50679999589920	-14.811483804364
0.51150000095367	-14.788632858196
0.51620000600815	-14.611100213991
0.52090001106262	-14.353190600151
0.52560001611710	-14.093139919870
0.53030002117157	-13.889167367381
0.53500002622604	-13.773627570616
0.53969997167587	-13.755985296290
0.54439997673035	-13.826764898876
0.54909998178482	-13.959887348166
0.55379998683929	-14.114679269601
0.55849999189377	-14.241048732126
0.56319999694824	-14.291032498839
0.56790000200272	-14.235019850275
0.57260000705719	-14.073660463663
0.57730001211166	-13.836210928987
0.58200001716614	-13.566600471319
0.58670002222061	-13.307490989147
0.59140002727509	-13.090238062042
0.59609997272491	-12.931436663553
0.60079997777939	-12.833123805230
0.60549998283386	-12.784231415936
0.61019998788834	-12.762703199593
0.61489999294281	-12.739177095603
0.61959999799728	-12.683257308005
0.62430000305176	-12.571878744858
0.62900000810623	-12.396682335310
0.63370001316071	-12.166305386573
0.63840001821518	-11.902210823761
0.64310002326965	-11.630735192739
0.64780002832413	-11.375573270759
0.65249997377396	-11.152976476257
0.65719997882843	-10.969779357760
0.66189998388290	-10.823287574162
0.66659998893738	-10.702454236343
0.67129999399185	-10.590268162628
0.67599999904633	-10.467561170389
0.68070000410080	-10.317850904153
0.68540000915527	-10.131951636123
0.69010001420975	-9.9104382043422
0.69480001926422	-9.6628439071892
0.69950002431870	-9.4041366938445
0.70420002937317	-9.1501871385274
0.70889997482300	-8.9139026488064
0.71359997987747	-8.7027926984749
0.71829998493195	-8.5179798353669
0.72299998998642	-8.3544427279521
0.72769999504089	-8.2023541087855
0.73240000009537	-8.0494352546906
0.73710000514984	-7.8840258764633
0.74180001020432	-7.6981640548772
0.74650001525879	-7.4896748119386
0.75120002031326	-7.2624872876849
0.75590002536774	-7.0251327044117
0.76059997081757	-6.7881525854798
0.76529997587204	-6.5613381073790
0.76999998092651	-6.3515511713601
0.77469998598099	-6.1614393215963
0.77939999103546	-5.9891154231969
0.78409999608994	-5.8287681058262
0.78880000114441	-5.6721373545792
0.79350000619888	-5.5106097604443
0.79820001125336	-5.3374771115236
0.80290001630783	-5.1497269367929
0.80760002136230	-4.9487629723378
0.81230002641678	-4.7398527237847
0.81699997186661	-4.5305724644099
0.82169997692108	-4.3288062330827
0.82639998197556	-4.1408491387565
0.83109998703003	-3.9700476439757
0.83579999208450	-3.8161528977045
0.84049999713898	-3.6754930320566
0.84520000219345	-3.5419273960111
0.84990000724792	-3.4084515448738
0.85460001230240	-3.2690800020352
0.85930001735687	-3.1205323892912
0.86400002241135	-2.9631769164653
0.86870002746582	-2.8009530685407
0.87339997291565	-2.6403211303596
0.87809997797012	-2.4886201989034
0.88279998302460	-2.3522706924890
0.88749998807907	-2.2352809308798
0.89219999313354	-2.1383700085997
0.89689999818802	-2.0588477099702
0.90160000324249	-1.9913523674223
0.90630000829697	-1.9293108566859
0.91100001335144	-1.8668335344347
0.91570001840591	-1.8005560447046
0.92040002346039	-1.7308732638623
0.92510002851486	-1.6621703525770
0.92979997396469	-1.6019470145533
0.93449997901917	-1.5591492602829
0.93919998407364	-1.5421646939271
0.94389998912811	-1.5570202232064
0.94859999418259	-1.6062073039734
0.95329999923706	-1.6884059605486
0.95800000429153	-1.7992568747747
0.96270000934601	-1.9331266400182
0.96740001440048	-2.0856118162396
0.97210001945496	-2.2562429869625
0.97680002450943	-2.4507239594478
0.98150002956390	-2.6820498366048
0.98619997501373	-2.9702461643590
0.99089998006821	-3.3410827495332
0.99559998512268	-3.8245633386049
1.0003000497818	-4.4542573055976
1.0049999952316	-5.2685448232125
1.0096999406815	-6.3149592668841
1.0144000053406	-7.6595102433125
1.0190999507904	-9.4049591877989
1.0238000154495	-11.726747412964
1.0284999608994	-14.931326439415
1.0332000255585	-19.239241073915
1.0378999710083	-20.886399548385
1.0426000356674	-16.663461081090
1.0472999811172	-12.848730100232
1.0520000457764	-10.093666825314
1.0566999912262	-8.0397123886916
1.0614000558853	-6.4608234300067
1.0661000013351	-5.2284947670301
1.0707999467850	-4.2640344952556
1.0755000114441	-3.5137420708809
1.0801999568939	-2.9362974249023
1.0849000215530	-2.4965343916038
1.0895999670029	-2.1628927171969
1.0943000316620	-1.9071403048724
1.0989999771118	-1.7052956050897
1.1037000417709	-1.5388744063524
1.1083999872208	-1.3956820246514
1.1131000518799	-1.2696735410014
1.1177999973297	-1.1597623632883
1.1224999427795	-1.0679105899275
1.1272000074387	-0.99698848444740
1.1318999528885	-0.94895495591908
1.1366000175476	-0.92369172561093
1.1412999629974	-0.91862850596141
1.1460000276566	-0.92912423679606
1.1506999731064	-0.94939258823261
1.1554000377655	-0.97371222987754
1.1600999832153	-0.99759463756767
1.1648000478745	-1.0186184551874
1.1694999933243	-1.0366907115112
1.1742000579834	-1.0537276650514
1.1789000034332	-1.0728065407741
1.1835999488831	-1.0971469240230
1.1883000135422	-1.1291395728141
1.1929999589920	-1.1696972234743
1.1977000236511	-1.2180539548962
1.2023999691010	-1.2720118358014
1.2071000337601	-1.3285258947937
1.2117999792099	-1.3844919625959
1.2165000438690	-1.4375109175773
1.2211999893188	-1.4864531500949
1.2259000539780	-1.5316537590336
1.2305999994278	-1.5747229470437
1.2352999448776	-1.6180200625656
1.2400000095367	-1.6639584762176
1.2446999549866	-1.7143727498289
1.2494000196457	-1.7700398946321
1.2540999650955	-1.8305472618823
1.2588000297546	-1.8944298140818
1.2634999752045	-1.9595969357804
1.2682000398636	-2.0238841150035
1.2728999853134	-2.0856126016480
1.2776000499725	-2.1440121511124
1.2822999954224	-2.1993763379560
1.2869999408722	-2.2529586342809
1.2917000055313	-2.3065866864684
1.2963999509811	-2.3621662912813
1.3011000156403	-2.4211909673803
1.3057999610901	-2.4843760275881
1.3105000257492	-2.5515144609641
1.3151999711990	-2.6215777881186
1.3199000358582	-2.6930069239569
1.3245999813080	-2.7641317917039
1.3293000459671	-2.8336149233689
1.3339999914169	-2.9007942761266
1.3387000560760	-2.9658448830080
1.3434000015259	-3.0297165548483
1.3480999469757	-3.0938801893385
1.3528000116348	-3.1599363163826
1.3574999570847	-3.2292145208895
1.3622000217438	-3.3024725442228
1.3668999671936	-3.3797303265942
1.3716000318527	-3.4603130438049
1.3762999773026	-3.5430472136248
1.3810000419617	-3.6265884807088
1.3856999874115	-3.7097817635063
1.3904000520706	-3.7919655534865
1.3950999975204	-3.8731551907609
1.3997999429703	-3.9540417734581
1.4045000076294	-4.0358299564768
1.4091999530792	-4.1199366415987
1.4139000177383	-4.2076646790865
1.4185999631882	-4.2999100975441
1.4233000278473	-4.3969752533219
1.4279999732971	-4.4985447737124
1.4327000379562	-4.6037982899676
1.4373999834061	-4.7116483420210
1.4421000480652	-4.8210449266991
1.4467999935150	-4.9312619339774
1.4515000581741	-5.0421152722324
1.4562000036240	-5.1540331836145
1.4608999490738	-5.2679899938431
1.4656000137329	-5.3852995633356
1.4702999591827	-5.5073234128955
1.4750000238419	-5.6351986227830
1.4796999692917	-5.7696049430277
1.4844000339508	-5.9106492228054
1.4890999794006	-6.0578978162593
1.4938000440598	-6.2105121051680
1.4984999895096	-6.3675025110806
1.5032000541687	-6.5280090894360
1.5078999996185	-6.6915628633104
1.5125999450684	-6.8582596805775
1.5173000097275	-7.0288017601329
1.5219999551773	-7.2043912939905
1.5267000198364	-7.3865096762407
1.5313999652863	-7.5766284792823
1.5361000299454	-7.7759268500683
1.5407999753952	-7.9850741873353
1.5455000400543	-8.2041186730421
1.5501999855042	-8.4325248819609
1.5549000501633	-8.6693332305387
1.5595999956131	-8.9134376856487
1.5642999410629	-9.1639016724396
1.5690000057220	-9.4202617517959
1.5736999511719	-9.6827271914068
1.5784000158310	-9.9522298680357
1.5830999612808	-10.230304625353
1.5878000259399	-10.518821848475
1.5924999713898	-10.819628129478
1.5972000360489	-11.134187596291
1.6018999814987	-11.463282933682
1.6066000461578	-11.806853068768
1.6112999916077	-12.164008889005
1.6160000562668	-12.533222514111
1.6207000017166	-12.912682023141
1.6253999471664	-13.300732348612
1.6301000118256	-13.696302102294
1.6347999572754	-14.099214074814
1.6395000219345	-14.510256165752
1.6441999673843	-14.931037975202
1.6489000320435	-15.363546033593
1.6535999774933	-15.809598609199
1.6583000421524	-16.270230435555
1.6629999876022	-16.745128333534
1.6677000522614	-17.232259589657
1.6723999977112	-17.727720698594
1.6770999431610	-18.225821173687
1.6818000078201	-18.719485082028
1.6864999532700	-19.200785044997
1.6912000179291	-19.661611933458
1.6958999633789	-20.094258908601
1.7006000280380	-20.491869695135
1.7052999734879	-20.848684843658
1.7100000381470	-21.160065286092
1.7146999835968	-21.422525280377
1.7194000482559	-21.633662251601
1.7240999937057	-21.792182875266
1.7288000583649	-21.897905934175
1.7335000038147	-21.951709218472
1.7381999492645	-21.955379148503
1.7429000139236	-21.911541309502
1.7475999593735	-21.823615489176
1.7523000240326	-21.695983806222
1.7569999694824	-21.534157910670
1.7617000341415	-21.344868562238
1.7663999795914	-21.135923901644
1.7711000442505	-20.915760550862
1.7757999897003	-20.692744441244
1.7805000543594	-20.474358896361
1.7851999998093	-20.266477717122
1.7898999452591	-20.072858818664
1.7946000099182	-19.894960748065
1.7992999553680	-19.732118179316
1.8040000200272	-19.582048807879
1.8086999654770	-19.441624713412
1.8134000301361	-19.307761757094
1.8180999755859	-19.178268289831
1.8228000402451	-19.052433013059
1.8274999856949	-18.931217816737
1.8322000503540	-18.817031429950
1.8368999958038	-18.713111347801
1.8415999412537	-18.622755788727
1.8463000059128	-18.548578555009
1.8509999513626	-18.491897494308
1.8557000160217	-18.452518358948
1.8603999614716	-18.428754085558
1.8651000261307	-18.417883854480
1.8697999715805	-18.416721522309
1.8745000362396	-18.422429935856
1.8791999816895	-18.433178925166
1.8839000463486	-18.448597201122
1.8885999917984	-18.469884421597
1.8933000564575	-18.499527911542
1.8980000019073	-18.540717940220
1.9026999473572	-18.596615382653
1.9074000120163	-18.669697452598
1.9120999574661	-18.761247173186
1.9168000221252	-18.871152622226
1.9214999675751	-18.998044403245
1.9262000322342	-19.139665988606
1.9308999776840	-19.293547813112
1.9356000423431	-19.457689256861
1.9402999877930	-19.631247627392
1.9450000524521	-19.814904345110
1.9496999979019	-20.010973074796
1.9543999433517	-20.223063773207
1.9591000080109	-20.455525705333
1.9637999534607	-20.712725017556
1.9685000181198	-20.998397136093
1.9731999635696	-21.315163040364
1.9779000282288	-21.664296560453
1.9825999736786	-22.045860319647
1.9873000383377	-22.459040287929
1.9919999837875	-22.902822110081
1.9967000484467	-23.376688779414
2.0013999938965	-23.881336652476
2.0060999393463	-24.419096433132
2.0107998847961	-24.993840360838
2.0155000686646	-25.610300972430
2.0202000141144	-26.272577803303
2.0248999595642	-26.981683039981
2.0295999050140	-27.731745154023
2.0343000888824	-28.504499580458
2.0390000343323	-29.261878851848
2.0436999797821	-29.938831084703
2.0483999252319	-30.443519208112
2.0531001091003	-30.677232644113
2.0578000545502	-30.576570796920
2.0625000000000	-30.149529179816
2.0671999454498	-29.468622311345
2.0718998908997	-28.629388304519
2.0766000747681	-27.714584026090
2.0813000202179	-26.781962571914
2.0859999656677	-25.867108949949
2.0906999111176	-24.990331485104
2.0954000949860	-24.162282334992
2.1001000404358	-23.387609271474
2.1047999858856	-22.667022956745
2.1094999313354	-21.998566317590
2.1142001152039	-21.378433262646
2.1189000606537	-20.801651229858
2.1236000061035	-20.262771890525
2.1282999515533	-19.756467026691
2.1329998970032	-19.278128749507
2.1377000808716	-18.824280162664
2.1424000263214	-18.392733519057
2.1470999717712	-17.982572844254
2.1517999172211	-17.593836743842
2.1565001010895	-17.227066772825
2.1612000465393	-16.882845847945
2.1658999919891	-16.561349064104
2.1705999374390	-16.262070984448
2.1752998828888	-15.983722804117
2.1800000667572	-15.724343555240
2.1847000122070	-15.481545178380
2.1893999576569	-15.252868271411
2.1940999031067	-15.036189685892
2.1988000869751	-14.830003171555
2.2035000324249	-14.633599944535
2.2081999778748	-14.447052731625
2.2128999233246	-14.271030323288
2.2176001071930	-14.106478388751
2.2223000526428	-13.954255056318
2.2269999980927	-13.814846547841
2.2316999435425	-13.688135362992
2.2363998889923	-13.573367984606
2.2411000728607	-13.469243961858
2.2458000183105	-13.374168315453
2.2504999637604	-13.286556075476
2.2551999092102	-13.205124915560
2.2599000930786	-13.129156233047
2.2646000385284	-13.058565002626
2.2692999839783	-12.993867096170
2.2739999294281	-12.935960725297
2.2787001132965	-12.885852403635
2.2834000587463	-12.844350264901
2.2881000041962	-12.811836747395
2.2927999496460	-12.788124361729
2.2974998950958	-12.772490493238
2.3022000789642	-12.763801933895
2.3069000244141	-12.760783127269
2.3115999698639	-12.762298205701
2.3162999153137	-12.767605376682
2.3210000991821	-12.776508485756
2.3257000446320	-12.789398715600
2.3303999900818	-12.807123153595
2.3350999355316	-12.830752643738
2.3397998809814	-12.861311889164
2.3445000648499	-12.899510366590
2.3492000102997	-12.945569007797
2.3538999557495	-12.999164461232
2.3585999011993	-13.059508724363
2.3633000850677	-13.125551612605
2.3680000305176	-13.196247985199
2.3726999759674	-13.270826751116
2.3773999214172	-13.348998061374
2.3821001052856	-13.431059686531
2.3868000507355	-13.517830518650
2.3914999961853	-13.610479888213
2.3961999416351	-13.710265357736
2.4008998870850	-13.818242411703
2.4056000709534	-13.935057698781
2.4103000164032	-14.060803198022
2.4149999618530	-14.195046666482
2.4196999073029	-14.336968856262
2.4244000911713	-14.485615643139
2.4291000366211	-14.640197389922
2.4337999820709	-14.800333494038
2.4384999275208	-14.966261824036
2.4432001113892	-15.138847082583
2.4479000568390	-15.319470336533
2.4526000022888	-15.509794134750
2.4572999477386	-15.711453274574
2.4619998931885	-15.925775076348
2.4667000770569	-16.153557583671
2.4714000225067	-16.394988657838
2.4760999679565	-16.649715345885
2.4807999134064	-16.917063544791
2.4855000972748	-17.196340898894
2.4902000427246	-17.487179462121
2.4948999881744	-17.789847514249
2.4995999336243	-18.105402718305
2.5043001174927	-18.435690086371
2.5090000629425	-18.783191075796
2.5137000083923	-19.150682331564
2.5183999538422	-19.540857154900
2.5230998992920	-19.955941832310
2.5278000831604	-20.397405929224
2.5325000286102	-20.865776297821
2.5371999740601	-21.360620374354
2.5418999195099	-21.880562446531
2.5466001033783	-22.423424895005
2.5513000488281	-22.986197726916
2.5559999942780	-23.564792691970
2.5606999397278	-24.153364560477
2.5653998851776	-24.743076711958
2.5701000690460	-25.320340032552
2.5748000144958	-25.864810004826
2.5794999599457	-26.348083838078
2.5841999053955	-26.734600622883
2.5889000892639	-26.986475916478
2.5936000347137	-27.072575127949
2.5982999801636	-26.978561298787
2.6029999256134	-26.712090841438
2.6077001094818	-26.299585076724
2.6124000549316	-25.777103435983
2.6171000003815	-25.180942072102
2.6217999458313	-24.542049458231
2.6264998912811	-23.884247651073
2.6312000751495	-23.224841277200
2.6359000205994	-22.576037428789
2.6405999660492	-21.946167829337
2.6452999114990	-21.340696483814
2.6500000953674	-20.762781839265
2.6547000408173	-20.213666280522
2.6593999862671	-19.693044493213
2.6640999317169	-19.199355847727
2.6688001155853	-18.730214309330
2.6735000610352	-18.282820201248
2.6782000064850	-17.854439251137
2.6828999519348	-17.442743694845
2.6875998973846	-17.046087116777
2.6923000812531	-16.663616851795
2.6970000267029	-16.295133207307
2.7016999721527	-15.940895156095
2.7063999176025	-15.601308592460
2.7111001014709	-15.276598565500
2.7158000469208	-14.966598929743
2.7204999923706	-14.670610654852
2.7251999378204	-14.387442140511
2.7298998832703	-14.115539476397
2.7346000671387	-13.853242043396
2.7393000125885	-13.599041764139
2.7439999580383	-13.351809537014
2.7486999034882	-13.110936662110
2.7534000873566	-12.876352571632
2.7581000328064	-12.648404710483
2.7627999782562	-12.427651850031
2.7674999237061	-12.214630262090
2.7722001075745	-12.009634988453
2.7769000530243	-11.812556518922
2.7815999984741	-11.622872819238
2.7862999439240	-11.439701393922
2.7909998893738	-11.261973453042
2.7957000732422	-11.088647220676
2.8004000186920	-10.918898022844
2.8050999641418	-10.752281578203
2.8097999095917	-10.588772700261
2.8145000934601	-10.428708244932
2.8192000389099	-10.272645025304
2.8238999843597	-10.121157961120
2.8285999298096	-9.9746686907285
2.8333001136780	-9.8332744923452
2.8380000591278	-9.6967212042590
2.8427000045776	-9.5644331067156
2.8473999500275	-9.4356253033779
2.8520998954773	-9.3094998711739
2.8568000793457	-9.1854129922634
2.8615000247955	-9.0630050305850
2.8661999702454	-8.9422797284640
2.8708999156952	-8.8235541727017
2.8756000995636	-8.7073525910911
2.8803000450134	-8.5942428449974
2.8849999904633	-8.4846650671852
2.8896999359131	-8.3788074201424
2.8943998813629	-8.2765312771776
2.8991000652313	-8.1774130227892
2.9038000106812	-8.0808395821972
2.9084999561310	-7.9861456728161
2.9131999015808	-7.8927966156229
2.9179000854492	-7.8004968420550
2.9226000308990	-7.7092584080584
2.9272999763489	-7.6193785193442
2.9319999217987	-7.5313499348094
2.9367001056671	-7.4457010521444
2.9414000511169	-7.3628727678261
2.9460999965668	-7.2830667325644
2.9507999420166	-7.2062091097572
2.9554998874664	-7.1319494120494
2.9602000713348	-7.0597626726337
2.9649000167847	-6.9890772640467
2.9695999622345	-6.9194175098486
2.9742999076843	-6.8505204101790
2.9790000915527	-6.7824030959469
2.9837000370026	-6.7153416872350
2.9883999824524	-6.6497848888493
2.9930999279022	-6.5862340077090
2.9978001117706	-6.5250960233480
3.0025000572205	-6.4665716001135
3.0072000026703	-6.4106059630938
3.0118999481201	-6.3568883687699
3.0165998935699	-6.3049465267666
3.0213000774384	-6.2542516274049
3.0260000228882	-6.2043736786803
3.0306999683380	-6.1550685888050
3.0353999137878	-6.1063536765355
3.0401000976562	-6.0584828460080
3.0448000431061	-6.0118789496487
3.0494999885559	-5.9670061785786
3.0541999340057	-5.9242464798534
3.0589001178741	-5.8837898509421
3.0636000633240	-5.8455786309307
3.0683000087738	-5.8093279702235
3.0729999542236	-5.7745896346773
3.0776998996735	-5.7408722903600
3.0824000835419	-5.7077648101861
3.0871000289917	-5.6750445875575
3.0917999744415	-5.6427283967143
3.0964999198914	-5.6110614716572
3.1012001037598	-5.5804438798169
3.1059000492096	-5.5513138548061
3.1105999946594	-5.5240362519202
3.1152999401093	-5.4987834025192
3.1199998855591	-5.4755040383000
3.1247000694275	-5.4539098904558
3.1294000148773	-5.4335828929387
3.1340999603271	-5.4140411034766
3.1387999057770	-5.3949041146667
3.1435000896454	-5.3759623828083
3.1482000350952	-5.3572341341593
3.1528999805450	-5.3389621072259
3.1575999259949	-5.3215345322262
3.1623001098633	-5.3053704856475
3.1670000553131	-5.2908103748658
3.1717000007629	-5.2780170844227
3.1763999462128	-5.2669195534700
3.1810998916626	-5.2572354043048
3.1858000755310	-5.2485410436010
3.1905000209808	-5.2403714761954
3.1951999664307	-5.2323519544180
3.1998999118805	-5.2242758918333
3.2046000957489	-5.2161760728121
3.2093000411987	-5.2082827908847
3.2139999866486	-5.2009681594850
3.2186999320984	-5.1946357803384
3.2234001159668	-5.1895960433586
3.2281000614166	-5.1859795458653
3.2328000068665	-5.1836851199985
3.2374999523163	-5.1824056271438
3.2421998977661	-5.1816910101784
3.2469000816345	-5.1810635398515
3.2516000270844	-5.1801296294181
3.2562999725342	-5.1786829185262
3.2609999179840	-5.1767277827045
3.2657001018524	-5.1744850276791
3.2704000473022	-5.1722857971949
3.2750999927521	-5.1704939326434
3.2797999382019	-5.1693552459881
3.2844998836517	-5.1689326263263
3.2892000675201	-5.1690499880858
3.2939000129700	-5.1693245893540
3.2985999584198	-5.1692401809336
3.3032999038696	-5.1682557478405
3.3080000877380	-5.1659314077946
3.3127000331879	-5.1620146175219
3.3173999786377	-5.1564737954503
3.3220999240875	-5.1494753950985
3.3268001079559	-5.1413017465936
3.3315000534058	-5.1322291717235
3.3361999988556	-5.1224273901198
3.3408999443054	-5.1118474968480
3.3455998897552	-5.1002213452696
3.3503000736237	-5.0870728167905
3.3550000190735	-5.0718217460490
3.3596999645233	-5.0538972163947
3.3643999099731	-5.0328583210880
3.3691000938416	-5.0084838121877
3.3738000392914	-4.9807972737378
3.3784999847412	-4.9500268468440
3.3831999301910	-4.9165184175299
3.3879001140594	-4.8806233800506
3.3926000595093	-4.8425799538570
3.3973000049591	-4.8024431687421
3.4019999504089	-4.7600758248784
3.4066998958588	-4.7151927420770
3.4114000797272	-4.6674635317662
3.4161000251770	-4.6166369562790
3.4207999706268	-4.5626359673498
3.4254999160767	-4.5056348870011
3.4302000999451	-4.4460630924044
3.4349000453949	-4.3845443229839
3.4395999908447	-4.3217990919566
3.4442999362946	-4.2585220214673
3.4489998817444	-4.1952786228508
3.4537000656128	-4.1324507215373
3.4584000110626	-4.0702191951878
3.4630999565125	-4.0086245177402
3.4677999019623	-3.9476512773047
3.4725000858307	-3.8873260058788
3.4772000312805	-3.8278057755503
3.4818999767303	-3.7694202736108
3.4865999221802	-3.7126636129311
3.4913001060486	-3.6581368918279
3.4960000514984	-3.6064518031737
3.5006999969482	-3.5581376832446
3.5053999423981	-3.5135496736390
3.5100998878479	-3.4728334728488
3.5148000717163	-3.4359186090365
3.5195000171661	-3.4025865341397
3.5241999626160	-3.3725391513867
3.5288999080658	-3.3455078116394
3.5336000919342	-3.3213218374930
3.5383000373840	-3.2999658144949
3.5429999828339	-3.2815708887985
3.5476999282837	-3.2663783075704
3.5524001121521	-3.2546589278588
3.5571000576019	-3.2466249166362
3.5618000030518	-3.2423605787563
3.5664999485016	-3.2417740819167
3.5711998939514	-3.2446051102485
3.5759000778198	-3.2504671280854
3.5806000232697	-3.2589255991551
3.5852999687195	-3.2695800390345
3.5899999141693	-3.2821552736285
3.5947000980377	-3.2965353623131
3.5994000434875	-3.3127820903161
3.6040999889374	-3.3310781581209
3.6087999343872	-3.3516695488562
3.6135001182556	-3.3747667140971
3.6182000637054	-3.4004712363584
3.6229000091553	-3.4287276545046
3.6275999546051	-3.4593119101915
3.6322999000549	-3.4918784666653
3.6370000839233	-3.5260245697248
3.6417000293732	-3.5613850895987
3.6463999748230	-3.5977094734606
3.6510999202728	-3.6349172658457
3.6558001041412	-3.6731080220226
3.6605000495911	-3.7125182836548
3.6651999950409	-3.7534550012867
3.6698999404907	-3.7961935243959
3.6745998859406	-3.8409015716899
3.6793000698090	-3.8875810629499
3.6840000152588	-3.9360529310346
3.6886999607086	-3.9859944217916
3.6933999061584	-4.0370178791581
3.6981000900269	-4.0887608137118
3.7028000354767	-4.1409758427447
3.7074999809265	-4.1935923258064
3.7121999263763	-4.2467258748816
3.7169001102448	-4.3006489402751
3.7216000556946	-4.3557017797557
3.7263000011444	-4.4122011736966
3.7309999465942	-4.4703433325104
3.7356998920441	-4.5301346485646
3.7404000759125	-4.5913817612063
3.7451000213623	-4.6537268031440
3.7497999668121	-4.7167240897918
3.7544999122620	-4.7799532542250
3.7592000961304	-4.8431143473692
3.7639000415802	-4.9060978388568
3.7685999870300	-4.9690052779842
3.7732999324799	-5.0321038413415
3.7780001163483	-5.0957439716071
3.7827000617981	-5.1602423242025
3.7874000072479	-5.2257717036403
3.7920999526978	-5.2922921534028
3.7967998981476	-5.3595278103527
3.8015000820160	-5.4270127411584
3.8062000274658	-5.4941880790328
3.8108999729156	-5.5605185829844
3.8155999183655	-5.6256196556688
3.8203001022339	-5.6893258603284
3.8250000476837	-5.7517193448065
3.8296999931335	-5.8130734350567
3.8343999385834	-5.8737473774348
3.8390998840332	-5.9340533762366
3.8438000679016	-5.9941341744355
3.8485000133514	-6.0538798514080
3.8531999588013	-6.1129185669419
3.8578999042511	-6.1706773813306
3.8626000881195	-6.2265006161402
3.8673000335693	-6.2798012465833
3.8719999790192	-6.3301889151291
3.8766999244690	-6.3775647138839
3.8814001083374	-6.4221144197209
3.8861000537872	-6.4642486590272
3.8907999992371	-6.5044587220198
3.8954999446869	-6.5431629344510
3.9001998901367	-6.5805749038947
3.9049000740051	-6.6166185051061
3.9096000194550	-6.6509457371066
3.9142999649048	-6.6830173711699
3.9189999103546	-6.7122567498270
3.9237000942230	-6.7382095182786
3.9284000396729	-6.7606920240233
3.9330999851227	-6.7798500570471
3.9377999305725	-6.7961437988708
3.9425001144409	-6.8102432095049
3.9472000598907	-6.8228575201307
3.9519000053406	-6.8345694946920
3.9565999507904	-6.8456995413456
3.9612998962402	-6.8562484471438
3.9660000801086	-6.8659266782520
3.9707000255585	-6.8742753408070
3.9753999710083	-6.8808267485124
3.9800999164581	-6.8852767013265
3.9848001003265	-6.8876154074795
3.9895000457764	-6.8881658226147
3.9941999912262	-6.8875479253213
3.9988999366760	-6.8865359360546
4.0036001205444	-6.8858948546780
4.0082998275757	-6.8862032403502
4.0130000114441	-6.8877359300265
4.0177001953125	-6.8904244612345
4.0223999023438	-6.8939147292467
4.0271000862122	-6.8976916574457
4.0317997932434	-6.9012611428545
4.0364999771118	-6.9043108852511
4.0412001609802	-6.9068323903436
4.0458998680115	-6.9091571627976
4.0506000518799	-6.9118841178760
4.0553002357483	-6.9157548582296
4.0599999427795	-6.9214656717174
4.0647001266479	-6.9295038882004
4.0693998336792	-6.9400378734040
4.0741000175476	-6.9528874234867
4.0788002014160	-6.9675904142267
4.0834999084473	-6.9835361615370
4.0882000923157	-7.0001548910178
4.0928997993469	-7.0170759500122
4.0975999832153	-7.0342506404181
4.1023001670837	-7.0519812721542
4.1069998741150	-7.0708495207807
4.1117000579834	-7.0915711637851
4.1163997650146	-7.1148170273850
4.1210999488831	-7.1410378071644
4.1258001327515	-7.1703473851445
4.1304998397827	-7.2025045388316
4.1352000236511	-7.2369705335957
4.1399002075195	-7.2730643994402
4.1445999145508	-7.3101525701037
4.1493000984192	-7.3478222036520
4.1539998054504	-7.3860111900930
4.1586999893188	-7.4250405565476
4.1634001731873	-7.4655346573259
4.1680998802185	-7.5082734092900
4.1728000640869	-7.5539930577295
4.1774997711182	-7.6031921621581
4.1821999549866	-7.6560141199529
4.1869001388550	-7.7122112920318
4.1915998458862	-7.7712152067947
4.1963000297546	-7.8322989154099
4.2010002136230	-7.8947841529832
4.2056999206543	-7.9582484941124
4.2104001045227	-8.0226609536272
4.2150998115540	-8.0884263520438
4.2197999954224	-8.1563032769769
4.2245001792908	-8.2272329817694
4.2291998863220	-8.3021056018986
4.2339000701904	-8.3815451182078
4.2385997772217	-8.4657479397597
4.2432999610901	-8.5544282055379
4.2480001449585	-8.6468907386280
4.2526998519897	-8.7422034061129
4.2574000358582	-8.8394308141389
4.2621002197266	-8.9378833273967
4.2667999267578	-9.0372875325526
4.2715001106262	-9.1378551292467
4.2761998176575	-9.2402077584124
4.2809000015259	-9.3451722610152
4.2856001853943	-9.4535234683184
4.2902998924255	-9.5657175372397
4.2950000762939	-9.6817082623705
4.2996997833252	-9.8008849114275
4.3043999671936	-9.9221755551934
4.3091001510620	-10.044278436174
4.3137998580933	-10.165980905266
4.3185000419617	-10.286486182517
4.3232002258301	-10.405633999170
4.3278999328613	-10.523977116078
4.3326001167297	-10.642644001933
4.3372998237610	-10.763059985723
4.3420000076294	-10.886562795029
4.3467001914978	-11.014044001578
4.3513998985291	-11.145695544507
4.3561000823975	-11.280949459583
4.3607997894287	-11.418606424196
4.3654999732971	-11.557170475805
4.3702001571655	-11.695264380799
4.3748998641968	-11.832058842492
4.3796000480652	-11.967547840637
4.3843002319336	-12.102618791198
4.3889999389648	-12.238841897673
4.3937001228333	-12.378075604625
4.3983998298645	-12.521952236508
4.4031000137329	-12.671423908686
4.4078001976013	-12.826455837630
4.4124999046326	-12.985989017609
4.4172000885010	-13.148172492322
4.4218997955322	-13.310837640262
4.4265999794006	-13.472102201501
4.4313001632690	-13.630931843504
4.4359998703003	-13.787485761312
4.4407000541687	-13.943122899857
4.4454002380371	-14.100046494605
4.4500999450684	-14.260683710294
4.4548001289368	-14.426955620912
4.4594998359680	-14.599667376731
4.4642000198364	-14.778158820551
4.4689002037048	-14.960354368254
4.4735999107361	-15.143185567802
4.4783000946045	-15.323385674893
4.4829998016357	-15.498368171114
4.4876999855042	-15.666997732078
4.4924001693726	-15.829939902605
4.4970998764038	-15.989469882377
4.5018000602722	-16.148747824284
4.5064997673035	-16.310767924091
4.5111999511719	-16.477317610026
4.5159001350403	-16.648209168331
4.5205998420715	-16.821017743952
4.5253000259399	-16.991470142572
4.5300002098083	-17.154405944407
4.5346999168396	-17.305132432328
4.5394001007080	-17.440746060231
4.5440998077393	-17.560973373002
4.5487999916077	-17.668173588877
4.5535001754761	-17.766428151188
4.5581998825073	-17.860064521952
4.5629000663757	-17.952042524780
4.5675997734070	-18.042762285118
4.5722999572754	-18.129594854581
4.5770001411438	-18.207369275732
4.5816998481750	-18.269719837028
4.5864000320435	-18.310969708604
4.5911002159119	-18.327968564765
4.5957999229431	-18.321177034155
4.6005001068115	-18.294554743693
4.6051998138428	-18.254270497660
4.6098999977112	-18.206719763227
4.6146001815796	-18.156582372215
4.6192998886108	-18.105540034610
4.6240000724792	-18.051925608231
4.6286997795105	-17.991405686035
4.6333999633789	-17.918538014937
4.6381001472473	-17.828683399299
4.6427998542786	-17.719773533089
4.6475000381470	-17.593184313016
4.6522002220154	-17.453495159641
4.6568999290466	-17.307183519312
4.6616001129150	-17.160808353476
4.6662998199463	-17.019287597648
4.6710000038147	-16.884768570579
4.6757001876831	-16.756328581862
4.6803998947144	-16.630512616485
4.6851000785828	-16.502567514298
4.6897997856140	-16.368013734646
4.6944999694824	-16.224143499936
4.6992001533508	-16.070950134182
4.7038998603821	-15.911220399106
4.7086000442505	-15.749716232970
4.7133002281189	-15.591840864716
4.7179999351501	-15.442169568458
4.7227001190186	-15.303323150936
4.7273998260498	-15.175410311320
4.7321000099182	-15.056134411787
4.7368001937866	-14.941556894501
4.7414999008179	-14.827245075074
4.7462000846863	-14.709604909017
4.7508997917175	-14.586948842382
4.7555999755859	-14.460021547843
4.7603001594543	-14.331790469136
4.7649998664856	-14.206573064969
4.7697000503540	-14.088839681554
4.7744002342224	-13.982030827959
4.7790999412537	-13.887663628353
4.7838001251221	-13.805020818977
4.7884998321533	-13.731377582267
4.7932000160217	-13.662749952290
4.7979001998901	-13.595016969762
4.8025999069214	-13.525053152081
4.8073000907898	-13.451675158736
4.8119997978210	-13.375970974520
4.8166999816895	-13.300982342080
4.8214001655579	-13.230818502350
4.8260998725891	-13.169451565929
4.8308000564575	-13.119552932589
4.8354997634888	-13.081671246441
4.8401999473572	-13.053892539133
4.8449001312256	-13.032105954866
4.8495998382568	-13.010804012799
4.8543000221252	-12.984299695860
4.8590002059937	-12.948053044650
4.8636999130249	-12.899747473094
4.8684000968933	-12.839782354638
4.8730998039246	-12.770975927029
4.8777999877930	-12.697621062698
4.8825001716614	-12.624207646378
4.8871998786926	-12.554214987726
4.8919000625610	-12.489314313852
4.8965997695923	-12.429152473188
4.9012999534607	-12.371713959007
4.9060001373291	-12.314169228407
4.9106998443604	-12.253950225119
4.9154000282288	-12.189735662133
4.9201002120972	-12.122031574409
4.9247999191284	-12.053183554876
4.9295001029968	-11.986793332352
4.9341998100281	-11.926721664813
4.9388999938965	-11.876048260060
4.9436001777649	-11.836177913838
4.9482998847961	-11.806425573216
4.9530000686646	-11.784103787255
4.9576997756958	-11.765145226386
4.9623999595642	-11.745125313523
4.9671001434326	-11.720428247768
4.9717998504639	-11.689244213770
4.9765000343323	-11.652062406995
4.9812002182007	-11.611471669107
4.9858999252319	-11.571321314918
4.9906001091003	-11.535512745529
4.9952998161316	-11.506738050730
5.0000000000000	-11.485560754636
#Parameters = {R_fat=48; R_glandular=38; R_skin_outer=50; T10=5; T15=7.5; T5=2.5; T_rad=4; T_x=10; T_y=0; T_z=75; Zc=65; skin_thickness=2; Mesh Pass=5}
#"Frequency / GHz"	"S1,1 (Mesh Pass=5) [Magnitude / dB]"
#-------------------------------------------------------
0.30000001192093	-23.076822206588
0.30469998717308	-24.060568175249
0.30939999222755	-24.314541975102
0.31409999728203	-23.763744426968
0.31880000233650	-22.869523280783
0.32350000739098	-22.100954046513
0.32820001244545	-21.712605407904
0.33289998769760	-21.839606569194
0.33759999275208	-22.604321404117
0.34229999780655	-24.183322599429
0.34700000286102	-26.743269451525
0.35170000791550	-28.967760161780
0.35640001296997	-26.299534575874
0.36109998822212	-21.871667625060
0.36579999327660	-18.294015029819
0.37049999833107	-15.518052635250
0.37520000338554	-13.330589027171
0.37990000844002	-11.600333771962
0.38460001349449	-10.253568703537
0.38929998874664	-9.2468216443548
0.39399999380112	-8.5494973390270
0.39869999885559	-8.1342026654906
0.40340000391006	-7.9731518955480
0.40810000896454	-8.0388843482187
0.41280001401901	-8.3069692570587
0.41749998927116	-8.7585461923876
0.42219999432564	-9.3813411906747
0.42689999938011	-10.168214640889
0.43160000443459	-11.111972328637
0.43630000948906	-12.193550466474
0.44100001454353	-13.358838352227
0.44569998979568	-14.483545440182
0.45039999485016	-15.355658334664
0.45509999990463	-15.758538315056
0.45980000495911	-15.655591066981
0.46450001001358	-15.234223452289
0.46919998526573	-14.734978746601
0.47389999032021	-14.319852861282
0.47859999537468	-14.064993255234
0.48330000042915	-13.994290090587
0.48800000548363	-14.104327904473
0.49270001053810	-14.374303131985
0.49739998579025	-14.765033026423
0.50209999084473	-15.212018435264
0.50679999589920	-15.621209486231
0.51150000095367	-15.883240423869
0.51620000600815	-15.917052596748
0.52090001106262	-15.717841252089
0.52560001611710	-15.358647457998
0.53030002117157	-14.943175532517
0.53500002622604	-14.559713911106
0.53969997167587	-14.264110597339
0.54439997673035	-14.082500223736
0.54909998178482	-14.018395651674
0.55379998683929	-14.057126570273
0.55849999189377	-14.166989788117
0.56319999694824	-14.299924655651
0.56790000200272	-14.396631408138
0.57260000705719	-14.400668296862
0.57730001211166	-14.279056766258
0.58200001716614	-14.036620053315
0.58670002222061	-13.711870329372
0.59140002727509	-13.358117619093
0.59609997272491	-13.024455729657
0.60079997777939	-12.745528526763
0.60549998283386	-12.539169988658
0.61019998788834	-12.407496548937
0.61489999294281	-12.338553276814
0.61959999799728	-12.308133792876
0.62430000305176	-12.283019624259
0.62900000810623	-12.227387508089
0.63370001316071	-12.112374419708
0.63840001821518	-11.925448990008
0.64310002326965	-11.674241440062
0.64780002832413	-11.382356456047
0.65249997377396	-11.080151716569
0.65719997882843	-10.795723666680
0.66189998388290	-10.549218687256
0.66659998893738	-10.350479614044
0.67129999399185	-10.198782000672
0.67599999904633	-10.083710989092
0.68070000410080	-9.9871902045829
0.68540000915527	-9.8870197517506
0.69010001420975	-9.7620684284238
0.69480001926422	-9.5979857738429
0.69950002431870	-9.3912708347280
0.70420002937317	-9.1497269117696
0.70889997482300	-8.8891986923814
0.71359997987747	-8.6284140251693
0.71829998493195	-8.3841315238072
0.72299998998642	-8.1678212363360
0.72769999504089	-7.9840230775009
0.73240000009537	-7.8300561610920
0.73710000514984	-7.6968741904018
0.74180001020432	-7.5710451716535
0.74650001525879	-7.4378224761645
0.75120002031326	-7.2848277671283
0.75590002536774	-7.1053087753196
0.76059997081757	-6.8998003652099
0.76529997587204	-6.6755240474664
0.76999998092651	-6.4439470280701
0.77469998598099	-6.2175351648600
0.77939999103546	-6.0067975189860
0.78409999608994	-5.8181921318255
0.78880000114441	-5.6530891952586
0.79350000619888	-5.5077373052927
0.79820001125336	-5.3742174212406
0.80290001630783	-5.2423120689992
0.80760002136230	-5.1020044200266
0.81230002641678	-4.9460563322526
0.81699997186661	-4.7718730772541
0.82169997692108	-4.5820403803135
0.82639998197556	-4.3834075666000
0.83109998703003	-4.1851017254504
0.83579999208450	-3.9962107967983
0.84049999713898	-3.8237030866164
0.84520000219345	-3.6710256399545
0.84990000724792	-3.5374803655856
0.85460001230240	-3.4185037059606
0.85930001735687	-3.3067990161757
0.86400002241135	-3.1941488623612
0.86870002746582	-3.0735516519154
0.87339997291565	-2.9411129679638
0.87809997797012	-2.7970951277419
0.88279998302460	-2.6458296056557
0.88749998807907	-2.4945348650857
0.89219999313354	-2.3514766775369
0.89689999818802	-2.2239781274669
0.90160000324249	-2.1167861255944
0.90630000829697	-2.0310595101888
0.91100001335144	-1.9642024626649
0.91570001840591	-1.9105466248009
0.92040002346039	-1.8628528858413
0.92510002851486	-1.8142780655024
0.92979997396469	-1.7604022542470
0.93449997901917	-1.7006604839174
0.93919998407364	-1.6387833415893
0.94389998912811	-1.5820682324089
0.94859999418259	-1.5397421888662
0.95329999923706	-1.5208849175969
0.95800000429153	-1.5324940643744
0.96270000934601	-1.5781108113413
0.96740001440048	-1.6573247271895
0.97210001945496	-1.7662740521392
0.97680002450943	-1.8991727746108
0.98150002956390	-2.0506113867749
0.98619997501373	-2.2182505133690
0.99089998006821	-2.4052281521023
0.99559998512268	-2.6216249695493
1.0003000497818	-2.8846163522041
1.0049999952316	-3.2174111964261
1.0096999406815	-3.6476568867685
1.0144000053406	-4.2062575197391
1.0190999507904	-4.9275592762853
1.0238000154495	-5.8518515737776
1.0284999608994	-7.0311849082170
1.0332000255585	-8.5402121400183
1.0378999710083	-10.494521748004
1.0426000356674	-13.071256320399
1.0472999811172	-16.411673661096
1.0520000457764	-19.277223883167
1.0566999912262	-17.615258532541
1.0614000558853	-14.022472011515
1.0661000013351	-11.082613250763
1.0707999467850	-8.8441676338645
1.0755000114441	-7.1143830047800
1.0801999568939	-5.7584495511060
1.0849000215530	-4.6905282631897
1.0895999670029	-3.8526689108867
1.0943000316620	-3.2016303906700
1.0989999771118	-2.7016493592762
1.1037000417709	-2.3209620010950
1.1083999872208	-2.0307820567548
1.1131000518799	-1.8057731419211
1.1177999973297	-1.6251780560732
1.1224999427795	-1.4738622734449
1.1272000074387	-1.3426863562578
1.1318999528885	-1.2279262650160
1.1366000175476	-1.1298309614328
1.1412999629974	-1.0506925468758
1.1460000276566	-0.99292206625726
1.1506999731064	-0.95757663048325
1.1554000377655	-0.94355143865392
1.1600999832153	-0.94752478120002
1.1648000478745	-0.96452779386353
1.1694999933243	-0.98892983969872
1.1742000579834	-1.0155890752776
1.1789000034332	-1.0408602369514
1.1835999488831	-1.0632135383216
1.1883000135422	-1.0832842284632
1.1929999589920	-1.1033901611861
1.1977000236511	-1.1266646705417
1.2023999691010	-1.1560631718650
1.2071000337601	-1.1935168303306
1.2117999792099	-1.2394470747739
1.2165000438690	-1.2926683002932
1.2211999893188	-1.3507295030922
1.2259000539780	-1.4105350830092
1.2305999994278	-1.4691081888379
1.2352999448776	-1.5243073175569
1.2400000095367	-1.5753139024257
1.2446999549866	-1.6227455504636
1.2494000196457	-1.6684077633165
1.2540999650955	-1.7147529498352
1.2588000297546	-1.7641879373875
1.2634999752045	-1.8184543459469
1.2682000398636	-1.8782144132465
1.2728999853134	-1.9429197622767
1.2776000499725	-2.0109864975796
1.2822999954224	-2.0802343617252
1.2869999408722	-2.1484191009570
1.2917000055313	-2.2138126381203
1.2963999509811	-2.2756194513980
1.3011000156403	-2.3341402639940
1.3057999610901	-2.3906744238699
1.3105000257492	-2.4471344804771
1.3151999711990	-2.5055585333058
1.3199000358582	-2.5675781580093
1.3245999813080	-2.6340514797311
1.3293000459671	-2.7048750872597
1.3339999914169	-2.7790492796725
1.3387000560760	-2.8549579823633
1.3434000015259	-2.9307823844259
1.3480999469757	-3.0049652979510
1.3528000116348	-3.0765994007276
1.3574999570847	-3.1456533264625
1.3622000217438	-3.2129636628216
1.3668999671936	-3.2800176194187
1.3716000318527	-3.3485710072982
1.3762999773026	-3.4202174002808
1.3810000419617	-3.4960284062181
1.3856999874115	-3.5763128788973
1.3904000520706	-3.6605867627006
1.3950999975204	-3.7477261120705
1.3997999429703	-3.8362555347890
1.4045000076294	-3.9247381899451
1.4091999530792	-4.0121379107210
1.4139000177383	-4.0980904988473
1.4185999631882	-4.1830002177702
1.4233000278473	-4.2679557119930
1.4279999732971	-4.3544659619380
1.4327000379562	-4.4441144368816
1.4373999834061	-4.5382074447599
1.4421000480652	-4.6374903899283
1.4467999935150	-4.7420189370938
1.4515000581741	-4.8511798364086
1.4562000036240	-4.9638763769309
1.4608999490738	-5.0788149068739
1.4656000137329	-5.1948480465401
1.4702999591827	-5.3112751554679
1.4750000238419	-5.4280549861081
1.4796999692917	-5.5458397869005
1.4844000339508	-5.6658691580842
1.4890999794006	-5.7896971385878
1.4938000440598	-5.9188809677005
1.4984999895096	-6.0546566176976
1.5032000541687	-6.1977057758377
1.5078999996185	-6.3480443181867
1.5125999450684	-6.5050621436870
1.5173000097275	-6.6677025219870
1.5219999551773	-6.8347458881135
1.5267000198364	-7.0051420263538
1.5313999652863	-7.1783111097470
1.5361000299454	-7.3543454321511
1.5407999753952	-7.5340621429528
1.5455000400543	-7.7188828732221
1.5501999855042	-7.9105778243933
1.5549000501633	-8.1109316518559
1.5595999956131	-8.3214021553958
1.5642999410629	-8.5428492063039
1.5690000057220	-8.7753920972699
1.5736999511719	-9.0184168401766
1.5784000158310	-9.2707536213257
1.5830999612808	-9.5309791080758
1.5878000259399	-9.7978060757826
1.5924999713898	-10.070466461934
1.5972000360489	-10.349002226547
1.6018999814987	-10.634377069381
1.6066000461578	-10.928387689533
1.6112999916077	-11.233377023488
1.6160000562668	-11.551809218487
1.6207000017166	-11.885815787698
1.6253999471664	-12.236786787394
1.6301000118256	-12.605102700113
1.6347999572754	-12.990060433002
1.6395000219345	-13.390025735638
1.6441999673843	-13.802816673095
1.6489000320435	-14.226229867441
1.6535999774933	-14.658633687475
1.6583000421524	-15.099499402722
1.6629999876022	-15.549645248409
1.6677000522614	-16.011227157283
1.6723999977112	-16.487331861509
1.6770999431610	-16.981339165807
1.6818000078201	-17.496125714614
1.6864999532700	-18.033261994821
1.6912000179291	-18.592350780574
1.6958999633789	-19.170572767451
1.7006000280380	-19.762503150514
1.7052999734879	-20.360237669428
1.7100000381470	-20.953827796409
1.7146999835968	-21.531944219341
1.7194000482559	-22.082574984489
1.7240999937057	-22.593767012770
1.7288000583649	-23.054116732365
1.7335000038147	-23.453354754451
1.7381999492645	-23.782839866506
1.7429000139236	-24.036329235733
1.7475999593735	-24.210877810020
1.7523000240326	-24.307289596707
1.7569999694824	-24.330065668505
1.7617000341415	-24.286475031915
1.7663999795914	-24.185083302674
1.7711000442505	-24.034464855655
1.7757999897003	-23.842399045440
1.7805000543594	-23.615806284451
1.7851999998093	-23.361370668519
1.7898999452591	-23.086167431771
1.7946000099182	-22.798147358180
1.7992999553680	-22.506074855729
1.8040000200272	-22.218935746914
1.8086999654770	-21.945038637324
1.8134000301361	-21.691093428987
1.8180999755859	-21.461462965026
1.8228000402451	-21.257766690005
1.8274999856949	-21.078916848573
1.8322000503540	-20.921534184780
1.8368999958038	-20.780775817258
1.8415999412537	-20.651344351940
1.8463000059128	-20.528697862864
1.8509999513626	-20.409996945325
1.8557000160217	-20.294692347479
1.8603999614716	-20.184564977979
1.8651000261307	-20.083146638303
1.8697999715805	-19.994839059113
1.8745000362396	-19.923801992788
1.8791999816895	-19.873056678624
1.8839000463486	-19.843816913198
1.8885999917984	-19.835270903782
1.8933000564575	-19.844746048263
1.8980000019073	-19.868256816653
1.9026999473572	-19.901366558688
1.9074000120163	-19.940147874106
1.9120999574661	-19.982045404086
1.9168000221252	-20.026516892552
1.9214999675751	-20.075097439374
1.9262000322342	-20.131029419915
1.9308999776840	-20.198512267328
1.9356000423431	-20.281705248372
1.9402999877930	-20.383896518279
1.9450000524521	-20.506798882956
1.9496999979019	-20.650242856997
1.9543999433517	-20.812197705135
1.9591000080109	-20.989207495556
1.9637999534607	-21.177028494902
1.9685000181198	-21.371557817318
1.9731999635696	-21.569631754877
1.9779000282288	-21.769716586697
1.9825999736786	-21.972106691952
1.9873000383377	-22.178697005004
1.9919999837875	-22.392292439542
1.9967000484467	-22.615679302989
2.0013999938965	-22.850636176208
2.0060999393463	-23.097059155861
2.0107998847961	-23.352373459146
2.0155000686646	-23.611241370015
2.0202000141144	-23.865658184022
2.0248999595642	-24.105387209509
2.0295999050140	-24.318773911051
2.0343000888824	-24.493830454312
2.0390000343323	-24.619510477287
2.0436999797821	-24.686888689455
2.0483999252319	-24.690200334221
2.0531001091003	-24.627361306649
2.0578000545502	-24.500063315029
2.0625000000000	-24.313259062573
2.0671999454498	-24.074279515315
2.0718998908997	-23.791685451522
2.0766000747681	-23.474094820058
2.0813000202179	-23.129253987178
2.0859999656677	-22.763465593533
2.0906999111176	-22.381414829759
2.0954000949860	-21.986479101342
2.1001000404358	-21.581185730888
2.1047999858856	-21.167897981292
2.1094999313354	-20.749317814437
2.1142001152039	-20.328811953034
2.1189000606537	-19.910388777876
2.1236000061035	-19.498414422019
2.1282999515533	-19.097150821534
2.1329998970032	-18.710230290309
2.1377000808716	-18.340238722507
2.1424000263214	-17.988426032723
2.1470999717712	-17.654669071078
2.1517999172211	-17.337639261664
2.1565001010895	-17.035186866481
2.1612000465393	-16.744796296736
2.1658999919891	-16.464160879401
2.1705999374390	-16.191635086689
2.1752998828888	-15.926530486459
2.1800000667572	-15.669191330003
2.1847000122070	-15.420814993259
2.1893999576569	-15.183092238212
2.1940999031067	-14.957765537074
2.1988000869751	-14.746166652725
2.2035000324249	-14.548902514830
2.2081999778748	-14.365693496300
2.2128999233246	-14.195392455354
2.2176001071930	-14.036218929323
2.2223000526428	-13.886115263122
2.2269999980927	-13.743148353188
2.2316999435425	-13.605904228328
2.2363998889923	-13.473740159866
2.2411000728607	-13.346857356458
2.2458000183105	-13.226189364787
2.2504999637604	-13.113092655731
2.2551999092102	-13.008980188346
2.2599000930786	-12.914941853147
2.2646000385284	-12.831453075302
2.2692999839783	-12.758245268273
2.2739999294281	-12.694330453692
2.2787001132965	-12.638206618747
2.2834000587463	-12.588174936804
2.2881000041962	-12.542707341222
2.2927999496460	-12.500775976026
2.2974998950958	-12.462055340960
2.3022000789642	-12.426968127881
2.3069000244141	-12.396537335548
2.3115999698639	-12.372107715419
2.3162999153137	-12.354994128791
2.3210000991821	-12.346144799701
2.3257000446320	-12.345912704979
2.3303999900818	-12.353947483876
2.3350999355316	-12.369276844198
2.3397998809814	-12.390522458188
2.3445000648499	-12.416222816900
2.3492000102997	-12.445180387538
2.3538999557495	-12.476730787884
2.3585999011993	-12.510924809061
2.3633000850677	-12.548495584361
2.3680000305176	-12.590686527368
2.3726999759674	-12.638943756688
2.3773999214172	-12.694577737488
2.3821001052856	-12.758460652788
2.3868000507355	-12.830822292345
2.3914999961853	-12.911210632867
2.3961999416351	-12.998613029436
2.4008998870850	-13.091716668282
2.4056000709534	-13.189245844622
2.4103000164032	-13.290300479276
2.4149999618530	-13.394614737735
2.4196999073029	-13.502674113176
2.4244000911713	-13.615634567976
2.4291000366211	-13.735094092906
2.4337999820709	-13.862764571737
2.4384999275208	-14.000104769810
2.4432001113892	-14.148032978324
2.4479000568390	-14.306751908416
2.4526000022888	-14.475775349871
2.4572999477386	-14.654081227495
2.4619998931885	-14.840451523503
2.4667000770569	-15.033842312902
2.4714000225067	-15.233770330436
2.4760999679565	-15.440557477586
2.4807999134064	-15.655426628812
2.4855000972748	-15.880371362649
2.4902000427246	-16.117865983418
2.4948999881744	-16.370462758294
2.4995999336243	-16.640375655592
2.5043001174927	-16.929178271253
2.5090000629425	-17.237637555468
2.5137000083923	-17.565778963147
2.5183999538422	-17.913135313674
2.5230998992920	-18.279218175076
2.5278000831604	-18.664016279293
2.5325000286102	-19.068574231316
2.5371999740601	-19.495375492943
2.5418999195099	-19.948567249990
2.5466001033783	-20.433874563185
2.5513000488281	-20.958355729266
2.5559999942780	-21.530058220017
2.5606999397278	-22.157655405015
2.5653998851776	-22.850363582745
2.5701000690460	-23.618172894445
2.5748000144958	-24.472602603989
2.5794999599457	-25.428253500223
2.5841999053955	-26.505416962395
2.5889000892639	-27.734472086206
2.5936000347137	-29.163443545655
2.5982999801636	-30.871838356045
2.6029999256134	-32.999403754482
2.6077001094818	-35.814590322222
2.6124000549316	-39.892575447627
2.6171000003815	-45.956481088584
2.6217999458313	-44.626006641429
2.6264998912811	-38.752876526308
2.6312000751495	-34.893176210472
2.6359000205994	-32.163615181528
2.6405999660492	-30.075346312359
2.6452999114990	-28.393885139133
2.6500000953674	-26.991030963033
2.6547000408173	-25.788488100004
2.6593999862671	-24.734615587461
2.6640999317169	-23.793683874644
2.6688001155853	-22.940576181394
2.6735000610352	-22.157804999929
2.6782000064850	-21.433555636179
2.6828999519348	-20.760146306977
2.6875998973846	-20.132659502411
2.6923000812531	-19.547775185884
2.6970000267029	-19.002807009875
2.7016999721527	-18.495018147585
2.7063999176025	-18.021208497781
2.7111001014709	-17.577657263782
2.7158000469208	-17.160251068869
2.7204999923706	-16.764833974605
2.7251999378204	-16.387609072397
2.7298998832703	-16.025526134637
2.7346000671387	-15.676529353436
2.7393000125885	-15.339619538897
2.7439999580383	-15.014712170729
2.7486999034882	-14.702296695045
2.7534000873566	-14.403053157936
2.7581000328064	-14.117453573098
2.7627999782562	-13.845456214171
2.7674999237061	-13.586378415186
2.7722001075745	-13.338925971954
2.7769000530243	-13.101370302869
2.7815999984741	-12.871853258832
2.7862999439240	-12.648708766303
2.7909998893738	-12.430750133084
2.7957000732422	-12.217424977539
2.8004000186920	-12.008824047399
2.8050999641418	-11.805549858673
2.8097999095917	-11.608449062591
2.8145000934601	-11.418313777990
2.8192000389099	-11.235625463544
2.8238999843597	-11.060375985480
2.8285999298096	-10.892016545704
2.8333001136780	-10.729567114035
2.8380000591278	-10.571794858793
2.8427000045776	-10.417491419796
2.8473999500275	-10.265717931464
2.8520998954773	-10.115988786987
2.8568000793457	-9.9683359545648
2.8615000247955	-9.8232485256835
2.8661999702454	-9.6814926883114
2.8708999156952	-9.5438825937497
2.8756000995636	-9.4110323422932
2.8803000450134	-9.2831911587554
2.8849999904633	-9.1601451679986
2.8896999359131	-9.0412709784137
2.8943998813629	-8.9256636111907
2.8991000652313	-8.8123548347827
2.9038000106812	-8.7005372903185
2.9084999561310	-8.5897398008038
2.9131999015808	-8.4799224104829
2.9179000854492	-8.3714651175598
2.9226000308990	-8.2650332729461
2.9272999763489	-8.1613957565605
2.9319999217987	-8.0612045627793
2.9367001056671	-7.9648171210311
2.9414000511169	-7.8722066398402
2.9460999965668	-7.7829588243365
2.9507999420166	-7.6963705427846
2.9554998874664	-7.6116201265553
2.9602000713348	-7.5279780604024
2.9649000167847	-7.4449740443376
2.9695999622345	-7.3625043936624
2.9742999076843	-7.2808460991463
2.9790000915527	-7.2005688797535
2.9837000370026	-7.1223763873928
2.9883999824524	-7.0469153776588
2.9930999279022	-6.9746024732254
2.9978001117706	-6.9055093970234
3.0025000572205	-6.8393569051953
3.0072000026703	-6.7755737327359
3.0118999481201	-6.7134362398342
3.0165998935699	-6.6522621967090
3.0213000774384	-6.5915677139877
3.0260000228882	-6.5311933235732
3.0306999683380	-6.4713225223380
3.0353999137878	-6.4124420467492
3.0401000976562	-6.3551852305909
3.0448000431061	-6.3001741350538
3.0494999885559	-6.2478533270412
3.0541999340057	-6.1983690073302
3.0589001178741	-6.1515227671286
3.0636000633240	-6.1068379710166
3.0683000087738	-6.0636675286103
3.0729999542236	-6.0213546706655
3.0776998996735	-5.9794041973371
3.0824000835419	-5.9376060985196
3.0871000289917	-5.8960709059488
3.0917999744415	-5.8552032023535
3.0964999198914	-5.8155858097051
3.1012001037598	-5.7778189857909
3.1059000492096	-5.7423599014238
3.1105999946594	-5.7093995944931
3.1152999401093	-5.6788200336016
3.1199998855591	-5.6502096637495
3.1247000694275	-5.6229744211109
3.1294000148773	-5.5964811165604
3.1340999603271	-5.5702257212711
3.1387999057770	-5.5439485450826
3.1435000896454	-5.5177043940322
3.1482000350952	-5.4918307168173
3.1528999805450	-5.4668666740863
3.1575999259949	-5.4433912108895
3.1623001098633	-5.4218750849430
3.1670000553131	-5.4025547253198
3.1717000007629	-5.3853657818030
3.1763999462128	-5.3699535905462
3.1810998916626	-5.3557646903065
3.1858000755310	-5.3421872989917
3.1905000209808	-5.3286954981462
3.1951999664307	-5.3149979811968
3.1998999118805	-5.3010908741536
3.2046000957489	-5.2872598061836
3.2093000411987	-5.2739986118357
3.2139999866486	-5.2618739799880
3.2186999320984	-5.2513595708488
3.2234001159668	-5.2427223836390
3.2281000614166	-5.2359361734538
3.2328000068665	-5.2306814057762
3.2374999523163	-5.2264274384260
3.2421998977661	-5.2225643243067
3.2469000816345	-5.2185432642562
3.2516000270844	-5.2140232472709
3.2562999725342	-5.2089421547876
3.2609999179840	-5.2035355164139
3.2657001018524	-5.1982533944053
3.2704000473022	-5.1936265176982
3.2750999927521	-5.1901324672264
3.2797999382019	-5.1880349241184
3.2844998836517	-5.1873169738859
3.2892000675201	-5.1876677389300
3.2939000129700	-5.1885436364246
3.2985999584198	-5.1892946449482
3.3032999038696	-5.1893216261467
3.3080000877380	-5.1882117647713
3.3127000331879	-5.1858349473845
3.3173999786377	-5.1823414389565
3.3220999240875	-5.1781225177772
3.3268001079559	-5.1736596933358
3.3315000534058	-5.1693858127443
3.3361999988556	-5.1655368071652
3.3408999443054	-5.1620655855526
3.3455998897552	-5.1586169401115
3.3503000736237	-5.1545984407576
3.3550000190735	-5.1492963731033
3.3596999645233	-5.1420382389580
3.3643999099731	-5.1323389409897
3.3691000938416	-5.1199851027253
3.3738000392914	-5.1050818662659
3.3784999847412	-5.0879566064351
3.3831999301910	-5.0690663563328
3.3879001140594	-5.0488243675713
3.3926000595093	-5.0274620582290
3.3973000049591	-5.0049389680606
3.4019999504089	-4.9809222197838
3.4066998958588	-4.9548616136025
3.4114000797272	-4.9261057722564
3.4161000251770	-4.8940699765857
3.4207999706268	-4.8583795397435
3.4254999160767	-4.8189687894642
3.4302000999451	-4.7761004235170
3.4349000453949	-4.7302926764711
3.4395999908447	-4.6822076203096
3.4442999362946	-4.6324832760479
3.4489998817444	-4.5816053269297
3.4537000656128	-4.5298121541366
3.4584000110626	-4.4770847306096
3.4630999565125	-4.4232127444060
3.4677999019623	-4.3679080575782
3.4725000858307	-4.3109511149236
3.4772000312805	-4.2523297230442
3.4818999767303	-4.1923004447071
3.4865999221802	-4.1314090422836
3.4913001060486	-4.0704176386503
3.4960000514984	-4.0101799874446
3.5006999969482	-3.9514996412216
3.5053999423981	-3.8949975316882
3.5100998878479	-3.8410381052872
3.5148000717163	-3.7897016651418
3.5195000171661	-3.7408464730922
3.5241999626160	-3.6942096835229
3.5288999080658	-3.6495343132221
3.5336000919342	-3.6066882929945
3.5383000373840	-3.5657414103454
3.5429999828339	-3.5269847643108
3.5476999282837	-3.4908812056098
3.5524001121521	-3.4579757801963
3.5571000576019	-3.4287645957887
3.5618000030518	-3.4035941953890
3.5664999485016	-3.3825741802082
3.5711998939514	-3.3655590681417
3.5759000778198	-3.3521879117696
3.5806000232697	-3.3419690239181
3.5852999687195	-3.3343957027195
3.5899999141693	-3.3290684906676
3.5947000980377	-3.3257783142424
3.5994000434875	-3.3245394382467
3.6040999889374	-3.3255711793068
3.6087999343872	-3.3292173107198
3.6135001182556	-3.3358407612893
3.6182000637054	-3.3457033267356
3.6229000091553	-3.3588896730964
3.6275999546051	-3.3752506401186
3.6322999000549	-3.3944336055841
3.6370000839233	-3.4159418855779
3.6417000293732	-3.4392450460470
3.6463999748230	-3.4638902089853
3.6510999202728	-3.4896070292645
3.6558001041412	-3.5163518239252
3.6605000495911	-3.5443075306611
3.6651999950409	-3.5738189151272
3.6698999404907	-3.6052894319503
3.6745998859406	-3.6390684493908
3.6793000698090	-3.6753359420392
3.6840000152588	-3.7140592470406
3.6886999607086	-3.7549729899877
3.6933999061584	-3.7976424308815
3.6981000900269	-3.8415599618809
3.7028000354767	-3.8862629531491
3.7074999809265	-3.9314503873006
3.7121999263763	-3.9770460143665
3.7169001102448	-4.0232229751936
3.7216000556946	-4.0703425485343
3.7263000011444	-4.1188628948056
3.7309999465942	-4.1692139299693
3.7356998920441	-4.2216739308779
3.7404000759125	-4.2762895842173
3.7451000213623	-4.3328582890055
3.7497999668121	-4.3909609518374
3.7544999122620	-4.4500621500843
3.7592000961304	-4.5096408274130
3.7639000415802	-4.5693167214621
3.7685999870300	-4.6289396895880
3.7732999324799	-4.6886311048144
3.7780001163483	-4.7487416955609
3.7827000617981	-4.8097531220327
3.7874000072479	-4.8721482803000
3.7920999526978	-4.9362605065554
3.7967998981476	-5.0021794897847
3.8015000820160	-5.0697002178830
3.8062000274658	-5.1383569370988
3.8108999729156	-5.2075151462328
3.8155999183655	-5.2765228595245
3.8203001022339	-5.3448515614115
3.8250000476837	-5.4122269822928
3.8296999931335	-5.4786765441034
3.8343999385834	-5.5445091598868
3.8390998840332	-5.6102110125511
3.8438000679016	-5.6762895671571
3.8485000133514	-5.7431106851111
3.8531999588013	-5.8107633633526
3.8578999042511	-5.8789985855629
3.8626000881195	-5.9472493684939
3.8673000335693	-6.0147377772885
3.8719999790192	-6.0806429610169
3.8766999244690	-6.1442844400237
3.8814001083374	-6.2052736812576
3.8861000537872	-6.2635869271126
3.8907999992371	-6.3195543237594
3.8954999446869	-6.3737269363316
3.9001998901367	-6.4267122869179
3.9049000740051	-6.4789676088714
3.9096000194550	-6.5306414733668
3.9142999649048	-6.5815004296687
3.9189999103546	-6.6309528433594
3.9237000942230	-6.6781826686452
3.9284000396729	-6.7223348019895
3.9330999851227	-6.7627463311115
3.9377999305725	-6.7991056410655
3.9425001144409	-6.8315508980546
3.9472000598907	-6.8606218321630
3.9519000053406	-6.8871255005942
3.9565999507904	-6.9119177633709
3.9612998962402	-6.9356803209319
3.9660000801086	-6.9587451004520
3.9707000255585	-6.9810192581696
3.9753999710083	-7.0020190999441
3.9800999164581	-7.0210284837004
3.9848001003265	-7.0373135302263
3.9895000457764	-7.0503565219883
3.9941999912262	-7.0600302940295
3.9988999366760	-7.0666799822229
4.0036001205444	-7.0710621163327
4.0082998275757	-7.0741857398350
4.0130000114441	-7.0770710750463
4.0177001953125	-7.0805309032038
4.0223999023438	-7.0849718427214
4.0271000862122	-7.0903477866144
4.0317997932434	-7.0961897630804
4.0364999771118	-7.1017846396954
4.0412001609802	-7.1063936202101
4.0458998680115	-7.1094965663582
4.0506000518799	-7.1109662962901
4.0553002357483	-7.1111427370367
4.0599999427795	-7.1107784415621
4.0647001266479	-7.1108707208606
4.0693998336792	-7.1124275685307
4.0741000175476	-7.1162257951844
4.0788002014160	-7.1226340586883
4.0834999084473	-7.1315454458837
4.0882000923157	-7.1424192457801
4.0928997993469	-7.1544441862963
4.0975999832153	-7.1667671368074
4.1023001670837	-7.1787409834140
4.1069998741150	-7.1901143417122
4.1117000579834	-7.2011181990457
4.1163997650146	-7.2124171843014
4.1210999488831	-7.2249575122258
4.1258001327515	-7.2397242079343
4.1304998397827	-7.2574878346763
4.1352000236511	-7.2786216269636
4.1399002075195	-7.3029980408069
4.1445999145508	-7.3300261295516
4.1493000984192	-7.3588040389138
4.1539998054504	-7.3883509590125
4.1586999893188	-7.4178696794015
4.1634001731873	-7.4469622301860
4.1680998802185	-7.4757411679594
4.1728000640869	-7.5048090768054
4.1774997711182	-7.5351024067452
4.1821999549866	-7.5676513659713
4.1869001388550	-7.6033054981326
4.1915998458862	-7.6425061074303
4.1963000297546	-7.6851643134187
4.2010002136230	-7.7306688687515
4.2056999206543	-7.7780311320516
4.2104001045227	-7.8261252719434
4.2150998115540	-7.8739779659525
4.2197999954224	-7.9210241609511
4.2245001792908	-7.9672572905946
4.2291998863220	-8.0132388801592
4.2339000701904	-8.0599471069745
4.2385997772217	-8.1085251062315
4.2432999610901	-8.1599652657666
4.2480001449585	-8.2148491001698
4.2526998519897	-8.2731770934539
4.2574000358582	-8.3343486745549
4.2621002197266	-8.3973058889544
4.2667999267578	-8.4607849853042
4.2715001106262	-8.5236600093240
4.2761998176575	-8.5852422865535
4.2809000015259	-8.6454869424281
4.2856001853943	-8.7050359329149
4.2902998924255	-8.7650761199773
4.2950000762939	-8.8270609895724
4.2996997833252	-8.8923603829437
4.3043999671936	-8.9619318216807
4.3091001510620	-9.0361079455026
4.3137998580933	-9.1145419694885
4.3185000419617	-9.1963255981876
4.3232002258301	-9.2802718037141
4.3278999328613	-9.3652773573934
4.3326001167297	-9.4506810290969
4.3372998237610	-9.5365196030389
4.3420000076294	-9.6236021591370
4.3467001914978	-9.7133733944296
4.3513998985291	-9.8076036358549
4.3561000823975	-9.9079729151778
4.3607997894287	-10.015667011120
4.3654999732971	-10.131080820135
4.3702001571655	-10.253685306928
4.3748998641968	-10.382134832350
4.3796000480652	-10.514559391457
4.3843002319336	-10.649012873139
4.3889999389648	-10.783958007568
4.3937001228333	-10.918673296383
4.3983998298645	-11.053446084160
4.4031000137329	-11.189504040733
4.4078001976013	-11.328664601367
4.4124999046326	-11.472827082848
4.4172000885010	-11.623410569606
4.4218997955322	-11.780898951365
4.4265999794006	-11.944612489684
4.4313001632690	-12.112764102126
4.4359998703003	-12.282828165929
4.4407000541687	-12.452142927156
4.4454002380371	-12.618608096126
4.4500999450684	-12.781284494887
4.4548001289368	-12.940708740694
4.4594998359680	-13.098791464668
4.4642000198364	-13.258322257676
4.4689002037048	-13.422199587440
4.4735999107361	-13.592597979822
4.4783000946045	-13.770299411545
4.4829998016357	-13.954355795529
4.4876999855042	-14.142186448393
4.4924001693726	-14.330131580709
4.4970998764038	-14.514368524120
4.5018000602722	-14.691969152097
4.5064997673035	-14.861777686161
4.5111999511719	-15.024819968523
4.5159001350403	-15.184063591213
4.5205998420715	-15.343552301745
4.5253000259399	-15.507208352576
4.5300002098083	-15.677591700419
4.5346999168396	-15.854990286469
4.5394001007080	-16.037068390658
4.5440998077393	-16.219192634091
4.5487999916077	-16.395465249434
4.5535001754761	-16.560245415862
4.5581998825073	-16.709767750278
4.5629000663757	-16.843293855847
4.5675997734070	-16.963353742158
4.5722999572754	-17.074914799609
4.5770001411438	-17.183735304311
4.5816998481750	-17.294427802437
4.5864000320435	-17.408880256987
4.5911002159119	-17.525335785532
4.5957999229431	-17.638534589784
4.6005001068115	-17.740877583862
4.6051998138428	-17.824467964772
4.6098999977112	-17.883505077873
4.6146001815796	-17.916176128610
4.6192998886108	-17.925295007990
4.6240000724792	-17.917405828970
4.6286997795105	-17.900603321990
4.6333999633789	-17.882027345700
4.6381001472473	-17.865701986060
4.6427998542786	-17.851429531862
4.6475000381470	-17.834873900601
4.6522002220154	-17.808879587901
4.6568999290466	-17.765702151305
4.6616001129150	-17.699599193375
4.6662998199463	-17.608881266220
4.6710000038147	-17.496639349371
4.6757001876831	-17.369893033988
4.6803998947144	-17.237456671867
4.6851000785828	-17.107455167967
4.6897997856140	-16.985226426677
4.6944999694824	-16.872125984521
4.6992001533508	-16.765487628073
4.7038998603821	-16.659612166511
4.7086000442505	-16.547551195254
4.7133002281189	-16.423323646198
4.7179999351501	-16.283850094075
4.7227001190186	-16.129992933053
4.7273998260498	-15.966352823860
4.7321000099182	-15.799909956550
4.7368001937866	-15.638022106469
4.7414999008179	-15.486489858231
4.7462000846863	-15.348183473925
4.7508997917175	-15.222500861859
4.7555999755859	-15.105712221185
4.7603001594543	-14.992029463982
4.7649998664856	-14.875291474791
4.7697000503540	-14.750722119777
4.7744002342224	-14.616335541917
4.7790999412537	-14.473540077375
4.7838001251221	-14.326693272955
4.7884998321533	-14.181825845630
4.7932000160217	-14.044951349952
4.7979001998901	-13.920516779630
4.8025999069214	-13.810335696414
4.8073000907898	-13.713225359621
4.8119997978210	-13.625371247616
4.8166999816895	-13.541346091983
4.8214001655579	-13.455550673809
4.8260998725891	-13.363758992973
4.8308000564575	-13.264312775056
4.8354997634888	-13.158578062742
4.8401999473572	-13.050541060529
4.8449001312256	-12.945643549629
4.8495998382568	-12.849286200891
4.8543000221252	-12.765400866163
4.8590002059937	-12.695486063868
4.8636999130249	-12.638233972641
4.8684000968933	-12.589874912474
4.8730998039246	-12.545104843559
4.8777999877930	-12.498445702662
4.8825001716614	-12.445721707055
4.8871998786926	-12.385228496892
4.8919000625610	-12.318217534045
4.8965997695923	-12.248534515691
4.9012999534607	-12.181508276443
4.9060001373291	-12.122481943523
4.9106998443604	-12.075387330206
4.9154000282288	-12.041726885567
4.9201002120972	-12.020198942886
4.9247999191284	-12.006956620845
4.9295001029968	-11.996543803691
4.9341998100281	-11.983289767217
4.9388999938965	-11.962830515957
4.9436001777649	-11.933343889799
4.9482998847961	-11.896110733608
4.9530000686646	-11.855124565930
4.9576997756958	-11.815941777002
4.9623999595642	-11.784079214592
4.9671001434326	-11.763480950453
4.9717998504639	-11.755381370436
4.9765000343323	-11.757852489408
4.9812002182007	-11.766073842601
4.9858999252319	-11.773349096031
4.9906001091003	-11.772682027222
4.9952998161316	-11.758515142788
5.0000000000000	-11.728177449108
#Parameters = {R_fat=48; R_glandular=38; R_skin_outer=50; T10=5; T15=7.5; T5=2.5; T_rad=4; T_x=10; T_y=0; T_z=75; Zc=65; skin_thickness=2; Mesh Pass=6}
#"Frequency / GHz"	"S1,1 (Mesh Pass=6) [Magnitude / dB]"
#-------------------------------------------------------
0.30000001192093	-23.952784985392
0.30469998717308	-23.736453746218
0.30939999222755	-23.910963018113
0.31409999728203	-24.517878918883
0.31880000233650	-25.594336822909
0.32350000739098	-27.045965948505
0.32820001244545	-28.169021920341
0.33289998769760	-27.431427933251
0.33759999275208	-24.931677322190
0.34229999780655	-22.167865605244
0.34700000286102	-19.740491027212
0.35170000791550	-17.697881779887
0.35640001296997	-15.975838100906
0.36109998822212	-14.508282623913
0.36579999327660	-13.246134018004
0.37049999833107	-12.157962883874
0.37520000338554	-11.227524493388
0.37990000844002	-10.450465349970
0.38460001349449	-9.8300548708162
0.38929998874664	-9.3718293193972
0.39399999380112	-9.0780918179869
0.39869999885559	-8.9441448385500
0.40340000391006	-8.9579657018438
0.40810000896454	-9.1033131061337
0.41280001401901	-9.3645169710932
0.41749998927116	-9.7308092058209
0.42219999432564	-10.198962501555
0.42689999938011	-10.773973001207
0.43160000443459	-11.467848079547
0.43630000948906	-12.295857460053
0.44100001454353	-13.267879546141
0.44569998979568	-14.369315132805
0.45039999485016	-15.523127472841
0.45509999990463	-16.537626181685
0.45980000495911	-17.116138522104
0.46450001001358	-17.061187980957
0.46919998526573	-16.495812466203
0.47389999032021	-15.728063676144
0.47859999537468	-15.000390580499
0.48330000042915	-14.432145133494
0.48800000548363	-14.064933961630
0.49270001053810	-13.903543246241
0.49739998579025	-13.934166638954
0.50209999084473	-14.126918459301
0.50679999589920	-14.429329416478
0.51150000095367	-14.757788027065
0.51620000600815	-15.000447391403
0.52090001106262	-15.049525251883
0.52560001611710	-14.857405957893
0.53030002117157	-14.466157745159
0.53500002622604	-13.975375609609
0.53969997167587	-13.486352629862
0.54439997673035	-13.070842099693
0.54909998178482	-12.767562280311
0.55379998683929	-12.588947263933
0.55849999189377	-12.526946491607
0.56319999694824	-12.555255489435
0.56790000200272	-12.630142822186
0.57260000705719	-12.694411374111
0.57730001211166	-12.689407515359
0.58200001716614	-12.574577390928
0.58670002222061	-12.344137082024
0.59140002727509	-12.027617655993
0.59609997272491	-11.674063279232
0.60079997777939	-11.332669866089
0.60549998283386	-11.040568518925
0.61019998788834	-10.818678678585
0.61489999294281	-10.671916576483
0.61959999799728	-10.590549842751
0.62430000305176	-10.552054348762
0.62900000810623	-10.524487422633
0.63370001316071	-10.472926595690
0.63840001821518	-10.368823509535
0.64310002326965	-10.199075446074
0.64780002832413	-9.9698877887045
0.65249997377396	-9.7030039733010
0.65719997882843	-9.4270687296313
0.66189998388290	-9.1689642491489
0.66659998893738	-8.9480951851289
0.67129999399185	-8.7738299870832
0.67599999904633	-8.6450378614016
0.68070000410080	-8.5509631015469
0.68540000915527	-8.4734472566144
0.69010001420975	-8.3907909421745
0.69480001926422	-8.2831058094206
0.69950002431870	-8.1378203175224
0.70420002937317	-7.9531669202590
0.70889997482300	-7.7379932419279
0.71359997987747	-7.5082230181271
0.71829998493195	-7.2817854963080
0.72299998998642	-7.0740627107340
0.72769999504089	-6.8948602048323
0.73240000009537	-6.7469689143565
0.73710000514984	-6.6261099594415
0.74180001020432	-6.5220870245912
0.74650001525879	-6.4211508946540
0.75120002031326	-6.3093348699736
0.75590002536774	-6.1761075415575
0.76059997081757	-6.0171433422366
0.76529997587204	-5.8352295614194
0.76999998092651	-5.6389992434621
0.77469998598099	-5.4401441260072
0.77939999103546	-5.2502407284053
0.78409999608994	-5.0780700915958
0.78880000114441	-4.9279149763940
0.79350000619888	-4.7989326881602
0.79820001125336	-4.6855659537358
0.80290001630783	-4.5789610335869
0.80760002136230	-4.4691762073008
0.81230002641678	-4.3477332923222
0.81699997186661	-4.2098452710321
0.82169997692108	-4.0555901942794
0.82639998197556	-3.8896511219070
0.83109998703003	-3.7198181627479
0.83579999208450	-3.5548224679909
0.84049999713898	-3.4021658746160
0.84520000219345	-3.2664581953230
0.84990000724792	-3.1485312395368
0.85460001230240	-3.0454135463325
0.85930001735687	-2.9511905498906
0.86400002241135	-2.8585462183644
0.86870002746582	-2.7607256843643
0.87339997291565	-2.6533632053352
0.87809997797012	-2.5356647960534
0.88279998302460	-2.4105761639395
0.88749998807907	-2.2839144479636
0.89219999313354	-2.1627959783593
0.89689999818802	-2.0538265596618
0.90160000324249	-1.9615566605348
0.90630000829697	-1.8875045267921
0.91100001335144	-1.8299529607415
0.91570001840591	-1.7845492324412
0.92040002346039	-1.7456020965893
0.92510002851486	-1.7077815873232
0.92979997396469	-1.6677999404981
0.93449997901917	-1.6255844930583
0.93919998407364	-1.5845605255217
0.94389998912811	-1.5509884940177
0.94859999418259	-1.5325413594809
0.95329999923706	-1.5366016246621
0.95800000429153	-1.5687135636795
0.96270000934601	-1.6316132562468
0.96740001440048	-1.7250755037277
0.97210001945496	-1.8466770243220
0.97680002450943	-1.9933625452497
0.98150002956390	-2.1635913026601
0.98619997501373	-2.3595198899353
0.99089998006821	-2.5887304769262
0.99559998512268	-2.8650296935501
1.0003000497818	-3.2082225860446
1.0049999952316	-3.6432243753927
1.0096999406815	-4.1991970750907
1.0144000053406	-4.9096653856944
1.0190999507904	-5.8145113970325
1.0238000154495	-6.9650768603860
1.0284999608994	-8.4339774653502
1.0332000255585	-10.332200587094
1.0378999710083	-12.830273091939
1.0426000356674	-16.090596959197
1.0472999811172	-19.170775826461
1.0520000457764	-18.004058896800
1.0566999912262	-14.422527670874
1.0614000558853	-11.407134409758
1.0661000013351	-9.1095635110510
1.0707999467850	-7.3369424824665
1.0755000114441	-5.9485383357889
1.0801999568939	-4.8546571498700
1.0849000215530	-3.9952073479916
1.0895999670029	-3.3257893751261
1.0943000316620	-2.8099257703690
1.0989999771118	-2.4152617719599
1.1037000417709	-2.1123610567223
1.1083999872208	-1.8751745245026
1.1131000518799	-1.6823156865357
1.1177999973297	-1.5182860024014
1.1224999427795	-1.3740292806825
1.1272000074387	-1.2463809915256
1.1318999528885	-1.1365301602937
1.1366000175476	-1.0478471215371
1.1412999629974	-0.98372917916910
1.1460000276566	-0.94584866405658
1.1506999731064	-0.93321667073835
1.1554000377655	-0.94205124906982
1.1600999832153	-0.96639820381655
1.1648000478745	-0.99931803604669
1.1694999933243	-1.0342953717633
1.1742000579834	-1.0665707496873
1.1789000034332	-1.0940167575911
1.1835999488831	-1.1173576776225
1.1883000135422	-1.1396346535901
1.1929999589920	-1.1651473569362
1.1977000236511	-1.1981426690192
1.2023999691010	-1.2416591392113
1.2071000337601	-1.2967639650409
1.2117999792099	-1.3623316208518
1.2165000438690	-1.4353524611374
1.2211999893188	-1.5116730228886
1.2259000539780	-1.5870009083536
1.2305999994278	-1.6579335763062
1.2352999448776	-1.7227356214036
1.2400000095367	-1.7817069261398
1.2446999549866	-1.8370022966233
1.2494000196457	-1.8919750635265
1.2540999650955	-1.9502565348943
1.2588000297546	-2.0148129957780
1.2634999752045	-2.0872465963680
1.2682000398636	-2.1674443331221
1.2728999853134	-2.2536656924319
1.2776000499725	-2.3430009068979
1.2822999954224	-2.4320879229171
1.2869999408722	-2.5179419447956
1.2917000055313	-2.5986741961035
1.2963999509811	-2.6739526182681
1.3011000156403	-2.7450386490486
1.3057999610901	-2.8144310558345
1.3105000257492	-2.8851847941384
1.3151999711990	-2.9601435929786
1.3199000358582	-3.0412612503894
1.3245999813080	-3.1291636065061
1.3293000459671	-3.2230496092869
1.3339999914169	-3.3209274071307
1.3387000560760	-3.4201056922462
1.3434000015259	-3.5178668987731
1.3480999469757	-3.6121242700726
1.3528000116348	-3.7019522077041
1.3574999570847	-3.7877934969977
1.3622000217438	-3.8713520383662
1.3668999671936	-3.9551353012228
1.3716000318527	-4.0418382122647
1.3762999773026	-4.1336972878036
1.3810000419617	-4.2319913848050
1.3856999874115	-4.3367820631972
1.3904000520706	-4.4469379104916
1.3950999975204	-4.5604315763458
1.3997999429703	-4.6748428375798
1.4045000076294	-4.7879444768028
1.4091999530792	-4.8982658674718
1.4139000177383	-5.0054617665503
1.4185999631882	-5.1104115713826
1.4233000278473	-5.2150150676973
1.4279999732971	-5.3217376939512
1.4327000379562	-5.4330310186101
1.4373999834061	-5.5507955288151
1.4421000480652	-5.6759724902870
1.4467999935150	-5.8083740824843
1.4515000581741	-5.9467586826093
1.4562000036240	-6.0891436367320
1.4608999490738	-6.2332851621759
1.4656000137329	-6.3772301243709
1.4702999591827	-6.5198144417369
1.4750000238419	-6.6609827236189
1.4796999692917	-6.8018370777043
1.4844000339508	-6.9444201950338
1.4890999794006	-7.0912650586259
1.4938000440598	-7.2448440316443
1.4984999895096	-7.4070524189849
1.5032000541687	-7.5788247768159
1.5078999996185	-7.7599608938374
1.5125999450684	-7.9491954180347
1.5173000097275	-8.1444913279923
1.5219999551773	-8.3435176969907
1.5267000198364	-8.5442160963670
1.5313999652863	-8.7453301824895
1.5361000299454	-8.9467668696924
1.5407999753952	-9.1496978916218
1.5455000400543	-9.3563504931425
1.5501999855042	-9.5695615496740
1.5549000501633	-9.7921878288800
1.5595999956131	-10.026513178029
1.5642999410629	-10.273780606044
1.5690000057220	-10.533916310129
1.5736999511719	-10.805521558448
1.5784000158310	-11.086127432738
1.5830999612808	-11.372700959792
1.5878000259399	-11.662306669719
1.5924999713898	-11.952797209272
1.5972000360489	-12.243367349191
1.6018999814987	-12.534794309047
1.6066000461578	-12.829314907470
1.6112999916077	-13.130131725664
1.6160000562668	-13.440693321972
1.6207000017166	-13.763887151354
1.6253999471664	-14.101322474182
1.6301000118256	-14.452815408302
1.6347999572754	-14.816194814399
1.6395000219345	-15.187423213522
1.6441999673843	-15.561132863308
1.6489000320435	-15.931434039265
1.6535999774933	-16.292909624581
1.6583000421524	-16.641561159876
1.6629999876022	-16.975413114764
1.6677000522614	-17.294639140255
1.6723999977112	-17.601123913887
1.6770999431610	-17.897618500273
1.6818000078201	-18.186671100069
1.6864999532700	-18.469651766193
1.6912000179291	-18.746005350664
1.6958999633789	-19.012865950500
1.7006000280380	-19.265137388220
1.7052999734879	-19.496036282024
1.7100000381470	-19.698097714294
1.7146999835968	-19.864512539486
1.7194000482559	-19.990537894415
1.7240999937057	-20.074680012670
1.7288000583649	-20.119242371866
1.7335000038147	-20.130047972131
1.7381999492645	-20.115475211464
1.7429000139236	-20.084964733484
1.7475999593735	-20.047453785754
1.7523000240326	-20.010039847859
1.7569999694824	-19.977039645885
1.7617000341415	-19.949620480543
1.7663999795914	-19.925961036458
1.7711000442505	-19.902004840974
1.7757999897003	-19.872677649259
1.7805000543594	-19.833378619522
1.7851999998093	-19.781468290938
1.7898999452591	-19.717268196643
1.7946000099182	-19.644301959887
1.7992999553680	-19.568726850334
1.8040000200272	-19.498070529302
1.8086999654770	-19.439695713189
1.8134000301361	-19.399400185500
1.8180999755859	-19.380396600402
1.8228000402451	-19.382806639859
1.8274999856949	-19.403771965245
1.8322000503540	-19.438107211757
1.8368999958038	-19.479459179254
1.8415999412537	-19.521802846942
1.8463000059128	-19.560952964400
1.8509999513626	-19.595689788666
1.8557000160217	-19.628142351477
1.8603999614716	-19.663360004084
1.8651000261307	-19.708146917998
1.8697999715805	-19.769520032366
1.8745000362396	-19.853246102121
1.8791999816895	-19.962702366616
1.8839000463486	-20.098323258319
1.8885999917984	-20.257545507638
1.8933000564575	-20.435422076698
1.8980000019073	-20.625747174351
1.9026999473572	-20.822595931388
1.9074000120163	-21.021931971398
1.9120999574661	-21.222888132107
1.9168000221252	-21.428383687634
1.9214999675751	-21.644725282819
1.9262000322342	-21.880501984906
1.9308999776840	-22.144978859661
1.9356000423431	-22.446489656762
1.9402999877930	-22.791207984628
1.9450000524521	-23.182326547323
1.9496999979019	-23.619912101705
1.9543999433517	-24.101369921255
1.9591000080109	-24.622453611860
1.9637999534607	-25.179086210810
1.9685000181198	-25.769410039226
1.9731999635696	-26.395925425441
1.9779000282288	-27.067039982422
1.9825999736786	-27.797463152414
1.9873000383377	-28.607358356797
1.9919999837875	-29.520156323945
1.9967000484467	-30.558406916566
2.0013999938965	-31.735572846612
2.0060999393463	-33.037260960069
2.0107998847961	-34.378197665308
2.0155000686646	-35.527455451429
2.0202000141144	-36.088080045040
2.0248999595642	-35.763141829297
2.0295999050140	-34.702954984287
2.0343000888824	-33.301845986434
2.0390000343323	-31.840057650057
2.0436999797821	-30.436837595745
2.0483999252319	-29.126857681886
2.0531001091003	-27.913964462112
2.0578000545502	-26.793996034250
2.0625000000000	-25.762201822974
2.0671999454498	-24.814632210423
2.0718998908997	-23.947504758441
2.0766000747681	-23.156238343141
2.0813000202179	-22.434932813099
2.0859999656677	-21.776091175615
2.0906999111176	-21.170937827500
2.0954000949860	-20.610008181478
2.1001000404358	-20.084009716407
2.1047999858856	-19.584815323384
2.1094999313354	-19.106289403537
2.1142001152039	-18.644809699066
2.1189000606537	-18.199309023608
2.1236000061035	-17.770800485528
2.1282999515533	-17.361578994076
2.1329998970032	-16.974254719125
2.1377000808716	-16.610864400481
2.1424000263214	-16.272261202791
2.1470999717712	-15.957791485740
2.1517999172211	-15.665331900070
2.1565001010895	-15.391629861585
2.1612000465393	-15.132893672457
2.1658999919891	-14.885483286284
2.1705999374390	-14.646573325445
2.1752998828888	-14.414615072870
2.1800000667572	-14.189512836155
2.1847000122070	-13.972456289551
2.1893999576569	-13.765464916075
2.1940999031067	-13.570782169472
2.1988000869751	-13.390262650605
2.2035000324249	-13.224882446807
2.2081999778748	-13.074486364771
2.2128999233246	-12.937777056727
2.2176001071930	-12.812577081735
2.2223000526428	-12.696274228525
2.2269999980927	-12.586372717372
2.2316999435425	-12.481013229345
2.2363998889923	-12.379335471549
2.2411000728607	-12.281614159070
2.2458000183105	-12.189087564046
2.2504999637604	-12.103599931631
2.2551999092102	-12.027078887411
2.2599000930786	-11.961040327442
2.2646000385284	-11.906198515727
2.2692999839783	-11.862266984629
2.2739999294281	-11.828008899952
2.2787001132965	-11.801499220946
2.2834000587463	-11.780550368717
2.2881000041962	-11.763200636660
2.2927999496460	-11.748163808501
2.2974998950958	-11.735099716885
2.3022000789642	-11.724675072775
2.3069000244141	-11.718347835272
2.3115999698639	-11.717983188360
2.3162999153137	-11.725377816332
2.3210000991821	-11.741801048013
2.3257000446320	-11.767694770251
2.3303999900818	-11.802547000340
2.3350999355316	-11.845007289060
2.3397998809814	-11.893203797567
2.3445000648499	-11.945186398632
2.3492000102997	-11.999391415299
2.3538999557495	-12.055039970053
2.3585999011993	-12.112333289714
2.3633000850677	-12.172409396762
2.3680000305176	-12.237061450229
2.3726999759674	-12.308312139019
2.3773999214172	-12.387927822045
2.3821001052856	-12.477007988446
2.3868000507355	-12.575723907611
2.3914999961853	-12.683300656853
2.3961999416351	-12.798214561426
2.4008998870850	-12.918562679617
2.4056000709534	-13.042572398621
2.4103000164032	-13.169069706122
2.4149999618530	-13.297833285127
2.4196999073029	-13.429711048948
2.4244000911713	-13.566483499418
2.4291000366211	-13.710493050879
2.4337999820709	-13.864115615068
2.4384999275208	-14.029269975724
2.4432001113892	-14.207008414244
2.4479000568390	-14.397307443456
2.4526000022888	-14.599149333072
2.4572999477386	-14.810804764512
2.4619998931885	-15.030351529162
2.4667000770569	-15.256245934936
2.4714000225067	-15.487884972994
2.4760999679565	-15.725944986498
2.4807999134064	-15.972440970889
2.4855000972748	-16.230451773016
2.4902000427246	-16.503614899307
2.4948999881744	-16.795465090315
2.4995999336243	-17.108821947560
2.5043001174927	-17.445355891485
2.5090000629425	-17.805400876052
2.5137000083923	-18.188138205861
2.5183999538422	-18.592062928043
2.5230998992920	-19.015785106982
2.5278000831604	-19.458920732486
2.5325000286102	-19.922969473801
2.5371999740601	-20.411864925164
2.5418999195099	-20.932112125106
2.5466001033783	-21.492449712552
2.5513000488281	-22.103124112810
2.5559999942780	-22.774925280544
2.5606999397278	-23.518298099654
2.5653998851776	-24.342472261148
2.5701000690460	-25.254755509759
2.5748000144958	-26.259878008456
2.5794999599457	-27.358848810029
2.5841999053955	-28.546379601470
2.5889000892639	-29.803886968968
2.5936000347137	-31.082575708195
2.5982999801636	-32.268797024456
2.6029999256134	-33.143002197440
2.6077001094818	-33.415836879281
2.6124000549316	-32.940316647065
2.6171000003815	-31.877768729048
2.6217999458313	-30.533012034051
2.6264998912811	-29.136739303348
2.6312000751495	-27.805891415223
2.6359000205994	-26.585327456207
2.6405999660492	-25.484644374462
2.6452999114990	-24.497716005366
2.6500000953674	-23.611692779140
2.6547000408173	-22.811281511587
2.6593999862671	-22.080992065097
2.6640999317169	-21.406633000711
2.6688001155853	-20.776397806641
2.6735000610352	-20.181520869548
2.6782000064850	-19.616462399137
2.6828999519348	-19.078595813887
2.6875998973846	-18.567404434228
2.6923000812531	-18.083501822322
2.6970000267029	-17.627626177717
2.7016999721527	-17.199867032701
2.7063999176025	-16.799149743961
2.7111001014709	-16.423185597575
2.7158000469208	-16.068638509194
2.7204999923706	-15.731632159514
2.7251999378204	-15.408346796528
2.7298998832703	-15.095636939325
2.7346000671387	-14.791462117192
2.7393000125885	-14.495078832160
2.7439999580383	-14.206909328338
2.7486999034882	-13.928174833009
2.7534000873566	-13.660353360073
2.7581000328064	-13.404645472004
2.7627999782562	-13.161567412835
2.7674999237061	-12.930723011415
2.7722001075745	-12.710821687817
2.7769000530243	-12.499916274949
2.7815999984741	-12.295800089076
2.7862999439240	-12.096453924060
2.7909998893738	-11.900451134977
2.7957000732422	-11.707206020611
2.8004000186920	-11.516997771949
2.8050999641418	-11.330803500183
2.8097999095917	-11.149937541929
2.8145000934601	-10.975661438051
2.8192000389099	-10.808802141191
2.8238999843597	-10.649512642104
2.8285999298096	-10.497203235049
2.8333001136780	-10.350660708805
2.8380000591278	-10.208325139839
2.8427000045776	-10.068641460569
2.8473999500275	-9.9304073214057
2.8520998954773	-9.7930391640667
2.8568000793457	-9.6566623238244
2.8615000247955	-9.5220243356220
2.8661999702454	-9.3902524659252
2.8708999156952	-9.2625378922526
2.8756000995636	-9.1397876889912
2.8803000450134	-9.0223962958754
2.8849999904633	-8.9101229325989
2.8896999359131	-8.8021537669729
2.8943998813629	-8.6972912444486
2.8991000652313	-8.5942407221988
2.9038000106812	-8.4919383062309
2.9084999561310	-8.3897853977597
2.9131999015808	-8.2877812510991
2.9179000854492	-8.1865055451204
2.9226000308990	-8.0869230002247
2.9272999763489	-7.9901305707878
2.9319999217987	-7.8970498611887
2.9367001056671	-7.8081968803396
2.9414000511169	-7.7235322771539
2.9460999965668	-7.6424921526056
2.9507999420166	-7.5641114449240
2.9554998874664	-7.4872723182637
2.9602000713348	-7.4109886634313
2.9649000167847	-7.3346438433440
2.9695999622345	-7.2581432900557
2.9742999076843	-7.1819097150775
2.9790000915527	-7.1067766842218
2.9837000370026	-7.0337422331978
2.9883999824524	-6.9637177880580
2.9930999279022	-6.8972751530982
2.9978001117706	-6.8345162316986
3.0025000572205	-6.7750327293623
3.0072000026703	-6.7180224957797
3.0118999481201	-6.6624909059523
3.0165998935699	-6.6075027883311
3.0213000774384	-6.5524130019441
3.0260000228882	-6.4970374913746
3.0306999683380	-6.4416756155134
3.0353999137878	-6.3870379478321
3.0401000976562	-6.3340354061266
3.0448000431061	-6.2835453562196
3.0494999885559	-6.2361802368982
3.0541999340057	-6.1921293488852
3.0589001178741	-6.1511028849169
3.0636000633240	-6.1124204808477
3.0683000087738	-6.0751725523531
3.0729999542236	-6.0384578891457
3.0776998996735	-6.0016049887664
3.0824000835419	-5.9643514955078
3.0871000289917	-5.9268928882693
3.0917999744415	-5.8898364011898
3.0964999198914	-5.8540183378395
3.1012001037598	-5.8202831709907
3.1059000492096	-5.7892772319668
3.1105999946594	-5.7612548642506
3.1152999401093	-5.7360229517814
3.1199998855591	-5.7129927083232
3.1247000694275	-5.6913210556941
3.1294000148773	-5.6701329570807
3.1340999603271	-5.6487295595325
3.1387999057770	-5.6267837810668
3.1435000896454	-5.6044035734345
3.1482000350952	-5.5821091304920
3.1528999805450	-5.5606749967555
3.1575999259949	-5.5409341365176
3.1623001098633	-5.5235435693938
3.1670000553131	-5.5088239877516
3.1717000007629	-5.4966592714670
3.1763999462128	-5.4865363112052
3.1810998916626	-5.4776623609795
3.1858000755310	-5.4691731018228
3.1905000209808	-5.4603481758523
3.1951999664307	-5.4507995334435
3.1998999118805	-5.4405578070008
3.2046000957489	-5.4300679516050
3.2093000411987	-5.4200598791255
3.2139999866486	-5.4113414685085
3.2186999320984	-5.4045927855798
3.2234001159668	-5.4001799650184
3.2281000614166	-5.3980432323988
3.2328000068665	-5.3977193905509
3.2374999523163	-5.3984473395774
3.2421998977661	-5.3993571983976
3.2469000816345	-5.3996885514417
3.2516000270844	-5.3989868054865
3.2562999725342	-5.3972102032682
3.2609999179840	-5.3947307817976
3.2657001018524	-5.3922210642923
3.2704000473022	-5.3904681495266
3.2750999927521	-5.3901542675201
3.2797999382019	-5.3916608577692
3.2844998836517	-5.3949541779064
3.2892000675201	-5.3995850239488
3.2939000129700	-5.4047734908186
3.2985999584198	-5.4096169476564
3.3032999038696	-5.4132883116503
3.3080000877380	-5.4152483722564
3.3127000331879	-5.4153609306209
3.3173999786377	-5.4139168183278
3.3220999240875	-5.4115209196934
3.3268001079559	-5.4089192721662
3.3315000534058	-5.4067623404923
3.3361999988556	-5.4054095020040
3.3408999443054	-5.4048071541014
3.3455998897552	-5.4044647363995
3.3503000736237	-5.4035570698798
3.3550000190735	-5.4011067840948
3.3596999645233	-5.3962076605572
3.3643999099731	-5.3882395497059
3.3691000938416	-5.3769952385928
3.3738000392914	-5.3627032578256
3.3784999847412	-5.3459346778605
3.3831999301910	-5.3274096701030
3.3879001140594	-5.3077769033345
3.3926000595093	-5.2874086398103
3.3973000049591	-5.2662716921858
3.4019999504089	-5.2439101638935
3.4066998958588	-5.2195532113112
3.4114000797272	-5.1923035699085
3.4161000251770	-5.1613601847010
3.4207999706268	-5.1262362877459
3.4254999160767	-5.0868900267467
3.4302000999451	-5.0437332961781
3.4349000453949	-4.9975403477609
3.4395999908447	-4.9492553500906
3.4442999362946	-4.8997634183459
3.4489998817444	-4.8497015026904
3.4537000656128	-4.7993293009978
3.4584000110626	-4.7485281004287
3.4630999565125	-4.6968923317990
3.4677999019623	-4.6439048233421
3.4725000858307	-4.5891557936158
3.4772000312805	-4.5325238745716
3.4818999767303	-4.4742819503700
3.4865999221802	-4.4151068327948
3.4913001060486	-4.3559789479908
3.4960000514984	-4.2979917450312
3.5006999969482	-4.2421629749532
3.5053999423981	-4.1892344779468
3.5100998878479	-4.1395749210474
3.5148000717163	-4.0931564113927
3.5195000171661	-4.0496420202607
3.5241999626160	-4.0085261998595
3.5288999080658	-3.9693412921651
3.5336000919342	-3.9318083452580
3.5383000373840	-3.8959609023876
3.5429999828339	-3.8621600918932
3.5476999282837	-3.8310285805232
3.5524001121521	-3.8033065353556
3.5571000576019	-3.7796787349350
3.5618000030518	-3.7606057480991
3.5664999485016	-3.7462219852297
3.5711998939514	-3.7362949213702
3.5759000778198	-3.7302869957514
3.5806000232697	-3.7274864847436
3.5852999687195	-3.7271679455659
3.5899999141693	-3.7287677757358
3.5947000980377	-3.7320144828958
3.5994000434875	-3.7369631485314
3.6040999889374	-3.7439734645758
3.6087999343872	-3.7535891093076
3.6135001182556	-3.7663734740363
3.6182000637054	-3.7827467841520
3.6229000091553	-3.8028551139526
3.6275999546051	-3.8265139334812
3.6322999000549	-3.8532248152762
3.6370000839233	-3.8822835410228
3.6417000293732	-3.9129385757300
3.6463999748230	-3.9445585478363
3.6510999202728	-3.9767756091397
3.6558001041412	-4.0095685586270
3.6605000495911	-4.0432455229810
3.6651999950409	-4.0783584757775
3.6698999404907	-4.1155414247470
3.6745998859406	-4.1553304878264
3.6793000698090	-4.1980254297360
3.6840000152588	-4.2435826580365
3.6886999607086	-4.2916237585131
3.6933999061584	-4.3415072549986
3.6981000900269	-4.3924852051367
3.7028000354767	-4.4438855349585
3.7074999809265	-4.4952715631261
3.7121999263763	-4.5465546693657
3.7169001102448	-4.5980163972852
3.7216000556946	-4.6502294980296
3.7263000011444	-4.7039083945978
3.7309999465942	-4.7597115930972
3.7356998920441	-4.8180714821151
3.7404000759125	-4.8790666906410
3.7451000213623	-4.9423923723919
3.7497999668121	-5.0074188072617
3.7544999122620	-5.0733469513904
3.7592000961304	-5.1393959013738
3.7639000415802	-5.2050048679144
3.7685999870300	-5.2699733949784
3.7732999324799	-5.3345174184413
3.7780001163483	-5.3992027663140
3.7827000617981	-5.4647998909327
3.7874000072479	-5.5320665786874
3.7920999526978	-5.6015391959233
3.7967998981476	-5.6733718756772
3.8015000820160	-5.7472733436331
3.8062000274658	-5.8225514525273
3.8108999729156	-5.8982658018835
3.8155999183655	-5.9734509816668
3.8203001022339	-6.0473454993255
3.8250000476837	-6.1195816454673
3.8296999931335	-6.1902682392340
3.8343999385834	-6.2599470907888
3.8390998840332	-6.3294328826424
3.8438000679016	-6.3995690695439
3.8485000133514	-6.4709713579890
3.8531999588013	-6.5438258614695
3.8578999042511	-6.6177971533445
3.8626000881195	-6.6920622814372
3.8673000335693	-6.7654835426124
3.8719999790192	-6.8368632085318
3.8766999244690	-6.9052350857129
3.8814001083374	-6.9700852902658
3.8861000537872	-7.0314839047159
3.8907999992371	-7.0900302127705
3.8954999446869	-7.1466737700669
3.9001998901367	-7.2024226957352
3.9049000740051	-7.2580351881187
3.9096000194550	-7.3137838592391
3.9142999649048	-7.3693344511375
3.9189999103546	-7.4238044159572
3.9237000942230	-7.4759552496194
3.9284000396729	-7.5245086157107
3.9330999851227	-7.5684847206933
3.9377999305725	-7.6074576507069
3.9425001144409	-7.6416916828845
3.9472000598907	-7.6720740262640
3.9519000053406	-7.6998737177281
3.9565999507904	-7.7264149040192
3.9612998962402	-7.7527179801743
3.9660000801086	-7.7792376786937
3.9707000255585	-7.8057564612500
3.9753999710083	-7.8314546189703
3.9800999164581	-7.8551496811437
3.9848001003265	-7.8756454868300
3.9895000457764	-7.8920931713796
3.9941999912262	-7.9042678645151
3.9988999366760	-7.9126735751768
4.0036001205444	-7.9184579695829
4.0082998275757	-7.9231342588206
4.0130000114441	-7.9282228073335
4.0177001953125	-7.9348797521748
4.0223999023438	-7.9436366283760
4.0271000862122	-7.9542951100838
4.0317997932434	-7.9660185796625
4.0364999771118	-7.9775920344622
4.0412001609802	-7.9877855927119
4.0458998680115	-7.9957190598388
4.0506000518799	-8.0011494011184
4.0553002357483	-8.0045695645173
4.0599999427795	-8.0071257931144
4.0647001266479	-8.0103318585171
4.0693998336792	-8.0157051380416
4.0741000175476	-8.0243883008401
4.0788002014160	-8.0368826698203
4.0834999084473	-8.0529319179771
4.0882000923157	-8.0716152623860
4.0928997993469	-8.0915962263722
4.0975999832153	-8.1114851589071
4.1023001670837	-8.1302341170441
4.1069998741150	-8.1474331276414
4.1117000579834	-8.1634395486101
4.1163997650146	-8.1793072463833
4.1210999488831	-8.1965203312213
4.1258001327515	-8.2166098597091
4.1304998397827	-8.2407675346396
4.1352000236511	-8.2695358449150
4.1399002075195	-8.3026678138546
4.1445999145508	-8.3391878959961
4.1493000984192	-8.3776294953853
4.1539998054504	-8.4164182776643
4.1586999893188	-8.4542826779652
4.1634001731873	-8.4905988705452
4.1680998802185	-8.5255693124848
4.1728000640869	-8.5601867957302
4.1774997711182	-8.5959644322950
4.1821999549866	-8.6345581118869
4.1869001388550	-8.6773122236312
4.1915998458862	-8.7249128865691
4.1963000297546	-8.7771909246216
4.2010002136230	-8.8331436091320
4.2056999206543	-8.8911685034948
4.2104001045227	-8.9494572750238
4.2150998115540	-9.0064667228298
4.2197999954224	-9.0613217177366
4.2245001792908	-9.1140721093268
4.2291998863220	-9.1656917342901
4.2339000701904	-9.2178184297122
4.2385997772217	-9.2723418921713
4.2432999610901	-9.3308898258705
4.2480001449585	-9.3944068904995
4.2526998519897	-9.4628924903641
4.2574000358582	-9.5353791819871
4.2621002197266	-9.6101620614849
4.2667999267578	-9.6852335282066
4.2715001106262	-9.7588168093889
4.2761998176575	-9.8298750114231
4.2809000015259	-9.8984418943840
4.2856001853943	-9.9656702381958
4.2902998924255	-10.033598950701
4.2950000762939	-10.104665799111
4.2996997833252	-10.181129912813
4.3043999671936	-10.264549369254
4.3091001510620	-10.355428027781
4.3137998580933	-10.453128561877
4.3185000419617	-10.556076302080
4.3232002258301	-10.662197681758
4.3278999328613	-10.769527193314
4.3326001167297	-10.876804871237
4.3372998237610	-10.983915974239
4.3420000076294	-11.092022169325
4.3467001914978	-11.203353698263
4.3513998985291	-11.320687643532
4.3561000823975	-11.446671099095
4.3607997894287	-11.583150388431
4.3654999732971	-11.730661919881
4.3702001571655	-11.888224712859
4.3748998641968	-12.053482213198
4.3796000480652	-12.223189444134
4.3843002319336	-12.393977269736
4.3889999389648	-12.563204286355
4.3937001228333	-12.729695792882
4.3983998298645	-12.894105687390
4.4031000137329	-13.058780054432
4.4078001976013	-13.227138917960
4.4124999046326	-13.402739933797
4.4172000885010	-13.588266805117
4.4218997955322	-13.784718266587
4.4265999794006	-13.990982898712
4.4313001632690	-14.203919988665
4.4359998703003	-14.419006941242
4.4407000541687	-14.631436741554
4.4454002380371	-14.837444991528
4.4500999450684	-15.035469495342
4.4548001289368	-15.226758904111
4.4594998359680	-15.415148443361
4.4642000198364	-15.606053702963
4.4689002037048	-15.804964724499
4.4735999107361	-16.015866064334
4.4783000946045	-16.239994230053
4.4829998016357	-16.475208060725
4.4876999855042	-16.716195168302
4.4924001693726	-16.955567433172
4.4970998764038	-17.185708806161
4.5018000602722	-17.401000948191
4.5064997673035	-17.599650003544
4.5111999511719	-17.784412600357
4.5159001350403	-17.961854537078
4.5205998420715	-18.140295062958
4.5253000259399	-18.327175705132
4.5300002098083	-18.526580672514
4.5346999168396	-18.737588895519
4.5394001007080	-18.953778580590
4.5440998077393	-19.164245760844
4.5487999916077	-19.356162866477
4.5535001754761	-19.518414355417
4.5581998825073	-19.645242801791
4.5629000663757	-19.738321225703
4.5675997734070	-19.806142964160
4.5722999572754	-19.860946784562
4.5770001411438	-19.914440769527
4.5816998481750	-19.973874360375
4.5864000320435	-20.039585864664
4.5911002159119	-20.104475215202
4.5957999229431	-20.155657685924
4.6005001068115	-20.178190740761
4.6051998138428	-20.160049893914
4.6098999977112	-20.096618822772
4.6146001815796	-19.992650818482
4.6192998886108	-19.860738525087
4.6240000724792	-19.716960587185
4.6286997795105	-19.575925728823
4.6333999633789	-19.446828849664
4.6381001472473	-19.331512674382
4.6427998542786	-19.224586132982
4.6475000381470	-19.115362096630
4.6522002220154	-18.991350002586
4.6568999290466	-18.842396168337
4.6616001129150	-18.664270183350
4.6662998199463	-18.460243707562
4.6710000038147	-18.240032592607
4.6757001876831	-18.016643129812
4.6803998947144	-17.802545679164
4.6851000785828	-17.606472389565
4.6897997856140	-17.431611178415
4.6944999694824	-17.275232208092
4.6992001533508	-17.129765115403
4.7038998603821	-16.984967134601
4.7086000442505	-16.830881293420
4.7133002281189	-16.660786444458
4.7179999351501	-16.473247343329
4.7227001190186	-16.272493859309
4.7273998260498	-16.066978088008
4.7321000099182	-15.866793030094
4.7368001937866	-15.680864336084
4.7414999008179	-15.514740886822
4.7462000846863	-15.369433256923
4.7508997917175	-15.241358745456
4.7555999755859	-15.123344402312
4.7603001594543	-15.006517470287
4.7649998664856	-14.882684275492
4.7697000503540	-14.746617186366
4.7744002342224	-14.597578731811
4.7790999412537	-14.439455497141
4.7838001251221	-14.279530223597
4.7884998321533	-14.126313141377
4.7932000160217	-13.987249151731
4.7979001998901	-13.866850503428
4.8025999069214	-13.765705867558
4.8073000907898	-13.680401954581
4.8119997978210	-13.604406662039
4.8166999816895	-13.529689994058
4.8214001655579	-13.448826768094
4.8260998725891	-13.357044984047
4.8308000564575	-13.253591095784
4.8354997634888	-13.141921158256
4.8401999473572	-13.028642793234
4.8449001312256	-12.921604303549
4.8495998382568	-12.827757833469
4.8543000221252	-12.751392999500
4.8590002059937	-12.693133388681
4.8636999130249	-12.649770406015
4.8684000968933	-12.615025323817
4.8730998039246	-12.581057686148
4.8777999877930	-12.540490903459
4.8825001716614	-12.488435265263
4.8871998786926	-12.423906153952
4.8919000625610	-12.350127828836
4.8965997695923	-12.273563403796
4.9012999534607	-12.202067250739
4.9060001373291	-12.142723483922
4.9106998443604	-12.100028159942
4.9154000282288	-12.074765429084
4.9201002120972	-12.063799101424
4.9247999191284	-12.060756263985
4.9295001029968	-12.057548975637
4.9341998100281	-12.046461246953
4.9388999938965	-12.022293649228
4.9436001777649	-11.983907972689
4.9482998847961	-11.934599825524
4.9530000686646	-11.881103429859
4.9576997756958	-11.831604576940
4.9623999595642	-11.793419755985
4.9671001434326	-11.770986813099
4.9717998504639	-11.764623418241
4.9765000343323	-11.770234712562
4.9812002182007	-11.780079962767
4.9858999252319	-11.784442006587
4.9906001091003	-11.774043368776
4.9952998161316	-11.742505823066
5.0000000000000	-11.688134589179
