#Parameters = {R_fat=48; R_glandular=38; R_skin_outer=50; T10=5; T15=7.5; T5=2.5; T_rad=4; T_x=10; T_y=0; T_z=75; Zc=65; skin_thickness=2; Mesh Pass=1}
#"Frequency / GHz"	"S1,1 (Mesh Pass=1) [Magnitude / dB]"
#-------------------------------------------------------
0.30000001192093	-1.3202781958997
0.30469998717308	-0.84223861467228
0.30939999222755	-0.47190310125686
0.31409999728203	-0.21158734681395
0.31880000233650	-0.057486986353221
0.32350000739098	-2.6850271516531e-07
0.32820001244545	-0.024743953189999
0.33289998769760	-0.11400859779112
0.33759999275208	-0.24833494351251
0.34229999780655	-0.40797792071637
0.34700000286102	-0.57424351624306
0.35170000791550	-0.73074867408028
0.35640001296997	-0.86462128453874
0.36109998822212	-0.96756007332671
0.36579999327660	-1.0364488428171
0.37049999833107	-1.0733141404255
0.37520000338554	-1.0844770063549
0.37990000844002	-1.0790489210286
0.38460001349449	-1.0671696385769
0.38929998874664	-1.0583176311232
0.39399999380112	-1.0600760096004
0.39869999885559	-1.0773723239034
0.40340000391006	-1.1122472728018
0.40810000896454	-1.1639933206899
0.41280001401901	-1.2295389250875
0.41749998927116	-1.3040298197988
0.42219999432564	-1.3815005855777
0.42689999938011	-1.4556518559183
0.43160000443459	-1.5206484079953
0.43630000948906	-1.5718920854742
0.44100001454353	-1.6066669798593
0.44569998979568	-1.6244902240789
0.45039999485016	-1.6271144662461
0.45509999990463	-1.6181471764411
0.45980000495911	-1.6023782395036
0.46450001001358	-1.5849703979447
0.46919998526573	-1.5706947082488
0.47389999032021	-1.5633123715101
0.47859999537468	-1.5651902690114
0.48330000042915	-1.5771547912434
0.48800000548363	-1.5985336625354
0.49270001053810	-1.6273636312044
0.49739998579025	-1.6607262341032
0.50209999084473	-1.6951505586442
0.50679999589920	-1.7270909834901
0.51150000095367	-1.7533964246395
0.51620000600815	-1.7717421529561
0.52090001106262	-1.7809444384146
0.52560001611710	-1.7810991817695
0.53030002117157	-1.7735152050120
0.53500002622604	-1.7604591679576
0.53969997167587	-1.7447649463489
0.54439997673035	-1.7293881448328
0.54909998178482	-1.7169914602176
0.55379998683929	-1.7096040701658
0.55849999189377	-1.7084252932865
0.56319999694824	-1.7137279801045
0.56790000200272	-1.7249038546744
0.57260000705719	-1.7405868701297
0.57730001211166	-1.7588706199834
0.58200001716614	-1.7775693681275
0.58670002222061	-1.7945179031995
0.59140002727509	-1.8078623136797
0.59609997272491	-1.8163042703563
0.60079997777939	-1.8192758512253
0.60549998283386	-1.8169903154044
0.61019998788834	-1.8103823544279
0.61489999294281	-1.8009350707702
0.61959999799728	-1.7904497831728
0.62430000305176	-1.7807685849018
0.62900000810623	-1.7735338136729
0.63370001316071	-1.7699774506551
0.63840001821518	-1.7707993970044
0.64310002326965	-1.7761039639351
0.64780002832413	-1.7854203144888
0.65249997377396	-1.7977874840195
0.65719997882843	-1.8118901626140
0.66189998388290	-1.8262270200128
0.66659998893738	-1.8393184064234
0.67129999399185	-1.8498937230320
0.67599999904633	-1.8570507455028
0.68070000410080	-1.8603693589690
0.68540000915527	-1.8599518044719
0.69010001420975	-1.8563845863523
0.69480001926422	-1.8506313656962
0.69950002431870	-1.8438906306503
0.70420002937317	-1.8374142956487
0.70889997482300	-1.8323438725662
0.71359997987747	-1.8295731400231
0.71829998493195	-1.8296499148178
0.72299998998642	-1.8327221689402
0.72769999504089	-1.8385434476442
0.73240000009537	-1.8465145098559
0.73710000514984	-1.8557738288102
0.74180001020432	-1.8653115943199
0.74650001525879	-1.8741062414397
0.75120002031326	-1.8812584692318
0.75590002536774	-1.8861064270640
0.76059997081757	-1.8883131970588
0.76529997587204	-1.8879068076137
0.76999998092651	-1.8852686392577
0.77469998598099	-1.8810832682139
0.77939999103546	-1.8762430066847
0.78409999608994	-1.8717414077321
0.78880000114441	-1.8685626454057
0.79350000619888	-1.8675702019966
0.79820001125336	-1.8694316143206
0.80290001630783	-1.8745554159657
0.80760002136230	-1.8830763056147
0.81230002641678	-1.8948454482825
0.81699997186661	-1.9094822215039
0.82169997692108	-1.9264164341384
0.82639998197556	-1.9449730384360
0.83109998703003	-1.9644622515340
0.83579999208450	-1.9842623081395
0.84049999713898	-2.0039007440209
0.84520000219345	-2.0231174128235
0.84990000724792	-2.0418923526355
0.85460001230240	-2.0604686761865
0.85930001735687	-2.0793123884400
0.86400002241135	-2.0990789616716
0.86870002746582	-2.1205371682839
0.87339997291565	-2.1444918358197
0.87809997797012	-2.1716929081701
0.88279998302460	-2.2027381692363
0.88749998807907	-2.2379842656251
0.89219999313354	-2.2774491367159
0.89689999818802	-2.3207322730252
0.90160000324249	-2.3669550589743
0.90630000829697	-2.4147216990744
0.91100001335144	-2.4621282993041
0.91570001840591	-2.5068307664228
0.92040002346039	-2.5461930399580
0.92510002851486	-2.5775096534006
0.92979997396469	-2.5982824569253
0.93449997901917	-2.6065417936277
0.93919998407364	-2.6011042793666
0.94389998912811	-2.5817658351830
0.94859999418259	-2.5493397164783
0.95329999923706	-2.5055394959409
0.95800000429153	-2.4527480462628
0.96270000934601	-2.3937087798424
0.96740001440048	-2.3312143341014
0.97210001945496	-2.2678507709529
0.97680002450943	-2.2058027640956
0.98150002956390	-2.1467681690864
0.98619997501373	-2.0919210999908
0.99089998006821	-2.0419483086184
0.99559998512268	-1.9970991423566
1.0003000497818	-1.9572704573136
1.0049999952316	-1.9220908348627
1.0096999406815	-1.8909955056865
1.0144000053406	-1.8633088418045
1.0190999507904	-1.8383201737633
1.0238000154495	-1.8153438560900
1.0284999608994	-1.7937730560854
1.0332000255585	-1.7731366492479
1.0378999710083	-1.7531211416257
1.0426000356674	-1.7335892789866
1.0472999811172	-1.7145800349088
1.0520000457764	-1.6962853364140
1.0566999912262	-1.6790176234537
1.0614000558853	-1.6631581987998
1.0661000013351	-1.6491070238538
1.0707999467850	-1.6372210303489
1.0755000114441	-1.6277704124086
1.0801999568939	-1.6208958149507
1.0849000215530	-1.6165798439446
1.0895999670029	-1.6146446486440
1.0943000316620	-1.6147562508119
1.0989999771118	-1.6164531816603
1.1037000417709	-1.6191947850650
1.1083999872208	-1.6224129912081
1.1131000518799	-1.6255779901339
1.1177999973297	-1.6282562783257
1.1224999427795	-1.6301663425009
1.1272000074387	-1.6312069744652
1.1318999528885	-1.6314759251513
1.1366000175476	-1.6312548256088
1.1412999629974	-1.6309682228513
1.1460000276566	-1.6311375621688
1.1506999731064	-1.6323042548296
1.1554000377655	-1.6349669339234
1.1600999832153	-1.6395126200813
1.1648000478745	-1.6461649711348
1.1694999933243	-1.6549601561883
1.1742000579834	-1.6657261489160
1.1789000034332	-1.6781095010780
1.1835999488831	-1.6916158114006
1.1883000135422	-1.7056674281528
1.1929999589920	-1.7196858287435
1.1977000236511	-1.7331603143912
1.2023999691010	-1.7457313914964
1.2071000337601	-1.7572373241551
1.2117999792099	-1.7677429778734
1.2165000438690	-1.7775340884323
1.2211999893188	-1.7870858712816
1.2259000539780	-1.7969978459213
1.2305999994278	-1.8079142900782
1.2352999448776	-1.8204425228058
1.2400000095367	-1.8350640453874
1.2446999549866	-1.8520800965323
1.2494000196457	-1.8715513633285
1.2540999650955	-1.8933054950969
1.2588000297546	-1.9169372902406
1.2634999752045	-1.9418750183598
1.2682000398636	-1.9674456608058
1.2728999853134	-1.9929766911538
1.2776000499725	-2.0178908754174
1.2822999954224	-2.0417917495626
1.2869999408722	-2.0645326174167
1.2917000055313	-2.0862409014730
1.2963999509811	-2.1073090692010
1.3011000156403	-2.1283458828081
1.3057999610901	-2.1500941586402
1.3105000257492	-2.1733307147692
1.3151999711990	-2.1987604565266
1.3199000358582	-2.2269149397545
1.3245999813080	-2.2580787773703
1.3293000459671	-2.2922441714260
1.3339999914169	-2.3291076389201
1.3387000560760	-2.3680996844799
1.3434000015259	-2.4084710536843
1.3480999469757	-2.4493877890213
1.3528000116348	-2.4900539583071
1.3574999570847	-2.5298408867263
1.3622000217438	-2.5683744471218
1.3668999671936	-2.6056136857297
1.3716000318527	-2.6418580758496
1.3762999773026	-2.6777189421476
1.3810000419617	-2.7140332802792
1.3856999874115	-2.7517548204476
1.3904000520706	-2.7918179311939
1.3950999975204	-2.8350027800008
1.3997999429703	-2.8818265911159
1.4045000076294	-2.9324657276990
1.4091999530792	-2.9867123114319
1.4139000177383	-3.0440067335930
1.4185999631882	-3.1034989750873
1.4233000278473	-3.1641706274059
1.4279999732971	-3.2249759283347
1.4327000379562	-3.2850119475807
1.4373999834061	-3.3436417994755
1.4421000480652	-3.4006253327088
1.4467999935150	-3.4561548551039
1.4515000581741	-3.5108398513312
1.4562000036240	-3.5656369390440
1.4608999490738	-3.6217082223730
1.4656000137329	-3.6802717800557
1.4702999591827	-3.7424074363076
1.4750000238419	-3.8089151387829
1.4796999692917	-3.8801931490850
1.4844000339508	-3.9561606974482
1.4890999794006	-4.0362620576651
1.4938000440598	-4.1195250154905
1.4984999895096	-4.2047036049923
1.5032000541687	-4.2904300939321
1.5078999996185	-4.3754529383864
1.5125999450684	-4.4588030145656
1.5173000097275	-4.5399768501061
1.5219999551773	-4.6190228295577
1.5267000198364	-4.6965605459122
1.5313999652863	-4.7737022967132
1.5361000299454	-4.8519111961317
1.5407999753952	-4.9327785414739
1.5455000400543	-5.0178172199384
1.5501999855042	-5.1082326601130
1.5549000501633	-5.2047391667285
1.5595999956131	-5.3074588501927
1.5642999410629	-5.4158633606421
1.5690000057220	-5.5288488819061
1.5736999511719	-5.6448529432637
1.5784000158310	-5.7620913695140
1.5830999612808	-5.8788053648961
1.5878000259399	-5.9935513852364
1.5924999713898	-6.1054343080137
1.5972000360489	-6.2142871601752
1.6018999814987	-6.3207379188321
1.6066000461578	-6.4261398529266
1.6112999916077	-6.5324079795332
1.6160000562668	-6.6417504549300
1.6207000017166	-6.7563678867668
1.6253999471664	-6.8781396240173
1.6301000118256	-7.0083484604389
1.6347999572754	-7.1474871969546
1.6395000219345	-7.2951643747394
1.6441999673843	-7.4501112887649
1.6489000320435	-7.6103380043330
1.6535999774933	-7.7733879148094
1.6583000421524	-7.9366821694461
1.6629999876022	-8.0979422910271
1.6677000522614	-8.2555756112429
1.6723999977112	-8.4090025308013
1.6770999431610	-8.5588138052568
1.6818000078201	-8.7067838937354
1.6864999532700	-8.8556613404286
1.6912000179291	-9.0088200798273
1.6958999633789	-9.1698015063014
1.7006000280380	-9.3418361512913
1.7052999734879	-9.5273947378926
1.7100000381470	-9.7278121063659
1.7146999835968	-9.9430602295748
1.7194000482559	-10.171657025691
1.7240999937057	-10.410758730934
1.7288000583649	-10.656467961502
1.7335000038147	-10.904328120961
1.7381999492645	-11.149995632912
1.7429000139236	-11.390011467819
1.7475999593735	-11.622517678812
1.7523000240326	-11.847777871563
1.7569999694824	-12.068373495575
1.7617000341415	-12.288959314939
1.7663999795914	-12.515681846246
1.7711000442505	-12.755305951743
1.7757999897003	-13.014210962831
1.7805000543594	-13.297389006055
1.7851999998093	-13.607497700767
1.7898999452591	-13.944010294821
1.7946000099182	-14.302559154908
1.7992999553680	-14.674514705284
1.8040000200272	-15.047120412205
1.8086999654770	-15.404410047416
1.8134000301361	-15.729286366673
1.8180999755859	-16.006633494848
1.8228000402451	-16.226790321194
1.8274999856949	-16.388128675231
1.8322000503540	-16.497408044779
1.8368999958038	-16.567611019768
1.8415999412537	-16.613964522906
1.8463000059128	-16.649491923847
1.8509999513626	-16.681160167487
1.8557000160217	-16.707120154661
1.8603999614716	-16.715456111238
1.8651000261307	-16.684873208283
1.8697999715805	-16.588405717111
1.8745000362396	-16.400345824466
1.8791999816895	-16.104933610242
1.8839000463486	-15.703073103109
1.8885999917984	-15.213178801796
1.8933000564575	-14.666049795904
1.8980000019073	-14.097071592181
1.9026999473572	-13.539799485269
1.9074000120163	-13.022600074950
1.9120999574661	-12.567956404179
1.9168000221252	-12.193250339062
1.9214999675751	-11.912043001414
1.9262000322342	-11.735275135568
1.9308999776840	-11.672222479218
1.9356000423431	-11.731208822986
1.9402999877930	-11.920031512447
1.9450000524521	-12.246219345914
1.9496999979019	-12.716982846848
1.9543999433517	-13.338547497769
1.9591000080109	-14.114075513175
1.9637999534607	-15.038313793674
1.9685000181198	-16.085053443184
1.9731999635696	-17.181252845137
1.9779000282288	-18.167614566871
1.9825999736786	-18.786418297259
1.9873000383377	-18.800735786984
1.9919999837875	-18.209301337638
1.9967000484467	-17.245221292717
2.0013999938965	-16.160644035609
2.0060999393463	-15.108813823686
2.0107998847961	-14.156722408334
2.0155000686646	-13.324471008627
2.0202000141144	-12.610990595460
2.0248999595642	-12.006467187975
2.0295999050140	-11.497757886123
2.0343000888824	-11.070542930608
2.0390000343323	-10.710247317481
2.0436999797821	-10.402569643891
2.0483999252319	-10.133929224810
2.0531001091003	-9.8920292682587
2.0578000545502	-9.6664764296171
2.0625000000000	-9.4493333501397
2.0671999454498	-9.2354883117153
2.0718998908997	-9.0226921132375
2.0766000747681	-8.8112628959863
2.0813000202179	-8.6034948838424
2.0859999656677	-8.4028826131682
2.0906999111176	-8.2133473167523
2.0954000949860	-8.0385305259219
2.1001000404358	-7.8812546859700
2.1047999858856	-7.7431832916655
2.1094999313354	-7.6246338132618
2.1142001152039	-7.5245888264933
2.1189000606537	-7.4408330047560
2.1236000061035	-7.3702362461706
2.1282999515533	-7.3091117591816
2.1329998970032	-7.2536693959875
2.1377000808716	-7.2004609915260
2.1424000263214	-7.1467839596250
2.1470999717712	-7.0909806206151
2.1517999172211	-7.0325826876956
2.1565001010895	-6.9722619871451
2.1612000465393	-6.9116386300832
2.1658999919891	-6.8529374364603
2.1705999374390	-6.7986103315567
2.1752998828888	-6.7509499577292
2.1800000667572	-6.7117504357609
2.1847000122070	-6.6820696180647
2.1893999576569	-6.6621105598892
2.1940999031067	-6.6511970795052
2.1988000869751	-6.6478778630908
2.2035000324249	-6.6501309614170
2.2081999778748	-6.6556358463837
2.2128999233246	-6.6620710566628
2.2176001071930	-6.6674492677104
2.2223000526428	-6.6703509062005
2.2269999980927	-6.6701199465307
2.2316999435425	-6.6669073839896
2.2363998889923	-6.6616166957187
2.2411000728607	-6.6557085366114
2.2458000183105	-6.6509640451168
2.2504999637604	-6.6491890593080
2.2551999092102	-6.6519309775342
2.2599000930786	-6.6602713540874
2.2646000385284	-6.6746581941472
2.2692999839783	-6.6948617309604
2.2739999294281	-6.7200012867217
2.2787001132965	-6.7486717264626
2.2834000587463	-6.7791303799107
2.2881000041962	-6.8095444940301
2.2927999496460	-6.8382433673169
2.2974998950958	-6.8639423616011
2.3022000789642	-6.8859180467758
2.3069000244141	-6.9040887843677
2.3115999698639	-6.9190055627170
2.3162999153137	-6.9317222368221
2.3210000991821	-6.9436109150831
2.3257000446320	-6.9561340912308
2.3303999900818	-6.9706125682753
2.3350999355316	-6.9880033254568
2.3397998809814	-7.0087739301631
2.3445000648499	-7.0328288374317
2.3492000102997	-7.0595150750930
2.3538999557495	-7.0877340152001
2.3585999011993	-7.1160979541108
2.3633000850677	-7.1431412880338
2.3680000305176	-7.1675473475825
2.3726999759674	-7.1883709697858
2.3773999214172	-7.2051842467347
2.3821001052856	-7.2181743573723
2.3868000507355	-7.2281329800051
2.3914999961853	-7.2363661274192
2.3961999416351	-7.2445271289201
2.4008998870850	-7.2544089321029
2.4056000709534	-7.2677328151499
2.4103000164032	-7.2859557334499
2.4149999618530	-7.3101087972965
2.4196999073029	-7.3407350122519
2.4244000911713	-7.3778477925723
2.4291000366211	-7.4209838142322
2.4337999820709	-7.4693103228789
2.4384999275208	-7.5217635308003
2.4432001113892	-7.5772041807262
2.4479000568390	-7.6345866828762
2.4526000022888	-7.6930928700304
2.4572999477386	-7.7522158447301
2.4619998931885	-7.8117915397997
2.4667000770569	-7.8719607319955
2.4714000225067	-7.9330793631196
2.4760999679565	-7.9955908543305
2.4807999134064	-8.0598462785307
2.4855000972748	-8.1259866168480
2.4902000427246	-8.1937987040125
2.4948999881744	-8.2626560405692
2.4995999336243	-8.3315169141234
2.5043001174927	-8.3989645494974
2.5090000629425	-8.4633604745368
2.5137000083923	-8.5229825402442
2.5183999538422	-8.5762363170275
2.5230998992920	-8.6218564847604
2.5278000831604	-8.6590226054672
2.5325000286102	-8.6874730847350
2.5371999740601	-8.7074952790563
2.5418999195099	-8.7198302775898
2.5466001033783	-8.7255219192379
2.5513000488281	-8.7257228263702
2.5559999942780	-8.7214728695533
2.5606999397278	-8.7135350336491
2.5653998851776	-8.7022684370984
2.5701000690460	-8.6875720646904
2.5748000144958	-8.6689287701257
2.5794999599457	-8.6454900061679
2.5841999053955	-8.6162399975898
2.5889000892639	-8.5801875298397
2.5936000347137	-8.5365456781660
2.5982999801636	-8.4848933234941
2.6029999256134	-8.4252636148409
2.6077001094818	-8.3581586789074
2.6124000549316	-8.2844944578585
2.6171000003815	-8.2054664550716
2.6217999458313	-8.1223848268257
2.6264998912811	-8.0365000602289
2.6312000751495	-7.9488367634878
2.6359000205994	-7.8600911356892
2.6405999660492	-7.7705572330535
2.6452999114990	-7.6801463315422
2.6500000953674	-7.5884524528234
2.6547000408173	-7.4948523126086
2.6593999862671	-7.3986581389933
2.6640999317169	-7.2992664300446
2.6688001155853	-7.1962719747164
2.6735000610352	-7.0895667700160
2.6782000064850	-6.9793909478819
2.6828999519348	-6.8662874491080
2.6875998973846	-6.7510575358218
2.6923000812531	-6.6346457676917
2.6970000267029	-6.5180070448988
2.7016999721527	-6.4019927538970
2.7063999176025	-6.2872475167226
2.7111001014709	-6.1741384854439
2.7158000469208	-6.0627406101476
2.7204999923706	-5.9528451854225
2.7251999378204	-5.8440322328545
2.7298998832703	-5.7357517570733
2.7346000671387	-5.6274328697610
2.7393000125885	-5.5185793829517
2.7439999580383	-5.4088680169984
2.7486999034882	-5.2981982086484
2.7534000873566	-5.1867184394611
2.7581000328064	-5.0748040263005
2.7627999782562	-4.9630085793706
2.7674999237061	-4.8519758561299
2.7722001075745	-4.7423626640875
2.7769000530243	-4.6347368291227
2.7815999984741	-4.5295240230407
2.7862999439240	-4.4269436326616
2.7909998893738	-4.3269979270761
2.7957000732422	-4.2294953689358
2.8004000186920	-4.1340889037450
2.8050999641418	-4.0403373720317
2.8097999095917	-3.9477894814279
2.8145000934601	-3.8560643352012
2.8192000389099	-3.7648935256624
2.8238999843597	-3.6741892973006
2.8285999298096	-3.5840529270583
2.8333001136780	-3.4947517182048
2.8380000591278	-3.4066970379191
2.8427000045776	-3.3203688884877
2.8473999500275	-3.2362672609689
2.8520998954773	-3.1548319274342
2.8568000793457	-3.0763877581961
2.8615000247955	-3.0011076424889
2.8661999702454	-2.9290032961518
2.8708999156952	-2.8599223402849
2.8756000995636	-2.7935864163651
2.8803000450134	-2.7296402909639
2.8849999904633	-2.6677050090325
2.8896999359131	-2.6074321148993
2.8943998813629	-2.5485725123947
2.8991000652313	-2.4909976763979
2.9038000106812	-2.4347156357811
2.9084999561310	-2.3798794549800
2.9131999015808	-2.3267468306871
2.9179000854492	-2.2756488069657
2.9226000308990	-2.2269251780285
2.9272999763489	-2.1808860104277
2.9319999217987	-2.1377532770814
2.9367001056671	-2.0976292622635
2.9414000511169	-2.0604816178653
2.9460999965668	-2.0261485939700
2.9507999420166	-1.9943492259191
2.9554998874664	-1.9647368197235
2.9602000713348	-1.9369238030516
2.9649000167847	-1.9105497189160
2.9695999622345	-1.8853137054621
2.9742999076843	-1.8610175833005
2.9790000915527	-1.8375825058773
2.9837000370026	-1.8150455717595
2.9883999824524	-1.7935518598931
2.9930999279022	-1.7733151534642
2.9978001117706	-1.7545882537851
3.0025000572205	-1.7375974732045
3.0072000026703	-1.7225180698384
3.0118999481201	-1.7094374996093
3.0165998935699	-1.6983296553483
3.0213000774384	-1.6890524869375
3.0260000228882	-1.6813754841040
3.0306999683380	-1.6749827106009
3.0353999137878	-1.6695358267297
3.0401000976562	-1.6647024833940
3.0448000431061	-1.6601951100662
3.0494999885559	-1.6558175610458
3.0541999340057	-1.6514747129685
3.0589001178741	-1.6471868560900
3.0636000633240	-1.6430707181845
3.0683000087738	-1.6393192979382
3.0729999542236	-1.6361670072300
3.0776998996735	-1.6338480699060
3.0824000835419	-1.6325527990428
3.0871000289917	-1.6323998322994
3.0917999744415	-1.6334131868667
3.0964999198914	-1.6355096656547
3.1012001037598	-1.6385161860316
3.1059000492096	-1.6421853038625
3.1105999946594	-1.6462272252735
3.1152999401093	-1.6503552398125
3.1199998855591	-1.6543163614584
3.1247000694275	-1.6579307950449
3.1294000148773	-1.6611081116512
3.1340999603271	-1.6638655530030
3.1387999057770	-1.6663108307638
3.1435000896454	-1.6686297943727
3.1482000350952	-1.6710511291873
3.1528999805450	-1.6738114784886
3.1575999259949	-1.6771146642238
3.1623001098633	-1.6811005477305
3.1670000553131	-1.6858199218226
3.1717000007629	-1.6912287417896
3.1763999462128	-1.6971910396404
3.1810998916626	-1.7034943703891
3.1858000755310	-1.7098833845924
3.1905000209808	-1.7160903989668
3.1951999664307	-1.7218786585697
3.1998999118805	-1.7270670765437
3.2046000957489	-1.7315633532705
3.2093000411987	-1.7353684937112
3.2139999866486	-1.7385742754596
3.2186999320984	-1.7413529588711
3.2234001159668	-1.7439188050509
3.2281000614166	-1.7465016688778
3.2328000068665	-1.7493100879680
3.2374999523163	-1.7524930940238
3.2421998977661	-1.7561273769300
3.2469000816345	-1.7601913050900
3.2516000270844	-1.7645808718936
3.2562999725342	-1.7691196361659
3.2609999179840	-1.7735819919692
3.2657001018524	-1.7777304479355
3.2704000473022	-1.7813510469450
3.2750999927521	-1.7842835651715
3.2797999382019	-1.7864490647544
3.2844998836517	-1.7878589030809
3.2892000675201	-1.7886192423336
3.2939000129700	-1.7889109469802
3.2985999584198	-1.7889697877456
3.3032999038696	-1.7890521397980
3.3080000877380	-1.7894003544858
3.3127000331879	-1.7902096603168
3.3173999786377	-1.7916070674667
3.3220999240875	-1.7936368797620
3.3268001079559	-1.7962598920498
3.3315000534058	-1.7993677086485
3.3361999988556	-1.8028006303393
3.3408999443054	-1.8063796543719
3.3455998897552	-1.8099431500757
3.3503000736237	-1.8133697333269
3.3550000190735	-1.8166098896168
3.3596999645233	-1.8196920234266
3.3643999099731	-1.8227309935305
3.3691000938416	-1.8259104712177
3.3738000392914	-1.8294677615114
3.3784999847412	-1.8336561617073
3.3831999301910	-1.8387224061295
3.3879001140594	-1.8448686654856
3.3926000595093	-1.8522317752480
3.3973000049591	-1.8608665634883
3.4019999504089	-1.8707460311208
3.4066998958588	-1.8817658169557
3.4114000797272	-1.8937624438564
3.4161000251770	-1.9065477877839
3.4207999706268	-1.9199264732158
3.4254999160767	-1.9337398239496
3.4302000999451	-1.9478796262644
3.4349000453949	-1.9623146473615
3.4395999908447	-1.9770906048396
3.4442999362946	-1.9923254630421
3.4489998817444	-2.0081940354625
3.4537000656128	-2.0249016002666
3.4584000110626	-2.0426568700769
3.4630999565125	-2.0616387073987
3.4677999019623	-2.0819753259615
3.4725000858307	-2.1037213841079
3.4772000312805	-2.1268517106440
3.4818999767303	-2.1512671841662
3.4865999221802	-2.1768065206118
3.4913001060486	-2.2032712846619
3.4960000514984	-2.2304497244476
3.5006999969482	-2.2581549417569
3.5053999423981	-2.2862439995464
3.5100998878479	-2.3146465518378
3.5148000717163	-2.3433703682494
3.5195000171661	-2.3725004605633
3.5241999626160	-2.4021914969736
3.5288999080658	-2.4326432125767
3.5336000919342	-2.4640708828117
3.5383000373840	-2.4966769092240
3.5429999828339	-2.5306233678889
3.5476999282837	-2.5660047118237
3.5524001121521	-2.6028341765696
3.5571000576019	-2.6410478265766
3.5618000030518	-2.6805084916466
3.5664999485016	-2.7210267938108
3.5711998939514	-2.7623858007100
3.5759000778198	-2.8043763462526
3.5806000232697	-2.8468264697713
3.5852999687195	-2.8896238673379
3.5899999141693	-2.9327377329162
3.5947000980377	-2.9762231667318
3.5994000434875	-3.0202132035334
3.6040999889374	-3.0649014839059
3.6087999343872	-3.1105146285229
3.6135001182556	-3.1572788071828
3.6182000637054	-3.2053900982470
3.6229000091553	-3.2549835342605
3.6275999546051	-3.3061091996017
3.6322999000549	-3.3587329297552
3.6370000839233	-3.4127287138696
3.6417000293732	-3.4679032110123
3.6463999748230	-3.5240177462319
3.6510999202728	-3.5808254827826
3.6558001041412	-3.6380998011508
3.6605000495911	-3.6956796036541
3.6651999950409	-3.7534841731678
3.6698999404907	-3.8115345210349
3.6745998859406	-3.8699496502558
3.6793000698090	-3.9289356847679
3.6840000152588	-3.9887612376859
3.6886999607086	-4.0497219381832
3.6933999061584	-4.1121039740451
3.6981000900269	-4.1761451470158
3.7028000354767	-4.2420168939073
3.7074999809265	-4.3097954153722
3.7121999263763	-4.3794679334807
3.7169001102448	-4.4509424877177
3.7216000556946	-4.5240710999444
3.7263000011444	-4.5986891965224
3.7309999465942	-4.6746553373545
3.7356998920441	-4.7518933690348
3.7404000759125	-4.8304285075832
3.7451000213623	-4.9104081767481
3.7497999668121	-4.9921164222440
3.7544999122620	-5.0759620590673
3.7592000961304	-5.1624588346798
3.7639000415802	-5.2521852166877
3.7685999870300	-5.3457449267435
3.7732999324799	-5.4437174683428
3.7780001163483	-5.5466266923007
3.7827000617981	-5.6548996368058
3.7874000072479	-5.7688571033825
3.7920999526978	-5.8887125878117
3.7967998981476	-6.0145849490889
3.8015000820160	-6.1465339333949
3.8062000274658	-6.2846039727241
3.8108999729156	-6.4288652877821
3.8155999183655	-6.5794731260363
3.8203001022339	-6.7367023987838
3.8250000476837	-6.9009760671140
3.8296999931335	-7.0728791919645
3.8343999385834	-7.2531448027680
3.8390998840332	-7.4426235380295
3.8438000679016	-7.6422427313357
3.8485000133514	-7.8529367155455
3.8531999588013	-8.0755891223400
3.8578999042511	-8.3109679386510
3.8626000881195	-8.5596706990458
3.8673000335693	-8.8220913843637
3.8719999790192	-9.0984022340577
3.8766999244690	-9.3885653736483
3.8814001083374	-9.6923817434948
3.8861000537872	-10.009543424710
3.8907999992371	-10.339741888167
3.8954999446869	-10.682759481814
3.9001998901367	-11.038575188867
3.9049000740051	-11.407461837989
3.9096000194550	-11.790037710858
3.9142999649048	-12.187293314214
3.9189999103546	-12.600547521790
3.9237000942230	-13.031372680175
3.9284000396729	-13.481454404592
3.9330999851227	-13.952416939227
3.9377999305725	-14.445625418364
3.9425001144409	-14.961967639750
3.9472000598907	-15.501642441430
3.9519000053406	-16.063947566023
3.9565999507904	-16.647087899109
3.9612998962402	-17.248001062774
3.9660000801086	-17.862160169849
3.9707000255585	-18.483369158632
3.9753999710083	-19.103434565984
3.9800999164581	-19.711693390326
3.9848001003265	-20.294332627991
3.9895000457764	-20.833605208511
3.9941999912262	-21.307272640053
3.9988999366760	-21.689046857954
4.0036001205444	-21.951028340072
4.0082998275757	-22.068798073336
4.0130000114441	-22.028135524456
4.0177001953125	-21.830502863546
4.0223999023438	-21.493889440877
4.0271000862122	-21.048355136117
4.0317997932434	-20.528754527529
4.0364999771118	-19.968207977409
4.0412001609802	-19.394212702212
4.0458998680115	-18.827446930969
4.0506000518799	-18.282161613782
4.0553002357483	-17.767336127907
4.0599999427795	-17.287971912740
4.0647001266479	-16.846217577160
4.0693998336792	-16.442317290291
4.0741000175476	-16.075316659292
4.0788002014160	-15.743657065819
4.0834999084473	-15.445588567669
4.0882000923157	-15.179481752868
4.0928997993469	-14.944059033263
4.0975999832153	-14.738505359735
4.1023001670837	-14.562515432884
4.1069998741150	-14.416240214142
4.1117000579834	-14.300200955266
4.1163997650146	-14.215116770116
4.1210999488831	-14.161728815277
4.1258001327515	-14.140582519861
4.1304998397827	-14.151805040105
4.1352000236511	-14.194881029181
4.1399002075195	-14.268419175906
4.1445999145508	-14.369936476249
4.1493000984192	-14.495657009256
4.1539998054504	-14.640366602460
4.1586999893188	-14.797355168723
4.1634001731873	-14.958520108272
4.1680998802185	-15.114677379195
4.1728000640869	-15.256146285857
4.1774997711182	-15.373571336871
4.1821999549866	-15.458870641124
4.1869001388550	-15.506120204776
4.1915998458862	-15.512149659799
4.1963000297546	-15.476647003118
4.2010002136230	-15.401762690849
4.2056999206543	-15.291393044560
4.2104001045227	-15.150321334479
4.2150998115540	-14.983512930883
4.2197999954224	-14.795693201649
4.2245001792908	-14.591216932684
4.2291998863220	-14.374207018202
4.2339000701904	-14.148805560491
4.2385997772217	-13.919453704864
4.2432999610901	-13.691091655368
4.2480001449585	-13.469213379212
4.2526998519897	-13.259792127431
4.2574000358582	-13.069112069054
4.2621002197266	-12.903541507534
4.2667999267578	-12.769326861384
4.2715001106262	-12.672412711812
4.2761998176575	-12.618342475726
4.2809000015259	-12.612231868833
4.2856001853943	-12.658781967261
4.2902998924255	-12.762362321281
4.2950000762939	-12.927093744585
4.2996997833252	-13.156930854923
4.3043999671936	-13.455729772834
4.3091001510620	-13.827240833801
4.3137998580933	-14.274988291234
4.3185000419617	-14.801964194934
4.3232002258301	-15.409976317139
4.3278999328613	-16.098420767811
4.3326001167297	-16.862071534266
4.3372998237610	-17.687299451093
4.3420000076294	-18.546191104476
4.3467001914978	-19.388907179684
4.3513998985291	-20.138098433787
4.3561000823975	-20.695424014881
4.3607997894287	-20.971805771798
4.3654999732971	-20.932581467328
4.3702001571655	-20.618328514109
4.3748998641968	-20.118149504831
4.3796000480652	-19.524863490478
4.3843002319336	-18.908455635207
4.3889999389648	-18.312204603133
4.3937001228333	-17.759102795745
4.3983998298645	-17.259421050072
4.4031000137329	-16.816300927068
4.4078001976013	-16.429317303523
4.4124999046326	-16.096491646803
4.4172000885010	-15.815412703554
4.4218997955322	-15.583804219653
4.4265999794006	-15.399779714288
4.4313001632690	-15.261948394069
4.4359998703003	-15.169412190559
4.4407000541687	-15.121769759608
4.4454002380371	-15.119090841397
4.4500999450684	-15.161942282727
4.4548001289368	-15.251426497723
4.4594998359680	-15.389271633017
4.4642000198364	-15.577966770886
4.4689002037048	-15.820958819561
4.4735999107361	-16.122897886031
4.4783000946045	-16.489987244917
4.4829998016357	-16.930433553286
4.4876999855042	-17.455072322820
4.4924001693726	-18.078280877906
4.4970998764038	-18.819272003554
4.5018000602722	-19.704096009189
4.5064997673035	-20.768621847075
4.5111999511719	-22.062889251003
4.5159001350403	-23.655881300756
4.5205998420715	-25.631452475820
4.5253000259399	-28.014738945890
4.5300002098083	-30.324999538199
4.5346999168396	-30.674079845549
4.5394001007080	-28.442535469726
4.5440998077393	-25.675334732410
4.5487999916077	-23.259923040399
4.5535001754761	-21.252924756717
4.5581998825073	-19.574034007484
4.5629000663757	-18.147569965212
4.5675997734070	-16.917149795021
4.5722999572754	-15.841863384563
4.5770001411438	-14.891571762578
4.5816998481750	-14.043525122881
4.5864000320435	-13.280187224171
4.5911002159119	-12.587804664338
4.5957999229431	-11.955506980203
4.6005001068115	-11.374689539976
4.6051998138428	-10.838568580796
4.6098999977112	-10.341847591395
4.6146001815796	-9.8804218168835
4.6192998886108	-9.4511368554648
4.6240000724792	-9.0515312133150
4.6286997795105	-8.6796382014667
4.6333999633789	-8.3337793577320
4.6381001472473	-8.0124133400713
4.6427998542786	-7.7140158687201
4.6475000381470	-7.4370135517069
4.6522002220154	-7.1797442016103
4.6568999290466	-6.9404670265647
4.6616001129150	-6.7174227961636
4.6662998199463	-6.5088856392527
4.6710000038147	-6.3132639124226
4.6757001876831	-6.1291613781124
4.6803998947144	-5.9554615141929
4.6851000785828	-5.7913505232424
4.6897997856140	-5.6363370620992
4.6944999694824	-5.4902039555629
4.6992001533508	-5.3529603581445
4.7038998603821	-5.2247445611292
4.7086000442505	-5.1057356542230
4.7133002281189	-4.9960399256432
4.7179999351501	-4.8956270040849
4.7227001190186	-4.8042527358121
4.7273998260498	-4.7214497184826
4.7321000099182	-4.6465309721992
4.7368001937866	-4.5786258760949
4.7414999008179	-4.5167601747651
4.7462000846863	-4.4599421844494
4.7508997917175	-4.4072551518456
4.7555999755859	-4.3579599348038
4.7603001594543	-4.3115490710475
4.7649998664856	-4.2678089019977
4.7697000503540	-4.2268004191212
4.7744002342224	-4.1888378594236
4.7790999412537	-4.1544105567207
4.7838001251221	-4.1240857232119
4.7884998321533	-4.0984085846131
4.7932000160217	-4.0777878552095
4.7979001998901	-4.0624173670668
4.8025999069214	-4.0522220240127
4.8073000907898	-4.0468274059727
4.8119997978210	-4.0455869209466
4.8166999816895	-4.0476285887011
4.8214001655579	-4.0519528545591
4.8260998725891	-4.0575274843170
4.8308000564575	-4.0634190910726
4.8354997634888	-4.0688892533518
4.8401999473572	-4.0734848986980
4.8449001312256	-4.0770855486169
4.8495998382568	-4.0799002856570
4.8543000221252	-4.0824261598859
4.8590002059937	-4.0853554290550
4.8636999130249	-4.0894595411994
4.8684000968933	-4.0954768479858
4.8730998039246	-4.1039818122897
4.8777999877930	-4.1153055006008
4.8825001716614	-4.1294736414216
4.8871998786926	-4.1462097534929
4.8919000625610	-4.1649645728122
4.8965997695923	-4.1849963203849
4.9012999534607	-4.2054825569949
4.9060001373291	-4.2256491536782
4.9106998443604	-4.2448858398168
4.9154000282288	-4.2628684395846
4.9201002120972	-4.2796051368464
4.9247999191284	-4.2954644938588
4.9295001029968	-4.3111248441383
4.9341998100281	-4.3274907329859
4.9388999938965	-4.3455598776463
4.9436001777649	-4.3662786512945
4.9482998847961	-4.3904103042090
4.9530000686646	-4.4184041621255
4.9576997756958	-4.4503329159802
4.9623999595642	-4.4858533330518
4.9671001434326	-4.5242333620943
4.9717998504639	-4.5644376336052
4.9765000343323	-4.6052313813549
4.9812002182007	-4.6453474284395
4.9858999252319	-4.6836404691962
4.9906001091003	-4.7192365748026
4.9952998161316	-4.7516516945244
5.0000000000000	-4.7808391335288
#Parameters = {R_fat=48; R_glandular=38; R_skin_outer=50; T10=5; T15=7.5; T5=2.5; T_rad=4; T_x=10; T_y=0; T_z=75; Zc=65; skin_thickness=2; Mesh Pass=2}
#"Frequency / GHz"	"S1,1 (Mesh Pass=2) [Magnitude / dB]"
#-------------------------------------------------------
0.30000001192093	-7.3481469191533
0.30469998717308	-7.0377341021951
0.30939999222755	-6.8027748106732
0.31409999728203	-6.7055011902941
0.31880000233650	-6.7732274118806
0.32350000739098	-7.0013654110159
0.32820001244545	-7.3525659590039
0.33289998769760	-7.7493865983901
0.33759999275208	-8.0712866576634
0.34229999780655	-8.1848471884996
0.34700000286102	-8.0224449198087
0.35170000791550	-7.6446443192369
0.35640001296997	-7.2037437965357
0.36109998822212	-6.8552328712221
0.36579999327660	-6.7104444925612
0.37049999833107	-6.8413871596836
0.37520000338554	-7.3075188650302
0.37990000844002	-8.1890144071399
0.38460001349449	-9.6337932619075
0.38929998874664	-11.959990889195
0.39399999380112	-16.000050180931
0.39869999885559	-24.693196398948
0.40340000391006	-20.679405336924
0.40810000896454	-13.292056440050
0.41280001401901	-9.3360124481249
0.41749998927116	-6.8636519591186
0.42219999432564	-5.2720451011873
0.42689999938011	-4.2837547467123
0.43160000443459	-3.7336221495311
0.43630000948906	-3.5093266737241
0.44100001454353	-3.5293606762615
0.44569998979568	-3.7298527065566
0.45039999485016	-4.0526874892923
0.45509999990463	-4.4343554816556
0.45980000495911	-4.7996959267169
0.46450001001358	-5.0692224494577
0.46919998526573	-5.1851085124898
0.47389999032021	-5.1408030780705
0.47859999537468	-4.9842790775780
0.48330000042915	-4.7889747214588
0.48800000548363	-4.6198861631816
0.49270001053810	-4.5168362495491
0.49739998579025	-4.4935492747966
0.50209999084473	-4.5426673974940
0.50679999589920	-4.6409807588040
0.51150000095367	-4.7545509153475
0.51620000600815	-4.8459594724133
0.52090001106262	-4.8848010668015
0.52560001611710	-4.8582717097150
0.53030002117157	-4.7754156781800
0.53500002622604	-4.6616835114632
0.53969997167587	-4.5475825754492
0.54439997673035	-4.4583631280582
0.54909998178482	-4.4084002596644
0.55379998683929	-4.3998584980798
0.55849999189377	-4.4239124012836
0.56319999694824	-4.4635357294066
0.56790000200272	-4.4978980059619
0.57260000705719	-4.5082072869795
0.57730001211166	-4.4836273384166
0.58200001716614	-4.4246624885480
0.58670002222061	-4.3421791714831
0.59140002727509	-4.2527192114158
0.59609997272491	-4.1726885246874
0.60079997777939	-4.1138174057174
0.60549998283386	-4.0807914786020
0.61019998788834	-4.0708608535616
0.61489999294281	-4.0750323995189
0.61959999799728	-4.0805954131477
0.62430000305176	-4.0747503508133
0.62900000810623	-4.0484612619403
0.63370001316071	-3.9992297301270
0.63840001821518	-3.9315377003583
0.64310002326965	-3.8548707994157
0.64780002832413	-3.7803416043175
0.65249997377396	-3.7173416380931
0.65719997882843	-3.6711820724657
0.66189998388290	-3.6420436630979
0.66659998893738	-3.6252293169951
0.67129999399185	-3.6125728461090
0.67599999904633	-3.5948145156073
0.68070000410080	-3.5643756765707
0.68540000915527	-3.5176834883496
0.69010001420975	-3.4561491473255
0.69480001926422	-3.3854428315806
0.69950002431870	-3.3134797425781
0.70420002937317	-3.2479439672443
0.70889997482300	-3.1941465518277
0.71359997987747	-3.1537268970000
0.71829998493195	-3.1243517293700
0.72299998998642	-3.1004503451080
0.72769999504089	-3.0748538575704
0.73240000009537	-3.0409590288645
0.73710000514984	-2.9947698918439
0.74180001020432	-2.9360999635288
0.74650001525879	-2.8685124166498
0.75120002031326	-2.7980481166007
0.75590002536774	-2.7313118850185
0.76059997081757	-2.6735373473176
0.76529997587204	-2.6271565420588
0.76999998092651	-2.5911919961046
0.77469998598099	-2.5615865226423
0.77939999103546	-2.5324143859158
0.78409999608994	-2.4977025816947
0.78880000114441	-2.4533194241730
0.79350000619888	-2.3982855914938
0.79820001125336	-2.3350530948430
0.80290001630783	-2.2686494904428
0.80760002136230	-2.2050656027064
0.81230002641678	-2.1494421043169
0.81699997186661	-2.1045557914138
0.82169997692108	-2.0700413619009
0.82639998197556	-2.0425102336269
0.83109998703003	-2.0165904903948
0.83579999208450	-1.9866216101682
0.84049999713898	-1.9485222266676
0.84520000219345	-1.9011637602195
0.84990000724792	-1.8467879546814
0.85460001230240	-1.7902924095688
0.85930001735687	-1.7376745398770
0.86400002241135	-1.6941807767243
0.86870002746582	-1.6626939289826
0.87339997291565	-1.6428581007945
0.87809997797012	-1.6311675957187
0.88279998302460	-1.6220432180844
0.88749998807907	-1.6096621068780
0.89219999313354	-1.5899551191535
0.89689999818802	-1.5621094996401
0.90160000324249	-1.5289971247248
0.90630000829697	-1.4963804274886
0.91100001335144	-1.4711423659350
0.91570001840591	-1.4591949463513
0.92040002346039	-1.4636737625040
0.92510002851486	-1.4839843737839
0.92979997396469	-1.5160024094695
0.93449997901917	-1.5534305570068
0.93919998407364	-1.5900237864123
0.94389998912811	-1.6219718474638
0.94859999418259	-1.6496773640800
0.95329999923706	-1.6781793577240
0.95800000429153	-1.7160679054294
0.96270000934601	-1.7732443547923
0.96740001440048	-1.8583020269207
0.97210001945496	-1.9763786264712
0.97680002450943	-2.1281411582988
0.98150002956390	-2.3102683383958
0.98619997501373	-2.5174585597742
0.99089998006821	-2.7456099227550
0.99559998512268	-2.9953677779273
1.0003000497818	-3.2749950708477
1.0049999952316	-3.6015461186873
1.0096999406815	-4.0000399346709
1.0144000053406	-4.5012504199336
1.0190999507904	-5.1394542710269
1.0238000154495	-5.9514908216337
1.0284999608994	-6.9779145862767
1.0332000255585	-8.2657437087307
1.0378999710083	-9.8687036522976
1.0426000356674	-11.825677727996
1.0472999811172	-14.031206053539
1.0520000457764	-15.764565688015
1.0566999912262	-15.558080432461
1.0614000558853	-13.591345875635
1.0661000013351	-11.322774211991
1.0707999467850	-9.3459378848393
1.0755000114441	-7.7301364963635
1.0801999568939	-6.4320518455003
1.0849000215530	-5.3987527535770
1.0895999670029	-4.5834525169551
1.0943000316620	-3.9446165650581
1.0989999771118	-3.4437927543138
1.1037000417709	-3.0453471598041
1.1083999872208	-2.7179979666616
1.1131000518799	-2.4371281521125
1.1177999973297	-2.1865683653826
1.1224999427795	-1.9587531404810
1.1272000074387	-1.7530468120113
1.1318999528885	-1.5727352619763
1.1366000175476	-1.4217178024530
1.1412999629974	-1.3018305049427
1.1460000276566	-1.2113839209129
1.1506999731064	-1.1450940247615
1.1554000377655	-1.0951882205855
1.1600999832153	-1.0532869027700
1.1648000478745	-1.0124323118544
1.1694999933243	-0.96865411858601
1.1742000579834	-0.92157498045501
1.1789000034332	-0.87390386322527
1.1835999488831	-0.83004572416184
1.1883000135422	-0.79436490865778
1.1929999589920	-0.76965941571209
1.1977000236511	-0.75630390055640
1.2023999691010	-0.75221503788265
1.2071000337601	-0.75353943850787
1.2117999792099	-0.75586010362950
1.2165000438690	-0.75548949556731
1.2211999893188	-0.75048431132188
1.2259000539780	-0.74107815939056
1.2305999994278	-0.72939458015383
1.2352999448776	-0.71860633863339
1.2400000095367	-0.71183242081822
1.2446999549866	-0.71112870259282
1.2494000196457	-0.71693744030066
1.2540999650955	-0.72801292843707
1.2588000297546	-0.74191047698208
1.2634999752045	-0.75575824209354
1.2682000398636	-0.76716037384732
1.2728999853134	-0.77487757211598
1.2776000499725	-0.77913698785733
1.2822999954224	-0.78147073808522
1.2869999408722	-0.78413712857202
1.2917000055313	-0.78937628351359
1.2963999509811	-0.79871945624531
1.3011000156403	-0.81255761133796
1.3057999610901	-0.83010045518784
1.3105000257492	-0.84967220827054
1.3151999711990	-0.86927206204836
1.3199000358582	-0.88719459596742
1.3245999813080	-0.90253411655191
1.3293000459671	-0.91542861191016
1.3339999914169	-0.92696072937051
1.3387000560760	-0.93878022369983
1.3434000015259	-0.95256902280066
1.3480999469757	-0.96953195740981
1.3528000116348	-0.99007142663556
1.3574999570847	-1.0137188001373
1.3622000217438	-1.0393211678892
1.3668999671936	-1.0654372796638
1.3716000318527	-1.0907877105796
1.3762999773026	-1.1146381960616
1.3810000419617	-1.1370193852157
1.3856999874115	-1.1586836430160
1.3904000520706	-1.1808566914070
1.3950999975204	-1.2048580330194
1.3997999429703	-1.2317170029050
1.4045000076294	-1.2618885592222
1.4091999530792	-1.2951697304531
1.4139000177383	-1.3307989949679
1.4185999631882	-1.3677267723100
1.4233000278473	-1.4049502068714
1.4279999732971	-1.4418282359171
1.4327000379562	-1.4782800731230
1.4373999834061	-1.5148047015578
1.4421000480652	-1.5523361131603
1.4467999935150	-1.5919672774591
1.4515000581741	-1.6346437676157
1.4562000036240	-1.6809205138145
1.4608999490738	-1.7308403194498
1.4656000137329	-1.7839576577167
1.4702999591827	-1.8395174408782
1.4750000238419	-1.8967026765015
1.4796999692917	-1.9549060996200
1.4844000339508	-2.0139271789023
1.4890999794006	-2.0740590121915
1.4938000440598	-2.1360098683411
1.4984999895096	-2.2007263142354
1.5032000541687	-2.2691418014028
1.5078999996185	-2.3419388951830
1.5125999450684	-2.4193933002349
1.5173000097275	-2.5013316946226
1.5219999551773	-2.5872250189089
1.5267000198364	-2.6763761035448
1.5313999652863	-2.7681598446370
1.5361000299454	-2.8622391392116
1.5407999753952	-2.9587056008525
1.5455000400543	-3.0580858575665
1.5501999855042	-3.1612330674093
1.5549000501633	-3.2691098594674
1.5595999956131	-3.3825539822575
1.5642999410629	-3.5020721198916
1.5690000057220	-3.6277227807114
1.5736999511719	-3.7591389063460
1.5784000158310	-3.8956580628987
1.5830999612808	-4.0365540323701
1.5878000259399	-4.1812874856544
1.5924999713898	-4.3297173988200
1.5972000360489	-4.4821914683663
1.6018999814987	-4.6395044392970
1.6066000461578	-4.8027138616901
1.6112999916077	-4.9728737031131
1.6160000562668	-5.1507655889903
1.6207000017166	-5.3366950278772
1.6253999471664	-5.5304216291659
1.6301000118256	-5.7312534528060
1.6347999572754	-5.9382729433037
1.6395000219345	-6.1506572223021
1.6441999673843	-6.3679808937585
1.6489000320435	-6.5904237699318
1.6535999774933	-6.8187971628534
1.6583000421524	-7.0543796553348
1.6629999876022	-7.2986000764108
1.6677000522614	-7.5526598013082
1.6723999977112	-7.8172153166953
1.6770999431610	-8.0921952418368
1.6818000078201	-8.3768519784906
1.6864999532700	-8.6700202191900
1.6912000179291	-8.9705375315718
1.6958999633789	-9.2777151538816
1.7006000280380	-9.5916948934712
1.7052999734879	-9.9135624133275
1.7100000381470	-10.245199363826
1.7146999835968	-10.588843735272
1.7194000482559	-10.946546231864
1.7240999937057	-11.319631433764
1.7288000583649	-11.708372551571
1.7335000038147	-12.111984461927
1.7381999492645	-12.528945010627
1.7429000139236	-12.957652765058
1.7475999593735	-13.397179920883
1.7523000240326	-13.847919724236
1.7569999694824	-14.311898319213
1.7617000341415	-14.792552496878
1.7663999795914	-15.294054401325
1.7711000442505	-15.820324090565
1.7757999897003	-16.374030840142
1.7805000543594	-16.955806911846
1.7851999998093	-17.564022884495
1.7898999452591	-18.195167023287
1.7946000099182	-18.844900810663
1.7992999553680	-19.509409338478
1.8040000200272	-20.186599660951
1.8086999654770	-20.876361033325
1.8134000301361	-21.579236019898
1.8180999755859	-22.293304698606
1.8228000402451	-23.009502040699
1.8274999856949	-23.706405087207
1.8322000503540	-24.346723889161
1.8368999958038	-24.879558561298
1.8415999412537	-25.251973204560
1.8463000059128	-25.428462751279
1.8509999513626	-25.406283088777
1.8557000160217	-25.214159168255
1.8603999614716	-24.895827287787
1.8651000261307	-24.492431842231
1.8697999715805	-24.033889995359
1.8745000362396	-23.539355534617
1.8791999816895	-23.021769158230
1.8839000463486	-22.492227430858
1.8885999917984	-21.962111288719
1.8933000564575	-21.442927664476
1.8980000019073	-20.944873371860
1.9026999473572	-20.475281459895
1.9074000120163	-20.037726256869
1.9120999574661	-19.631975525230
1.9168000221252	-19.254752291676
1.9214999675751	-18.901047063855
1.9262000322342	-18.565592478541
1.9308999776840	-18.244225064089
1.9356000423431	-17.934717017655
1.9402999877930	-17.636945751213
1.9450000524521	-17.352401963550
1.9496999979019	-17.083264632578
1.9543999433517	-16.831408454228
1.9591000080109	-16.597620313179
1.9637999534607	-16.381232348252
1.9685000181198	-16.180213500999
1.9731999635696	-15.991670509632
1.9779000282288	-15.812562144267
1.9825999736786	-15.640449951605
1.9873000383377	-15.474024801486
1.9919999837875	-15.313291813349
1.9967000484467	-15.159346993230
2.0013999938965	-15.013857569428
2.0060999393463	-14.878412907711
2.0107998847961	-14.753960695877
2.0155000686646	-14.640472572542
2.0202000141144	-14.536918397280
2.0248999595642	-14.441535041637
2.0295999050140	-14.352304828963
2.0343000888824	-14.267498549849
2.0390000343323	-14.186118647543
2.0436999797821	-14.108120814131
2.0483999252319	-14.034338394306
2.0531001091003	-13.966159757629
2.0578000545502	-13.905050625374
2.0625000000000	-13.852090735033
2.0671999454498	-13.807635229665
2.0718998908997	-13.771206624336
2.0766000747681	-13.741623737622
2.0813000202179	-13.717337545245
2.0859999656677	-13.696861363678
2.0906999111176	-13.679189761078
2.0954000949860	-13.664059083945
2.1001000404358	-13.652000556388
2.1047999858856	-13.644141722507
2.1094999313354	-13.641858123690
2.1142001152039	-13.646341211430
2.1189000606537	-13.658253386463
2.1236000061035	-13.677527413645
2.1282999515533	-13.703370787979
2.1329998970032	-13.734490607752
2.1377000808716	-13.769442531275
2.1424000263214	-13.807028658041
2.1470999717712	-13.846632387639
2.1517999172211	-13.888366239640
2.1565001010895	-13.933017601063
2.1612000465393	-13.981781458312
2.1658999919891	-14.035887653016
2.1705999374390	-14.096218303326
2.1752998828888	-14.163008836813
2.1800000667572	-14.235744813743
2.1847000122070	-14.313249607968
2.1893999576569	-14.393966609717
2.1940999031067	-14.476342026283
2.1988000869751	-14.559209477135
2.2035000324249	-14.642066484554
2.2081999778748	-14.725151442749
2.2128999233246	-14.809303681789
2.2176001071930	-14.895645418443
2.2223000526428	-14.985160524212
2.2269999980927	-15.078339881391
2.2316999435425	-15.174917979224
2.2363998889923	-15.273834003344
2.2411000728607	-15.373407033759
2.2458000183105	-15.471681765080
2.2504999637604	-15.566853921579
2.2551999092102	-15.657661764376
2.2599000930786	-15.743637717304
2.2646000385284	-15.825117045502
2.2692999839783	-15.903034700821
2.2739999294281	-15.978528736058
2.2787001132965	-16.052528190123
2.2834000587463	-16.125361314938
2.2881000041962	-16.196581246100
2.2927999496460	-16.264966771910
2.2974998950958	-16.328792280671
2.3022000789642	-16.386224051577
2.3069000244141	-16.435775913282
2.3115999698639	-16.476702145990
2.3162999153137	-16.509179068953
2.3210000991821	-16.534248657381
2.3257000446320	-16.553515267415
2.3303999900818	-16.568726060516
2.3350999355316	-16.581303817076
2.3397998809814	-16.592000097735
2.3445000648499	-16.600752588433
2.3492000102997	-16.606760252988
2.3538999557495	-16.608801360815
2.3585999011993	-16.605652268237
2.3633000850677	-16.596547217922
2.3680000305176	-16.581492698618
2.3726999759674	-16.561371318984
2.3773999214172	-16.537803499788
2.3821001052856	-16.512787477228
2.3868000507355	-16.488244730540
2.3914999961853	-16.465595703792
2.3961999416351	-16.445465060733
2.4008998870850	-16.427640618656
2.4056000709534	-16.411227117335
2.4103000164032	-16.395011094329
2.4149999618530	-16.377902464099
2.4196999073029	-16.359344209824
2.4244000911713	-16.339543556517
2.4291000366211	-16.319514093108
2.4337999820709	-16.300825270825
2.4384999275208	-16.285256251827
2.4432001113892	-16.274308582713
2.4479000568390	-16.268898354137
2.4526000022888	-16.269133106219
2.4572999477386	-16.274360332659
2.4619998931885	-16.283426350671
2.4667000770569	-16.295032542807
2.4714000225067	-16.308202171027
2.4760999679565	-16.322571402826
2.4807999134064	-16.338563934596
2.4855000972748	-16.357299086177
2.4902000427246	-16.380293840916
2.4948999881744	-16.409076679732
2.4995999336243	-16.444773994227
2.5043001174927	-16.487826282334
2.5090000629425	-16.537913234482
2.5137000083923	-16.594072993591
2.5183999538422	-16.655007265859
2.5230998992920	-16.719504037980
2.5278000831604	-16.786805040006
2.5325000286102	-16.856885122837
2.5371999740601	-16.930479586360
2.5418999195099	-17.008915496002
2.5466001033783	-17.093764944385
2.5513000488281	-17.186398540403
2.5559999942780	-17.287658085446
2.5606999397278	-17.397619128667
2.5653998851776	-17.515582682030
2.5701000690460	-17.640316084527
2.5748000144958	-17.770384265166
2.5794999599457	-17.904608695132
2.5841999053955	-18.042408532365
2.5889000892639	-18.184002540279
2.5936000347137	-18.330362246774
2.5982999801636	-18.482949294246
2.6029999256134	-18.643285508775
2.6077001094818	-18.812508166185
2.6124000549316	-18.991014096008
2.6171000003815	-19.178280166499
2.6217999458313	-19.372930306756
2.6264998912811	-19.572996611145
2.6312000751495	-19.776350599881
2.6359000205994	-19.981154094379
2.6405999660492	-20.186217895287
2.6452999114990	-20.391129902389
2.6500000953674	-20.596128619059
2.6547000408173	-20.801747358960
2.6593999862671	-21.008290833167
2.6640999317169	-21.215338371538
2.6688001155853	-21.421359408040
2.6735000610352	-21.623554682789
2.6782000064850	-21.817994807375
2.6828999519348	-21.999986104540
2.6875998973846	-22.164634966896
2.6923000812531	-22.307454249777
2.6970000267029	-22.424894779523
2.7016999721527	-22.514607868496
2.7063999176025	-22.575491008935
2.7111001014709	-22.607412707662
2.7158000469208	-22.610834331297
2.7204999923706	-22.586390071859
2.7251999378204	-22.534505722890
2.7298998832703	-22.455328047819
2.7346000671387	-22.348746457974
2.7393000125885	-22.214702177044
2.7439999580383	-22.053574645655
2.7486999034882	-21.866576276151
2.7534000873566	-21.656016684816
2.7581000328064	-21.425316483737
2.7627999782562	-21.178745398537
2.7674999237061	-20.920936486138
2.7722001075745	-20.656285638756
2.7769000530243	-20.388439073715
2.7815999984741	-20.119879057002
2.7862999439240	-19.851871679142
2.7909998893738	-19.584598629554
2.7957000732422	-19.317575464826
2.8004000186920	-19.050174694592
2.8050999641418	-18.782083280284
2.8097999095917	-18.513687407130
2.8145000934601	-18.246121972702
2.8192000389099	-17.981098295557
2.8238999843597	-17.720525374035
2.8285999298096	-17.466073171871
2.8333001136780	-17.218772260653
2.8380000591278	-16.978813308435
2.8427000045776	-16.745563361657
2.8473999500275	-16.517817457417
2.8520998954773	-16.294171206223
2.8568000793457	-16.073461983279
2.8615000247955	-15.855094045831
2.8661999702454	-15.639195902381
2.8708999156952	-15.426534836109
2.8756000995636	-15.218249321449
2.8803000450134	-15.015467671906
2.8849999904633	-14.818956217772
2.8896999359131	-14.628864540579
2.8943998813629	-14.444695055483
2.8991000652313	-14.265430397153
2.9038000106812	-14.089844688777
2.9084999561310	-13.916844222001
2.9131999015808	-13.745780967388
2.9179000854492	-13.576606284756
2.9226000308990	-13.409841078118
2.9272999763489	-13.246377162532
2.9319999217987	-13.087152090385
2.9367001056671	-12.932858183495
2.9414000511169	-12.783690662311
2.9460999965668	-12.639299378910
2.9507999420166	-12.498882166997
2.9554998874664	-12.361429545749
2.9602000713348	-12.226019259370
2.9649000167847	-12.092087822672
2.9695999622345	-11.959580545530
2.9742999076843	-11.828928197997
2.9790000915527	-11.700896061797
2.9837000370026	-11.576306655679
2.9883999824524	-11.455772843662
2.9930999279022	-11.339495841362
2.9978001117706	-11.227199931141
3.0025000572205	-11.118210818983
3.0072000026703	-11.011673374137
3.0118999481201	-10.906807101081
3.0165998935699	-10.803136233526
3.0213000774384	-10.700629417095
3.0260000228882	-10.599686464781
3.0306999683380	-10.500994731307
3.0353999137878	-10.405284921458
3.0401000976562	-10.313104707557
3.0448000431061	-10.224632625701
3.0494999885559	-10.139616307934
3.0541999340057	-10.057458917115
3.0589001178741	-9.9774001881330
3.0636000633240	-9.8987544385032
3.0683000087738	-9.8211239221539
3.0729999542236	-9.7445009736267
3.0776998996735	-9.6692639195968
3.0824000835419	-9.5960469951702
3.0871000289917	-9.5255129823962
3.0917999744415	-9.4581384690507
3.0964999198914	-9.3940703199300
3.1012001037598	-9.3330561501256
3.1059000492096	-9.2745383027369
3.1105999946594	-9.2178273793998
3.1152999401093	-9.1623081104081
3.1199998855591	-9.1076393918120
3.1247000694275	-9.0538492265206
3.1294000148773	-9.0013090246416
3.1340999603271	-8.9506096667074
3.1387999057770	-8.9023595812577
3.1435000896454	-8.8569791986863
3.1482000350952	-8.8145661727592
3.1528999805450	-8.7748551790662
3.1575999259949	-8.7373102374977
3.1623001098633	-8.7012766914630
3.1670000553131	-8.6662026651154
3.1717000007629	-8.6317928900551
3.1763999462128	-8.5981122803183
3.1810998916626	-8.5655362899313
3.1858000755310	-8.5346342120569
3.1905000209808	-8.5059552469032
3.1951999664307	-8.4798664355004
3.1998999118805	-8.4563978417572
3.2046000957489	-8.4352514828075
3.2093000411987	-8.4158626847195
3.2139999866486	-8.3975913795640
3.2186999320984	-8.3799108656955
3.2234001159668	-8.3625584752281
3.2281000614166	-8.3456199214800
3.2328000068665	-8.3294693916143
3.2374999523163	-8.3146428706416
3.2421998977661	-8.3016400657330
3.2469000816345	-8.2907365080079
3.2516000270844	-8.2818821141731
3.2562999725342	-8.2746892597509
3.2609999179840	-8.2685351304368
3.2657001018524	-8.2627415698910
3.2704000473022	-8.2567564204023
3.2750999927521	-8.2503164935136
3.2797999382019	-8.2434832843900
3.2844998836517	-8.2365975482933
3.2892000675201	-8.2301090332060
3.2939000129700	-8.2243980117733
3.2985999584198	-8.2195870747252
3.3032999038696	-8.2154467153020
3.3080000877380	-8.2114213375698
3.3127000331879	-8.2067416863304
3.3173999786377	-8.2006193919882
3.3220999240875	-8.1924332483856
3.3268001079559	-8.1818695366192
3.3315000534058	-8.1689423621551
3.3361999988556	-8.1539136690636
3.3408999443054	-8.1371071058287
3.3455998897552	-8.1187245208457
3.3503000736237	-8.0986692980907
3.3550000190735	-8.0764933950016
3.3596999645233	-8.0514455749578
3.3643999099731	-8.0226421144352
3.3691000938416	-7.9892545773483
3.3738000392914	-7.9507168640608
3.3784999847412	-7.9068219832698
3.3831999301910	-7.8577163772258
3.3879001140594	-7.8037769783343
3.3926000595093	-7.7454071887568
3.3973000049591	-7.6828661042023
3.4019999504089	-7.6161245174572
3.4066998958588	-7.5448671349801
3.4114000797272	-7.4685870499020
3.4161000251770	-7.3867729127108
3.4207999706268	-7.2991031006040
3.4254999160767	-7.2056034156410
3.4302000999451	-7.1066905764407
3.4349000453949	-7.0030972724655
3.4395999908447	-6.8957212913357
3.4442999362946	-6.7854179831673
3.4489998817444	-6.6728500804830
3.4537000656128	-6.5583971616970
3.4584000110626	-6.4421940495812
3.4630999565125	-6.3242429347353
3.4677999019623	-6.2045733805615
3.4725000858307	-6.0833991833829
3.4772000312805	-5.9612090125935
3.4818999767303	-5.8387514407237
3.4865999221802	-5.7169423481093
3.4913001060486	-5.5967139020073
3.4960000514984	-5.4788612763197
3.5006999969482	-5.3639163050892
3.5053999423981	-5.2521251284058
3.5100998878479	-5.1434904864811
3.5148000717163	-5.0378936410208
3.5195000171661	-4.9352226700768
3.5241999626160	-4.8354988698576
3.5288999080658	-4.7389392079153
3.5336000919342	-4.6459421368484
3.5383000373840	-4.5569993251509
3.5429999828339	-4.4725846336095
3.5476999282837	-4.3930209926760
3.5524001121521	-4.3184223733961
3.5571000576019	-4.2486544881326
3.5618000030518	-4.1834003427696
3.5664999485016	-4.1222573505103
3.5711998939514	-4.0648565896427
3.5759000778198	-4.0109665980859
3.5806000232697	-3.9605382461707
3.5852999687195	-3.9137020098302
3.5899999141693	-3.8706858824058
3.5947000980377	-3.8317213769865
3.5994000434875	-3.7969301159553
3.6040999889374	-3.7662599604073
3.6087999343872	-3.7394667042208
3.6135001182556	-3.7161609401380
3.6182000637054	-3.6958892839480
3.6229000091553	-3.6782520084913
3.6275999546051	-3.6629886725269
3.6322999000549	-3.6500183144146
3.6370000839233	-3.6394396474880
3.6417000293732	-3.6314631526115
3.6463999748230	-3.6263041348974
3.6510999202728	-3.6240903777443
3.6558001041412	-3.6247936541959
3.6605000495911	-3.6282077782575
3.6651999950409	-3.6339882228049
3.6698999404907	-3.6417391840895
3.6745998859406	-3.6511077911760
3.6793000698090	-3.6618829005060
3.6840000152588	-3.6740303505216
3.6886999607086	-3.6876915826136
3.6933999061584	-3.7031191292228
3.6981000900269	-3.7205729801298
3.7028000354767	-3.7402306708931
3.7074999809265	-3.7621107599367
3.7121999263763	-3.7860536554841
3.7169001102448	-3.8117570712075
3.7216000556946	-3.8388651606723
3.7263000011444	-3.8670653636169
3.7309999465942	-3.8961797777985
3.7356998920441	-3.9262187606723
3.7404000759125	-3.9573635119154
3.7451000213623	-3.9899104459866
3.7497999668121	-4.0241672626493
3.7544999122620	-4.0603467262419
3.7592000961304	-4.0984966783301
3.7639000415802	-4.1384774835529
3.7685999870300	-4.1799987820628
3.7732999324799	-4.2227055450703
3.7780001163483	-4.2662926248233
3.7827000617981	-4.3105928347004
3.7874000072479	-4.3556362315410
3.7920999526978	-4.4016326396512
3.7967998981476	-4.4489137490575
3.8015000820160	-4.4978135895413
3.8062000274658	-4.5485684124794
3.8108999729156	-4.6012249081770
3.8155999183655	-4.6556272413562
3.8203001022339	-4.7114508440935
3.8250000476837	-4.7683043166339
3.8296999931335	-4.8258443169176
3.8343999385834	-4.8838860416791
3.8390998840332	-4.9424568567802
3.8438000679016	-5.0017796876661
3.8485000133514	-5.0622042683557
3.8531999588013	-5.1240784025150
3.8578999042511	-5.1876255407611
3.8626000881195	-5.2528532160239
3.8673000335693	-5.3195330302809
3.8719999790192	-5.3872509837075
3.8766999244690	-5.4555181042536
3.8814001083374	-5.5239082782957
3.8861000537872	-5.5921787275718
3.8907999992371	-5.6603280315224
3.8954999446869	-5.7285796369204
3.9001998901367	-5.7972847249884
3.9049000740051	-5.8667747806474
3.9096000194550	-5.9372255057064
3.9142999649048	-6.0085574100313
3.9189999103546	-6.0804140108039
3.9237000942230	-6.1522423794083
3.9284000396729	-6.2234210560504
3.9330999851227	-6.2934337259689
3.9377999305725	-6.3619937262536
3.9425001144409	-6.4291151616636
3.9472000598907	-6.4950622110781
3.9519000053406	-6.5602303589215
3.9565999507904	-6.6249727014955
3.9612998962402	-6.6894348368476
3.9660000801086	-6.7534624346244
3.9707000255585	-6.8166008857874
3.9753999710083	-6.8782063017169
3.9800999164581	-6.9376190866126
3.9848001003265	-6.9943536947637
3.9895000457764	-7.0482425900384
3.9941999912262	-7.0994777483782
3.9988999366760	-7.1485296934258
4.0036001205444	-7.1959834989113
4.0082998275757	-7.2423308915767
4.0130000114441	-7.2877966120464
4.0177001953125	-7.3322606656819
4.0223999023438	-7.3752953755365
4.0271000862122	-7.4163110024114
4.0317997932434	-7.4547718778592
4.0364999771118	-7.4903958719743
4.0412001609802	-7.5232828701331
4.0458998680115	-7.5539131433610
4.0506000518799	-7.5830241330389
4.0553002357483	-7.6114053206015
4.0599999427795	-7.6396686526177
4.0647001266479	-7.6680878795508
4.0693998336792	-7.6965443589344
4.0741000175476	-7.7246086934554
4.0788002014160	-7.7517262178888
4.0834999084473	-7.7774441335393
4.0882000923157	-7.8016217947492
4.0928997993469	-7.8245194196414
4.0975999832153	-7.8467689982775
4.1023001670837	-7.8692106939667
4.1069998741150	-7.8926617606041
4.1117000579834	-7.9176888501999
4.1163997650146	-7.9444613706807
4.1210999488831	-7.9727286933770
4.1258001327515	-8.0019398347649
4.1304998397827	-8.0314562174331
4.1352000236511	-8.0607933493656
4.1399002075195	-8.0898232009950
4.1445999145508	-8.1188487908660
4.1493000984192	-8.1485395715184
4.1539998054504	-8.1797435974834
4.1586999893188	-8.2132324509853
4.1634001731873	-8.2494710244352
4.1680998802185	-8.2884799266304
4.1728000640869	-8.3298373896804
4.1774997711182	-8.3728245701506
4.1821999549866	-8.4166664088693
4.1869001388550	-8.4607990250570
4.1915998458862	-8.5050657770491
4.1963000297546	-8.5497872340246
4.2010002136230	-8.5956679445540
4.2056999206543	-8.6435714640417
4.2104001045227	-8.6942425802555
4.2150998115540	-8.7480569148395
4.2197999954224	-8.8048820633091
4.2245001792908	-8.8641032932467
4.2291998863220	-8.9247952987450
4.2339000701904	-8.9860031836811
4.2385997772217	-9.0470392143138
4.2432999610901	-9.1076914322367
4.2480001449585	-9.1682785090262
4.2526998519897	-9.2295221970124
4.2574000358582	-9.2922800120888
4.2621002197266	-9.3572144762315
4.2667999267578	-9.4245227270627
4.2715001106262	-9.4937992812296
4.2761998176575	-9.5640864503877
4.2809000015259	-9.6341112646638
4.2856001853943	-9.7026212300710
4.2902998924255	-9.7687314771348
4.2950000762939	-9.8321521559332
4.2996997833252	-9.8932191399647
4.3043999671936	-9.9527132126525
4.3091001510620	-10.011527807537
4.3137998580933	-10.070288260933
4.3185000419617	-10.129070442272
4.3232002258301	-10.187290859695
4.3278999328613	-10.243842181092
4.3326001167297	-10.297415315955
4.3372998237610	-10.346922627491
4.3420000076294	-10.391887385748
4.3467001914978	-10.432656075920
4.3513998985291	-10.470366061413
4.3561000823975	-10.506670254545
4.3607997894287	-10.543315620159
4.3654999732971	-10.581716153952
4.3702001571655	-10.622652105295
4.3748998641968	-10.666189233344
4.3796000480652	-10.711832873584
4.3843002319336	-10.758880444849
4.3889999389648	-10.806832666605
4.3937001228333	-10.855756723022
4.3983998298645	-10.906451321389
4.4031000137329	-10.960367553021
4.4078001976013	-11.019306677855
4.4124999046326	-11.084987210361
4.4172000885010	-11.158601739228
4.4218997955322	-11.240533535467
4.4265999794006	-11.330275985584
4.4313001632690	-11.426606364860
4.4359998703003	-11.527974064682
4.4407000541687	-11.632997354443
4.4454002380371	-11.740907030058
4.4500999450684	-11.851807731767
4.4548001289368	-11.966657769720
4.4594998359680	-12.086982333416
4.4642000198364	-12.214362391287
4.4689002037048	-12.349926453303
4.4735999107361	-12.493932652332
4.4783000946045	-12.645611836903
4.4829998016357	-12.803318576061
4.4876999855042	-12.964965516411
4.4924001693726	-13.128624753571
4.4970998764038	-13.293139901275
4.5018000602722	-13.458488130306
4.5064997673035	-13.625837404401
4.5111999511719	-13.797201812314
4.5159001350403	-13.974797476504
4.5205998420715	-14.160362876217
4.5253000259399	-14.354524869917
4.5300002098083	-14.556550897158
4.5346999168396	-14.764438256202
4.5394001007080	-14.975438703277
4.5440998077393	-15.186858849141
4.5487999916077	-15.396851635607
4.5535001754761	-15.605063767989
4.5581998825073	-15.812750059748
4.5629000663757	-16.022402146921
4.5675997734070	-16.236962449448
4.5722999572754	-16.458833540728
4.5770001411438	-16.689021218959
4.5816998481750	-16.926631574281
4.5864000320435	-17.168878028126
4.5911002159119	-17.411655630977
4.5957999229431	-17.650502215834
4.6005001068115	-17.881777929435
4.6051998138428	-18.103600747574
4.6098999977112	-18.316248664542
4.6146001815796	-18.521843578186
4.6192998886108	-18.723441856950
4.6240000724792	-18.923746702566
4.6286997795105	-19.123885389957
4.6333999633789	-19.322597005223
4.6381001472473	-19.516015665134
4.6427998542786	-19.698164439015
4.6475000381470	-19.862099796355
4.6522002220154	-20.001432878039
4.6568999290466	-20.111812760064
4.6616001129150	-20.191909262818
4.6662998199463	-20.243482235822
4.6710000038147	-20.270618451459
4.6757001876831	-20.278284477886
4.6803998947144	-20.270812856572
4.6851000785828	-20.250607804074
4.6897997856140	-20.217499379377
4.6944999694824	-20.168855370560
4.6992001533508	-20.100473251032
4.7038998603821	-20.007999643070
4.7086000442505	-19.888597366329
4.7133002281189	-19.742230195539
4.7179999351501	-19.572189113756
4.7227001190186	-19.384569228819
4.7273998260498	-19.186904672183
4.7321000099182	-18.986443984063
4.7368001937866	-18.788517473500
4.7414999008179	-18.595545445593
4.7462000846863	-18.406783626161
4.7508997917175	-18.218922675031
4.7555999755859	-18.027392152058
4.7603001594543	-17.828041772390
4.7649998664856	-17.618679502966
4.7697000503540	-17.399998381721
4.7744002342224	-17.175543389036
4.7790999412537	-16.950753792280
4.7838001251221	-16.731391138397
4.7884998321533	-16.521980773307
4.7932000160217	-16.324615973732
4.7979001998901	-16.138515028556
4.8025999069214	-15.960378010456
4.8073000907898	-15.785458435454
4.8119997978210	-15.609062999433
4.8166999816895	-15.428051678332
4.8214001655579	-15.241855118079
4.8260998725891	-15.052648883941
4.8308000564575	-14.864606367984
4.8354997634888	-14.682564180850
4.8401999473572	-14.510526174313
4.8449001312256	-14.350472663848
4.8495998382568	-14.201827773817
4.8543000221252	-14.061665548010
4.8590002059937	-13.925638208276
4.8636999130249	-13.789316902317
4.8684000968933	-13.649598913260
4.8730998039246	-13.505690439633
4.8777999877930	-13.359340202665
4.8825001716614	-13.214222769815
4.8871998786926	-13.074724880225
4.8919000625610	-12.944558335527
4.8965997695923	-12.825609548275
4.9012999534607	-12.717407695483
4.9060001373291	-12.617287457314
4.9106998443604	-12.521225306814
4.9154000282288	-12.425097573585
4.9201002120972	-12.326018697444
4.9247999191284	-12.223268339980
4.9295001029968	-12.118538529692
4.9341998100281	-12.015355920099
4.9388999938965	-11.917938650504
4.9436001777649	-11.829862845605
4.9482998847961	-11.752969083135
4.9530000686646	-11.686822750304
4.9576997756958	-11.628881137408
4.9623999595642	-11.575302304230
4.9671001434326	-11.522158175175
4.9717998504639	-11.466747324464
4.9765000343323	-11.408493596151
4.9812002182007	-11.349186454266
4.9858999252319	-11.292421582690
4.9906001091003	-11.242450381271
4.9952998161316	-11.202855184730
5.0000000000000	-11.175452837673
#Parameters = {R_fat=48; R_glandular=38; R_skin_outer=50; T10=5; T15=7.5; T5=2.5; T_rad=4; T_x=10; T_y=0; T_z=75; Zc=65; skin_thickness=2; Mesh Pass=3}
#"Frequency / GHz"	"S1,1 (Mesh Pass=3) [Magnitude / dB]"
#-------------------------------------------------------
0.30000001192093	-8.9285784602549
0.30469998717308	-9.2398345980514
0.30939999222755	-9.6090345471180
0.31409999728203	-9.9524688297399
0.31880000233650	-10.170431319480
0.32350000739098	-10.189757748543
0.32820001244545	-10.013094208087
0.33289998769760	-9.7259370581407
0.33759999275208	-9.4526995092571
0.34229999780655	-9.3087392904400
0.34700000286102	-9.3814512850166
0.35170000791550	-9.7354362880876
0.35640001296997	-10.426673538524
0.36109998822212	-11.515112998122
0.36579999327660	-13.058313335841
0.37049999833107	-15.004940107685
0.37520000338554	-16.685745868018
0.37990000844002	-16.355892519541
0.38460001349449	-14.033036177693
0.38929998874664	-11.484281480274
0.39399999380112	-9.3934103922944
0.39869999885559	-7.8208594518772
0.40340000391006	-6.7094395761392
0.40810000896454	-5.9929958920500
0.41280001401901	-5.6110003588496
0.41749998927116	-5.5090287194863
0.42219999432564	-5.6377488174388
0.42689999938011	-5.9505554270713
0.43160000443459	-6.3986384508699
0.43630000948906	-6.9236787617574
0.44100001454353	-7.4514040256426
0.44569998979568	-7.8944017100998
0.45039999485016	-8.1743201447016
0.45509999990463	-8.2584541188696
0.45980000495911	-8.1797961141041
0.46450001001358	-8.0169232679668
0.46919998526573	-7.8532943587290
0.47389999032021	-7.7491505663919
0.47859999537468	-7.7342928413873
0.48330000042915	-7.8118888610947
0.48800000548363	-7.9642926940368
0.49270001053810	-8.1580140644092
0.49739998579025	-8.3494844214625
0.50209999084473	-8.4945774965032
0.50679999589920	-8.5620571930982
0.51150000095367	-8.5453666085671
0.51620000600815	-8.4644394713932
0.52090001106262	-8.3556852975628
0.52560001611710	-8.2572167445471
0.53030002117157	-8.1976098451103
0.53500002622604	-8.1909405406744
0.53969997167587	-8.2364166594518
0.54439997673035	-8.3203110568196
0.54909998178482	-8.4193765932162
0.55379998683929	-8.5061058436667
0.55849999189377	-8.5560710354895
0.56319999694824	-8.5556122545216
0.56790000200272	-8.5063776190733
0.57260000705719	-8.4239175571747
0.57730001211166	-8.3311874467240
0.58200001716614	-8.2506366656938
0.58670002222061	-8.1982546781448
0.59140002727509	-8.1806659958037
0.59609997272491	-8.1947273494905
0.60079997777939	-8.2288848818637
0.60549998283386	-8.2660321232766
0.61019998788834	-8.2878147819702
0.61489999294281	-8.2798131515731
0.61959999799728	-8.2359726467130
0.62430000305176	-8.1602976090088
0.62900000810623	-8.0649326966260
0.63370001316071	-7.9657044212550
0.63840001821518	-7.8772333992717
0.64310002326965	-7.8093005003586
0.64780002832413	-7.7650085516424
0.65249997377396	-7.7405853490227
0.65719997882843	-7.7265553207347
0.66189998388290	-7.7101324273138
0.66659998893738	-7.6786018258833
0.67129999399185	-7.6229469284420
0.67599999904633	-7.5405120393840
0.68070000410080	-7.4355804680615
0.68540000915527	-7.3176627727788
0.69010001420975	-7.1983271472900
0.69480001926422	-7.0878985042993
0.69950002431870	-6.9929687602621
0.70420002937317	-6.9151077040431
0.70889997482300	-6.8507586682473
0.71359997987747	-6.7922384465331
0.71829998493195	-6.7297275921823
0.72299998998642	-6.6539248461670
0.72769999504089	-6.5587153789268
0.73240000009537	-6.4429368871224
0.73710000514984	-6.3105783632818
0.74180001020432	-6.1693770155571
0.74650001525879	-6.0284497324433
0.75120002031326	-5.8958235206046
0.75590002536774	-5.7765175453376
0.76059997081757	-5.6714880530041
0.76529997587204	-5.5775326377854
0.76999998092651	-5.4881442032937
0.77469998598099	-5.3952235390038
0.77939999103546	-5.2913089209444
0.78409999608994	-5.1717590553522
0.78880000114441	-5.0361187100403
0.79350000619888	-4.8882051911388
0.79820001125336	-4.7349240633860
0.80290001630783	-4.5842787934768
0.80760002136230	-4.4432714319493
0.81230002641678	-4.3161903717781
0.81699997186661	-4.2036224264800
0.82169997692108	-4.1023374745933
0.82639998197556	-4.0061035329790
0.83109998703003	-3.9073448128814
0.83579999208450	-3.7992948004156
0.84049999713898	-3.6780334569206
0.84520000219345	-3.5437308975300
0.84990000724792	-3.4006429802194
0.85460001230240	-3.2559014237745
0.85930001735687	-3.1175509003137
0.86400002241135	-2.9924181960264
0.86870002746582	-2.8843752620307
0.87339997291565	-2.7933171660508
0.87809997797012	-2.7151280559098
0.88279998302460	-2.6426848103931
0.88749998807907	-2.5677879626479
0.89219999313354	-2.4836107395995
0.89689999818802	-2.3868582616190
0.90160000324249	-2.2789612984628
0.90630000829697	-2.1658041046307
0.91100001335144	-2.0561314954378
0.91570001840591	-1.9591626450319
0.92040002346039	-1.8820954379306
0.92510002851486	-1.8281784402869
0.92979997396469	-1.7957098282922
0.93449997901917	-1.7783297159027
0.93919998407364	-1.7666217504081
0.94389998912811	-1.7508322652698
0.94859999418259	-1.7239795514331
0.95329999923706	-1.6844097699478
0.95800000429153	-1.6368179139447
0.96270000934601	-1.5913160387327
0.96740001440048	-1.5608757886488
0.97210001945496	-1.5579818610325
0.97680002450943	-1.5914582151667
0.98150002956390	-1.6642566642012
0.98619997501373	-1.7727025251710
0.99089998006821	-1.9075735053276
0.99559998512268	-2.0569962824393
1.0003000497818	-2.2108961059825
1.0049999952316	-2.3659448437250
1.0096999406815	-2.5295207916276
1.0144000053406	-2.7212111557097
1.0190999507904	-2.9713924231659
1.0238000154495	-3.3178740627547
1.0284999608994	-3.8025294906394
1.0332000255585	-4.4699614711269
1.0378999710083	-5.3699896082020
1.0426000356674	-6.5658343850691
1.0472999811172	-8.1517758111935
1.0520000457764	-10.290416362962
1.0566999912262	-13.297075317896
1.0614000558853	-17.776787233338
1.0661000013351	-22.344057790284
1.0707999467850	-18.045926764247
1.0755000114441	-13.336605185754
1.0801999568939	-10.151386944350
1.0849000215530	-7.8721635133576
1.0895999670029	-6.1698835307211
1.0943000316620	-4.8762871853578
1.0989999771118	-3.8945576134995
1.1037000417709	-3.1601175634706
1.1083999872208	-2.6224288240978
1.1131000518799	-2.2367377465710
1.1177999973297	-1.9614313438268
1.1224999427795	-1.7588130111343
1.1272000074387	-1.5975935157935
1.1318999528885	-1.4555052549162
1.1366000175476	-1.3206278161492
1.1412999629974	-1.1906122879290
1.1460000276566	-1.0698916263700
1.1506999731064	-0.96586049342315
1.1554000377655	-0.88518808037999
1.1600999832153	-0.83119892070376
1.1648000478745	-0.80275588800352
1.1694999933243	-0.79458192862470
1.1742000579834	-0.79868565568562
1.1789000034332	-0.80643761655722
1.1835999488831	-0.81072196916972
1.1883000135422	-0.80755919397975
1.1929999589920	-0.79677228077462
1.1977000236511	-0.78149722143780
1.2023999691010	-0.76679693739966
1.2071000337601	-0.75787618603298
1.2117999792099	-0.75847443292719
1.2165000438690	-0.76989198727542
1.2211999893188	-0.79077235255114
1.2259000539780	-0.81767710667505
1.2305999994278	-0.84615597496978
1.2352999448776	-0.87202466841889
1.2400000095367	-0.89252788479549
1.2446999549866	-0.90699256262995
1.2494000196457	-0.91684814581679
1.2540999650955	-0.92503705482762
1.2588000297546	-0.93499897594104
1.2634999752045	-0.94962824047110
1.2682000398636	-0.97047220578639
1.2728999853134	-0.99738820011989
1.2776000499725	-1.0287078659474
1.2822999954224	-1.0617891204936
1.2869999408722	-1.0938440143582
1.2917000055313	-1.1227219669131
1.2963999509811	-1.1475036809305
1.3011000156403	-1.1686884839909
1.3057999610901	-1.1879606637003
1.3105000257492	-1.2076180781986
1.3151999711990	-1.2298728398246
1.3199000358582	-1.2562181716770
1.3245999813080	-1.2870614750190
1.3293000459671	-1.3216811770621
1.3339999914169	-1.3585070655524
1.3387000560760	-1.3956213685699
1.3434000015259	-1.4313228388773
1.3480999469757	-1.4646205174978
1.3528000116348	-1.4954842538235
1.3574999570847	-1.5248163095770
1.3622000217438	-1.5541502065845
1.3668999671936	-1.5851791203656
1.3716000318527	-1.6192842250954
1.3762999773026	-1.6571699713216
1.3810000419617	-1.6987230088318
1.3856999874115	-1.7431058067521
1.3904000520706	-1.7890412348317
1.3950999975204	-1.8352099070428
1.3997999429703	-1.8806448916152
1.4045000076294	-1.9250098567313
1.4091999530792	-1.9686820616167
1.4139000177383	-2.0126426590308
1.4185999631882	-2.0581850071544
1.4233000278473	-2.1065589293041
1.4279999732971	-2.1586603298027
1.4327000379562	-2.2148169021432
1.4373999834061	-2.2747545408695
1.4421000480652	-2.3377328838633
1.4467999935150	-2.4027921712336
1.4515000581741	-2.4690607732953
1.4562000036240	-2.5360289653154
1.4608999490738	-2.6037107646316
1.4656000137329	-2.6726579960298
1.4702999591827	-2.7438293729182
1.4750000238419	-2.8183510376890
1.4796999692917	-2.8972409587720
1.4844000339508	-2.9811793542281
1.4890999794006	-3.0703824623765
1.4938000440598	-3.1645986746517
1.4984999895096	-3.2632365831612
1.5032000541687	-3.3655798253879
1.5078999996185	-3.4710273270402
1.5125999450684	-3.5793147828956
1.5173000097275	-3.6906246370404
1.5219999551773	-3.8055969750996
1.5267000198364	-3.9251961604951
1.5313999652863	-4.0505099925979
1.5361000299454	-4.1825116010145
1.5407999753952	-4.3218592090407
1.5455000400543	-4.4687847532997
1.5501999855042	-4.6230881755920
1.5549000501633	-4.7842542834292
1.5595999956131	-4.9516424872177
1.5642999410629	-5.1247358189976
1.5690000057220	-5.3033397183416
1.5736999511719	-5.4877224648503
1.5784000158310	-5.6786173269980
1.5830999612808	-5.8771095631141
1.5878000259399	-6.0844207933669
1.5924999713898	-6.3016615650460
1.5972000360489	-6.5295961013720
1.6018999814987	-6.7685052262657
1.6066000461578	-7.0181661803184
1.6112999916077	-7.2779789846310
1.6160000562668	-7.5471959686998
1.6207000017166	-7.8252264505465
1.6253999471664	-8.1119103448978
1.6301000118256	-8.4077039502077
1.6347999572754	-8.7137076293607
1.6395000219345	-9.0315102946077
1.6441999673843	-9.3629142027293
1.6489000320435	-9.7095692288214
1.6535999774933	-10.072655734983
1.6583000421524	-10.452682364856
1.6629999876022	-10.849459776722
1.6677000522614	-11.262313811876
1.6723999977112	-11.690457406760
1.6770999431610	-12.133491789095
1.6818000078201	-12.591864621923
1.6864999532700	-13.067179817130
1.6912000179291	-13.562226514306
1.6958999633789	-14.080716074931
1.7006000280380	-14.626795982806
1.7052999734879	-15.204427696199
1.7100000381470	-15.816851714906
1.7146999835968	-16.466269477930
1.7194000482559	-17.153855882545
1.7240999937057	-17.880242657875
1.7288000583649	-18.646353109635
1.7335000038147	-19.454535885967
1.7381999492645	-20.309625257077
1.7429000139236	-21.219553824139
1.7475999593735	-22.195089550310
1.7523000240326	-23.248042793530
1.7569999694824	-24.387221614525
1.7617000341415	-25.610219214560
1.7663999795914	-26.887840020774
1.7711000442505	-28.137800116717
1.7757999897003	-29.196446725434
1.7805000543594	-29.836934449642
1.7851999998093	-29.898293384148
1.7898999452591	-29.427419456725
1.7946000099182	-28.625561193543
1.7992999553680	-27.686516057742
1.8040000200272	-26.726157704536
1.8086999654770	-25.797317893374
1.8134000301361	-24.919927715008
1.8180999755859	-24.100540023750
1.8228000402451	-23.341397507444
1.8274999856949	-22.643399289455
1.8322000503540	-22.006459929896
1.8368999958038	-21.429056228409
1.8415999412537	-20.907802496212
1.8463000059128	-20.437456576956
1.8509999513626	-20.011381436038
1.8557000160217	-19.622321217105
1.8603999614716	-19.263333486660
1.8651000261307	-18.928703609168
1.8697999715805	-18.614515313566
1.8745000362396	-18.318855618536
1.8791999816895	-18.041477280800
1.8839000463486	-17.783205221008
1.8885999917984	-17.545092932294
1.8933000564575	-17.327736025958
1.8980000019073	-17.130794444621
1.9026999473572	-16.952830039447
1.9074000120163	-16.791512201744
1.9120999574661	-16.644044422484
1.9168000221252	-16.507735316445
1.9214999675751	-16.380520180200
1.9262000322342	-16.261346649917
1.9308999776840	-16.150231487088
1.9356000423431	-16.048076102683
1.9402999877930	-15.956237901552
1.9450000524521	-15.876037758668
1.9496999979019	-15.808306586232
1.9543999433517	-15.753104018919
1.9591000080109	-15.709668348346
1.9637999534607	-15.676582988831
1.9685000181198	-15.652129118355
1.9731999635696	-15.634707824471
1.9779000282288	-15.623233033854
1.9825999736786	-15.617376058743
1.9873000383377	-15.617606600836
1.9919999837875	-15.625017978282
1.9967000484467	-15.640989631144
2.0013999938965	-15.666795423495
2.0060999393463	-15.703249727427
2.0107998847961	-15.750488598720
2.0155000686646	-15.807934832175
2.0202000141144	-15.874442588864
2.0248999595642	-15.948586924515
2.0295999050140	-16.029026748964
2.0343000888824	-16.114840704529
2.0390000343323	-16.205744222152
2.0436999797821	-16.302141300643
2.0483999252319	-16.404965135005
2.0531001091003	-16.515398482235
2.0578000545502	-16.634500922131
2.0625000000000	-16.762875906548
2.0671999454498	-16.900424517717
2.0718998908997	-17.046274719857
2.0766000747681	-17.198869010467
2.0813000202179	-17.356200555397
2.0859999656677	-17.516159003407
2.0906999111176	-17.676860266456
2.0954000949860	-17.836894769468
2.1001000404358	-17.995443720871
2.1047999858856	-18.152180147167
2.1094999313354	-18.307031448076
2.1142001152039	-18.459827112971
2.1189000606537	-18.609954411818
2.1236000061035	-18.756090188173
2.1282999515533	-18.896091814345
2.1329998970032	-19.027043385751
2.1377000808716	-19.145548071855
2.1424000263214	-19.248105809548
2.1470999717712	-19.331549492602
2.1517999172211	-19.393510718284
2.1565001010895	-19.432676153914
2.1612000465393	-19.448870063834
2.1658999919891	-19.442954383933
2.1705999374390	-19.416504051454
2.1752998828888	-19.371455600506
2.1800000667572	-19.309675459122
2.1847000122070	-19.232708946776
2.1893999576569	-19.141630495722
2.1940999031067	-19.037069913314
2.1988000869751	-18.919425298420
2.2035000324249	-18.789146678060
2.2081999778748	-18.647035733307
2.2128999233246	-18.494488694719
2.2176001071930	-18.333553666400
2.2223000526428	-18.166828582782
2.2269999980927	-17.997177984601
2.2316999435425	-17.827385180258
2.2363998889923	-17.659776819182
2.2411000728607	-17.495954541016
2.2458000183105	-17.336672892887
2.2504999637604	-17.181916108826
2.2551999092102	-17.031104593207
2.2599000930786	-16.883440484803
2.2646000385284	-16.738276954605
2.2692999839783	-16.595386771603
2.2739999294281	-16.455126073792
2.2787001132965	-16.318413425633
2.2834000587463	-16.186515719682
2.2881000041962	-16.060765418481
2.2927999496460	-15.942237707283
2.2974998950958	-15.831511686931
2.3022000789642	-15.728523653862
2.3069000244141	-15.632642515816
2.3115999698639	-15.542823268469
2.3162999153137	-15.457926094734
2.3210000991821	-15.376993917883
2.3257000446320	-15.299510330457
2.3303999900818	-15.225521618608
2.3350999355316	-15.155588003377
2.3397998809814	-15.090603213847
2.3445000648499	-15.031529060345
2.3492000102997	-14.979113891666
2.3538999557495	-14.933678040846
2.3585999011993	-14.895010319116
2.3633000850677	-14.862435794228
2.3680000305176	-14.834973842548
2.3726999759674	-14.811609756192
2.3773999214172	-14.791556836940
2.3821001052856	-14.774448384474
2.3868000507355	-14.760427451267
2.3914999961853	-14.750087178967
2.3961999416351	-14.744271853294
2.4008998870850	-14.743847706256
2.4056000709534	-14.749432889344
2.4103000164032	-14.761239975527
2.4149999618530	-14.779005124944
2.4196999073029	-14.802053846820
2.4244000911713	-14.829500689148
2.4291000366211	-14.860470207740
2.4337999820709	-14.894351097214
2.4384999275208	-14.930955845056
2.4432001113892	-14.970566557979
2.4479000568390	-15.013846042817
2.4526000022888	-15.061653399470
2.4572999477386	-15.114806434312
2.4619998931885	-15.173848341965
2.4667000770569	-15.238887628588
2.4714000225067	-15.309595473791
2.4760999679565	-15.385257133620
2.4807999134064	-15.464999399946
2.4855000972748	-15.547990773734
2.4902000427246	-15.633699184954
2.4948999881744	-15.722011157248
2.4995999336243	-15.813267390136
2.5043001174927	-15.908150341423
2.5090000629425	-16.007490062316
2.5137000083923	-16.112014481793
2.5183999538422	-16.222134016640
2.5230998992920	-16.337793436599
2.5278000831604	-16.458465469109
2.5325000286102	-16.583225659703
2.5371999740601	-16.710978721338
2.5418999195099	-16.840676906485
2.5466001033783	-16.971549865860
2.5513000488281	-17.103238152117
2.5559999942780	-17.235813558095
2.5606999397278	-17.369651892334
2.5653998851776	-17.505227137767
2.5701000690460	-17.642847191624
2.5748000144958	-17.782424119755
2.5794999599457	-17.923321530226
2.5841999053955	-18.064331539290
2.5889000892639	-18.203769785339
2.5936000347137	-18.339689372047
2.5982999801636	-18.470131911505
2.6029999256134	-18.593382422789
2.6077001094818	-18.708135230308
2.6124000549316	-18.813543511283
2.6171000003815	-18.909135612053
2.6217999458313	-18.994628515596
2.6264998912811	-19.069688245858
2.6312000751495	-19.133719479432
2.6359000205994	-19.185729042202
2.6405999660492	-19.224323638189
2.6452999114990	-19.247829103992
2.6500000953674	-19.254512483307
2.6547000408173	-19.242898917360
2.6593999862671	-19.212017980002
2.6640999317169	-19.161618265797
2.6688001155853	-19.092237174197
2.6735000610352	-19.005093908566
2.6782000064850	-18.901892146771
2.6828999519348	-18.784513727071
2.6875998973846	-18.654737460815
2.6923000812531	-18.514018976622
2.6970000267029	-18.363374946039
2.7016999721527	-18.203399853106
2.7063999176025	-18.034444772951
2.7111001014709	-17.856780564087
2.7158000469208	-17.670871820759
2.7204999923706	-17.477531988356
2.7251999378204	-17.277984641102
2.7298998832703	-17.073819860948
2.7346000671387	-16.866790573577
2.7393000125885	-16.658593388954
2.7439999580383	-16.450642036318
2.7486999034882	-16.243867682292
2.7534000873566	-16.038688135775
2.7581000328064	-15.835030956100
2.7627999782562	-15.632533461037
2.7674999237061	-15.430748931800
2.7722001075745	-15.229367690874
2.7769000530243	-15.028411036235
2.7815999984741	-14.828266423993
2.7862999439240	-14.629645526857
2.7909998893738	-14.433430724171
2.7957000732422	-14.240462510909
2.8004000186920	-14.051346825958
2.8050999641418	-13.866326239058
2.8097999095917	-13.685230646076
2.8145000934601	-13.507568654048
2.8192000389099	-13.332678037441
2.8238999843597	-13.159922822770
2.8285999298096	-12.988872044033
2.8333001136780	-12.819429285596
2.8380000591278	-12.651837919536
2.8427000045776	-12.486601316735
2.8473999500275	-12.324329176270
2.8520998954773	-12.165548025477
2.8568000793457	-12.010550497984
2.8615000247955	-11.859311759150
2.8661999702454	-11.711484878238
2.8708999156952	-11.566520280826
2.8756000995636	-11.423796917119
2.8803000450134	-11.282809278807
2.8849999904633	-11.143297146763
2.8896999359131	-11.005305954809
2.8943998813629	-10.869152424557
2.8991000652313	-10.735320405321
2.9038000106812	-10.604308081516
2.9084999561310	-10.476464059737
2.9131999015808	-10.351892546263
2.9179000854492	-10.230412388234
2.9226000308990	-10.111616000761
2.9272999763489	-9.9949742511484
2.9319999217987	-9.8800065238568
2.9367001056671	-9.7663934388259
2.9414000511169	-9.6540749866043
2.9460999965668	-9.5432521769420
2.9507999420166	-9.4343138597502
2.9554998874664	-9.3277156791923
2.9602000713348	-9.2238355077088
2.9649000167847	-9.1228580346608
2.9695999622345	-9.0247178525616
2.9742999076843	-8.9291225000022
2.9790000915527	-8.8356460163544
2.9837000370026	-8.7438290481436
2.9883999824524	-8.6533362560662
2.9930999279022	-8.5640323470310
2.9978001117706	-8.4760287072480
3.0025000572205	-8.3896259721034
3.0072000026703	-8.3052291284037
3.0118999481201	-8.2232092899301
3.0165998935699	-8.1438030119277
3.0213000774384	-8.0670188608711
3.0260000228882	-7.9926634977813
3.0306999683380	-7.9203648085955
3.0353999137878	-7.8497067352801
3.0401000976562	-7.7803385227285
3.0448000431061	-7.7120756170311
3.0494999885559	-7.6449474480342
3.0541999340057	-7.5791824397803
3.0589001178741	-7.5151324076287
3.0636000633240	-7.4531466322162
3.0683000087738	-7.3934832730520
3.0729999542236	-7.3362097352530
3.0776998996735	-7.2811901902255
3.0824000835419	-7.2281158476969
3.0871000289917	-7.1766023093518
3.0917999744415	-7.1262907802222
3.0964999198914	-7.0769613688894
3.1012001037598	-7.0285822885637
3.1059000492096	-6.9813145881477
3.1105999946594	-6.9354629120683
3.1152999401093	-6.8913614434203
3.1199998855591	-6.8492824097240
3.1247000694275	-6.8093340328559
3.1294000148773	-6.7714359587432
3.1340999603271	-6.7353311594772
3.1387999057770	-6.7006640528978
3.1435000896454	-6.6670731468377
3.1482000350952	-6.6343112049035
3.1528999805450	-6.6022973085166
3.1575999259949	-6.5711376468684
3.1623001098633	-6.5410903333779
3.1670000553131	-6.5124789840864
3.1717000007629	-6.4855728084814
3.1763999462128	-6.4605224143073
3.1810998916626	-6.4372843555983
3.1858000755310	-6.4156479571677
3.1905000209808	-6.3952759421397
3.1951999664307	-6.3758184566119
3.1998999118805	-6.3569903817635
3.2046000957489	-6.3386720351669
3.2093000411987	-6.3209176361927
3.2139999866486	-6.3039439337082
3.2186999320984	-6.2880433576153
3.2234001159668	-6.2734889415994
3.2281000614166	-6.2604413847875
3.2328000068665	-6.2488899131083
3.2374999523163	-6.2386361264887
3.2421998977661	-6.2293587651719
3.2469000816345	-6.2206820710832
3.2516000270844	-6.2122861712462
3.2562999725342	-6.2039924054526
3.2609999179840	-6.1957853665185
3.2657001018524	-6.1878250273387
3.2704000473022	-6.1803528034743
3.2750999927521	-6.1736147410122
3.2797999382019	-6.1677501766908
3.2844998836517	-6.1627344523891
3.2892000675201	-6.1583572448433
3.2939000129700	-6.1542574374074
3.2985999584198	-6.1500051979186
3.3032999038696	-6.1451988076213
3.3080000877380	-6.1395621367109
3.3127000331879	-6.1329812788970
3.3173999786377	-6.1255054151545
3.3220999240875	-6.1172898931839
3.3268001079559	-6.1084912405801
3.3315000534058	-6.0991831660322
3.3361999988556	-6.0892684039774
3.3408999443054	-6.0784642611713
3.3455998897552	-6.0663231531108
3.3503000736237	-6.0523257815569
3.3550000190735	-6.0359664026764
3.3596999645233	-6.0168635125564
3.3643999099731	-5.9948080032667
3.3691000938416	-5.9697618180703
3.3738000392914	-5.9418169869206
3.3784999847412	-5.9110952451176
3.3831999301910	-5.8776544206699
3.3879001140594	-5.8414198365811
3.3926000595093	-5.8021521830530
3.3973000049591	-5.7594854698415
3.4019999504089	-5.7130120337049
3.4066998958588	-5.6623798269000
3.4114000797272	-5.6073980554101
3.4161000251770	-5.5480872850854
3.4207999706268	-5.4846805831284
3.4254999160767	-5.4175815001008
3.4302000999451	-5.3472642341194
3.4349000453949	-5.2741780216259
3.4395999908447	-5.1986811686857
3.4442999362946	-5.1210053125245
3.4489998817444	-5.0412917475013
3.4537000656128	-4.9596458978409
3.4584000110626	-4.8762320765528
3.4630999565125	-4.7913472478509
3.4677999019623	-4.7054598444836
3.4725000858307	-4.6191983871191
3.4772000312805	-4.5332949358635
3.4818999767303	-4.4484916827323
3.4865999221802	-4.3654678427882
3.4913001060486	-4.2847456336275
3.4960000514984	-4.2066757872866
3.5006999969482	-4.1314595422330
3.5053999423981	-4.0591847970819
3.5100998878479	-3.9899170182546
3.5148000717163	-3.9237592297560
3.5195000171661	-3.8608993980353
3.5241999626160	-3.8016168186754
3.5288999080658	-3.7462445432212
3.5336000919342	-3.6951081534406
3.5383000373840	-3.6484659299990
3.5429999828339	-3.6064390810772
3.5476999282837	-3.5689959124408
3.5524001121521	-3.5359612572827
3.5571000576019	-3.5070658114755
3.5618000030518	-3.4820073386302
3.5664999485016	-3.4605233735791
3.5711998939514	-3.4424504702007
3.5759000778198	-3.4277301600457
3.5806000232697	-3.4164005612995
3.5852999687195	-3.4085509691157
3.5899999141693	-3.4042494972486
3.5947000980377	-3.4034944220251
3.5994000434875	-3.4061713915310
3.6040999889374	-3.4120540990351
3.6087999343872	-3.4208268281495
3.6135001182556	-3.4321506105365
3.6182000637054	-3.4457197334008
3.6229000091553	-3.4613285475576
3.6275999546051	-3.4788870748182
3.6322999000549	-3.4984248194134
3.6370000839233	-3.5200537888015
3.6417000293732	-3.5438947035942
3.6463999748230	-3.5700286585659
3.6510999202728	-3.5984392043860
3.6558001041412	-3.6289911235673
3.6605000495911	-3.6614582567067
3.6651999950409	-3.6955542585179
3.6698999404907	-3.7310148933616
3.6745998859406	-3.7676534771356
3.6793000698090	-3.8053960440871
3.6840000152588	-3.8443007943337
3.6886999607086	-3.8845179640559
3.6933999061584	-3.9262384524248
3.6981000900269	-3.9696248121812
3.7028000354767	-4.0147471247683
3.7074999809265	-4.0615544745394
3.7121999263763	-4.1098785664524
3.7169001102448	-4.1594730452869
3.7216000556946	-4.2100775287911
3.7263000011444	-4.2614905144302
3.7309999465942	-4.3136227166033
3.7356998920441	-4.3665143175911
3.7404000759125	-4.4203245756832
3.7451000213623	-4.4752703247208
3.7497999668121	-4.5315532678434
3.7544999122620	-4.5892969434050
3.7592000961304	-4.6484873488877
3.7639000415802	-4.7089766237524
3.7685999870300	-4.7705101673401
3.7732999324799	-4.8327904543158
3.7780001163483	-4.8955570906747
3.7827000617981	-4.9586601688153
3.7874000072479	-5.0220856670014
3.7920999526978	-5.0859567478029
3.7967998981476	-5.1504798941776
3.8015000820160	-5.2158636636813
3.8062000274658	-5.2822384249789
3.8108999729156	-5.3495937836443
3.8155999183655	-5.4177564594950
3.8203001022339	-5.4864167746133
3.8250000476837	-5.5551946458550
3.8296999931335	-5.6237300593586
3.8343999385834	-5.6917679248903
3.8390998840332	-5.7592092535474
3.8438000679016	-5.8261122614277
3.8485000133514	-5.8926445322707
3.8531999588013	-5.9589981285432
3.8578999042511	-6.0252893611203
3.8626000881195	-6.0914826810096
3.8673000335693	-6.1573547074881
3.8719999790192	-6.2225207108692
3.8766999244690	-6.2865041892918
3.8814001083374	-6.3488430523841
3.8861000537872	-6.4091981769437
3.8907999992371	-6.4674106352647
3.8954999446869	-6.5235187894480
3.9001998901367	-6.5777123496103
3.9049000740051	-6.6302251202617
3.9096000194550	-6.6812253415317
3.9142999649048	-6.7307228246291
3.9189999103546	-6.7785254102091
3.9237000942230	-6.8242612068141
3.9284000396729	-6.8674640286162
3.9330999851227	-6.9076963847914
3.9377999305725	-6.9446667608990
3.9425001144409	-6.9783079223876
3.9472000598907	-7.0087888442259
3.9519000053406	-7.0364633541527
3.9565999507904	-7.0617454643424
3.9612998962402	-7.0849878566192
3.9660000801086	-7.1063745053990
3.9707000255585	-7.1258692960093
3.9753999710083	-7.1432470119043
3.9800999164581	-7.1581830159009
3.9848001003265	-7.1703836735226
3.9895000457764	-7.1797121791897
3.9941999912262	-7.1862679842942
3.9988999366760	-7.1903977806975
4.0036001205444	-7.1926275035369
4.0082998275757	-7.1935329449354
4.0130000114441	-7.1936136293975
4.0177001953125	-7.1931754680932
4.0223999023438	-7.1922817468512
4.0271000862122	-7.1907878468882
4.0317997932434	-7.1884275641246
4.0364999771118	-7.1849550600036
4.0412001609802	-7.1802631100374
4.0458998680115	-7.1744755926584
4.0506000518799	-7.1679469295406
4.0553002357483	-7.1612046395801
4.0599999427795	-7.1548258027569
4.0647001266479	-7.1493027193158
4.0693998336792	-7.1449212598593
4.0741000175476	-7.1417255390526
4.0788002014160	-7.1395261547219
4.0834999084473	-7.1380035937674
4.0882000923157	-7.1368344924847
4.0928997993469	-7.1358208027800
4.0975999832153	-7.1349850272526
4.1023001670837	-7.1345879859597
4.1069998741150	-7.1350680765842
4.1117000579834	-7.1369379791607
4.1163997650146	-7.1406358570422
4.1210999488831	-7.1464141529788
4.1258001327515	-7.1542758785513
4.1304998397827	-7.1639864831423
4.1352000236511	-7.1751546727388
4.1399002075195	-7.1873642556117
4.1445999145508	-7.2003124282534
4.1493000984192	-7.2139116237308
4.1539998054504	-7.2283192143291
4.1586999893188	-7.2439062205712
4.1634001731873	-7.2611431582004
4.1680998802185	-7.2804591277373
4.1728000640869	-7.3021146987143
4.1774997711182	-7.3261213290514
4.1821999549866	-7.3522361367805
4.1869001388550	-7.3800288199824
4.1915998458862	-7.4090192181916
4.1963000297546	-7.4388169463275
4.2010002136230	-7.4692462534664
4.2056999206543	-7.5004056624590
4.2104001045227	-7.5326410068833
4.2150998115540	-7.5664481062167
4.2197999954224	-7.6023290709325
4.2245001792908	-7.6406440670873
4.2291998863220	-7.6815108715539
4.2339000701904	-7.7247800693166
4.2385997772217	-7.7700916245389
4.2432999610901	-7.8170043611380
4.2480001449585	-7.8651607906023
4.2526998519897	-7.9144257502065
4.2574000358582	-7.9649781401739
4.2621002197266	-8.0173003225803
4.2667999267578	-8.0720889886421
4.2715001106262	-8.1300977231952
4.2761998176575	-8.1919584701934
4.2809000015259	-8.2580471109273
4.2856001853943	-8.3284075587635
4.2902998924255	-8.4027852520455
4.2950000762939	-8.4807332963978
4.2996997833252	-8.5617821647991
4.3043999671936	-8.6456054564236
4.3091001510620	-8.7321478708447
4.3137998580933	-8.8216550991703
4.3185000419617	-8.9146115148709
4.3232002258301	-9.0115875455533
4.3278999328613	-9.1130478151087
4.3326001167297	-9.2191866101830
4.3372998237610	-9.3298185772003
4.3420000076294	-9.4443899611935
4.3467001914978	-9.5620938359674
4.3513998985291	-9.6820716039357
4.3561000823975	-9.8036424861992
4.3607997894287	-9.9264919036867
4.3654999732971	-10.050761521317
4.3702001571655	-10.176997029653
4.3748998641968	-10.305984073907
4.3796000480652	-10.438495957487
4.3843002319336	-10.575042493364
4.3889999389648	-10.715695045888
4.3937001228333	-10.860045492842
4.3983998298645	-11.007305226598
4.4031000137329	-11.156546133132
4.4078001976013	-11.306995486605
4.4124999046326	-11.458305490548
4.4172000885010	-11.610705043496
4.4218997955322	-11.764981053973
4.4265999794006	-11.922278051407
4.4313001632690	-12.083780823145
4.4359998703003	-12.250370153332
4.4407000541687	-12.422354463293
4.4454002380371	-12.599370234883
4.4500999450684	-12.780483878488
4.4548001289368	-12.964487401715
4.4594998359680	-13.150296723422
4.4642000198364	-13.337348780463
4.4689002037048	-13.525852001077
4.4735999107361	-13.716808586817
4.4783000946045	-13.911776958311
4.4829998016357	-14.112444135088
4.4876999855042	-14.320132198900
4.4924001693726	-14.535389843337
4.4970998764038	-14.757803471459
4.5018000602722	-14.986092654099
4.5064997673035	-15.218496362509
4.5111999511719	-15.453346216549
4.5159001350403	-15.689664731257
4.5205998420715	-15.927580637190
4.5253000259399	-16.168408569305
4.5300002098083	-16.414325064496
4.5346999168396	-16.667735665110
4.5394001007080	-16.930507439639
4.5440998077393	-17.203304932828
4.5487999916077	-17.485254365928
4.5535001754761	-17.774042048837
4.5581998825073	-18.066497995535
4.5629000663757	-18.359517741429
4.5675997734070	-18.651049241979
4.5722999572754	-18.940782967735
4.5770001411438	-19.230260115150
4.5816998481750	-19.522244436986
4.5864000320435	-19.819550675047
4.5911002159119	-20.123641585211
4.5957999229431	-20.433465465702
4.6005001068115	-20.744936039958
4.6051998138428	-21.051308724780
4.6098999977112	-21.344527901591
4.6146001815796	-21.617191806249
4.6192998886108	-21.864501595861
4.6240000724792	-22.085270859637
4.6286997795105	-22.281440011137
4.6333999633789	-22.456209844556
4.6381001472473	-22.611448009704
4.6427998542786	-22.745607796980
4.6475000381470	-22.852967052235
4.6522002220154	-22.924797202117
4.6568999290466	-22.952212447149
4.6616001129150	-22.929710976794
4.6662998199463	-22.857777818545
4.6710000038147	-22.743155269834
4.6757001876831	-22.596710454602
4.6803998947144	-22.429896850097
4.6851000785828	-22.251511695418
4.6897997856140	-22.065866823976
4.6944999694824	-21.872744374271
4.6992001533508	-21.669041495682
4.7038998603821	-21.451159438163
4.7086000442505	-21.217483017707
4.7133002281189	-20.969835955259
4.7179999351501	-20.713500379198
4.7227001190186	-20.455850862931
4.7273998260498	-20.204350521644
4.7321000099182	-19.964586276607
4.7368001937866	-19.739097123457
4.7414999008179	-19.527131419880
4.7462000846863	-19.325321387116
4.7508997917175	-19.129150920973
4.7555999755859	-18.934574384948
4.7603001594543	-18.739458805473
4.7649998664856	-18.544332648449
4.7697000503540	-18.352159059174
4.7744002342224	-18.167326624563
4.7790999412537	-17.994227067331
4.7838001251221	-17.835910160492
4.7884998321533	-17.693166853852
4.7932000160217	-17.564371531305
4.7979001998901	-17.445954628725
4.8025999069214	-17.333464444694
4.8073000907898	-17.222899893774
4.8119997978210	-17.111892777436
4.8166999816895	-17.000354204307
4.8214001655579	-16.890380262407
4.8260998725891	-16.785423159778
4.8308000564575	-16.689075073069
4.8354997634888	-16.603785637448
4.8401999473572	-16.530029923245
4.8449001312256	-16.466003049084
4.8495998382568	-16.408045320459
4.8543000221252	-16.351620714415
4.8590002059937	-16.292605412308
4.8636999130249	-16.228502337613
4.8684000968933	-16.159127528105
4.8730998039246	-16.086554570545
4.8777999877930	-16.014317848534
4.8825001716614	-15.946136215282
4.8871998786926	-15.884654184363
4.8919000625610	-15.830516734165
4.8965997695923	-15.782122697075
4.9012999534607	-15.736065070397
4.9060001373291	-15.688189835876
4.9106998443604	-15.634908865228
4.9154000282288	-15.574434468007
4.9201002120972	-15.507378687863
4.9247999191284	-15.436629221402
4.9295001029968	-15.366394444047
4.9341998100281	-15.300864711342
4.9388999938965	-15.242912643320
4.9436001777649	-15.193229010865
4.9482998847961	-15.150093980440
4.9530000686646	-15.109908191449
4.9576997756958	-15.068291824348
4.9623999595642	-15.021441148503
4.9671001434326	-14.967295373808
4.9717998504639	-14.906138594367
4.9765000343323	-14.840290310199
4.9812002182007	-14.773112604147
4.9858999252319	-14.707554432822
4.9906001091003	-14.644805318721
4.9952998161316	-14.583466386679
5.0000000000000	-14.519469863449
#Parameters = {R_fat=48; R_glandular=38; R_skin_outer=50; T10=5; T15=7.5; T5=2.5; T_rad=4; T_x=10; T_y=0; T_z=75; Zc=65; skin_thickness=2; Mesh Pass=4}
#"Frequency / GHz"	"S1,1 (Mesh Pass=4) [Magnitude / dB]"
#-------------------------------------------------------
0.30000001192093	-14.183094288637
0.30469998717308	-14.239457166122
0.30939999222755	-14.642660840059
0.31409999728203	-15.394464325997
0.31880000233650	-16.385529001743
0.32350000739098	-17.309047255781
0.32820001244545	-17.692076501443
0.33289998769760	-17.356613349762
0.33759999275208	-16.715487042859
0.34229999780655	-16.307917064136
0.34700000286102	-16.494843299920
0.35170000791550	-17.573214645438
0.35640001296997	-20.075249687155
0.36109998822212	-25.874142391786
0.36579999327660	-38.194769554886
0.37049999833107	-21.391472360484
0.37520000338554	-15.562443589159
0.37990000844002	-12.006522777561
0.38460001349449	-9.6021490654662
0.38929998874664	-7.9903561492740
0.39399999380112	-7.0105164358298
0.39869999885559	-6.5617026684278
0.40340000391006	-6.5612196520524
0.40810000896454	-6.9374415270448
0.41280001401901	-7.6304773142544
0.41749998927116	-8.5849796332923
0.42219999432564	-9.7251637017471
0.42689999938011	-10.907636720697
0.43160000443459	-11.883398273728
0.43630000948906	-12.387126240312
0.44100001454353	-12.382919435679
0.44569998979568	-12.117238266521
0.45039999485016	-11.875384762612
0.45509999990463	-11.821172643151
0.45980000495911	-12.003304143523
0.46450001001358	-12.395059637099
0.46919998526573	-12.910939569266
0.47389999032021	-13.411845267813
0.47859999537468	-13.739695021710
0.48330000042915	-13.805218884745
0.48800000548363	-13.656375115294
0.49270001053810	-13.434271416240
0.49739998579025	-13.274389299295
0.50209999084473	-13.254173440469
0.50679999589920	-13.389879795897
0.51150000095367	-13.646226502513
0.51620000600815	-13.944879449186
0.52090001106262	-14.182138052890
0.52560001611710	-14.270817055761
0.53030002117157	-14.191089851015
0.53500002622604	-14.001448848879
0.53969997167587	-13.796127337467
0.54439997673035	-13.654494457603
0.54909998178482	-13.616888382083
0.55379998683929	-13.681921549712
0.55849999189377	-13.811401017983
0.56319999694824	-13.940335006579
0.56790000200272	-13.998164576646
0.57260000705719	-13.940978389283
0.57730001211166	-13.775236708820
0.58200001716614	-13.551148857691
0.58670002222061	-13.332320565599
0.59140002727509	-13.167429793232
0.59609997272491	-13.076930490882
0.60079997777939	-13.051408749355
0.60549998283386	-13.056400789707
0.61019998788834	-13.043562885263
0.61489999294281	-12.969284725299
0.61959999799728	-12.814776267718
0.62430000305176	-12.594562383317
0.62900000810623	-12.346601250387
0.63370001316071	-12.112556077678
0.63840001821518	-11.921389964029
0.64310002326965	-11.781631198551
0.64780002832413	-11.681016400252
0.65249997377396	-11.591711168245
0.65719997882843	-11.480725615023
0.66189998388290	-11.323527757593
0.66659998893738	-11.114859387029
0.67129999399185	-10.870031276587
0.67599999904633	-10.616156106325
0.68070000410080	-10.379649444697
0.68540000915527	-10.176559901700
0.69010001420975	-10.008278372988
0.69480001926422	-9.8623450476812
0.69950002431870	-9.7176196759001
0.70420002937317	-9.5527455127769
0.70889997482300	-9.3550962817268
0.71359997987747	-9.1258962932695
0.71829998493195	-8.8787231717164
0.72299998998642	-8.6326773253759
0.72769999504089	-8.4043212879273
0.73240000009537	-8.2018799793025
0.73710000514984	-8.0230647726367
0.74180001020432	-7.8566141197165
0.74650001525879	-7.6869444106787
0.75120002031326	-7.5005176936158
0.75590002536774	-7.2914138059225
0.76059997081757	-7.0634506152543
0.76529997587204	-6.8279265203596
0.76999998092651	-6.5984713010744
0.77469998598099	-6.3856446326670
0.77939999103546	-6.1933046277019
0.78409999608994	-6.0176942584605
0.78880000114441	-5.8492503957032
0.79350000619888	-5.6765567171721
0.79820001125336	-5.4910161803033
0.80290001630783	-5.2903157157437
0.80760002136230	-5.0791054248066
0.81230002641678	-4.8667215295817
0.81699997186661	-4.6632408914356
0.82169997692108	-4.4756428162772
0.82639998197556	-4.3054379613130
0.83109998703003	-4.1484368059784
0.83579999208450	-3.9966189972636
0.84049999713898	-3.8414629177314
0.84520000219345	-3.6774664254426
0.84990000724792	-3.5043802811360
0.85460001230240	-3.3271809178981
0.85930001735687	-3.1539350468954
0.86400002241135	-2.9925813756993
0.86870002746582	-2.8479880853501
0.87339997291565	-2.7203326757386
0.87809997797012	-2.6052794730051
0.88279998302460	-2.4958848674467
0.88749998807907	-2.3855384053873
0.89219999313354	-2.2707831735707
0.89689999818802	-2.1528527884317
0.90160000324249	-2.0372620171358
0.90630000829697	-1.9317078902539
0.91100001335144	-1.8432100776987
0.91570001840591	-1.7756503922488
0.92040002346039	-1.7285781244795
0.92510002851486	-1.6976892343439
0.92979997396469	-1.6768390780930
0.93449997901917	-1.6608655209010
0.93919998407364	-1.6481542390831
0.94389998912811	-1.6418994725611
0.94859999418259	-1.6495340027716
0.95329999923706	-1.6806157285219
0.95800000429153	-1.7440414438328
0.96270000934601	-1.8457337391575
0.96740001440048	-1.9876515113805
0.97210001945496	-2.1684965623581
0.97680002450943	-2.3860855981473
0.98150002956390	-2.6407048091638
0.98619997501373	-2.9385586991888
0.99089998006821	-3.2941862147157
0.99559998512268	-3.7312758745160
1.0003000497818	-4.2821496153837
1.0049999952316	-4.9871512142643
1.0096999406815	-5.8958866023236
1.0144000053406	-7.0727932902956
1.0190999507904	-8.6108730765657
1.0238000154495	-10.661731955196
1.0284999608994	-13.499146347311
1.0332000255585	-17.582597977262
1.0378999710083	-21.797929744384
1.0426000356674	-18.685208274413
1.0472999811172	-14.155993417436
1.0520000457764	-10.964154328805
1.0566999912262	-8.6621574822260
1.0614000558853	-6.9345881857168
1.0661000013351	-5.6100275932724
1.0707999467850	-4.5866515553935
1.0755000114441	-3.7958353081495
1.0801999568939	-3.1853257256222
1.0849000215530	-2.7119743492400
1.0895999670029	-2.3396151309436
1.0943000316620	-2.0393887335478
1.0989999771118	-1.7906627044282
1.1037000417709	-1.5810756445282
1.1083999872208	-1.4051412900403
1.1131000518799	-1.2615982235113
1.1177999973297	-1.1503719670692
1.1224999427795	-1.0700764560096
1.1272000074387	-1.0167727369545
1.1318999528885	-0.98411612967243
1.1366000175476	-0.96470052349985
1.1412999629974	-0.95193209186009
1.1460000276566	-0.94167749089567
1.1506999731064	-0.93301451689216
1.1554000377655	-0.92780061510381
1.1600999832153	-0.92924463552816
1.1648000478745	-0.94014293732783
1.1694999933243	-0.96146145465685
1.1742000579834	-0.99178741907374
1.1789000034332	-1.0277897393932
1.1835999488831	-1.0654260736899
1.1883000135422	-1.1014308049734
1.1929999589920	-1.1344671209858
1.1977000236511	-1.1654361728712
1.2023999691010	-1.1969143954394
1.2071000337601	-1.2319021389940
1.2117999792099	-1.2725145033409
1.2165000438690	-1.3190782015501
1.2211999893188	-1.3700303734988
1.2259000539780	-1.4225736391257
1.2305999994278	-1.4738226311799
1.2352999448776	-1.5219434738601
1.2400000095367	-1.5668599385494
1.2446999549866	-1.6101886183737
1.2494000196457	-1.6544754004226
1.2540999650955	-1.7020865262552
1.2588000297546	-1.7542248670325
1.2634999752045	-1.8104608832093
1.2682000398636	-1.8689681943587
1.2728999853134	-1.9272956070183
1.2776000499725	-1.9834064002391
1.2822999954224	-2.0365039081250
1.2869999408722	-2.0873295219769
1.2917000055313	-2.1378153219241
1.2963999509811	-2.1902203958852
1.3011000156403	-2.2462046777940
1.3057999610901	-2.3061539542673
1.3105000257492	-2.3690804826872
1.3151999711990	-2.4330648986855
1.3199000358582	-2.4960946374133
1.3245999813080	-2.5569076664424
1.3293000459671	-2.6155172498361
1.3339999914169	-2.6731874829170
1.3387000560760	-2.7318903258924
1.3434000015259	-2.7934762215534
1.3480999469757	-2.8589350301687
1.3528000116348	-2.9280301163420
1.3574999570847	-2.9994529117045
1.3622000217438	-3.0714045693029
1.3668999671936	-3.1423712854409
1.3716000318527	-3.2117778179546
1.3762999773026	-3.2802344848137
1.3810000419617	-3.3492788505995
1.3856999874115	-3.4207590056527
1.3904000520706	-3.4960862047098
1.3950999975204	-3.5757052862852
1.3997999429703	-3.6589729172369
1.4045000076294	-3.7444756397544
1.4091999530792	-3.8306611355696
1.4139000177383	-3.9165198503725
1.4185999631882	-4.0020332650806
1.4233000278473	-4.0882183457435
1.4279999732971	-4.1767327442148
1.4327000379562	-4.2692333811937
1.4373999834061	-4.3667560807637
1.4421000480652	-4.4693579419837
1.4467999935150	-4.5761663160081
1.4515000581741	-4.6857942602776
1.4562000036240	-4.7969738208819
1.4608999490738	-4.9091376119179
1.4656000137329	-5.0227118157545
1.4702999591827	-5.1390099333059
1.4750000238419	-5.2597641866753
1.4796999692917	-5.3864905544795
1.4844000339508	-5.5199619528276
1.4890999794006	-5.6599704267692
1.4938000440598	-5.8054924372289
1.4984999895096	-5.9551749884730
1.5032000541687	-6.1079630131964
1.5078999996185	-6.2636320979932
1.5125999450684	-6.4229764329132
1.5173000097275	-6.5876022751340
1.5219999551773	-6.7593903415995
1.5267000198364	-6.9398394954702
1.5313999652863	-7.1295708168086
1.5361000299454	-7.3281544107810
1.5407999753952	-7.5343627019568
1.5455000400543	-7.7467427010377
1.5501999855042	-7.9643074632629
1.5549000501633	-8.1870771139631
1.5595999956131	-8.4162275847473
1.5642999410629	-8.6537859438305
1.5690000057220	-8.9019696659392
1.5736999511719	-9.1624345255558
1.5784000158310	-9.4357120794766
1.5830999612808	-9.7210747902790
1.5878000259399	-10.016878689888
1.5924999713898	-10.321311081432
1.5972000360489	-10.633251545475
1.6018999814987	-10.952925426539
1.6066000461578	-11.282041700939
1.6112999916077	-11.623336083229
1.6160000562668	-11.979680411777
1.6207000017166	-12.353080653170
1.6253999471664	-12.743956705023
1.6301000118256	-13.150984132582
1.6347999572754	-13.571610820577
1.6395000219345	-14.003082576317
1.6441999673843	-14.443654982004
1.6489000320435	-14.893455020273
1.6535999774933	-15.354604198307
1.6583000421524	-15.830475850977
1.6629999876022	-16.324315836802
1.6677000522614	-16.837732790603
1.6723999977112	-17.369549772957
1.6770999431610	-17.915425770444
1.6818000078201	-18.468418429556
1.6864999532700	-19.020298033527
1.6912000179291	-19.563083708399
1.6958999633789	-20.090212934672
1.7006000280380	-20.596670735424
1.7052999734879	-21.078020533664
1.7100000381470	-21.528738307582
1.7146999835968	-21.940737102103
1.7194000482559	-22.302809708461
1.7240999937057	-22.601476076518
1.7288000583649	-22.823297571985
1.7335000038147	-22.958004320096
1.7381999492645	-23.001511383482
1.7429000139236	-22.957710651529
1.7475999593735	-22.838245303315
1.7523000240326	-22.660239479999
1.7569999694824	-22.442788732875
1.7617000341415	-22.203334858274
1.7663999795914	-21.954907822639
1.7711000442505	-21.704945735495
1.7757999897003	-21.455727180726
1.7805000543594	-21.206243077159
1.7851999998093	-20.954748262011
1.7898999452591	-20.701170223168
1.7946000099182	-20.448417641105
1.7992999553680	-20.202148391864
1.8040000200272	-19.969165570226
1.8086999654770	-19.755253705557
1.8134000301361	-19.563377686504
1.8180999755859	-19.392881892920
1.8228000402451	-19.239956461894
1.8274999856949	-19.099206075417
1.8322000503540	-18.965754740759
1.8368999958038	-18.837105712113
1.8415999412537	-18.714005457622
1.8463000059128	-18.599944529808
1.8509999513626	-18.499577497305
1.8557000160217	-18.416756873565
1.8603999614716	-18.352974398538
1.8651000261307	-18.306787858858
1.8697999715805	-18.274405745986
1.8745000362396	-18.251186989088
1.8791999816895	-18.233455974578
1.8839000463486	-18.219994581193
1.8885999917984	-18.212471962563
1.8933000564575	-18.214716479268
1.8980000019073	-18.231128451809
1.9026999473572	-18.264923720554
1.9074000120163	-18.316922741750
1.9120999574661	-18.385312686655
1.9168000221252	-18.466469496298
1.9214999675751	-18.556478785637
1.9262000322342	-18.652879297058
1.9308999776840	-18.755827660442
1.9356000423431	-18.868211350877
1.9402999877930	-18.994681080103
1.9450000524521	-19.139965628466
1.9496999979019	-19.307265127623
1.9543999433517	-19.497227642196
1.9591000080109	-19.707969266935
1.9637999534607	-19.936109247832
1.9685000181198	-20.178436992894
1.9731999635696	-20.433664588579
1.9779000282288	-20.703511628170
1.9825999736786	-20.992652257939
1.9873000383377	-21.307521767107
1.9919999837875	-21.654526859259
1.9967000484467	-22.038268173322
2.0013999938965	-22.460497863063
2.0060999393463	-22.920072559464
2.0107998847961	-23.413964556984
2.0155000686646	-23.938997663400
2.0202000141144	-24.493530105708
2.0248999595642	-25.078351655792
2.0295999050140	-25.695941527646
2.0343000888824	-26.347793144783
2.0390000343323	-27.030000241313
2.0436999797821	-27.727480708640
2.0483999252319	-28.407754088783
2.0531001091003	-29.016371820296
2.0578000545502	-29.478713908785
2.0625000000000	-29.715021659050
2.0671999454498	-29.669194833589
2.0718998908997	-29.335987856904
2.0766000747681	-28.763035171248
2.0813000202179	-28.026802572919
2.0859999656677	-27.203715378809
2.0906999111176	-26.353575402763
2.0954000949860	-25.515836624673
2.1001000404358	-24.712326373548
2.1047999858856	-23.951884830816
2.1094999313354	-23.235016975321
2.1142001152039	-22.557904767219
2.1189000606537	-21.915795028798
2.1236000061035	-21.305258502521
2.1282999515533	-20.725139799301
2.1329998970032	-20.176327101977
2.1377000808716	-19.660608172771
2.1424000263214	-19.179223682107
2.1470999717712	-18.731788530572
2.1517999172211	-18.315850868100
2.1565001010895	-17.927309760067
2.1612000465393	-17.561393288401
2.1658999919891	-17.213887657537
2.1705999374390	-16.882186738732
2.1752998828888	-16.565669641995
2.1800000667572	-16.265355146374
2.1847000122070	-15.982990817051
2.1893999576569	-15.719929594364
2.1940999031067	-15.476288653735
2.1988000869751	-15.250643671578
2.2035000324249	-15.040360849161
2.2081999778748	-14.842395154173
2.2128999233246	-14.654255276737
2.2176001071930	-14.474725365112
2.2223000526428	-14.304062144655
2.2269999980927	-14.143621743223
2.2316999435425	-13.995044041657
2.2363998889923	-13.859403326907
2.2411000728607	-13.736609705780
2.2458000183105	-13.625333017648
2.2504999637604	-13.523417002291
2.2551999092102	-13.428643170385
2.2599000930786	-13.339500526580
2.2646000385284	-13.255669388290
2.2692999839783	-13.177997492353
2.2739999294281	-13.108002539098
2.2787001132965	-13.047130670759
2.2834000587463	-12.996050901425
2.2881000041962	-12.954312997309
2.2927999496460	-12.920477144106
2.2974998950958	-12.892641172743
2.3022000789642	-12.869172008952
2.3069000244141	-12.849323335018
2.3115999698639	-12.833484843578
2.3162999153137	-12.822938816257
2.3210000991821	-12.819268615924
2.3257000446320	-12.823652085188
2.3303999900818	-12.836334798627
2.3350999355316	-12.856507083806
2.3397998809814	-12.882614525812
2.3445000648499	-12.913000337041
2.3492000102997	-12.946566182251
2.3538999557495	-12.983248346231
2.3585999011993	-13.024012766920
2.3633000850677	-13.070453850213
2.3680000305176	-13.124119343438
2.3726999759674	-13.185869577203
2.3773999214172	-13.255543316790
2.3821001052856	-13.332025518757
2.3868000507355	-13.413738870213
2.3914999961853	-13.499337768959
2.3961999416351	-13.588297245012
2.4008998870850	-13.681196368648
2.4056000709534	-13.779520916757
2.4103000164032	-13.885080767703
2.4149999618530	-13.999325846032
2.4196999073029	-14.122795202076
2.4244000911713	-14.254934770770
2.4291000366211	-14.394419563939
2.4337999820709	-14.539745450456
2.4384999275208	-14.689975947505
2.4432001113892	-14.845239198285
2.4479000568390	-15.006801070809
2.4526000022888	-15.176680289402
2.4572999477386	-15.356940987035
2.4619998931885	-15.548957981035
2.4667000770569	-15.752985408147
2.4714000225067	-15.968165061808
2.4760999679565	-16.193031978837
2.4807999134064	-16.426249979563
2.4855000972748	-16.667408374489
2.4902000427246	-16.917408184717
2.4948999881744	-17.178364277679
2.4995999336243	-17.452997986071
2.5043001174927	-17.743769685528
2.5090000629425	-18.052106945571
2.5137000083923	-18.377994191851
2.5183999538422	-18.720166367053
2.5230998992920	-19.076742712438
2.5278000831604	-19.446151284754
2.5325000286102	-19.827940875430
2.5371999740601	-20.223097520616
2.5418999195099	-20.633652910943
2.5466001033783	-21.061756470547
2.5513000488281	-21.508365270568
2.5559999942780	-21.972026391344
2.5606999397278	-22.448057579918
2.5653998851776	-22.928296564829
2.5701000690460	-23.401360756718
2.5748000144958	-23.853270746726
2.5794999599457	-24.268135196718
2.5841999053955	-24.628833925808
2.5889000892639	-24.917781034781
2.5936000347137	-25.118232899501
2.5982999801636	-25.216281267462
2.6029999256134	-25.203346860224
2.6077001094818	-25.078046046716
2.6124000549316	-24.846590757013
2.6171000003815	-24.521465401100
2.6217999458313	-24.119071506627
2.6264998912811	-23.657561144903
2.6312000751495	-23.155070733188
2.6359000205994	-22.628585963154
2.6405999660492	-22.092929947692
2.6452999114990	-21.560040981801
2.6500000953674	-21.038331633732
2.6547000408173	-20.532578554075
2.6593999862671	-20.044322177808
2.6640999317169	-19.572794798824
2.6688001155853	-19.116192773859
2.6735000610352	-18.672886542514
2.6782000064850	-18.242291218306
2.6828999519348	-17.825077370894
2.6875998973846	-17.422800166488
2.6923000812531	-17.037072840588
2.6970000267029	-16.668794496631
2.7016999721527	-16.317594810309
2.7063999176025	-15.981844258039
2.7111001014709	-15.659117344274
2.7158000469208	-15.346952080404
2.7204999923706	-15.043599062334
2.7251999378204	-14.748449561741
2.7298998832703	-14.462010148207
2.7346000671387	-14.185393855506
2.7393000125885	-13.919655229178
2.7439999580383	-13.665132014300
2.7486999034882	-13.421191252668
2.7534000873566	-13.186324317307
2.7581000328064	-12.958657191707
2.7627999782562	-12.736576682959
2.7674999237061	-12.519233991568
2.7722001075745	-12.306747755970
2.7769000530243	-12.099963361167
2.7815999984741	-11.899943768983
2.7862999439240	-11.707394799272
2.7909998893738	-11.522273759304
2.7957000732422	-11.343716585810
2.8004000186920	-11.170343163499
2.8050999641418	-11.000753893819
2.8097999095917	-10.834050375792
2.8145000934601	-10.670109087781
2.8192000389099	-10.509536538001
2.8238999843597	-10.353306197257
2.8285999298096	-10.202262880089
2.8333001136780	-10.056687165941
2.8380000591278	-9.9161341774636
2.8427000045776	-9.7795827487352
2.8473999500275	-9.6458309063140
2.8520998954773	-9.5139731074584
2.8568000793457	-9.3837294533686
2.8615000247955	-9.2555204646550
2.8661999702454	-9.1301986214967
2.8708999156952	-9.0086488146779
2.8756000995636	-8.8913580193924
2.8803000450134	-8.7781590351323
2.8849999904633	-8.6683070647340
2.8896999359131	-8.5607668091333
2.8943998813629	-8.4546437435815
2.8991000652313	-8.3495481748394
2.9038000106812	-8.2457260028333
2.9084999561310	-8.1439155642217
2.9131999015808	-8.0449881267649
2.9179000854492	-7.9495429092900
2.9226000308990	-7.8576238844214
2.9272999763489	-7.7686920838485
2.9319999217987	-7.6818588438390
2.9367001056671	-7.5962504679964
2.9414000511169	-7.5113888730992
2.9460999965668	-7.4273780882550
2.9507999420166	-7.3448273391941
2.9554998874664	-7.2645668424941
2.9602000713348	-7.1872658179470
2.9649000167847	-7.1131127870562
2.9695999622345	-7.0417403413762
2.9742999076843	-6.9723739214197
2.9790000915527	-6.9041730992803
2.9837000370026	-6.8365893477649
2.9883999824524	-6.7695957975904
2.9930999279022	-6.7036837604144
2.9978001117706	-6.6396304462227
3.0025000572205	-6.5781265818791
3.0072000026703	-6.5194748898876
3.0118999481201	-6.4634470020224
3.0165998935699	-6.4093672691959
3.0213000774384	-6.3564234752578
3.0260000228882	-6.3040169605201
3.0306999683380	-6.2520091509479
3.0353999137878	-6.2007851171573
3.0401000976562	-6.1510555634636
3.0448000431061	-6.1035318617625
3.0494999885559	-6.0586006414761
3.0541999340057	-6.0161331854819
3.0589001178741	-5.9755585567286
3.0636000633240	-5.9360811680689
3.0683000087738	-5.8970637577976
3.0729999542236	-5.8582751718790
3.0776998996735	-5.8200073009817
3.0824000835419	-5.7829116682480
3.0871000289917	-5.7477114750788
3.0917999744415	-5.7148583638546
3.0964999198914	-5.6843239770763
3.1012001037598	-5.6556048460329
3.1059000492096	-5.6279386446152
3.1105999946594	-5.6006454415118
3.1152999401093	-5.5734193486289
3.1199998855591	-5.5464659556761
3.1247000694275	-5.5203876180850
3.1294000148773	-5.4959180385630
3.1340999603271	-5.4735675845862
3.1387999057770	-5.4533931580031
3.1435000896454	-5.4349497243441
3.1482000350952	-5.4174998007320
3.1528999805450	-5.4003228851773
3.1575999259949	-5.3830422988756
3.1623001098633	-5.3657877938712
3.1670000553131	-5.3491330063312
3.1717000007629	-5.3338133497562
3.1763999462128	-5.3203957877992
3.1810998916626	-5.3090013810385
3.1858000755310	-5.2992332486408
3.1905000209808	-5.2903446253360
3.1951999664307	-5.2815736993903
3.1998999118805	-5.2724734427959
3.2046000957489	-5.2631136328891
3.2093000411987	-5.2540390266920
3.2139999866486	-5.2460188410312
3.2186999320984	-5.2396681708726
3.2234001159668	-5.2351541923895
3.2281000614166	-5.2320851338085
3.2328000068665	-5.2296811141460
3.2374999523163	-5.2270903088977
3.2421998977661	-5.2237772273722
3.2469000816345	-5.2197502004304
3.2516000270844	-5.2155531282166
3.2562999725342	-5.2119944743567
3.2609999179840	-5.2097479627139
3.2657001018524	-5.2090065862404
3.2704000473022	-5.2093485414172
3.2750999927521	-5.2098847150796
3.2797999382019	-5.2096172931960
3.2844998836517	-5.2078791800167
3.2892000675201	-5.2046081414668
3.2939000129700	-5.2003697219388
3.2985999584198	-5.1960494457872
3.3032999038696	-5.1923998088565
3.3080000877380	-5.1896250936747
3.3127000331879	-5.1872038093332
3.3173999786377	-5.1840344293937
3.3220999240875	-5.1788741244234
3.3268001079559	-5.1708678902150
3.3315000534058	-5.1598963247583
3.3361999988556	-5.1466121593914
3.3408999443054	-5.1321028910703
3.3455998897552	-5.1172944598428
3.3503000736237	-5.1024366511092
3.3550000190735	-5.0868468132753
3.3596999645233	-5.0690900524260
3.3643999099731	-5.0475480912780
3.3691000938416	-5.0211235567517
3.3738000392914	-4.9897591701457
3.3784999847412	-4.9545211818535
3.3831999301910	-4.9171256982479
3.3879001140594	-4.8791375144037
3.3926000595093	-4.8411388097261
3.3973000049591	-4.8022923077164
3.4019999504089	-4.7605038154984
3.4066998958588	-4.7132128917773
3.4114000797272	-4.6585172538763
3.4161000251770	-4.5962055193754
3.4207999706268	-4.5281969078585
3.4254999160767	-4.4581680334698
3.4302000999451	-4.3904427229226
3.4349000453949	-4.3285803922662
3.4395999908447	-4.2741764068061
3.4442999362946	-4.2263000745445
3.4489998817444	-4.1817799723323
3.4537000656128	-4.1362413068026
3.4584000110626	-4.0855806351483
3.4630999565125	-4.0273685821405
3.4677999019623	-3.9616570306591
3.4725000858307	-3.8909093452964
3.4772000312805	-3.8190769813024
3.4818999767303	-3.7502618769256
3.4865999221802	-3.6874643891018
3.4913001060486	-3.6318733405664
3.4960000514984	-3.5828588468994
3.5006999969482	-3.5385870773027
3.5053999423981	-3.4969567884656
3.5100998878479	-3.4565030188308
3.5148000717163	-3.4169154880916
3.5195000171661	-3.3790337115747
3.5241999626160	-3.3443693211220
3.5288999080658	-3.3143920953735
3.5336000919342	-3.2899302052339
3.5383000373840	-3.2708754621966
3.5429999828339	-3.2563173405794
3.5476999282837	-3.2449787989730
3.5524001121521	-3.2357729261153
3.5571000576019	-3.2282217478455
3.5618000030518	-3.2225857621216
3.5664999485016	-3.2196512682027
3.5711998939514	-3.2203101070249
3.5759000778198	-3.2251179748905
3.5806000232697	-3.2340204423916
3.5852999687195	-3.2463667835531
3.5899999141693	-3.2611767066730
3.5947000980377	-3.2775454356436
3.5994000434875	-3.2949908915327
3.6040999889374	-3.3136087615088
3.6087999343872	-3.3339699958654
3.6135001182556	-3.3568080355483
3.6182000637054	-3.3826474040189
3.6229000091553	-3.4115441164156
3.6275999546051	-3.4430380398441
3.6322999000549	-3.4763410281185
3.6370000839233	-3.5106612826888
3.6417000293732	-3.5455248967519
3.6463999748230	-3.5809629548390
3.6510999202728	-3.6174575646704
3.6558001041412	-3.6556943838837
3.6605000495911	-3.6962292665985
3.6651999950409	-3.7392334342382
3.6698999404907	-3.7843847790774
3.6745998859406	-3.8310149654912
3.6793000698090	-3.8783839387103
3.6840000152588	-3.9260078553836
3.6886999607086	-3.9738474805226
3.6933999061584	-4.0223233119519
3.6981000900269	-4.0720975437062
3.7028000354767	-4.1237644833855
3.7074999809265	-4.1775741396104
3.7121999263763	-4.2332977025457
3.7169001102448	-4.2903212236015
3.7216000556946	-4.3479045910286
3.7263000011444	-4.4054983538416
3.7309999465942	-4.4629835307261
3.7356998920441	-4.5207055321240
3.7404000759125	-4.5793057931867
3.7451000213623	-4.6394118892362
3.7497999668121	-4.7013330256229
3.7544999122620	-4.7648952400878
3.7592000961304	-4.8294891434098
3.7639000415802	-4.8943142622439
3.7685999870300	-4.9587172692711
3.7732999324799	-5.0224556035580
3.7780001163483	-5.0857821045857
3.7827000617981	-5.1493075906255
3.7874000072479	-5.2136848510042
3.7920999526978	-5.2792699302911
3.7967998981476	-5.3459208956495
3.8015000820160	-5.4130079002574
3.8062000274658	-5.4796412733966
3.8108999729156	-5.5450343042028
3.8155999183655	-5.6088051669088
3.8203001022339	-5.6711150597650
3.8250000476837	-5.7325393257685
3.8296999931335	-5.7937570514680
3.8343999385834	-5.8551798228872
3.8390998840332	-5.9166935298805
3.8438000679016	-5.9776519452340
3.8485000133514	-6.0370914637604
3.8531999588013	-6.0941226695135
3.8578999042511	-6.1482761228449
3.8626000881195	-6.1996747473353
3.8673000335693	-6.2489276132127
3.8719999790192	-6.2968066627240
3.8766999244690	-6.3438297059763
3.8814001083374	-6.3899823294501
3.8861000537872	-6.4346692086957
3.8907999992371	-6.4769480492446
3.8954999446869	-6.5159324276910
3.9001998901367	-6.5511845968275
3.9049000740051	-6.5829039489546
3.9096000194550	-6.6118372810255
3.9142999649048	-6.6389221571923
3.9189999103546	-6.6648613428972
3.9237000942230	-6.6897999901327
3.9284000396729	-6.7132676202957
3.9330999851227	-6.7344127030885
3.9377999305725	-6.7524252936576
3.9425001144409	-6.7669569393957
3.9472000598907	-6.7783208087928
3.9519000053406	-6.7874146946936
3.9565999507904	-6.7953472205368
3.9612998962402	-6.8029915264500
3.9660000801086	-6.8106437598672
3.9707000255585	-6.8179403334322
3.9753999710083	-6.8240901947870
3.9800999164581	-6.8283013550555
3.9848001003265	-6.8302140192929
3.9895000457764	-6.8301339933893
3.9941999912262	-6.8289670642333
3.9988999366760	-6.8278684285217
4.0036001205444	-6.8277877125584
4.0082998275757	-6.8290942410941
4.0130000114441	-6.8314821330284
4.0177001953125	-6.8341641187678
4.0223999023438	-6.8362879954898
4.0271000862122	-6.8373825654082
4.0317997932434	-6.8376319212751
4.0364999771118	-6.8378383393709
4.0412001609802	-6.8391137463631
4.0458998680115	-6.8424182900691
4.0506000518799	-6.8481739979505
4.0553002357483	-6.8561097124113
4.0599999427795	-6.8654238663838
4.0647001266479	-6.8751768875379
4.0693998336792	-6.8847512099240
4.0741000175476	-6.8941605601084
4.0788002014160	-6.9040765340892
4.0834999084473	-6.9155584447377
4.0882000923157	-6.9295956274674
4.0928997993469	-6.9466908685313
4.0975999832153	-6.9666491129258
4.1023001670837	-6.9886797478422
4.1069998741150	-7.0117671021560
4.1117000579834	-7.0351404190323
4.1163997650146	-7.0586410279932
4.1210999488831	-7.0828123994585
4.1258001327515	-7.1086821451189
4.1304998397827	-7.1373082646469
4.1352000236511	-7.1693186172484
4.1399002075195	-7.2046401082518
4.1445999145508	-7.2425266488745
4.1493000984192	-7.2818963932625
4.1539998054504	-7.3218237132140
4.1586999893188	-7.3619689240012
4.1634001731873	-7.4027586842310
4.1680998802185	-7.4452197458454
4.1728000640869	-7.4905401101171
4.1774997711182	-7.5395581192370
4.1821999549866	-7.5924066751480
4.1869001388550	-7.6484536385639
4.1915998458862	-7.7066013879480
4.1963000297546	-7.7657879008282
4.2010002136230	-7.8254998462873
4.2056999206543	-7.8860409657956
4.2104001045227	-7.9484585055853
4.2150998115540	-8.0141138210601
4.2197999954224	-8.0841221130313
4.2245001792908	-8.1588861973717
4.2291998863220	-8.2379410070707
4.2339000701904	-8.3201722530503
4.2385997772217	-8.4043345780816
4.2432999610901	-8.4896353911332
4.2480001449585	-8.5761339673187
4.2526998519897	-8.6647442333008
4.2574000358582	-8.7568480560729
4.2621002197266	-8.8536679145327
4.2667999267578	-8.9556768742939
4.2715001106262	-9.0623165064467
4.2761998176575	-9.1721426477966
4.2809000015259	-9.2833769277557
4.2856001853943	-9.3946174481026
4.2902998924255	-9.5054146500014
4.2950000762939	-9.6164287900198
4.2996997833252	-9.7290831350529
4.3043999671936	-9.8448597134404
4.3091001510620	-9.9645468636838
4.3137998580933	-10.087794985389
4.3185000419617	-10.213177757202
4.3232002258301	-10.338766354075
4.3278999328613	-10.462980838421
4.3326001167297	-10.585339282783
4.3372998237610	-10.706743669685
4.3420000076294	-10.829134884202
4.3467001914978	-10.954655503149
4.3513998985291	-11.084699363567
4.3561000823975	-11.219270226652
4.3607997894287	-11.356944489928
4.3654999732971	-11.495503041882
4.3702001571655	-11.632952928180
4.3748998641968	-11.768512589489
4.3796000480652	-11.903073922781
4.3843002319336	-12.038892515498
4.3889999389648	-12.178610339527
4.3937001228333	-12.324067626495
4.3983998298645	-12.475422262980
4.4031000137329	-12.630997967652
4.4078001976013	-12.787973927627
4.4124999046326	-12.943644745934
4.4172000885010	-13.096716758018
4.4218997955322	-13.248007191178
4.4265999794006	-13.400158024232
4.4313001632690	-13.556464751771
4.4359998703003	-13.719340987329
4.4407000541687	-13.889107421120
4.4454002380371	-14.063698386835
4.4500999450684	-14.239446363606
4.4548001289368	-14.412681385506
4.4594998359680	-14.581455996246
4.4642000198364	-14.746549786010
4.4689002037048	-14.911179378735
4.4735999107361	-15.079485610772
4.4783000946045	-15.254501740813
4.4829998016357	-15.436526537330
4.4876999855042	-15.622675352962
4.4924001693726	-15.807899127729
4.4970998764038	-15.987130785404
4.5018000602722	-16.157623616861
4.5064997673035	-16.320281426094
4.5111999511719	-16.479204099318
4.5159001350403	-16.639580232095
4.5205998420715	-16.804909986910
4.5253000259399	-16.974894001258
4.5300002098083	-17.145025158265
4.5346999168396	-17.308170339101
4.5394001007080	-17.457632888470
4.5440998077393	-17.590220666841
4.5487999916077	-17.707758657092
4.5535001754761	-17.815954091333
4.5581998825073	-17.921225299830
4.5629000663757	-18.027065583613
4.5675997734070	-18.131751258983
4.5722999572754	-18.228573891288
4.5770001411438	-18.308626487952
4.5816998481750	-18.364991804526
4.5864000320435	-18.396235670043
4.5911002159119	-18.407133990522
4.5957999229431	-18.406136403587
4.6005001068115	-18.400952912379
4.6051998138428	-18.394653156778
4.6098999977112	-18.384145403025
4.6146001815796	-18.361722910500
4.6192998886108	-18.319070782170
4.6240000724792	-18.251776695618
4.6286997795105	-18.161940844489
4.6333999633789	-18.057392646627
4.6381001472473	-17.947934662402
4.6427998542786	-17.840873947370
4.6475000381470	-17.737925647041
4.6522002220154	-17.634957837750
4.6568999290466	-17.524463376036
4.6616001129150	-17.399677149332
4.6662998199463	-17.258331396383
4.6710000038147	-17.104094313785
4.6757001876831	-16.944951666006
4.6803998947144	-16.789536569412
4.6851000785828	-16.643327587860
4.6897997856140	-16.506539373382
4.6944999694824	-16.374454199533
4.6992001533508	-16.239968744700
4.7038998603821	-16.097223257386
4.7086000442505	-15.944602646603
4.7133002281189	-15.785634801421
4.7179999351501	-15.627340863602
4.7227001190186	-15.476982905648
4.7273998260498	-15.338890152273
4.7321000099182	-15.212721146896
4.7368001937866	-15.093855105306
4.7414999008179	-14.975660006851
4.7462000846863	-14.852659387360
4.7508997917175	-14.723175904242
4.7555999755859	-14.590136219749
4.7603001594543	-14.459699139498
4.7649998664856	-14.338390817852
4.7697000503540	-14.230217077130
4.7744002342224	-14.135010122817
4.7790999412537	-14.048608774947
4.7838001251221	-13.964814489250
4.7884998321533	-13.878244725980
4.7932000160217	-13.786869337511
4.7979001998901	-13.692967055090
4.8025999069214	-13.602061439021
4.8073000907898	-13.520334565025
4.8119997978210	-13.451861547808
4.8166999816895	-13.396800723568
4.8214001655579	-13.351339463423
4.8260998725891	-13.309333841886
4.8308000564575	-13.265030779786
4.8354997634888	-13.215634797327
4.8401999473572	-13.162517111071
4.8449001312256	-13.110350123233
4.8495998382568	-13.064634823390
4.8543000221252	-13.028766073532
4.8590002059937	-13.001956090418
4.8636999130249	-12.978949522607
4.8684000968933	-12.951721879789
4.8730998039246	-12.912559795677
4.8777999877930	-12.857253627985
4.8825001716614	-12.786874663212
4.8871998786926	-12.707173549523
4.8919000625610	-12.625935279257
4.8965997695923	-12.549665860465
4.9012999534607	-12.481146348258
4.9060001373291	-12.418841918117
4.9106998443604	-12.358263379555
4.9154000282288	-12.294636458575
4.9201002120972	-12.225628566151
4.9247999191284	-12.152835422114
4.9295001029968	-12.081252781832
4.9341998100281	-12.017066916491
4.9388999938965	-11.964848475217
4.9436001777649	-11.925451103165
4.9482998847961	-11.895540457495
4.9530000686646	-11.868924281524
4.9576997756958	-11.839209916367
4.9623999595642	-11.802642355307
4.9671001434326	-11.759811432269
4.9717998504639	-11.715269558965
4.9765000343323	-11.675295174217
4.9812002182007	-11.644831581754
4.9858999252319	-11.625055145568
4.9906001091003	-11.612601551051
4.9952998161316	-11.600741208891
5.0000000000000	-11.582129772957
#Parameters = {R_fat=48; R_glandular=38; R_skin_outer=50; T10=5; T15=7.5; T5=2.5; T_rad=4; T_x=10; T_y=0; T_z=75; Zc=65; skin_thickness=2; Mesh Pass=5}
#"Frequency / GHz"	"S1,1 (Mesh Pass=5) [Magnitude / dB]"
#-------------------------------------------------------
0.30000001192093	-26.044951262408
0.30469998717308	-24.704645533475
0.30939999222755	-23.284853405647
0.31409999728203	-22.260137008981
0.31880000233650	-21.760538175392
0.32350000739098	-21.835938887581
0.32820001244545	-22.557462328192
0.33289998769760	-24.060977692609
0.33759999275208	-26.490969042705
0.34229999780655	-28.891962446699
0.34700000286102	-27.013086511882
0.35170000791550	-22.757990736483
0.35640001296997	-19.168911749414
0.36109998822212	-16.365130806099
0.36579999327660	-14.143774696058
0.37049999833107	-12.366883942002
0.37520000338554	-10.954676580312
0.37990000844002	-9.8609641193310
0.38460001349449	-9.0562927559909
0.38929998874664	-8.5174092476672
0.39399999380112	-8.2216714726744
0.39869999885559	-8.1454729964131
0.40340000391006	-8.2653815760977
0.40810000896454	-8.5604181992395
0.41280001401901	-9.0139990104446
0.41749998927116	-9.6146832438126
0.42219999432564	-10.355262615160
0.42689999938011	-11.229462961402
0.43160000443459	-12.224890859051
0.43630000948906	-13.309689885077
0.44100001454353	-14.411227159700
0.44569998979568	-15.395166401730
0.45039999485016	-16.081251294395
0.45509999990463	-16.339615478632
0.45980000495911	-16.201577639110
0.46450001001358	-15.834133044143
0.46919998526573	-15.415834996430
0.47389999032021	-15.064904719859
0.47859999537468	-14.839432843223
0.48330000042915	-14.759190143026
0.48800000548363	-14.822267031164
0.49270001053810	-15.012554599204
0.49739998579025	-15.300478751408
0.50209999084473	-15.640207558274
0.50679999589920	-15.968014701960
0.51150000095367	-16.208976524672
0.51620000600815	-16.297808344775
0.52090001106262	-16.207042744461
0.52560001611710	-15.960555152782
0.53030002117157	-15.618976688133
0.53500002622604	-15.250965827846
0.53969997167587	-14.912099617766
0.54439997673035	-14.637834353513
0.54909998178482	-14.444895735491
0.55379998683929	-14.334737212021
0.55849999189377	-14.296115389951
0.56319999694824	-14.306583574634
0.56790000200272	-14.334222894484
0.57260000705719	-14.341628911977
0.57730001211166	-14.293515679989
0.58200001716614	-14.166595520318
0.58670002222061	-13.957092168240
0.59140002727509	-13.681068137555
0.59609997272491	-13.367365685012
0.60079997777939	-13.047780972104
0.60549998283386	-12.749335005721
0.61019998788834	-12.490303058628
0.61489999294281	-12.279206194342
0.61959999799728	-12.115252780067
0.62430000305176	-11.989381971946
0.62900000810623	-11.885896259367
0.63370001316071	-11.784971472579
0.63840001821518	-11.666420419685
0.64310002326965	-11.514230638248
0.64780002832413	-11.320543657693
0.65249997377396	-11.087369382140
0.65719997882843	-10.825294799236
0.66189998388290	-10.549885257567
0.66659998893738	-10.277459759298
0.67129999399185	-10.021691353523
0.67599999904633	-9.7915078312851
0.68070000410080	-9.5902510298990
0.68540000915527	-9.4157146042015
0.69010001420975	-9.2608805120437
0.69480001926422	-9.1153351340619
0.69950002431870	-8.9672902838267
0.70420002937317	-8.8060410476696
0.70889997482300	-8.6243078420433
0.71359997987747	-8.4197921084439
0.71829998493195	-8.1954016802602
0.72299998998642	-7.9581533277420
0.72769999504089	-7.7172208685058
0.73240000009537	-7.4817942918358
0.73710000514984	-7.2593074047141
0.74180001020432	-7.0542650237251
0.74650001525879	-6.8677173877638
0.75120002031326	-6.6973117045192
0.75590002536774	-6.5379053425902
0.76059997081757	-6.3826206943787
0.76529997587204	-6.2242691760727
0.76999998092651	-6.0568568467652
0.77469998598099	-5.8768494168293
0.77939999103546	-5.6838465942027
0.78409999608994	-5.4805112185833
0.78880000114441	-5.2718090427077
0.79350000619888	-5.0638370108560
0.79820001125336	-4.8625371936919
0.80290001630783	-4.6725963541207
0.80760002136230	-4.4966917504715
0.81230002641678	-4.3351233540885
0.81699997186661	-4.1858830615353
0.82169997692108	-4.0451131615649
0.82639998197556	-3.9079179094235
0.83109998703003	-3.7693879525982
0.83579999208450	-3.6256573350735
0.84049999713898	-3.4747195625387
0.84520000219345	-3.3168800904201
0.84990000724792	-3.1546486654061
0.85460001230240	-2.9922135534974
0.85930001735687	-2.8345908318668
0.86400002241135	-2.6866661820155
0.86870002746582	-2.5523229046488
0.87339997291565	-2.4338106449038
0.87809997797012	-2.3313901889499
0.88279998302460	-2.2433742893256
0.88749998807907	-2.1664971086606
0.89219999313354	-2.0966167602318
0.89689999818802	-2.0296261335966
0.90160000324249	-1.9623964213286
0.90630000829697	-1.8935697229797
0.91100001335144	-1.8239971256686
0.91570001840591	-1.7567327651594
0.92040002346039	-1.6965810570918
0.92510002851486	-1.6492934006224
0.92979997396469	-1.6206263332076
0.93449997901917	-1.6154029223670
0.93919998407364	-1.6367858569727
0.94389998912811	-1.6858521561024
0.94859999418259	-1.7615692606057
0.95329999923706	-1.8611870658168
0.95800000429153	-1.9810324351723
0.96270000934601	-2.1176441522739
0.96740001440048	-2.2690468256314
0.97210001945496	-2.4360147893084
0.97680002450943	-2.6229868556896
0.98150002956390	-2.8385268788218
0.98619997501373	-3.0951977200987
0.99089998006821	-3.4090347128108
0.99559998512268	-3.7988794556311
1.0003000497818	-4.2859678394510
1.0049999952316	-4.8942084050220
1.0096999406815	-5.6516334240288
1.0144000053406	-6.5935929807225
1.0190999507904	-7.7689006741750
1.0238000154495	-9.2514018118570
1.0284999608994	-11.162969567345
1.0332000255585	-13.721946923860
1.0378999710083	-17.327632942598
1.0426000356674	-22.080644818600
1.0472999811172	-21.801871125378
1.0520000457764	-16.912808148360
1.0566999912262	-13.229777273417
1.0614000558853	-10.575705406324
1.0661000013351	-8.5633862573374
1.0707999467850	-6.9832491350831
1.0755000114441	-5.7191268179251
1.0801999568939	-4.7013122950361
1.0849000215530	-3.8840839785842
1.0895999670029	-3.2342465028373
1.0943000316620	-2.7249264477771
1.0989999771118	-2.3322916236795
1.1037000417709	-2.0340702257940
1.1083999872208	-1.8092882016961
1.1131000518799	-1.6387540838789
1.1177999973297	-1.5059544924263
1.1224999427795	-1.3979186914195
1.1272000074387	-1.3057851934021
1.1318999528885	-1.2248274891445
1.1366000175476	-1.1538887668354
1.1412999629974	-1.0943264372570
1.1460000276566	-1.0487249920291
1.1506999731064	-1.0196396458433
1.1554000377655	-1.0085972637890
1.1600999832153	-1.0155093243596
1.1648000478745	-1.0385251529338
1.1694999933243	-1.0742744116508
1.1742000579834	-1.1184340829803
1.1789000034332	-1.1664746377535
1.1835999488831	-1.2144332698108
1.1883000135422	-1.2595576392839
1.1929999589920	-1.3007135688961
1.1977000236511	-1.3384080291596
1.2023999691010	-1.3744932327226
1.2071000337601	-1.4116071528741
1.2117999792099	-1.4524797483778
1.2165000438690	-1.4992928903800
1.2211999893188	-1.5532215035304
1.2259000539780	-1.6142140323263
1.2305999994278	-1.6810413521398
1.2352999448776	-1.7515914986298
1.2400000095367	-1.8233188278346
1.2446999549866	-1.8937827425610
1.2494000196457	-1.9611335076960
1.2540999650955	-2.0244807075024
1.2588000297546	-2.0840305402607
1.2634999752045	-2.1409829976238
1.2682000398636	-2.1972120671740
1.2728999853134	-2.2548139943066
1.2776000499725	-2.3156462176525
1.2822999954224	-2.3809362132856
1.2869999408722	-2.4510446152356
1.2917000055313	-2.5254435239189
1.2963999509811	-2.6028478123604
1.3011000156403	-2.6815197806048
1.3057999610901	-2.7596541267418
1.3105000257492	-2.8357625817219
1.3151999711990	-2.9089899890344
1.3199000358582	-2.9792819880415
1.3245999813080	-3.0473862744620
1.3293000459671	-3.1146547933076
1.3339999914169	-3.1827358708752
1.3387000560760	-3.2532179932662
1.3434000015259	-3.3272944384500
1.3480999469757	-3.4055441511838
1.3528000116348	-3.4878305931427
1.3574999570847	-3.5733739319840
1.3622000217438	-3.6609367420203
1.3668999671936	-3.7491104128176
1.3716000318527	-3.8366245472283
1.3762999773026	-3.9226277806657
1.3810000419617	-4.0068788606142
1.3856999874115	-4.0897987565529
1.3904000520706	-4.1723714910401
1.3950999975204	-4.2559437745248
1.3997999429703	-4.3419274948165
1.4045000076294	-4.4315299654469
1.4091999530792	-4.5255210356377
1.4139000177383	-4.6240997785018
1.4185999631882	-4.7268938328695
1.4233000278473	-4.8330577678962
1.4279999732971	-4.9414838581158
1.4327000379562	-5.0510531156237
1.4373999834061	-5.1608888387221
1.4421000480652	-5.2705687208395
1.4467999935150	-5.3802299521317
1.4515000581741	-5.4905657733689
1.4562000036240	-5.6026898445152
1.4608999490738	-5.7179298968527
1.4656000137329	-5.8375782424628
1.4702999591827	-5.9626546144098
1.4750000238419	-6.0937327715229
1.4796999692917	-6.2308632766067
1.4844000339508	-6.3735905961439
1.4890999794006	-6.5210805254560
1.4938000440598	-6.6723177693650
1.4984999895096	-6.8263436954504
1.5032000541687	-6.9824886596121
1.5078999996185	-7.1405514583513
1.5125999450684	-7.3008783944455
1.5173000097275	-7.4643430833698
1.5219999551773	-7.6321972806657
1.5267000198364	-7.8058666401450
1.5313999652863	-7.9866999488315
1.5361000299454	-8.1757403947526
1.5407999753952	-8.3735535044512
1.5455000400543	-8.5801419611121
1.5501999855042	-8.7949730057202
1.5549000501633	-9.0170985130332
1.5595999956131	-9.2453708149261
1.5642999410629	-9.4786993629185
1.5690000057220	-9.7163140546432
1.5736999511719	-9.9579699692858
1.5784000158310	-10.204054119092
1.5830999612808	-10.455559435439
1.5878000259399	-10.713937350498
1.5924999713898	-10.980839728326
1.5972000360489	-11.257826656052
1.6018999814987	-11.546065044348
1.6066000461578	-11.846096413794
1.6112999916077	-12.157703854374
1.6160000562668	-12.479906232706
1.6207000017166	-12.811089567912
1.6253999471664	-13.149262821082
1.6301000118256	-13.492403124548
1.6347999572754	-13.838805697369
1.6395000219345	-14.187380973198
1.6441999673843	-14.537850931658
1.6489000320435	-14.890686292624
1.6535999774933	-15.246952670490
1.6583000421524	-15.607910992682
1.6629999876022	-15.974580828468
1.6677000522614	-16.347292425253
1.6723999977112	-16.725305696175
1.6770999431610	-17.106553664817
1.6818000078201	-17.487602524750
1.6864999532700	-17.863806654073
1.6912000179291	-18.229647641825
1.6958999633789	-18.579301686187
1.7006000280380	-18.907250829401
1.7052999734879	-19.208891439786
1.7100000381470	-19.480981075677
1.7146999835968	-19.721926784370
1.7194000482559	-19.931680476591
1.7240999937057	-20.111515812227
1.7288000583649	-20.263549046335
1.7335000038147	-20.390207295890
1.7381999492645	-20.493768015129
1.7429000139236	-20.575958999858
1.7475999593735	-20.637757546842
1.7523000240326	-20.679362232379
1.7569999694824	-20.700423362879
1.7617000341415	-20.700406603151
1.7663999795914	-20.679169067846
1.7711000442505	-20.637428030449
1.7757999897003	-20.577193940279
1.7805000543594	-20.501876768767
1.7851999998093	-20.416121697436
1.7898999452591	-20.325349562294
1.7946000099182	-20.235097626460
1.7992999553680	-20.150362927306
1.8040000200272	-20.074986024902
1.8086999654770	-20.011262927713
1.8134000301361	-19.959798668031
1.8180999755859	-19.919635052619
1.8228000402451	-19.888612451428
1.8274999856949	-19.863946997916
1.8322000503540	-19.842930435898
1.8368999958038	-19.823599509129
1.8415999412537	-19.805251286086
1.8463000059128	-19.788706367037
1.8509999513626	-19.776174196690
1.8557000160217	-19.770890196273
1.8603999614716	-19.776461328666
1.8651000261307	-19.796243220435
1.8697999715805	-19.832724178260
1.8745000362396	-19.887150706347
1.8791999816895	-19.959329329710
1.8839000463486	-20.047777101043
1.8885999917984	-20.150044406318
1.8933000564575	-20.263271143196
1.8980000019073	-20.384852757523
1.9026999473572	-20.513069154623
1.9074000120163	-20.647551202297
1.9120999574661	-20.789528154763
1.9168000221252	-20.941648216404
1.9214999675751	-21.107615935561
1.9262000322342	-21.291564087845
1.9308999776840	-21.497396320466
1.9356000423431	-21.728220326146
1.9402999877930	-21.985924908286
1.9450000524521	-22.271019407374
1.9496999979019	-22.582692817369
1.9543999433517	-22.919125997145
1.9591000080109	-23.278002259701
1.9637999534607	-23.657074813367
1.9685000181198	-24.054845616572
1.9731999635696	-24.470895932046
1.9779000282288	-24.906033015158
1.9825999736786	-25.361922870781
1.9873000383377	-25.840222663417
1.9919999837875	-26.341207750529
1.9967000484467	-26.861984051469
2.0013999938965	-27.394315384470
2.0060999393463	-27.922159768012
2.0107998847961	-28.419610143604
2.0155000686646	-28.850183031596
2.0202000141144	-29.169499043653
2.0248999595642	-29.333105644058
2.0295999050140	-29.308600297564
2.0343000888824	-29.086589348797
2.0390000343323	-28.683629119491
2.0436999797821	-28.135136553410
2.0483999252319	-27.483772013472
2.0531001091003	-26.769761679751
2.0578000545502	-26.026126684493
2.0625000000000	-25.277693117381
2.0671999454498	-24.541930333526
2.0718998908997	-23.830481405932
2.0766000747681	-23.150350932008
2.0813000202179	-22.504984370111
2.0859999656677	-21.895107580687
2.0906999111176	-21.319442529121
2.0954000949860	-20.775321267745
2.1001000404358	-20.259330174575
2.1047999858856	-19.767901561078
2.1094999313354	-19.297823870074
2.1142001152039	-18.846607607467
2.1189000606537	-18.412735700956
2.1236000061035	-17.995634913993
2.1282999515533	-17.595556208399
2.1329998970032	-17.213240098331
2.1377000808716	-16.849582393032
2.1424000263214	-16.505254029504
2.1470999717712	-16.180466274742
2.1517999172211	-15.874784203794
2.1565001010895	-15.587125898922
2.1612000465393	-15.315872130960
2.1658999919891	-15.059071805900
2.1705999374390	-14.814739691492
2.1752998828888	-14.581132372571
2.1800000667572	-14.356989619422
2.1847000122070	-14.141676795980
2.1893999576569	-13.935180184597
2.1940999031067	-13.738011685171
2.1988000869751	-13.550985334559
2.2035000324249	-13.374963544730
2.2081999778748	-13.210590902508
2.2128999233246	-13.058115779419
2.2176001071930	-12.917275088040
2.2223000526428	-12.787303026809
2.2269999980927	-12.667046586813
2.2316999435425	-12.555156056513
2.2363998889923	-12.450322179939
2.2411000728607	-12.351490243243
2.2458000183105	-12.258050904721
2.2504999637604	-12.169891143269
2.2551999092102	-12.087381321402
2.2599000930786	-12.011223878128
2.2646000385284	-11.942262515440
2.2692999839783	-11.881257987632
2.2739999294281	-11.828682525501
2.2787001132965	-11.784589737406
2.2834000587463	-11.748586138666
2.2881000041962	-11.719886470278
2.2927999496460	-11.697445338887
2.2974998950958	-11.680189518748
2.3022000789642	-11.667193837179
2.3069000244141	-11.657891260180
2.3115999698639	-11.652155771738
2.3162999153137	-11.650310252508
2.3210000991821	-11.653043892128
2.3257000446320	-11.661230289731
2.3303999900818	-11.675727571800
2.3350999355316	-11.697181867855
2.3397998809814	-11.725862601514
2.3445000648499	-11.761624894432
2.3492000102997	-11.803923964023
2.3538999557495	-11.851926308423
2.3585999011993	-11.904710675961
2.3633000850677	-11.961459926989
2.3680000305176	-12.021663539774
2.3726999759674	-12.085222260095
2.3773999214172	-12.152494827394
2.3821001052856	-12.224235743215
2.3868000507355	-12.301421629621
2.3914999961853	-12.385073589846
2.3961999416351	-12.476040452808
2.4008998870850	-12.574830175229
2.4056000709534	-12.681532544197
2.4103000164032	-12.795812494538
2.4149999618530	-12.917023804635
2.4196999073029	-13.044370986883
2.4244000911713	-13.177147951204
2.4291000366211	-13.314916246683
2.4337999820709	-13.457682715752
2.4384999275208	-13.605970801861
2.4432001113892	-13.760747781922
2.4479000568390	-13.923302285304
2.4526000022888	-14.095049880852
2.4572999477386	-14.277262467154
2.4619998931885	-14.470902915662
2.4667000770569	-14.676487304435
2.4714000225067	-14.894058069275
2.4760999679565	-15.123280863194
2.4807999134064	-15.363628043859
2.4855000972748	-15.614624087331
2.4902000427246	-15.876144112080
2.4948999881744	-16.148611546542
2.4995999336243	-16.433157627281
2.5043001174927	-16.731618241562
2.5090000629425	-17.046420362291
2.5137000083923	-17.380332830574
2.5183999538422	-17.736205097917
2.5230998992920	-18.116682417875
2.5278000831604	-18.523988471767
2.5325000286102	-18.959881384961
2.5371999740601	-19.425685770360
2.5418999195099	-19.922574692174
2.5466001033783	-20.451952884448
2.5513000488281	-21.015990756155
2.5559999942780	-21.618112169900
2.5606999397278	-22.263513168271
2.5653998851776	-22.959425090852
2.5701000690460	-23.715070381032
2.5748000144958	-24.541208707088
2.5794999599457	-25.448878278231
2.5841999053955	-26.446793906433
2.5889000892639	-27.535812181373
2.5936000347137	-28.697251439368
2.5982999801636	-29.870562541427
2.6029999256134	-30.919558778445
2.6077001094818	-31.618512309207
2.6124000549316	-31.740620433578
2.6171000003815	-31.244355839678
2.6217999458313	-30.312517483501
2.6264998912811	-29.180280082900
2.6312000751495	-28.006766763638
2.6359000205994	-26.869135276217
2.6405999660492	-25.796402894622
2.6452999114990	-24.795503894328
2.6500000953674	-23.864964897995
2.6547000408173	-23.000806794006
2.6593999862671	-22.198753426580
2.6640999317169	-21.454729743375
2.6688001155853	-20.764780596192
2.6735000610352	-20.124802402502
2.6782000064850	-19.530422720479
2.6828999519348	-18.976933727197
2.6875998973846	-18.459459879127
2.6923000812531	-17.973173303095
2.6970000267029	-17.513581703996
2.7016999721527	-17.076848018535
2.7063999176025	-16.659968071800
2.7111001014709	-16.260858215747
2.7158000469208	-15.878316783739
2.7204999923706	-15.511810723167
2.7251999378204	-15.161228294322
2.7298998832703	-14.826551439874
2.7346000671387	-14.507619867996
2.7393000125885	-14.203921895361
2.7439999580383	-13.914532989006
2.7486999034882	-13.638150444925
2.7534000873566	-13.373210851771
2.7581000328064	-13.118115731220
2.7627999782562	-12.871406974111
2.7674999237061	-12.631980818975
2.7722001075745	-12.399165678373
2.7769000530243	-12.172755431136
2.7815999984741	-11.952923945686
2.7862999439240	-11.740056385550
2.7909998893738	-11.534583909902
2.7957000732422	-11.336785180899
2.8004000186920	-11.146655717400
2.8050999641418	-10.963855265209
2.8097999095917	-10.787718098900
2.8145000934601	-10.617363346991
2.8192000389099	-10.451833024905
2.8238999843597	-10.290262568639
2.8285999298096	-10.132022104823
2.8333001136780	-9.9768054446104
2.8380000591278	-9.8246399216963
2.8427000045776	-9.6758312437953
2.8473999500275	-9.5308491861822
2.8520998954773	-9.3901627814112
2.8568000793457	-9.2541078891079
2.8615000247955	-9.1227818306536
2.8661999702454	-8.9959874022500
2.8708999156952	-8.8732738206540
2.8756000995636	-8.7539940231527
2.8803000450134	-8.6374581905428
2.8849999904633	-8.5230566788569
2.8896999359131	-8.4103773664572
2.8943998813629	-8.2992833928387
2.8991000652313	-8.1899068304680
2.9038000106812	-8.0826015909896
2.9084999561310	-7.9778394697369
2.9131999015808	-7.8760716001417
2.9179000854492	-7.7776173342067
2.9226000308990	-7.6825705862987
2.9272999763489	-7.5907756897772
2.9319999217987	-7.5018580378475
2.9367001056671	-7.4152884915819
2.9414000511169	-7.3305144688770
2.9460999965668	-7.2470697784120
2.9507999420166	-7.1646744767575
2.9554998874664	-7.0832891472348
2.9602000713348	-7.0031063071753
2.9649000167847	-6.9244943714080
2.9695999622345	-6.8479076484249
2.9742999076843	-6.7737488839049
2.9790000915527	-6.7022909947646
2.9837000370026	-6.6335966133155
2.9883999824524	-6.5675011793783
2.9930999279022	-6.5036447065233
2.9978001117706	-6.4415640040361
3.0025000572205	-6.3807820984018
3.0072000026703	-6.3209247954621
3.0118999481201	-6.2617963223407
3.0165998935699	-6.2034234820993
3.0213000774384	-6.1460331998407
3.0260000228882	-6.0899949605735
3.0306999683380	-6.0357266028589
3.0353999137878	-5.9835861655377
3.0401000976562	-5.9337861498786
3.0448000431061	-5.8863397029047
3.0494999885559	-5.8410473111024
3.0541999340057	-5.7975589991976
3.0589001178741	-5.7554345174910
3.0636000633240	-5.7142467236571
3.0683000087738	-5.6736909391828
3.0729999542236	-5.6336374196411
3.0776998996735	-5.5941593146784
3.0824000835419	-5.5555105286018
3.0871000289917	-5.5180567281829
3.0917999744415	-5.4821884558041
3.0964999198914	-5.4482071213023
3.1012001037598	-5.4162721042942
3.1059000492096	-5.3863446506914
3.1105999946594	-5.3581927333521
3.1152999401093	-5.3314555598303
3.1199998855591	-5.3057101393829
3.1247000694275	-5.2805799515032
3.1294000148773	-5.2558105176069
3.1340999603271	-5.2313300182271
3.1387999057770	-5.2072587479954
3.1435000896454	-5.1838699648385
3.1482000350952	-5.1615372889500
3.1528999805450	-5.1406109059927
3.1575999259949	-5.1213588590756
3.1623001098633	-5.1038740912785
3.1670000553131	-5.0880707743388
3.1717000007629	-5.0736898344113
3.1763999462128	-5.0603519686900
3.1810998916626	-5.0476519869309
3.1858000755310	-5.0352526869656
3.1905000209808	-5.0229443001436
3.1951999664307	-5.0107142182159
3.1998999118805	-4.9987167644672
3.2046000957489	-4.9872511843166
3.2093000411987	-4.9766749003692
3.2139999866486	-4.9673145380528
3.2186999320984	-4.9593755042562
3.2234001159668	-4.9528958698607
3.2281000614166	-4.9477304161074
3.2328000068665	-4.9435722111273
3.2374999523163	-4.9400283376782
3.2421998977661	-4.9366946204897
3.2469000816345	-4.9332624893745
3.2516000270844	-4.9295672398252
3.2562999725342	-4.9256309997076
3.2609999179840	-4.9216344561258
3.2657001018524	-4.9178872091934
3.2704000473022	-4.9147132124817
3.2750999927521	-4.9123846494305
3.2797999382019	-4.9110286849499
3.2844998836517	-4.9106021752080
3.2892000675201	-4.9108682935203
3.2939000129700	-4.9114518862563
3.2985999584198	-4.9119171915299
3.3032999038696	-4.9118399256051
3.3080000877380	-4.9109195486786
3.3127000331879	-4.9090036422217
3.3173999786377	-4.9061320513097
3.3220999240875	-4.9024901231597
3.3268001079559	-4.8983494898995
3.3315000534058	-4.8939795040609
3.3361999988556	-4.8895468831760
3.3408999443054	-4.8850732978888
3.3455998897552	-4.8803762686166
3.3503000736237	-4.8751062895817
3.3550000190735	-4.8687972304140
3.3596999645233	-4.8609533296782
3.3643999099731	-4.8511362047399
3.3691000938416	-4.8390556586487
3.3738000392914	-4.8245958758620
3.3784999847412	-4.8078355480995
3.3831999301910	-4.7889855809813
3.3879001140594	-4.7683190362566
3.3926000595093	-4.7460756567921
3.3973000049591	-4.7223857579242
3.4019999504089	-4.6972156666611
3.4066998958588	-4.6703668389904
3.4114000797272	-4.6415079123682
3.4161000251770	-4.6102468122765
3.4207999706268	-4.5762342706512
3.4254999160767	-4.5392488847462
3.4302000999451	-4.4992589241587
3.4349000453949	-4.4564426370752
3.4395999908447	-4.4111685357036
3.4442999362946	-4.3639268644548
3.4489998817444	-4.3152475615522
3.4537000656128	-4.2656021360082
3.4584000110626	-4.2153429040022
3.4630999565125	-4.1646654353781
3.4677999019623	-4.1136272825709
3.4725000858307	-4.0621834864386
3.4772000312805	-4.0102775863933
3.4818999767303	-3.9579112285934
3.4865999221802	-3.9052118795330
3.4913001060486	-3.8524737733663
3.4960000514984	-3.8001461779340
3.5006999969482	-3.7487931134330
3.5053999423981	-3.6990151005003
3.5100998878479	-3.6513735266421
3.5148000717163	-3.6063101735473
3.5195000171661	-3.5640963249348
3.5241999626160	-3.5248251209242
3.5288999080658	-3.4884301147166
3.5336000919342	-3.4547442670201
3.5383000373840	-3.4235714685385
3.5429999828339	-3.3947614298741
3.5476999282837	-3.3682600323241
3.5524001121521	-3.3441469908889
3.5571000576019	-3.3226186606027
3.5618000030518	-3.3039501133649
3.5664999485016	-3.2884329751842
3.5711998939514	-3.2763076646302
3.5759000778198	-3.2676982294194
3.5806000232697	-3.2625812775791
3.5852999687195	-3.2607805036264
3.5899999141693	-3.2619997690866
3.5947000980377	-3.2658738659195
3.5994000434875	-3.2720400956209
3.6040999889374	-3.2802092859788
3.6087999343872	-3.2902125478845
3.6135001182556	-3.3020252864039
3.6182000637054	-3.3157553692138
3.6229000091553	-3.3315984543611
3.6275999546051	-3.3497782315114
3.6322999000549	-3.3704690374508
3.6370000839233	-3.3937491621432
3.6417000293732	-3.4195586811257
3.6463999748230	-3.4476979322225
3.6510999202728	-3.4778645767081
3.6558001041412	-3.5097037143700
3.6605000495911	-3.5428765194625
3.6651999950409	-3.5771336965261
3.6698999404907	-3.6123559896699
3.6745998859406	-3.6485772690107
3.6793000698090	-3.6859676078864
3.6840000152588	-3.7247787243212
3.6886999607086	-3.7652835189106
3.6933999061584	-3.8076999582237
3.6981000900269	-3.8521335952184
3.7028000354767	-3.8985383746945
3.7074999809265	-3.9467305529237
3.7121999263763	-3.9964103392476
3.7169001102448	-4.0472329036776
3.7216000556946	-4.0988830280119
3.7263000011444	-4.1511397054166
3.7309999465942	-4.2039280280142
3.7356998920441	-4.2573353964066
3.7404000759125	-4.3115797461893
3.7451000213623	-4.3669635820813
3.7497999668121	-4.4237899494180
3.7544999122620	-4.4822865978925
3.7592000961304	-4.5425443714822
3.7639000415802	-4.6044850649143
3.7685999870300	-4.6678661178845
3.7732999324799	-4.7323325202261
3.7780001163483	-4.7974802464929
3.7827000617981	-4.8629523583897
3.7874000072479	-4.9285063969031
3.7920999526978	-4.9940652460652
3.7967998981476	-5.0597273507903
3.8015000820160	-5.1257333403171
3.8062000274658	-5.1923856848261
3.8108999729156	-5.2599747095526
3.8155999183655	-5.3286736173700
3.8203001022339	-5.3984856574714
3.8250000476837	-5.4692094021265
3.8296999931335	-5.5404587064826
3.8343999385834	-5.6117302388063
3.8390998840332	-5.6824935863557
3.8438000679016	-5.7522915684938
3.8485000133514	-5.8208244406850
3.8531999588013	-5.8879989506599
3.8578999042511	-5.9539202471866
3.8626000881195	-6.0188416921464
3.8673000335693	-6.0830663029144
3.8719999790192	-6.1468425020850
3.8766999244690	-6.2102565156667
3.8814001083374	-6.2731811734229
3.8861000537872	-6.3352552910096
3.8907999992371	-6.3959348328147
3.8954999446869	-6.4545899861509
3.9001998901367	-6.5106216269650
3.9049000740051	-6.5635873141450
3.9096000194550	-6.6132745795546
3.9142999649048	-6.6597480566342
3.9189999103546	-6.7032999965050
3.9237000942230	-6.7443691840862
3.9284000396729	-6.7834067838838
3.9330999851227	-6.8207555477377
3.9377999305725	-6.8565446514933
3.9425001144409	-6.8906500553404
3.9472000598907	-6.9227182206773
3.9519000053406	-6.9522542057092
3.9565999507904	-6.9787431109569
3.9612998962402	-7.0018035026017
3.9660000801086	-7.0212870308867
3.9707000255585	-7.0373497020486
3.9753999710083	-7.0504320659100
3.9800999164581	-7.0611829825832
3.9848001003265	-7.0703236064712
3.9895000457764	-7.0785051594474
3.9941999912262	-7.0861725858999
3.9988999366760	-7.0935040426444
4.0036001205444	-7.1003886095940
4.0082998275757	-7.1065044258713
4.0130000114441	-7.1114279415741
4.0177001953125	-7.1147835815847
4.0223999023438	-7.1163796858818
4.0271000862122	-7.1162952052560
4.0317997932434	-7.1149001783942
4.0364999771118	-7.1128109150459
4.0412001609802	-7.1107707200861
4.0458998680115	-7.1095026847060
4.0506000518799	-7.1095756604306
4.0553002357483	-7.1112912037172
4.0599999427795	-7.1146500017801
4.0647001266479	-7.1193689140599
4.0693998336792	-7.1249919357370
4.0741000175476	-7.1310114344705
4.0788002014160	-7.1370288835680
4.0834999084473	-7.1428605474005
4.0882000923157	-7.1486246364315
4.0928997993469	-7.1547145813460
4.0975999832153	-7.1617329286977
4.1023001670837	-7.1703617213543
4.1069998741150	-7.1812053230962
4.1117000579834	-7.1946668054262
4.1163997650146	-7.2108543341176
4.1210999488831	-7.2295631402590
4.1258001327515	-7.2503366447729
4.1304998397827	-7.2725736222707
4.1352000236511	-7.2956777169831
4.1399002075195	-7.3192093180285
4.1445999145508	-7.3429967840056
4.1493000984192	-7.3671839210544
4.1539998054504	-7.3922009342094
4.1586999893188	-7.4186666071386
4.1634001731873	-7.4472397259247
4.1680998802185	-7.4784620411922
4.1728000640869	-7.5126252850640
4.1774997711182	-7.5497005361509
4.1821999549866	-7.5893313267250
4.1869001388550	-7.6309090085700
4.1915998458862	-7.6737236006617
4.1963000297546	-7.7171087487208
4.2010002136230	-7.7606140379343
4.2056999206543	-7.8041069264935
4.2104001045227	-7.8478113696704
4.2150998115540	-7.8922494631918
4.2197999954224	-7.9381225653187
4.2245001792908	-7.9861338023483
4.2291998863220	-8.0368192487747
4.2339000701904	-8.0904114298682
4.2385997772217	-8.1467753558968
4.2432999610901	-8.2054299584325
4.2480001449585	-8.2656547404479
4.2526998519897	-8.3266574726677
4.2574000358582	-8.3877691939802
4.2621002197266	-8.4486139474891
4.2667999267578	-8.5092200204056
4.2715001106262	-8.5700365554172
4.2761998176575	-8.6318503571437
4.2809000015259	-8.6956214540679
4.2856001853943	-8.7622852689222
4.2902998924255	-8.8325592716810
4.2950000762939	-8.9068008420210
4.2996997833252	-8.9849617007009
4.3043999671936	-9.0666245363122
4.3091001510620	-9.1511521891628
4.3137998580933	-9.2378804502720
4.3185000419617	-9.3263359507922
4.3232002258301	-9.4164171923926
4.3278999328613	-9.5084808840331
4.3326001167297	-9.6033237626214
4.3372998237610	-9.7020605992868
4.3420000076294	-9.8058956817551
4.3467001914978	-9.9158786711230
4.3513998985291	-10.032673877694
4.3561000823975	-10.156399630694
4.3607997894287	-10.286586074226
4.3654999732971	-10.422240552931
4.3702001571655	-10.562056908012
4.3748998641968	-10.704669850220
4.3796000480652	-10.848970166566
4.3843002319336	-10.994336564651
4.3889999389648	-11.140774487099
4.3937001228333	-11.288895223830
4.3983998298645	-11.439736499637
4.4031000137329	-11.594466858383
4.4078001976013	-11.754039466958
4.4124999046326	-11.918888647242
4.4172000885010	-12.088729335200
4.4218997955322	-12.262526299132
4.4265999794006	-12.438649414270
4.4313001632690	-12.615197790050
4.4359998703003	-12.790419892864
4.4407000541687	-12.963135855613
4.4454002380371	-13.133052843673
4.4500999450684	-13.300853028054
4.4548001289368	-13.468032129222
4.4594998359680	-13.636516437045
4.4642000198364	-13.808142533298
4.4689002037048	-13.984120849233
4.4735999107361	-14.164646697057
4.4783000946045	-14.348710199730
4.4829998016357	-14.534227030354
4.4876999855042	-14.718423831393
4.4924001693726	-14.898459007929
4.4970998764038	-15.072117227151
4.5018000602722	-15.238380207439
4.5064997673035	-15.397693951042
4.5111999511719	-15.551839253744
4.5159001350403	-15.703387927954
4.5205998420715	-15.854925305338
4.5253000259399	-16.008205357643
4.5300002098083	-16.163495259314
4.5346999168396	-16.319240040638
4.5394001007080	-16.472210547840
4.5440998077393	-16.618094578864
4.5487999916077	-16.752469213596
4.5535001754761	-16.871885550743
4.5581998825073	-16.974775583612
4.5629000663757	-17.061843536259
4.5675997734070	-17.135787920143
4.5722999572754	-17.200405530768
4.5770001411438	-17.259394128811
4.5816998481750	-17.315145221353
4.5864000320435	-17.367942409222
4.5911002159119	-17.415697134759
4.5957999229431	-17.454389751192
4.6005001068115	-17.479075196207
4.6051998138428	-17.485289224965
4.6098999977112	-17.470374670154
4.6146001815796	-17.434378047095
4.6192998886108	-17.380119822395
4.6240000724792	-17.312446010776
4.6286997795105	-17.236907041914
4.6333999633789	-17.158307593852
4.6381001472473	-17.079548272204
4.6427998542786	-17.001065946111
4.6475000381470	-16.920886967766
4.6522002220154	-16.835361394149
4.6568999290466	-16.740340950404
4.6616001129150	-16.632508730381
4.6662998199463	-16.510489264503
4.6710000038147	-16.375391760867
4.6757001876831	-16.230614782253
4.6803998947144	-16.080995410428
4.6851000785828	-15.931617143585
4.6897997856140	-15.786613493902
4.6944999694824	-15.648279977304
4.6992001533508	-15.516695856680
4.7038998603821	-15.389896055200
4.7086000442505	-15.264505809146
4.7133002281189	-15.136712809822
4.7179999351501	-15.003365641060
4.7227001190186	-14.862861595248
4.7273998260498	-14.715634825465
4.7321000099182	-14.564051078925
4.7368001937866	-14.411800280330
4.7414999008179	-14.262963518928
4.7462000846863	-14.121018865294
4.7508997917175	-13.988065718939
4.7555999755859	-13.864405617123
4.7603001594543	-13.748549704114
4.7649998664856	-13.637642523800
4.7697000503540	-13.528208293716
4.7744002342224	-13.417034486360
4.7790999412537	-13.302015218217
4.7838001251221	-13.182690724142
4.7884998321533	-13.060372386478
4.7932000160217	-12.937780286446
4.7979001998901	-12.818360700434
4.8025999069214	-12.705402867994
4.8073000907898	-12.601275825718
4.8119997978210	-12.506890991753
4.8166999816895	-12.421517653967
4.8214001655579	-12.342979064447
4.8260998725891	-12.268172083873
4.8308000564575	-12.193827944813
4.8354997634888	-12.117301400226
4.8401999473572	-12.037250552212
4.8449001312256	-11.953960032277
4.8495998382568	-11.869257024949
4.8543000221252	-11.786034049549
4.8590002059937	-11.707508497811
4.8636999130249	-11.636418005532
4.8684000968933	-11.574371096904
4.8730998039246	-11.521457745708
4.8777999877930	-11.476210415126
4.8825001716614	-11.435945189008
4.8871998786926	-11.397361827131
4.8919000625610	-11.357337543283
4.8965997695923	-11.313678149239
4.9012999534607	-11.265685805297
4.9060001373291	-11.214322205716
4.9106998443604	-11.161967436747
4.9154000282288	-11.111793041211
4.9201002120972	-11.066957676596
4.9247999191284	-11.029839887610
4.9295001029968	-11.001429821934
4.9341998100281	-10.981083118274
4.9388999938965	-10.966623501851
4.9436001777649	-10.954824158788
4.9482998847961	-10.942127978526
4.9530000686646	-10.925500098483
4.9576997756958	-10.903156925488
4.9623999595642	-10.875007653146
4.9671001434326	-10.842636112560
4.9717998504639	-10.808806961489
4.9765000343323	-10.776687651968
4.9812002182007	-10.748913003223
4.9858999252319	-10.726802345658
4.9906001091003	-10.709853556622
4.9952998161316	-10.695649647529
5.0000000000000	-10.680223748208
#Parameters = {R_fat=48; R_glandular=38; R_skin_outer=50; T10=5; T15=7.5; T5=2.5; T_rad=4; T_x=10; T_y=0; T_z=75; Zc=65; skin_thickness=2; Mesh Pass=6}
#"Frequency / GHz"	"S1,1 (Mesh Pass=6) [Magnitude / dB]"
#-------------------------------------------------------
0.30000001192093	-22.994089937411
0.30469998717308	-23.604625957378
0.30939999222755	-24.763188498551
0.31409999728203	-26.597398731718
0.31880000233650	-29.009901894542
0.32350000739098	-30.200968668988
0.32820001244545	-27.693703751282
0.33289998769760	-24.149056521499
0.33759999275208	-21.166982583341
0.34229999780655	-18.783960974658
0.34700000286102	-16.850507064399
0.35170000791550	-15.248744897933
0.35640001296997	-13.899724808119
0.36109998822212	-12.752766588187
0.36579999327660	-11.777277078998
0.37049999833107	-10.957189424307
0.37520000338554	-10.286599602454
0.37990000844002	-9.7654625203459
0.38460001349449	-9.3950451134050
0.38929998874664	-9.1736811457743
0.39399999380112	-9.0940435523102
0.39869999885559	-9.1429735535092
0.40340000391006	-9.3038253549851
0.40810000896454	-9.5601095508307
0.41280001401901	-9.8989628916344
0.41749998927116	-10.313390867464
0.42219999432564	-10.803063283884
0.42689999938011	-11.373703683983
0.43160000443459	-12.035075055086
0.43630000948906	-12.796954208362
0.44100001454353	-13.661403542721
0.44569998979568	-14.608426486072
0.45039999485016	-15.572373913217
0.45509999990463	-16.416847756916
0.45980000495911	-16.948234543738
0.46450001001358	-17.022268573778
0.46919998526573	-16.672440975538
0.47389999032021	-16.081451878487
0.47859999537468	-15.440639481104
0.48330000042915	-14.873444902960
0.48800000548363	-14.439388442694
0.49270001053810	-14.158948629008
0.49739998579025	-14.031071189961
0.50209999084473	-14.040546438591
0.50679999589920	-14.158512755876
0.51150000095367	-14.339842854954
0.51620000600815	-14.522209289571
0.52090001106262	-14.633550421501
0.52560001611710	-14.612424843597
0.53030002117157	-14.433656605709
0.53500002622604	-14.119470924840
0.53969997167587	-13.725496768629
0.54439997673035	-13.314789536362
0.54909998178482	-12.938786679197
0.55379998683929	-12.630579295550
0.55849999189377	-12.405632035247
0.56319999694824	-12.264468333728
0.56790000200272	-12.194743968372
0.57260000705719	-12.172777453534
0.57730001211166	-12.165899735262
0.58200001716614	-12.137512379433
0.58670002222061	-12.055437475958
0.59140002727509	-11.901318426736
0.59609997272491	-11.676201368414
0.60079997777939	-11.398807136541
0.60549998283386	-11.097714336422
0.61019998788834	-10.802341085589
0.61489999294281	-10.536403918838
0.61959999799728	-10.314807699948
0.62430000305176	-10.142832340988
0.62900000810623	-10.016562765853
0.63370001316071	-9.9239631281093
0.63840001821518	-9.8468558634567
0.64310002326965	-9.7641693137306
0.64780002832413	-9.6564563674207
0.65249997377396	-9.5107077156341
0.65719997882843	-9.3236605370908
0.66189998388290	-9.1021228710870
0.66659998893738	-8.8602351598667
0.67129999399185	-8.6151404044381
0.67599999904633	-8.3828092602319
0.68070000410080	-8.1750663996615
0.68540000915527	-7.9980116922891
0.69010001420975	-7.8515376591774
0.69480001926422	-7.7297262058098
0.69950002431870	-7.6220515133439
0.70420002937317	-7.5154383917923
0.70889997482300	-7.3970149485067
0.71359997987747	-7.2570735226636
0.71829998493195	-7.0913375080735
0.72299998998642	-6.9017856863266
0.72769999504089	-6.6957343381273
0.73240000009537	-6.4836582680536
0.73710000514984	-6.2765870899661
0.74180001020432	-6.0837926804295
0.74650001525879	-5.9111884263298
0.75120002031326	-5.7604939008027
0.75590002536774	-5.6291369819641
0.76059997081757	-5.5108837137688
0.76529997587204	-5.3971128228211
0.76999998092651	-5.2786453959482
0.77469998598099	-5.1477811862997
0.77939999103546	-5.0000650469870
0.78409999608994	-4.8352505363006
0.78880000114441	-4.6571718476000
0.79350000619888	-4.4726448391062
0.79820001125336	-4.2897981905058
0.80290001630783	-4.1162866001841
0.80760002136230	-3.9578192585909
0.81230002641678	-3.8171684954855
0.81699997186661	-3.6937680944679
0.82169997692108	-3.5839148210923
0.82639998197556	-3.4815572119128
0.83109998703003	-3.3795812003888
0.83579999208450	-3.2713885322424
0.84049999713898	-3.1524225416717
0.84520000219345	-3.0212274424069
0.84990000724792	-2.8797766896209
0.85460001230240	-2.7329698778501
0.85930001735687	-2.5875041273612
0.86400002241135	-2.4504355343895
0.86870002746582	-2.3277581677981
0.87339997291565	-2.2232982048079
0.87809997797012	-2.1380495243401
0.88279998302460	-2.0700394345598
0.88749998807907	-2.0148000678022
0.89219999313354	-1.9663206688360
0.89689999818802	-1.9184291704022
0.90160000324249	-1.8662650447562
0.90630000829697	-1.8075512269390
0.91100001335144	-1.7432956223241
0.91570001840591	-1.6777480656952
0.92040002346039	-1.6176314961275
0.92510002851486	-1.5708667638536
0.92979997396469	-1.5451029495206
0.93449997901917	-1.5463807802856
0.93919998407364	-1.5781702743305
0.94389998912811	-1.6409233963187
0.94859999418259	-1.7322467455229
0.95329999923706	-1.8476846684055
0.95800000429153	-1.9820533482238
0.96270000934601	-2.1311454538057
0.96740001440048	-2.2935182095270
0.97210001945496	-2.4719806492205
0.97680002450943	-2.6744200547902
0.98150002956390	-2.9138230022577
0.98619997501373	-3.2075453808852
0.99089998006821	-3.5762640838633
0.99559998512268	-4.0430867145820
1.0003000497818	-4.6334022347770
1.0049999952316	-5.3760000243970
1.0096999406815	-6.3060289721718
1.0144000053406	-7.4708665265521
1.0190999507904	-8.9409947683168
1.0238000154495	-10.830996284237
1.0284999608994	-13.341174688961
1.0332000255585	-16.816646750301
1.0378999710083	-21.255105851692
1.0426000356674	-21.360770793926
1.0472999811172	-16.844074467648
1.0520000457764	-13.238658804314
1.0566999912262	-10.615682891246
1.0614000558853	-8.6254814207961
1.0661000013351	-7.0640303522382
1.0707999467850	-5.8152302910862
1.0755000114441	-4.8083314195979
1.0801999568939	-3.9965053623917
1.0849000215530	-3.3457911749851
1.0895999670029	-2.8291778249595
1.0943000316620	-2.4234626943520
1.0989999771118	-2.1077919281793
1.1037000417709	-1.8632625408177
1.1083999872208	-1.6731256040045
1.1131000518799	-1.5232572636393
1.1177999973297	-1.4026023875402
1.1224999427795	-1.3033489713634
1.1272000074387	-1.2207792523779
1.1318999528885	-1.1527327854374
1.1366000175476	-1.0988425427493
1.1412999629974	-1.0596720309707
1.1460000276566	-1.0358956446301
1.1506999731064	-1.0277102803211
1.1554000377655	-1.0344802323787
1.1600999832153	-1.0546587830620
1.1648000478745	-1.0859414866051
1.1694999933243	-1.1255880947171
1.1742000579834	-1.1708145831278
1.1789000034332	-1.2191846672291
1.1835999488831	-1.2689147241981
1.1883000135422	-1.3190464376550
1.1929999589920	-1.3694450603273
1.1977000236511	-1.4206501005114
1.2023999691010	-1.4736274447158
1.2071000337601	-1.5294602610660
1.2117999792099	-1.5890647732482
1.2165000438690	-1.6529748863955
1.2211999893188	-1.7212408203205
1.2259000539780	-1.7934203675901
1.2305999994278	-1.8686816117797
1.2352999448776	-1.9459797052459
1.2400000095367	-2.0242373091830
1.2446999549866	-2.1025613980299
1.2494000196457	-2.1803610292929
1.2540999650955	-2.2574447423252
1.2588000297546	-2.3340077814166
1.2634999752045	-2.4105421977414
1.2682000398636	-2.4877213015321
1.2728999853134	-2.5662403210706
1.2776000499725	-2.6466645450430
1.2822999954224	-2.7293321304917
1.2869999408722	-2.8142994920220
1.2917000055313	-2.9013463360090
1.2963999509811	-2.9900291618378
1.3011000156403	-3.0797872668858
1.3057999610901	-3.1700556526994
1.3105000257492	-3.2603776580135
1.3151999711990	-3.3504821917124
1.3199000358582	-3.4403380573283
1.3245999813080	-3.5301423378352
1.3293000459671	-3.6202822494987
1.3339999914169	-3.7112442729413
1.3387000560760	-3.8035312506443
1.3434000015259	-3.8975605510654
1.3480999469757	-3.9935999576057
1.3528000116348	-4.0917301139179
1.3574999570847	-4.1918444830662
1.3622000217438	-4.2936842656776
1.3668999671936	-4.3969062876846
1.3716000318527	-4.5011602798942
1.3762999773026	-4.6061653678923
1.3810000419617	-4.7117717548509
1.3856999874115	-4.8180032155004
1.3904000520706	-4.9250528982474
1.3950999975204	-5.0332575968247
1.3997999429703	-5.1430394701808
1.4045000076294	-5.2548423535029
1.4091999530792	-5.3690518778043
1.4139000177383	-5.4859453701781
1.4185999631882	-5.6056555655094
1.4233000278473	-5.7281605439352
1.4279999732971	-5.8533132717917
1.4327000379562	-5.9808834635697
1.4373999834061	-6.1106237842176
1.4421000480652	-6.2423341430072
1.4467999935150	-6.3759168472712
1.4515000581741	-6.5114220685830
1.4562000036240	-6.6490439947155
1.4608999490738	-6.7891218793422
1.4656000137329	-6.9320782247964
1.4702999591827	-7.0783681508656
1.4750000238419	-7.2284154824839
1.4796999692917	-7.3825501887710
1.4844000339508	-7.5409676317129
1.4890999794006	-7.7037157221887
1.4938000440598	-7.8707000483967
1.4984999895096	-8.0417283639852
1.5032000541687	-8.2165564280703
1.5078999996185	-8.3949609448340
1.5125999450684	-8.5767970080073
1.5173000097275	-8.7620470791653
1.5219999551773	-8.9508439613555
1.5267000198364	-9.1434622737329
1.5313999652863	-9.3402869554460
1.5361000299454	-9.5417494805768
1.5407999753952	-9.7482634740621
1.5455000400543	-9.9601444003241
1.5501999855042	-10.177555944222
1.5549000501633	-10.400470232629
1.5595999956131	-10.628659244017
1.5642999410629	-10.861720544543
1.5690000057220	-11.099122991932
1.5736999511719	-11.340282698049
1.5784000158310	-11.584636513512
1.5830999612808	-11.831705577240
1.5878000259399	-12.081148991658
1.5924999713898	-12.332766367391
1.5972000360489	-12.586477952245
1.6018999814987	-12.842261206785
1.6066000461578	-13.100060800637
1.6112999916077	-13.359700888301
1.6160000562668	-13.620779216042
1.6207000017166	-13.882620759139
1.6253999471664	-14.144223917840
1.6301000118256	-14.404296071619
1.6347999572754	-14.661294441144
1.6395000219345	-14.913535554615
1.6441999673843	-15.159322249111
1.6489000320435	-15.397062467546
1.6535999774933	-15.625386373744
1.6583000421524	-15.843210529850
1.6629999876022	-16.049794024573
1.6677000522614	-16.244681033981
1.6723999977112	-16.427661917563
1.6770999431610	-16.598661114819
1.6818000078201	-16.757638820205
1.6864999532700	-16.904506643592
1.6912000179291	-17.039081653524
1.6958999633789	-17.161059539638
1.7006000280380	-17.270099502611
1.7052999734879	-17.365868607319
1.7100000381470	-17.448207585085
1.7146999835968	-17.517225563957
1.7194000482559	-17.573430302912
1.7240999937057	-17.617761101622
1.7288000583649	-17.651609619394
1.7335000038147	-17.676717724678
1.7381999492645	-17.695048236274
1.7429000139236	-17.708622067881
1.7475999593735	-17.719315386604
1.7523000240326	-17.728702253951
1.7569999694824	-17.737957770544
1.7617000341415	-17.747802117129
1.7663999795914	-17.758542862720
1.7711000442505	-17.770197268266
1.7757999897003	-17.782629238356
1.7805000543594	-17.795743096355
1.7851999998093	-17.809652499535
1.7898999452591	-17.824789336468
1.7946000099182	-17.841950371608
1.7992999553680	-17.862267038339
1.8040000200272	-17.887076948871
1.8086999654770	-17.917774179274
1.8134000301361	-17.955619362816
1.8180999755859	-18.001569380516
1.8228000402451	-18.056196253658
1.8274999856949	-18.119627369153
1.8322000503540	-18.191613312165
1.8368999958038	-18.271647104135
1.8415999412537	-18.359140608490
1.8463000059128	-18.453632581959
1.8509999513626	-18.554965771626
1.8557000160217	-18.663414933480
1.8603999614716	-18.779752179455
1.8651000261307	-18.905157639350
1.8697999715805	-19.041140442672
1.8745000362396	-19.189311196631
1.8791999816895	-19.351220353372
1.8839000463486	-19.528152507981
1.8885999917984	-19.721043471005
1.8933000564575	-19.930440757324
1.8980000019073	-20.156587497964
1.9026999473572	-20.399581110271
1.9074000120163	-20.659591274761
1.9120999574661	-20.937118941604
1.9168000221252	-21.233249913295
1.9214999675751	-21.549847872453
1.9262000322342	-21.889637654746
1.9308999776840	-22.256204836947
1.9356000423431	-22.653946932780
1.9402999877930	-23.087954681369
1.9450000524521	-23.563868844844
1.9496999979019	-24.087896201911
1.9543999433517	-24.666916193156
1.9591000080109	-25.308784077361
1.9637999534607	-26.022998733810
1.9685000181198	-26.821721069846
1.9731999635696	-27.721478415318
1.9779000282288	-28.745622530001
1.9825999736786	-29.928655696556
1.9873000383377	-31.323322800450
1.9919999837875	-33.013928983817
1.9967000484467	-35.143332831996
2.0013999938965	-37.968203696997
2.0060999393463	-41.912596106094
2.0107998847961	-46.147521142649
2.0155000686646	-43.598282293422
2.0202000141144	-38.972289178203
2.0248999595642	-35.574330337374
2.0295999050140	-33.029662665870
2.0343000888824	-31.017234431901
2.0390000343323	-29.359001687532
2.0436999797821	-27.951150440324
2.0483999252319	-26.728485128264
2.0531001091003	-25.647424757802
2.0578000545502	-24.677505470462
2.0625000000000	-23.796803590154
2.0671999454498	-22.989271950012
2.0718998908997	-22.243152951825
2.0766000747681	-21.549793973280
2.0813000202179	-20.902859428092
2.0859999656677	-20.297628762574
2.0906999111176	-19.730492428672
2.0954000949860	-19.198488130806
2.1001000404358	-18.699002208642
2.1047999858856	-18.229566904872
2.1094999313354	-17.787746572213
2.1142001152039	-17.371132928286
2.1189000606537	-16.977373924387
2.1236000061035	-16.604279828026
2.1282999515533	-16.249915456093
2.1329998970032	-15.912684999572
2.1377000808716	-15.591377227097
2.1424000263214	-15.285170382437
2.1470999717712	-14.993557457629
2.1517999172211	-14.716289579790
2.1565001010895	-14.453220297343
2.1612000465393	-14.204208509546
2.1658999919891	-13.969024260937
2.1705999374390	-13.747272564042
2.1752998828888	-13.538380321988
2.1800000667572	-13.341621910159
2.1847000122070	-13.156182239698
2.1893999576569	-12.981241480216
2.1940999031067	-12.816062158923
2.1988000869751	-12.660057561492
2.2035000324249	-12.512847339577
2.2081999778748	-12.374247060846
2.2128999233246	-12.244250088838
2.2176001071930	-12.122950927480
2.2223000526428	-12.010462551160
2.2269999980927	-11.906849619865
2.2316999435425	-11.812050629640
2.2363998889923	-11.725850551420
2.2411000728607	-11.647870520361
2.2458000183105	-11.577627683153
2.2504999637604	-11.514578573744
2.2551999092102	-11.458197414485
2.2599000930786	-11.408057588152
2.2646000385284	-11.363877258330
2.2692999839783	-11.325551173271
2.2739999294281	-11.293124597937
2.2787001132965	-11.266767627836
2.2834000587463	-11.246692028810
2.2881000041962	-11.233087208704
2.2927999496460	-11.226044737684
2.2974998950958	-11.225525916691
2.3022000789642	-11.231337995057
2.3069000244141	-11.243167548827
2.3115999698639	-11.260617497657
2.3162999153137	-11.283288294268
2.3210000991821	-11.310850084086
2.3257000446320	-11.343100785118
2.3303999900818	-11.379999162448
2.3350999355316	-11.421673223143
2.3397998809814	-11.468381046282
2.3445000648499	-11.520456566156
2.3492000102997	-11.578227191996
2.3538999557495	-11.641955511619
2.3585999011993	-11.711777050638
2.3633000850677	-11.787673683561
2.3680000305176	-11.869487082161
2.3726999759674	-11.956965347265
2.3773999214172	-12.049826990360
2.3821001052856	-12.147835951687
2.3868000507355	-12.250877133773
2.3914999961853	-12.359007864762
2.3961999416351	-12.472460084361
2.4008998870850	-12.591642434198
2.4056000709534	-12.717056318916
2.4103000164032	-12.849245436471
2.4149999618530	-12.988709359532
2.4196999073029	-13.135823144406
2.4244000911713	-13.290816982995
2.4291000366211	-13.453761107317
2.4337999820709	-13.624618147738
2.4384999275208	-13.803291900114
2.4432001113892	-13.989737199798
2.4479000568390	-14.184027139369
2.4526000022888	-14.386448865300
2.4572999477386	-14.597508604624
2.4619998931885	-14.817962396491
2.4667000770569	-15.048728628173
2.4714000225067	-15.290835920062
2.4760999679565	-15.545316885395
2.4807999134064	-15.813107238606
2.4855000972748	-16.095007693630
2.4902000427246	-16.391650405018
2.4948999881744	-16.703526307694
2.4995999336243	-17.031086299993
2.5043001174927	-17.374839632484
2.5090000629425	-17.735493080434
2.5137000083923	-18.114076171997
2.5183999538422	-18.512001294128
2.5230998992920	-18.931101464669
2.5278000831604	-19.373536565478
2.5325000286102	-19.841655350674
2.5371999740601	-20.337779967569
2.5418999195099	-20.863864295692
2.5466001033783	-21.421175748618
2.5513000488281	-22.009831809754
2.5559999942780	-22.628259671044
2.5606999397278	-23.272449319796
2.5653998851776	-23.934960069230
2.5701000690460	-24.603457724041
2.5748000144958	-25.258863475147
2.5794999599457	-25.873278474120
2.5841999053955	-26.408738735362
2.5889000892639	-26.818980767742
2.5936000347137	-27.056616843055
2.5982999801636	-27.086310193277
2.6029999256134	-26.898326375682
2.6077001094818	-26.513305245061
2.6124000549316	-25.974348177079
2.6171000003815	-25.332314247582
2.6217999458313	-24.633516193612
2.6264998912811	-23.913706697566
2.6312000751495	-23.197424601924
2.6359000205994	-22.499867302392
2.6405999660492	-21.829326246172
2.6452999114990	-21.189430892301
2.6500000953674	-20.580872901930
2.6547000408173	-20.002645115324
2.6593999862671	-19.452933147675
2.6640999317169	-18.929696064202
2.6688001155853	-18.431031578193
2.6735000610352	-17.955344263659
2.6782000064850	-17.501365485422
2.6828999519348	-17.068129821369
2.6875998973846	-16.654825080225
2.6923000812531	-16.260679122702
2.6970000267029	-15.884859555536
2.7016999721527	-15.526382662997
2.7063999176025	-15.184119646801
2.7111001014709	-14.856826814988
2.7158000469208	-14.543206142531
2.7204999923706	-14.242008874555
2.7251999378204	-13.952119585249
2.7298998832703	-13.672630861019
2.7346000671387	-13.402877407141
2.7393000125885	-13.142413591551
2.7439999580383	-12.890991725879
2.7486999034882	-12.648455771347
2.7534000873566	-12.414677357163
2.7581000328064	-12.189475465134
2.7627999782562	-11.972554387583
2.7674999237061	-11.763485425171
2.7722001075745	-11.561733322056
2.7769000530243	-11.366687145435
2.7815999984741	-11.177725010703
2.7862999439240	-10.994296959214
2.7909998893738	-10.815963387795
2.7957000732422	-10.642436142407
2.8004000186920	-10.473578656883
2.8050999641418	-10.309374575932
2.8097999095917	-10.149878495730
2.8145000934601	-9.9951495915067
2.8192000389099	-9.8451964160602
2.8238999843597	-9.6999290555097
2.8285999298096	-9.5591390435776
2.8333001136780	-9.4225239239415
2.8380000591278	-9.2897100494388
2.8427000045776	-9.1603083885741
2.8473999500275	-9.0339723928049
2.8520998954773	-8.9104476282648
2.8568000793457	-8.7895894391122
2.8615000247955	-8.6713812145763
2.8661999702454	-8.5558979050554
2.8708999156952	-8.4432643832007
2.8756000995636	-8.3336152063998
2.8803000450134	-8.2270218498824
2.8849999904633	-8.1234775653577
2.8896999359131	-8.0228698147024
2.8943998813629	-7.9249932024915
2.8991000652313	-7.8295834065338
2.9038000106812	-7.7363695487663
2.9084999561310	-7.6451018055943
2.9131999015808	-7.5556149001037
2.9179000854492	-7.4678463883757
2.9226000308990	-7.3818306230615
2.9272999763489	-7.2976814851648
2.9319999217987	-7.2155575042673
2.9367001056671	-7.1356102429143
2.9414000511169	-7.0579402921961
2.9460999965668	-6.9825671420604
2.9507999420166	-6.9094164966203
2.9554998874664	-6.8383330887854
2.9602000713348	-6.7691054172077
2.9649000167847	-6.7015178191764
2.9695999622345	-6.6353760474591
2.9742999076843	-6.5705663214650
2.9790000915527	-6.5070572933189
2.9837000370026	-6.4449112597422
2.9883999824524	-6.3842563089377
2.9930999279022	-6.3252483119438
2.9978001117706	-6.2680401722411
3.0025000572205	-6.2127267608860
3.0072000026703	-6.1593262491198
3.0118999481201	-6.1077776699450
3.0165998935699	-6.0579349466430
3.0213000774384	-6.0096148208618
3.0260000228882	-5.9626229134368
3.0306999683380	-5.9167979676135
3.0353999137878	-5.8720501203153
3.0401000976562	-5.8283647709781
3.0448000431061	-5.7858139675991
3.0494999885559	-5.7445276097551
3.0541999340057	-5.7046518168024
3.0589001178741	-5.6663268936802
3.0636000633240	-5.6296322615211
3.0683000087738	-5.5945754800744
3.0729999542236	-5.5610863154566
3.0776998996735	-5.5290240154714
3.0824000835419	-5.4982079325363
3.0871000289917	-5.4684613169145
3.0917999744415	-5.4396412777937
3.0964999198914	-5.4116689312868
3.1012001037598	-5.3845503563605
3.1059000492096	-5.3583636226537
3.1105999946594	-5.3332341982657
3.1152999401093	-5.3093055352114
3.1199998855591	-5.2866975196132
3.1247000694275	-5.2654823285282
3.1294000148773	-5.2456484232385
3.1340999603271	-5.2271185074086
3.1387999057770	-5.2097438619264
3.1435000896454	-5.1933486235106
3.1482000350952	-5.1777653537853
3.1528999805450	-5.1628605175389
3.1575999259949	-5.1485753261322
3.1623001098633	-5.1349234282605
3.1670000553131	-5.1219899183032
3.1717000007629	-5.1098981847279
3.1763999462128	-5.0987889453808
3.1810998916626	-5.0887720308476
3.1858000755310	-5.0798969007845
3.1905000209808	-5.0721437258947
3.1951999664307	-5.0654118458816
3.1998999118805	-5.0595496754696
3.2046000957489	-5.0543754822027
3.2093000411987	-5.0497221923844
3.2139999866486	-5.0454697392886
3.2186999320984	-5.0415610731829
3.2234001159668	-5.0380192975791
3.2281000614166	-5.0349255745158
3.2328000068665	-5.0324019951041
3.2374999523163	-5.0305725116332
3.2421998977661	-5.0295258311709
3.2469000816345	-5.0292859494809
3.2516000270844	-5.0298005143040
3.2562999725342	-5.0309404352990
3.2609999179840	-5.0325273105777
3.2657001018524	-5.0343652253386
3.2704000473022	-5.0362653920921
3.2750999927521	-5.0380982132193
3.2797999382019	-5.0397978981754
3.2844998836517	-5.0413730010244
3.2892000675201	-5.0428863382908
3.2939000129700	-5.0444319872892
3.2985999584198	-5.0460938742643
3.3032999038696	-5.0479116286960
3.3080000877380	-5.0498525751873
3.3127000331879	-5.0518025521351
3.3173999786377	-5.0535733745390
3.3220999240875	-5.0549320128803
3.3268001079559	-5.0556301480959
3.3315000534058	-5.0554415170679
3.3361999988556	-5.0541977268173
3.3408999443054	-5.0517979251175
3.3455998897552	-5.0482195620474
3.3503000736237	-5.0434862021795
3.3550000190735	-5.0376418838848
3.3596999645233	-5.0307106889436
3.3643999099731	-5.0226702101354
3.3691000938416	-5.0134228408882
3.3738000392914	-5.0027944194881
3.3784999847412	-4.9905526070409
3.3831999301910	-4.9764312035568
3.3879001140594	-4.9601814084719
3.3926000595093	-4.9415954303264
3.3973000049591	-4.9205516377579
3.4019999504089	-4.8970138882766
3.4066998958588	-4.8710388248081
3.4114000797272	-4.8427392388622
3.4161000251770	-4.8122593161147
3.4207999706268	-4.7797324858693
3.4254999160767	-4.7452608794956
3.4302000999451	-4.7088958834310
3.4349000453949	-4.6706383348709
3.4395999908447	-4.6304659285698
3.4442999362946	-4.5883674005508
3.4489998817444	-4.5443730515252
3.4537000656128	-4.4985928280777
3.4584000110626	-4.4512355848857
3.4630999565125	-4.4026003526698
3.4677999019623	-4.3530684290842
3.4725000858307	-4.3030670093218
3.4772000312805	-4.2530260982557
3.4818999767303	-4.2033480820505
3.4865999221802	-4.1543694398142
3.4913001060486	-4.1063595129506
3.4960000514984	-4.0595142156032
3.5006999969482	-4.0139867152685
3.5053999423981	-3.9699023399687
3.5100998878479	-3.9274015834412
3.5148000717163	-3.8866594103000
3.5195000171661	-3.8478874097362
3.5241999626160	-3.8113472903448
3.5288999080658	-3.7773197744309
3.5336000919342	-3.7460796296509
3.5383000373840	-3.7178648287831
3.5429999828339	-3.6928488218423
3.5476999282837	-3.6711205913398
3.5524001121521	-3.6526826432079
3.5571000576019	-3.6374600245202
3.5618000030518	-3.6253298682561
3.5664999485016	-3.6161439780272
3.5711998939514	-3.6097706258038
3.5759000778198	-3.6061095986337
3.5806000232697	-3.6051199843249
3.5852999687195	-3.6068031821725
3.5899999141693	-3.6112043914172
3.5947000980377	-3.6183772345978
3.5994000434875	-3.6283605757605
3.6040999889374	-3.6411524586351
3.6087999343872	-3.6566906227551
3.6135001182556	-3.6748534698290
3.6182000637054	-3.6954635700776
3.6229000091553	-3.7183134032621
3.6275999546051	-3.7431973235322
3.6322999000549	-3.7699378930871
3.6370000839233	-3.7984086542101
3.6417000293732	-3.8285490776962
3.6463999748230	-3.8603658624514
3.6510999202728	-3.8939085633105
3.6558001041412	-3.9292494609565
3.6605000495911	-3.9664535896389
3.6651999950409	-4.0055476083455
3.6698999404907	-4.0465013679729
3.6745998859406	-4.0892265691400
3.6793000698090	-4.1335787571418
3.6840000152588	-4.1793867543998
3.6886999607086	-4.2264782455972
3.6933999061584	-4.2747153973111
3.6981000900269	-4.3240126539085
3.7028000354767	-4.3743576620595
3.7074999809265	-4.4257990875667
3.7121999263763	-4.4784347343309
3.7169001102448	-4.5323844846513
3.7216000556946	-4.5877515502132
3.7263000011444	-4.6445916518222
3.7309999465942	-4.7028990368188
3.7356998920441	-4.7625927375611
3.7404000759125	-4.8235337484310
3.7451000213623	-4.8855444898594
3.7497999668121	-4.9484489812014
3.7544999122620	-5.0121034892493
3.7592000961304	-5.0764191879343
3.7639000415802	-5.1413889680694
3.7685999870300	-5.2070659141933
3.7732999324799	-5.2735553289388
3.7780001163483	-5.3409780516088
3.7827000617981	-5.4094240602435
3.7874000072479	-5.4789287585502
3.7920999526978	-5.5494430395277
3.7967998981476	-5.6208326547620
3.8015000820160	-5.6928889514432
3.8062000274658	-5.7653645165089
3.8108999729156	-5.8380066139162
3.8155999183655	-5.9106046284107
3.8203001022339	-5.9830146140559
3.8250000476837	-6.0551809610894
3.8296999931335	-6.1271207245176
3.8343999385834	-6.1988999269168
3.8390998840332	-6.2705918102185
3.8438000679016	-6.3422330641368
3.8485000133514	-6.4137823504440
3.8531999588013	-6.4850985948111
3.8578999042511	-6.5559398554506
3.8626000881195	-6.6259891171455
3.8673000335693	-6.6948938556803
3.8719999790192	-6.7623165171291
3.8766999244690	-6.8279839647127
3.8814001083374	-6.8917250187327
3.8861000537872	-6.9534759498262
3.8907999992371	-7.0132706373241
3.8954999446869	-7.0711989979855
3.9001998901367	-7.1273564840704
3.9049000740051	-7.1817928748142
3.9096000194550	-7.2344688328235
3.9142999649048	-7.2852451372028
3.9189999103546	-7.3338838894346
3.9237000942230	-7.3800964185586
3.9284000396729	-7.4235921246889
3.9330999851227	-7.4641449008702
3.9377999305725	-7.5016370549786
3.9425001144409	-7.5360948983117
3.9472000598907	-7.5676794007920
3.9519000053406	-7.5966538133271
3.9565999507904	-7.6233346870670
3.9612998962402	-7.6480183305019
3.9660000801086	-7.6709281128088
3.9707000255585	-7.6921816479625
3.9753999710083	-7.7117773892358
3.9800999164581	-7.7296244337622
3.9848001003265	-7.7455956254328
3.9895000457764	-7.7595859315283
3.9941999912262	-7.7715766045273
3.9988999366760	-7.7816764500058
4.0036001205444	-7.7901313151130
4.0082998275757	-7.7973088697106
4.0130000114441	-7.8036406406443
4.0177001953125	-7.8095621757513
4.0223999023438	-7.8154436920851
4.0271000862122	-7.8215386139912
4.0317997932434	-7.8279581630921
4.0364999771118	-7.8346824881604
4.0412001609802	-7.8415991207808
4.0458998680115	-7.8485653865492
4.0506000518799	-7.8554757853434
4.0553002357483	-7.8623128898213
4.0599999427795	-7.8691957862021
4.0647001266479	-7.8763665162112
4.0693998336792	-7.8841687167764
4.0741000175476	-7.8929870937109
4.0788002014160	-7.9031818318148
4.0834999084473	-7.9150162651867
4.0882000923157	-7.9286252473214
4.0928997993469	-7.9439911685470
4.0975999832153	-7.9609648368347
4.1023001670837	-7.9793170175409
4.1069998741150	-7.9988029915633
4.1117000579834	-8.0192343771997
4.1163997650146	-8.0405290359958
4.1210999488831	-8.0627485653232
4.1258001327515	-8.0860870088104
4.1304998397827	-8.1108298143570
4.1352000236511	-8.1373036861256
4.1399002075195	-8.1657851754941
4.1445999145508	-8.1964561123810
4.1493000984192	-8.2293482879345
4.1539998054504	-8.2643380389999
4.1586999893188	-8.3011809243131
4.1634001731873	-8.3395526591536
4.1680998802185	-8.3791385335850
4.1728000640869	-8.4196958500988
4.1774997711182	-8.4611133582370
4.1821999549866	-8.5034373575610
4.1869001388550	-8.5468619014788
4.1915998458862	-8.5916730572685
4.1963000297546	-8.6381812448317
4.2010002136230	-8.6866421903328
4.2056999206543	-8.7371895013058
4.2104001045227	-8.7897851223476
4.2150998115540	-8.8442355768686
4.2197999954224	-8.9002029111058
4.2245001792908	-8.9572990963609
4.2291998863220	-9.0151617582194
4.2339000701904	-9.0735311238227
4.2385997772217	-9.1323228924364
4.2432999610901	-9.1916475880527
4.2480001449585	-9.2517853934988
4.2526998519897	-9.3131321176869
4.2574000358582	-9.3761137058362
4.2621002197266	-9.4410886565192
4.2667999267578	-9.5082814567385
4.2715001106262	-9.5777462748616
4.2761998176575	-9.6493666413656
4.2809000015259	-9.7229167395869
4.2856001853943	-9.7981396847137
4.2902998924255	-9.8748577559491
4.2950000762939	-9.9530593957041
4.2996997833252	-10.032962653177
4.3043999671936	-10.115028622640
4.3091001510620	-10.199915663659
4.3137998580933	-10.288397914380
4.3185000419617	-10.381240881951
4.3232002258301	-10.479088950319
4.3278999328613	-10.582361970630
4.3326001167297	-10.691205760932
4.3372998237610	-10.805487006001
4.3420000076294	-10.924848082551
4.3467001914978	-11.048803495380
4.3513998985291	-11.176860655278
4.3561000823975	-11.308635207710
4.3607997894287	-11.443924205396
4.3654999732971	-11.582742408598
4.3702001571655	-11.725282111490
4.3748998641968	-11.871825134207
4.3796000480652	-12.022611568616
4.3843002319336	-12.177710955528
4.3889999389648	-12.336919431451
4.3937001228333	-12.499706050408
4.3983998298645	-12.665248143416
4.4031000137329	-12.832532311000
4.4078001976013	-13.000508761296
4.4124999046326	-13.168288554180
4.4172000885010	-13.335293036930
4.4218997955322	-13.501361310250
4.4265999794006	-13.666752155329
4.4313001632690	-13.832038194043
4.4359998703003	-13.997914843538
4.4407000541687	-14.164982955352
4.4454002380371	-14.333516967597
4.4500999450684	-14.503329293359
4.4548001289368	-14.673727677515
4.4594998359680	-14.843597956930
4.4642000198364	-15.011609285508
4.4689002037048	-15.176487988500
4.4735999107361	-15.337289010263
4.4783000946045	-15.493603296013
4.4829998016357	-15.645628877713
4.4876999855042	-15.794065296259
4.4924001693726	-15.939877006205
4.4970998764038	-16.083945399157
4.5018000602722	-16.226745645885
4.5064997673035	-16.368072404569
4.5111999511719	-16.506952483724
4.5159001350403	-16.641753855320
4.5205998420715	-16.770455315101
4.5253000259399	-16.891061491560
4.5300002098083	-17.002034632881
4.5346999168396	-17.102629485427
4.5394001007080	-17.193008795994
4.5440998077393	-17.274126847779
4.5487999916077	-17.347365148224
4.5535001754761	-17.414051224208
4.5581998825073	-17.474990379459
4.5629000663757	-17.530126320728
4.5675997734070	-17.578443967598
4.5722999572754	-17.618153813610
4.5770001411438	-17.647128832056
4.5816998481750	-17.663422451240
4.5864000320435	-17.665846005267
4.5911002159119	-17.654305973609
4.5957999229431	-17.629892419817
4.6005001068115	-17.594584832302
4.6051998138428	-17.550793424912
4.6098999977112	-17.500736117895
4.6146001815796	-17.445930830407
4.6192998886108	-17.386894700706
4.6240000724792	-17.323095826624
4.6286997795105	-17.253249635149
4.6333999633789	-17.175764746516
4.6381001472473	-17.089318180169
4.6427998542786	-16.993348745417
4.6475000381470	-16.888336919491
4.6522002220154	-16.775783396030
4.6568999290466	-16.657951120513
4.6616001129150	-16.537334393412
4.6662998199463	-16.416154885229
4.6710000038147	-16.295907335576
4.6757001876831	-16.177120121458
4.6803998947144	-16.059334683923
4.6851000785828	-15.941376121030
4.6897997856140	-15.821734703219
4.6944999694824	-15.699063214795
4.6992001533508	-15.572593892284
4.7038998603821	-15.442430661436
4.7086000442505	-15.309553769722
4.7133002281189	-15.175639705623
4.7179999351501	-15.042662069744
4.7227001190186	-14.912475718472
4.7273998260498	-14.786391679343
4.7321000099182	-14.664942868028
4.7368001937866	-14.547808644007
4.7414999008179	-14.433956850752
4.7462000846863	-14.321939788990
4.7508997917175	-14.210307839885
4.7555999755859	-14.097983478021
4.7603001594543	-13.984559356112
4.7649998664856	-13.870436828329
4.7697000503540	-13.756718425910
4.7744002342224	-13.644963977558
4.7790999412537	-13.536814250968
4.7838001251221	-13.433620936433
4.7884998321533	-13.336148713006
4.7932000160217	-13.244414397338
4.7979001998901	-13.157712553162
4.8025999069214	-13.074803772486
4.8073000907898	-12.994229836216
4.8119997978210	-12.914668924240
4.8166999816895	-12.835277303764
4.8214001655579	-12.755892409531
4.8260998725891	-12.677073111833
4.8308000564575	-12.599977349759
4.8354997634888	-12.526056844392
4.8401999473572	-12.456724202387
4.8449001312256	-12.392999056530
4.8495998382568	-12.335279798512
4.8543000221252	-12.283226431533
4.8590002059937	-12.235856535269
4.8636999130249	-12.191745651029
4.8684000968933	-12.149365233081
4.8730998039246	-12.107434320231
4.8777999877930	-12.065225944719
4.8825001716614	-12.022723264531
4.8871998786926	-11.980625224338
4.8919000625610	-11.940143660096
4.8965997695923	-11.902716469221
4.9012999534607	-11.869613677022
4.9060001373291	-11.841629148038
4.9106998443604	-11.818868326684
4.9154000282288	-11.800692593606
4.9201002120972	-11.785833764540
4.9247999191284	-11.772689008943
4.9295001029968	-11.759656264642
4.9341998100281	-11.745531813205
4.9388999938965	-11.729768206114
4.9436001777649	-11.712600786167
4.9482998847961	-11.694963034613
4.9530000686646	-11.678218275298
4.9576997756958	-11.663769914824
4.9623999595642	-11.652645867387
4.9671001434326	-11.645152105846
4.9717998504639	-11.640683437708
4.9765000343323	-11.637718411487
4.9812002182007	-11.634022394107
4.9858999252319	-11.627006626540
4.9906001091003	-11.614166338880
4.9952998161316	-11.593507658797
5.0000000000000	-11.563834548950
