#Parameters = {R_fat=48; R_glandular=38; R_skin_outer=50; T10=5; T15=7.5; T5=2.5; T_rad=4; T_x=10; T_y=0; T_z=75; Zc=65; skin_thickness=2; Mesh Pass=1}
#"Frequency / GHz"	"S1,1 (Mesh Pass=1) [Magnitude / dB]"
#-------------------------------------------------------
0.30000001192093	-6.6723709962032
0.30469998717308	-6.5394261520117
0.30939999222755	-6.3981411135359
0.31409999728203	-6.2498235976410
0.31880000233650	-6.0966057090833
0.32350000739098	-5.9410714249546
0.32820001244545	-5.7858058533421
0.33289998769760	-5.6329828762373
0.33759999275208	-5.4840254878146
0.34229999780655	-5.3394376817132
0.34700000286102	-5.1987899243936
0.35170000791550	-5.0608812223693
0.35640001296997	-4.9240419445517
0.36109998822212	-4.7865389646511
0.36579999327660	-4.6469890007140
0.37049999833107	-4.5047268222925
0.37520000338554	-4.3599953579320
0.37990000844002	-4.2139549867884
0.38460001349449	-4.0684774474196
0.38929998874664	-3.9257869301925
0.39399999380112	-3.7880298112131
0.39869999885559	-3.6568505732773
0.40340000391006	-3.5330834883084
0.40810000896454	-3.4165699646426
0.41280001401901	-3.3061983135044
0.41749998927116	-3.2001180742665
0.42219999432564	-3.0961386243869
0.42689999938011	-2.9922208680331
0.43160000443459	-2.8869664875741
0.43630000948906	-2.7799699789858
0.44100001454353	-2.6719411631691
0.44569998979568	-2.5645699834523
0.45039999485016	-2.4601435015083
0.45509999990463	-2.3610252946797
0.45980000495911	-2.2691095183871
0.46450001001358	-2.1853513318660
0.46919998526573	-2.1095134710075
0.47389999032021	-2.0401484771019
0.47859999537468	-1.9748750756100
0.48330000042915	-1.9108963364151
0.48800000548363	-1.8456600641449
0.49270001053810	-1.7774970644929
0.49739998579025	-1.7060642185604
0.50209999084473	-1.6324652081311
0.50679999589920	-1.5589921301911
0.51150000095367	-1.4885668369252
0.51620000600815	-1.4240219509914
0.52090001106262	-1.3673730663102
0.52560001611710	-1.3192854963023
0.53030002117157	-1.2788270918162
0.53500002622604	-1.2436092695285
0.53969997167587	-1.2102936502411
0.54439997673035	-1.1754007971629
0.54909998178482	-1.1361997557128
0.55379998683929	-1.0914558268219
0.55849999189377	-1.0418001127430
0.56319999694824	-0.98961139320921
0.56790000200272	-0.93842161495963
0.57260000705719	-0.89200955451204
0.57730001211166	-0.85342955021859
0.58200001716614	-0.82418279290562
0.58670002222061	-0.80375473508648
0.59140002727509	-0.78961996697214
0.59609997272491	-0.77779812489234
0.60079997777939	-0.76380369296613
0.60549998283386	-0.74383485391184
0.61019998788834	-0.71586187051342
0.61489999294281	-0.68024046937610
0.61959999799728	-0.63971032817331
0.62430000305176	-0.59871603993206
0.62900000810623	-0.56223814657747
0.63370001316071	-0.53450147224512
0.63840001821518	-0.51779635841839
0.64310002326965	-0.51177709796892
0.64780002832413	-0.51337429300251
0.65249997377396	-0.51742058841271
0.65719997882843	-0.51792224530271
0.66189998388290	-0.50968435471849
0.66659998893738	-0.48984562457742
0.67129999399185	-0.45887412391833
0.67599999904633	-0.42059778143001
0.68070000410080	-0.38130562732188
0.68540000915527	-0.34810515640555
0.69010001420975	-0.32702173627353
0.69480001926422	-0.32128154608761
0.69950002431870	-0.33018895775586
0.70420002937317	-0.34891493630825
0.70889997482300	-0.36937477125239
0.71359997987747	-0.38216582976930
0.71829998493195	-0.37926454111968
0.72299998998642	-0.35675032005995
0.72769999504089	-0.31669362195486
0.73240000009537	-0.26750901157203
0.73710000514984	-0.22259878392782
0.74180001020432	-0.19773178587130
0.74650001525879	-0.20782722929639
0.75120002031326	-0.26379051769236
0.75590002536774	-0.36981598324696
0.76059997081757	-0.52141601131500
0.76529997587204	-0.70451744611959
0.76999998092651	-0.89610811004896
0.77469998598099	-1.0671252389291
0.77939999103546	-1.1879905277857
0.78409999608994	-1.2360738579350
0.78880000114441	-1.2025775000313
0.79350000619888	-1.0955084953053
0.79820001125336	-0.93712689779889
0.80290001630783	-0.75730445781638
0.80760002136230	-0.58603686330158
0.81230002641678	-0.44751957086567
0.81699997186661	-0.35662536848484
0.82169997692108	-0.31743798691689
0.82639998197556	-0.32344678596788
0.83109998703003	-0.35927605897197
0.83579999208450	-0.40404303398347
0.84049999713898	-0.43626731325510
0.84520000219345	-0.43957462780405
0.84990000724792	-0.40763253270841
0.85460001230240	-0.34643156795573
0.85930001735687	-0.27296309713072
0.86400002241135	-0.21092472651057
0.86870002746582	-0.18514870739991
0.87339997291565	-0.21638595178002
0.87809997797012	-0.31725312973845
0.88279998302460	-0.48944663537409
0.88749998807907	-0.72206656720535
0.89219999313354	-0.99106659419614
0.89689999818802	-1.2604566817710
0.90160000324249	-1.4866260071177
0.90630000829697	-1.6270184624083
0.91100001335144	-1.6520962928257
0.91570001840591	-1.5556208676474
0.92040002346039	-1.3568664701288
0.92510002851486	-1.0932434342571
0.92979997396469	-0.80823611074934
0.93449997901917	-0.54095360636730
0.93919998407364	-0.32016622131416
0.94389998912811	-0.16227998728742
0.94859999418259	-0.071672750530445
0.95329999923706	-0.042295458251133
0.95800000429153	-0.060045112407590
0.96270000934601	-0.10583247891613
0.96740001440048	-0.15919836875123
0.97210001945496	-0.20221128102541
0.97680002450943	-0.22286036057419
0.98150002956390	-0.21702835005637
0.98619997501373	-0.18840475761121
0.99089998006821	-0.14633718016706
0.99559998512268	-0.10253030630208
1.0003000497818	-0.067674858544552
1.0049999952316	-0.048912308980850
1.0096999406815	-0.048574601940667
1.0144000053406	-0.064179552226254
1.0190999507904	-0.089529874843786
1.0238000154495	-0.11654695002140
1.0284999608994	-0.13744057297970
1.0332000255585	-0.14669777069422
1.0378999710083	-0.14238250207007
1.0426000356674	-0.12636723732614
1.0472999811172	-0.10352336226912
1.0520000457764	-0.080146779158164
1.0566999912262	-0.062158192577701
1.0614000558853	-0.053609394279388
1.0661000013351	-0.055797479880548
1.0707999467850	-0.067166585874841
1.0755000114441	-0.083887284284000
1.0801999568939	-0.10097929309337
1.0849000215530	-0.11367572610063
1.0895999670029	-0.11865958901157
1.0943000316620	-0.11488818113443
1.0989999771118	-0.10373113005861
1.1037000417709	-0.088471845793862
1.1083999872208	-0.073284810172386
1.1131000518799	-0.062072199809904
1.1177999973297	-0.057460491322638
1.1224999427795	-0.060200787829900
1.1272000074387	-0.069088214010860
1.1318999528885	-0.081382552432478
1.1366000175476	-0.093584653252968
1.1412999629974	-0.10240062460097
1.1460000276566	-0.10558580135037
1.1506999731064	-0.10251399296197
1.1554000377655	-0.094261879427461
1.1600999832153	-0.083238410800193
1.1648000478745	-0.072471072616215
1.1694999933243	-0.064781363311528
1.1742000579834	-0.062067692937902
1.1789000034332	-0.064885027944707
1.1835999488831	-0.072386220923003
1.1883000135422	-0.082627382349413
1.1929999589920	-0.093126709294230
1.1977000236511	-0.10154087571152
1.2023999691010	-0.10625743564906
1.2071000337601	-0.10676591468839
1.2117999792099	-0.10370888230708
1.2165000438690	-0.098599059277643
1.2211999893188	-0.093328365541204
1.2259000539780	-0.089598333940963
1.2305999994278	-0.088445047580756
1.2352999448776	-0.089990151628305
1.2400000095367	-0.093454084364144
1.2446999549866	-0.097426909498216
1.2494000196457	-0.10031233903783
1.2540999650955	-0.10080650934475
1.2588000297546	-0.098301168010573
1.2634999752045	-0.093049430047399
1.2682000398636	-0.086119906668660
1.2728999853134	-0.079080188870482
1.2776000499725	-0.073566356837984
1.2822999954224	-0.070839574498197
1.2869999408722	-0.071447604042782
1.2917000055313	-0.075085082659350
1.2963999509811	-0.080690928754125
1.3011000156403	-0.086732833798861
1.3057999610901	-0.091620542141666
1.3105000257492	-0.094116555735578
1.3151999711990	-0.093672615368770
1.3199000358582	-0.090542581461796
1.3245999813080	-0.085697792066092
1.3293000459671	-0.080541445585046
1.3339999914169	-0.076513107122756
1.3387000560760	-0.074711032564679
1.3434000015259	-0.075602449079365
1.3480999469757	-0.078930472914372
1.3528000116348	-0.083793379444645
1.3574999570847	-0.088911126096900
1.3622000217438	-0.092978808818431
1.3668999671936	-0.095007226278341
1.3716000318527	-0.094595282394280
1.3762999773026	-0.092010242207461
1.3810000419617	-0.088107535054000
1.3856999874115	-0.084065095013743
1.3904000520706	-0.081071924409869
1.3950999975204	-0.079994373449637
1.3997999429703	-0.081163843354596
1.4045000076294	-0.084295391480866
1.4091999530792	-0.088597688428762
1.4139000177383	-0.092981341526978
1.4185999631882	-0.096371274752678
1.4233000278473	-0.097998042626339
1.4279999732971	-0.097586848898759
1.4327000379562	-0.095431282727453
1.4373999834061	-0.092290464027859
1.4421000480652	-0.089176222999504
1.4467999935150	-0.087058658298253
1.4515000581741	-0.086624574048875
1.4562000036240	-0.088085020628428
1.4608999490738	-0.091144879372243
1.4656000137329	-0.095084930451854
1.4702999591827	-0.098983812662624
1.4750000238419	-0.10195266883219
1.4796999692917	-0.10338593056839
1.4844000339508	-0.10312238479637
1.4890999794006	-0.10146563906025
1.4938000440598	-0.099100756545041
1.4984999895096	-0.096892262828546
1.5032000541687	-0.095652212906928
1.5078999996185	-0.095909312643275
1.5125999450684	-0.097787353219740
1.5173000097275	-0.10098266582343
1.5219999551773	-0.10485310533604
1.5267000198364	-0.10860097299588
1.5313999652863	-0.11149770620431
1.5361000299454	-0.11307243640321
1.5407999753952	-0.11324356700409
1.5455000400543	-0.11232385866539
1.5501999855042	-0.11093347627031
1.5549000501633	-0.10982019830939
1.5595999956131	-0.10965074967152
1.5642999410629	-0.11083998069703
1.5690000057220	-0.11344537226699
1.5736999511719	-0.11716166008406
1.5784000158310	-0.12141340528768
1.5830999612808	-0.12551151083405
1.5878000259399	-0.12886135215128
1.5924999713898	-0.13109939306855
1.5972000360489	-0.13220799250100
1.6018999814987	-0.13250555952278
1.6066000461578	-0.13255030244949
1.6112999916077	-0.13298677363455
1.6160000562668	-0.13437344028579
1.6207000017166	-0.13702930690270
1.6253999471664	-0.14095990880650
1.6301000118256	-0.14586195858240
1.6347999572754	-0.15121904293235
1.6395000219345	-0.15644042139875
1.6441999673843	-0.16102712122244
1.6489000320435	-0.16471295680723
1.6535999774933	-0.16752295800487
1.6583000421524	-0.16976632892969
1.6629999876022	-0.17195110584607
1.6677000522614	-0.17462995056567
1.6723999977112	-0.17826778338448
1.6770999431610	-0.18309930926402
1.6818000078201	-0.18908517955639
1.6864999532700	-0.19592484381771
1.6912000179291	-0.20314424862611
1.6958999633789	-0.21022538755907
1.7006000280380	-0.21674494667446
1.7052999734879	-0.22249349839704
1.7100000381470	-0.22752186114583
1.7146999835968	-0.23211523486525
1.7194000482559	-0.23671797115752
1.7240999937057	-0.24179639631887
1.7288000583649	-0.24771718873379
1.7335000038147	-0.25463417543178
1.7381999492645	-0.26245919211508
1.7429000139236	-0.27088351050428
1.7475999593735	-0.27944945944399
1.7523000240326	-0.28768498735330
1.7569999694824	-0.29522312025444
1.7617000341415	-0.30188458003422
1.7663999795914	-0.30772354599513
1.7711000442505	-0.31300297212479
1.7757999897003	-0.31810383440070
1.7805000543594	-0.32341351001195
1.7851999998093	-0.32921734435874
1.7898999452591	-0.33560769420760
1.7946000099182	-0.34246503404365
1.7992999553680	-0.34947898255463
1.8040000200272	-0.35623452519786
1.8086999654770	-0.36232483685611
1.8134000301361	-0.36744757209364
1.8180999755859	-0.37148733713235
1.8228000402451	-0.37453883283177
1.8274999856949	-0.37687130645538
1.8322000503540	-0.37885052863325
1.8368999958038	-0.38083429562757
1.8415999412537	-0.38307406280800
1.8463000059128	-0.38565002917881
1.8509999513626	-0.38845040233411
1.8557000160217	-0.39120859830935
1.8603999614716	-0.39358439248861
1.8651000261307	-0.39525427793760
1.8697999715805	-0.39600792591555
1.8745000362396	-0.39580616800128
1.8791999816895	-0.39478726633014
1.8839000463486	-0.39323512557251
1.8885999917984	-0.39150080203262
1.8933000564575	-0.38990804192326
1.8980000019073	-0.38867204322999
1.9026999473572	-0.38784413275052
1.9074000120163	-0.38731103874381
1.9120999574661	-0.38683589929447
1.9168000221252	-0.38611888034072
1.9214999675751	-0.38489876426760
1.9262000322342	-0.38302012367780
1.9308999776840	-0.38047918857265
1.9356000423431	-0.37742335405459
1.9402999877930	-0.37412073971544
1.9450000524521	-0.37087178532977
1.9496999979019	-0.36794787759952
1.9543999433517	-0.36550691411214
1.9591000080109	-0.36356183204757
1.9637999534607	-0.36198531926444
1.9685000181198	-0.36055017353573
1.9731999635696	-0.35899235042359
1.9779000282288	-0.35709071144494
1.9825999736786	-0.35472469267717
1.9873000383377	-0.35191262538265
1.9919999837875	-0.34879990696188
1.9967000484467	-0.34561733067357
2.0013999938965	-0.34262514532792
2.0060999393463	-0.34003178081866
2.0107998847961	-0.33794949415211
2.0155000686646	-0.33636271402038
2.0202000141144	-0.33513910841707
2.0248999595642	-0.33406755224111
2.0295999050140	-0.33292178418876
2.0343000888824	-0.33152305123263
2.0390000343323	-0.32978705362925
2.0436999797821	-0.32774731621371
2.0483999252319	-0.32554069665221
2.0531001091003	-0.32337424195690
2.0578000545502	-0.32145792118916
2.0625000000000	-0.31995828296345
2.0671999454498	-0.31894530305372
2.0718998908997	-0.31838842551699
2.0766000747681	-0.31815725922119
2.0813000202179	-0.31807248152769
2.0859999656677	-0.31794901192642
2.0906999111176	-0.31765235411745
2.0954000949860	-0.31713320514482
2.1001000404358	-0.31643831016391
2.1047999858856	-0.31569741271985
2.1094999313354	-0.31508187873875
2.1142001152039	-0.31476151439752
2.1189000606537	-0.31485536435773
2.1236000061035	-0.31540508274113
2.1282999515533	-0.31637083890991
2.1329998970032	-0.31764196176904
2.1377000808716	-0.31907685113268
2.1424000263214	-0.32054500962284
2.1470999717712	-0.32196259397219
2.1517999172211	-0.32331520850841
2.1565001010895	-0.32466300410185
2.1612000465393	-0.32611832273792
2.1658999919891	-0.32781397052800
2.1705999374390	-0.32986711662506
2.1752998828888	-0.33235587818982
2.1800000667572	-0.33529613814790
2.1847000122070	-0.33864787925685
2.1893999576569	-0.34234424896443
2.1940999031067	-0.34630823660314
2.1988000869751	-0.35048469917101
2.2035000324249	-0.35486128888846
2.2081999778748	-0.35947053991094
2.2128999233246	-0.36437814624321
2.2176001071930	-0.36966309027966
2.2223000526428	-0.37539687375408
2.2269999980927	-0.38162435283846
2.2316999435425	-0.38835863489667
2.2363998889923	-0.39560324193041
2.2411000728607	-0.40335992801121
2.2458000183105	-0.41166049074132
2.2504999637604	-0.42057233524433
2.2551999092102	-0.43019710905417
2.2599000930786	-0.44063018043993
2.2646000385284	-0.45191802089023
2.2692999839783	-0.46398208079210
2.2739999294281	-0.47657420915484
2.2787001132965	-0.48924465610407
2.2834000587463	-0.50134845039806
2.2881000041962	-0.51211684609344
2.2927999496460	-0.52076195163117
2.2974998950958	-0.52662358837835
2.3022000789642	-0.52931055426759
2.3069000244141	-0.52882203325656
2.3115999698639	-0.52560215315739
2.3162999153137	-0.52051916350119
2.3210000991821	-0.51475600022759
2.3257000446320	-0.50964588761023
2.3303999900818	-0.50647091000507
2.3350999355316	-0.50627561389078
2.3397998809814	-0.50971477271541
2.3445000648499	-0.51698386250660
2.3492000102997	-0.52782231223064
2.3538999557495	-0.54159507798782
2.3585999011993	-0.55743672555911
2.3633000850677	-0.57441616550991
2.3680000305176	-0.59170578487883
2.3726999759674	-0.60870646143651
2.3773999214172	-0.62511983807235
2.3821001052856	-0.64093579704926
2.3868000507355	-0.65636919713144
2.3914999961853	-0.67174208836295
2.3961999416351	-0.68735358290625
2.4008998870850	-0.70337756733722
2.4056000709534	-0.71980171987831
2.4103000164032	-0.73640951692687
2.4149999618530	-0.75284246455845
2.4196999073029	-0.76867448296289
2.4244000911713	-0.78351817063612
2.4291000366211	-0.79711174318697
2.4337999820709	-0.80936559553502
2.4384999275208	-0.82037208107072
2.4432001113892	-0.83035297795506
2.4479000568390	-0.83958754668843
2.4526000022888	-0.84832338434525
2.4572999477386	-0.85670350772464
2.4619998931885	-0.86472091858915
2.4667000770569	-0.87222816580866
2.4714000225067	-0.87897495840635
2.4760999679565	-0.88468518780601
2.4807999134064	-0.88913365130242
2.4855000972748	-0.89221448556654
2.4902000427246	-0.89397123310179
2.4948999881744	-0.89459069829587
2.4995999336243	-0.89435632500834
2.5043001174927	-0.89357903992316
2.5090000629425	-0.89252074576650
2.5137000083923	-0.89133869460861
2.5183999538422	-0.89005314034974
2.5230998992920	-0.88856165014819
2.5278000831604	-0.88668005298773
2.5325000286102	-0.88421116495657
2.5371999740601	-0.88101045535169
2.5418999195099	-0.87703696364232
2.5466001033783	-0.87237629614412
2.5513000488281	-0.86722807748087
2.5559999942780	-0.86185449227870
2.5606999397278	-0.85652222148582
2.5653998851776	-0.85144240068789
2.5701000690460	-0.84671327155159
2.5748000144958	-0.84231660010734
2.5794999599457	-0.83812427188804
2.5841999053955	-0.83394544007134
2.5889000892639	-0.82959065810111
2.5936000347137	-0.82492617394987
2.5982999801636	-0.81991674340414
2.6029999256134	-0.81463887737886
2.6077001094818	-0.80926594606934
2.6124000549316	-0.80401783260698
2.6171000003815	-0.79910927341025
2.6217999458313	-0.79469288564441
2.6264998912811	-0.79082000785395
2.6312000751495	-0.78743180979687
2.6359000205994	-0.78438207480730
2.6405999660492	-0.78147736093925
2.6452999114990	-0.77853244202462
2.6500000953674	-0.77542431084054
2.6547000408173	-0.77212241673424
2.6593999862671	-0.76870272836586
2.6640999317169	-0.76532028823258
2.6688001155853	-0.76217208857657
2.6735000610352	-0.75943699789285
2.6782000064850	-0.75723277317998
2.6828999519348	-0.75558346332095
2.6875998973846	-0.75441275092841
2.6923000812531	-0.75357002694570
2.6970000267029	-0.75286694986586
2.7016999721527	-0.75213228123558
2.7063999176025	-0.75126107924071
2.7111001014709	-0.75023537850055
2.7158000469208	-0.74913223231127
2.7204999923706	-0.74810280687617
2.7251999378204	-0.74732473382747
2.7298998832703	-0.74695762866293
2.7346000671387	-0.74709653512631
2.7393000125885	-0.74774840337036
2.7439999580383	-0.74882860197800
2.7486999034882	-0.75018647021116
2.7534000873566	-0.75164462657115
2.7581000328064	-0.75305017424828
2.7627999782562	-0.75431176356075
2.7674999237061	-0.75542904474650
2.7722001075745	-0.75648410886308
2.7769000530243	-0.75762598326885
2.7815999984741	-0.75902393319759
2.7862999439240	-0.76082113528205
2.7909998893738	-0.76309714412201
2.7957000732422	-0.76584607461458
2.8004000186920	-0.76897709938979
2.8050999641418	-0.77234237994743
2.8097999095917	-0.77577527402439
2.8145000934601	-0.77913686989546
2.8192000389099	-0.78235319046279
2.8238999843597	-0.78543400766739
2.8285999298096	-0.78847342806313
2.8333001136780	-0.79161787965061
2.8380000591278	-0.79502974247175
2.8427000045776	-0.79884139567793
2.8473999500275	-0.80312226655357
2.8520998954773	-0.80785597138288
2.8568000793457	-0.81294781063067
2.8615000247955	-0.81825296490454
2.8661999702454	-0.82361456761323
2.8708999156952	-0.82890727777863
2.8756000995636	-0.83407056716974
2.8803000450134	-0.83912578278196
2.8849999904633	-0.84417355363892
2.8896999359131	-0.84935879416629
2.8943998813629	-0.85483915652574
2.8991000652313	-0.86073702730543
2.9038000106812	-0.86710823921691
2.9084999561310	-0.87392755258461
2.9131999015808	-0.88109758231135
2.9179000854492	-0.88847443021489
2.9226000308990	-0.89590801632365
2.9272999763489	-0.90328299626372
2.9319999217987	-0.91055273066895
2.9367001056671	-0.91774828781325
2.9414000511169	-0.92497425347962
2.9460999965668	-0.93237666013524
2.9507999420166	-0.94010476889174
2.9554998874664	-0.94826996141577
2.9602000713348	-0.95691700926386
2.9649000167847	-0.96600844510995
2.9695999622345	-0.97543619634959
2.9742999076843	-0.98505707731466
2.9790000915527	-0.99471951006154
2.9837000370026	-1.0043153799414
2.9883999824524	-1.0138048193881
2.9930999279022	-1.0232241968069
2.9978001117706	-1.0326800894368
3.0025000572205	-1.0423150701428
3.0072000026703	-1.0522710075082
3.0118999481201	-1.0626448754517
3.0165998935699	-1.0734668150310
3.0213000774384	-1.0846848942802
3.0260000228882	-1.0961809609458
3.0306999683380	-1.1077993920333
3.0353999137878	-1.1193883762234
3.0401000976562	-1.1308394461134
3.0448000431061	-1.1421110510680
3.0494999885559	-1.1532431653765
3.0541999340057	-1.1643370249809
3.0589001178741	-1.1755287333068
3.0636000633240	-1.1869437737154
3.0683000087738	-1.1986636394146
3.0729999542236	-1.2106962002692
3.0776998996735	-1.2229691870614
3.0824000835419	-1.2353484877243
3.0871000289917	-1.2476641936416
3.0917999744415	-1.2597583060009
3.0964999198914	-1.2715195308928
3.1012001037598	-1.2829075715836
3.1059000492096	-1.2939619473654
3.1105999946594	-1.3047839367457
3.1152999401093	-1.3154983620783
3.1199998855591	-1.3262238113992
3.1247000694275	-1.3370212738756
3.1294000148773	-1.3478792216139
3.1340999603271	-1.3587109463928
3.1387999057770	-1.3693633695988
3.1435000896454	-1.3796658977331
3.1482000350952	-1.3894580164703
3.1528999805450	-1.3986353544705
3.1575999259949	-1.4071713459699
3.1623001098633	-1.4151201515159
3.1670000553131	-1.4225900262379
3.1717000007629	-1.4297187422116
3.1763999462128	-1.4366207460007
3.1810998916626	-1.4433623981721
3.1858000755310	-1.4499286470621
3.1905000209808	-1.4562318711932
3.1951999664307	-1.4621316615866
3.1998999118805	-1.4674718784630
3.2046000957489	-1.4721209482678
3.2093000411987	-1.4760081584198
3.2139999866486	-1.4791460474066
3.2186999320984	-1.4816267897049
3.2234001159668	-1.4835975664119
3.2281000614166	-1.4852238778009
3.2328000068665	-1.4866479412815
3.2374999523163	-1.4879547598200
3.2421998977661	-1.4891535681149
3.2469000816345	-1.4901826180169
3.2516000270844	-1.4909360847896
3.2562999725342	-1.4912956142780
3.2609999179840	-1.4911807913525
3.2657001018524	-1.4905760859349
3.2704000473022	-1.4895482216926
3.2750999927521	-1.4882394653435
3.2797999382019	-1.4868450192851
3.2844998836517	-1.4855715670283
3.2892000675201	-1.4845996113424
3.2939000129700	-1.4840470082088
3.2985999584198	-1.4839600993100
3.3032999038696	-1.4843218909024
3.3080000877380	-1.4850710772952
3.3127000331879	-1.4861515131152
3.3173999786377	-1.4875451745539
3.3220999240875	-1.4893050685029
3.3268001079559	-1.4915686057582
3.3315000534058	-1.4945500375444
3.3361999988556	-1.4985160615730
3.3408999443054	-1.5037454649463
3.3455998897552	-1.5104915790268
3.3503000736237	-1.5189583459583
3.3550000190735	-1.5292808401061
3.3596999645233	-1.5415448596339
3.3643999099731	-1.5558047740726
3.3691000938416	-1.5721281933814
3.3738000392914	-1.5906336406676
3.3784999847412	-1.6115180458411
3.3831999301910	-1.6350713852368
3.3879001140594	-1.6616667892212
3.3926000595093	-1.6917309236866
3.3973000049591	-1.7257106712646
3.4019999504089	-1.7640191177522
3.4066998958588	-1.8070161765882
3.4114000797272	-1.8549736632407
3.4161000251770	-1.9080802193527
3.4207999706268	-1.9664486010955
3.4254999160767	-2.0301366011004
3.4302000999451	-2.0991668559599
3.4349000453949	-2.1735321730928
3.4395999908447	-2.2531852672994
3.4442999362946	-2.3379991962848
3.4489998817444	-2.4277117888480
3.4537000656128	-2.5218514502223
3.4584000110626	-2.6196735402165
3.4630999565125	-2.7200968909494
3.4677999019623	-2.8216896689967
3.4725000858307	-2.9226943357607
3.4772000312805	-3.0210954993077
3.4818999767303	-3.1147467350541
3.4865999221802	-3.2015222753671
3.4913001060486	-3.2794788582139
3.4960000514984	-3.3469960986515
3.5006999969482	-3.4028742769594
3.5053999423981	-3.4463843782722
3.5100998878479	-3.4772488767250
3.5148000717163	-3.4955899603999
3.5195000171661	-3.5018618681886
3.5241999626160	-3.4967760637303
3.5288999080658	-3.4812458042569
3.5336000919342	-3.4563517960115
3.5383000373840	-3.4233166825601
3.5429999828339	-3.3834711723198
3.5476999282837	-3.3382170753634
3.5524001121521	-3.2889728208595
3.5571000576019	-3.2370952775993
3.5618000030518	-3.1838095789336
3.5664999485016	-3.1301447817980
3.5711998939514	-3.0768951989275
3.5759000778198	-3.0246141432282
3.5806000232697	-2.9736393024289
3.5852999687195	-2.9241497528415
3.5899999141693	-2.8762324071462
3.5947000980377	-2.8299509422838
3.5994000434875	-2.7853946938514
3.6040999889374	-2.7427082242937
3.6087999343872	-2.7020826885998
3.6135001182556	-2.6637299785804
3.6182000637054	-2.6278359610940
3.6229000091553	-2.5945206505415
3.6275999546051	-2.5638070950996
3.6322999000549	-2.5356074774504
3.6370000839233	-2.5097476401099
3.6417000293732	-2.4859992253382
3.6463999748230	-2.4641352297553
3.6510999202728	-2.4439777930790
3.6558001041412	-2.4254306426324
3.6605000495911	-2.4085012243808
3.6651999950409	-2.3932793628474
3.6698999404907	-2.3799062541056
3.6745998859406	-2.3685254379305
3.6793000698090	-2.3592383906242
3.6840000152588	-2.3520654289073
3.6886999607086	-2.3469369791523
3.6933999061584	-2.3437055140967
3.6981000900269	-2.3421819857210
3.7028000354767	-2.3421799456217
3.7074999809265	-2.3435698350880
3.7121999263763	-2.3463098816341
3.7169001102448	-2.3504593987822
3.7216000556946	-2.3561694391198
3.7263000011444	-2.3636429809846
3.7309999465942	-2.3730897592401
3.7356998920441	-2.3846756822504
3.7404000759125	-2.3984861800161
3.7451000213623	-2.4145151052039
3.7497999668121	-2.4326719608743
3.7544999122620	-2.4528239067475
3.7592000961304	-2.4748365907784
3.7639000415802	-2.4986273155526
3.7685999870300	-2.5242060372014
3.7732999324799	-2.5516840038288
3.7780001163483	-2.5812623967608
3.7827000617981	-2.6131959296796
3.7874000072479	-2.6477400637422
3.7920999526978	-2.6850950568704
3.7967998981476	-2.7253619042720
3.8015000820160	-2.7685285202984
3.8062000274658	-2.8144709086018
3.8108999729156	-2.8629904979317
3.8155999183655	-2.9138649438497
3.8203001022339	-2.9668973035222
3.8250000476837	-3.0219607505509
3.8296999931335	-3.0790058836201
3.8343999385834	-3.1380516206589
3.8390998840332	-3.1991373222134
3.8438000679016	-3.2622589898930
3.8485000133514	-3.3273070921508
3.8531999588013	-3.3940125373780
3.8578999042511	-3.4619291784602
3.8626000881195	-3.5304464815942
3.8673000335693	-3.5988398861986
3.8719999790192	-3.6663451844476
3.8766999244690	-3.7322405948977
3.8814001083374	-3.7959118661609
3.8861000537872	-3.8568842912711
3.8907999992371	-3.9148234202330
3.8954999446869	-3.9694915893145
3.9001998901367	-4.0206837057545
3.9049000740051	-4.0681677120997
3.9096000194550	-4.1116422494593
3.9142999649048	-4.1507313368360
3.9189999103546	-4.1850258058944
3.9237000942230	-4.2141549694299
3.9284000396729	-4.2378751954259
3.9330999851227	-4.2561476804430
3.9377999305725	-4.2691775972618
3.9425001144409	-4.2774115327096
3.9472000598907	-4.2814751942215
3.9519000053406	-4.2820846014559
3.9565999507904	-4.2799438222528
3.9612998962402	-4.2756542348368
3.9660000801086	-4.2696656534815
3.9707000255585	-4.2622741280097
3.9753999710083	-4.2536620365097
3.9800999164581	-4.2439775152813
3.9848001003265	-4.2334112834732
3.9895000457764	-4.2222656723980
3.9941999912262	-4.2109885823674
3.9988999366760	-4.2001583209942
4.0036001205444	-4.1904321382294
4.0082998275757	-4.1824663737111
4.0130000114441	-4.1768392484840
4.0177001953125	-4.1739846163010
4.0223999023438	-4.1741664874698
4.0271000862122	-4.1774947302767
4.0317997932434	-4.1839826885973
4.0364999771118	-4.1936275985297
4.0412001609802	-4.2064982196738
4.0458998680115	-4.2228095960177
4.0506000518799	-4.2429553898117
4.0553002357483	-4.2675101201311
4.0599999427795	-4.2971779786804
4.0647001266479	-4.3327258585397
4.0693998336792	-4.3749033131193
4.0741000175476	-4.4243800203237
4.0788002014160	-4.4817133714181
4.0834999084473	-4.5473588460698
4.0882000923157	-4.6217224707198
4.0928997993469	-4.7052414480106
4.0975999832153	-4.7984727270730
4.1023001670837	-4.9021714271130
4.1069998741150	-5.0173283799892
4.1117000579834	-5.1451678390927
4.1163997650146	-5.2870695099453
4.1210999488831	-5.4444568398952
4.1258001327515	-5.6186452022461
4.1304998397827	-5.8106671613181
4.1352000236511	-6.0211228067526
4.1399002075195	-6.2500413853764
4.1445999145508	-6.4967960054578
4.1493000984192	-6.7600641358362
4.1539998054504	-7.0378375583305
4.1586999893188	-7.3274588105409
4.1634001731873	-7.6256960128937
4.1680998802185	-7.9287897638474
4.1728000640869	-8.2325069929875
4.1774997711182	-8.5321592099890
4.1821999549866	-8.8226432095881
4.1869001388550	-9.0985218209547
4.1915998458862	-9.3542087569640
4.1963000297546	-9.5842901407305
4.2010002136230	-9.7839590055669
4.2056999206543	-9.9495014821037
4.2104001045227	-10.078694614380
4.2150998115540	-10.170982817913
4.2197999954224	-10.227354919072
4.2245001792908	-10.249945416094
4.2291998863220	-10.241468420608
4.2339000701904	-10.204685404548
4.2385997772217	-10.142029282995
4.2432999610901	-10.055494284641
4.2480001449585	-9.9467671943122
4.2526998519897	-9.8175185001529
4.2574000358582	-9.6697111145096
4.2621002197266	-9.5058094936533
4.2667999267578	-9.3288020878167
4.2715001106262	-9.1420319728184
4.2761998176575	-8.9488973200578
4.2809000015259	-8.7525172064177
4.2856001853943	-8.5554564156475
4.2902998924255	-8.3595777807655
4.2950000762939	-8.1660417214384
4.2996997833252	-7.9754383548624
4.3043999671936	-7.7880032056558
4.3091001510620	-7.6038512469599
4.3137998580933	-7.4231735112665
4.3185000419617	-7.2463439117901
4.3232002258301	-7.0739271524082
4.3278999328613	-6.9065951290875
4.3326001167297	-6.7449769613434
4.3372998237610	-6.5895133973283
4.3420000076294	-6.4403385220846
4.3467001914978	-6.2972287362262
4.3513998985291	-6.1596451190825
4.3561000823975	-6.0268321279718
4.3607997894287	-5.8979772242158
4.3654999732971	-5.7723709295658
4.3702001571655	-5.6495376389328
4.3748998641968	-5.5292958672368
4.3796000480652	-5.4117490692427
4.3843002319336	-5.2971982581833
4.3889999389648	-5.1860127726437
4.3937001228333	-5.0784865056501
4.3983998298645	-4.9747312745167
4.4031000137329	-4.8746206150652
4.4078001976013	-4.7778018027716
4.4124999046326	-4.6837757234619
4.4172000885010	-4.5920144423931
4.4218997955322	-4.5020835774613
4.4265999794006	-4.4137557938700
4.4313001632690	-4.3270485470286
4.4359998703003	-4.2422182624812
4.4407000541687	-4.1596815687651
4.4454002380371	-4.0798992342563
4.4500999450684	-4.0032612223480
4.4548001289368	-3.9299777329605
4.4594998359680	-3.8600359012607
4.4642000198364	-3.7932074462122
4.4689002037048	-3.7291134816577
4.4735999107361	-3.6673250161513
4.4783000946045	-3.6074897458030
4.4829998016357	-3.5494190586328
4.4876999855042	-3.4931484445441
4.4924001693726	-3.4389351923420
4.4970998764038	-3.3871900678560
4.5018000602722	-3.3383899437686
4.5064997673035	-3.2929589076497
4.5111999511719	-3.2511768049802
4.5159001350403	-3.2131192617469
4.5205998420715	-3.1786633050073
4.5253000259399	-3.1475347123359
4.5300002098083	-3.1194033148696
4.5346999168396	-3.0939948563597
4.5394001007080	-3.0711896991518
4.5440998077393	-3.0510808058261
4.5487999916077	-3.0339842631693
4.5535001754761	-3.0203907984725
4.5581998825073	-3.0108644892585
4.5629000663757	-3.0059304204704
4.5675997734070	-3.0059625225504
4.5722999572754	-3.0111062306219
4.5770001411438	-3.0212529311862
4.5816998481750	-3.0360724096145
4.5864000320435	-3.0550936717998
4.5911002159119	-3.0778197849191
4.5957999229431	-3.1038372542043
4.6005001068115	-3.1329033250142
4.6051998138428	-3.1649824377105
4.6098999977112	-3.2002097151067
4.6146001815796	-3.2388064781403
4.6192998886108	-3.2809548589244
4.6240000724792	-3.3266710833423
4.6286997795105	-3.3757033881214
4.6333999633789	-3.4274899830707
4.6381001472473	-3.4811854194467
4.6427998542786	-3.5357635501130
4.6475000381470	-3.5901524037293
4.6522002220154	-3.6433886915776
4.6568999290466	-3.6947398509182
4.6616001129150	-3.7437488154885
4.6662998199463	-3.7902093322685
4.6710000038147	-3.8340463691665
4.6757001876831	-3.8751631761262
4.6803998947144	-3.9132779911735
4.6851000785828	-3.9478297638987
4.6897997856140	-3.9779466695352
4.6944999694824	-4.0025455406750
4.6992001533508	-4.0205001618168
4.7038998603821	-4.0308686663168
4.7086000442505	-4.0330966541340
4.7133002281189	-4.0271594288993
4.7179999351501	-4.0135827081829
4.7227001190186	-3.9933416435391
4.7273998260498	-3.9676633982512
4.7321000099182	-3.9378077859630
4.7368001937866	-3.9048448416362
4.7414999008179	-3.8695392752960
4.7462000846863	-3.8323095136979
4.7508997917175	-3.7933109581528
4.7555999755859	-3.7525829745411
4.7603001594543	-3.7102254158216
4.7649998664856	-3.6665499999597
4.7697000503540	-3.6221632518871
4.7744002342224	-3.5779547589810
4.7790999412537	-3.5349872550780
4.7838001251221	-3.4943405579306
4.7884998321533	-3.4569191528801
4.7932000160217	-3.4233068307608
4.7979001998901	-3.3936677392463
4.8025999069214	-3.3677699555969
4.8073000907898	-3.3450629505812
4.8119997978210	-3.3248504655596
4.8166999816895	-3.3064857865500
4.8214001655579	-3.2895445481138
4.8260998725891	-3.2739408368196
4.8308000564575	-3.2599488055188
4.8354997634888	-3.2481221920113
4.8401999473572	-3.2391389090412
4.8449001312256	-3.2336112648346
4.8495998382568	-3.2318975159073
4.8543000221252	-3.2339965878154
4.8590002059937	-3.2395149705343
4.8636999130249	-3.2477326937853
4.8684000968933	-3.2577740287863
4.8730998039246	-3.2688111557757
4.8777999877930	-3.2802668198985
4.8825001716614	-3.2919599442169
4.8871998786926	-3.3041496743920
4.8919000625610	-3.3174666954791
4.8965997695923	-3.3327347203576
4.9012999534607	-3.3507574134386
4.9060001373291	-3.3720925369483
4.9106998443604	-3.3968909725641
4.9154000282288	-3.4248411746681
4.9201002120972	-3.4552319210153
4.9247999191284	-3.4871199904331
4.9295001029968	-3.5195705957041
4.9341998100281	-3.5519170364696
4.9388999938965	-3.5839340911170
4.9436001777649	-3.6159227358044
4.9482998847961	-3.6486401755586
4.9530000686646	-3.6831130272984
4.9576997756958	-3.7203708660725
4.9623999595642	-3.7611707915117
4.9671001434326	-3.8057866988733
4.9717998504639	-3.8539150962841
4.9765000343323	-3.9047245928301
4.9812002182007	-3.9570616928513
4.9858999252319	-4.0097221828050
4.9906001091003	-4.0617840595368
4.9952998161316	-4.1128505464871
5.0000000000000	-4.1631748380977
#Parameters = {R_fat=48; R_glandular=38; R_skin_outer=50; T10=5; T15=7.5; T5=2.5; T_rad=4; T_x=10; T_y=0; T_z=75; Zc=65; skin_thickness=2; Mesh Pass=2}
#"Frequency / GHz"	"S1,1 (Mesh Pass=2) [Magnitude / dB]"
#-------------------------------------------------------
0.30000001192093	-8.7014084790175
0.30469998717308	-8.3839894145941
0.30939999222755	-8.1753045833194
0.31409999728203	-8.1305604990490
0.31880000233650	-8.2688543348701
0.32350000739098	-8.5762062238817
0.32820001244545	-9.0008056398551
0.33289998769760	-9.4411736514696
0.33759999275208	-9.7475711663500
0.34229999780655	-9.7777677761149
0.34700000286102	-9.5021234727223
0.35170000791550	-9.0419799658730
0.35640001296997	-8.5839198262186
0.36109998822212	-8.2845123959211
0.36579999327660	-8.2463664964827
0.37049999833107	-8.5410680382080
0.37520000338554	-9.2456224137262
0.37990000844002	-10.489346897413
0.38460001349449	-12.544250740721
0.38929998874664	-16.115153818070
0.39399999380112	-24.190632850840
0.39869999885559	-26.434115989367
0.40340000391006	-15.758610645777
0.40810000896454	-11.076290372653
0.41280001401901	-8.2327786512878
0.41749998927116	-6.3904729812488
0.42219999432564	-5.2165055311795
0.42689999938011	-4.5270233475122
0.43160000443459	-4.2005292939266
0.43630000948906	-4.1501274580085
0.44100001454353	-4.3100925876932
0.44569998979568	-4.6246313263425
0.45039999485016	-5.0359964900252
0.45509999990463	-5.4737789535921
0.45980000495911	-5.8527579535133
0.46450001001358	-6.0905799799391
0.46919998526573	-6.1443518989956
0.47389999032021	-6.0365084650083
0.47859999537468	-5.8397545676632
0.48330000042915	-5.6358235098865
0.48800000548363	-5.4846533478047
0.49270001053810	-5.4159264487655
0.49739998579025	-5.4330161826622
0.50209999084473	-5.5191374574764
0.50679999589920	-5.6425733096487
0.51150000095367	-5.7627537032558
0.51620000600815	-5.8399902530903
0.52090001106262	-5.8483043812328
0.52560001611710	-5.7852117598656
0.53030002117157	-5.6712924700780
0.53500002622604	-5.5396070146218
0.53969997167587	-5.4224485278263
0.54439997673035	-5.3422411487282
0.54909998178482	-5.3080827800302
0.55379998683929	-5.3160241477074
0.55849999189377	-5.3513394092492
0.56319999694824	-5.3923948709424
0.56790000200272	-5.4163418173450
0.57260000705719	-5.4059948734613
0.57730001211166	-5.3554548411471
0.58200001716614	-5.2715781529825
0.58670002222061	-5.1704385355725
0.59140002727509	-5.0709960055027
0.59609997272491	-4.9891186290138
0.60079997777939	-4.9338444618818
0.60549998283386	-4.9060401110424
0.61019998788834	-4.8989603284719
0.61489999294281	-4.9003261894903
0.61959999799728	-4.8957429661065
0.62430000305176	-4.8729231739482
0.62900000810623	-4.8254723792277
0.63370001316071	-4.7546933853754
0.63840001821518	-4.6686072513564
0.64310002326965	-4.5787969471680
0.64780002832413	-4.4965921394860
0.65249997377396	-4.4299684909656
0.65719997882843	-4.3817976375658
0.66189998388290	-4.3495059025871
0.66659998893738	-4.3260316672041
0.67129999399185	-4.3018860955890
0.67599999904633	-4.2679512213967
0.68070000410080	-4.2182383012609
0.68540000915527	-4.1516506573126
0.69010001420975	-4.0720599916443
0.69480001926422	-3.9867647768481
0.69950002431870	-3.9040383045382
0.70420002937317	-3.8307008098273
0.70889997482300	-3.7703638955090
0.71359997987747	-3.7226547015781
0.71829998493195	-3.6834944770686
0.72299998998642	-3.6463394922984
0.72769999504089	-3.6041284330227
0.73240000009537	-3.5514369906769
0.73710000514984	-3.4861100867164
0.74180001020432	-3.4098179715652
0.74650001525879	-3.3273534870476
0.75120002031326	-3.2450115775928
0.75590002536774	-3.1686707462809
0.76059997081757	-3.1021518915760
0.76529997587204	-3.0462457538140
0.76999998092651	-2.9986051900067
0.77469998598099	-2.9545020591559
0.77939999103546	-2.9082788249048
0.78409999608994	-2.8551133297291
0.78880000114441	-2.7925276552516
0.79350000619888	-2.7211247133366
0.79820001125336	-2.6443084719242
0.80290001630783	-2.5671388170995
0.80760002136230	-2.4947413059426
0.81230002641678	-2.4307800529304
0.81699997186661	-2.3764408105327
0.82169997692108	-2.3301478152034
0.82639998197556	-2.2880990670446
0.83109998703003	-2.2454972713606
0.83579999208450	-2.1981196958676
0.84049999713898	-2.1437212010914
0.84520000219345	-2.0827973302934
0.84990000724792	-2.0184181632968
0.85460001230240	-1.9552250037761
0.85930001735687	-1.8979714341318
0.86400002241135	-1.8500336098310
0.86870002746582	-1.8124118008626
0.87339997291565	-1.7834393321195
0.87809997797012	-1.7593662804637
0.88279998302460	-1.7356122273771
0.88749998807907	-1.7083686760092
0.89219999313354	-1.6759973593935
0.89689999818802	-1.6397213898647
0.90160000324249	-1.6033465402594
0.90630000829697	-1.5721177152058
0.91100001335144	-1.5510995845039
0.91570001840591	-1.5436111205634
0.92040002346039	-1.5502375117050
0.92510002851486	-1.5686803116480
0.92979997396469	-1.5946258923476
0.93449997901917	-1.6233438602498
0.93919998407364	-1.6515986877234
0.94389998912811	-1.6792039492298
0.94859999418259	-1.7096474986273
0.95329999923706	-1.7495002058260
0.95800000429153	-1.8068250932461
0.96270000934601	-1.8890979565790
0.96740001440048	-2.0013671072998
0.97210001945496	-2.1452382329577
0.97680002450943	-2.3190940517465
0.98150002956390	-2.5195915948844
0.98619997501373	-2.7442286738897
0.99089998006821	-2.9942899878868
0.99559998512268	-3.2773807487460
1.0003000497818	-3.6086154212047
1.0049999952316	-4.0102090406076
1.0096999406815	-4.5097995683335
1.0144000053406	-5.1385387332563
1.0190999507904	-5.9300342989784
1.0238000154495	-6.9207604665336
1.0284999608994	-8.1512276895003
1.0332000255585	-9.6636026976794
1.0378999710083	-11.478070400575
1.0426000356674	-13.480659782011
1.0472999811172	-15.075995868901
1.0520000457764	-15.092923808207
1.0566999912262	-13.474275463395
1.0614000558853	-11.390234656954
1.0661000013351	-9.4837503705324
1.0707999467850	-7.8878918947677
1.0755000114441	-6.5877557044302
1.0801999568939	-5.5423120872288
1.0849000215530	-4.7104482284870
1.0895999670029	-4.0538599085463
1.0943000316620	-3.5361860586448
1.0989999771118	-3.1230142178371
1.1037000417709	-2.7834716365595
1.1083999872208	-2.4926431650176
1.1131000518799	-2.2335884657763
1.1177999973297	-1.9978804014014
1.1224999427795	-1.7842849278804
1.1272000074387	-1.5959650092858
1.1318999528885	-1.4371818849799
1.1366000175476	-1.3104418991757
1.1412999629974	-1.2147734951329
1.1460000276566	-1.1453824848165
1.1506999731064	-1.0945614932070
1.1554000377655	-1.0534970989352
1.1600999832153	-1.0143948610627
1.1648000478745	-0.97230149079493
1.1694999933243	-0.92601015481088
1.1742000579834	-0.87781862011916
1.1789000034332	-0.83226594291794
1.1835999488831	-0.79430417508058
1.1883000135422	-0.76758733028795
1.1929999589920	-0.75331905823651
1.1977000236511	-0.74994767495401
1.2023999691010	-0.75371183489762
1.2071000337601	-0.75980093338348
1.2117999792099	-0.76375103139838
1.2165000438690	-0.76271627915648
1.2211999893188	-0.75617381970349
1.2259000539780	-0.74588801661729
1.2305999994278	-0.73516499766904
1.2352999448776	-0.72768209848472
1.2400000095367	-0.72631321639796
1.2446999549866	-0.73228388732020
1.2494000196457	-0.74488902337114
1.2540999650955	-0.76180498357959
1.2588000297546	-0.77983914767594
1.2634999752045	-0.79592043524157
1.2682000398636	-0.80800102757217
1.2728999853134	-0.81561842567228
1.2776000499725	-0.81993126699974
1.2822999954224	-0.82327802434157
1.2869999408722	-0.82837578890415
1.2917000055313	-0.83746337066489
1.2963999509811	-0.85166099914679
1.3011000156403	-0.87070036018103
1.3057999610901	-0.89307534593717
1.3105000257492	-0.91655623066298
1.3151999711990	-0.93888382255247
1.3199000358582	-0.95844617534588
1.3245999813080	-0.97474007954040
1.3293000459671	-0.98847156935090
1.3339999914169	-1.0012874874568
1.3387000560760	-1.0152280311672
1.3434000015259	-1.0320990109941
1.3480999469757	-1.0529529840197
1.3528000116348	-1.0778282706320
1.3574999570847	-1.1057944816738
1.3622000217438	-1.1352820536613
1.3668999671936	-1.1645792881964
1.3716000318527	-1.1923544339122
1.3762999773026	-1.2180473275411
1.3810000419617	-1.2420145994957
1.3856999874115	-1.2653970391213
1.3904000520706	-1.2897552441719
1.3950999975204	-1.3165992934795
1.3997999429703	-1.3469632553982
1.4045000076294	-1.3811436210206
1.4091999530792	-1.4186597302106
1.4139000177383	-1.4584450534762
1.4185999631882	-1.4991930592768
1.4233000278473	-1.5397647447012
1.4279999732971	-1.5795365571023
1.4327000379562	-1.6185817558150
1.4373999834061	-1.6576515555858
1.4421000480652	-1.6979475555578
1.4467999935150	-1.7407810616322
1.4515000581741	-1.7872090571321
1.4562000036240	-1.8377709717357
1.4608999490738	-1.8923752270992
1.4656000137329	-1.9503760755456
1.4702999591827	-2.0107929046126
1.4750000238419	-2.0726291061178
1.4796999692917	-2.1351890820815
1.4844000339508	-2.1982989324232
1.4890999794006	-2.2623800695834
1.4938000440598	-2.3283456755839
1.4984999895096	-2.3973602458541
1.5032000541687	-2.4705327942797
1.5078999996185	-2.5486459169247
1.5125999450684	-2.6319632320845
1.5173000097275	-2.7202076511772
1.5219999551773	-2.8126744083996
1.5267000198364	-2.9084698970505
1.5313999652863	-3.0068000667058
1.5361000299454	-3.1072417106606
1.5407999753952	-3.2098984770081
1.5455000400543	-3.3154213947587
1.5501999855042	-3.4248541531141
1.5549000501633	-3.5393799415540
1.5595999956131	-3.6600254213146
1.5642999410629	-3.7874050604578
1.5690000057220	-3.9215805051098
1.5736999511719	-4.0620725719959
1.5784000158310	-4.2080248049361
1.5830999612808	-4.3584797110612
1.5878000259399	-4.5126967365724
1.5924999713898	-4.6704230880132
1.5972000360489	-4.8320217592092
1.6018999814987	-4.9984373291396
1.6066000461578	-5.1709755030642
1.6112999916077	-5.3509761015449
1.6160000562668	-5.5394682858880
1.6207000017166	-5.7368987333419
1.6253999471664	-5.9430157985563
1.6301000118256	-6.1569570383026
1.6347999572754	-6.3775155475006
1.6395000219345	-6.6035326507316
1.6441999673843	-6.8343084831379
1.6489000320435	-7.0698909620492
1.6535999774933	-7.3111695557392
1.6583000421524	-7.5597017138514
1.6629999876022	-7.8173416219852
1.6677000522614	-8.0857524824207
1.6723999977112	-8.3659620964895
1.6770999431610	-8.6580750128993
1.6818000078201	-8.9612608416384
1.6864999532700	-9.2740151802299
1.6912000179291	-9.5946743745029
1.6958999633789	-9.9220320916536
1.7006000280380	-10.255877369208
1.7052999734879	-10.597270991177
1.7100000381470	-10.948445159743
1.7146999835968	-11.312315454492
1.7194000482559	-11.691792038827
1.7240999937057	-12.089024362762
1.7288000583649	-12.504841482805
1.7335000038147	-12.938566354357
1.7381999492645	-13.388289039011
1.7429000139236	-13.851599192075
1.7475999593735	-14.326618222095
1.7523000240326	-14.812990662418
1.7569999694824	-15.312556591663
1.7617000341415	-15.829355341176
1.7663999795914	-16.368923015432
1.7711000442505	-16.937002904628
1.7757999897003	-17.538053159299
1.7805000543594	-18.173845834901
1.7851999998093	-18.842623398675
1.7898999452591	-19.539043034298
1.7946000099182	-20.255097441385
1.7992999553680	-20.981907300188
1.8040000200272	-21.711760906841
1.8086999654770	-22.439184990383
1.8134000301361	-23.159787718612
1.8180999755859	-23.865947933452
1.8228000402451	-24.539868147905
1.8274999856949	-25.146408838794
1.8322000503540	-25.631320902181
1.8368999958038	-25.932407314699
1.8415999412537	-26.005407092701
1.8463000059128	-25.849424333526
1.8509999513626	-25.508783624882
1.8557000160217	-25.049235708883
1.8603999614716	-24.530530365195
1.8651000261307	-23.992592220150
1.8697999715805	-23.455365997557
1.8745000362396	-22.925212731137
1.8791999816895	-22.402336864379
1.8839000463486	-21.886486424392
1.8885999917984	-21.379992917344
1.8933000564575	-20.888172600447
1.8980000019073	-20.417898361200
1.9026999473572	-19.975528772559
1.9074000120163	-19.565115730083
1.9120999574661	-19.187480231085
1.9168000221252	-18.840189390587
1.9214999675751	-18.518377170354
1.9262000322342	-18.216070992912
1.9308999776840	-17.927692660224
1.9356000423431	-17.649341610702
1.9402999877930	-17.379485623115
1.9450000524521	-17.118912323298
1.9496999979019	-16.869976970863
1.9543999433517	-16.635522799612
1.9591000080109	-16.417743577368
1.9637999534607	-16.217414555249
1.9685000181198	-16.033579600197
1.9731999635696	-15.863768972017
1.9779000282288	-15.704636195758
1.9825999736786	-15.552826149972
1.9873000383377	-15.405813427473
1.9919999837875	-15.262484090496
1.9967000484467	-15.123267379399
2.0013999938965	-14.989819568834
2.0060999393463	-14.864361581123
2.0107998847961	-14.748912650338
2.0155000686646	-14.644641237683
2.0202000141144	-14.551505299689
2.0248999595642	-14.468254203781
2.0295999050140	-14.392775429742
2.0343000888824	-14.322678089270
2.0390000343323	-14.255944371608
2.0436999797821	-14.191465001879
2.0483999252319	-14.129295613105
2.0531001091003	-14.070564266061
2.0578000545502	-14.017067471923
2.0625000000000	-13.970695779755
2.0671999454498	-13.932862589823
2.0718998908997	-13.904089616054
2.0766000747681	-13.883867017915
2.0813000202179	-13.870793019806
2.0859999656677	-13.862971710754
2.0906999111176	-13.858540440337
2.0954000949860	-13.856193652238
2.1001000404358	-13.855533514239
2.1047999858856	-13.857164328815
2.1094999313354	-13.862483564444
2.1142001152039	-13.873253239703
2.1189000606537	-13.891087406234
2.1236000061035	-13.916978253658
2.1282999515533	-13.951019661119
2.1329998970032	-13.992365322424
2.1377000808716	-14.039452647072
2.1424000263214	-14.090414601353
2.1470999717712	-14.143590583021
2.1517999172211	-14.197966019667
2.1565001010895	-14.253448993575
2.1612000465393	-14.310844446115
2.1658999919891	-14.371613141486
2.1705999374390	-14.437399150423
2.1752998828888	-14.509537308379
2.1800000667572	-14.588635682267
2.1847000122070	-14.674346618120
2.1893999576569	-14.765391190164
2.1940999031067	-14.859845885570
2.1988000869751	-14.955578086464
2.2035000324249	-15.050773059725
2.2081999778748	-15.144361409905
2.2128999233246	-15.236211732714
2.2176001071930	-15.327117846641
2.2223000526428	-15.418430895096
2.2269999980927	-15.511599116083
2.2316999435425	-15.607632403676
2.2363998889923	-15.706694710679
2.2411000728607	-15.807930967973
2.2458000183105	-15.909524877828
2.2504999637604	-16.009050838744
2.2551999092102	-16.103988256974
2.2599000930786	-16.192254498285
2.2646000385284	-16.272687845317
2.2692999839783	-16.345207456655
2.2739999294281	-16.410756443222
2.2787001132965	-16.470893368492
2.2834000587463	-16.527274327512
2.2881000041962	-16.581107835264
2.2927999496460	-16.632740190921
2.2974998950958	-16.681494337723
2.3022000789642	-16.725785089038
2.3069000244141	-16.763519504765
2.3115999698639	-16.792622590681
2.3162999153137	-16.811621793264
2.3210000991821	-16.820093061602
2.3257000446320	-16.818794153891
2.3303999900818	-16.809526464049
2.3350999355316	-16.794696974902
2.3397998809814	-16.776744785595
2.3445000648499	-16.757559894341
2.3492000102997	-16.738107003188
2.3538999557495	-16.718262028085
2.3585999011993	-16.696998344538
2.3633000850677	-16.672769432293
2.3680000305176	-16.644073340700
2.3726999759674	-16.610009290536
2.3773999214172	-16.570636573752
2.3821001052856	-16.527101991410
2.3868000507355	-16.481424610613
2.3914999961853	-16.436024343941
2.3961999416351	-16.393180190517
2.4008998870850	-16.354498485948
2.4056000709534	-16.320600415820
2.4103000164032	-16.291048414478
2.4149999618530	-16.264582743523
2.4196999073029	-16.239544878958
2.4244000911713	-16.214450638050
2.4291000366211	-16.188457872477
2.4337999820709	-16.161696318489
2.4384999275208	-16.135271989085
2.4432001113892	-16.111013013940
2.4479000568390	-16.090989210920
2.4526000022888	-16.076992195958
2.4572999477386	-16.070077077675
2.4619998931885	-16.070339278952
2.4667000770569	-16.076937808578
2.4714000225067	-16.088367910823
2.4760999679565	-16.102924816713
2.4807999134064	-16.119235911598
2.4855000972748	-16.136680754641
2.4902000427246	-16.155588479332
2.4948999881744	-16.177198474830
2.4995999336243	-16.203291048933
2.5043001174927	-16.235750227337
2.5090000629425	-16.276029479363
2.5137000083923	-16.324787768648
2.5183999538422	-16.381752689836
2.5230998992920	-16.445799191322
2.5278000831604	-16.515324908544
2.5325000286102	-16.588694435813
2.5371999740601	-16.664758947080
2.5418999195099	-16.743225337134
2.5466001033783	-16.824749855808
2.5513000488281	-16.910816849302
2.5559999942780	-17.003312215220
2.5606999397278	-17.104054304378
2.5653998851776	-17.214274069977
2.5701000690460	-17.334327299823
2.5748000144958	-17.463579414627
2.5794999599457	-17.600616606831
2.5841999053955	-17.743622716200
2.5889000892639	-17.890917005754
2.5936000347137	-18.041444348768
2.5982999801636	-18.195098498805
2.6029999256134	-18.352791369677
2.6077001094818	-18.516191859002
2.6124000549316	-18.687274047474
2.6171000003815	-18.867735700729
2.6217999458313	-19.058495748726
2.6264998912811	-19.259369899499
2.6312000751495	-19.469016730610
2.6359000205994	-19.685169156325
2.6405999660492	-19.905097333083
2.6452999114990	-20.126181758917
2.6500000953674	-20.346456758666
2.6547000408173	-20.564932342080
2.6593999862671	-20.781597368735
2.6640999317169	-20.997108031413
2.6688001155853	-21.212208148817
2.6735000610352	-21.427058188001
2.6782000064850	-21.640656761196
2.6828999519348	-21.850499305277
2.6875998973846	-22.052532212258
2.6923000812531	-22.241489261886
2.6970000267029	-22.411478774205
2.7016999721527	-22.556810900891
2.7063999176025	-22.672757730022
2.7111001014709	-22.756132332258
2.7158000469208	-22.805556089231
2.7204999923706	-22.821311128191
2.7251999378204	-22.804880973823
2.7298998832703	-22.758317651531
2.7346000671387	-22.683656297210
2.7393000125885	-22.582461091247
2.7439999580383	-22.455662482108
2.7486999034882	-22.303645928279
2.7534000873566	-22.126633160486
2.7581000328064	-21.925229461848
2.7627999782562	-21.700943765235
2.7674999237061	-21.456432320332
2.7722001075745	-21.195595196292
2.7769000530243	-20.923148191229
2.7815999984741	-20.644071249151
2.7862999439240	-20.362856122509
2.7909998893738	-20.082938255358
2.7957000732422	-19.806315479704
2.8004000186920	-19.533512541242
2.8050999641418	-19.263845955817
2.8097999095917	-18.996003511069
2.8145000934601	-18.728662246692
2.8192000389099	-18.461103740192
2.8238999843597	-18.193562871708
2.8285999298096	-17.927291745935
2.8333001136780	-17.664259067724
2.8380000591278	-17.406655305174
2.8427000045776	-17.156323737541
2.8473999500275	-16.914298021506
2.8520998954773	-16.680577812585
2.8568000793457	-16.454186554846
2.8615000247955	-16.233481766981
2.8661999702454	-16.016657283259
2.8708999156952	-15.802254983128
2.8756000995636	-15.589580453074
2.8803000450134	-15.378850963533
2.8849999904633	-15.171073317438
2.8896999359131	-14.967704013086
2.8943998813629	-14.770165201978
2.8991000652313	-14.579411378047
2.9038000106812	-14.395624014475
2.9084999561310	-14.218174381291
2.9131999015808	-14.045803968037
2.9179000854492	-13.876984884170
2.9226000308990	-13.710368063108
2.9272999763489	-13.545149597308
2.9319999217987	-13.381276220428
2.9367001056671	-13.219420668536
2.9414000511169	-13.060715328243
2.9460999965668	-12.906385946277
2.9507999420166	-12.757348150655
2.9554998874664	-12.613917930532
2.9602000713348	-12.475728414167
2.9649000167847	-12.341816470714
2.9695999622345	-12.210939092454
2.9742999076843	-12.081918700727
2.9790000915527	-11.953996381521
2.9837000370026	-11.827032217941
2.9883999824524	-11.701525430204
2.9930999279022	-11.578422074583
2.9978001117706	-11.458799139645
3.0025000572205	-11.343516226187
3.0072000026703	-11.232946808132
3.0118999481201	-11.126861756020
3.0165998935699	-11.024502143078
3.0213000774384	-10.924805765926
3.0260000228882	-10.826737461852
3.0306999683380	-10.729588129028
3.0353999137878	-10.633185204410
3.0401000976562	-10.537921879004
3.0448000431061	-10.444610194511
3.0494999885559	-10.354213741321
3.0541999340057	-10.267534511675
3.0589001178741	-10.184956737763
3.0636000633240	-10.106331409657
3.0683000087738	-10.031021654081
3.0729999542236	-9.9580967934232
3.0776998996735	-9.8866248963424
3.0824000835419	-9.8159401837762
3.0871000289917	-9.7458602299775
3.0917999744415	-9.6767062952676
3.0964999198914	-9.6092050388306
3.1012001037598	-9.5442266292235
3.1059000492096	-9.4825203055888
3.1105999946594	-9.4244596418167
3.1152999401093	-9.3699395404983
3.1199998855591	-9.3183900674400
3.1247000694275	-9.2689659254009
3.1294000148773	-9.2208017161847
3.1340999603271	-9.1732717755327
3.1387999057770	-9.1261910133591
3.1435000896454	-9.0798442433302
3.1482000350952	-9.0348930508523
3.1528999805450	-8.9921591267552
3.1575999259949	-8.9523414663562
3.1623001098633	-8.9158055393154
3.1670000553131	-8.8824516989776
3.1717000007629	-8.8517524417467
3.1763999462128	-8.8229008478023
3.1810998916626	-8.7950713456259
3.1858000755310	-8.7676585689594
3.1905000209808	-8.7404666866709
3.1951999664307	-8.7137582585037
3.1998999118805	-8.6881511262639
3.2046000957489	-8.6644165509165
3.2093000411987	-8.6432149259496
3.2139999866486	-8.6248795644452
3.2186999320984	-8.6092970174968
3.2234001159668	-8.5959277438307
3.2281000614166	-8.5839726399812
3.2328000068665	-8.5725939657410
3.2374999523163	-8.5611841481130
3.2421998977661	-8.5495259807228
3.2469000816345	-8.5378458119551
3.2516000270844	-8.5267173702119
3.2562999725342	-8.5168471829414
3.2609999179840	-8.5088221455065
3.2657001018524	-8.5028924558693
3.2704000473022	-8.4988592890799
3.2750999927521	-8.4960941163766
3.2797999382019	-8.4937118591846
3.2844998836517	-8.4908153267150
3.2892000675201	-8.4867228070272
3.2939000129700	-8.4811607593399
3.2985999584198	-8.4742938813243
3.3032999038696	-8.4666142081455
3.3080000877380	-8.4587187102655
3.3127000331879	-8.4510516657791
3.3173999786377	-8.4436919893584
3.3220999240875	-8.4362411238716
3.3268001079559	-8.4278870100753
3.3315000534058	-8.4175756149488
3.3361999988556	-8.4042680628116
3.3408999443054	-8.3872041448135
3.3455998897552	-8.3660519836680
3.3503000736237	-8.3409341926001
3.3550000190735	-8.3122827504534
3.3596999645233	-8.2806123109004
3.3643999099731	-8.2462389486111
3.3691000938416	-8.2091000148480
3.3738000392914	-8.1686819948966
3.3784999847412	-8.1241030369323
3.3831999301910	-8.0743408415873
3.3879001140594	-8.0185087096230
3.3926000595093	-7.9560879208256
3.3973000049591	-7.8870660593256
3.4019999504089	-7.8118959175213
3.4066998958588	-7.7313345217176
3.4114000797272	-7.6461754195536
3.4161000251770	-7.5570164264810
3.4207999706268	-7.4640863560929
3.4254999160767	-7.3672460802388
3.4302000999451	-7.2661046176399
3.4349000453949	-7.1602475800946
3.4395999908447	-7.0494816622920
3.4442999362946	-6.9340115434986
3.4489998817444	-6.8144957486984
3.4537000656128	-6.6919538016418
3.4584000110626	-6.5675824926601
3.4630999565125	-6.4425109408796
3.4677999019623	-6.3175975258257
3.4725000858307	-6.1933239251258
3.4772000312805	-6.0698245579031
3.4818999767303	-5.9470054235229
3.4865999221802	-5.8247407562355
3.4913001060486	-5.7030733944190
3.4960000514984	-5.5823248087308
3.5006999969482	-5.4631244592217
3.5053999423981	-5.3463248889440
3.5100998878479	-5.2328305714206
3.5148000717163	-5.1234233809536
3.5195000171661	-5.0185993614634
3.5241999626160	-4.9185124635761
3.5288999080658	-4.8230007394463
3.5336000919342	-4.7317033342505
3.5383000373840	-4.6442215444806
3.5429999828339	-4.5602820428782
3.5476999282837	-4.4798450767416
3.5524001121521	-4.4031212348465
3.5571000576019	-4.3305109914502
3.5618000030518	-4.2624784920652
3.5664999485016	-4.1994007230416
3.5711998939514	-4.1414364688644
3.5759000778198	-4.0884745657233
3.5806000232697	-4.0401434712266
3.5852999687195	-3.9959115705713
3.5899999141693	-3.9552279930501
3.5947000980377	-3.9176514563020
3.5994000434875	-3.8829625961104
3.6040999889374	-3.8511895792976
3.6087999343872	-3.8225577612385
3.6135001182556	-3.7973860191394
3.6182000637054	-3.7759512453904
3.6229000091553	-3.7583643863771
3.6275999546051	-3.7445055461558
3.6322999000549	-3.7340260689972
3.6370000839233	-3.7264241259177
3.6417000293732	-3.7211723297947
3.6463999748230	-3.7178381197679
3.6510999202728	-3.7161949691609
3.6558001041412	-3.7162609394013
3.6605000495911	-3.7182603817434
3.6651999950409	-3.7225304873116
3.6698999404907	-3.7293909307408
3.6745998859406	-3.7390191543670
3.6793000698090	-3.7513738622457
3.6840000152588	-3.7661919058765
3.6886999607086	-3.7830444268077
3.6933999061584	-3.8014499564394
3.6981000900269	-3.8210118937055
3.7028000354767	-3.8415193721046
3.7074999809265	-3.8630039044903
3.7121999263763	-3.8857166660627
3.7169001102448	-3.9100335658375
3.7216000556946	-3.9363330553275
3.7263000011444	-3.9648650611058
3.7309999465942	-3.9956605514395
3.7356998920441	-4.0285181074577
3.7404000759125	-4.0630517218391
3.7451000213623	-4.0988053630415
3.7497999668121	-4.1353833022389
3.7544999122620	-4.1725767555330
3.7592000961304	-4.2104192317195
3.7639000415802	-4.2491781856430
3.7685999870300	-4.2892691980193
3.7732999324799	-4.3311194992732
3.7780001163483	-4.3750357276170
3.7827000617981	-4.4210996426099
3.7874000072479	-4.4691366611820
3.7920999526978	-4.5187637710127
3.7967998981476	-4.5695027648176
3.8015000820160	-4.6209213077648
3.8062000274658	-4.6727759703708
3.8108999729156	-4.7250803180509
3.8155999183655	-4.7781052012309
3.8203001022339	-4.8322916231482
3.8250000476837	-4.8881110416892
3.8296999931335	-4.9459103271143
3.8343999385834	-5.0057904963010
3.8390998840332	-5.0675655946874
3.8438000679016	-5.1308028061811
3.8485000133514	-5.1949475375468
3.8531999588013	-5.2594829591324
3.8578999042511	-5.3240823218148
3.8626000881195	-5.3887102007639
3.8673000335693	-5.4536195679865
3.8719999790192	-5.5192651538906
3.8766999244690	-5.5861404638089
3.8814001083374	-5.6546039248180
3.8861000537872	-5.7247353242002
3.8907999992371	-5.7962778902481
3.8954999446869	-5.8686893712277
3.9001998901367	-5.9412733707000
3.9049000740051	-6.0133737192650
3.9096000194550	-6.0845530115703
3.9142999649048	-6.1547119956048
3.9189999103546	-6.2240892433627
3.9237000942230	-6.2931603457152
3.9284000396729	-6.3624477036253
3.9330999851227	-6.4323111634331
3.9377999305725	-6.5027820444599
3.9425001144409	-6.5735045879152
3.9472000598907	-6.6437947562758
3.9519000053406	-6.7128111882993
3.9565999507904	-6.7797832559017
3.9612998962402	-6.8442273364762
3.9660000801086	-6.9060746558399
3.9707000255585	-6.9656657304852
3.9753999710083	-7.0236105878031
3.9800999164581	-7.0805601923290
3.9848001003265	-7.1369604244564
3.9895000457764	-7.1928722587287
3.9941999912262	-7.2479170936902
3.9988999366760	-7.3013711936570
4.0036001205444	-7.3523803852144
4.0082998275757	-7.4002270803118
4.0130000114441	-7.4445691733289
4.0177001953125	-7.4855627805390
4.0223999023438	-7.5238176926215
4.0271000862122	-7.5602216580698
4.0317997932434	-7.5956580083112
4.0364999771118	-7.6307348106531
4.0412001609802	-7.6656063843099
4.0458998680115	-7.6999420789308
4.0506000518799	-7.7330564297829
4.0553002357483	-7.7641657159859
4.0599999427795	-7.7926802775237
4.0647001266479	-7.8184456605263
4.0693998336792	-7.8418388186350
4.0741000175476	-7.8636953483790
4.0788002014160	-7.8850852538427
4.0834999084473	-7.9070061606187
4.0882000923157	-7.9301060627773
4.0928997993469	-7.9545156571269
4.0975999832153	-7.9798433511612
4.1023001670837	-8.0053403038337
4.1069998741150	-8.0301816231705
4.1117000579834	-8.0537785689730
4.1163997650146	-8.0760143195472
4.1210999488831	-8.0973263192426
4.1258001327515	-8.1186099421451
4.1304998397827	-8.1409627861883
4.1352000236511	-8.1653704206324
4.1399002075195	-8.1924139643611
4.1445999145508	-8.2221109463765
4.1493000984192	-8.2539241762256
4.1539998054504	-8.2869523351724
4.1586999893188	-8.3202318584803
4.1634001731873	-8.3530695035198
4.1680998802185	-8.3852865731024
4.1728000640869	-8.4173026840749
4.1774997711182	-8.4500218762364
4.1821999549866	-8.4845597589087
4.1869001388550	-8.5218899103676
4.1915998458862	-8.5625465516691
4.1963000297546	-8.6064413939831
4.2010002136230	-8.6528844268604
4.2056999206543	-8.7007887347986
4.2104001045227	-8.7490044841046
4.2150998115540	-8.7966858049792
4.2197999954224	-8.8435570654158
4.2245001792908	-8.8900065225951
4.2291998863220	-8.9369550313331
4.2339000701904	-8.9855537062416
4.2385997772217	-9.0367896502273
4.2432999610901	-9.0911393733739
4.2480001449585	-9.1483789923289
4.2526998519897	-9.2075991496664
4.2574000358582	-9.2674394723713
4.2621002197266	-9.3264776583283
4.2667999267578	-9.3836374871232
4.2715001106262	-9.4385087205409
4.2761998176575	-9.4914377932657
4.2809000015259	-9.5433797588415
4.2856001853943	-9.5955356319217
4.2902998924255	-9.6489063396561
4.2950000762939	-9.7039014317011
4.2996997833252	-9.7601306170674
4.3043999671936	-9.8164487749043
4.3091001510620	-9.8712532158371
4.3137998580933	-9.9229451102164
4.3185000419617	-9.9704223139695
4.3232002258301	-10.013425666839
4.3278999328613	-10.052636869119
4.3326001167297	-10.089480088278
4.3372998237610	-10.125694983002
4.3420000076294	-10.162823372910
4.3467001914978	-10.201792348561
4.3513998985291	-10.242691714589
4.3561000823975	-10.284853686240
4.3607997894287	-10.327177023048
4.3654999732971	-10.368621624381
4.3702001571655	-10.408698647724
4.3748998641968	-10.447804079503
4.3796000480652	-10.487275659750
4.3843002319336	-10.529144342057
4.3889999389648	-10.575660448125
4.3937001228333	-10.628753230425
4.3983998298645	-10.689562600733
4.4031000137329	-10.758199835167
4.4078001976013	-10.833792578561
4.4124999046326	-10.914804572073
4.4172000885010	-10.999554360444
4.4218997955322	-11.086788352796
4.4265999794006	-11.176111209880
4.4313001632690	-11.268160181688
4.4359998703003	-11.364439469178
4.4407000541687	-11.466870783503
4.4454002380371	-11.577187577710
4.4500999450684	-11.696383721779
4.4548001289368	-11.824336466518
4.4594998359680	-11.959763280132
4.4642000198364	-12.100515971038
4.4689002037048	-12.244157801659
4.4735999107361	-12.388691271458
4.4783000946045	-12.533162165814
4.4829998016357	-12.677993600982
4.4876999855042	-12.824886998661
4.4924001693726	-12.976304896117
4.4970998764038	-13.134725106705
4.5018000602722	-13.301843510727
4.5064997673035	-13.477995324643
4.5111999511719	-13.661956775905
4.5159001350403	-13.851220429657
4.5205998420715	-14.042642720424
4.5253000259399	-14.233418607953
4.5300002098083	-14.421954945377
4.5346999168396	-14.608445945270
4.5394001007080	-14.794908235543
4.5440998077393	-14.984593132369
4.5487999916077	-15.181050550752
4.5535001754761	-15.386987331053
4.5581998825073	-15.603419176174
4.5629000663757	-15.829211704870
4.5675997734070	-16.061256100053
4.5722999572754	-16.295212402254
4.5770001411438	-16.526707938579
4.5816998481750	-16.752667465670
4.5864000320435	-16.972257338267
4.5911002159119	-17.187202542535
4.5957999229431	-17.401249570549
4.6005001068115	-17.618964844967
4.6051998138428	-17.844245687358
4.6098999977112	-18.078967689373
4.6146001815796	-18.322142586551
4.6192998886108	-18.569765040495
4.6240000724792	-18.815529657215
4.6286997795105	-19.052207230904
4.6333999633789	-19.273414202462
4.6381001472473	-19.475268035341
4.6427998542786	-19.657273188012
4.6475000381470	-19.822188945532
4.6522002220154	-19.974805616119
4.6568999290466	-20.120121021934
4.6616001129150	-20.261505084881
4.6662998199463	-20.399282769983
4.6710000038147	-20.530152695235
4.6757001876831	-20.647527130286
4.6803998947144	-20.742856302729
4.6851000785828	-20.807650585437
4.6897997856140	-20.835764063033
4.6944999694824	-20.825172189510
4.6992001533508	-20.778686902443
4.7038998603821	-20.703160463709
4.7086000442505	-20.607602653601
4.7133002281189	-20.500864226621
4.7179999351501	-20.389493168805
4.7227001190186	-20.276336995262
4.7273998260498	-20.160188399322
4.7321000099182	-20.036435132234
4.7368001937866	-19.898692111447
4.7414999008179	-19.741070805881
4.7462000846863	-19.560394826434
4.7508997917175	-19.357690545486
4.7555999755859	-19.138286558619
4.7603001594543	-18.910557066386
4.7649998664856	-18.683735832984
4.7697000503540	-18.465583007318
4.7744002342224	-18.260576151197
4.7790999412537	-18.069035715732
4.7838001251221	-17.887334922370
4.7884998321533	-17.709099710540
4.7932000160217	-17.527240502526
4.7979001998901	-17.336199364421
4.8025999069214	-17.133807862018
4.8073000907898	-16.922061497257
4.8119997978210	-16.706487968772
4.8166999816895	-16.494449421600
4.8214001655579	-16.292926802032
4.8260998725891	-16.106557240620
4.8308000564575	-15.936437695859
4.8354997634888	-15.779924174431
4.8401999473572	-15.631449930537
4.8449001312256	-15.484215406509
4.8495998382568	-15.332239751966
4.8543000221252	-15.172245397955
4.8590002059937	-15.004706395764
4.8636999130249	-14.833634505171
4.8684000968933	-14.665249509902
4.8730998039246	-14.505992089844
4.8777999877930	-14.360577607147
4.8825001716614	-14.230682440357
4.8871998786926	-14.114488141005
4.8919000625610	-14.007264697641
4.8965997695923	-13.902785828969
4.9012999534607	-13.795224724741
4.9060001373291	-13.681011670143
4.9106998443604	-13.559965998061
4.9154000282288	-13.435368880586
4.9201002120972	-13.312836804618
4.9247999191284	-13.198547196392
4.9295001029968	-13.097327982244
4.9341998100281	-13.011254977445
4.9388999938965	-12.939093115283
4.9436001777649	-12.876677965021
4.9482998847961	-12.818186342568
4.9530000686646	-12.757927240049
4.9576997756958	-12.692174168671
4.9623999595642	-12.620415387548
4.9671001434326	-12.545572260054
4.9717998504639	-12.473063437044
4.9765000343323	-12.409079493693
4.9812002182007	-12.358702374321
4.9858999252319	-12.324391965702
4.9906001091003	-12.305279935879
4.9952998161316	-12.297434925012
5.0000000000000	-12.294997123503
#Parameters = {R_fat=48; R_glandular=38; R_skin_outer=50; T10=5; T15=7.5; T5=2.5; T_rad=4; T_x=10; T_y=0; T_z=75; Zc=65; skin_thickness=2; Mesh Pass=3}
#"Frequency / GHz"	"S1,1 (Mesh Pass=3) [Magnitude / dB]"
#-------------------------------------------------------
0.30000001192093	-9.8435001867074
0.30469998717308	-10.238123336734
0.30939999222755	-10.672498966302
0.31409999728203	-11.037130743459
0.31880000233650	-11.214634948438
0.32350000739098	-11.144434652653
0.32820001244545	-10.873612167983
0.33289998769760	-10.533099364543
0.33759999275208	-10.268776131910
0.34229999780655	-10.197266060937
0.34700000286102	-10.402075828429
0.35170000791550	-10.949882438768
0.35640001296997	-11.911109171518
0.36109998822212	-13.374865113325
0.36579999327660	-15.416825724757
0.37049999833107	-17.750327493412
0.37520000338554	-18.481199500815
0.37990000844002	-16.167214179759
0.38460001349449	-13.166159566278
0.38929998874664	-10.698374325574
0.39399999380112	-8.8475804734640
0.39869999885559	-7.5243379980242
0.40340000391006	-6.6423605598892
0.40810000896454	-6.1308879204498
0.41280001401901	-5.9300300011194
0.41749998927116	-5.9875586018467
0.42219999432564	-6.2564416883857
0.42689999938011	-6.6907037032115
0.43160000443459	-7.2383538755014
0.43630000948906	-7.8324741295696
0.44100001454353	-8.3863529338035
0.44569998979568	-8.8048189790205
0.45039999485016	-9.0197300728408
0.45509999990463	-9.0292081360693
0.45980000495911	-8.8995202750152
0.46450001001358	-8.7250423285045
0.46919998526573	-8.5859877369872
0.47389999032021	-8.5302358212734
0.47859999537468	-8.5740293994281
0.48330000042915	-8.7084834608631
0.48800000548363	-8.9054141036068
0.49270001053810	-9.1225311613129
0.49739998579025	-9.3112729533088
0.50209999084473	-9.4297510834948
0.50679999589920	-9.4576927101416
0.51150000095367	-9.4043668167826
0.51620000600815	-9.3028736975095
0.52090001106262	-9.1949261926665
0.52560001611710	-9.1162500727525
0.53030002117157	-9.0885064127684
0.53500002622604	-9.1173037615413
0.53969997167587	-9.1935174658262
0.54439997673035	-9.2962703730607
0.54909998178482	-9.3976139967620
0.55379998683929	-9.4694965453581
0.55849999189377	-9.4921908015487
0.56319999694824	-9.4609351877924
0.56790000200272	-9.3870149111568
0.57260000705719	-9.2925127203428
0.57730001211166	-9.2019532069002
0.58200001716614	-9.1349945859351
0.58670002222061	-9.1022219652127
0.59140002727509	-9.1039108193299
0.59609997272491	-9.1308837721340
0.60079997777939	-9.1669736828964
0.60549998283386	-9.1930429126844
0.61019998788834	-9.1922372854392
0.61489999294281	-9.1551032612074
0.61959999799728	-9.0824558403611
0.62430000305176	-8.9845398553754
0.62900000810623	-8.8769961459303
0.63370001316071	-8.7756864319123
0.63840001821518	-8.6924143751614
0.64310002326965	-8.6324716303412
0.64780002832413	-8.5939711405957
0.65249997377396	-8.5686984073476
0.65719997882843	-8.5442669598141
0.66189998388290	-8.5073813288659
0.66659998893738	-8.4475991835093
0.67129999399185	-8.3604382659053
0.67599999904633	-8.2485570778716
0.68070000410080	-8.1205376881637
0.68540000915527	-7.9878917508365
0.69010001420975	-7.8616102807465
0.69480001926422	-7.7493723245038
0.69950002431870	-7.6539477687931
0.70420002937317	-7.5728411582944
0.70889997482300	-7.4991028006540
0.71359997987747	-7.4231680244199
0.71829998493195	-7.3354613014683
0.72299998998642	-7.2291415575968
0.72769999504089	-7.1020958904320
0.73240000009537	-6.9574431322567
0.73710000514984	-6.8023738085142
0.74180001020432	-6.6458885491030
0.74650001525879	-6.4962809418403
0.75120002031326	-6.3590972311597
0.75590002536774	-6.2359459141528
0.76059997081757	-6.1242624911668
0.76529997587204	-6.0180554464490
0.76999998092651	-5.9094961128381
0.77469998598099	-5.7910982440089
0.77939999103546	-5.6578937800141
0.78409999608994	-5.5089000560497
0.78880000114441	-5.3473679424007
0.79350000619888	-5.1797435710818
0.79820001125336	-5.0137939121485
0.80290001630783	-4.8565259258053
0.80760002136230	-4.7124596538697
0.81230002641678	-4.5825896628584
0.81699997186661	-4.4641843608976
0.82169997692108	-4.3515100676493
0.82639998197556	-4.2373541593254
0.83109998703003	-4.1150773527020
0.83579999208450	-3.9805954262482
0.84049999713898	-3.8336600554571
0.84520000219345	-3.6779818862329
0.84990000724792	-3.5201702968782
0.85460001230240	-3.3679115724119
0.85930001735687	-3.2279327158911
0.86400002241135	-3.1042837992746
0.86870002746582	-2.9972964085992
0.87339997291565	-2.9034651761521
0.87809997797012	-2.8162830644335
0.88279998302460	-2.7280246977014
0.88749998807907	-2.6319954767257
0.89219999313354	-2.5246486282910
0.89689999818802	-2.4068212469406
0.90160000324249	-2.2836527018509
0.90630000829697	-2.1632217078922
0.91100001335144	-2.0543433503895
0.91570001840591	-1.9642208449097
0.92040002346039	-1.8965204124821
0.92510002851486	-1.8502980579443
0.92979997396469	-1.8201071714588
0.93449997901917	-1.7973486956290
0.93919998407364	-1.7726967875465
0.94389998912811	-1.7390323270476
0.94859999418259	-1.6939655502851
0.95329999923706	-1.6410608473608
0.95800000429153	-1.5892566664322
0.96270000934601	-1.5506676235086
0.96740001440048	-1.5375047450980
0.97210001945496	-1.5590039166491
0.97680002450943	-1.6191186431910
0.98150002956390	-1.7155635019653
0.98619997501373	-1.8404930185493
0.99089998006821	-1.9829629187003
0.99559998512268	-2.1329006519368
1.0003000497818	-2.2857849508209
1.0049999952316	-2.4466793909357
1.0096999406815	-2.6322083259430
1.0144000053406	-2.8697778139189
1.0190999507904	-3.1947230867377
1.0238000154495	-3.6469844616536
1.0284999608994	-4.2693450328804
1.0332000255585	-5.1089179398096
1.0378999710083	-6.2236656320178
1.0426000356674	-7.6970348245736
1.0472999811172	-9.6688599902573
1.0520000457764	-12.406350976505
1.0566999912262	-16.469760652152
1.0614000558853	-22.177688118329
1.0661000013351	-20.124247877909
1.0707999467850	-14.683218766881
1.0755000114441	-11.075712625331
1.0801999568939	-8.5577063601820
1.0849000215530	-6.6987517315050
1.0895999670029	-5.2898271585508
1.0943000316620	-4.2165963820222
1.0989999771118	-3.4069020225660
1.1037000417709	-2.8073636343867
1.1083999872208	-2.3725080492633
1.1131000518799	-2.0605535927462
1.1177999973297	-1.8331521269759
1.1224999427795	-1.6573272132766
1.1272000074387	-1.5080776610720
1.1318999528885	-1.3701605674741
1.1366000175476	-1.2380715028321
1.1412999629974	-1.1139701089691
1.1460000276566	-1.0042652251825
1.1506999731064	-0.91590132990421
1.1554000377655	-0.85340988225873
1.1600999832153	-0.81727607929342
1.1648000478745	-0.80374688070720
1.1694999933243	-0.80581892033005
1.1742000579834	-0.81506583569963
1.1789000034332	-0.82371434619293
1.1835999488831	-0.82647777156799
1.1883000135422	-0.82161527501064
1.1929999589920	-0.81091248315971
1.1977000236511	-0.79866680390528
1.2023999691010	-0.79006478164481
1.2071000337601	-0.78951602776921
1.2117999792099	-0.79939593012506
1.2165000438690	-0.81952565596881
1.2211999893188	-0.84737565427320
1.2259000539780	-0.87891047133409
1.2305999994278	-0.90978664892424
1.2352999448776	-0.93652725743787
1.2400000095367	-0.95744885543337
1.2446999549866	-0.97296703093033
1.2494000196457	-0.98531100530719
1.2540999650955	-0.99771234527977
1.2588000297546	-1.0133716061745
1.2634999752045	-1.0345453464399
1.2682000398636	-1.0619620644448
1.2728999853134	-1.0947409107516
1.2776000499725	-1.1307311445734
1.2822999954224	-1.1671944332736
1.2869999408722	-1.2016095040008
1.2917000055313	-1.2323661313908
1.2963999509811	-1.2591736399843
1.3011000156403	-1.2830591419351
1.3057999610901	-1.3059991310079
1.3105000257492	-1.3302741207206
1.3151999711990	-1.3578108243262
1.3199000358582	-1.3896622715430
1.3245999813080	-1.4257727817572
1.3293000459671	-1.4650787948263
1.3339999914169	-1.5058617147107
1.3387000560760	-1.5462759584660
1.3434000015259	-1.5848839400296
1.3480999469757	-1.6210511198270
1.3528000116348	-1.6550950081987
1.3574999570847	-1.6881525433474
1.3622000217438	-1.7218211376502
1.3668999671936	-1.7576957454187
1.3716000318527	-1.7969239503372
1.3762999773026	-1.8399425765430
1.3810000419617	-1.8864000541715
1.3856999874115	-1.9353180525188
1.3904000520706	-1.9854099289306
1.3950999975204	-2.0354683492200
1.3997999429703	-2.0847220062260
1.4045000076294	-2.1330511982903
1.4091999530792	-2.1810131968346
1.4139000177383	-2.2296770272838
1.4185999631882	-2.2803244169839
1.4233000278473	-2.3341112732403
1.4279999732971	-2.3917796906077
1.4327000379562	-2.4535068508799
1.4373999834061	-2.5189116647457
1.4421000480652	-2.5872092086382
1.4467999935150	-2.6574775015391
1.4515000581741	-2.7289437711220
1.4562000036240	-2.8012233323602
1.4608999490738	-2.8744568792978
1.4656000137329	-2.9492834450182
1.4702999591827	-3.0266952656903
1.4750000238419	-3.1077889253010
1.4796999692917	-3.1935147489719
1.4844000339508	-3.2844701196945
1.4890999794006	-3.3807923004746
1.4938000440598	-3.4821890633849
1.4984999895096	-3.5880675740731
1.5032000541687	-3.6977541433050
1.5078999996185	-3.8107207379399
1.5125999450684	-3.9267859964230
1.5173000097275	-4.0462100864118
1.5219999551773	-4.1696767346444
1.5267000198364	-4.2981648889902
1.5313999652863	-4.4327440417013
1.5361000299454	-4.5743513099971
1.5407999753952	-4.7236036378704
1.5455000400543	-4.8807001044812
1.5501999855042	-5.0454325585311
1.5549000501633	-5.2173003837673
1.5595999956131	-5.3957065763332
1.5642999410629	-5.5801866846136
1.5690000057220	-5.7706034087105
1.5736999511719	-5.9672727813683
1.5784000158310	-6.1709582544245
1.5830999612808	-6.3827595652391
1.5878000259399	-6.6039037896111
1.5924999713898	-6.8354947416516
1.5972000360489	-7.0783029940076
1.6018999814987	-7.3326262842841
1.6066000461578	-7.5982805422548
1.6112999916077	-7.8747149435533
1.6160000562668	-8.1612445472733
1.6207000017166	-8.4573422707105
1.6253999471664	-8.7629090050812
1.6301000118256	-9.0784581611765
1.6347999572754	-9.4051417541712
1.6395000219345	-9.7446190456857
1.6441999673843	-10.098774310328
1.6489000320435	-10.469384328325
1.6535999774933	-10.857789364082
1.6583000421524	-11.264688986067
1.6629999876022	-11.690123208839
1.6677000522614	-12.133646036991
1.6723999977112	-12.594706025411
1.6770999431610	-13.073133856210
1.6818000078201	-13.569628796873
1.6864999532700	-14.086091591998
1.6912000179291	-14.625726029455
1.6958999633789	-15.192836617869
1.7006000280380	-15.792389576408
1.7052999734879	-16.429446598637
1.7100000381470	-17.108641154750
1.7146999835968	-17.833842759915
1.7194000482559	-18.608169352001
1.7240999937057	-19.434445945262
1.7288000583649	-20.316117612557
1.7335000038147	-21.258508373797
1.7381999492645	-22.270232609768
1.7429000139236	-23.364208625987
1.7475999593735	-24.557575127037
1.7523000240326	-25.869135139802
1.7569999694824	-27.310759766775
1.7617000341415	-28.864214789243
1.7663999795914	-30.425512814653
1.7711000442505	-31.712124617541
1.7757999897003	-32.272735987307
1.7805000543594	-31.874732637349
1.7851999998093	-30.811120851946
1.7898999452591	-29.519893478443
1.7946000099182	-28.250708440818
1.7992999553680	-27.088959979336
1.8040000200272	-26.046416971364
1.8086999654770	-25.110971792692
1.8134000301361	-24.266518839714
1.8180999755859	-23.499736798142
1.8228000402451	-22.801435365693
1.8274999856949	-22.165733633381
1.8322000503540	-21.588662585699
1.8368999958038	-21.066714094995
1.8415999412537	-20.595887138864
1.8463000059128	-20.171213620203
1.8509999513626	-19.786842251958
1.8557000160217	-19.436484515579
1.8603999614716	-19.114068056266
1.8651000261307	-18.814459293668
1.8697999715805	-18.533999368493
1.8745000362396	-18.270694424766
1.8791999816895	-18.024061034869
1.8839000463486	-17.794638616300
1.8885999917984	-17.583342255883
1.8933000564575	-17.390822210695
1.8980000019073	-17.217014184998
1.9026999473572	-17.060919620044
1.9074000120163	-16.920712146278
1.9120999574661	-16.794056888673
1.9168000221252	-16.678558945949
1.9214999675751	-16.572267884540
1.9262000322342	-16.474008973702
1.9308999776840	-16.383558384175
1.9356000423431	-16.301524220901
1.9402999877930	-16.229043774397
1.9450000524521	-16.167357023559
1.9496999979019	-16.117398838952
1.9543999433517	-16.079496231103
1.9591000080109	-16.053249956396
1.9637999534607	-16.037620821661
1.9685000181198	-16.031179164878
1.9731999635696	-16.032459767717
1.9779000282288	-16.040334092869
1.9825999736786	-16.054263795190
1.9873000383377	-16.074422611239
1.9919999837875	-16.101611877514
1.9967000484467	-16.137014142331
2.0013999938965	-16.181862540264
2.0060999393463	-16.237105992075
2.0107998847961	-16.303161796157
2.0155000686646	-16.379801330129
2.0202000141144	-16.466210168613
2.0248999595642	-16.561188288855
2.0295999050140	-16.663437183771
2.0343000888824	-16.771878791344
2.0390000343323	-16.885899980177
2.0436999797821	-17.005465491985
2.0483999252319	-17.131077105852
2.0531001091003	-17.263567675541
2.0578000545502	-17.403806519463
2.0625000000000	-17.552367137990
2.0671999454498	-17.709265914584
2.0718998908997	-17.873790824792
2.0766000747681	-18.044495373553
2.0813000202179	-18.219326679694
2.0859999656677	-18.395862270099
2.0906999111176	-18.571623547536
2.0954000949860	-18.744320903195
2.1001000404358	-18.912074112355
2.1047999858856	-19.073425579830
2.1094999313354	-19.227254077898
2.1142001152039	-19.372540804685
2.1189000606537	-19.508113009941
2.1236000061035	-19.632417933704
2.1282999515533	-19.743364253469
2.1329998970032	-19.838347453790
2.1377000808716	-19.914421003521
2.1424000263214	-19.968609272605
2.1470999717712	-19.998291811697
2.1517999172211	-20.001626475768
2.1565001010895	-19.977825526807
2.1612000465393	-19.927354671753
2.1658999919891	-19.851843145184
2.1705999374390	-19.753885329830
2.1752998828888	-19.636649090492
2.1800000667572	-19.503463628568
2.1847000122070	-19.357401460175
2.1893999576569	-19.201033343592
2.1940999031067	-19.036280485162
2.1988000869751	-18.864473976140
2.2035000324249	-18.686547125062
2.2081999778748	-18.503281709446
2.2128999233246	-18.315599376078
2.2176001071930	-18.124751219111
2.2223000526428	-17.932394241811
2.2269999980927	-17.740498708523
2.2316999435425	-17.551156618461
2.2363998889923	-17.366313307812
2.2411000728607	-17.187486309547
2.2458000183105	-17.015602580119
2.2504999637604	-16.850923238247
2.2551999092102	-16.693119676543
2.2599000930786	-16.541483056818
2.2646000385284	-16.395177066564
2.2692999839783	-16.253547724347
2.2739999294281	-16.116299423859
2.2787001132965	-15.983604891038
2.2834000587463	-15.856082322331
2.2881000041962	-15.734591121098
2.2927999496460	-15.620024842028
2.2974998950958	-15.513050021807
2.3022000789642	-15.413937365314
2.3069000244141	-15.322482066349
2.3115999698639	-15.238048424345
2.3162999153137	-15.159740093024
2.3210000991821	-15.086613310968
2.3257000446320	-15.017916372093
2.3303999900818	-14.953264217411
2.3350999355316	-14.892713971394
2.3397998809814	-14.836704599784
2.3445000648499	-14.785917051553
2.3492000102997	-14.741055196465
2.3538999557495	-14.702632357959
2.3585999011993	-14.670810111241
2.3633000850677	-14.645354602126
2.3680000305176	-14.625676403253
2.3726999759674	-14.610984215760
2.3773999214172	-14.600486464869
2.3821001052856	-14.593601983811
2.3868000507355	-14.590089862521
2.3914999961853	-14.590106618671
2.3961999416351	-14.594146280207
2.4008998870850	-14.602889422051
2.4056000709534	-14.617001817810
2.4103000164032	-14.636942054082
2.4149999618530	-14.662848595507
2.4196999073029	-14.694476322642
2.4244000911713	-14.731278606281
2.4291000366211	-14.772563171358
2.4337999820709	-14.817663374504
2.4384999275208	-14.866130834127
2.4432001113892	-14.917869444673
2.4479000568390	-14.973142394474
2.4526000022888	-15.032513623630
2.4572999477386	-15.096694959148
2.4619998931885	-15.166346041469
2.4667000770569	-15.241896669166
2.4714000225067	-15.323443948687
2.4760999679565	-15.410714006118
2.4807999134064	-15.503156060658
2.4855000972748	-15.600074770534
2.4902000427246	-15.700833425666
2.4948999881744	-15.805021823203
2.4995999336243	-15.912573737451
2.5043001174927	-16.023777568934
2.5090000629425	-16.139197207040
2.5137000083923	-16.259510857667
2.5183999538422	-16.385310072431
2.5230998992920	-16.516923153592
2.5278000831604	-16.654295202011
2.5325000286102	-16.796979330815
2.5371999740601	-16.944188349948
2.5418999195099	-17.094967474305
2.5466001033783	-17.248377822728
2.5513000488281	-17.403678102723
2.5559999942780	-17.560426794123
2.5606999397278	-17.718511719247
2.5653998851776	-17.878049793452
2.5701000690460	-18.039215225088
2.5748000144958	-18.202033072336
2.5794999599457	-18.366168434268
2.5841999053955	-18.530799922674
2.5889000892639	-18.694577050462
2.5936000347137	-18.855685657516
2.5982999801636	-19.012006658693
2.6029999256134	-19.161328621156
2.6077001094818	-19.301565717209
2.6124000549316	-19.430912178476
2.6171000003815	-19.547927885247
2.6217999458313	-19.651507912644
2.6264998912811	-19.740766409138
2.6312000751495	-19.814879113482
2.6359000205994	-19.872939693722
2.6405999660492	-19.913850906155
2.6452999114990	-19.936322958598
2.6500000953674	-19.938977794460
2.6547000408173	-19.920506282003
2.6593999862671	-19.879934103434
2.6640999317169	-19.816799367385
2.6688001155853	-19.731344923558
2.6735000610352	-19.624551083413
2.6782000064850	-19.498081880536
2.6828999519348	-19.354079576152
2.6875998973846	-19.194927164129
2.6923000812531	-19.022973821648
2.6970000267029	-18.840277315159
2.7016999721527	-18.648520303132
2.7063999176025	-18.448922219820
2.7111001014709	-18.242359561002
2.7158000469208	-18.029504928607
2.7204999923706	-17.811020333968
2.7251999378204	-17.587719570552
2.7298998832703	-17.360658105311
2.7346000671387	-17.131133182086
2.7393000125885	-16.900595466461
2.7439999580383	-16.670470757550
2.7486999034882	-16.442000214587
2.7534000873566	-16.216072833393
2.7581000328064	-15.993155867835
2.7627999782562	-15.773320474831
2.7674999237061	-15.556314407535
2.7722001075745	-15.341764783600
2.7769000530243	-15.129319668710
2.7815999984741	-14.918827099595
2.7862999439240	-14.710404665190
2.7909998893738	-14.504441141866
2.7957000732422	-14.301504202820
2.8004000186920	-14.102198084547
2.8050999641418	-13.907008864310
2.8097999095917	-13.716185807328
2.8145000934601	-13.529676227973
2.8192000389099	-13.347153497173
2.8238999843597	-13.168109864890
2.8285999298096	-12.992003927490
2.8333001136780	-12.818394678555
2.8380000591278	-12.647060110807
2.8427000045776	-12.478036308980
2.8473999500275	-12.311592753252
2.8520998954773	-12.148127327012
2.8568000793457	-11.988038273891
2.8615000247955	-11.831597540064
2.8661999702454	-11.678867982015
2.8708999156952	-11.529655774543
2.8756000995636	-11.383591088972
2.8803000450134	-11.240197230892
2.8849999904633	-11.099034292712
2.8896999359131	-10.959799472623
2.8943998813629	-10.822407516994
2.8991000652313	-10.686988958306
2.9038000106812	-10.553846587357
2.9084999561310	-10.423335835632
2.9131999015808	-10.295761531964
2.9179000854492	-10.171277093557
2.9226000308990	-10.049834587611
2.9272999763489	-9.9311848673728
2.9319999217987	-9.8149653188812
2.9367001056671	-9.7007804820757
2.9414000511169	-9.5883225191981
2.9460999965668	-9.4774444946770
2.9507999420166	-9.3681963940403
2.9554998874664	-9.2607989541271
2.9602000713348	-9.1555651198977
2.9649000167847	-9.0528046044132
2.9695999622345	-8.9527257010084
2.9742999076843	-8.8553613793938
2.9790000915527	-8.7605766103758
2.9837000370026	-8.6680882207179
2.9883999824524	-8.5775514070405
2.9930999279022	-8.4886589030108
2.9978001117706	-8.4012286959468
3.0025000572205	-8.3152383263274
3.0072000026703	-8.2308396085199
3.0118999481201	-8.1482914998873
3.0165998935699	-8.0678844630246
3.0213000774384	-7.9898428529035
3.0260000228882	-7.9142653325548
3.0306999683380	-7.8410799941837
3.0353999137878	-7.7700747263182
3.0401000976562	-7.7009508366078
3.0448000431061	-7.6334084902561
3.0494999885559	-7.5672320410511
3.0541999340057	-7.5023491103174
3.0589001178741	-7.4388438013823
3.0636000633240	-7.3769159630144
3.0683000087738	-7.3168311926924
3.0729999542236	-7.2588209837311
3.0776998996735	-7.2030097358725
3.0824000835419	-7.1493853919650
3.0871000289917	-7.0977847245177
3.0917999744415	-7.0479495208047
3.0964999198914	-6.9995923067350
3.1012001037598	-6.9524853983231
3.1059000492096	-6.9065081941543
3.1105999946594	-6.8616956478354
3.1152999401093	-6.8182021592620
3.1199998855591	-6.7762548806101
3.1247000694275	-6.7360900073325
3.1294000148773	-6.6978511901960
3.1340999603271	-6.6615641804327
3.1387999057770	-6.6271189246422
3.1435000896454	-6.5942901506953
3.1482000350952	-6.5628058692088
3.1528999805450	-6.5324254320906
3.1575999259949	-6.5030017731193
3.1623001098633	-6.4745212555794
3.1670000553131	-6.4471003252377
3.1717000007629	-6.4209374657058
3.1763999462128	-6.3962596525108
3.1810998916626	-6.3732336345062
3.1858000755310	-6.3519104271014
3.1905000209808	-6.3322159017317
3.1951999664307	-6.3139544591678
3.1998999118805	-6.2968694695042
3.2046000957489	-6.2807047842906
3.2093000411987	-6.2652870736859
3.2139999866486	-6.2505526234920
3.2186999320984	-6.2365799105558
3.2234001159668	-6.2235330479743
3.2281000614166	-6.2116140427560
3.2328000068665	-6.2009966930674
3.2374999523163	-6.1917466300112
3.2421998977661	-6.1838019870313
3.2469000816345	-6.1769787884274
3.2516000270844	-6.1710126450568
3.2562999725342	-6.1656178282694
3.2609999179840	-6.1605689213100
3.2657001018524	-6.1557459931487
3.2704000473022	-6.1511538015931
3.2750999927521	-6.1469022042048
3.2797999382019	-6.1431416846699
3.2844998836517	-6.1400062071517
3.2892000675201	-6.1375374770665
3.2939000129700	-6.1356431744611
3.2985999584198	-6.1340994302243
3.3032999038696	-6.1325832483539
3.3080000877380	-6.1307333819765
3.3127000331879	-6.1282219530613
3.3173999786377	-6.1248190401752
3.3220999240875	-6.1204110007506
3.3268001079559	-6.1149905676389
3.3315000534058	-6.1086080157585
3.3361999988556	-6.1012998894716
3.3408999443054	-6.0930158576066
3.3455998897552	-6.0835818866244
3.3503000736237	-6.0726789815576
3.3550000190735	-6.0598835699079
3.3596999645233	-6.0447290349939
3.3643999099731	-6.0267787607430
3.3691000938416	-6.0056980839655
3.3738000392914	-5.9812811978963
3.3784999847412	-5.9534552398946
3.3831999301910	-5.9222310134931
3.3879001140594	-5.8876451501143
3.3926000595093	-5.8496808944719
3.3973000049591	-5.8082391946093
3.4019999504089	-5.7631198706368
3.4066998958588	-5.7140588437982
3.4114000797272	-5.6607959152562
3.4161000251770	-5.6031449280261
3.4207999706268	-5.5410714475227
3.4254999160767	-5.4747177784705
3.4302000999451	-5.4044027206998
3.4349000453949	-5.3305720662526
3.4395999908447	-5.2537331167909
3.4442999362946	-5.1743872254754
3.4489998817444	-5.0929689943396
3.4537000656128	-5.0098363876565
3.4584000110626	-4.9252924969606
3.4630999565125	-4.8396188907811
3.4677999019623	-4.7531448847011
3.4725000858307	-4.6662900152955
3.4772000312805	-4.5795816823176
3.4818999767303	-4.4936399283848
3.4865999221802	-4.4091361911155
3.4913001060486	-4.3267251714628
3.4960000514984	-4.2469798281450
3.5006999969482	-4.1703467664493
3.5053999423981	-4.0971274670281
3.5100998878479	-4.0274925590737
3.5148000717163	-3.9615216890077
3.5195000171661	-3.8992610843135
3.5241999626160	-3.8407685572515
3.5288999080658	-3.7861506197807
3.5336000919342	-3.7355631640635
3.5383000373840	-3.6891960451790
3.5429999828339	-3.6472256618426
3.5476999282837	-3.6097741113716
3.5524001121521	-3.5768645479027
3.5571000576019	-3.5484113308265
3.5618000030518	-3.5242244512870
3.5664999485016	-3.5040474447135
3.5711998939514	-3.4875999101560
3.5759000778198	-3.4746323598029
3.5806000232697	-3.4649646904407
3.5852999687195	-3.4584981417126
3.5899999141693	-3.4552109279658
3.5947000980377	-3.4551195586473
3.5994000434875	-3.4582373342664
3.6040999889374	-3.4645317202241
3.6087999343872	-3.4738941970304
3.6135001182556	-3.4861366133823
3.6182000637054	-3.5010086687451
3.6229000091553	-3.5182413399912
3.6275999546051	-3.5375861373033
3.6322999000549	-3.5588645493935
3.6370000839233	-3.5819860602364
3.6417000293732	-3.6069494574275
3.6463999748230	-3.6338145514678
3.6510999202728	-3.6626641404633
3.6558001041412	-3.6935549657866
3.6605000495911	-3.7264773338561
3.6651999950409	-3.7613369594330
3.6698999404907	-3.7979716797874
3.6745998859406	-3.8361745694296
3.6793000698090	-3.8757448144538
3.6840000152588	-3.9165281861373
3.6886999607086	-3.9584539428743
3.6933999061584	-4.0015456533146
3.6981000900269	-4.0458988696007
3.7028000354767	-4.0916479250574
3.7074999809265	-4.1389119537227
3.7121999263763	-4.1877539256648
3.7169001102448	-4.2381459573051
3.7216000556946	-4.2899755269309
3.7263000011444	-4.3430668639766
3.7309999465942	-4.3972233944316
3.7356998920441	-4.4522834657099
3.7404000759125	-4.5081565648696
3.7451000213623	-4.5648465143969
3.7497999668121	-4.6224482526767
3.7544999122620	-4.6811030404122
3.7592000961304	-4.7409541086032
3.7639000415802	-4.8020937133840
3.7685999870300	-4.8645184970317
3.7732999324799	-4.9281253522845
3.7780001163483	-4.9927224914385
3.7827000617981	-5.0580766871841
3.7874000072479	-5.1239671647247
3.7920999526978	-5.1902405845673
3.7967998981476	-5.2568425126639
3.8015000820160	-5.3238175701305
3.8062000274658	-5.3912777941486
3.8108999729156	-5.4593511253065
3.8155999183655	-5.5281179931451
3.8203001022339	-5.5975615286347
3.8250000476837	-5.6675426181844
3.8296999931335	-5.7378123532126
3.8343999385834	-5.8080563328800
3.8390998840332	-5.8779563298167
3.8438000679016	-5.9472576906755
3.8485000133514	-6.0158151381036
3.8531999588013	-6.0835979188508
3.8578999042511	-6.1506710756389
3.8626000881195	-6.2171330047172
3.8673000335693	-6.2830423186668
3.8719999790192	-6.3483569789786
3.8766999244690	-6.4129022736046
3.8814001083374	-6.4763701277054
3.8861000537872	-6.5383795219717
3.8907999992371	-6.5985367379659
3.8954999446869	-6.6565231287071
3.9001998901367	-6.7121509176114
3.9049000740051	-6.7653854372059
3.9096000194550	-6.8163179756666
3.9142999649048	-6.8651023590582
3.9189999103546	-6.9118709625646
3.9237000942230	-6.9566587824016
3.9284000396729	-6.9993635659208
3.9330999851227	-7.0397474471160
3.9377999305725	-7.0774897664612
3.9425001144409	-7.1122738895347
3.9472000598907	-7.1438726830820
3.9519000053406	-7.1722210035655
3.9565999507904	-7.1974327746101
3.9612998962402	-7.2197770059534
3.9660000801086	-7.2396013878510
3.9707000255585	-7.2572340429417
3.9753999710083	-7.2729037929502
3.9800999164581	-7.2866879451158
3.9848001003265	-7.2985177403702
3.9895000457764	-7.3082241679713
3.9941999912262	-7.3156366897933
3.9988999366760	-7.3206701877706
4.0036001205444	-7.3233985053135
4.0082998275757	-7.3240763356589
4.0130000114441	-7.3231051053543
4.0177001953125	-7.3209588801709
4.0223999023438	-7.3180808502309
4.0271000862122	-7.3147991759169
4.0317997932434	-7.3112682020443
4.0364999771118	-7.3074753268684
4.0412001609802	-7.3032927192650
4.0458998680115	-7.2985608770792
4.0506000518799	-7.2931925000616
4.0553002357483	-7.2872377177180
4.0599999427795	-7.2809218628734
4.0647001266479	-7.2746085759323
4.0693998336792	-7.2687353365913
4.0741000175476	-7.2637143383543
4.0788002014160	-7.2598335844240
4.0834999084473	-7.2572179110101
4.0882000923157	-7.2558043570791
4.0928997993469	-7.2554026647668
4.0975999832153	-7.2557748578645
4.1023001670837	-7.2567326530091
4.1069998741150	-7.2582213358088
4.1117000579834	-7.2603552449166
4.1163997650146	-7.2634049509518
4.1210999488831	-7.2677280689834
4.1258001327515	-7.2736773941921
4.1304998397827	-7.2815067623701
4.1352000236511	-7.2913031017377
4.1399002075195	-7.3029708095679
4.1445999145508	-7.3162633525462
4.1493000984192	-7.3308693986731
4.1539998054504	-7.3465112850476
4.1586999893188	-7.3630267091825
4.1634001731873	-7.3804335302492
4.1680998802185	-7.3989219229409
4.1728000640869	-7.4188007178865
4.1774997711182	-7.4404027564068
4.1821999549866	-7.4639878562861
4.1869001388550	-7.4896581364953
4.1915998458862	-7.5173282751564
4.1963000297546	-7.5467484583165
4.2010002136230	-7.5775754904585
4.2056999206543	-7.6094834343631
4.2104001045227	-7.6422569920414
4.2150998115540	-7.6758750813720
4.2197999954224	-7.7105211835053
4.2245001792908	-7.7465438613906
4.2291998863220	-7.7843690559396
4.2339000701904	-7.8243919354266
4.2385997772217	-7.8668820308481
4.2432999610901	-7.9119307041315
4.2480001449585	-7.9594531433396
4.2526998519897	-8.0092579561425
4.2574000358582	-8.0611424310578
4.2621002197266	-8.1150121632611
4.2667999267578	-8.1709574461249
4.2715001106262	-8.2292925475800
4.2761998176575	-8.2905196248873
4.2809000015259	-8.3552313397044
4.2856001853943	-8.4239879572082
4.2902998924255	-8.4971918574681
4.2950000762939	-8.5749962554052
4.2996997833252	-8.6572836237755
4.3043999671936	-8.7437072792011
4.3091001510620	-8.8337952511163
4.3137998580933	-8.9270854478559
4.3185000419617	-9.0232530205375
4.3232002258301	-9.1221905529852
4.3278999328613	-9.2240207215456
4.3326001167297	-9.3290311232526
4.3372998237610	-9.4375555910330
4.3420000076294	-9.5498321557322
4.3467001914978	-9.6658873425336
4.3513998985291	-9.7854807332272
4.3561000823975	-9.9081286092481
4.3607997894287	-10.033214469355
4.3654999732971	-10.160143757647
4.3702001571655	-10.288509256807
4.3748998641968	-10.418212130803
4.3796000480652	-10.549497908793
4.3843002319336	-10.682885962615
4.3889999389648	-10.819026855489
4.3937001228333	-10.958503220471
4.3983998298645	-11.101653950628
4.4031000137329	-11.248469599275
4.4078001976013	-11.398585175949
4.4124999046326	-11.551396716903
4.4172000885010	-11.706251505028
4.4218997955322	-11.862672900088
4.4265999794006	-12.020546941988
4.4313001632690	-12.180197908415
4.4359998703003	-12.342341570641
4.4407000541687	-12.507902798314
4.4454002380371	-12.677767814439
4.4500999450684	-12.852528899617
4.4548001289368	-13.032313286612
4.4594998359680	-13.216744818390
4.4642000198364	-13.405063235885
4.4689002037048	-13.596373780569
4.4735999107361	-13.789956419337
4.4783000946045	-13.985545489840
4.4829998016357	-14.183480471335
4.4876999855042	-14.384671465383
4.4924001693726	-14.590377098038
4.4970998764038	-14.801856011560
4.5018000602722	-15.019996401604
4.5064997673035	-15.245035656207
4.5111999511719	-15.476463222726
4.5159001350403	-15.713151089740
4.5205998420715	-15.953696892549
4.5253000259399	-16.196876957275
4.5300002098083	-16.442086680288
4.5346999168396	-16.689594560990
4.5394001007080	-16.940528164777
4.5440998077393	-17.196545530701
4.5487999916077	-17.459297361463
4.5535001754761	-17.729823602612
4.5581998825073	-18.008071783755
4.5629000663757	-18.292707790302
4.5675997734070	-18.581297013157
4.5722999572754	-18.870850159490
4.5770001411438	-19.158584754695
4.5816998481750	-19.442662575239
4.5864000320435	-19.722610667141
4.5911002159119	-19.999223934422
4.5957999229431	-20.273892645171
4.6005001068115	-20.547569763365
4.6051998138428	-20.819671847442
4.6098999977112	-21.087323316180
4.6146001815796	-21.345262196263
4.6192998886108	-21.586548721994
4.6240000724792	-21.804005300689
4.6286997795105	-21.991926089579
4.6333999633789	-22.147390944744
4.6381001472473	-22.270571256099
4.6427998542786	-22.363875764966
4.6475000381470	-22.430194874550
4.6522002220154	-22.471135099078
4.6568999290466	-22.485929273514
4.6616001129150	-22.471586315658
4.6662998199463	-22.424202625544
4.6710000038147	-22.340964194859
4.6757001876831	-22.222012304967
4.6803998947144	-22.071192360685
4.6851000785828	-21.895473966232
4.6897997856140	-21.703226622146
4.6944999694824	-21.502169549348
4.6992001533508	-21.297732809340
4.7038998603821	-21.092340983639
4.7086000442505	-20.885744721304
4.7133002281189	-20.676091281542
4.7179999351501	-20.461423340089
4.7227001190186	-20.240999298000
4.7273998260498	-20.016108833602
4.7321000099182	-19.789980191293
4.7368001937866	-19.567021299271
4.7414999008179	-19.351666289822
4.7462000846863	-19.147260047344
4.7508997917175	-18.955276571496
4.7555999755859	-18.775180636862
4.7603001594543	-18.604814263186
4.7649998664856	-18.441261206949
4.7697000503540	-18.281815069413
4.7744002342224	-18.124948458357
4.7790999412537	-17.970758346179
4.7838001251221	-17.820912632375
4.7884998321533	-17.678094507831
4.7932000160217	-17.545076066075
4.7979001998901	-17.423860238826
4.8025999069214	-17.315017272398
4.8073000907898	-17.217496186177
4.8119997978210	-17.128864661948
4.8166999816895	-17.045974779158
4.8214001655579	-16.965856299705
4.8260998725891	-16.886511684510
4.8308000564575	-16.807434357809
4.8354997634888	-16.729644196026
4.8401999473572	-16.655197248279
4.8449001312256	-16.586391900714
4.8495998382568	-16.524870707951
4.8543000221252	-16.471000912882
4.8590002059937	-16.423548857965
4.8636999130249	-16.379950623457
4.8684000968933	-16.336932630779
4.8730998039246	-16.291422374804
4.8777999877930	-16.241422570932
4.8825001716614	-16.186571365564
4.8871998786926	-16.128170184325
4.8919000625610	-16.068717857410
4.8965997695923	-16.010992654326
4.9012999534607	-15.957177644734
4.9060001373291	-15.908099747212
4.9106998443604	-15.863000555366
4.9154000282288	-15.819765338784
4.9201002120972	-15.775620597585
4.9247999191284	-15.728057957420
4.9295001029968	-15.675716832139
4.9341998100281	-15.618886249447
4.9388999938965	-15.559471186464
4.9436001777649	-15.500406508443
4.9482998847961	-15.444722118115
4.9530000686646	-15.394589679947
4.9576997756958	-15.350571833743
4.9623999595642	-15.311410049105
4.9671001434326	-15.274270584493
4.9717998504639	-15.235483421442
4.9765000343323	-15.191492832066
4.9812002182007	-15.139769836272
4.9858999252319	-15.079324715638
4.9906001091003	-15.010608316608
4.9952998161316	-14.934914176297
5.0000000000000	-14.853355822145
#Parameters = {R_fat=48; R_glandular=38; R_skin_outer=50; T10=5; T15=7.5; T5=2.5; T_rad=4; T_x=10; T_y=0; T_z=75; Zc=65; skin_thickness=2; Mesh Pass=4}
#"Frequency / GHz"	"S1,1 (Mesh Pass=4) [Magnitude / dB]"
#-------------------------------------------------------
0.30000001192093	-16.827724374391
0.30469998717308	-17.524101990188
0.30939999222755	-17.853147075060
0.31409999728203	-17.697213057993
0.31880000233650	-17.203957927580
0.32350000739098	-16.656337433599
0.32820001244545	-16.291670523662
0.33289998769760	-16.264136249247
0.33759999275208	-16.689129898751
0.34229999780655	-17.705745806777
0.34700000286102	-19.574572485192
0.35170000791550	-22.961417367622
0.35640001296997	-30.685538021445
0.36109998822212	-34.051003061760
0.36579999327660	-22.564854817760
0.37049999833107	-17.519073525265
0.37520000338554	-14.272733827438
0.37990000844002	-11.960004409534
0.38460001349449	-10.270148781355
0.38929998874664	-9.0591730399663
0.39399999380112	-8.2459883055109
0.39869999885559	-7.7747509529098
0.40340000391006	-7.6004778923899
0.40810000896454	-7.6848108482561
0.41280001401901	-7.9957526206806
0.41749998927116	-8.5075606893026
0.42219999432564	-9.1985404501033
0.42689999938011	-10.044819715751
0.43160000443459	-11.007921435724
0.43630000948906	-12.014782059303
0.44100001454353	-12.937682817308
0.44569998979568	-13.606458421401
0.45039999485016	-13.893749046793
0.45509999990463	-13.820227426352
0.45980000495911	-13.540430377465
0.46450001001358	-13.228264802764
0.46919998526573	-13.002225302789
0.47389999032021	-12.920193631583
0.47859999537468	-12.998560508056
0.48330000042915	-13.227345986410
0.48800000548363	-13.575914317667
0.49270001053810	-13.992079323737
0.49739998579025	-14.401128273634
0.50209999084473	-14.715300166981
0.50679999589920	-14.862042035746
0.51150000095367	-14.819795660341
0.51620000600815	-14.629569176162
0.52090001106262	-14.369228893364
0.52560001611710	-14.116306393260
0.53030002117157	-13.926272246242
0.53500002622604	-13.828443793201
0.53969997167587	-13.829527537044
0.54439997673035	-13.917439710428
0.54909998178482	-14.063440422744
0.55379998683929	-14.224300669655
0.55849999189377	-14.348310884385
0.56319999694824	-14.388106461367
0.56790000200272	-14.317498729811
0.57260000705719	-14.142179326427
0.57730001211166	-13.895669864772
0.58200001716614	-13.623815745052
0.58670002222061	-13.368948401771
0.59140002727509	-13.160784785672
0.59609997272491	-13.013785397871
0.60079997777939	-12.927719965218
0.60549998283386	-12.889241256748
0.61019998788834	-12.874157519823
0.61489999294281	-12.851529582580
0.61959999799728	-12.790566505327
0.62430000305176	-12.669476541976
0.62900000810623	-12.482604641438
0.63370001316071	-12.241706479962
0.63840001821518	-11.970600173798
0.64310002326965	-11.696663296511
0.64780002832413	-11.443358709846
0.65249997377396	-11.225873801147
0.65719997882843	-11.049504561416
0.66189998388290	-10.909819300675
0.66659998893738	-10.794051319645
0.67129999399185	-10.683766842942
0.67599999904633	-10.559040384177
0.68070000410080	-10.403631438697
0.68540000915527	-10.209600937208
0.69010001420975	-9.9793978841286
0.69480001926422	-9.7244202535550
0.69950002431870	-9.4609325861616
0.70420002937317	-9.2053075513021
0.70889997482300	-8.9702118564560
0.71359997987747	-8.7623509007918
0.71829998493195	-8.5817078297116
0.72299998998642	-8.4219700434996
0.72769999504089	-8.2721184865934
0.73240000009537	-8.1190283243887
0.73710000514984	-7.9507920599770
0.74180001020432	-7.7598934238239
0.74650001525879	-7.5451827029761
0.75120002031326	-7.3118536504929
0.75590002536774	-7.0695867278667
0.76059997081757	-6.8296622873369
0.76529997587204	-6.6020955570823
0.76999998092651	-6.3934867908169
0.77469998598099	-6.2058362292124
0.77939999103546	-6.0363680505516
0.78409999608994	-5.8783200469743
0.78880000114441	-5.7226173171806
0.79350000619888	-5.5601619131159
0.79820001125336	-5.3842487868366
0.80290001630783	-5.1923328177325
0.80760002136230	-4.9866266642251
0.81230002641678	-4.7733008430211
0.81699997186661	-4.5606978446721
0.82169997692108	-4.3571597118178
0.82639998197556	-4.1690745509377
0.83109998703003	-3.9995134940218
0.83579999208450	-3.8476793515818
0.84049999713898	-3.7091604140282
0.84520000219345	-3.5770779953609
0.84990000724792	-3.4438329965147
0.85460001230240	-3.3031622495840
0.85930001735687	-3.1518881734264
0.86400002241135	-2.9908314669112
0.86870002746582	-2.8246001980800
0.87339997291565	-2.6603757536950
0.87809997797012	-2.5060632838334
0.88279998302460	-2.3684054282850
0.88749998807907	-2.2514304373818
0.89219999313354	-2.1555649929948
0.89689999818802	-2.0775926758663
0.90160000324249	-2.0114910506271
0.90630000829697	-1.9500338054470
0.91100001335144	-1.8868434956150
0.91570001840591	-1.8183695110558
0.92040002346039	-1.7451524924779
0.92510002851486	-1.6720159771860
0.92979997396469	-1.6070718889712
0.93449997901917	-1.5598893391393
0.93919998407364	-1.5393474184690
0.94389998912811	-1.5517234824395
0.94859999418259	-1.5994725081579
0.95329999923706	-1.6809434138705
0.95800000429153	-1.7911960304152
0.96270000934601	-1.9238608819046
0.96740001440048	-2.0737751484126
0.97210001945496	-2.2398406247413
0.97680002450943	-2.4274035585799
0.98150002956390	-2.6494021301105
0.98619997501373	-2.9260837347854
0.99089998006821	-3.2835626447929
0.99559998512268	-3.7521339470984
1.0003000497818	-4.3653859192247
1.0049999952316	-5.1612273641831
1.0096999406815	-6.1859398383535
1.0144000053406	-7.5028954232236
1.0190999507904	-9.2094662719789
1.0238000154495	-11.469303007749
1.0284999608994	-14.561431251763
1.0332000255585	-18.687905947248
1.0378999710083	-20.662762708829
1.0426000356674	-16.795033020941
1.0472999811172	-12.982028309553
1.0520000457764	-10.197085629445
1.0566999912262	-8.1179306322995
1.0614000558853	-6.5194718668557
1.0661000013351	-5.2715600541868
1.0707999467850	-4.2943030501090
1.0755000114441	-3.5333370665042
1.0801999568939	-2.9470744971752
1.0849000215530	-2.5003062513573
1.0895999670029	-2.1615358783760
1.0943000316620	-1.9025576129795
1.0989999771118	-1.6992885301834
1.1037000417709	-1.5329765993994
1.1083999872208	-1.3909756992906
1.1131000518799	-1.2666767199501
1.1177999973297	-1.1584226896660
1.1224999427795	-1.0676962371486
1.1272000074387	-0.99706668516321
1.1318999528885	-0.94840490115900
1.1366000175476	-0.92170861172081
1.1412999629974	-0.91470426898928
1.1460000276566	-0.92313909695893
1.1506999731064	-0.94162675117435
1.1554000377655	-0.96477605139755
1.1600999832153	-0.98827584895130
1.1648000478745	-1.0096849381550
1.1694999933243	-1.0287186807396
1.1742000579834	-1.0469428539963
1.1789000034332	-1.0670697829230
1.1835999488831	-1.0919758842175
1.1883000135422	-1.1238421132780
1.1929999589920	-1.1635427555923
1.1977000236511	-1.2104462477261
1.2023999691010	-1.2626181262705
1.2071000337601	-1.3173570802520
1.2117999792099	-1.3718936067134
1.2165000438690	-1.4240772410388
1.2211999893188	-1.4728670764573
1.2259000539780	-1.5185250079234
1.2305999994278	-1.5624320468780
1.2352999448776	-1.6066264931476
1.2400000095367	-1.6532029038183
1.2446999549866	-1.7037427460164
1.2494000196457	-1.7589038618831
1.2540999650955	-1.8183118413891
1.2588000297546	-1.8806865556485
1.2634999752045	-1.9442160299480
1.2682000398636	-2.0070495668251
1.2728999853134	-2.0677735029046
1.2776000499725	-2.1257655083094
1.2822999954224	-2.1813226319015
1.2869999408722	-2.2355431955713
1.2917000055313	-2.2899936252353
1.2963999509811	-2.3462841673258
1.3011000156403	-2.4056403440791
1.3057999610901	-2.4686121276559
1.3105000257492	-2.5349669763260
1.3151999711990	-2.6037919941745
1.3199000358582	-2.6737500409060
1.3245999813080	-2.7434602851069
1.3293000459671	-2.8118543213176
1.3339999914169	-2.8784609312713
1.3387000560760	-2.9435122956164
1.3434000015259	-3.0078782910593
1.3480999469757	-3.0728211109938
1.3528000116348	-3.1396697835408
1.3574999570847	-3.2094920905441
1.3622000217438	-3.2828389032966
1.3668999671936	-3.3596495942879
1.3716000318527	-3.4392936045766
1.3762999773026	-3.5207712868502
1.3810000419617	-3.6029902466698
1.3856999874115	-3.6850635987280
1.3904000520706	-3.7665579718122
1.3950999975204	-3.8476053802342
1.3997999429703	-3.9288856996026
1.4045000076294	-4.0114589223177
1.4091999530792	-4.0965085448595
1.4139000177383	-4.1850725268538
1.4185999631882	-4.2778098984740
1.4233000278473	-4.3748790807039
1.4279999732971	-4.4759377478011
1.4327000379562	-4.5802717090688
1.4373999834061	-4.6869994339874
1.4421000480652	-4.7953346710371
1.4467999935150	-4.9048113113024
1.4515000581741	-5.0154330063816
1.4562000036240	-5.1277026695263
1.4608999490738	-5.2425337475097
1.4656000137329	-5.3610596537782
1.4702999591827	-5.4843915982708
1.4750000238419	-5.6134013965850
1.4796999692917	-5.7485469998159
1.4844000339508	-5.8898239968047
1.4890999794006	-6.0368065515058
1.4938000440598	-6.1887958281819
1.4984999895096	-6.3450468318078
1.5032000541687	-6.5049879951112
1.5078999996185	-6.6684213260332
1.5125999450684	-6.8356325351221
1.5173000097275	-7.0073792044515
1.5219999551773	-7.1847751295071
1.5267000198364	-7.3690881164964
1.5313999652863	-7.5614977970096
1.5361000299454	-7.7628826714015
1.5407999753952	-7.9736645922528
1.5455000400543	-8.1937662882244
1.5501999855042	-8.4226753599668
1.5549000501633	-8.6596161057575
1.5595999956131	-8.9037869389269
1.5642999410629	-9.1546238662775
1.5690000057220	-9.4120142207136
1.5736999511719	-9.6764152355225
1.5784000158310	-9.9488421161605
1.5830999612808	-10.230718419595
1.5878000259399	-10.523630375116
1.5924999713898	-10.829030096536
1.5972000360489	-11.147954059953
1.6018999814987	-11.480825454952
1.6066000461578	-11.827377567405
1.6112999916077	-12.186728172403
1.6160000562668	-12.557590396181
1.6207000017166	-12.938599095249
1.6253999471664	-13.328657960356
1.6301000118256	-13.727259239261
1.6347999572754	-14.134634794381
1.6395000219345	-14.551744144550
1.6441999673843	-14.980044893216
1.6489000320435	-15.421077507206
1.6535999774933	-15.875989662929
1.6583000421524	-16.345015536343
1.6629999876022	-16.827095438317
1.6677000522614	-17.319610802681
1.6723999977112	-17.818336470567
1.6770999431610	-18.317604418362
1.6818000078201	-18.810654373257
1.6864999532700	-19.290097588536
1.6912000179291	-19.748381256202
1.6958999633789	-20.178197480251
1.7006000280380	-20.572764655035
1.7052999734879	-20.925989284092
1.7100000381470	-21.232577711839
1.7146999835968	-21.488189466422
1.7194000482559	-21.689630616418
1.7240999937057	-21.835075817674
1.7288000583649	-21.924235029289
1.7335000038147	-21.958318781143
1.7381999492645	-21.939958346566
1.7429000139236	-21.872992519222
1.7475999593735	-21.762330846514
1.7523000240326	-21.613908873138
1.7569999694824	-21.434589172555
1.7617000341415	-21.232047752437
1.7663999795914	-21.014437023321
1.7711000442505	-20.789890015148
1.7757999897003	-20.565882997720
1.7805000543594	-20.348640537560
1.7851999998093	-20.142630390950
1.7898999452591	-19.950320769805
1.7946000099182	-19.772241298086
1.7992999553680	-19.607292061074
1.8040000200272	-19.453303944596
1.8086999654770	-19.307785547023
1.8134000301361	-19.168666165036
1.8180999755859	-19.034851417544
1.8228000402451	-18.906580103464
1.8274999856949	-18.785333686051
1.8322000503540	-18.673523349962
1.8368999958038	-18.573851047945
1.8415999412537	-18.488693503036
1.8463000059128	-18.419568581092
1.8509999513626	-18.366778149392
1.8557000160217	-18.329380481985
1.8603999614716	-18.305417638501
1.8651000261307	-18.292355855388
1.8697999715805	-18.287705437870
1.8745000362396	-18.289600037516
1.8791999816895	-18.297278051587
1.8839000463486	-18.311241278259
1.8885999917984	-18.333175618683
1.8933000564575	-18.365521223112
1.8980000019073	-18.410934663379
1.9026999473572	-18.471701086616
1.9074000120163	-18.549262997974
1.9120999574661	-18.643962343980
1.9168000221252	-18.755046548204
1.9214999675751	-18.880928711527
1.9262000322342	-19.019668941512
1.9308999776840	-19.169547981405
1.9356000423431	-19.329629185597
1.9402999877930	-19.500181768536
1.9450000524521	-19.682798623908
1.9496999979019	-19.880264417675
1.9543999433517	-20.096147739212
1.9591000080109	-20.334220235702
1.9637999534607	-20.597926785798
1.9685000181198	-20.889896728687
1.9731999635696	-21.211757429464
1.9779000282288	-21.564127140368
1.9825999736786	-21.946893989341
1.9873000383377	-22.359735259584
1.9919999837875	-22.802745367997
1.9967000484467	-23.277087749688
2.0013999938965	-23.785478016050
2.0060999393463	-24.332340373747
2.0107998847961	-24.923588744562
2.0155000686646	-25.565882253214
2.0202000141144	-26.265249190293
2.0248999595642	-27.024962612519
2.0295999050140	-27.842091188245
2.0343000888824	-28.701861760781
2.0390000343323	-29.568912129817
2.0436999797821	-30.375876888418
2.0483999252319	-31.016383643863
2.0531001091003	-31.360872071385
2.0578000545502	-31.311403553944
2.0625000000000	-30.864061885992
2.0671999454498	-30.110417741901
2.0718998908997	-29.176480807592
2.0766000747681	-28.167947221575
2.0813000202179	-27.153714702073
2.0859999656677	-26.172492428434
2.0906999111176	-25.243616461111
2.0954000949860	-24.375214218861
2.1001000404358	-23.568959866036
2.1047999858856	-22.822818857180
2.1094999313354	-22.132564979993
2.1142001152039	-21.492736089184
2.1189000606537	-20.897376018192
2.1236000061035	-20.340654022047
2.1282999515533	-19.817393536684
2.1329998970032	-19.323451668489
2.1377000808716	-18.855911726540
2.1424000263214	-18.413076778062
2.1470999717712	-17.994226808134
2.1517999172211	-17.599263387277
2.1565001010895	-17.228283541672
2.1612000465393	-16.881162351099
2.1658999919891	-16.557306075641
2.1705999374390	-16.255480691489
2.1752998828888	-15.973877436433
2.1800000667572	-15.710298985809
2.1847000122070	-15.462428837111
2.1893999576569	-15.228176176391
2.1940999031067	-15.005936779551
2.1988000869751	-14.794779457859
2.2035000324249	-14.594460045408
2.2081999778748	-14.405294412283
2.2128999233246	-14.227915249510
2.2176001071930	-14.062974453519
2.2223000526428	-13.910862181191
2.2269999980927	-13.771513066132
2.2316999435425	-13.644322898709
2.2363998889923	-13.528216520524
2.2411000728607	-13.421816570918
2.2458000183105	-13.323692138786
2.2504999637604	-13.232626453694
2.2551999092102	-13.147827331955
2.2599000930786	-13.069041716735
2.2646000385284	-12.996526293693
2.2692999839783	-12.930917305325
2.2739999294281	-12.872995349832
2.2787001132965	-12.823436804956
2.2834000587463	-12.782602234956
2.2881000041962	-12.750400410648
2.2927999496460	-12.726275990976
2.2974998950958	-12.709320826895
2.3022000789642	-12.698451569099
2.3069000244141	-12.692651153409
2.3115999698639	-12.691196773245
2.3162999153137	-12.693805349533
2.3210000991821	-12.700677330050
2.3257000446320	-12.712426695062
2.3303999900818	-12.729888618214
2.3350999355316	-12.753911106019
2.3397998809814	-12.785129519345
2.3445000648499	-12.823787809832
2.3492000102997	-12.869698034291
2.3538999557495	-12.922256450473
2.3585999011993	-12.980624188024
2.3633000850677	-13.043920147871
2.3680000305176	-13.111453922427
2.3726999759674	-13.182916406119
2.3773999214172	-13.258464482093
2.3821001052856	-13.338703796018
2.3868000507355	-13.424554361978
2.3914999961853	-13.517058020382
2.3961999416351	-13.617118247279
2.4008998870850	-13.725337767632
2.4056000709534	-13.841872594096
2.4103000164032	-13.966445429832
2.4149999618530	-14.098447281356
2.4196999073029	-14.237121120098
2.4244000911713	-14.381820722738
2.4291000366211	-14.532213673379
2.4337999820709	-14.688448432488
2.4384999275208	-14.851185792993
2.4432001113892	-15.021533853522
2.4479000568390	-15.200857806505
2.4526000022888	-15.390529228369
2.4572999477386	-15.591695698985
2.4619998931885	-15.805103822571
2.4667000770569	-16.031010683835
2.4714000225067	-16.269237338827
2.4760999679565	-16.519321125425
2.4807999134064	-16.780782625825
2.4855000972748	-17.053387798367
2.4902000427246	-17.337399111394
2.4948999881744	-17.633720648837
2.4995999336243	-17.943903397532
2.5043001174927	-18.270023966307
2.5090000629425	-18.614439715949
2.5137000083923	-18.979475642580
2.5183999538422	-19.367132413656
2.5230998992920	-19.778858527874
2.5278000831604	-20.215437421268
2.5325000286102	-20.676970354427
2.5371999740601	-21.162999541246
2.5418999195099	-21.672642039949
2.5466001033783	-22.204708652436
2.5513000488281	-22.757638664049
2.5559999942780	-23.329144407191
2.5606999397278	-23.915411915809
2.5653998851776	-24.509785517982
2.5701000690460	-25.100947573477
2.5748000144958	-25.670787104201
2.5794999599457	-26.192726574562
2.5841999053955	-26.631661210004
2.5889000892639	-26.947557998942
2.5936000347137	-27.103587057311
2.5982999801636	-27.076984068845
2.6029999256134	-26.867097698650
2.6077001094818	-26.495261176894
2.6124000549316	-25.996811509527
2.6171000003815	-25.410796839673
2.6217999458313	-24.772326585637
2.6264998912811	-24.109354351150
2.6312000751495	-23.442422183964
2.6359000205994	-22.785794344905
2.6405999660492	-22.148811642546
2.6452999114990	-21.537093488556
2.6500000953674	-20.953429861570
2.6547000408173	-20.398447951294
2.6593999862671	-19.871249145505
2.6640999317169	-19.369899291350
2.6688001155853	-18.891939930424
2.6735000610352	-18.434874998222
2.6782000064850	-17.996517133207
2.6828999519348	-17.575247826922
2.6875998973846	-17.170101935450
2.6923000812531	-16.780689832227
2.6970000267029	-16.407006819781
2.7016999721527	-16.049184291722
2.7063999176025	-15.707199936034
2.7111001014709	-15.380699735657
2.7158000469208	-15.068886262605
2.7204999923706	-14.770553592882
2.7251999378204	-14.484209419840
2.7298998832703	-14.208280679926
2.7346000671387	-13.941342936651
2.7393000125885	-13.682314937101
2.7439999580383	-13.430570150296
2.7486999034882	-13.185942773106
2.7534000873566	-12.948641657359
2.7581000328064	-12.719048517128
2.7627999782562	-12.497533246036
2.7674999237061	-12.284256396302
2.7722001075745	-12.079046613984
2.7769000530243	-11.881375934228
2.7815999984741	-11.690429536851
2.7862999439240	-11.505230753138
2.7909998893738	-11.324836758677
2.7957000732422	-11.148511890519
2.8004000186920	-10.975829712086
2.8050999641418	-10.806731166860
2.8097999095917	-10.641470750897
2.8145000934601	-10.480477296775
2.8192000389099	-10.324201450219
2.8238999843597	-10.172950910681
2.8285999298096	-10.026770060693
2.8333001136780	-9.8853951061630
2.8380000591278	-9.7483009612767
2.8427000045776	-9.6147934555959
2.8473999500275	-9.4841719755074
2.8520998954773	-9.3558721242510
2.8568000793457	-9.2295830717590
2.8615000247955	-9.1052979839185
2.8661999702454	-8.9832688022841
2.8708999156952	-8.8639239612610
2.8756000995636	-8.7477258749236
2.8803000450134	-8.6350181269797
2.8849999904633	-8.5259253955328
2.8896999359131	-8.4203123694351
2.8943998813629	-8.3177900072520
2.8991000652313	-8.2178214302868
2.9038000106812	-8.1198422292741
2.9084999561310	-8.0233939355728
2.9131999015808	-7.9282343031226
2.9179000854492	-7.8343753575472
2.9226000308990	-7.7420759194442
2.9272999763489	-7.6517384540565
2.9319999217987	-7.5638093485440
2.9367001056671	-7.4786335635321
2.9414000511169	-7.3963571945808
2.9460999965668	-7.3168937635683
2.9507999420166	-7.2399334552170
2.9554998874664	-7.1650195612383
2.9602000713348	-7.0916662183106
2.9649000167847	-7.0194775901563
2.9695999622345	-6.9482492206089
2.9742999076843	-6.8780093456576
2.9790000915527	-6.8089961650092
2.9837000370026	-6.7415922198315
2.9883999824524	-6.6762122480417
2.9930999279022	-6.6131779268717
2.9978001117706	-6.5526406185396
3.0025000572205	-6.4945245397963
3.0072000026703	-6.4385507030164
3.0118999481201	-6.3843096297281
3.0165998935699	-6.3313584117996
3.0213000774384	-6.2793444752078
3.0260000228882	-6.2280786464129
3.0306999683380	-6.1775963004616
3.0353999137878	-6.1281272694146
3.0401000976562	-6.0800290973477
3.0448000431061	-6.0336809213222
3.0494999885559	-5.9893854081323
3.0541999340057	-5.9472805992074
3.0589001178741	-5.9072898292306
3.0636000633240	-5.8691518674794
3.0683000087738	-5.8324775522959
3.0729999542236	-5.7968561935270
3.0776998996735	-5.7619586685613
3.0824000835419	-5.7276162940359
3.0871000289917	-5.6938692594077
3.0917999744415	-5.6609338149255
3.0964999198914	-5.6291535543241
3.1012001037598	-5.5988874661489
3.1059000492096	-5.5704177294915
3.1105999946594	-5.5438631388244
3.1152999401093	-5.5191486512980
3.1199998855591	-5.4960128832230
3.1247000694275	-5.4740851611688
3.1294000148773	-5.4529759680885
3.1340999603271	-5.4323708877366
3.1387999057770	-5.4121261714164
3.1435000896454	-5.3922781886617
3.1482000350952	-5.3730535966614
3.1528999805450	-5.3547800251429
3.1575999259949	-5.3378008817636
3.1623001098633	-5.3223810954057
3.1670000553131	-5.3086222399812
3.1717000007629	-5.2964315762763
3.1763999462128	-5.2855492880525
3.1810998916626	-5.2756080944820
3.1858000755310	-5.2662241565966
3.1905000209808	-5.2570972937887
3.1951999664307	-5.2480916246428
3.1998999118805	-5.2392546956690
3.2046000957489	-5.2307990122340
3.2093000411987	-5.2230486376959
3.2139999866486	-5.2163243841842
3.2186999320984	-5.2108623734068
3.2234001159668	-5.2067303916855
3.2281000614166	-5.2038125211121
3.2328000068665	-5.2018196053910
3.2374999523163	-5.2003639594968
3.2421998977661	-5.1990509036037
3.2469000816345	-5.1975750624506
3.2516000270844	-5.1957908107216
3.2562999725342	-5.1937328781665
3.2609999179840	-5.1916039644167
3.2657001018524	-5.1896843239745
3.2704000473022	-5.1882594882540
3.2750999927521	-5.1875041059839
3.2797999382019	-5.1874199140365
3.2844998836517	-5.1878227815812
3.2892000675201	-5.1883527317374
3.2939000129700	-5.1885615367882
3.2985999584198	-5.1879981874878
3.3032999038696	-5.1863146665460
3.3080000877380	-5.1833202119355
3.3127000331879	-5.1790122922839
3.3173999786377	-5.1735401471083
3.3220999240875	-5.1671249414119
3.3268001079559	-5.1599667335902
3.3315000534058	-5.1521481032611
3.3361999988556	-5.1435695450601
3.3408999443054	-5.1339403414179
3.3455998897552	-5.1228110427192
3.3503000736237	-5.1096632915702
3.3550000190735	-5.0940087719633
3.3596999645233	-5.0754814697229
3.3643999099731	-5.0539016421159
3.3691000938416	-5.0292944399034
3.3738000392914	-5.0018400357628
3.3784999847412	-4.9717982612376
3.3831999301910	-4.9393963861132
3.3879001140594	-4.9047650351237
3.3926000595093	-4.8678704820525
3.3973000049591	-4.8285241191829
3.4019999504089	-4.7864356039313
3.4066998958588	-4.7413003467490
3.4114000797272	-4.6929082244909
3.4161000251770	-4.6412249454080
3.4207999706268	-4.5864344791856
3.4254999160767	-4.5289379988478
3.4302000999451	-4.4692929475480
3.4349000453949	-4.4081197755188
3.4395999908447	-4.3460039262375
3.4442999362946	-4.2834174381598
3.4489998817444	-4.2206782379413
3.4537000656128	-4.1579531520748
3.4584000110626	-4.0953167380352
3.4630999565125	-4.0328236571112
3.4677999019623	-3.9705964941154
3.4725000858307	-3.9088886969694
3.4772000312805	-3.8481008984216
3.4818999767303	-3.7887669453242
3.4865999221802	-3.7314890115716
3.4913001060486	-3.6768529254155
3.4960000514984	-3.6253432813233
3.5006999969482	-3.5772835419522
3.5053999423981	-3.5328091564522
3.5100998878479	-3.4918802704124
3.5148000717163	-3.4543352972121
3.5195000171661	-3.4199763265798
3.5241999626160	-3.3886380756774
3.5288999080658	-3.3602533691476
3.5336000919342	-3.3348741245652
3.5383000373840	-3.3126694648898
3.5429999828339	-3.2938696336220
3.5476999282837	-3.2786982221192
3.5524001121521	-3.2673075221506
3.5571000576019	-3.2597149149179
3.5618000030518	-3.2557896761812
3.5664999485016	-3.2552601386871
3.5711998939514	-3.2577674646158
3.5759000778198	-3.2629329149181
3.5806000232697	-3.2704395453178
3.5852999687195	-3.2800779804135
3.5899999141693	-3.2917832867087
3.5947000980377	-3.3056268595935
3.5994000434875	-3.3217647713655
3.6040999889374	-3.3403775910439
3.6087999343872	-3.3615948476277
3.6135001182556	-3.3854368507985
3.6182000637054	-3.4117852743888
3.6229000091553	-3.4403992971015
3.6275999546051	-3.4709441880931
3.6322999000549	-3.5030780928839
3.6370000839233	-3.5365063630070
3.6417000293732	-3.5710565127499
3.6463999748230	-3.6067001511884
3.6510999202728	-3.6435562464974
3.6558001041412	-3.6818325582457
3.6605000495911	-3.7217725882366
3.6651999950409	-3.7635637839422
3.6698999404907	-3.8072891585829
3.6745998859406	-3.8528828867197
3.6793000698090	-3.9001412062345
3.6840000152588	-3.9487628043224
3.6886999607086	-3.9984214106504
3.6933999061584	-4.0488405428833
3.6981000900269	-4.0998638131852
3.7028000354767	-4.1514868057514
3.7074999809265	-4.2038532847053
3.7121999263763	-4.2572123461203
3.7169001102448	-4.3118417162563
3.7216000556946	-4.3679629287710
3.7263000011444	-4.4256786882439
3.7309999465942	-4.4849247408977
3.7356998920441	-4.5454817016180
3.7404000759125	-4.6070158424363
3.7451000213623	-4.6691588849349
3.7497999668121	-4.7315917495248
3.7544999122620	-4.7941214847658
3.7592000961304	-4.8567254332398
3.7639000415802	-4.9195404179330
3.7685999870300	-4.9828144360921
3.7732999324799	-5.0468241067023
3.7780001163483	-5.1117813050677
3.7827000617981	-5.1777509563537
3.7874000072479	-5.2446131672652
3.7920999526978	-5.3120596602999
3.7967998981476	-5.3796599656749
3.8015000820160	-5.4469404095296
3.8062000274658	-5.5134928485815
3.8108999729156	-5.5790594580964
3.8155999183655	-5.6435731842595
3.8203001022339	-5.7071559747729
3.8250000476837	-5.7700521709369
3.8296999931335	-5.8325307807859
3.8343999385834	-5.8947749055039
3.8390998840332	-5.9567938829256
3.8438000679016	-6.0183811846110
3.8485000133514	-6.0791291859667
3.8531999588013	-6.1384971732433
3.8578999042511	-6.1959330832289
3.8626000881195	-6.2509828769125
3.8673000335693	-6.3033964245785
3.8719999790192	-6.3531612486029
3.8766999244690	-6.4004907323403
3.8814001083374	-6.4457318351029
3.8861000537872	-6.4892480589697
3.8907999992371	-6.5312930525363
3.8954999446869	-6.5719154516161
3.9001998901367	-6.6109275635231
3.9049000740051	-6.6479401193309
3.9096000194550	-6.6824591767705
3.9142999649048	-6.7140216271525
3.9189999103546	-6.7423247065704
3.9237000942230	-6.7673220449744
3.9284000396729	-6.7892472553187
3.9330999851227	-6.8085629117084
3.9377999305725	-6.8258527867261
3.9425001144409	-6.8416725811319
3.9472000598907	-6.8564208823212
3.9519000053406	-6.8702528986333
3.9565999507904	-6.8830636075633
3.9612998962402	-6.8945489262293
3.9660000801086	-6.9043236753852
3.9707000255585	-6.9120705297518
3.9753999710083	-6.9176601611561
3.9800999164581	-6.9212418249992
3.9848001003265	-6.9232303379169
3.9895000457764	-6.9242471766484
3.9941999912262	-6.9249764207457
3.9988999366760	-6.9260228735749
4.0036001205444	-6.9277834708048
4.0082998275757	-6.9303760061117
4.0130000114441	-6.9336495994430
4.0177001953125	-6.9372554086166
4.0223999023438	-6.9407866747389
4.0271000862122	-6.9439183459385
4.0317997932434	-6.9465405067200
4.0364999771118	-6.9488121054669
4.0412001609802	-6.9511594543948
4.0458998680115	-6.9541804766851
4.0506000518799	-6.9585112702284
4.0553002357483	-6.9646772498833
4.0599999427795	-6.9729767255255
4.0647001266479	-6.9834146710517
4.0693998336792	-6.9957258748937
4.0741000175476	-7.0094636923159
4.0788002014160	-7.0241342607775
4.0834999084473	-7.0393541403894
4.0882000923157	-7.0549638993098
4.0928997993469	-7.0710935204808
4.0975999832153	-7.0881404016469
4.1023001670837	-7.1066766659182
4.1069998741150	-7.1273007646885
4.1117000579834	-7.1504948082853
4.1163997650146	-7.1764927306724
4.1210999488831	-7.2052316378985
4.1258001327515	-7.2363706510345
4.1304998397827	-7.2693846511174
4.1352000236511	-7.3037176358904
4.1399002075195	-7.3389312588843
4.1445999145508	-7.3748436422717
4.1493000984192	-7.4115852104947
4.1539998054504	-7.4495751926240
4.1586999893188	-7.4894218545784
4.1634001731873	-7.5317679265435
4.1680998802185	-7.5771282088445
4.1728000640869	-7.6257569332969
4.1774997711182	-7.6775836679557
4.1821999549866	-7.7322394408603
4.1869001388550	-7.7891657127253
4.1915998458862	-7.8477690895766
4.1963000297546	-7.9076000464154
4.2010002136230	-7.9684946640324
4.2056999206543	-8.0306474989537
4.2104001045227	-8.0945841603864
4.2150998115540	-8.1610520915449
4.2197999954224	-8.2308351730799
4.2245001792908	-8.3045793265524
4.2291998863220	-8.3826269666978
4.2339000701904	-8.4649378756188
4.2385997772217	-8.5511092351335
4.2432999610901	-8.6404880387678
4.2480001449585	-8.7323433653125
4.2526998519897	-8.8260684673255
4.2574000358582	-8.9213506837360
4.2621002197266	-9.0182529039281
4.2667999267578	-9.1171939375684
4.2715001106262	-9.2188176398228
4.2761998176575	-9.3237982952079
4.2809000015259	-9.4326027137582
4.2856001853943	-9.5453224753235
4.2902998924255	-9.6615838958234
4.2950000762939	-9.7805750063309
4.2996997833252	-9.9012040747113
4.3043999671936	-10.022350584266
4.3091001510620	-10.143128131075
4.3137998580933	-10.263121495775
4.3185000419617	-10.382493676422
4.3232002258301	-10.501954358078
4.3278999328613	-10.622563900152
4.3326001167297	-10.745452784688
4.3372998237610	-10.871506947712
4.3420000076294	-11.001123300082
4.3467001914978	-11.134081001938
4.3513998985291	-11.269596931978
4.3561000823975	-11.406531725506
4.3607997894287	-11.543713156107
4.3654999732971	-11.680287773417
4.3702001571655	-11.816002926222
4.3748998641968	-11.951329222811
4.3796000480652	-12.087377622598
4.3843002319336	-12.225624140140
4.3889999389648	-12.367523186596
4.3937001228333	-12.514102346249
4.3983998298645	-12.665660092956
4.4031000137329	-12.821650934038
4.4078001976013	-12.980792208977
4.4124999046326	-13.141389352564
4.4172000885010	-13.301795739478
4.4218997955322	-13.460895308002
4.4265999794006	-13.618454106988
4.4313001632690	-13.775236684737
4.4359998703003	-13.932822765747
4.4407000541687	-14.093169134753
4.4454002380371	-14.258043590910
4.4500999450684	-14.428473648990
4.4548001289368	-14.604376573962
4.4594998359680	-14.784471698305
4.4642000198364	-14.966529113923
4.4689002037048	-15.147896853805
4.4735999107361	-15.326216905180
4.4783000946045	-15.500083350550
4.4829998016357	-15.669479045959
4.4876999855042	-15.835767101412
4.4924001693726	-16.001267376306
4.4970998764038	-16.168498148285
4.5018000602722	-16.339296094482
4.5064997673035	-16.514089409389
4.5111999511719	-16.691521522236
4.5159001350403	-16.868564164904
4.5205998420715	-17.041123462905
4.5253000259399	-17.205046595359
4.5300002098083	-17.357228139988
4.5346999168396	-17.496463695856
4.5394001007080	-17.623731020265
4.5440998077393	-17.741733282403
4.5487999916077	-17.853871254461
4.5535001754761	-17.962902593730
4.5581998825073	-18.069817023493
4.5629000663757	-18.173174704778
4.5675997734070	-18.269191844091
4.5722999572754	-18.352597164774
4.5770001411438	-18.418089954864
4.5816998481750	-18.461912236497
4.5864000320435	-18.483065050748
4.5911002159119	-18.483622938977
4.5957999229431	-18.468045887170
4.6005001068115	-18.441677509309
4.6051998138428	-18.409034087692
4.6098999977112	-18.372479385419
4.6146001815796	-18.331563941502
4.6192998886108	-18.283319203927
4.6240000724792	-18.223337053176
4.6286997795105	-18.147373960792
4.6333999633789	-18.052950766014
4.6381001472473	-17.940400222542
4.6427998542786	-17.812971951641
4.6475000381470	-17.675980483536
4.6522002220154	-17.535335055705
4.6568999290466	-17.395968494692
4.6616001129150	-17.260655072279
4.6662998199463	-17.129538575526
4.6710000038147	-17.000372533076
4.6757001876831	-16.869453981577
4.6803998947144	-16.732940014735
4.6851000785828	-16.588178460921
4.6897997856140	-16.434675192283
4.6944999694824	-16.274336661231
4.6992001533508	-16.110989136583
4.7038998603821	-15.949292816468
4.7086000442505	-15.793501538670
4.7133002281189	-15.646387827045
4.7179999351501	-15.508645826655
4.7227001190186	-15.378849766186
4.7273998260498	-15.253985915804
4.7321000099182	-15.130388302147
4.7368001937866	-15.004850534610
4.7414999008179	-14.875604455782
4.7462000846863	-14.742862541563
4.7508997917175	-14.608772839817
4.7555999755859	-14.476802905503
4.7603001594543	-14.350761193887
4.7649998664856	-14.233796160860
4.7697000503540	-14.127573638342
4.7744002342224	-14.031920704448
4.7790999412537	-13.944905736655
4.7838001251221	-13.863415846145
4.7884998321533	-13.784026602169
4.7932000160217	-13.703958859821
4.7979001998901	-13.621887526244
4.8025999069214	-13.538324346782
4.8073000907898	-13.455476939811
4.8119997978210	-13.376618076066
4.8166999816895	-13.305158002422
4.8214001655579	-13.243699138724
4.8260998725891	-13.193324042615
4.8308000564575	-13.153224663437
4.8354997634888	-13.120831260511
4.8401999473572	-13.092320590542
4.8449001312256	-13.063462157318
4.8495998382568	-13.030560259692
4.8543000221252	-12.991239990643
4.8590002059937	-12.944850653748
4.8636999130249	-12.892379242343
4.8684000968933	-12.835872748815
4.8730998039246	-12.777586589099
4.8777999877930	-12.719179747407
4.8825001716614	-12.661142380739
4.8871998786926	-12.602665588658
4.8919000625610	-12.541989822022
4.8965997695923	-12.477088429521
4.9012999534607	-12.406525710719
4.9060001373291	-12.330171188435
4.9106998443604	-12.249572313031
4.9154000282288	-12.167770806295
4.9201002120972	-12.088702469641
4.9247999191284	-12.016273085329
4.9295001029968	-11.953447596397
4.9341998100281	-11.901541789098
4.9388999938965	-11.859902814076
4.9436001777649	-11.826075576628
4.9482998847961	-11.796390301779
4.9530000686646	-11.766880546248
4.9576997756958	-11.734302333609
4.9623999595642	-11.696998809072
4.9671001434326	-11.655315388590
4.9717998504639	-11.611425929876
4.9765000343323	-11.568644045801
4.9812002182007	-11.530375564317
4.9858999252319	-11.499068623321
4.9906001091003	-11.475401858159
4.9952998161316	-11.457928769946
5.0000000000000	-11.443258517239
#Parameters = {R_fat=48; R_glandular=38; R_skin_outer=50; T10=5; T15=7.5; T5=2.5; T_rad=4; T_x=10; T_y=0; T_z=75; Zc=65; skin_thickness=2; Mesh Pass=5}
#"Frequency / GHz"	"S1,1 (Mesh Pass=5) [Magnitude / dB]"
#-------------------------------------------------------
0.30000001192093	-23.120240204429
0.30469998717308	-24.071844093559
0.30939999222755	-24.275768820293
0.31409999728203	-23.692630028360
0.31880000233650	-22.797755815400
0.32350000739098	-22.049137179525
0.32820001244545	-21.692696116676
0.33289998769760	-21.863567431724
0.33759999275208	-22.693125405616
0.34229999780655	-24.383828523060
0.34700000286102	-27.162694874880
0.35170000791550	-29.538970493249
0.35640001296997	-26.371580196980
0.36109998822212	-21.760670784731
0.36579999327660	-18.160613104260
0.37049999833107	-15.392434383776
0.37520000338554	-13.218675561685
0.37990000844002	-11.503145393788
0.38460001349449	-10.171083411396
0.38929998874664	-9.1787935428241
0.39399999380112	-8.4955869725081
0.39869999885559	-8.0939798926567
0.40340000391006	-7.9461557133490
0.40810000896454	-8.0247137723020
0.41280001401901	-8.3053952909142
0.41749998927116	-8.7696151070438
0.42219999432564	-9.4053977714107
0.42689999938011	-10.205849111412
0.43160000443459	-11.163769859831
0.43630000948906	-12.259422655884
0.44100001454353	-13.436536800838
0.44569998979568	-14.566303656061
0.45039999485016	-15.431290196216
0.45509999990463	-15.815516540055
0.45980000495911	-15.692984086876
0.46450001001358	-15.260936160285
0.46919998526573	-14.761086882522
0.47389999032021	-14.352228418729
0.47859999537468	-14.107461983519
0.48330000042915	-14.048807944348
0.48800000548363	-14.171742315348
0.49270001053810	-14.454549371570
0.49739998579025	-14.856807228713
0.50209999084473	-15.312081677058
0.50679999589920	-15.723863083107
0.51150000095367	-15.981189507993
0.51620000600815	-16.004407887353
0.52090001106262	-15.793206608374
0.52560001611710	-15.425103559993
0.53030002117157	-15.005699893632
0.53500002622604	-14.622908963822
0.53969997167587	-14.331339433439
0.54439997673035	-14.155864228639
0.54909998178482	-14.098897329232
0.55379998683929	-14.144701983520
0.55849999189377	-14.260375799935
0.56319999694824	-14.396495637747
0.56790000200272	-14.492601963360
0.57260000705719	-14.491976256764
0.57730001211166	-14.362814021865
0.58200001716614	-14.112175119457
0.58670002222061	-13.780708506980
0.59140002727509	-13.422889018656
0.59609997272491	-13.087940877104
0.60079997777939	-12.810023578746
0.60549998283386	-12.606231616413
0.61019998788834	-12.477859307555
0.61489999294281	-12.412071159381
0.61959999799728	-12.383747397656
0.62430000305176	-12.358845452799
0.62900000810623	-12.301084171965
0.63370001316071	-12.181790382862
0.63840001821518	-11.989292291838
0.64310002326965	-11.732462098893
0.64780002832413	-11.435989723415
0.65249997377396	-11.130851830388
0.65719997882843	-10.845232285892
0.66189998388290	-10.599006420092
0.66659998893738	-10.401530541355
0.67129999399185	-10.251464487832
0.67599999904633	-10.137745650874
0.68070000410080	-10.041679159562
0.68540000915527	-9.9406302577253
0.69010001420975	-9.8133491842694
0.69480001926422	-9.6457802259416
0.69950002431870	-9.4350521177311
0.70420002937317	-9.1896976498740
0.70889997482300	-8.9261620782194
0.71359997987747	-8.6634911764031
0.71829998493195	-8.4184718540402
0.72299998998642	-8.2023606716169
0.72769999504089	-8.0193283420554
0.73240000009537	-7.8662425157114
0.73710000514984	-7.7335897698565
0.74180001020432	-7.6075523684183
0.74650001525879	-7.4731729256218
0.75120002031326	-7.3181026345420
0.75590002536774	-7.1358823053045
0.76059997081757	-6.9274886438442
0.76529997587204	-6.7006128038255
0.76999998092651	-6.4670769120910
0.77469998598099	-6.2395179037956
0.77939999103546	-6.0284196684694
0.78409999608994	-5.8400641137634
0.78880000114441	-5.6755269247828
0.79350000619888	-5.5307111234587
0.79820001125336	-5.3973718944631
0.80290001630783	-5.2650436735767
0.80760002136230	-5.1236212450722
0.81230002641678	-4.9659534490105
0.81699997186661	-4.7896962259180
0.82169997692108	-4.5977689148340
0.82639998197556	-4.3973372179199
0.83109998703003	-4.1977589039863
0.83579999208450	-4.0082156005380
0.84049999713898	-3.8356342307290
0.84520000219345	-3.6832984262699
0.84990000724792	-3.5502654638391
0.85460001230240	-3.4317024534337
0.85930001735687	-3.3200721893766
0.86400002241135	-3.2069970231696
0.86870002746582	-3.0854538308296
0.87339997291565	-2.9516535039393
0.87809997797012	-2.8060781138919
0.88279998302460	-2.6533218992053
0.88749998807907	-2.5008399881788
0.89219999313354	-2.3570563390098
0.89689999818802	-2.2293469165449
0.90160000324249	-2.1223955071606
0.90630000829697	-2.0372085883970
0.91100001335144	-1.9709768372511
0.91570001840591	-1.9178134519884
0.92040002346039	-1.8702883950603
0.92510002851486	-1.8214616778929
0.92979997396469	-1.7669235044577
0.93449997901917	-1.7062312068208
0.93919998407364	-1.6433129104828
0.94389998912811	-1.5856842527612
0.94859999418259	-1.5427579419795
0.95329999923706	-1.5237205463203
0.95800000429153	-1.5355911510112
0.96270000934601	-1.5818379289132
0.96740001440048	-1.6619018506706
0.97210001945496	-1.7717377516235
0.97680002450943	-1.9053730041987
0.98150002956390	-2.0572506415399
0.98619997501373	-2.2249626070304
0.99089998006821	-2.4116645309683
0.99559998512268	-2.6275514362099
1.0003000497818	-2.8899568926656
1.0049999952316	-3.2222716405117
1.0096999406815	-3.6522841862002
1.0144000053406	-4.2109999528878
1.0190999507904	-4.9328123992182
1.0238000154495	-5.8580100484323
1.0284999608994	-7.0386013328306
1.0332000255585	-8.5490917887158
1.0378999710083	-10.504521457113
1.0426000356674	-13.079637472979
1.0472999811172	-16.403823302395
1.0520000457764	-19.205360695264
1.0566999912262	-17.525308683170
1.0614000558853	-13.965209198037
1.0661000013351	-11.045232930259
1.0707999467850	-8.8178162370596
1.0755000114441	-7.0948063880580
1.0801999568939	-5.7433959915038
1.0849000215530	-4.6786102860532
1.0895999670029	-3.8429185318539
1.0943000316620	-3.1933101705794
1.0989999771118	-2.6941781772182
1.1037000417709	-2.3139131382840
1.1083999872208	-2.0238971566724
1.1131000518799	-1.7989766661698
1.1177999973297	-1.6185621730622
1.1224999427795	-1.4676388189205
1.1272000074387	-1.3371144777250
1.1318999528885	-1.2232332955844
1.1366000175476	-1.1261393921624
1.1412999629974	-1.0479767969830
1.1460000276566	-0.99100903329790
1.1506999731064	-0.95617526355770
1.1554000377655	-0.94231356345754
1.1600999832153	-0.94612091674951
1.1648000478745	-0.96270503098082
1.1694999933243	-0.98657127234364
1.1742000579834	-1.0127338682907
1.1789000034332	-1.0376843945426
1.1835999488831	-1.0599795353699
1.1883000135422	-1.0802746555883
1.1929999589920	-1.1008286742574
1.1977000236511	-1.1246589465073
1.2023999691010	-1.1545796146643
1.2071000337601	-1.1923894176948
1.2117999792099	-1.2384163825748
1.2165000438690	-1.2914474151064
1.2211999893188	-1.3490608695458
1.2259000539780	-1.4082591371912
1.2305999994278	-1.4661961734998
1.2352999448776	-1.5208677024198
1.2400000095367	-1.5715587807186
1.2446999549866	-1.6189377312898
1.2494000196457	-1.6648022614432
1.2540999650955	-1.7115167520137
1.2588000297546	-1.7613724064199
1.2634999752045	-1.8159829620906
1.2682000398636	-1.8758980788544
1.2728999853134	-1.9405117714337
1.2776000499725	-2.0082406136926
1.2822999954224	-2.0769576295117
1.2869999408722	-2.1445239737822
1.2917000055313	-2.2093381941089
1.2963999509811	-2.2707145391306
1.3011000156403	-2.3290367741929
1.3057999610901	-2.3856183245493
1.3105000257492	-2.4423338456651
1.3151999711990	-2.5011248931450
1.3199000358582	-2.5635096361675
1.3245999813080	-2.6302325068419
1.3293000459671	-2.7011070099789
1.3339999914169	-2.7751007278989
1.3387000560760	-2.8506173929717
1.3434000015259	-2.9259138903414
1.3480999469757	-2.9995369185628
1.3528000116348	-3.0706974026946
1.3574999570847	-3.1394535919035
1.3622000217438	-3.2066945579878
1.3668999671936	-3.2738999085715
1.3716000318527	-3.3427649664418
1.3762999773026	-3.4147902540813
1.3810000419617	-3.4909354802561
1.3856999874115	-3.5714127737269
1.3904000520706	-3.6556797150095
1.3950999975204	-3.7425969550217
1.3997999429703	-3.8307293245495
1.4045000076294	-3.9187254070714
1.4091999530792	-4.0056545220966
1.4139000177383	-4.0912550979475
1.4185999631882	-4.1760098723803
1.4233000278473	-4.2610367138987
1.4279999732971	-4.3478228798989
1.4327000379562	-4.4378859940112
1.4373999834061	-4.5324280235790
1.4421000480652	-4.6320982414428
1.4467999935150	-4.7368607940132
1.4515000581741	-4.8460578629003
1.4562000036240	-4.9585955980504
1.4608999490738	-5.0732263885350
1.4656000137329	-5.1888921489227
1.4702999591827	-5.3050010076001
1.4750000238419	-5.4216108355296
1.4796999692917	-5.5394442518630
1.4844000339508	-5.6597625416472
1.4890999794006	-5.7840893185011
1.4938000440598	-5.9139090661103
1.4984999895096	-6.0503573292673
1.5032000541687	-6.1940104946593
1.5078999996185	-6.3447991127085
1.5125999450684	-6.5020677774835
1.5173000097275	-6.6647638300101
1.5219999551773	-6.8317262119627
1.5267000198364	-7.0020023321507
1.5313999652863	-7.1751312462001
1.5361000299454	-7.3513188809890
1.5407999753952	-7.5314628064522
1.5455000400543	-7.7170143496521
1.5501999855042	-7.9097147329713
1.5549000501633	-8.1112689763974
1.5595999956131	-8.3230193745550
1.5642999410629	-8.5457027683884
1.5690000057220	-8.7793328518015
1.5736999511719	-9.0232332384638
1.5784000158310	-9.2762286439067
1.5830999612808	-9.5369606501774
1.5878000259399	-9.8042592091263
1.5924999713898	-10.077514434851
1.5972000360489	-10.356922210478
1.6018999814987	-10.643568671597
1.6066000461578	-10.939312478196
1.6112999916077	-11.246477101130
1.6160000562668	-11.567434197295
1.6207000017166	-11.904165483400
1.6253999471664	-12.257884977776
1.6301000118256	-12.628807379569
1.6347999572754	-13.016111308160
1.6395000219345	-13.418127749184
1.6441999673843	-13.832732377379
1.6489000320435	-14.257876965589
1.6535999774933	-14.692154915451
1.6583000421524	-15.135283118322
1.6629999876022	-15.588292202262
1.6677000522614	-16.053453295899
1.6723999977112	-16.533835747102
1.6770999431610	-17.032672937302
1.6818000078201	-17.552541225907
1.6864999532700	-18.094645025560
1.6912000179291	-18.658148247170
1.6958999633789	-19.239785072866
1.7006000280380	-19.833718929797
1.7052999734879	-20.431714260902
1.7100000381470	-21.023573078168
1.7146999835968	-21.597743748454
1.7194000482559	-22.142079188099
1.7240999937057	-22.644442049134
1.7288000583649	-23.093269976327
1.7335000038147	-23.478179801714
1.7381999492645	-23.790596947534
1.7429000139236	-24.024709428441
1.7475999593735	-24.178277486926
1.7523000240326	-24.253124244003
1.7569999694824	-24.254791778192
1.7617000341415	-24.191393131704
1.7663999795914	-24.072089989962
1.7711000442505	-23.905755440307
1.7757999897003	-23.700292359934
1.7805000543594	-23.462721533924
1.7851999998093	-23.199797898219
1.7898999452591	-22.918671498974
1.7946000099182	-22.627280189144
1.7992999553680	-22.334214340290
1.8040000200272	-22.048099308190
1.8086999654770	-21.776734553688
1.8134000301361	-21.526200755141
1.8180999755859	-21.300218172111
1.8228000402451	-21.099834770481
1.8274999856949	-20.923528898239
1.8322000503540	-20.767686319238
1.8368999958038	-20.627452799119
1.8415999412537	-20.497778621429
1.8463000059128	-20.374517793529
1.8509999513626	-20.255320505247
1.8557000160217	-20.140095736031
1.8603999614716	-20.030903340016
1.8651000261307	-19.931372825108
1.8697999715805	-19.845738483842
1.8745000362396	-19.777836587395
1.8791999816895	-19.730255929267
1.8839000463486	-19.703753461861
1.8885999917984	-19.697157820564
1.8933000564575	-19.707585393434
1.8980000019073	-19.731031445615
1.9026999473572	-19.763260933699
1.9074000120163	-19.800703582483
1.9120999574661	-19.841306338572
1.9168000221252	-19.884969169625
1.9214999675751	-19.933578456704
1.9262000322342	-19.990514298435
1.9308999776840	-20.059897948430
1.9356000423431	-20.145629454012
1.9402999877930	-20.250599282288
1.9450000524521	-20.376085558756
1.9496999979019	-20.521533923760
1.9543999433517	-20.684678786929
1.9591000080109	-20.862000359861
1.9637999534607	-21.049432184793
1.9685000181198	-21.243241629269
1.9731999635696	-21.440802434912
1.9779000282288	-21.641159690371
1.9825999736786	-21.845127609080
1.9873000383377	-22.054967410034
1.9919999837875	-22.273628149118
1.9967000484467	-22.503860264731
2.0013999938965	-22.747229626800
2.0060999393463	-23.003342675587
2.0107998847961	-23.269321837473
2.0155000686646	-23.539591573646
2.0202000141144	-23.806007536791
2.0248999595642	-24.058335915327
2.0295999050140	-24.285032723587
2.0343000888824	-24.474277835389
2.0390000343323	-24.615128085708
2.0436999797821	-24.698636783934
2.0483999252319	-24.718735205909
2.0531001091003	-24.672799047977
2.0578000545502	-24.561762371021
2.0625000000000	-24.389774105519
2.0671999454498	-24.163423995933
2.0718998908997	-23.890675406522
2.0766000747681	-23.579841430530
2.0813000202179	-23.238563064406
2.0859999656677	-22.873284390809
2.0906999111176	-22.489034602734
2.0954000949860	-22.089658567752
2.1001000404358	-21.678301101135
2.1047999858856	-21.257979061603
2.1094999313354	-20.832044531328
2.1142001152039	-20.404424064321
2.1189000606537	-19.979507383530
2.1236000061035	-19.561883918545
2.1282999515533	-19.155827937456
2.1329998970032	-18.764848047303
2.1377000808716	-18.391267837744
2.1424000263214	-18.036070883387
2.1470999717712	-17.698871042621
2.1517999172211	-17.378157137613
2.1565001010895	-17.071689726609
2.1612000465393	-16.777008601045
2.1658999919891	-16.491962071525
2.1705999374390	-16.215118390763
2.1752998828888	-15.946036378098
2.1800000667572	-15.685252404100
2.1847000122070	-15.434071981024
2.1893999576569	-15.194189261289
2.1940999031067	-14.967228172782
2.1988000869751	-14.754343368755
2.2035000324249	-14.555913764120
2.2081999778748	-14.371439358933
2.2128999233246	-14.199621796830
2.2176001071930	-14.038601114816
2.2223000526428	-13.886343221244
2.2269999980927	-13.741034187320
2.2316999435425	-13.601433423842
2.2363998889923	-13.467092636458
2.2411000728607	-13.338383199257
2.2458000183105	-13.216323818363
2.2504999637604	-13.102275908585
2.2551999092102	-12.997562011469
2.2599000930786	-12.903117436260
2.2646000385284	-12.819227091105
2.2692999839783	-12.745444960230
2.2739999294281	-12.680657063731
2.2787001132965	-12.623315743519
2.2834000587463	-12.571759810448
2.2881000041962	-12.524584922072
2.2927999496460	-12.480929172324
2.2974998950958	-12.440640783652
2.3022000789642	-12.404285685087
2.3069000244141	-12.372951471844
2.3115999698639	-12.347965209268
2.3162999153137	-12.330546647049
2.3210000991821	-12.321486768795
2.3257000446320	-12.320960759383
2.3303999900818	-12.328460957224
2.3350999355316	-12.342920102973
2.3397998809814	-12.362938652098
2.3445000648499	-12.387120427700
2.3492000102997	-12.414405257415
2.3538999557495	-12.444295833109
2.3585999011993	-12.477010944737
2.3633000850677	-12.513396068869
2.3680000305176	-12.554737168352
2.3726999759674	-12.602433124467
2.3773999214172	-12.657671452903
2.3821001052856	-12.721155957951
2.3868000507355	-12.792941167473
2.3914999961853	-12.872433641615
2.3961999416351	-12.958550570864
2.4008998870850	-13.049995361410
2.4056000709534	-13.145584629790
2.4103000164032	-13.244583802728
2.4149999618530	-13.346906533802
2.4196999073029	-13.453197253417
2.4244000911713	-13.564702985890
2.4291000366211	-13.683035129535
2.4337999820709	-13.809813531354
2.4384999275208	-13.946339420711
2.4432001113892	-14.093323059103
2.4479000568390	-14.250790950052
2.4526000022888	-14.418106495134
2.4572999477386	-14.594204481167
2.4619998931885	-14.777910582549
2.4667000770569	-14.968318767516
2.4714000225067	-15.165144058857
2.4760999679565	-15.368910056069
2.4807999134064	-15.581004212561
2.4855000972748	-15.803487378491
2.4902000427246	-16.038789969937
2.4948999881744	-16.289303708276
2.4995999336243	-16.557006380883
2.5043001174927	-16.843201638661
2.5090000629425	-17.148398835945
2.5137000083923	-17.472445974523
2.5183999538422	-17.814815583960
2.5230998992920	-18.175067625316
2.5278000831604	-18.553369981880
2.5325000286102	-18.950999985730
2.5371999740601	-19.370661191292
2.5418999195099	-19.816605136091
2.5466001033783	-20.294505678532
2.5513000488281	-20.811160271449
2.5559999942780	-21.374109688675
2.5606999397278	-21.991319735005
2.5653998851776	-22.671120746730
2.5701000690460	-23.422484127253
2.5748000144958	-24.255734411094
2.5794999599457	-25.184040062176
2.5841999053955	-26.225840150733
2.5889000892639	-27.408672265819
2.5936000347137	-28.775518561356
2.5982999801636	-30.395934271213
2.6029999256134	-32.387569750047
2.6077001094818	-34.962426841469
2.6124000549316	-38.522428274263
2.6171000003815	-43.472823762640
2.6217999458313	-44.440435975688
2.6264998912811	-39.320845636814
2.6312000751495	-35.376985149955
2.6359000205994	-32.553421046291
2.6405999660492	-30.397860404072
2.6452999114990	-28.667901170794
2.6500000953674	-27.228131613954
2.6547000408173	-25.995884989475
2.6593999862671	-24.916961384015
2.6640999317169	-23.954348397331
2.6688001155853	-23.082331106162
2.6735000610352	-22.283250564773
2.6782000064850	-21.545235669746
2.6828999519348	-20.860528133074
2.6875998973846	-20.224012390632
2.6923000812531	-19.632028744414
2.6970000267029	-19.081429531594
2.7016999721527	-18.568966843729
2.7063999176025	-18.090967693115
2.7111001014709	-17.643321267110
2.7158000469208	-17.221679923229
2.7204999923706	-16.821795979990
2.7251999378204	-16.439955671962
2.7298998832703	-16.073301044525
2.7346000671387	-15.720020166316
2.7393000125885	-15.379347659886
2.7439999580383	-15.051321691410
2.7486999034882	-14.736477452984
2.7534000873566	-14.435399726692
2.7581000328064	-14.148375800902
2.7627999782562	-13.875139727972
2.7674999237061	-13.614782638315
2.7722001075745	-13.365837405956
2.7769000530243	-13.126496672647
2.7815999984741	-12.894923545982
2.7862999439240	-12.669564933586
2.7909998893738	-12.449409612648
2.7957000732422	-12.234085175421
2.8004000186920	-12.023834058478
2.8050999641418	-11.819332258336
2.8097999095917	-11.621404148669
2.8145000934601	-11.430755432771
2.8192000389099	-11.247703300201
2.8238999843597	-11.072072078863
2.8285999298096	-10.903166159939
2.8333001136780	-10.739913058055
2.8380000591278	-10.581073867111
2.8427000045776	-10.425506519398
2.8473999500275	-10.272401264729
2.8520998954773	-10.121424104907
2.8568000793457	-9.9727432232249
2.8615000247955	-9.8269398697421
2.8661999702454	-9.6847915421546
2.8708999156952	-9.5470576787668
2.8756000995636	-9.4142422891873
2.8803000450134	-9.2864416884644
2.8849999904633	-9.1633236243884
2.8896999359131	-9.0441606443524
2.8943998813629	-8.9280253547826
2.8991000652313	-8.8139881277014
2.9038000106812	-8.7013387173493
2.9084999561310	-8.5897353432618
2.9131999015808	-8.4792698204479
2.9179000854492	-8.3704068809311
2.9226000308990	-8.2638485766270
2.9272999763489	-8.1603343502453
2.9319999217987	-8.0604225244232
2.9367001056671	-7.9643566788377
2.9414000511169	-7.8719829847488
2.9460999965668	-7.7827925588254
2.9507999420166	-7.6960372665989
2.9554998874664	-7.6109215150701
2.9602000713348	-7.5267917895349
2.9649000167847	-7.4432865688798
2.9695999622345	-7.3604181314417
2.9742999076843	-7.2785617837373
2.9790000915527	-7.1983345333580
2.9837000370026	-7.1204216850997
2.9883999824524	-7.0453998548415
2.9930999279022	-6.9735821019401
2.9978001117706	-6.9049299334455
3.0025000572205	-6.8390651091310
3.0072000026703	-6.7753665508485
3.0118999481201	-6.7131166488469
3.0165998935699	-6.6516907597856
3.0213000774384	-6.5907071938518
3.0260000228882	-6.5301103673476
3.0306999683380	-6.4701835522815
3.0353999137878	-6.4114608535037
3.0401000976562	-6.3545803659612
3.0448000431061	-6.3001060640321
3.0494999885559	-6.2483879237040
3.0541999340057	-6.1994665779628
3.0589001178741	-6.1530546866543
3.0636000633240	-6.1086131016320
3.0683000087738	-6.0654876169873
3.0729999542236	-6.0230735878117
3.0776998996735	-5.9809589439891
3.0824000835419	-5.9390404093281
3.0871000289917	-5.8975224505630
3.0917999744415	-5.8568677020884
3.0964999198914	-5.8176696675585
3.1012001037598	-5.7804834702624
3.1059000492096	-5.7456874557830
3.1105999946594	-5.7133664474720
3.1152999401093	-5.6833122992519
3.1199998855591	-5.6550452579204
3.1247000694275	-5.6279559466778
3.1294000148773	-5.6014527220820
3.1340999603271	-5.5751080433250
3.1387999057770	-5.5487614089398
3.1435000896454	-5.5225639306377
3.1482000350952	-5.4969236778686
3.1528999805450	-5.4723955274370
3.1575999259949	-5.4495239774656
3.1623001098633	-5.4287113013243
3.1670000553131	-5.4100900444570
3.1717000007629	-5.3934982786447
3.1763999462128	-5.3785131957715
3.1810998916626	-5.3645566311448
3.1858000755310	-5.3510419181686
3.1905000209808	-5.3375160211865
3.1951999664307	-5.3237818690610
3.1998999118805	-5.3099341967260
3.2046000957489	-5.2963335829384
3.2093000411987	-5.2835008104615
3.2139999866486	-5.2719787435844
3.2186999320984	-5.2621788781508
3.2234001159668	-5.2542705582881
3.2281000614166	-5.2481290111701
3.2328000068665	-5.2433638661146
3.2374999523163	-5.2394108457080
3.2421998977661	-5.2356746090660
3.2469000816345	-5.2316729705405
3.2516000270844	-5.2271570841384
3.2562999725342	-5.2221654599638
3.2609999179840	-5.2170069830427
3.2657001018524	-5.2121598750112
3.2704000473022	-5.2081512838108
3.2750999927521	-5.2053814866926
3.2797999382019	-5.2040304980999
3.2844998836517	-5.2039769875522
3.2892000675201	-5.2048338280074
3.2939000129700	-5.2060161427609
3.2985999584198	-5.2068848439374
3.3032999038696	-5.2069049427764
3.3080000877380	-5.2057587157910
3.3127000331879	-5.2034047268548
3.3173999786377	-5.2000879882130
3.3220999240875	-5.1962257029470
3.3268001079559	-5.1922969425277
3.3315000534058	-5.1886683740012
3.3361999988556	-5.1854797097631
3.3408999443054	-5.1825795607025
3.3455998897552	-5.1795292673093
3.3503000736237	-5.1756841550824
3.3550000190735	-5.1703440958791
3.3596999645233	-5.1628896358216
3.3643999099731	-5.1529266670972
3.3691000938416	-5.1403517129699
3.3738000392914	-5.1253456718367
3.3784999847412	-5.1082828493421
3.3831999301910	-5.0896079073907
3.3879001140594	-5.0696757477028
3.3926000595093	-5.0486201535914
3.3973000049591	-5.0262933322276
3.4019999504089	-5.0022792988107
3.4066998958588	-4.9759745191891
3.4114000797272	-4.9467442439524
3.4161000251770	-4.9140606650350
3.4207999706268	-4.8776488179930
3.4254999160767	-4.8375494005256
3.4302000999451	-4.7941071992234
3.4349000453949	-4.7478937406004
3.4395999908447	-4.6995599711339
3.4442999362946	-4.6496893343524
3.4489998817444	-4.5986780378280
3.4537000656128	-4.5466647223443
3.4584000110626	-4.4935559377839
3.4630999565125	-4.4391013970978
3.4677999019623	-4.3830308104563
3.4725000858307	-4.3251897607593
3.4772000312805	-4.2656601922267
3.4818999767303	-4.2048074672792
3.4865999221802	-4.1432570541039
3.4913001060486	-4.0818165727640
3.4960000514984	-4.0213311617457
3.5006999969482	-3.9625493686745
3.5053999423981	-3.9060089938202
3.5100998878479	-3.8519750985047
3.5148000717163	-3.8004543417015
3.5195000171661	-3.7512624811160
3.5241999626160	-3.7041447674478
3.5288999080658	-3.6588904039302
3.5336000919342	-3.6154542706990
3.5383000373840	-3.5739916088800
3.5429999828339	-3.5348717131646
3.5476999282837	-3.4985973112097
3.5524001121521	-3.4657083368952
3.5571000576019	-3.4366542192080
3.5618000030518	-3.4117034443680
3.5664999485016	-3.3908751390997
3.5711998939514	-3.3739456488500
3.5759000778198	-3.3605066268070
3.5806000232697	-3.3500618779131
3.5852999687195	-3.3421480120318
3.5899999141693	-3.3364350386803
3.5947000980377	-3.3328008953142
3.5994000434875	-3.3313388869781
3.6040999889374	-3.3323190962076
3.6087999343872	-3.3360959359845
3.6135001182556	-3.3429943133071
3.6182000637054	-3.3532110851412
3.6229000091553	-3.3667385908692
3.6275999546051	-3.3833498606601
3.6322999000549	-3.4026307512091
3.6370000839233	-3.4240729428401
3.6417000293732	-3.4471695870356
3.6463999748230	-3.4715369832227
3.6510999202728	-3.4969895931565
3.6558001041412	-3.5235747307407
3.6605000495911	-3.5515353873739
3.6651999950409	-3.5812437185193
3.6698999404907	-3.6130848477459
3.6745998859406	-3.6473415701669
3.6793000698090	-3.6841135434896
3.6840000152588	-3.7232724979296
3.6886999607086	-3.7644886883886
3.6933999061584	-3.8072903469472
3.6981000900269	-3.8511864501753
3.7028000354767	-3.8957733551957
3.7074999809265	-3.9408355159066
3.7121999263763	-3.9863929288625
3.7169001102448	-4.0326962042514
3.7216000556946	-4.0801421181405
3.7263000011444	-4.1291876683820
3.7309999465942	-4.1802005656293
3.7356998920441	-4.2333738548477
3.7404000759125	-4.2886550340945
3.7451000213623	-4.3457586210992
3.7497999668121	-4.4042170652927
3.7544999122620	-4.4634971128107
3.7592000961304	-4.5231294749292
3.7639000415802	-4.5828241741975
3.7685999870300	-4.6425363025902
3.7732999324799	-4.7024793441807
3.7780001163483	-4.7630578841902
3.7827000617981	-4.8247604274268
3.7874000072479	-4.8880153324436
3.7920999526978	-4.9530605878401
3.7967998981476	-5.0198744362273
3.8015000820160	-5.0881445677199
3.8062000274658	-5.1573432013938
3.8108999729156	-5.2268196949198
3.8155999183655	-5.2959707209701
3.8203001022339	-5.3643632519771
3.8250000476837	-5.4318425102521
3.8296999931335	-5.4985484122946
3.8343999385834	-5.5648633054144
3.8390998840332	-5.6312886045329
3.8438000679016	-5.6982815075603
3.8485000133514	-5.7661009282285
3.8531999588013	-5.8347023135024
3.8578999042511	-5.9037119000653
3.8626000881195	-5.9724732325381
3.8673000335693	-6.0401818818863
3.8719999790192	-6.1060650043654
3.8766999244690	-6.1695497966380
3.8814001083374	-6.2303866857769
3.8861000537872	-6.2886908752791
3.8907999992371	-6.3448827619659
3.8954999446869	-6.3995404587638
3.9001998901367	-6.4532166342831
3.9049000740051	-6.5062495306563
3.9096000194550	-6.5586349708998
3.9142999649048	-6.6099933008296
3.9189999103546	-6.6596333307356
3.9237000942230	-6.7067100144939
3.9284000396729	-6.7504326029034
3.9330999851227	-6.7902674350063
3.9377999305725	-6.8260723746509
3.9425001144409	-6.8581430009732
3.9472000598907	-6.8871291107229
3.9519000053406	-6.9138639482435
3.9565999507904	-6.9391389819743
3.9612998962402	-6.9634997857877
3.9660000801086	-6.9871074668367
3.9707000255585	-7.0097051213956
3.9753999710083	-7.0307092921199
3.9800999164581	-7.0493847072468
3.9848001003265	-7.0650721198315
3.9895000457764	-7.0774066909078
3.9941999912262	-7.0864492824170
3.9988999366760	-7.0927154666369
4.0036001205444	-7.0970746725105
4.0082998275757	-7.1005535739828
4.0130000114441	-7.1040996130538
4.0177001953125	-7.1083652680398
4.0223999023438	-7.1135775081173
4.0271000862122	-7.1195124220111
4.0317997932434	-7.1255962743301
4.0364999771118	-7.1310951005551
4.0412001609802	-7.1353539606152
4.0458998680115	-7.1380072285993
4.0506000518799	-7.1391227414137
4.0553002357483	-7.1392179705561
4.0599999427795	-7.1391573916904
4.0647001266479	-7.1399562191055
4.0693998336792	-7.1425371211672
4.0741000175476	-7.1475165891682
4.0788002014160	-7.1550686630921
4.0834999084473	-7.1649044275407
4.0882000923157	-7.1763594464704
4.0928997993469	-7.1885982710153
4.0975999832153	-7.2008441583060
4.1023001670837	-7.2126108358742
4.1069998741150	-7.2238477194780
4.1117000579834	-7.2349708169001
4.1163997650146	-7.2467797169749
4.1210999488831	-7.2602425661730
4.1258001327515	-7.2762680411572
4.1304998397827	-7.2954687592637
4.1352000236511	-7.3180080667528
4.1399002075195	-7.3435590385515
4.1445999145508	-7.3713927452734
4.1493000984192	-7.4005636078743
4.1539998054504	-7.4301588523026
4.1586999893188	-7.4595431755838
4.1634001731873	-7.4885342053441
4.1680998802185	-7.5174553819663
4.1728000640869	-7.5470616684214
4.1774997711182	-7.5783396197889
4.1821999549866	-7.6122518569768
4.1869001388550	-7.6494790758587
4.1915998458862	-7.6902381057801
4.1963000297546	-7.7342103448487
4.2010002136230	-7.7806151602695
4.2056999206543	-7.8283906257665
4.2104001045227	-7.8764656453666
4.2150998115540	-7.9240321974248
4.2197999954224	-7.9707621183950
4.2245001792908	-8.0168963206711
4.2291998863220	-8.0631859860911
4.2339000701904	-8.1106905208625
4.2385997772217	-8.1604994512681
4.2432999610901	-8.2134327907275
4.2480001449585	-8.2698202800620
4.2526998519897	-8.3293931005891
4.2574000358582	-8.3913370481238
4.2621002197266	-8.4544890194874
4.2667999267578	-8.5176272877471
4.2715001106262	-8.5798003257862
4.2761998176575	-8.6405926945649
4.2809000015259	-8.7002620930642
4.2856001853943	-8.7596948675404
4.2902998924255	-8.8202085657474
4.2950000762939	-8.8832308548201
4.2996997833252	-8.9499580983101
4.3043999671936	-9.0210773113044
4.3091001510620	-9.0966146599036
4.3137998580933	-9.1759675246787
4.3185000419617	-9.2580937473490
4.3232002258301	-9.3418332159044
4.3278999328613	-9.4262773138192
4.3326001167297	-9.5110812721756
4.3372998237610	-9.5966430030115
4.3420000076294	-9.6840804489731
4.3467001914978	-9.7750181397855
4.3513998985291	-9.8712159455064
4.3561000823975	-9.9741603764792
4.3607997894287	-10.084704155585
4.3654999732971	-10.202839718022
4.3702001571655	-10.327673939802
4.3748998641968	-10.457618258555
4.3796000480652	-10.590756945203
4.3843002319336	-10.725312376538
4.3889999389648	-10.860100167486
4.3937001228333	-10.994848456968
4.3983998298645	-11.130269001666
4.4031000137329	-11.267862962268
4.4078001976013	-11.409497229577
4.4124999046326	-11.556864526736
4.4172000885010	-11.710968001138
4.4218997955322	-11.871760605839
4.4265999794006	-12.038050132935
4.4313001632690	-12.207692095835
4.4359998703003	-12.378066799822
4.4407000541687	-12.546733176787
4.4454002380371	-12.712092281682
4.4500999450684	-12.873862347531
4.4548001289368	-13.033212293542
4.4594998359680	-13.192480767970
4.4642000198364	-13.354535278576
4.4689002037048	-13.521979805104
4.4735999107361	-13.696378645084
4.4783000946045	-13.877733075654
4.4829998016357	-14.064340723109
4.4876999855042	-14.253096486479
4.4924001693726	-14.440222498364
4.4970998764038	-14.622256149086
4.5018000602722	-14.797048653775
4.5064997673035	-14.964433555104
4.5111999511719	-15.126360284391
4.5159001350403	-15.286339854923
4.5205998420715	-15.448428120943
4.5253000259399	-15.615972089997
4.5300002098083	-15.790528824268
4.5346999168396	-15.971185802671
4.5394001007080	-16.154516121472
4.5440998077393	-16.335249451796
4.5487999916077	-16.507516687145
4.5535001754761	-16.666457376073
4.5581998825073	-16.809667143388
4.5629000663757	-16.937929621130
4.5675997734070	-17.054980516170
4.5722999572754	-17.166252251393
4.5770001411438	-17.277070932600
4.5816998481750	-17.390850677599
4.5864000320435	-17.507789880703
4.5911002159119	-17.624465929481
4.5957999229431	-17.734411486232
4.6005001068115	-17.829744826441
4.6051998138428	-17.903396760915
4.6098999977112	-17.951320192307
4.6146001815796	-17.973888240577
4.6192998886108	-17.975769494865
4.6240000724792	-17.964395037494
4.6286997795105	-17.947551595361
4.6333999633789	-17.931002652285
4.6381001472473	-17.916788400641
4.6427998542786	-17.902689738066
4.6475000381470	-17.882898751953
4.6522002220154	-17.849805032951
4.6568999290466	-17.796451620462
4.6616001129150	-17.718941345871
4.6662998199463	-17.617895120418
4.6710000038147	-17.498417287567
4.6757001876831	-17.368570068163
4.6803998947144	-17.237011657126
4.6851000785828	-17.110605853492
4.6897997856140	-16.992796167322
4.6944999694824	-16.882961857925
4.6992001533508	-16.776851261361
4.7038998603821	-16.668031843014
4.7086000442505	-16.549896966896
4.7133002281189	-16.417791873140
4.7179999351501	-16.270563981177
4.7227001190186	-16.110982729267
4.7273998260498	-15.944960466566
4.7321000099182	-15.779798190971
4.7368001937866	-15.622186361069
4.7414999008179	-15.476523049001
4.7462000846863	-15.343962407188
4.7508997917175	-15.222293612444
4.7555999755859	-15.106670162545
4.7603001594543	-14.991027903152
4.7649998664856	-14.869793684724
4.7697000503540	-14.739526397395
4.7744002342224	-14.599956749128
4.7790999412537	-14.454026070560
4.7838001251221	-14.307044039922
4.7884998321533	-14.165126867564
4.7932000160217	-14.033581163822
4.7979001998901	-13.915556569085
4.8025999069214	-13.811348581641
4.8073000907898	-13.718399568325
4.8119997978210	-13.632003314170
4.8166999816895	-13.546561788300
4.8214001655579	-13.457086348154
4.8260998725891	-13.360607262907
4.8308000564575	-13.257001298669
4.8354997634888	-13.149030040190
4.8401999473572	-13.041500225296
4.8449001312256	-12.939929243427
4.8495998382568	-12.849040164770
4.8543000221252	-12.771558763066
4.8590002059937	-12.707560042840
4.8636999130249	-12.654453094082
4.8684000968933	-12.607622455583
4.8730998039246	-12.561604465536
4.8777999877930	-12.511511492117
4.8825001716614	-12.454383114762
4.8871998786926	-12.390024451160
4.8919000625610	-12.321056411583
4.8965997695923	-12.252158673588
4.9012999534607	-12.188744647807
4.9060001373291	-12.135495148176
4.9106998443604	-12.095137572457
4.9154000282288	-12.067739994677
4.9201002120972	-12.050671294784
4.9247999191284	-12.039212063660
4.9295001029968	-12.027724662053
4.9341998100281	-12.011141979177
4.9388999938965	-11.986358240153
4.9436001777649	-11.953142315175
4.9482998847961	-11.914214359195
4.9530000686646	-11.874450636466
4.9576997756958	-11.839475889015
4.9623999595642	-11.814064349006
4.9671001434326	-11.800817625046
4.9717998504639	-11.799354978946
4.9765000343323	-11.806247059801
4.9812002182007	-11.815655466706
4.9858999252319	-11.820642746994
4.9906001091003	-11.814856507273
4.9952998161316	-11.794157808167
5.0000000000000	-11.757637700253
#Parameters = {R_fat=48; R_glandular=38; R_skin_outer=50; T10=5; T15=7.5; T5=2.5; T_rad=4; T_x=10; T_y=0; T_z=75; Zc=65; skin_thickness=2; Mesh Pass=6}
#"Frequency / GHz"	"S1,1 (Mesh Pass=6) [Magnitude / dB]"
#-------------------------------------------------------
0.30000001192093	-24.143487436211
0.30469998717308	-23.982537552174
0.30939999222755	-24.212332663710
0.31409999728203	-24.879419846310
0.31880000233650	-26.022495630099
0.32350000739098	-27.523488901257
0.32820001244545	-28.563290448638
0.33289998769760	-27.562410509766
0.33759999275208	-24.910538182231
0.34229999780655	-22.121112598608
0.34700000286102	-19.702482243286
0.35170000791550	-17.672003851595
0.35640001296997	-15.959357251409
0.36109998822212	-14.498358308358
0.36579999327660	-13.240998378320
0.37049999833107	-12.156917554934
0.37520000338554	-11.230595173001
0.37990000844002	-10.457992150503
0.38460001349449	-9.8423087907035
0.38929998874664	-9.3887746522776
0.39399999380112	-9.0993249656799
0.39869999885559	-8.9690345474770
0.40340000391006	-8.9858252412422
0.40810000896454	-9.1334788884213
0.41280001401901	-9.3962882639616
0.41749998927116	-9.7632815460273
0.42219999432564	-10.230845365788
0.42689999938011	-10.803474963654
0.43160000443459	-11.492684713114
0.43630000948906	-12.313551705912
0.44100001454353	-13.276687323148
0.44569998979568	-14.370507189770
0.45039999485016	-15.525558499273
0.45509999990463	-16.562854809790
0.45980000495911	-17.192396295898
0.46450001001358	-17.197014804892
0.46919998526573	-16.668755731443
0.47389999032021	-15.908342238921
0.47859999537468	-15.168377873448
0.48330000042915	-14.578142620500
0.48800000548363	-14.184756037603
0.49270001053810	-13.995777900378
0.49739998579025	-13.999404103089
0.50209999084473	-14.168441532686
0.50679999589920	-14.454831991479
0.51150000095367	-14.781068713812
0.51620000600815	-15.040334166799
0.52090001106262	-15.122935670423
0.52560001611710	-14.969426704430
0.53030002117157	-14.607139482188
0.53500002622604	-14.128030140327
0.53969997167587	-13.634243009273
0.54439997673035	-13.202212460162
0.54909998178482	-12.875529132430
0.55379998683929	-12.670741041625
0.55849999189377	-12.583533595702
0.56319999694824	-12.591584097823
0.56790000200272	-12.655423162818
0.57260000705719	-12.721375840178
0.57730001211166	-12.731339342380
0.58200001716614	-12.640525950025
0.58670002222061	-12.435112775386
0.59140002727509	-12.136771616371
0.59609997272491	-11.790292022794
0.60079997777939	-11.444693002387
0.60549998283386	-11.139436804125
0.61019998788834	-10.898802757631
0.61489999294281	-10.731338884654
0.61959999799728	-10.631046390335
0.62430000305176	-10.579057746161
0.62900000810623	-10.546471831813
0.63370001316071	-10.499690293712
0.63840001821518	-10.408777606325
0.64310002326965	-10.256512279681
0.64780002832413	-10.043701030162
0.65249997377396	-9.7875562155797
0.65719997882843	-9.5144072017074
0.66189998388290	-9.2511345581447
0.66659998893738	-9.0188053997436
0.67129999399185	-8.8293997080087
0.67599999904633	-8.6848569877340
0.68070000410080	-8.5775797299636
0.68540000915527	-8.4921704920739
0.69010001420975	-8.4086445622739
0.69480001926422	-8.3070996825328
0.69950002431870	-8.1729984008125
0.70420002937317	-8.0011791779600
0.70889997482300	-7.7968313345620
0.71359997987747	-7.5731065243993
0.71829998493195	-7.3466733913905
0.72299998998642	-7.1331745495018
0.72769999504089	-6.9438586767339
0.73240000009537	-6.7837238940768
0.73710000514984	-6.6510531404509
0.74180001020432	-6.5381299330513
0.74650001525879	-6.4330763860627
0.75120002031326	-6.3226847062572
0.75590002536774	-6.1957511839141
0.76059997081757	-6.0459887055332
0.76529997587204	-5.8735210941030
0.76999998092651	-5.6844239105723
0.77469998598099	-5.4886188550573
0.77939999103546	-5.2970192894162
0.78409999608994	-5.1188580240835
0.78880000114441	-4.9597671331752
0.79350000619888	-4.8208240841132
0.79820001125336	-4.6986008254119
0.80290001630783	-4.5861278502945
0.80760002136230	-4.4746461001567
0.81230002641678	-4.3558395901068
0.81699997186661	-4.2239845506263
0.82169997692108	-4.0773669333139
0.82639998197556	-3.9185500465554
0.83109998703003	-3.7534554827857
0.83579999208450	-3.5896324528204
0.84049999713898	-3.4342835345308
0.84520000219345	-3.2926124534638
0.84990000724792	-3.1667475757325
0.85460001230240	-3.0554450952958
0.85930001735687	-2.9545544863997
0.86400002241135	-2.8581929708162
0.86870002746582	-2.7603082897742
0.87339997291565	-2.6563448179252
0.87809997797012	-2.5444518811233
0.88279998302460	-2.4259560586205
0.88749998807907	-2.3049285528462
0.89219999313354	-2.1870478788804
0.89689999818802	-2.0781058732829
0.90160000324249	-1.9826134832028
0.90630000829697	-1.9027901629220
0.91100001335144	-1.8382054493392
0.91570001840591	-1.7860787098894
0.92040002346039	-1.7422277041805
0.92510002851486	-1.7024080860091
0.92979997396469	-1.6637194728857
0.93449997901917	-1.6256713110428
0.93919998407364	-1.5905965531468
0.94389998912811	-1.5632738869597
0.94859999418259	-1.5498908664544
0.95329999923706	-1.5566804909714
0.95800000429153	-1.5886181039745
0.96270000934601	-1.6485501103925
0.96740001440048	-1.7369999139801
0.97210001945496	-1.8527587662146
0.97680002450943	-1.9942171123324
0.98150002956390	-2.1611621713588
0.98619997501373	-2.3566697127298
0.99089998006821	-2.5886270790268
0.99559998512268	-2.8704776956433
1.0003000497818	-3.2211445030453
1.0049999952316	-3.6643874285256
1.0096999406815	-4.2282268835002
1.0144000053406	-4.9452455853790
1.0190999507904	-5.8546785600192
1.0238000154495	-7.0073857651924
1.0284999608994	-8.4753944764468
1.0332000255585	-10.368095839604
1.0378999710083	-12.850474017470
1.0426000356674	-16.063854491908
1.0472999811172	-19.026149817849
1.0520000457764	-17.854164644145
1.0566999912262	-14.346362234345
1.0614000558853	-11.364049678517
1.0661000013351	-9.0790674259142
1.0707999467850	-7.3107308463387
1.0755000114441	-5.9231236516332
1.0801999568939	-4.8288405943707
1.0849000215530	-3.9691103461943
1.0895999670029	-3.3003969349088
1.0943000316620	-2.7867344049386
1.0989999771118	-2.3958926628208
1.1037000417709	-2.0981677309050
1.1083999872208	-1.8668545279250
1.1131000518799	-1.6796441566852
1.1177999973297	-1.5200827081287
1.1224999427795	-1.3783566028815
1.1272000074387	-1.2509605303190
1.1318999528885	-1.1392450697359
1.1366000175476	-1.0472161542622
1.1412999629974	-0.97918798444881
1.1460000276566	-0.93784829649086
1.1506999731064	-0.92307403854678
1.1554000377655	-0.93163201964930
1.1600999832153	-0.95769347483057
1.1648000478745	-0.99395713720411
1.1694999933243	-1.0331699370104
1.1742000579834	-1.0695850104059
1.1789000034332	-1.1001190486380
1.1835999488831	-1.1247844222640
1.1883000135422	-1.1463644476275
1.1929999589920	-1.1693850664194
1.1977000236511	-1.1987607961689
1.2023999691010	-1.2384271657545
1.2071000337601	-1.2903770502125
1.2117999792099	-1.3542335131999
1.2165000438690	-1.4273691079503
1.2211999893188	-1.5055995394242
1.2259000539780	-1.5841589294352
1.2305999994278	-1.6588443215471
1.2352999448776	-1.7269859101636
1.2400000095367	-1.7880592082314
1.2446999549866	-1.8436987439785
1.2494000196457	-1.8971885809923
1.2540999650955	-1.9525389737238
1.2588000297546	-2.0134315238712
1.2634999752045	-2.0823337781929
1.2682000398636	-2.1599560116435
1.2728999853134	-2.2451349220270
1.2776000499725	-2.3351816763648
1.2822999954224	-2.4265279248993
1.2869999408722	-2.5156148957010
1.2917000055313	-2.5997365467879
1.2963999509811	-2.6776973126233
1.3011000156403	-2.7500801094325
1.3057999610901	-2.8190502158657
1.3105000257492	-2.8877624114704
1.3151999711990	-2.9595482238961
1.3199000358582	-3.0371047580667
1.3245999813080	-3.1218777204417
1.3293000459671	-3.2137723116468
1.3339999914169	-3.3112313581957
1.3387000560760	-3.4116320458109
1.3434000015259	-3.5119301369887
1.3480999469757	-3.6093944986472
1.3528000116348	-3.7022834358330
1.3574999570847	-3.7902623132837
1.3622000217438	-3.8744795678154
1.3668999671936	-3.9572624064034
1.3716000318527	-4.0415276173264
1.3762999773026	-4.1300678437355
1.3810000419617	-4.2249153137875
1.3856999874115	-4.3269023400166
1.3904000520706	-4.4355200167416
1.3950999975204	-4.5490721186625
1.3997999429703	-4.6650962877322
1.4045000076294	-4.7809623121151
1.4091999530792	-4.8945064087864
1.4139000177383	-5.0045790814601
1.4185999631882	-5.1113285430767
1.4233000278473	-5.2161902819190
1.4279999732971	-5.3215316691445
1.4327000379562	-5.4300990409599
1.4373999834061	-5.5443925289405
1.4421000480652	-5.6661190360560
1.4467999935150	-5.7958542800294
1.4515000581741	-5.9329447730089
1.4562000036240	-6.0757007960591
1.4608999490738	-6.2217911625877
1.4656000137329	-6.3688063047937
1.4702999591827	-6.5148485343490
1.4750000238419	-6.6590207568359
1.4796999692917	-6.8016806131472
1.4844000339508	-6.9444015283121
1.4890999794006	-7.0896310069456
1.4938000440598	-7.2401652188361
1.4984999895096	-7.3985443749879
1.5032000541687	-7.5665300854639
1.5078999996185	-7.7447601259920
1.5125999450684	-7.9326396768905
1.5173000097275	-8.1284819098572
1.5219999551773	-8.3298966589284
1.5267000198364	-8.5343401624247
1.5313999652863	-8.7397345622223
1.5361000299454	-8.9450081386246
1.5407999753952	-9.1504213964472
1.5455000400543	-9.3575856072057
1.5501999855042	-9.5691565276091
1.5549000501633	-9.7882962007684
1.5595999956131	-10.018014294092
1.5642999410629	-10.260553809743
1.5690000057220	-10.516920478063
1.5736999511719	-10.786657495442
1.5784000158310	-11.067894709767
1.5830999612808	-11.357694004420
1.5878000259399	-11.652640415979
1.5924999713898	-11.949591605474
1.5972000360489	-12.246419046454
1.6018999814987	-12.542560242656
1.6066000461578	-12.839200945494
1.6112999916077	-13.139051697412
1.6160000562668	-13.445740110254
1.6207000017166	-13.762981347430
1.6253999471664	-14.093711949993
1.6301000118256	-14.439335588423
1.6347999572754	-14.799217303438
1.6395000219345	-15.170543738622
1.6441999673843	-15.548506663710
1.6489000320435	-15.926952678810
1.6535999774933	-16.299312586878
1.6583000421524	-16.659715333961
1.6629999876022	-17.003991355561
1.6677000522614	-17.330299398751
1.6723999977112	-17.639166842964
1.6770999431610	-17.932946128026
1.6818000078201	-18.214825948245
1.6864999532700	-18.487702261330
1.6912000179291	-18.753156683600
1.6958999633789	-19.010666460127
1.7006000280380	-19.257298900487
1.7052999734879	-19.487823234656
1.7100000381470	-19.695331455983
1.7146999835968	-19.872327148580
1.7194000482559	-20.012153077775
1.7240999937057	-20.110491884885
1.7288000583649	-20.166568743046
1.7335000038147	-20.183609575531
1.7381999492645	-20.168475281849
1.7429000139236	-20.130519706522
1.7475999593735	-20.079938472510
1.7523000240326	-20.026125615752
1.7569999694824	-19.976287275906
1.7617000341415	-19.934524535742
1.7663999795914	-19.901508415571
1.7711000442505	-19.874747326389
1.7757999897003	-19.849411320603
1.7805000543594	-19.819695888544
1.7851999998093	-19.780439498558
1.7898999452591	-19.728684704196
1.7946000099182	-19.664744859762
1.7992999553680	-19.592403916878
1.8040000200272	-19.518198459279
1.8086999654770	-19.450074173532
1.8134000301361	-19.395705823593
1.8180999755859	-19.361030809402
1.8228000402451	-19.349190546460
1.8274999856949	-19.360045461889
1.8322000503540	-19.390317560853
1.8368999958038	-19.434305202820
1.8415999412537	-19.485140987364
1.8463000059128	-19.536385910525
1.8509999513626	-19.583636207613
1.8557000160217	-19.625690011279
1.8603999614716	-19.665002665452
1.8651000261307	-19.707089498329
1.8697999715805	-19.759314186355
1.8745000362396	-19.829169987835
1.8791999816895	-19.922793473313
1.8839000463486	-20.043734220984
1.8885999917984	-20.192372813480
1.8933000564575	-20.365911369460
1.8980000019073	-20.558995217268
1.9026999473572	-20.764949197598
1.9074000120163	-20.977364982840
1.9120999574661	-21.191902006901
1.9168000221252	-21.407674711423
1.9214999675751	-21.627888203803
1.9262000322342	-21.859464723221
1.9308999776840	-22.111810783297
1.9356000423431	-22.395108981512
1.9402999877930	-22.718606422920
1.9450000524521	-23.089242368035
1.9496999979019	-23.510844158593
1.9543999433517	-23.983941110384
1.9591000080109	-24.506115146770
1.9637999534607	-25.073196519409
1.9685000181198	-25.681041532347
1.9731999635696	-26.327878341530
1.9779000282288	-27.016731780650
1.9825999736786	-27.757174577529
1.9873000383377	-28.566017337779
1.9919999837875	-29.466078852004
1.9967000484467	-30.482965306620
2.0013999938965	-31.637880162362
2.0060999393463	-32.930842291212
2.0107998847961	-34.300690026150
2.0155000686646	-35.544902697486
2.0202000141144	-36.257876866813
2.0248999595642	-36.055873314865
2.0295999050140	-35.027377001556
2.0343000888824	-33.603445738856
2.0390000343323	-32.112131914472
2.0436999797821	-30.690297723653
2.0483999252319	-29.372199351457
2.0531001091003	-28.155600378888
2.0578000545502	-27.030285888584
2.0625000000000	-25.987630009847
2.0671999454498	-25.022300985601
2.0718998908997	-24.131366687260
2.0766000747681	-23.312603785984
2.0813000202179	-22.563163662676
2.0859999656677	-21.878679794375
2.0906999111176	-21.253007557433
2.0954000949860	-20.678378263689
2.1001000404358	-20.146020813567
2.1047999858856	-19.646997511934
2.1094999313354	-19.173284277428
2.1142001152039	-18.718652430957
2.1189000606537	-18.279309541288
2.1236000061035	-17.854045667504
2.1282999515533	-17.443856948495
2.1329998970032	-17.051162018522
2.1377000808716	-16.678837508959
2.1424000263214	-16.329301694497
2.1470999717712	-16.003802303853
2.1517999172211	-15.702042827112
2.1565001010895	-15.422175889074
2.1612000465393	-15.161078360137
2.1658999919891	-14.914957112919
2.1705999374390	-14.680023119029
2.1752998828888	-14.453230024422
2.1800000667572	-14.232780750709
2.1847000122070	-14.018387321338
2.1893999576569	-13.811143985701
2.1940999031067	-13.613109034710
2.1988000869751	-13.426675345247
2.2035000324249	-13.253936414562
2.2081999778748	-13.096141646921
2.2128999233246	-12.953369544052
2.2176001071930	-12.824493211939
2.2223000526428	-12.707386605864
2.2269999980927	-12.599368725894
2.2316999435425	-12.497777174906
2.2363998889923	-12.400519382024
2.2411000728607	-12.306504923015
2.2458000183105	-12.215831451340
2.2504999637604	-12.129663886364
2.2551999092102	-12.049895223368
2.2599000930786	-11.978615422964
2.2646000385284	-11.917571341751
2.2692999839783	-11.867724108298
2.2739999294281	-11.829005651132
2.2787001132965	-11.800311882667
2.2834000587463	-11.779731872472
2.2881000041962	-11.764980602537
2.2927999496460	-11.753902752611
2.2974998950958	-11.744965438720
2.3022000789642	-11.737606644133
2.3069000244141	-11.732330877724
2.3115999698639	-11.730554607113
2.3162999153137	-11.734237898745
2.3210000991821	-11.745361811407
2.3257000446320	-11.765458351146
2.3303999900818	-11.795230614707
2.3350999355316	-11.834372002923
2.3397998809814	-11.881643897377
2.3445000648499	-11.935150975485
2.3492000102997	-11.992790174771
2.3538999557495	-12.052765165702
2.3585999011993	-12.114020884162
2.3633000850677	-12.176525857389
2.3680000305176	-12.241276106346
2.3726999759674	-12.310078631767
2.3773999214172	-12.385093853472
2.3821001052856	-12.468347424140
2.3868000507355	-12.561243641471
2.3914999961853	-12.664252133418
2.3961999416351	-12.776804111086
2.4008998870850	-12.897450743415
2.4056000709534	-13.024215852273
2.4103000164032	-13.155111804802
2.4149999618530	-13.288647940069
2.4196999073029	-13.424291420072
2.4244000911713	-13.562648098350
2.4291000366211	-13.705397276917
2.4337999820709	-13.854960733778
2.4384999275208	-14.013975319995
2.4432001113892	-14.184724839188
2.4479000568390	-14.368675637723
2.4526000022888	-14.566170854439
2.4572999477386	-14.776413523951
2.4619998931885	-14.997729385743
2.4667000770569	-15.228024684464
2.4714000225067	-15.465439987257
2.4760999679565	-15.708948523484
2.4807999134064	-15.958840671782
2.4855000972748	-16.216909672903
2.4902000427246	-16.486249347626
2.4948999881744	-16.770781561198
2.4995999336243	-17.074579686756
2.5043001174927	-17.401163928883
2.5090000629425	-17.752919492312
2.5137000083923	-18.130810414605
2.5183999538422	-18.534422532531
2.5230998992920	-18.962349943661
2.5278000831604	-19.412987270264
2.5325000286102	-19.885505680069
2.5371999740601	-20.380901695493
2.5418999195099	-20.902813605596
2.5466001033783	-21.457945624252
2.5513000488281	-22.055870313756
2.5559999942780	-22.708431047214
2.5606999397278	-23.428744618881
2.5653998851776	-24.230058851905
2.5701000690460	-25.124514092545
2.5748000144958	-26.121719271270
2.5794999599457	-27.226476370072
2.5841999053955	-28.434514764437
2.5889000892639	-29.723303176049
2.5936000347137	-31.033020281937
2.5982999801636	-32.233458780670
2.6029999256134	-33.096088804538
2.6077001094818	-33.353102589292
2.6124000549316	-32.897529206264
2.6171000003815	-31.893307897325
2.6217999458313	-30.612816497101
2.6264998912811	-29.261587073574
2.6312000751495	-27.949711069519
2.6359000205994	-26.725699663683
2.6405999660492	-25.606494600874
2.6452999114990	-24.593631866316
2.6500000953674	-23.680932968685
2.6547000408173	-22.858131978342
2.6593999862671	-22.112893897988
2.6640999317169	-21.432139364357
2.6688001155853	-20.803253764438
2.6735000610352	-20.215163465894
2.6782000064850	-19.659176768982
2.6828999519348	-19.129442645189
2.6875998973846	-18.622947978646
2.6923000812531	-18.138996093166
2.6970000267029	-17.678349604596
2.7016999721527	-17.242264908396
2.7063999176025	-16.831582610957
2.7111001014709	-16.446139587153
2.7158000469208	-16.084489985619
2.7204999923706	-15.743962389163
2.7251999378204	-15.421058079904
2.7298998832703	-15.112010023818
2.7346000671387	-14.813423514116
2.7393000125885	-14.522823039117
2.7439999580383	-14.238976970286
2.7486999034882	-13.961925739106
2.7534000873566	-13.692710563874
2.7581000328064	-13.432880054602
2.7627999782562	-13.183956726480
2.7674999237061	-12.946916334414
2.7722001075745	-12.721871122807
2.7769000530243	-12.507970728160
2.7815999984741	-12.303546608971
2.7862999439240	-12.106443390912
2.7909998893738	-11.914474454117
2.7957000732422	-11.725874455018
2.8004000186920	-11.539640219837
2.8050999641418	-11.355682738674
2.8097999095917	-11.174743482801
2.8145000934601	-10.998100326294
2.8192000389099	-10.827178173742
2.8238999843597	-10.663126518862
2.8285999298096	-10.506500515819
2.8333001136780	-10.357087451690
2.8380000591278	-10.213943698538
2.8427000045776	-10.075602433328
2.8473999500275	-9.9404094695669
2.8520998954773	-9.8069058530405
2.8568000793457	-9.6741528282022
2.8615000247955	-9.5419246901474
2.8661999702454	-9.4107120237177
2.8708999156952	-9.2815509821476
2.8756000995636	-9.1557134566907
2.8803000450134	-9.0343519942482
2.8849999904633	-8.9181998434234
2.8896999359131	-8.8073625355712
2.8943998813629	-8.7012939559708
2.8991000652313	-8.5989292919542
2.9038000106812	-8.4989321953542
2.9084999561310	-8.4000293767720
2.9131999015808	-8.3013212783309
2.9179000854492	-8.2024745619035
2.9226000308990	-8.1037935677678
2.9272999763489	-8.0061129002476
2.9319999217987	-7.9105569809437
2.9367001056671	-7.8182391186264
2.9414000511169	-7.7299577164568
2.9460999965668	-7.6460137715021
2.9507999420166	-7.5661114761706
2.9554998874664	-7.4894358412602
2.9602000713348	-7.4148822962922
2.9649000167847	-7.3413019394419
2.9695999622345	-7.2678035050488
2.9742999076843	-7.1939719643852
2.9790000915527	-7.1199599493049
2.9837000370026	-7.0464275510362
2.9883999824524	-6.9743627383465
2.9930999279022	-6.9048199800308
2.9978001117706	-6.8386273951443
3.0025000572205	-6.7761947899914
3.0072000026703	-6.7173972825488
3.0118999481201	-6.6616137684302
3.0165998935699	-6.6078849336318
3.0213000774384	-6.5551555906863
3.0260000228882	-6.5025426923335
3.0306999683380	-6.4495536437640
3.0353999137878	-6.3962088672891
3.0401000976562	-6.3430170869290
3.0448000431061	-6.2908488690738
3.0494999885559	-6.2406813909250
3.0541999340057	-6.1933559334918
3.0589001178741	-6.1493617847602
3.0636000633240	-6.1086921743561
3.0683000087738	-6.0708713549238
3.0729999542236	-6.0350525414577
3.0776998996735	-6.0002556310842
3.0824000835419	-5.9655908085059
3.0871000289917	-5.9305038328880
3.0917999744415	-5.8948945717946
3.0964999198914	-5.8591601244435
3.1012001037598	-5.8240490165743
3.1059000492096	-5.7904848970173
3.1105999946594	-5.7593156553162
3.1152999401093	-5.7310838659338
3.1199998855591	-5.7058935233919
3.1247000694275	-5.6833759300133
3.1294000148773	-5.6627888831705
3.1340999603271	-5.6431990997808
3.1387999057770	-5.6237201366864
3.1435000896454	-5.6037370759606
3.1482000350952	-5.5830599285140
3.1528999805450	-5.5619679648921
3.1575999259949	-5.5411265967160
3.1623001098633	-5.5214077769487
3.1670000553131	-5.5036577462105
3.1717000007629	-5.4884702961726
3.1763999462128	-5.4760381740136
3.1810998916626	-5.4660913361438
3.1858000755310	-5.4579627768408
3.1905000209808	-5.4507651499072
3.1951999664307	-5.4436037958345
3.1998999118805	-5.4358115896155
3.2046000957489	-5.4271117346326
3.2093000411987	-5.4176839705797
3.2139999866486	-5.4081163090525
3.2186999320984	-5.3992332991958
3.2234001159668	-5.3918797543060
3.2281000614166	-5.3866912923740
3.2328000068665	-5.3839244522865
3.2374999523163	-5.3833802093757
3.2421998977661	-5.3844560482263
3.2469000816345	-5.3862783259311
3.2516000270844	-5.3879367905444
3.2562999725342	-5.3886966299469
3.2609999179840	-5.3881909786978
3.2657001018524	-5.3865089253718
3.2704000473022	-5.3841497549392
3.2750999927521	-5.3818859018572
3.2797999382019	-5.3805468932637
3.2844998836517	-5.3807847491882
3.2892000675201	-5.3828890413172
3.2939000129700	-5.3866968991573
3.2985999584198	-5.3916178635221
3.3032999038696	-5.3967631728859
3.3080000877380	-5.4011645269488
3.3127000331879	-5.4040056124189
3.3173999786377	-5.4048142444553
3.3220999240875	-5.4035668658136
3.3268001079559	-5.4006684858157
3.3315000534058	-5.3968285559409
3.3361999988556	-5.3928283728525
3.3408999443054	-5.3893042740872
3.3455998897552	-5.3865349495737
3.3503000736237	-5.3843433613248
3.3550000190735	-5.3821101756529
3.3596999645233	-5.3788978471924
3.3643999099731	-5.3736722726917
3.3691000938416	-5.3655318356351
3.3738000392914	-5.3539230932499
3.3784999847412	-5.3387542082133
3.3831999301910	-5.3203822726028
3.3879001140594	-5.2994919054773
3.3926000595093	-5.2768726226427
3.3973000049591	-5.2531884127855
3.4019999504089	-5.2287626302368
3.4066998958588	-5.2034928849340
3.4114000797272	-5.1768443746807
3.4161000251770	-5.1479819395097
3.4207999706268	-5.1160029906106
3.4254999160767	-5.0801586628599
3.4302000999451	-5.0400760423997
3.4349000453949	-4.9958577888844
3.4395999908447	-4.9480866628291
3.4442999362946	-4.8976794872530
3.4489998817444	-4.8456853027989
3.4537000656128	-4.7930421004532
3.4584000110626	-4.7403867129876
3.4630999565125	-4.6879475604547
3.4677999019623	-4.6355607633795
3.4725000858307	-4.5827826602173
3.4772000312805	-4.5290887830100
3.4818999767303	-4.4740939800387
3.4865999221802	-4.4177326974571
3.4913001060486	-4.3603483191551
3.4960000514984	-4.3026911441810
3.5006999969482	-4.2457873395941
3.5053999423981	-4.1907515039517
3.5100998878479	-4.1385713881630
3.5148000717163	-4.0899244455368
3.5195000171661	-4.0450831968706
3.5241999626160	-4.0039135917024
3.5288999080658	-3.9659674071048
3.5336000919342	-3.9306505339977
3.5383000373840	-3.8974261292154
3.5429999828339	-3.8659756319211
3.5476999282837	-3.8363128341232
3.5524001121521	-3.8087990701639
3.5571000576019	-3.7840572349664
3.5618000030518	-3.7628300937043
3.5664999485016	-3.7457808859491
3.5711998939514	-3.7333346699842
3.5759000778198	-3.7255697885181
3.5806000232697	-3.7221885935273
3.5852999687195	-3.7225871649164
3.5899999141693	-3.7259850173773
3.5947000980377	-3.7316196776347
3.5994000434875	-3.7389034739642
3.6040999889374	-3.7475683463364
3.6087999343872	-3.7576994767658
3.6135001182556	-3.7696989450901
3.6182000637054	-3.7841538460360
3.6229000091553	-3.8016694032612
3.6275999546051	-3.8226869087016
3.6322999000549	-3.8473558898351
3.6370000839233	-3.8754697327701
3.6417000293732	-3.9064963028197
3.6463999748230	-3.9396918126175
3.6510999202728	-3.9742659415272
3.6558001041412	-4.0095665950633
3.6605000495911	-4.0452282766159
3.6651999950409	-4.0812517509349
3.6698999404907	-4.1179948523643
3.6745998859406	-4.1560655935066
3.6793000698090	-4.1961519016353
3.6840000152588	-4.2388424570294
3.6886999607086	-4.2844529994671
3.6933999061584	-4.3329409837592
3.6981000900269	-4.3838974622137
3.7028000354767	-4.4366353789902
3.7074999809265	-4.4903566005232
3.7121999263763	-4.5443428503983
3.7169001102448	-4.5981318785188
3.7216000556946	-4.6516392744778
3.7263000011444	-4.7051758135119
3.7309999465942	-4.7593654744383
3.7356998920441	-4.8149823079413
3.7404000759125	-4.8727412108770
3.7451000213623	-4.9331131331458
3.7497999668121	-4.9961837050590
3.7544999122620	-5.0616253209364
3.7592000961304	-5.1287555841426
3.7639000415802	-5.1967059844300
3.7685999870300	-5.2646264137515
3.7732999324799	-5.3319004517295
3.7780001163483	-5.3983024410870
3.7827000617981	-5.4640538654310
3.7874000072479	-5.5297607122727
3.7920999526978	-5.5962532897654
3.7967998981476	-5.6643578501492
3.8015000820160	-5.7346593464608
3.8062000274658	-5.8073329772319
3.8108999729156	-5.8820711061280
3.8155999183655	-5.9581235581759
3.8203001022339	-6.0344679541508
3.8250000476837	-6.1100424523310
3.8296999931335	-6.1840049050043
3.8343999385834	-6.2559341156906
3.8390998840332	-6.3259294066974
3.8438000679016	-6.3945675563766
3.8485000133514	-6.4627289927586
3.8531999588013	-6.5313379685834
3.8578999042511	-6.6010826069090
3.8626000881195	-6.6721913786731
3.8673000335693	-6.7443268488549
3.8719999790192	-6.8166180794873
3.8766999244690	-6.8878477185273
3.8814001083374	-6.9567225358687
3.8861000537872	-7.0221880403577
3.8907999992371	-7.0836857468880
3.8954999446869	-7.1412856344459
3.9001998901367	-7.1956476858287
3.9049000740051	-7.2478213451173
3.9096000194550	-7.2989358289291
3.9142999649048	-7.3498721048497
3.9189999103546	-7.4009851979790
3.9237000942230	-7.4519832595440
3.9284000396729	-7.5019675856999
3.9330999851227	-7.5496497337491
3.9377999305725	-7.5936727978777
3.9425001144409	-7.6329816405330
3.9472000598907	-7.6671153169438
3.9519000053406	-7.6963471908933
3.9565999507904	-7.7216297603674
3.9612998962402	-7.7443485010605
3.9660000801086	-7.7659658189427
3.9707000255585	-7.7876432994451
3.9753999710083	-7.8099474787280
3.9800999164581	-7.8327209784136
3.9848001003265	-7.8551432460787
3.9895000457764	-7.8759811397679
3.9941999912262	-7.8939435702632
3.9988999366760	-7.9080776199055
4.0036001205444	-7.9180665521479
4.0082998275757	-7.9243695768645
4.0130000114441	-7.9281419809976
4.0177001953125	-7.9309716720106
4.0223999023438	-7.9344847795919
4.0271000862122	-7.9399630588226
4.0317997932434	-7.9480447017542
4.0364999771118	-7.9585921394654
4.0412001609802	-7.9707664733444
4.0458998680115	-7.9832786825884
4.0506000518799	-7.9947681155345
4.0553002357483	-8.0041945490782
4.0599999427795	-8.0111606565965
4.0647001266479	-8.0160570703455
4.0693998336792	-8.0199901972058
4.0741000175476	-8.0245190981841
4.0788002014160	-8.0312722370704
4.0834999084473	-8.0415393345462
4.0882000923157	-8.0559614241960
4.0928997993469	-8.0743865925301
4.0975999832153	-8.0959129388303
4.1023001670837	-8.1191400464807
4.1069998741150	-8.1425402066850
4.1117000579834	-8.1648704971923
4.1163997650146	-8.1855237093056
4.1210999488831	-8.2047075448468
4.1258001327515	-8.2234104769067
4.1304998397827	-8.2431566266089
4.1352000236511	-8.2656060209175
4.1399002075195	-8.2921386839271
4.1445999145508	-8.3234951567743
4.1493000984192	-8.3595867130483
4.1539998054504	-8.3995055529116
4.1586999893188	-8.4417455834252
4.1634001731873	-8.4845865431131
4.1680998802185	-8.5265323263078
4.1728000640869	-8.5667125410087
4.1774997711182	-8.6051307814794
4.1821999549866	-8.6426693161618
4.1869001388550	-8.6808714734514
4.1915998458862	-8.7215277948351
4.1963000297546	-8.7662167947708
4.2010002136230	-8.8158818920192
4.2056999206543	-8.8705729486228
4.2104001045227	-8.9294095099056
4.2150998115540	-8.9907791147707
4.2197999954224	-9.0527264660582
4.2245001792908	-9.1134466020259
4.2291998863220	-9.1717708958075
4.2339000701904	-9.2274857614569
4.2385997772217	-9.2814112645820
4.2432999610901	-9.3351954040873
4.2480001449585	-9.3908966511568
4.2526998519897	-9.4504384050725
4.2574000358582	-9.5151148161050
4.2621002197266	-9.5852549908917
4.2667999267578	-9.6601115847262
4.2715001106262	-9.7380485372624
4.2761998176575	-9.8169520783154
4.2809000015259	-9.8947938522107
4.2856001853943	-9.9702071601198
4.2902998924255	-10.042918100734
4.2950000762939	-10.113897838878
4.2996997833252	-10.185186871296
4.3043999671936	-10.259433043562
4.3091001510620	-10.339282615135
4.3137998580933	-10.426754003712
4.3185000419617	-10.522798518592
4.3232002258301	-10.627097817486
4.3278999328613	-10.738169361913
4.3326001167297	-10.853781272590
4.3372998237610	-10.971554608146
4.3420000076294	-11.089649477877
4.3467001914978	-11.207332735892
4.3513998985291	-11.325267577475
4.3561000823975	-11.445425806143
4.3607997894287	-11.570624222352
4.3654999732971	-11.703819082799
4.3702001571655	-11.847342203717
4.3748998641968	-12.002256001003
4.3796000480652	-12.167983111731
4.3843002319336	-12.342321359143
4.3889999389648	-12.521850793653
4.3937001228333	-12.702698166452
4.3983998298645	-12.881502522270
4.4031000137329	-13.056326326295
4.4078001976013	-13.227251128516
4.4124999046326	-13.396422471555
4.4172000885010	-13.567510044983
4.4218997955322	-13.744726711157
4.4265999794006	-13.931661153091
4.4313001632690	-14.130252559237
4.4359998703003	-14.340125982897
4.4407000541687	-14.558477425116
4.4454002380371	-14.780583801862
4.4500999450684	-15.000899320491
4.4548001289368	-15.214536260436
4.4594998359680	-15.418728747411
4.4642000198364	-15.613804185194
4.4689002037048	-15.803262234280
4.4735999107361	-15.992889140642
4.4783000946045	-16.189134502990
4.4829998016357	-16.397287734219
4.4876999855042	-16.619858829502
4.4924001693726	-16.855622587388
4.4970998764038	-17.099492507252
4.5018000602722	-17.343444116435
4.5064997673035	-17.578415620205
4.5111999511719	-17.796819656491
4.5159001350403	-17.994977868383
4.5205998420715	-18.174440570364
4.5253000259399	-18.341640130133
4.5300002098083	-18.505855521312
4.5346999168396	-18.676207502538
4.5394001007080	-18.858691900267
4.5440998077393	-19.053930525807
4.5487999916077	-19.256271186026
4.5535001754761	-19.454448296327
4.5581998825073	-19.634084597173
4.5629000663757	-19.781703414503
4.5675997734070	-19.889121560804
4.5722999572754	-19.956436225293
4.5770001411438	-19.992032465461
4.5816998481750	-20.009517449214
4.5864000320435	-20.022949623529
4.5911002159119	-20.042254644711
4.5957999229431	-20.070159077665
4.6005001068115	-20.101239550300
4.6051998138428	-20.123249765466
4.6098999977112	-20.120651211639
4.6146001815796	-20.079753253923
4.6192998886108	-19.993724514264
4.6240000724792	-19.865437898154
4.6286997795105	-19.706617915339
4.6333999633789	-19.533811739156
4.6381001472473	-19.363188475896
4.6427998542786	-19.206143326571
4.6475000381470	-19.066835372595
4.6522002220154	-18.941759447787
4.6568999290466	-18.821248193948
4.6616001129150	-18.692521813152
4.6662998199463	-18.543730465494
4.6710000038147	-18.367922156027
4.6757001876831	-18.165470404731
4.6803998947144	-17.943949883968
4.6851000785828	-17.715610506896
4.6897997856140	-17.493627666384
4.6944999694824	-17.288521380885
4.6992001533508	-17.105791891689
4.7038998603821	-16.944956444185
4.7086000442505	-16.800047182713
4.7133002281189	-16.661343429389
4.7179999351501	-16.518029978188
4.7227001190186	-16.361317487410
4.7273998260498	-16.187009030596
4.7321000099182	-15.996771969555
4.7368001937866	-15.797475079615
4.7414999008179	-15.599012115606
4.7462000846863	-15.411418528527
4.7508997917175	-15.242262495749
4.7555999755859	-15.094919668908
4.7603001594543	-14.967952097530
4.7649998664856	-14.855610168466
4.7697000503540	-14.749301614566
4.7744002342224	-14.639824217232
4.7790999412537	-14.519851747863
4.7838001251221	-14.386039652501
4.7884998321533	-14.239936213103
4.7932000160217	-14.087466916860
4.7979001998901	-13.937112984874
4.8025999069214	-13.797509767663
4.8073000907898	-13.675211184187
4.8119997978210	-13.573132101600
4.8166999816895	-13.489969645002
4.8214001655579	-13.420518171331
4.8260998725891	-13.356979434060
4.8308000564575	-13.290882499600
4.8354997634888	-13.215351806891
4.8401999473572	-13.127040467213
4.8449001312256	-13.027089456038
4.8495998382568	-12.920766268106
4.8543000221252	-12.815877423394
4.8590002059937	-12.720592655978
4.8636999130249	-12.641282347250
4.8684000968933	-12.580951107969
4.8730998039246	-12.538548432130
4.8777999877930	-12.509189116766
4.8825001716614	-12.485289020706
4.8871998786926	-12.458408830855
4.8919000625610	-12.421500536531
4.8965997695923	-12.370888042953
4.9012999534607	-12.307380866727
4.9060001373291	-12.236039001351
4.9106998443604	-12.164691116360
4.9154000282288	-12.101724636768
4.9201002120972	-12.053849183236
4.9247999191284	-12.024419903002
4.9295001029968	-12.012594408788
4.9341998100281	-12.013480606219
4.9388999938965	-12.019206047970
4.9436001777649	-12.020833689276
4.9482998847961	-12.010705995257
4.9530000686646	-11.984637389881
4.9576997756958	-11.943163839425
4.9623999595642	-11.891397176891
4.9671001434326	-11.837435088300
4.9717998504639	-11.789942433901
4.9765000343323	-11.755679679030
4.9812002182007	-11.737594360946
4.9858999252319	-11.733860391919
4.9906001091003	-11.738011237661
4.9952998161316	-11.740192760116
5.0000000000000	-11.729420757439
