#Parameters = {R_fat=48; R_glandular=38; R_skin_outer=50; T10=5; T15=7.5; T5=2.5; T_rad=4; T_x=10; T_y=0; T_z=75; Zc=65; skin_thickness=2}
#"Frequency / GHz"	"S1,1 [Magnitude / dB]"
#-----------------------------------------
0.30000001192093	-25.414153819060
0.30469998717308	-26.478173883039
0.30939999222755	-28.369881591311
0.31409999728203	-31.443410219913
0.31880000233650	-34.533077415014
0.32350000739098	-31.379599169242
0.32820001244545	-26.552426586072
0.33289998769760	-22.900767501257
0.33759999275208	-20.118757585118
0.34229999780655	-17.905290087631
0.34700000286102	-16.084823434531
0.35170000791550	-14.553740327575
0.35640001296997	-13.249646126366
0.36109998822212	-12.136051669087
0.36579999327660	-11.193983093424
0.37049999833107	-10.416393311040
0.37520000338554	-9.8032742593625
0.37990000844002	-9.3567422905560
0.38460001349449	-9.0764233849229
0.38929998874664	-8.9562199493378
0.39399999380112	-8.9836427071504
0.39869999885559	-9.1417424948067
0.40340000391006	-9.4126605913275
0.40810000896454	-9.7812471128707
0.41280001401901	-10.237677603275
0.41749998927116	-10.778651728488
0.42219999432564	-11.407188746576
0.42689999938011	-12.130938220027
0.43160000443459	-12.958349841467
0.43630000948906	-13.890931787115
0.44100001454353	-14.908305426112
0.44569998979568	-15.942655228440
0.45039999485016	-16.849841095303
0.45509999990463	-17.421454581968
0.45980000495911	-17.502334694324
0.46450001001358	-17.133925952214
0.46919998526573	-16.517404639586
0.47389999032021	-15.855847740289
0.47859999537468	-15.275561478965
0.48330000042915	-14.835140728325
0.48800000548363	-14.553617192161
0.49270001053810	-14.428994937580
0.49739998579025	-14.445670668601
0.50209999084473	-14.574582806957
0.50679999589920	-14.769924262763
0.51150000095367	-14.967323598291
0.51620000600815	-15.090790892492
0.52090001106262	-15.074018220790
0.52560001611710	-14.888770439859
0.53030002117157	-14.558079053087
0.53500002622604	-14.141409957423
0.53969997167587	-13.706143143482
0.54439997673035	-13.306840862140
0.54909998178482	-12.978318436965
0.55379998683929	-12.736830565735
0.55849999189377	-12.583166682134
0.56319999694824	-12.504932006077
0.56790000200272	-12.478024617749
0.57260000705719	-12.468789878204
0.57730001211166	-12.438977598793
0.58200001716614	-12.354295744189
0.58670002222061	-12.194482588026
0.59140002727509	-11.959642666945
0.59609997272491	-11.668797571730
0.60079997777939	-11.351745687844
0.60549998283386	-11.039399216448
0.61019998788834	-10.756804906950
0.61489999294281	-10.519838554687
0.61959999799728	-10.334412293214
0.62430000305176	-10.196918132257
0.62900000810623	-10.095335730464
0.63370001316071	-10.011168044871
0.63840001821518	-9.9226768455537
0.64310002326965	-9.8094983208445
0.64780002832413	-9.6576503467812
0.65249997377396	-9.4631444708938
0.65719997882843	-9.2324895889116
0.66189998388290	-8.9799959249570
0.66659998893738	-8.7232735812076
0.67129999399185	-8.4788925424405
0.67599999904633	-8.2592545128458
0.68070000410080	-8.0709257041520
0.68540000915527	-7.9141297664696
0.69010001420975	-7.7831169347363
0.69480001926422	-7.6673600239065
0.69950002431870	-7.5536010823375
0.70420002937317	-7.4286445402706
0.70889997482300	-7.2823628121610
0.71359997987747	-7.1100878403946
0.71829998493195	-6.9135096904401
0.72299998998642	-6.6998186640541
0.72769999504089	-6.4795308837929
0.73240000009537	-6.2638300194687
0.73710000514984	-6.0622048305899
0.74180001020432	-5.8807973342767
0.74650001525879	-5.7215323074002
0.75120002031326	-5.5820074889261
0.75590002536774	-5.4561025969197
0.76059997081757	-5.3352476378426
0.76529997587204	-5.2102492294601
0.76999998092651	-5.0733357284629
0.77469998598099	-4.9199301288890
0.77939999103546	-4.7496451906135
0.78409999608994	-4.5661787721297
0.78880000114441	-4.3762447349584
0.79350000619888	-4.1879017686981
0.79820001125336	-4.0087788532994
0.80290001630783	-3.8446032318692
0.80760002136230	-3.6981982240779
0.81230002641678	-3.5690882438289
0.81699997186661	-3.4536882591516
0.82169997692108	-3.3461009724524
0.82639998197556	-3.2393834712489
0.83109998703003	-3.1271093351510
0.83579999208450	-3.0048519207883
0.84049999713898	-2.8712225771314
0.84520000219345	-2.7281735259407
0.84990000724792	-2.5805069351617
0.85460001230240	-2.4347622894500
0.85930001735687	-2.2978067405146
0.86400002241135	-2.1754610516930
0.86870002746582	-2.0714174945922
0.87339997291565	-1.9866180756838
0.87809997797012	-1.9191561929463
0.88279998302460	-1.8647634117964
0.88749998807907	-1.8177760893437
0.89219999313354	-1.7724617190549
0.89689999818802	-1.7244340539437
0.90160000324249	-1.6718200861633
0.90630000829697	-1.6158752131248
0.91100001335144	-1.5608882099416
0.91570001840591	-1.5134064519239
0.92040002346039	-1.4809984603585
0.92510002851486	-1.4708706414208
0.92979997396469	-1.4886416843289
0.93449997901917	-1.5374890244379
0.93919998407364	-1.6178241053405
0.94389998912811	-1.7275608880589
0.94859999418259	-1.8629374947526
0.95329999923706	-2.0198288836101
0.95800000429153	-2.1953215407610
0.96270000934601	-2.3892941895227
0.96740001440048	-2.6056687209908
0.97210001945496	-2.8530302000298
0.97680002450943	-3.1445676692295
0.98150002956390	-3.4974274018541
0.98619997501373	-3.9319333253746
0.99089998006821	-4.4710858295321
0.99559998512268	-5.1409764198342
1.0003000497818	-5.9726168627968
1.0049999952316	-7.0060538072614
1.0096999406815	-8.2983501067038
1.0144000053406	-9.9393210225655
1.0190999507904	-12.085389156978
1.0238000154495	-15.041085376723
1.0284999608994	-19.448841524574
1.0332000255585	-25.111364723148
1.0378999710083	-21.439474930121
1.0426000356674	-16.230721987392
1.0472999811172	-12.785957287522
1.0520000457764	-10.327005594808
1.0566999912262	-8.4594255293898
1.0614000558853	-6.9888471026550
1.0661000013351	-5.8080974758478
1.0707999467850	-4.8518117032429
1.0755000114441	-4.0762343612610
1.0801999568939	-3.4492984967927
1.0849000215530	-2.9454682564013
1.0895999670029	-2.5430878634229
1.0943000316620	-2.2231813578715
1.0989999771118	-1.9690961902457
1.1037000417709	-1.7665627208964
1.1083999872208	-1.6038983258807
1.1131000518799	-1.4721188980278
1.1177999973297	-1.3648483303064
1.1224999427795	-1.2779806655961
1.1272000074387	-1.2091581409095
1.1318999528885	-1.1571507170848
1.1366000175476	-1.1212597920207
1.1412999629974	-1.1008172609389
1.1460000276566	-1.0948711158413
1.1506999731064	-1.1020483552064
1.1554000377655	-1.1205839148721
1.1600999832153	-1.1484763409466
1.1648000478745	-1.1836874058600
1.1694999933243	-1.2243736938431
1.1742000579834	-1.2690548048372
1.1789000034332	-1.3167005924974
1.1835999488831	-1.3667558234222
1.1883000135422	-1.4190594485878
1.1929999589920	-1.4737366545843
1.1977000236511	-1.5310331206137
1.2023999691010	-1.5912051281034
1.2071000337601	-1.6543966489154
1.2117999792099	-1.7205910132939
1.2165000438690	-1.7896068958974
1.2211999893188	-1.8611235682317
1.2259000539780	-1.9347363640931
1.2305999994278	-2.0100188146623
1.2352999448776	-2.0865840738199
1.2400000095367	-2.1641186215104
1.2446999549866	-2.2424117262758
1.2494000196457	-2.3213545360129
1.2540999650955	-2.4009271583725
1.2588000297546	-2.4811728927437
1.2634999752045	-2.5621786646770
1.2682000398636	-2.6440543707091
1.2728999853134	-2.7269119271607
1.2776000499725	-2.8108423076483
1.2822999954224	-2.8959220565848
1.2869999408722	-2.9821953700854
1.2917000055313	-3.0696695820383
1.2963999509811	-3.1583152059653
1.3011000156403	-3.2480585678929
1.3057999610901	-3.3388048472808
1.3105000257492	-3.4304296826711
1.3151999711990	-3.5228164403163
1.3199000358582	-3.6158637758273
1.3245999813080	-3.7095211656752
1.3293000459671	-3.8038027561163
1.3339999914169	-3.8987898118003
1.3387000560760	-3.9946347696300
1.3434000015259	-4.0915479620713
1.3480999469757	-4.1897496621430
1.3528000116348	-4.2894569293082
1.3574999570847	-4.3908367834360
1.3622000217438	-4.4939778732968
1.3668999671936	-4.5988875000357
1.3716000318527	-4.7054916594375
1.3762999773026	-4.8136531284947
1.3810000419617	-4.9232182736816
1.3856999874115	-5.0340537744621
1.3904000520706	-5.1460957439814
1.3950999975204	-5.2593769796057
1.3997999429703	-5.3740381190394
1.4045000076294	-5.4903234721269
1.4091999530792	-5.6085508491230
1.4139000177383	-5.7290619285495
1.4185999631882	-5.8521768818250
1.4233000278473	-5.9781422007322
1.4279999732971	-6.1071002895252
1.4327000379562	-6.2390714049608
1.4373999834061	-6.3739749663728
1.4421000480652	-6.5116550101140
1.4467999935150	-6.6519323580875
1.4515000581741	-6.7946677444053
1.4562000036240	-6.9398087985667
1.4608999490738	-7.0874302048081
1.4656000137329	-7.2377433122463
1.4702999591827	-7.3910820722590
1.4750000238419	-7.5478622804285
1.4796999692917	-7.7085268188600
1.4844000339508	-7.8734738048452
1.4890999794006	-8.0430040172789
1.4938000440598	-8.2172737542180
1.4984999895096	-8.3962828060738
1.5032000541687	-8.5798871663465
1.5078999996185	-8.7678387441215
1.5125999450684	-8.9598509280326
1.5173000097275	-9.1556659261771
1.5219999551773	-9.3551252488145
1.5267000198364	-9.5582143857058
1.5313999652863	-9.7650818477363
1.5361000299454	-9.9760226242858
1.5407999753952	-10.191426347140
1.5455000400543	-10.411702249443
1.5501999855042	-10.637191465148
1.5549000501633	-10.868077820877
1.5595999956131	-11.104330331779
1.5642999410629	-11.345658753071
1.5690000057220	-11.591528383405
1.5736999511719	-11.841192267143
1.5784000158310	-12.093774792599
1.5830999612808	-12.348361728481
1.5878000259399	-12.604100399120
1.5924999713898	-12.860268091249
1.5972000360489	-13.116322163131
1.6018999814987	-13.371886071705
1.6066000461578	-13.626705252826
1.6112999916077	-13.880532832098
1.6160000562668	-14.133043036290
1.6207000017166	-14.383681843080
1.6253999471664	-14.631600932736
1.6301000118256	-14.875594985858
1.6347999572754	-15.114114011131
1.6395000219345	-15.345331035701
1.6441999673843	-15.567284456112
1.6489000320435	-15.778023422075
1.6535999774933	-15.975809408627
1.6583000421524	-16.159275497009
1.6629999876022	-16.327554798528
1.6677000522614	-16.480314727409
1.6723999977112	-16.617748508783
1.6770999431610	-16.740463064470
1.6818000078201	-16.849346050067
1.6864999532700	-16.945379724724
1.6912000179291	-17.029480960610
1.6958999633789	-17.102401237439
1.7006000280380	-17.164629828584
1.7052999734879	-17.216456189542
1.7100000381470	-17.258017560227
1.7146999835968	-17.289461864984
1.7194000482559	-17.311104965731
1.7240999937057	-17.323566077509
1.7288000583649	-17.327873888392
1.7335000038147	-17.325489636935
1.7381999492645	-17.318231273228
1.7429000139236	-17.308140811134
1.7475999593735	-17.297261515431
1.7523000240326	-17.287450661261
1.7569999694824	-17.280171857760
1.7617000341415	-17.276397336881
1.7663999795914	-17.276543095341
1.7711000442505	-17.280541369761
1.7757999897003	-17.287982019322
1.7805000543594	-17.298310687539
1.7851999998093	-17.311063338432
1.7898999452591	-17.326059607147
1.7946000099182	-17.343552768053
1.7992999553680	-17.364274986647
1.8040000200272	-17.389363393808
1.8086999654770	-17.420227192585
1.8134000301361	-17.458314602602
1.8180999755859	-17.504904811665
1.8228000402451	-17.560902452765
1.8274999856949	-17.626736459569
1.8322000503540	-17.702316164054
1.8368999958038	-17.787117399320
1.8415999412537	-17.880369871619
1.8463000059128	-17.981260668497
1.8509999513626	-18.089187989013
1.8557000160217	-18.204004926463
1.8603999614716	-18.326120798808
1.8651000261307	-18.456531292460
1.8697999715805	-18.596748007314
1.8745000362396	-18.748597717161
1.8791999816895	-18.913962678650
1.8839000463486	-19.094578249821
1.8885999917984	-19.291799575931
1.8933000564575	-19.506509962256
1.8980000019073	-19.739108434381
1.9026999473572	-19.989660281811
1.9074000120163	-20.258095292761
1.9120999574661	-20.544522901088
1.9168000221252	-20.849576841483
1.9214999675751	-21.174675200500
1.9262000322342	-21.522238240540
1.9308999776840	-21.895796154247
1.9356000423431	-22.299942111936
1.9402999877930	-22.740216703378
1.9450000524521	-23.222977946657
1.9496999979019	-23.755291184490
1.9543999433517	-24.344957645734
1.9591000080109	-25.000812842894
1.9637999534607	-25.733316051385
1.9685000181198	-26.555581820306
1.9731999635696	-27.485317342044
1.9779000282288	-28.547695622522
1.9825999736786	-29.780512823554
1.9873000383377	-31.243288144366
1.9919999837875	-33.035888929699
1.9967000484467	-35.340947185469
2.0013999938965	-38.541645218062
2.0060999393463	-43.627096519793
2.0107998847961	-51.523419706523
2.0155000686646	-44.496446848872
2.0202000141144	-38.749474565360
2.0248999595642	-35.160687680496
2.0295999050140	-32.572910871508
2.0343000888824	-30.552560436846
2.0390000343323	-28.897430538739
2.0436999797821	-27.496949412654
2.0483999252319	-26.283623463862
2.0531001091003	-25.212911535315
2.0578000545502	-24.253744829170
2.0625000000000	-23.383689582416
2.0671999454498	-22.586292944156
2.0718998908997	-21.849460070376
2.0766000747681	-21.164355631190
2.0813000202179	-20.524621519349
2.0859999656677	-19.925637271881
2.0906999111176	-19.364030886978
2.0954000949860	-18.837115707993
2.1001000404358	-18.342573651577
2.1047999858856	-17.878187269558
2.1094999313354	-17.441670883174
2.1142001152039	-17.030674519880
2.1189000606537	-16.642799797298
2.1236000061035	-16.275718282608
2.1282999515533	-15.927311469416
2.1329998970032	-15.595790174745
2.1377000808716	-15.279784242732
2.1424000263214	-14.978370939011
2.1470999717712	-14.691036932307
2.1517999172211	-14.417591472647
2.1565001010895	-14.158021019901
2.1612000465393	-13.912348274221
2.1658999919891	-13.680493412368
2.1705999374390	-13.462186664778
2.1752998828888	-13.256919632153
2.1800000667572	-13.063962256809
2.1847000122070	-12.882419404999
2.1893999576569	-12.711351884573
2.1940999031067	-12.549871213575
2.1988000869751	-12.397255681105
2.2035000324249	-12.253013094416
2.2081999778748	-12.116924017170
2.2128999233246	-11.988987151987
2.2176001071930	-11.869382981251
2.2223000526428	-11.758341036169
2.2269999980927	-11.656057207110
2.2316999435425	-11.562584218296
2.2363998889923	-11.477784604997
2.2411000728607	-11.401313782414
2.2458000183105	-11.332650959073
2.2504999637604	-11.271167605522
2.2551999092102	-11.216233408365
2.2599000930786	-11.167303351932
2.2646000385284	-11.124001853034
2.2692999839783	-11.086163020673
2.2739999294281	-11.053835893782
2.2787001132965	-11.027236769229
2.2834000587463	-11.006670705087
2.2881000041962	-10.992436127899
2.2927999496460	-10.984732022152
2.2974998950958	-10.983600968644
2.3022000789642	-10.988886231644
2.3069000244141	-11.000260929072
2.3115999698639	-11.017272915432
2.3162999153137	-11.039433223090
2.3210000991821	-11.066308566142
2.3257000446320	-11.097609349319
2.3303999900818	-11.133244998649
2.3350999355316	-11.173326156774
2.3397998809814	-11.218155301938
2.3445000648499	-11.268138579415
2.3492000102997	-11.323704941315
2.3538999557495	-11.385211196966
2.3585999011993	-11.452864468980
2.3633000850677	-11.526682386147
2.3680000305176	-11.606492203375
2.3726999759674	-11.691985928468
2.3773999214172	-11.782792830745
2.3821001052856	-11.878571879881
2.3868000507355	-11.979118208602
2.3914999961853	-12.084426970691
2.3961999416351	-12.194720552482
2.4008998870850	-12.310433272909
2.4056000709534	-12.432148424321
2.4103000164032	-12.560499472378
2.4149999618530	-12.696089126756
2.4196999073029	-12.839360364149
2.4244000911713	-12.990579847993
2.4291000366211	-13.149794041690
2.4337999820709	-13.316881932222
2.4384999275208	-13.491637612141
2.4432001113892	-13.673880057527
2.4479000568390	-13.863548128360
2.4526000022888	-14.060832195964
2.4572999477386	-14.266191312918
2.4619998931885	-14.480385251219
2.4667000770569	-14.704386258916
2.4714000225067	-14.939307448104
2.4760999679565	-15.186261374315
2.4807999134064	-15.446243591134
2.4855000972748	-15.720035120556
2.4902000427246	-16.008184321229
2.4948999881744	-16.311010199900
2.4995999336243	-16.628714511368
2.5043001174927	-16.961496151129
2.5090000629425	-17.309727746771
2.5137000083923	-17.674102104210
2.5183999538422	-18.055740515503
2.5230998992920	-18.456195226831
2.5278000831604	-18.877372282382
2.5325000286102	-19.321357600218
2.5371999740601	-19.790101817634
2.5418999195099	-20.285063223847
2.5466001033783	-20.806802140325
2.5513000488281	-21.354477560144
2.5559999942780	-21.925356761331
2.5606999397278	-22.514194338646
2.5653998851776	-23.112543215197
2.5701000690460	-23.707921712039
2.5748000144958	-24.282908877579
2.5794999599457	-24.814283309495
2.5841999053955	-25.272995412830
2.5889000892639	-25.625726771713
2.5936000347137	-25.839355012952
2.5982999801636	-25.888240109274
2.6029999256134	-25.762034200461
2.6077001094818	-25.469873266182
2.6124000549316	-25.037983760830
2.6171000003815	-24.502172402254
2.6217999458313	-23.899324609567
2.6264998912811	-23.261433591576
2.6312000751495	-22.613042400752
2.6359000205994	-21.971131545743
2.6405999660492	-21.346307578428
2.6452999114990	-20.744314499038
2.6500000953674	-20.167527793302
2.6547000408173	-19.616177308842
2.6593999862671	-19.089296509863
2.6640999317169	-18.585445341135
2.6688001155853	-18.103171849977
2.6735000610352	-17.641275823189
2.6782000064850	-17.198892095272
2.6828999519348	-16.775460696898
2.6875998973846	-16.370584967008
2.6923000812531	-15.983898380847
2.6970000267029	-15.614902841280
2.7016999721527	-15.262893252990
2.7063999176025	-14.926907823869
2.7111001014709	-14.605764964371
2.7158000469208	-14.298164183026
2.7204999923706	-14.002784434324
2.7251999378204	-13.718425627797
2.7298998832703	-13.444091138534
2.7346000671387	-13.179076989484
2.7393000125885	-12.922948655046
2.7439999580383	-12.675514570804
2.7486999034882	-12.436730243504
2.7534000873566	-12.206591422627
2.7581000328064	-11.985036063765
2.7627999782562	-11.771861252851
2.7674999237061	-11.566685508029
2.7722001075745	-11.368964082285
2.7769000530243	-11.178036782139
2.7815999984741	-10.993201873060
2.7862999439240	-10.813807243306
2.7909998893738	-10.639337765308
2.7957000732422	-10.469450222678
2.8004000186920	-10.303998543513
2.8050999641418	-10.142997410928
2.8097999095917	-9.9865713456920
2.8145000934601	-9.8348582091398
2.8192000389099	-9.6879501810682
2.8238999843597	-9.5458148580720
2.8285999298096	-9.4082744543547
2.8333001136780	-9.2750183350443
2.8380000591278	-9.1456186371389
2.8427000045776	-9.0196170738239
2.8473999500275	-8.8965940078085
2.8520998954773	-8.7762230674025
2.8568000793457	-8.6583315861208
2.8615000247955	-8.5428905728848
2.8661999702454	-8.4300086036803
2.8708999156952	-8.3198686545692
2.8756000995636	-8.2126716102991
2.8803000450134	-8.1085578351648
2.8849999904633	-8.0075701542631
2.8896999359131	-7.9096048029089
2.8943998813629	-7.8144526258001
2.8991000652313	-7.7218005088079
2.9038000106812	-7.6313104575493
2.9084999561310	-7.5426758202869
2.9131999015808	-7.4556794248953
2.9179000854492	-7.3702248581001
2.9226000308990	-7.2863537954714
2.9272999763489	-7.2042136579742
2.9319999217987	-7.1240174789481
2.9367001056671	-7.0459800607560
2.9414000511169	-6.9702574696197
2.9460999965668	-6.8969044490749
2.9507999420166	-6.8258589205810
2.9554998874664	-6.7569455028253
2.9602000713348	-6.6899123261260
2.9649000167847	-6.6244771515296
2.9695999622345	-6.5604001113876
2.9742999076843	-6.4975145941082
2.9790000915527	-6.4357750983603
2.9837000370026	-6.3752540768546
2.9883999824524	-6.3161081998313
2.9930999279022	-6.2585533650562
2.9978001117706	-6.2027940702988
3.0025000572205	-6.1489808158776
3.0072000026703	-6.0971617601423
3.0118999481201	-6.0472752985996
3.0165998935699	-5.9991566512238
3.0213000774384	-5.9525770519520
3.0260000228882	-5.9072849873614
3.0306999683380	-5.8630689342325
3.0353999137878	-5.8198028136182
3.0401000976562	-5.7774618097624
3.0448000431061	-5.7361250469285
3.0494999885559	-5.6959598236272
3.0541999340057	-5.6571705476419
3.0589001178741	-5.6199457229947
3.0636000633240	-5.5844128654545
3.0683000087738	-5.5506053785793
3.0729999542236	-5.5184498120254
3.0776998996735	-5.4877793796085
3.0824000835419	-5.4583756667578
3.0871000289917	-5.4300045744651
3.0917999744415	-5.4024756154116
3.0964999198914	-5.3756847459853
3.1012001037598	-5.3496221930932
3.1059000492096	-5.3243839594551
3.1105999946594	-5.3001344265952
3.1152999401093	-5.2770649808062
3.1199998855591	-5.2553541429979
3.1247000694275	-5.2351044466385
3.1294000148773	-5.2163301178819
3.1340999603271	-5.1989467214542
3.1387999057770	-5.1827777956797
3.1435000896454	-5.1676083217631
3.1482000350952	-5.1532187623961
3.1528999805450	-5.1394361654943
3.1575999259949	-5.1261731303734
3.1623001098633	-5.1134410740541
3.1670000553131	-5.1013442126811
3.1717000007629	-5.0900469936125
3.1763999462128	-5.0797407240477
3.1810998916626	-5.0705780243758
3.1858000755310	-5.0626429666690
3.1905000209808	-5.0559296944594
3.1951999664307	-5.0503262556474
3.1998999118805	-5.0456535870331
3.2046000957489	-5.0416819542616
3.2093000411987	-5.0382019829659
3.2139999866486	-5.0350504368213
3.2186999320984	-5.0321539089877
3.2234001159668	-5.0295345735263
3.2281000614166	-5.0273048827268
3.2328000068665	-5.0256257254264
3.2374999523163	-5.0246672703512
3.2421998977661	-5.0245633008387
3.2469000816345	-5.0253624098663
3.2516000270844	-5.0270160864265
3.2562999725342	-5.0293789820939
3.2609999179840	-5.0322367372666
3.2657001018524	-5.0353408231079
3.2704000473022	-5.0384581721023
3.2750999927521	-5.0414207605478
3.2797999382019	-5.0441461181113
3.2844998836517	-5.0466531477801
3.2892000675201	-5.0490335421052
3.2939000129700	-5.0514241246445
3.2985999584198	-5.0539545975633
3.3032999038696	-5.0567002715066
3.3080000877380	-5.0596439486612
3.3127000331879	-5.0626689229152
3.3173999786377	-5.0655515529770
3.3220999240875	-5.0680126388633
3.3268001079559	-5.0697452991731
3.3315000534058	-5.0704693198637
3.3361999988556	-5.0699753963423
3.3408999443054	-5.0681537261897
3.3455998897552	-5.0649849580645
3.3503000736237	-5.0605262437244
3.3550000190735	-5.0548621473082
3.3596999645233	-5.0480632129444
3.3643999099731	-5.0401326877798
3.3691000938416	-5.0309822428443
3.3738000392914	-5.0204239490854
3.3784999847412	-5.0081818362095
3.3831999301910	-4.9939432149935
3.3879001140594	-4.9773963126037
3.3926000595093	-4.9582942840080
3.3973000049591	-4.9364827636577
3.4019999504089	-4.9119285539033
3.4066998958588	-4.8847166397632
3.4114000797272	-4.8550078824536
3.4161000251770	-4.8230032056144
3.4207999706268	-4.7888931938388
3.4254999160767	-4.7528199919278
3.4302000999451	-4.7148585762095
3.4349000453949	-4.6750061229327
3.4395999908447	-4.6332271442423
3.4442999362946	-4.5894814712310
3.4489998817444	-4.5437760720154
3.4537000656128	-4.4962133575048
3.4584000110626	-4.4470070173141
3.4630999565125	-4.3964958828664
3.4677999019623	-4.3451129126111
3.4725000858307	-4.2933508271917
3.4772000312805	-4.2417052712957
3.4818999767303	-4.1906302955430
3.4865999221802	-4.1404979722832
3.4913001060486	-4.0915864495585
3.4960000514984	-4.0440801157133
3.5006999969482	-3.9980950180252
3.5053999423981	-3.9537188848576
3.5100998878479	-3.9110510202889
3.5148000717163	-3.8702358984391
3.5195000171661	-3.8314777479636
3.5241999626160	-3.7950398890910
3.5288999080658	-3.7612250492836
3.5336000919342	-3.7303388141948
3.5383000373840	-3.7026466401131
3.5429999828339	-3.6783399963108
3.5476999282837	-3.6575106578010
3.5524001121521	-3.6401429516313
3.5571000576019	-3.6261288752810
3.5618000030518	-3.6152990916948
3.5664999485016	-3.6074578949786
3.5711998939514	-3.6024280492874
3.5759000778198	-3.6000871892532
3.5806000232697	-3.6003784483709
3.5852999687195	-3.6033205259001
3.5899999141693	-3.6089819363348
3.5947000980377	-3.6174564583922
3.5994000434875	-3.6288166263021
3.6040999889374	-3.6430910867624
3.6087999343872	-3.6602311753624
3.6135001182556	-3.6801069767266
3.6182000637054	-3.7025215530263
3.6229000091553	-3.7272324388675
3.6275999546051	-3.7539960400215
3.6322999000549	-3.7826023394854
3.6370000839233	-3.8129080251548
3.6417000293732	-3.8448534456083
3.6463999748230	-3.8784642094924
3.6510999202728	-3.9138270937191
3.6558001041412	-3.9510636002999
3.6605000495911	-3.9902801069654
3.6651999950409	-4.0315398739066
3.6698999404907	-4.0748332061709
3.6745998859406	-4.1200707663687
3.6793000698090	-4.1670872285926
3.6840000152588	-4.2156816818838
3.6886999607086	-4.2656418965381
3.6933999061584	-4.3168002601131
3.6981000900269	-4.3690482779731
3.7028000354767	-4.4223759256834
3.7074999809265	-4.4768547425870
3.7121999263763	-4.5326195984379
3.7169001102448	-4.5898372784809
3.7216000556946	-4.6486548027476
3.7263000011444	-4.7091632551871
3.7309999465942	-4.7713745568197
3.7356998920441	-4.8351952323534
3.7404000759125	-4.9004637126035
3.7451000213623	-4.9669598758609
3.7497999668121	-5.0344592869417
3.7544999122620	-5.1027762204116
3.7592000961304	-5.1718025620658
3.7639000415802	-5.2415238845178
3.7685999870300	-5.3120144187136
3.7732999324799	-5.3834185181251
3.7780001163483	-5.4559007407623
3.7827000617981	-5.5295929710238
3.7874000072479	-5.6045551252393
3.7920999526978	-5.6807397563865
3.7967998981476	-5.7579848594843
3.8015000820160	-5.8360268176308
3.8062000274658	-5.9145485897955
3.8108999729156	-5.9932214986676
3.8155999183655	-6.0717708933026
3.8203001022339	-6.1500096087208
3.8250000476837	-6.2278604420984
3.8296999931335	-6.3053553968529
3.8343999385834	-6.3825895190619
3.8390998840332	-6.4596711707622
3.8438000679016	-6.5366690858438
3.8485000133514	-6.6135416609342
3.8531999588013	-6.6901203188085
3.8578999042511	-6.7661010108638
3.8626000881195	-6.8410738278676
3.8673000335693	-6.9145800635676
3.8719999790192	-6.9861777650858
3.8766999244690	-7.0555152323772
3.8814001083374	-7.1223752576555
3.8861000537872	-7.1866907281474
3.8907999992371	-7.2485301835155
3.8954999446869	-7.3080399264718
3.9001998901367	-7.3653841657936
3.9049000740051	-7.4206564024103
3.9096000194550	-7.4738412701903
3.9142999649048	-7.5247731271002
3.9189999103546	-7.5731652411690
3.9237000942230	-7.6186490422620
3.9284000396729	-7.6608606093017
3.9330999851227	-7.6995139307206
3.9377999305725	-7.7344801935970
3.9425001144409	-7.7658151104153
3.9472000598907	-7.7937654152486
3.9519000053406	-7.8187170847030
3.9565999507904	-7.8411134738994
3.9612998962402	-7.8613769602313
3.9660000801086	-7.8798205351790
3.9707000255585	-7.8966056711455
3.9753999710083	-7.9117343000938
3.9800999164581	-7.9250766687909
3.9848001003265	-7.9364501843295
3.9895000457764	-7.9457018217679
3.9941999912262	-7.9527926263876
3.9988999366760	-7.9578507810186
4.0036001205444	-7.9611866418988
4.0082998275757	-7.9632677841040
4.0130000114441	-7.9646429568015
4.0177001953125	-7.9658619821986
4.0223999023438	-7.9673791328243
4.0271000862122	-7.9694868219142
4.0317997932434	-7.9722875615723
4.0364999771118	-7.9757085238076
4.0412001609802	-7.9795542273362
4.0458998680115	-7.9835875849755
4.0506000518799	-7.9876250663683
4.0553002357483	-7.9916117407348
4.0599999427795	-7.9956622870102
4.0647001266479	-8.0000635519914
4.0693998336792	-8.0052307317518
4.0741000175476	-8.0116294374937
4.0788002014160	-8.0196892091685
4.0834999084473	-8.0297093020207
4.0882000923157	-8.0418148563232
4.0928997993469	-8.0559267604931
4.0975999832153	-8.0718033891328
4.1023001670837	-8.0890977766294
4.1069998741150	-8.1074515066987
4.1117000579834	-8.1265883580658
4.1163997650146	-8.1463817624778
4.1210999488831	-8.1668974438982
4.1258001327515	-8.1883797686056
4.1304998397827	-8.2111897412685
4.1352000236511	-8.2357297247218
4.1399002075195	-8.2623407082206
4.1445999145508	-8.2912148969111
4.1493000984192	-8.3223463609238
4.1539998054504	-8.3555241074241
4.1586999893188	-8.3903713430795
4.1634001731873	-8.4264226969118
4.1680998802185	-8.4632247816949
4.1728000640869	-8.5004362413425
4.1774997711182	-8.5379029568647
4.1821999549866	-8.5756811243420
4.1869001388550	-8.6140236327846
4.1915998458862	-8.6533039242038
4.1963000297546	-8.6939179387819
4.2010002136230	-8.7361802114455
4.2056999206543	-8.7802299778038
4.2104001045227	-8.8259846312053
4.2150998115540	-8.8731452864037
4.2197999954224	-8.9212445092692
4.2245001792908	-8.9697541928447
4.2291998863220	-9.0181962056291
4.2339000701904	-9.0662546574511
4.2385997772217	-9.1138527729904
4.2432999610901	-9.1611795429095
4.2480001449585	-9.2086427451733
4.2526998519897	-9.2567983629684
4.2574000358582	-9.3062237651293
4.2621002197266	-9.3574013168670
4.2667999267578	-9.4106345994613
4.2715001106262	-9.4660011372930
4.2761998176575	-9.5233769050017
4.2809000015259	-9.5825086606181
4.2856001853943	-9.6431344846340
4.2902998924255	-9.7051127393531
4.2950000762939	-9.7685244280274
4.2996997833252	-9.8337490873914
4.3043999671936	-9.9014510242793
4.3091001510620	-9.9725210099885
4.3137998580933	-10.047939919382
4.3185000419617	-10.128642228522
4.3232002258301	-10.215351578385
4.3278999328613	-10.308485054239
4.3326001167297	-10.408088036648
4.3372998237610	-10.513857133955
4.3420000076294	-10.625221786884
4.3467001914978	-10.741470605503
4.3513998985291	-10.861918564643
4.3561000823975	-10.986036548580
4.3607997894287	-11.113551898786
4.3654999732971	-11.244470222432
4.3702001571655	-11.379017014750
4.3748998641968	-11.517513751779
4.3796000480652	-11.660211365634
4.3843002319336	-11.807125516849
4.3889999389648	-11.957915446870
4.3937001228333	-12.111839691023
4.3983998298645	-12.267799625905
4.4031000137329	-12.424493494259
4.4078001976013	-12.580616183611
4.4124999046326	-12.735100865101
4.4172000885010	-12.887313069133
4.4218997955322	-13.037152747721
4.4265999794006	-13.185037981912
4.4313001632690	-13.331744618744
4.4359998703003	-13.478166701542
4.4407000541687	-13.625021103423
4.4454002380371	-13.772595521601
4.4500999450684	-13.920590690494
4.4548001289368	-14.068110329804
4.4594998359680	-14.213801814013
4.4642000198364	-14.356121468083
4.4689002037048	-14.493690668695
4.4735999107361	-14.625607203556
4.4783000946045	-14.751670108834
4.4829998016357	-14.872416919399
4.4876999855042	-14.988954857140
4.4924001693726	-15.102639062007
4.4970998764038	-15.214659498600
4.5018000602722	-15.325662660825
4.5064997673035	-15.435494970985
4.5111999511719	-15.543131558685
4.5159001350403	-15.646861942021
4.5205998420715	-15.744626499337
4.5253000259399	-15.834506148543
4.5300002098083	-15.915195716499
4.5346999168396	-15.986321988660
4.5394001007080	-16.048525579188
4.5440998077393	-16.103262710607
4.5487999916077	-16.152370558093
4.5535001754761	-16.197530554542
4.5581998825073	-16.239766192535
4.5629000663757	-16.279103980375
4.5675997734070	-16.314522601733
4.5722999572754	-16.344163799166
4.5770001411438	-16.365788557425
4.5816998481750	-16.377383075907
4.5864000320435	-16.377707578409
4.5911002159119	-16.366680201909
4.5957999229431	-16.345433772474
4.6005001068115	-16.316024328316
4.6051998138428	-16.280921765940
4.6098999977112	-16.242373320597
4.6146001815796	-16.201862296044
4.6192998886108	-16.159761389386
4.6240000724792	-16.115301868504
4.6286997795105	-16.066836640865
4.6333999633789	-16.012336504586
4.6381001472473	-15.950000459306
4.6427998542786	-15.878828229337
4.6475000381470	-15.798958794305
4.6522002220154	-15.711719281838
4.6568999290466	-15.619327452971
4.6616001129150	-15.524391469556
4.6662998199463	-15.429289592354
4.6710000038147	-15.335652205496
4.6757001876831	-15.244042869425
4.6803998947144	-15.153907411078
4.6851000785828	-15.063799395986
4.6897997856140	-14.971825484806
4.6944999694824	-14.876201509945
4.6992001533508	-14.775772842045
4.7038998603821	-14.670383994236
4.7086000442505	-14.560950923913
4.7133002281189	-14.449286665538
4.7179999351501	-14.337674519001
4.7227001190186	-14.228338309325
4.7273998260498	-14.122941964323
4.7321000099182	-14.022249772225
4.7368001937866	-13.926012886329
4.7414999008179	-13.833080523040
4.7462000846863	-13.741730759462
4.7508997917175	-13.650143395579
4.7555999755859	-13.556892985936
4.7603001594543	-13.461331159401
4.7649998664856	-13.363785921021
4.7697000503540	-13.265489906028
4.7744002342224	-13.168310601717
4.7790999412537	-13.074290008880
4.7838001251221	-12.985193229495
4.7884998321533	-12.902104526411
4.7932000160217	-12.825209680581
4.7979001998901	-12.753786304954
4.8025999069214	-12.686399556379
4.8073000907898	-12.621272904411
4.8119997978210	-12.556734612675
4.8166999816895	-12.491643880167
4.8214001655579	-12.425678470021
4.8260998725891	-12.359447379611
4.8308000564575	-12.294322781366
4.8354997634888	-12.232127276903
4.8401999473572	-12.174689507275
4.8449001312256	-12.123399389483
4.8495998382568	-12.078897865430
4.8543000221252	-12.040917097869
4.8590002059937	-12.008331475327
4.8636999130249	-11.979419593215
4.8684000968933	-11.952255347409
4.8730998039246	-11.925164802045
4.8777999877930	-11.897129370851
4.8825001716614	-11.868034774612
4.8871998786926	-11.838687934323
4.8919000625610	-11.810625455764
4.8965997695923	-11.785707511766
4.9012999534607	-11.765659817535
4.9060001373291	-11.751640197166
4.9106998443604	-11.743928864372
4.9154000282288	-11.741836360588
4.9201002120972	-11.743819188031
4.9247999191284	-11.747811707129
4.9295001029968	-11.751663409412
4.9341998100281	-11.753660478850
4.9388999938965	-11.752903303055
4.9436001777649	-11.749480615946
4.9482998847961	-11.744426043280
4.9530000686646	-11.739362171812
4.9576997756958	-11.735986810706
4.9623999595642	-11.735529981160
4.9671001434326	-11.738250335949
4.9717998504639	-11.743162711111
4.9765000343323	-11.748002712259
4.9812002182007	-11.749497689536
4.9858999252319	-11.743865716805
4.9906001091003	-11.727474550580
4.9952998161316	-11.697489227689
5.0000000000000	-11.652351761794
#Parameters = {R_fat=48; R_glandular=38; R_skin_outer=50; T10=5; T15=7.5; T5=2.5; T_rad=4; T_x=10; T_y=0; T_z=75; Zc=65; skin_thickness=2; Mesh Pass=1}
#"Frequency / GHz"	"S1,1 (Mesh Pass=1) [Magnitude / dB]"
#-------------------------------------------------------
0.30000001192093	-2.4838999221886
0.30469998717308	-2.3440451750788
0.30939999222755	-2.2958705538769
0.31409999728203	-2.3432217894210
0.31880000233650	-2.4768903407223
0.32350000739098	-2.6733966083476
0.32820001244545	-2.8921673169354
0.33289998769760	-3.0753691249698
0.33759999275208	-3.1581683655578
0.34229999780655	-3.0937601811062
0.34700000286102	-2.8804936972926
0.35170000791550	-2.5661202704930
0.35640001296997	-2.2236418148275
0.36109998822212	-1.9219050995942
0.36579999327660	-1.7113460561733
0.37049999833107	-1.6253286008212
0.37520000338554	-1.6887296784758
0.37990000844002	-1.9280133458194
0.38460001349449	-2.3816168665919
0.38929998874664	-3.1127122804419
0.39399999380112	-4.2296924842041
0.39869999885559	-5.9275564684279
0.40340000391006	-8.5894720916844
0.40810000896454	-13.055630858838
0.41280001401901	-18.911984316873
0.41749998927116	-13.641884307998
0.42219999432564	-8.6419412383589
0.42689999938011	-5.6660569225619
0.43160000443459	-3.7918966528570
0.43630000948906	-2.5866372226786
0.44100001454353	-1.8219115144217
0.44569998979568	-1.3634031655836
0.45039999485016	-1.1270571269361
0.45509999990463	-1.0572378423626
0.45980000495911	-1.1133586763602
0.46450001001358	-1.2602893084724
0.46919998526573	-1.4611309508042
0.47389999032021	-1.6731836562432
0.47859999537468	-1.8497077035972
0.48330000042915	-1.9495109168868
0.48800000548363	-1.9510224867437
0.49270001053810	-1.8609422207893
0.49739998579025	-1.7097002520743
0.50209999084473	-1.5372557433496
0.50679999589920	-1.3795458443215
0.51150000095367	-1.2615833974054
0.51620000600815	-1.1963697978985
0.52090001106262	-1.1863543166608
0.52560001611710	-1.2251302777824
0.53030002117157	-1.2987945941665
0.53500002622604	-1.3875550046998
0.53969997167587	-1.4686452375330
0.54439997673035	-1.5210567970302
0.54909998178482	-1.5311009375146
0.55379998683929	-1.4963469354878
0.55849999189377	-1.4257156404896
0.56319999694824	-1.3357394004352
0.56790000200272	-1.2451836310898
0.57260000705719	-1.1704666843616
0.57730001211166	-1.1229215069504
0.58200001716614	-1.1076911148058
0.58670002222061	-1.1236127198885
0.59140002727509	-1.1637220958360
0.59609997272491	-1.2164150970718
0.60079997777939	-1.2675232979877
0.60549998283386	-1.3033420191680
0.61019998788834	-1.3140094009235
0.61489999294281	-1.2960755271124
0.61959999799728	-1.2531549634672
0.62430000305176	-1.1944496162983
0.62900000810623	-1.1319226955902
0.63370001316071	-1.0773170730866
0.63840001821518	-1.0398210284613
0.64310002326965	-1.0246392703734
0.64780002832413	-1.0323638996993
0.65249997377396	-1.0590237655118
0.65719997882843	-1.0968157491306
0.66189998388290	-1.1355998633547
0.66659998893738	-1.1650791634136
0.67129999399185	-1.1772545064041
0.67599999904633	-1.1684117434378
0.68070000410080	-1.1399400558811
0.68540000915527	-1.0977084674297
0.69010001420975	-1.0503425422677
0.69480001926422	-1.0070809366295
0.69950002431870	-0.97582551803376
0.70420002937317	-0.96170262264023
0.70889997482300	-0.96624345755871
0.71359997987747	-0.98716381326988
0.71829998493195	-1.0188001594010
0.72299998998642	-1.0532094733520
0.72769999504089	-1.0818583816613
0.73240000009537	-1.0976066013236
0.73710000514984	-1.0964246591639
0.74180001020432	-1.0783358604908
0.74650001525879	-1.0472596716520
0.75120002031326	-1.0098941042266
0.75590002536774	-0.97408035357850
0.76059997081757	-0.94708936535675
0.76529997587204	-0.93421406777429
0.76999998092651	-0.93780966647028
0.77469998598099	-0.95688137586527
0.77939999103546	-0.98726511586561
0.78409999608994	-1.0224221828691
0.78880000114441	-1.0548004678218
0.79350000619888	-1.0775256993481
0.79820001125336	-1.0860283654691
0.80290001630783	-1.0791100524400
0.80760002136230	-1.0591711129004
0.81230002641678	-1.0315559811516
0.81699997186661	-1.0032497944621
0.82169997692108	-0.98135891107759
0.82639998197556	-0.97167789526350
0.83109998703003	-0.97757997355468
0.83579999208450	-0.99940389206626
0.84049999713898	-1.0343423656292
0.84520000219345	-1.0769643977365
0.84990000724792	-1.1202856200015
0.85460001230240	-1.1572593760914
0.85930001735687	-1.1823818481339
0.86400002241135	-1.1929894760765
0.86870002746582	-1.1898957223200
0.87339997291565	-1.1771913702262
0.87809997797012	-1.1613149490629
0.88279998302460	-1.1496678468890
0.88749998807907	-1.1491250721927
0.89219999313354	-1.1647192611971
0.89689999818802	-1.1987044664283
0.90160000324249	-1.2501064021276
0.90630000829697	-1.3148436688625
0.91100001335144	-1.3864753003377
0.91570001840591	-1.4574601007454
0.92040002346039	-1.5207785320038
0.92510002851486	-1.5715689121630
0.92979997396469	-1.6083516541239
0.93449997901917	-1.6335440760650
0.93919998407364	-1.6530776977864
0.94389998912811	-1.6752985734267
0.94859999418259	-1.7094038260638
0.95329999923706	-1.7637912378390
0.95800000429153	-1.8446374585783
0.96270000934601	-1.9548748871511
0.96740001440048	-2.0937513111121
0.97210001945496	-2.2570094808386
0.97680002450943	-2.4377522204854
0.98150002956390	-2.6279309207920
0.98619997501373	-2.8203165360497
0.99089998006821	-3.0106524817987
0.99559998512268	-3.1994640422127
1.0003000497818	-3.3930828165241
1.0049999952316	-3.6035095764057
1.0096999406815	-3.8471840506510
1.0144000053406	-4.1429823664351
1.0190999507904	-4.5100138135212
1.0238000154495	-4.9656561916232
1.0284999608994	-5.5240607034375
1.0332000255585	-6.1948385213125
1.0378999710083	-6.9811432014505
1.0426000356674	-7.8755041517714
1.0472999811172	-8.8504635467287
1.0520000457764	-9.8406042902083
1.0566999912262	-10.717724963706
1.0614000558853	-11.285792914470
1.0661000013351	-11.355402380996
1.0707999467850	-10.887228992230
1.0755000114441	-10.028798310784
1.0801999568939	-8.9877824775245
1.0849000215530	-7.9203066263683
1.0895999670029	-6.9132007907483
1.0943000316620	-6.0068016533853
1.0989999771118	-5.2166125512764
1.1037000417709	-4.5455493132495
1.1083999872208	-3.9894979733751
1.1131000518799	-3.5394507044015
1.1177999973297	-3.1823682541159
1.1224999427795	-2.9019188305733
1.1272000074387	-2.6797159730116
1.1318999528885	-2.4970924496126
1.1366000175476	-2.3372282133263
1.1412999629974	-2.1871340919112
1.1460000276566	-2.0389901534920
1.1506999731064	-1.8904524515958
1.1554000377655	-1.7438727852870
1.1600999832153	-1.6046794808729
1.1648000478745	-1.4793897854827
1.1694999933243	-1.3737343443063
1.1742000579834	-1.2912402130419
1.1789000034332	-1.2324817141688
1.1835999488831	-1.1949771387809
1.1883000135422	-1.1737108492423
1.1929999589920	-1.1620869685817
1.1977000236511	-1.1531702142425
1.2023999691010	-1.1409564991757
1.2071000337601	-1.1214353958684
1.2117999792099	-1.0932074845627
1.2165000438690	-1.0575306416374
1.2211999893188	-1.0177583256679
1.2259000539780	-0.97839902045622
1.2305999994278	-0.94397708103457
1.2352999448776	-0.91805177080679
1.2400000095367	-0.90251729278835
1.2446999549866	-0.89733053193122
1.2494000196457	-0.90064931099143
1.2540999650955	-0.90929137733148
1.2588000297546	-0.91944122770535
1.2634999752045	-0.92744910592136
1.2682000398636	-0.93055150886773
1.2728999853134	-0.92739810588982
1.2776000499725	-0.91825425340465
1.2822999954224	-0.90482786883428
1.2869999408722	-0.88979271752064
1.2917000055313	-0.87614213918578
1.2963999509811	-0.86650863317224
1.3011000156403	-0.86263605474867
1.3057999610901	-0.86508432960217
1.3105000257492	-0.87319083070612
1.3151999711990	-0.88528226673657
1.3199000358582	-0.89907337465196
1.3245999813080	-0.91216063251107
1.3293000459671	-0.92252896948458
1.3339999914169	-0.92895934698462
1.3387000560760	-0.93124888007760
1.3434000015259	-0.93020482118458
1.3480999469757	-0.92741585185632
1.3528000116348	-0.92486189311678
1.3574999570847	-0.92447018168071
1.3622000217438	-0.92771222284349
1.3668999671936	-0.93533051370487
1.3716000318527	-0.94723034303162
1.3762999773026	-0.96254806089350
1.3810000419617	-0.97987277757673
1.3856999874115	-0.99755323811067
1.3904000520706	-1.0140653400858
1.3950999975204	-1.0283227595500
1.3997999429703	-1.0398991741509
1.4045000076294	-1.0490960245285
1.4091999530792	-1.0568528946474
1.4139000177383	-1.0645210367647
1.4185999631882	-1.0735597739797
1.4233000278473	-1.0852259463024
1.4279999732971	-1.1003337102438
1.4327000379562	-1.1191063912715
1.4373999834061	-1.1411647283328
1.4421000480652	-1.1656314821353
1.4467999935150	-1.1913331013340
1.4515000581741	-1.2170596707946
1.4562000036240	-1.2418207603703
1.4608999490738	-1.2650641903030
1.4656000137329	-1.2867865669077
1.4702999591827	-1.3075231577299
1.4750000238419	-1.3282341857691
1.4796999692917	-1.3500839934380
1.4844000339508	-1.3742002884554
1.4890999794006	-1.4014479516391
1.4938000440598	-1.4322648340550
1.4984999895096	-1.4665876400474
1.5032000541687	-1.5038874893834
1.5078999996185	-1.5432895747268
1.5125999450684	-1.5837735508361
1.5173000097275	-1.6243967792832
1.5219999551773	-1.6645058536083
1.5267000198364	-1.7038856367714
1.5313999652863	-1.7428118509993
1.5361000299454	-1.7819942345709
1.5407999753952	-1.8224339261786
1.5455000400543	-1.8652083605222
1.5501999855042	-1.9112553600021
1.5549000501633	-1.9611858766648
1.5595999956131	-2.0151631918663
1.5642999410629	-2.0728882457156
1.5690000057220	-2.1336595564893
1.5736999511719	-2.1965387302208
1.5784000158310	-2.2605621250097
1.5830999612808	-2.3249562785543
1.5878000259399	-2.3893298619630
1.5924999713898	-2.4537735818333
1.5972000360489	-2.5188562699627
1.6018999814987	-2.5855148723030
1.6066000461578	-2.6548616264548
1.6112999916077	-2.7279532390164
1.6160000562668	-2.8055727618579
1.6207000017166	-2.8880667310734
1.6253999471664	-2.9752745321227
1.6301000118256	-3.0665645849943
1.6347999572754	-3.1609767411605
1.6395000219345	-3.2574343147735
1.6441999673843	-3.3550031947152
1.6489000320435	-3.4531206225130
1.6535999774933	-3.5517478258292
1.6583000421524	-3.6514017704323
1.6629999876022	-3.7530665298812
1.6677000522614	-3.8579873476711
1.6723999977112	-3.9674111967104
1.6770999431610	-4.0823137558900
1.6818000078201	-4.2031868185061
1.6864999532700	-4.3299302064361
1.6912000179291	-4.4618606827815
1.6958999633789	-4.5978668452977
1.7006000280380	-4.7366607044892
1.7052999734879	-4.8770861590386
1.7100000381470	-5.0184159185526
1.7146999835968	-5.1605532039898
1.7194000482559	-5.3040961373387
1.7240999937057	-5.4502361099638
1.7288000583649	-5.6005049658530
1.7335000038147	-5.7564464757078
1.7381999492645	-5.9192764318024
1.7429000139236	-6.0895963922732
1.7475999593735	-6.2672583326275
1.7523000240326	-6.4513694281098
1.7569999694824	-6.6404939648950
1.7617000341415	-6.8329832544328
1.7663999795914	-7.0273756732321
1.7711000442505	-7.2227997783640
1.7757999897003	-7.4192211119070
1.7805000543594	-7.6175175449869
1.7851999998093	-7.8193241493382
1.7898999452591	-8.0266735257887
1.7946000099182	-8.2415489797076
1.7992999553680	-8.4654232089822
1.8040000200272	-8.6988879051364
1.8086999654770	-8.9414894142406
1.8134000301361	-9.1917854012937
1.8180999755859	-9.4476355594810
1.8228000402451	-9.7067058272115
1.8274999856949	-9.9670332945103
1.8322000503540	-10.227579354896
1.8368999958038	-10.488520011725
1.8415999412537	-10.751286177118
1.8463000059128	-11.018222225305
1.8509999513626	-11.291998980059
1.8557000160217	-11.574905711064
1.8603999614716	-11.868158337407
1.8651000261307	-12.171428717237
1.8697999715805	-12.482651719726
1.8745000362396	-12.798254087887
1.8791999816895	-13.113738723858
1.8839000463486	-13.424580129892
1.8885999917984	-13.727188236268
1.8933000564575	-14.019618151479
1.8980000019073	-14.301869610010
1.9026999473572	-14.575490584419
1.9074000120163	-14.842637560128
1.9120999574661	-15.104833191987
1.9168000221252	-15.361716675189
1.9214999675751	-15.610181970533
1.9262000322342	-15.844206375851
1.9308999776840	-16.055521793648
1.9356000423431	-16.235132955270
1.9402999877930	-16.375348185379
1.9450000524521	-16.471666270630
1.9496999979019	-16.523805608033
1.9543999433517	-16.535437876257
1.9591000080109	-16.512718676000
1.9637999534607	-16.462242492794
1.9685000181198	-16.389221884213
1.9731999635696	-16.296390664622
1.9779000282288	-16.183925601417
1.9825999736786	-16.050266182987
1.9873000383377	-15.893460504148
1.9919999837875	-15.712630605223
1.9967000484467	-15.508990603043
2.0013999938965	-15.286145217053
2.0060999393463	-15.049594169577
2.0107998847961	-14.805683328392
2.0155000686646	-14.560418061505
2.0202000141144	-14.318474608820
2.0248999595642	-14.082621016678
2.0295999050140	-13.853623168826
2.0343000888824	-13.630575509394
2.0390000343323	-13.411518807201
2.0436999797821	-13.194230062636
2.0483999252319	-12.976947483792
2.0531001091003	-12.758911929946
2.0578000545502	-12.540581022847
2.0625000000000	-12.323511758091
2.0671999454498	-12.109957771885
2.0718998908997	-11.902329794946
2.0766000747681	-11.702660896442
2.0813000202179	-11.512208479087
2.0859999656677	-11.331239026058
2.0906999111176	-11.159057345847
2.0954000949860	-10.994221401065
2.1001000404358	-10.834910938288
2.1047999858856	-10.679342882460
2.1094999313354	-10.526179358840
2.1142001152039	-10.374788116609
2.1189000606537	-10.225343823369
2.1236000061035	-10.078728755644
2.1282999515533	-9.9362803392316
2.1329998970032	-9.7994474262371
2.1377000808716	-9.6694483565877
2.1424000263214	-9.5470088353274
2.1470999717712	-9.4322042454558
2.1517999172211	-9.3244588242366
2.1565001010895	-9.2226889170006
2.1612000465393	-9.1255364128834
2.1658999919891	-9.0316719225010
2.1705999374390	-8.9400721589995
2.1752998828888	-8.8502341864620
2.1800000667572	-8.7622598391404
2.1847000122070	-8.6768026032375
2.1893999576569	-8.5948967304385
2.1940999031067	-8.5177101604485
2.1988000869751	-8.4462678445618
2.2035000324249	-8.3812278780841
2.2081999778748	-8.3227460252842
2.2128999233246	-8.2704358325493
2.2176001071930	-8.2234647686368
2.2223000526428	-8.1807338007890
2.2269999980927	-8.1411187730725
2.2316999435425	-8.1037187904640
2.2363998889923	-8.0680479232954
2.2411000728607	-8.0341440033817
2.2458000183105	-8.0025471224310
2.2504999637604	-7.9741711732450
2.2551999092102	-7.9500926806312
2.2599000930786	-7.9313089673367
2.2646000385284	-7.9185204771531
2.2692999839783	-7.9119706869422
2.2739999294281	-7.9113977099574
2.2787001132965	-7.9160922518145
2.2834000587463	-7.9250495230822
2.2881000041962	-7.9371955275567
2.2927999496460	-7.9516271854721
2.2974998950958	-7.9678223470172
2.3022000789642	-7.9857638418759
2.3069000244141	-8.0059405205598
2.3115999698639	-8.0292490512567
2.3162999153137	-8.0567904030399
2.3210000991821	-8.0896195960399
2.3257000446320	-8.1285272732471
2.3303999900818	-8.1738445505548
2.3350999355316	-8.2253873089540
2.3397998809814	-8.2824729120232
2.3445000648499	-8.3440901077383
2.3492000102997	-8.4091098910256
2.3538999557495	-8.4765534250425
2.3585999011993	-8.5458286896657
2.3633000850677	-8.6168682929879
2.3680000305176	-8.6901700767213
2.3726999759674	-8.7666862394082
2.3773999214172	-8.8476335198596
2.3821001052856	-8.9342024124455
2.3868000507355	-9.0273188675398
2.3914999961853	-9.1274182537522
2.3961999416351	-9.2343633087020
2.4008998870850	-9.3474509162930
2.4056000709534	-9.4655873239695
2.4103000164032	-9.5875208325242
2.4149999618530	-9.7121495961737
2.4196999073029	-9.8387891507680
2.4244000911713	-9.9673571385127
2.4291000366211	-10.098427549199
2.4337999820709	-10.233115468416
2.4384999275208	-10.372867786468
2.4432001113892	-10.519136195453
2.4479000568390	-10.673073886757
2.4526000022888	-10.835292787130
2.4572999477386	-11.005705699945
2.4619998931885	-11.183575650499
2.4667000770569	-11.367661143774
2.4714000225067	-11.556524483079
2.4760999679565	-11.748876074833
2.4807999134064	-11.943928429550
2.4855000972748	-12.141620688122
2.4902000427246	-12.342709705735
2.4948999881744	-12.548666516422
2.4995999336243	-12.761390479886
2.5043001174927	-12.982833633693
2.5090000629425	-13.214613631582
2.5137000083923	-13.457663144848
2.5183999538422	-13.712056451173
2.5230998992920	-13.977002796396
2.5278000831604	-14.251035611797
2.5325000286102	-14.532392332024
2.5371999740601	-14.819475280053
2.5418999195099	-15.111331899551
2.5466001033783	-15.408023909165
2.5513000488281	-15.710758001329
2.5559999942780	-16.021777227972
2.5606999397278	-16.343993332558
2.5653998851776	-16.680438880027
2.5701000690460	-17.033663963776
2.5748000144958	-17.405218697647
2.5794999599457	-17.795271642619
2.5841999053955	-18.202557442109
2.5889000892639	-18.624556703283
2.5936000347137	-19.058045391769
2.5982999801636	-19.499825797665
2.6029999256134	-19.947562046834
2.6077001094818	-20.400412926043
2.6124000549316	-20.859272360858
2.6171000003815	-21.326411414049
2.6217999458313	-21.804493915527
2.6264998912811	-22.294988892519
2.6312000751495	-22.796374840926
2.6359000205994	-23.302197647830
2.6405999660492	-23.799691027695
2.6452999114990	-24.269428304754
2.6500000953674	-24.686842435061
2.6547000408173	-25.026180929732
2.6593999862671	-25.266250415821
2.6640999317169	-25.395766809065
2.6688001155853	-25.415520115853
2.6735000610352	-25.336051105216
2.6782000064850	-25.172464755988
2.6828999519348	-24.939320052459
2.6875998973846	-24.647877917930
2.6923000812531	-24.306138021808
2.6970000267029	-23.920539792296
2.7016999721527	-23.498080559449
2.7063999176025	-23.047515640225
2.7111001014709	-22.579421326289
2.7158000469208	-22.105130819539
2.7204999923706	-21.635262648655
2.7251999378204	-21.178394767621
2.7298998832703	-20.740257060214
2.7346000671387	-20.323490713698
2.7393000125885	-19.927945835331
2.7439999580383	-19.551329034047
2.7486999034882	-19.190110304648
2.7534000873566	-18.840487936789
2.7581000328064	-18.499281381076
2.7627999782562	-18.164527576248
2.7674999237061	-17.835765333709
2.7722001075745	-17.513901446467
2.7769000530243	-17.200775274015
2.7815999984741	-16.898563467526
2.7862999439240	-16.609140750669
2.7909998893738	-16.333603126046
2.7957000732422	-16.071987192394
2.8004000186920	-15.823241867320
2.8050999641418	-15.585423296967
2.8097999095917	-15.356086664949
2.8145000934601	-15.132753885763
2.8192000389099	-14.913396296166
2.8238999843597	-14.696793990020
2.8285999298096	-14.482686303864
2.8333001136780	-14.271723768973
2.8380000591278	-14.065206541328
2.8427000045776	-13.864676405093
2.8473999500275	-13.671524018925
2.8520998954773	-13.486606834550
2.8568000793457	-13.310052863449
2.8615000247955	-13.141194153227
2.8661999702454	-12.978712766623
2.8708999156952	-12.820907870551
2.8756000995636	-12.666047749830
2.8803000450134	-12.512727001658
2.8849999904633	-12.360145733288
2.8896999359131	-12.208241012788
2.8943998813629	-12.057644882278
2.8991000652313	-11.909483261652
2.9038000106812	-11.765079066837
2.9084999561310	-11.625607859233
2.9131999015808	-11.491817242702
2.9179000854492	-11.363853758991
2.9226000308990	-11.241202608293
2.9272999763489	-11.122829832688
2.9319999217987	-11.007378255370
2.9367001056671	-10.893486632223
2.9414000511169	-10.780077879823
2.9460999965668	-10.666594830747
2.9507999420166	-10.553095526678
2.9554998874664	-10.440217103724
2.9602000713348	-10.329003048796
2.9649000167847	-10.220625237259
2.9695999622345	-10.116118352305
2.9742999076843	-10.016112434937
2.9790000915527	-9.9207053451713
2.9837000370026	-9.8294288881261
2.9883999824524	-9.7413566760770
2.9930999279022	-9.6553213699766
2.9978001117706	-9.5701760311404
3.0025000572205	-9.4850548840781
3.0072000026703	-9.3995583392193
3.0118999481201	-9.3138516777373
3.0165998935699	-9.2285819932790
3.0213000774384	-9.1447348760851
3.0260000228882	-9.0633769258657
3.0306999683380	-8.9854029471836
3.0353999137878	-8.9113202922433
3.0401000976562	-8.8411375303850
3.0448000431061	-8.7743663760278
3.0494999885559	-8.7101160625522
3.0541999340057	-8.6473250830671
3.0589001178741	-8.5849832198576
3.0636000633240	-8.5223815698101
3.0683000087738	-8.4592583171603
3.0729999542236	-8.3958625395987
3.0776998996735	-8.3328771861812
3.0824000835419	-8.2712340661593
3.0871000289917	-8.2119155955058
3.0917999744415	-8.1556863919303
3.0964999198914	-8.1029220675672
3.1012001037598	-8.0535283790761
3.1059000492096	-8.0069586473326
3.1105999946594	-7.9623302089190
3.1152999401093	-7.9186428225580
3.1199998855591	-7.8750008472862
3.1247000694275	-7.8308295728542
3.1294000148773	-7.7859959202577
3.1340999603271	-7.7408395410251
3.1387999057770	-7.6960699623459
3.1435000896454	-7.6526009107569
3.1482000350952	-7.6113146819688
3.1528999805450	-7.5728518834594
3.1575999259949	-7.5374567459058
3.1623001098633	-7.5049150606004
3.1670000553131	-7.4746004495804
3.1717000007629	-7.4456222962828
3.1763999462128	-7.4170313389619
3.1810998916626	-7.3880406044699
3.1858000755310	-7.3582027814774
3.1905000209808	-7.3275160299791
3.1951999664307	-7.2964119489036
3.1998999118805	-7.2656415702097
3.2046000957489	-7.2360827410961
3.2093000411987	-7.2085298252701
3.2139999866486	-7.1834782628769
3.2186999320984	-7.1610268145001
3.2234001159668	-7.1408181269697
3.2281000614166	-7.1221422786980
3.2328000068665	-7.1040821501976
3.2374999523163	-7.0857334191363
3.2421998977661	-7.0664017269702
3.2469000816345	-7.0457771217882
3.2516000270844	-7.0239784931312
3.2562999725342	-7.0015256258404
3.2609999179840	-6.9791923485334
3.2657001018524	-6.9578053909474
3.2704000473022	-6.9380366284912
3.2750999927521	-6.9202175685812
3.2797999382019	-6.9042527690395
3.2844998836517	-6.8896327687330
3.2892000675201	-6.8755346136036
3.2939000129700	-6.8610081189998
3.2985999584198	-6.8451880787038
3.3032999038696	-6.8274878097357
3.3080000877380	-6.8077267760966
3.3127000331879	-6.7861476540632
3.3173999786377	-6.7633410882139
3.3220999240875	-6.7400805832349
3.3268001079559	-6.7170977871397
3.3315000534058	-6.6949000458764
3.3361999988556	-6.6736048125646
3.3408999443054	-6.6529058768596
3.3455998897552	-6.6321146159096
3.3503000736237	-6.6103099022530
3.3550000190735	-6.5865370903971
3.3596999645233	-6.5600185319308
3.3643999099731	-6.5303194689389
3.3691000938416	-6.4974458683502
3.3738000392914	-6.4617983666704
3.3784999847412	-6.4240576632767
3.3831999301910	-6.3849984995767
3.3879001140594	-6.3452660890698
3.3926000595093	-6.3052104093494
3.3973000049591	-6.2647774785732
3.4019999504089	-6.2235220896286
3.4066998958588	-6.1806940525494
3.4114000797272	-6.1354362225771
3.4161000251770	-6.0869714062516
3.4207999706268	-6.0348022252510
3.4254999160767	-5.9788411648386
3.4302000999451	-5.9194151694441
3.4349000453949	-5.8572082617177
3.4395999908447	-5.7930829679149
3.4442999362946	-5.7278921528516
3.4489998817444	-5.6622814138019
3.4537000656128	-5.5965665217879
3.4584000110626	-5.5306827824517
3.4630999565125	-5.4642454614059
3.4677999019623	-5.3966805869779
3.4725000858307	-5.3274116870822
3.4772000312805	-5.2560380406741
3.4818999767303	-5.1824759611244
3.4865999221802	-5.1070276175784
3.4913001060486	-5.0303379038850
3.4960000514984	-4.9532858953658
3.5006999969482	-4.8768101442672
3.5053999423981	-4.8017333328188
3.5100998878479	-4.7286124444025
3.5148000717163	-4.6576638804171
3.5195000171661	-4.5887578669978
3.5241999626160	-4.5215185119322
3.5288999080658	-4.4554436982392
3.5336000919342	-4.3900870411381
3.5383000373840	-4.3251930893963
3.5429999828339	-4.2607943154302
3.5476999282837	-4.1972380080218
3.5524001121521	-4.1351179277494
3.5571000576019	-4.0751595101464
3.5618000030518	-4.0180694568857
3.5664999485016	-3.9643906173035
3.5711998939514	-3.9143868815670
3.5759000778198	-3.8680159172167
3.5806000232697	-3.8249460045443
3.5852999687195	-3.7846485651649
3.5899999141693	-3.7465393317207
3.5947000980377	-3.7101135444718
3.5994000434875	-3.6750708815982
3.6040999889374	-3.6413810730591
3.6087999343872	-3.6092852938331
3.6135001182556	-3.5792315460144
3.6182000637054	-3.5517621216771
3.6229000091553	-3.5273728409179
3.6275999546051	-3.5063940205458
3.6322999000549	-3.4889002617935
3.6370000839233	-3.4746965814708
3.6417000293732	-3.4633395807373
3.6463999748230	-3.4542488379433
3.6510999202728	-3.4468208218915
3.6558001041412	-3.4405599710959
3.6605000495911	-3.4351887499344
3.6651999950409	-3.4306945281760
3.6698999404907	-3.4273222005597
3.6745998859406	-3.4254974154992
3.6793000698090	-3.4257210302680
3.6840000152588	-3.4284350038285
3.6886999607086	-3.4339082815527
3.6933999061584	-3.4421644497077
3.6981000900269	-3.4529651999189
3.7028000354767	-3.4658627850676
3.7074999809265	-3.4802837857805
3.7121999263763	-3.4956658661440
3.7169001102448	-3.5115761689945
3.7216000556946	-3.5278076169039
3.7263000011444	-3.5444170688651
3.7309999465942	-3.5617141066430
3.7356998920441	-3.5801730979103
3.7404000759125	-3.6003207438759
3.7451000213623	-3.6226006378329
3.7497999668121	-3.6472704918501
3.7544999122620	-3.6743351865062
3.7592000961304	-3.7035320984619
3.7639000415802	-3.7343986914701
3.7685999870300	-3.7663715616403
3.7732999324799	-3.7989124703655
3.7780001163483	-3.8316402139092
3.7827000617981	-3.8644143779631
3.7874000072479	-3.8973748426979
3.7920999526978	-3.9309058386130
3.7967998981476	-3.9655488091749
3.8015000820160	-4.0018707128887
3.8062000274658	-4.0403320875268
3.8108999729156	-4.0811741355119
3.8155999183655	-4.1243601515718
3.8203001022339	-4.1695840617641
3.8250000476837	-4.2163325669886
3.8296999931335	-4.2640059821321
3.8343999385834	-4.3120613669508
3.8390998840332	-4.3601372697417
3.8438000679016	-4.4081494721701
3.8485000133514	-4.4563111438391
3.8531999588013	-4.5050889065351
3.8578999042511	-4.5550879754402
3.8626000881195	-4.6069147824966
3.8673000335693	-4.6610229175674
3.8719999790192	-4.7176051033966
3.8766999244690	-4.7765341003591
3.8814001083374	-4.8373849460407
3.8861000537872	-4.8995229797023
3.8907999992371	-4.9622448591239
3.8954999446869	-5.0249378257026
3.9001998901367	-5.0872237907655
3.9049000740051	-5.1490449837861
3.9096000194550	-5.2106786628765
3.9142999649048	-5.2726577982076
3.9189999103546	-5.3356367542779
3.9237000942230	-5.4002141793540
3.9284000396729	-5.4667676153542
3.9330999851227	-5.5353359418224
3.9377999305725	-5.6055744632499
3.9425001144409	-5.6767998322728
3.9472000598907	-5.7481202676704
3.9519000053406	-5.8186103495484
3.9565999507904	-5.8875114394759
3.9612998962402	-5.9543827302371
3.9660000801086	-6.0191825544149
3.9707000255585	-6.0822536595043
3.9753999710083	-6.1441967033694
3.9800999164581	-6.2056819046138
3.9848001003265	-6.2672376226254
3.9895000457764	-6.3290651342079
3.9941999912262	-6.3909247042332
3.9988999366760	-6.4521411352976
4.0036001205444	-6.5117021674271
4.0082998275757	-6.5684592114180
4.0130000114441	-6.6213632755539
4.0177001953125	-6.6696989603982
4.0223999023438	-6.7132272643807
4.0271000862122	-6.7522300869492
4.0317997932434	-6.7874116522585
4.0364999771118	-6.8197002313091
4.0412001609802	-6.8499912940328
4.0458998680115	-6.8789097574075
4.0506000518799	-6.9066363787557
4.0553002357483	-6.9328573636695
4.0599999427795	-6.9568432960691
4.0647001266479	-6.9776353826493
4.0693998336792	-6.9943145447505
4.0741000175476	-7.0062570423447
4.0788002014160	-7.0133361960250
4.0834999084473	-7.0160014068930
4.0882000923157	-7.0152067355715
4.0928997993469	-7.0122229904019
4.0975999832153	-7.0083683734861
4.1023001670837	-7.0047314234543
4.1069998741150	-7.0019636522450
4.1117000579834	-7.0001704138001
4.1163997650146	-6.9989471179566
4.1210999488831	-6.9975274572790
4.1258001327515	-6.9950333165034
4.1304998397827	-6.9907399301965
4.1352000236511	-6.9843130077133
4.1399002075195	-6.9759438195698
4.1445999145508	-6.9663468618585
4.1493000984192	-6.9566323042344
4.1539998054504	-6.9480682512266
4.1586999893188	-6.9418159488785
4.1634001731873	-6.9386751116394
4.1680998802185	-6.9389361039230
4.1728000640869	-6.9423293493938
4.1774997711182	-6.9481129645703
4.1821999549866	-6.9552708188901
4.1869001388550	-6.9627720621064
4.1915998458862	-6.9698363170149
4.1963000297546	-6.9761402053645
4.2010002136230	-6.9819152999623
4.2056999206543	-6.9879022298103
4.2104001045227	-6.9951798302999
4.2150998115540	-7.0049168513514
4.2197999954224	-7.0180959282610
4.2245001792908	-7.0352803508430
4.2291998863220	-7.0564834420436
4.2339000701904	-7.0811572848544
4.2385997772217	-7.1083144667434
4.2432999610901	-7.1367511206423
4.2480001449585	-7.1653336233384
4.2526998519897	-7.1932667288393
4.2574000358582	-7.2202954990015
4.2621002197266	-7.2467677102777
4.2667999267578	-7.2735612627631
4.2715001106262	-7.3018685749129
4.2761998176575	-7.3329164750315
4.2809000015259	-7.3676665759420
4.2856001853943	-7.4065846945952
4.2902998924255	-7.4495148464167
4.2950000762939	-7.4957035114815
4.2996997833252	-7.5439526184959
4.3043999671936	-7.5928982184335
4.3091001510620	-7.6413227034827
4.3137998580933	-7.6884559213671
4.3185000419617	-7.7341732479731
4.3232002258301	-7.7790348606603
4.3278999328613	-7.8241658113191
4.3326001167297	-7.8709887927496
4.3372998237610	-7.9208883635586
4.3420000076294	-7.9748803776767
4.3467001914978	-8.0333635796133
4.3513998985291	-8.0960078522394
4.3561000823975	-8.1618113233454
4.3607997894287	-8.2293132466229
4.3654999732971	-8.2969277469711
4.3702001571655	-8.3633252276716
4.3748998641968	-8.4277620409968
4.3796000480652	-8.4902837963030
4.3843002319336	-8.5517399133448
4.3889999389648	-8.6135884105073
4.3937001228333	-8.6775648243791
4.3983998298645	-8.7452689902500
4.4031000137329	-8.8177841260940
4.4078001976013	-8.8954100928409
4.4124999046326	-8.9775645498932
4.4172000885010	-9.0628909566256
4.4218997955322	-9.1495462346461
4.4265999794006	-9.2356268323047
4.4313001632690	-9.3196274563885
4.4359998703003	-9.4008271150087
4.4407000541687	-9.4794948912884
4.4454002380371	-9.5568588241608
4.4500999450684	-9.6348226890901
4.4548001289368	-9.7155248325793
4.4594998359680	-9.8008387620407
4.4642000198364	-9.8919157795049
4.4689002037048	-9.9888895296536
4.4735999107361	-10.090810232113
4.4783000946045	-10.195809782094
4.4829998016357	-10.301506355065
4.4876999855042	-10.405545677290
4.4924001693726	-10.506180847484
4.4970998764038	-10.602731118939
4.5018000602722	-10.695785506867
4.5064997673035	-10.787102455141
4.5111999511719	-10.879211799307
4.5159001350403	-10.974833836386
4.5205998420715	-11.076233115689
4.5253000259399	-11.184693079347
4.5300002098083	-11.300176711445
4.5346999168396	-11.421297631359
4.5394001007080	-11.545558975995
4.5440998077393	-11.669908772422
4.5487999916077	-11.791445090898
4.5535001754761	-11.908130312520
4.5581998825073	-12.019350892171
4.5629000663757	-12.126126104170
4.5675997734070	-12.230919834495
4.5722999572754	-12.337090523608
4.5770001411438	-12.448128225240
4.5816998481750	-12.566846568542
4.5864000320435	-12.694734383229
4.5911002159119	-12.831569963524
4.5957999229431	-12.975372265446
4.6005001068115	-13.122764272456
4.6051998138428	-13.269635535812
4.6098999977112	-13.412077876142
4.6146001815796	-13.547296448895
4.6192998886108	-13.674335659595
4.6240000724792	-13.794372884564
4.6286997795105	-13.910443632587
4.6333999633789	-14.026731044651
4.6381001472473	-14.147599524127
4.6427998542786	-14.276544730953
4.6475000381470	-14.415362957847
4.6522002220154	-14.563647455736
4.6568999290466	-14.718680101626
4.6616001129150	-14.875847501510
4.6662998199463	-15.029462592764
4.6710000038147	-15.173936798243
4.6757001876831	-15.305009160784
4.6803998947144	-15.420778486812
4.6851000785828	-15.522135168610
4.6897997856140	-15.612534221550
4.6944999694824	-15.697106259913
4.6992001533508	-15.781398888656
4.7038998603821	-15.870064819595
4.7086000442505	-15.965754000389
4.7133002281189	-16.068427691054
4.7179999351501	-16.175149987144
4.7227001190186	-16.280474975275
4.7273998260498	-16.377366512317
4.7321000099182	-16.458611230846
4.7368001937866	-16.518380163211
4.7414999008179	-16.553638517855
4.7462000846863	-16.564880310358
4.7508997917175	-16.556041251495
4.7555999755859	-16.533523171806
4.7603001594543	-16.504696254067
4.7649998664856	-16.476271998429
4.7697000503540	-16.452913517013
4.7744002342224	-16.436306781166
4.7790999412537	-16.424804212799
4.7838001251221	-16.413716119700
4.7884998321533	-16.396206571410
4.7932000160217	-16.364771059591
4.7979001998901	-16.312991110943
4.8025999069214	-16.237202089314
4.8073000907898	-16.137539753517
4.8119997978210	-16.018051486505
4.8166999816895	-15.885789129842
4.8214001655579	-15.749209264145
4.8260998725891	-15.616353801826
4.8308000564575	-15.493247179839
4.8354997634888	-15.382786607345
4.8401999473572	-15.284286527731
4.8449001312256	-15.193673520912
4.8495998382568	-15.104373293848
4.8543000221252	-15.008771604543
4.8590002059937	-14.900006602749
4.8636999130249	-14.773732233131
4.8684000968933	-14.629303205814
4.8730998039246	-14.470022084385
4.8777999877930	-14.302333648388
4.8825001716614	-14.134276015548
4.8871998786926	-13.973616222162
4.8919000625610	-13.826220830680
4.8965997695923	-13.694885836083
4.9012999534607	-13.578871159254
4.9060001373291	-13.474085444435
4.9106998443604	-13.373975864905
4.9154000282288	-13.270992273526
4.9201002120972	-13.158327967204
4.9247999191284	-13.031646678752
4.9295001029968	-12.890201600073
4.9341998100281	-12.737044819485
4.9388999938965	-12.578220950849
4.9436001777649	-12.421236680419
4.9482998847961	-12.273247988349
4.9530000686646	-12.139486886842
4.9576997756958	-12.022166955065
4.9623999595642	-11.920082530352
4.9671001434326	-11.828876768505
4.9717998504639	-11.741994247059
4.9765000343323	-11.652152533661
4.9812002182007	-11.553056698949
4.9858999252319	-11.440994144313
4.9906001091003	-11.315785066076
4.9952998161316	-11.180843263747
5.0000000000000	-11.042237685022
#Parameters = {R_fat=48; R_glandular=38; R_skin_outer=50; T10=5; T15=7.5; T5=2.5; T_rad=4; T_x=10; T_y=0; T_z=75; Zc=65; skin_thickness=2; Mesh Pass=2}
#"Frequency / GHz"	"S1,1 (Mesh Pass=2) [Magnitude / dB]"
#-------------------------------------------------------
0.30000001192093	-5.1675788676710
0.30469998717308	-5.3692277558114
0.30939999222755	-5.7028584796497
0.31409999728203	-6.1047190791498
0.31880000233650	-6.4700979452450
0.32350000739098	-6.6665170825053
0.32820001244545	-6.5942459112532
0.33289998769760	-6.2640097642126
0.33759999275208	-5.7997668711138
0.34229999780655	-5.3587794151402
0.34700000286102	-5.0630811782133
0.35170000791550	-4.9862910540188
0.35640001296997	-5.1723522670908
0.36109998822212	-5.6612554077361
0.36579999327660	-6.5156475410946
0.37049999833107	-7.8569303085592
0.37520000338554	-9.9420565508505
0.37990000844002	-13.411174172117
0.38460001349449	-20.709109195149
0.38929998874664	-26.177382302984
0.39399999380112	-14.423176241705
0.39869999885559	-9.6132754383155
0.40340000391006	-6.7854681306913
0.40810000896454	-5.0013101669111
0.41280001401901	-3.8925389625274
0.41749998927116	-3.2571526233659
0.42219999432564	-2.9639011780224
0.42689999938011	-2.9205167657124
0.43160000443459	-3.0574526644262
0.43630000948906	-3.3154499370957
0.44100001454353	-3.6350347428615
0.44569998979568	-3.9504920450025
0.45039999485016	-4.1939592369831
0.45509999990463	-4.3131777994432
0.45980000495911	-4.2939727416158
0.46450001001358	-4.1668703992501
0.46919998526573	-3.9891676369411
0.47389999032021	-3.8180851936674
0.47859999537468	-3.6935802620898
0.48330000042915	-3.6342858211314
0.48800000548363	-3.6404333444312
0.49270001053810	-3.6982426438102
0.49739998579025	-3.7840887090700
0.50209999084473	-3.8692435012089
0.50679999589920	-3.9263687909915
0.51150000095367	-3.9371463398971
0.51620000600815	-3.8979072791401
0.52090001106262	-3.8198342661410
0.52560001611710	-3.7234345038643
0.53030002117157	-3.6307212800421
0.53500002622604	-3.5588875433501
0.53969997167587	-3.5170934287684
0.54439997673035	-3.5058969251344
0.54909998178482	-3.5183451067279
0.55379998683929	-3.5421720815379
0.55849999189377	-3.5629334673301
0.56319999694824	-3.5677993685895
0.56790000200272	-3.5490990944324
0.57260000705719	-3.5062948467747
0.57730001211166	-3.4455260537838
0.58200001716614	-3.3770272243648
0.58670002222061	-3.3116962108419
0.59140002727509	-3.2581272974286
0.59609997272491	-3.2208075062329
0.60079997777939	-3.1995661043866
0.60549998283386	-3.1900800113779
0.61019998788834	-3.1852363314687
0.61489999294281	-3.1771137777199
0.61959999799728	-3.1591476138435
0.62430000305176	-3.1278995739282
0.62900000810623	-3.0838184105607
0.63370001316071	-3.0307645928136
0.63840001821518	-2.9745779006728
0.64310002326965	-2.9212527173954
0.64780002832413	-2.8753405121292
0.65249997377396	-2.8389375520143
0.65719997882843	-2.8113817066209
0.66189998388290	-2.7896506792115
0.66659998893738	-2.7693199677375
0.67129999399185	-2.7458428993187
0.67599999904633	-2.7158368368125
0.68070000410080	-2.6779639506036
0.68540000915527	-2.6331605700187
0.69010001420975	-2.5841776434423
0.69480001926422	-2.5346240543737
0.69950002431870	-2.4878879571949
0.70420002937317	-2.4462232496479
0.70889997482300	-2.4102401485425
0.71359997987747	-2.3788853969939
0.71829998493195	-2.3498709557924
0.72299998998642	-2.3204371329975
0.72769999504089	-2.2882109183705
0.73240000009537	-2.2518905077485
0.73710000514984	-2.2115788281369
0.74180001020432	-2.1686322522331
0.74650001525879	-2.1251416943020
0.75120002031326	-2.0832215398846
0.75590002536774	-2.0443463310734
0.76059997081757	-2.0089386021235
0.76529997587204	-1.9763126623599
0.76999998092651	-1.9449755827270
0.77469998598099	-1.9131978421372
0.77939999103546	-1.8796490506705
0.78409999608994	-1.8438776408971
0.78880000114441	-1.8064940892867
0.79350000619888	-1.7689459606341
0.79820001125336	-1.7330277708485
0.80290001630783	-1.7002313496584
0.80760002136230	-1.6712145304995
0.81230002641678	-1.6455218409601
0.81699997186661	-1.6217128813267
0.82169997692108	-1.5978370046960
0.82639998197556	-1.5721341305445
0.83109998703003	-1.5437394158099
0.83579999208450	-1.5131081911536
0.84049999713898	-1.4820247733140
0.84520000219345	-1.4531108429276
0.84990000724792	-1.4290425287567
0.85460001230240	-1.4116553474595
0.85930001735687	-1.4012588819807
0.86400002241135	-1.3963822920385
0.86870002746582	-1.3941030360108
0.87339997291565	-1.3908817219220
0.87809997797012	-1.3837483651492
0.88279998302460	-1.3714172075683
0.88749998807907	-1.3549496595284
0.89219999313354	-1.3377213310015
0.89689999818802	-1.3245973658572
0.90160000324249	-1.3205850299399
0.90630000829697	-1.3293418060419
0.91100001335144	-1.3519741849323
0.91570001840591	-1.3864872423622
0.92040002346039	-1.4281505189433
0.92510002851486	-1.4707778916881
0.92979997396469	-1.5086622542747
0.93449997901917	-1.5386489170226
0.93919998407364	-1.5616203250428
0.94389998912811	-1.5828545577099
0.94859999418259	-1.6110007918671
0.95329999923706	-1.6560064897899
0.95800000429153	-1.7265671893545
0.96270000934601	-1.8278952494550
0.96740001440048	-1.9603417101339
0.97210001945496	-2.1193787471215
0.97680002450943	-2.2970907346019
0.98150002956390	-2.4851322316691
0.98619997501373	-2.6786425676534
0.99089998006821	-2.8801348499646
0.99559998512268	-3.1020622193838
1.0003000497818	-3.3671663650441
1.0049999952316	-3.7066552991809
1.0096999406815	-4.1574503196740
1.0144000053406	-4.7603108417650
1.0190999507904	-5.5606805693363
1.0238000154495	-6.6141088857129
1.0284999608994	-7.9991579315765
1.0332000255585	-9.8454070599190
1.0378999710083	-12.400631634952
1.0426000356674	-16.223305900808
1.0472999811172	-22.629318239315
1.0520000457764	-23.613546003979
1.0566999912262	-16.654616998062
1.0614000558853	-12.431457006700
1.0661000013351	-9.6092306781312
1.0707999467850	-7.5622546893977
1.0755000114441	-6.0213110695543
1.0801999568939	-4.8491205506373
1.0849000215530	-3.9634031551735
1.0895999670029	-3.3054356390152
1.0943000316620	-2.8259903625666
1.0989999771118	-2.4797481921917
1.1037000417709	-2.2246444700561
1.1083999872208	-2.0240265396904
1.1131000518799	-1.8497984121696
1.1177999973297	-1.6848025523311
1.1224999427795	-1.5231048003325
1.1272000074387	-1.3677999641023
1.1318999528885	-1.2270500023963
1.1366000175476	-1.1097036926849
1.1412999629974	-1.0217461841799
1.1460000276566	-0.96430145076313
1.1506999731064	-0.93331037130249
1.1554000377655	-0.92065240026183
1.1600999832153	-0.91623844741382
1.1648000478745	-0.91053762312674
1.1694999933243	-0.89686135651213
1.1742000579834	-0.87279291920375
1.1789000034332	-0.84033002032653
1.1835999488831	-0.80473896928828
1.1883000135422	-0.77258701865425
1.1929999589920	-0.74962981170053
1.1977000236511	-0.73920549920663
1.2023999691010	-0.74148019921787
1.2071000337601	-0.75363188003656
1.2117999792099	-0.77080721475492
1.2165000438690	-0.78754230346863
1.2211999893188	-0.79927894812423
1.2259000539780	-0.80355634240909
1.2305999994278	-0.80055540808244
1.2352999448776	-0.79282633991875
1.2400000095367	-0.78435769852611
1.2446999549866	-0.77930398657377
1.2494000196457	-0.78076346727584
1.2540999650955	-0.79001422147205
1.2588000297546	-0.80627959440459
1.2634999752045	-0.82709720307847
1.2682000398636	-0.84909696242866
1.2728999853134	-0.86898067182099
1.2776000499725	-0.88443353786462
1.2822999954224	-0.89473069539150
1.2869999408722	-0.90084256446100
1.2917000055313	-0.90505141396105
1.2963999509811	-0.91020433749298
1.3011000156403	-0.91887689877616
1.3057999610901	-0.93266946690235
1.3105000257492	-0.95184241065421
1.3151999711990	-0.97533827507908
1.3199000358582	-1.0011584264008
1.3245999813080	-1.0269733002461
1.3293000459671	-1.0507818433484
1.3339999914169	-1.0714650720918
1.3387000560760	-1.0890659256059
1.3434000015259	-1.1047124019997
1.3480999469757	-1.1202510619059
1.3528000116348	-1.1376900130900
1.3574999570847	-1.1586425926110
1.3622000217438	-1.1839235136226
1.3668999671936	-1.2133830705063
1.3716000318527	-1.2460192933733
1.3762999773026	-1.2803059928548
1.3810000419617	-1.3146451006486
1.3856999874115	-1.3478226448164
1.3904000520706	-1.3793419356329
1.3950999975204	-1.4095410816728
1.3997999429703	-1.4394819437142
1.4045000076294	-1.4706270588049
1.4091999530792	-1.5044448977519
1.4139000177383	-1.5420274076430
1.4185999631882	-1.5838351114661
1.4233000278473	-1.6296256041208
1.4279999732971	-1.6785695430312
1.4327000379562	-1.7295207236182
1.4373999834061	-1.7813538930616
1.4421000480652	-1.8332879819415
1.4467999935150	-1.8851194431430
1.4515000581741	-1.9372764485532
1.4562000036240	-1.9907108698705
1.4608999490738	-2.0466475069579
1.4656000137329	-2.1062757532128
1.4702999591827	-2.1704640684126
1.4750000238419	-2.2395669923772
1.4796999692917	-2.3133780701607
1.4844000339508	-2.3912291448447
1.4890999794006	-2.4722032499031
1.4938000440598	-2.5554126465495
1.4984999895096	-2.6402734087512
1.5032000541687	-2.7266875695337
1.5078999996185	-2.8151058961202
1.5125999450684	-2.9064329578392
1.5173000097275	-3.0018203213433
1.5219999551773	-3.1023888279653
1.5267000198364	-3.2089769301827
1.5313999652863	-3.3219494180990
1.5361000299454	-3.4411437015552
1.5407999753952	-3.5659407747604
1.5455000400543	-3.6954684513807
1.5501999855042	-3.8288644313617
1.5549000501633	-3.9655537381992
1.5595999956131	-4.1054547656474
1.5642999410629	-4.2490517575173
1.5690000057220	-4.3973132080191
1.5736999511719	-4.5514857619552
1.5784000158310	-4.7127983271722
1.5830999612808	-4.8821700627790
1.5878000259399	-5.0600011602766
1.5924999713898	-5.2460822943276
1.5972000360489	-5.4396792304081
1.6018999814987	-5.6397568405613
1.6066000461578	-5.8453023137954
1.6112999916077	-6.0556699863014
1.6160000562668	-6.2708309594787
1.6207000017166	-6.4914685189047
1.6253999471664	-6.7188798682653
1.6301000118256	-6.9546871068560
1.6347999572754	-7.2004683559551
1.6395000219345	-7.4573685100087
1.6441999673843	-7.7258321203688
1.6489000320435	-8.0055040574891
1.6535999774933	-8.2953629676840
1.6583000421524	-8.5940645373180
1.6629999876022	-8.9003968266644
1.6677000522614	-9.2137696172464
1.6723999977112	-9.5345457892755
1.6770999431610	-9.8641339662717
1.6818000078201	-10.204793662069
1.6864999532700	-10.559205398621
1.6912000179291	-10.929892331556
1.6958999633789	-11.318702904047
1.7006000280380	-11.726440881693
1.7052999734879	-12.152800816996
1.7100000381470	-12.596660273710
1.7146999835968	-13.056650089339
1.7194000482559	-13.531924468004
1.7240999937057	-14.022915700230
1.7288000583649	-14.531874614722
1.7335000038147	-15.062976420680
1.7381999492645	-15.621983289629
1.7429000139236	-16.215587899030
1.7475999593735	-16.850576034015
1.7523000240326	-17.533102857237
1.7569999694824	-18.268348215249
1.7617000341415	-19.060635164989
1.7663999795914	-19.914341237756
1.7711000442505	-20.835494380109
1.7757999897003	-21.834177125203
1.7805000543594	-22.927665998750
1.7851999998093	-24.144423939592
1.7898999452591	-25.529612006488
1.7946000099182	-27.154544398136
1.7992999553680	-29.136536891468
1.8040000200272	-31.689205671452
1.8086999654770	-35.281162055362
1.8134000301361	-41.389314729130
1.8180999755859	-68.690704308691
1.8228000402451	-41.617823947368
1.8274999856949	-35.749069489391
1.8322000503540	-32.376699926334
1.8368999958038	-30.022425737555
1.8415999412537	-28.217172415436
1.8463000059128	-26.750199612165
1.8509999513626	-25.510269326597
1.8557000160217	-24.434018957059
1.8603999614716	-23.484172596498
1.8651000261307	-22.638264058430
1.8697999715805	-21.881933814116
1.8745000362396	-21.204709134589
1.8791999816895	-20.597482757994
1.8839000463486	-20.051215542812
1.8885999917984	-19.556559415226
1.8933000564575	-19.104186186667
1.8980000019073	-18.685407735285
1.9026999473572	-18.293006544888
1.9074000120163	-17.921821550772
1.9120999574661	-17.568992241267
1.9168000221252	-17.233715778540
1.9214999675751	-16.916586503726
1.9262000322342	-16.618748793979
1.9308999776840	-16.341054599321
1.9356000423431	-16.083460448524
1.9402999877930	-15.844757583710
1.9450000524521	-15.622669310623
1.9496999979019	-15.414237110436
1.9543999433517	-15.216405378176
1.9591000080109	-15.026614368023
1.9637999534607	-14.843261141467
1.9685000181198	-14.665897477218
1.9731999635696	-14.495110403215
1.9779000282288	-14.332144546669
1.9825999736786	-14.178394948266
1.9873000383377	-14.034898269213
1.9919999837875	-13.901975813779
1.9967000484467	-13.779093446772
2.0013999938965	-13.664964608988
2.0060999393463	-13.557846790172
2.0107998847961	-13.455960084794
2.0155000686646	-13.357899253775
2.0202000141144	-13.262943052113
2.0248999595642	-13.171165202306
2.0295999050140	-13.083325587475
2.0343000888824	-13.000588638525
2.0390000343323	-12.924146976108
2.0436999797821	-12.854864738967
2.0483999252319	-12.793024750696
2.0531001091003	-12.738244151856
2.0578000545502	-12.689569090461
2.0625000000000	-12.645716319755
2.0671999454498	-12.605397213600
2.0718998908997	-12.567643349814
2.0766000747681	-12.532034982712
2.0813000202179	-12.498777257628
2.0859999656677	-12.468610543629
2.0906999111176	-12.442579888673
2.0954000949860	-12.421727819477
2.1001000404358	-12.406804018548
2.1047999858856	-12.398057727586
2.1094999313354	-12.395165525042
2.1142001152039	-12.397310876023
2.1189000606537	-12.403388146366
2.1236000061035	-12.412278877045
2.1282999515533	-12.423137722372
2.1329998970032	-12.435593188300
2.1377000808716	-12.449822656742
2.1424000263214	-12.466482808172
2.1470999717712	-12.486509214692
2.1517999172211	-12.510834281491
2.1565001010895	-12.540128006996
2.1612000465393	-12.574590601309
2.1658999919891	-12.613873320696
2.1705999374390	-12.657143946126
2.1752998828888	-12.703265372181
2.1800000667572	-12.751060591972
2.1847000122070	-12.799596677250
2.1893999576569	-12.848382947215
2.1940999031067	-12.897476636163
2.1988000869751	-12.947423653237
2.2035000324249	-12.999056483986
2.2081999778748	-13.053255867860
2.2128999233246	-13.110643383568
2.2176001071930	-13.171387449876
2.2223000526428	-13.235095869725
2.2269999980927	-13.300860494760
2.2316999435425	-13.367449739605
2.2363998889923	-13.433557529293
2.2411000728607	-13.498118930872
2.2458000183105	-13.560529801206
2.2504999637604	-13.620762141287
2.2551999092102	-13.679335889270
2.2599000930786	-13.737115850300
2.2646000385284	-13.795058876309
2.2692999839783	-13.853902612716
2.2739999294281	-13.913925914179
2.2787001132965	-13.974848461431
2.2834000587463	-14.035857236169
2.2881000041962	-14.095785989317
2.2927999496460	-14.153397331583
2.2974998950958	-14.207702656869
2.3022000789642	-14.258195797247
2.3069000244141	-14.305000510456
2.3115999698639	-14.348828927540
2.3162999153137	-14.390789320036
2.3210000991821	-14.432114326977
2.3257000446320	-14.473811893981
2.3303999900818	-14.516443417745
2.3350999355316	-14.559988903456
2.3397998809814	-14.603861994611
2.3445000648499	-14.647105353616
2.3492000102997	-14.688663970639
2.3538999557495	-14.727718243939
2.3585999011993	-14.763924643591
2.3633000850677	-14.797570480684
2.3680000305176	-14.829526672889
2.3726999759674	-14.861065160841
2.3773999214172	-14.893550202688
2.3821001052856	-14.928142667243
2.3868000507355	-14.965518923160
2.3914999961853	-15.005755823428
2.3961999416351	-15.048361937538
2.4008998870850	-15.092458585851
2.4056000709534	-15.137061532798
2.4103000164032	-15.181406902159
2.4149999618530	-15.225207666358
2.4196999073029	-15.268780907449
2.4244000911713	-15.313022907237
2.4291000366211	-15.359198167956
2.4337999820709	-15.408666715184
2.4384999275208	-15.462552077171
2.4432001113892	-15.521502972647
2.4479000568390	-15.585559984862
2.4526000022888	-15.654200783771
2.4572999477386	-15.726525296516
2.4619998931885	-15.801545851340
2.4667000770569	-15.878493726253
2.4714000225067	-15.957093409939
2.4760999679565	-16.037677499923
2.4807999134064	-16.121153526172
2.4855000972748	-16.208804283007
2.4902000427246	-16.302004721703
2.4948999881744	-16.401882259753
2.4995999336243	-16.509082818678
2.5043001174927	-16.623646208901
2.5090000629425	-16.745035487133
2.5137000083923	-16.872328625254
2.5183999538422	-17.004509000671
2.5230998992920	-17.140801658501
2.5278000831604	-17.280922232524
2.5325000286102	-17.425226950669
2.5371999740601	-17.574675464077
2.5418999195099	-17.730618401308
2.5466001033783	-17.894513142720
2.5513000488281	-18.067556007916
2.5559999942780	-18.250424284058
2.5606999397278	-18.443128387859
2.5653998851776	-18.645005668908
2.5701000690460	-18.854910798556
2.5748000144958	-19.071503270239
2.5794999599457	-19.293593604595
2.5841999053955	-19.520432658689
2.5889000892639	-19.751864702780
2.5936000347137	-19.988317518480
2.5982999801636	-20.230571970594
2.6029999256134	-20.479411376844
2.6077001094818	-20.735202139108
2.6124000549316	-20.997525223621
2.6171000003815	-21.264872058260
2.6217999458313	-21.534579402244
2.6264998912811	-21.802890687088
2.6312000751495	-22.065204445257
2.6359000205994	-22.316420050699
2.6405999660492	-22.551317134582
2.6452999114990	-22.764872608761
2.6500000953674	-22.952454728718
2.6547000408173	-23.109926398207
2.6593999862671	-23.233609670243
2.6640999317169	-23.320260020711
2.6688001155853	-23.367061708332
2.6735000610352	-23.371703514744
2.6782000064850	-23.332512740836
2.6828999519348	-23.248689596036
2.6875998973846	-23.120478905854
2.6923000812531	-22.949365317872
2.6970000267029	-22.738122095947
2.7016999721527	-22.490815176964
2.7063999176025	-22.212613152096
2.7111001014709	-21.909436390332
2.7158000469208	-21.587580256695
2.7204999923706	-21.253159045218
2.7251999378204	-20.911661648596
2.7298998832703	-20.567574358754
2.7346000671387	-20.224129572375
2.7393000125885	-19.883350122074
2.7439999580383	-19.546175219996
2.7486999034882	-19.212812433454
2.7534000873566	-18.883119691750
2.7581000328064	-18.557000575114
2.7627999782562	-18.234704267462
2.7674999237061	-17.916927538632
2.7722001075745	-17.604779357500
2.7769000530243	-17.299559426359
2.7815999984741	-17.002495495625
2.7862999439240	-16.714460953596
2.7909998893738	-16.435779485599
2.7957000732422	-16.166157616622
2.8004000186920	-15.904799937712
2.8050999641418	-15.650588949201
2.8097999095917	-15.402389784677
2.8145000934601	-15.159292585220
2.8192000389099	-14.920841866704
2.8238999843597	-14.687065402625
2.8285999298096	-14.458409960016
2.8333001136780	-14.235551804848
2.8380000591278	-14.019140995655
2.8427000045776	-13.809574549160
2.8473999500275	-13.606855094728
2.8520998954773	-13.410543087010
2.8568000793457	-13.219855974915
2.8615000247955	-13.033845904492
2.8661999702454	-12.851636999550
2.8708999156952	-12.672612314650
2.8756000995636	-12.496553678419
2.8803000450134	-12.323636087493
2.8849999904633	-12.154334424950
2.8896999359131	-11.989235574605
2.8943998813629	-11.828835716500
2.8991000652313	-11.673355731251
2.9038000106812	-11.522671231417
2.9084999561310	-11.376315692674
2.9131999015808	-11.233602203931
2.9179000854492	-11.093793180917
2.9226000308990	-10.956294947878
2.9272999763489	-10.820798549304
2.9319999217987	-10.687332128154
2.9367001056671	-10.556231941661
2.9414000511169	-10.428006030736
2.9460999965668	-10.303155565845
2.9507999420166	-10.182021697840
2.9554998874664	-10.064663023394
2.9602000713348	-9.9508324242372
2.9649000167847	-9.8400370368718
2.9695999622345	-9.7316727908631
2.9742999076843	-9.6251942632264
2.9790000915527	-9.5202510712129
2.9837000370026	-9.4167775750871
2.9883999824524	-9.3149938674831
2.9930999279022	-9.2153149774118
2.9978001117706	-9.1182232915210
3.0025000572205	-9.0240976344956
3.0072000026703	-8.9331036241669
3.0118999481201	-8.8451399756816
3.0165998935699	-8.7598518033074
3.0213000774384	-8.6767443199010
3.0260000228882	-8.5953121819667
3.0306999683380	-8.5151824287117
3.0353999137878	-8.4362180548882
3.0401000976562	-8.3585404364091
3.0448000431061	-8.2824761687447
3.0494999885559	-8.2084573429768
3.0541999340057	-8.1368700547636
3.0589001178741	-8.0679468267356
3.0636000633240	-8.0016739481014
3.0683000087738	-7.9378107530538
3.0729999542236	-7.8759416986640
3.0776998996735	-7.8156091644272
3.0824000835419	-7.7564285297509
3.0871000289917	-7.6982102686457
3.0917999744415	-7.6409915629903
3.0964999198914	-7.5850286616186
3.1012001037598	-7.5306950041688
3.1059000492096	-7.4783709694699
3.1105999946594	-7.4283208162312
3.1152999401093	-7.3805993194695
3.1199998855591	-7.3350443573903
3.1247000694275	-7.2913117173276
3.1294000148773	-7.2489740010394
3.1340999603271	-7.2076533647781
3.1387999057770	-7.1671130603011
3.1435000896454	-7.1273275918227
3.1482000350952	-7.0884835252724
3.1528999805450	-7.0509120315072
3.1575999259949	-7.0149746695536
3.1623001098633	-6.9809560880832
3.1670000553131	-6.9489695126149
3.1717000007629	-6.9189112357428
3.1763999462128	-6.8905003789397
3.1810998916626	-6.8633457790132
3.1858000755310	-6.8370619803385
3.1905000209808	-6.8113788225069
3.1951999664307	-6.7862138133097
3.1998999118805	-6.7616892407608
3.2046000957489	-6.7380816906277
3.2093000411987	-6.7157359887304
3.2139999866486	-6.6949389517467
3.2186999320984	-6.6758386235729
3.2234001159668	-6.6583825975784
3.2281000614166	-6.6423271538952
3.2328000068665	-6.6273080981747
3.2374999523163	-6.6129309549284
3.2421998977661	-6.5988921202868
3.2469000816345	-6.5850515065750
3.2516000270844	-6.5714689501368
3.2562999725342	-6.5583604368432
3.2609999179840	-6.5460352231494
3.2657001018524	-6.5347677970533
3.2704000473022	-6.5247163023885
3.2750999927521	-6.5158491000719
3.2797999382019	-6.5079319227944
3.2844998836517	-6.5006020704452
3.2892000675201	-6.4934358729351
3.2939000129700	-6.4860784845873
3.2985999584198	-6.4783118739395
3.3032999038696	-6.4701171381288
3.3080000877380	-6.4616392625943
3.3127000331879	-6.4531278695737
3.3173999786377	-6.4448176188435
3.3220999240875	-6.4368433132762
3.3268001079559	-6.4291517950160
3.3315000534058	-6.4215024010711
3.3361999988556	-6.4134841902321
3.3408999443054	-6.4046341979370
3.3455998897552	-6.3945152804156
3.3503000736237	-6.3828367234940
3.3550000190735	-6.3694873478047
3.3596999645233	-6.3545351324228
3.3643999099731	-6.3381592576131
3.3691000938416	-6.3205548704916
3.3738000392914	-6.3018234341899
3.3784999847412	-6.2818983455507
3.3831999301910	-6.2605237652310
3.3879001140594	-6.2372907175266
3.3926000595093	-6.2117219452676
3.3973000049591	-6.1833809675038
3.4019999504089	-6.1519771852388
3.4066998958588	-6.1174145329155
3.4114000797272	-6.0797925781491
3.4161000251770	-6.0393491687741
3.4207999706268	-5.9963578982078
3.4254999160767	-5.9510287622154
3.4302000999451	-5.9034399447326
3.4349000453949	-5.8534932990798
3.4395999908447	-5.8009717556694
3.4442999362946	-5.7456020333038
3.4489998817444	-5.6871758704217
3.4537000656128	-5.6256237010171
3.4584000110626	-5.5610866225909
3.4630999565125	-5.4939005632178
3.4677999019623	-5.4245382016534
3.4725000858307	-5.3535211590680
3.4772000312805	-5.2813209775457
3.4818999767303	-5.2082726845552
3.4865999221802	-5.1345632103732
3.4913001060486	-5.0602436212823
3.4960000514984	-4.9853038936874
3.5006999969482	-4.9097627340347
3.5053999423981	-4.8337452914006
3.5100998878479	-4.7575255720122
3.5148000717163	-4.6815307682836
3.5195000171661	-4.6062853445857
3.5241999626160	-4.5323327307819
3.5288999080658	-4.4601465851462
3.5336000919342	-4.3900673011961
3.5383000373840	-4.3222666468717
3.5429999828339	-4.2567712350413
3.5476999282837	-4.1935149769222
3.5524001121521	-4.1324163522377
3.5571000576019	-4.0734530779038
3.5618000030518	-4.0167101323690
3.5664999485016	-3.9623925613585
3.5711998939514	-3.9107904669801
3.5759000778198	-3.8622177768112
3.5806000232697	-3.8169404622675
3.5852999687195	-3.7751181607000
3.5899999141693	-3.7367669369875
3.5947000980377	-3.7017668088556
3.5994000434875	-3.6699047185888
3.6040999889374	-3.6409383598750
3.6087999343872	-3.6146676039982
3.6135001182556	-3.5909895237548
3.6182000637054	-3.5699146657592
3.6229000091553	-3.5515561470239
3.6275999546051	-3.5360873484891
3.6322999000549	-3.5236707856894
3.6370000839233	-3.5144000168348
3.6417000293732	-3.5082578461136
3.6463999748230	-3.5051055599202
3.6510999202728	-3.5047117748663
3.6558001041412	-3.5068043862996
3.6605000495911	-3.5111331213718
3.6651999950409	-3.5175334237908
3.6698999404907	-3.5259527080419
3.6745998859406	-3.5364582389657
3.6793000698090	-3.5491977797394
3.6840000152588	-3.5643427762744
3.6886999607086	-3.5820269103718
3.6933999061584	-3.6022956561127
3.6981000900269	-3.6250761143707
3.7028000354767	-3.6501955734711
3.7074999809265	-3.6774193748025
3.7121999263763	-3.7065057745241
3.7169001102448	-3.7372842016808
3.7216000556946	-3.7696832640122
3.7263000011444	-3.8037577552359
3.7309999465942	-3.8396624571936
3.7356998920441	-3.8776007594629
3.7404000759125	-3.9177682062440
3.7451000213623	-3.9602805105939
3.7497999668121	-4.0051432923648
3.7544999122620	-4.0522452286884
3.7592000961304	-4.1013873033715
3.7639000415802	-4.1523401510530
3.7685999870300	-4.2049125793978
3.7732999324799	-4.2590073304405
3.7780001163483	-4.3146509044386
3.7827000617981	-4.3719916051566
3.7874000072479	-4.4312518255603
3.7920999526978	-4.4926653222892
3.7967998981476	-4.5564022963947
3.8015000820160	-4.6225222674028
3.8062000274658	-4.6909440483660
3.8108999729156	-4.7614717101431
3.8155999183655	-4.8338392895163
3.8203001022339	-4.9077905409890
3.8250000476837	-4.9831439251029
3.8296999931335	-5.0598497971374
3.8343999385834	-5.1379907324548
3.8390998840332	-5.2177506685977
3.8438000679016	-5.2993517628262
3.8485000133514	-5.3829608178890
3.8531999588013	-5.4686271321050
3.8578999042511	-5.5562320104601
3.8626000881195	-5.6454969654421
3.8673000335693	-5.7360345601761
3.8719999790192	-5.8274208176467
3.8766999244690	-5.9192951456431
3.8814001083374	-6.0114236357645
3.8861000537872	-6.1037302837743
3.8907999992371	-6.1962719123881
3.8954999446869	-6.2891658546604
3.9001998901367	-6.3824907862818
3.9049000740051	-6.4761930335659
3.9096000194550	-6.5700216921535
3.9142999649048	-6.6635211718576
3.9189999103546	-6.7560891438373
3.9237000942230	-6.8470689850638
3.9284000396729	-6.9358695102564
3.9330999851227	-7.0220671123087
3.9377999305725	-7.1054507090375
3.9425001144409	-7.1860082173965
3.9472000598907	-7.2638432458137
3.9519000053406	-7.3390568336753
3.9565999507904	-7.4116297090749
3.9612998962402	-7.4813412371200
3.9660000801086	-7.5477638307368
3.9707000255585	-7.6103242941249
3.9753999710083	-7.6684337226230
3.9800999164581	-7.7216237473764
3.9848001003265	-7.7696739018694
3.9895000457764	-7.8126571511291
3.9941999912262	-7.8509180318873
3.9988999366760	-7.8849612653559
4.0036001205444	-7.9153033956673
4.0082998275757	-7.9423379886654
4.0130000114441	-7.9662369281476
4.0177001953125	-7.9869443556886
4.0223999023438	-8.0042544248375
4.0271000862122	-8.0179386915707
4.0317997932434	-8.0279000937246
4.0364999771118	-8.0342839497147
4.0412001609802	-8.0375216391852
4.0458998680115	-8.0382840870707
4.0506000518799	-8.0373586069205
4.0553002357483	-8.0354959741142
4.0599999427795	-8.0332591374201
4.0647001266479	-8.0309422063604
4.0693998336792	-8.0285636266543
4.0741000175476	-8.0259483882017
4.0788002014160	-8.0228608114649
4.0834999084473	-8.0191631870774
4.0882000923157	-8.0149249909856
4.0928997993469	-8.0104780811495
4.0975999832153	-8.0063731544367
4.1023001670837	-8.0032689603436
4.1069998741150	-8.0017821976962
4.1117000579834	-8.0023436766065
4.1163997650146	-8.0051102181746
4.1210999488831	-8.0099566402788
4.1258001327515	-8.0165402610645
4.1304998397827	-8.0244425290063
4.1352000236511	-8.0333144689709
4.1399002075195	-8.0430136473228
4.1445999145508	-8.0536593560035
4.1493000984192	-8.0656152098323
4.1539998054504	-8.0793880595088
4.1586999893188	-8.0954760723180
4.1634001731873	-8.1142238301546
4.1680998802185	-8.1357088390509
4.1728000640869	-8.1597166085464
4.1774997711182	-8.1857960865618
4.1821999549866	-8.2133804640181
4.1869001388550	-8.2419551400490
4.1915998458862	-8.2711995733689
4.1963000297546	-8.3010731053125
4.2010002136230	-8.3318126033765
4.2056999206543	-8.3638469584456
4.2104001045227	-8.3976387481574
4.2150998115540	-8.4335203997641
4.2197999954224	-8.4715596114556
4.2245001792908	-8.5115073147799
4.2291998863220	-8.5528327860859
4.2339000701904	-8.5948486334726
4.2385997772217	-8.6368862202122
4.2432999610901	-8.6784620768311
4.2480001449585	-8.7194008718742
4.2526998519897	-8.7598516094030
4.2574000358582	-8.8002124059010
4.2621002197266	-8.8409684641001
4.2667999267578	-8.8825089918901
4.2715001106262	-8.9249617201213
4.2761998176575	-8.9681194254400
4.2809000015259	-9.0114586189279
4.2856001853943	-9.0542702195893
4.2902998924255	-9.0958493337250
4.2950000762939	-9.1357009508883
4.2996997833252	-9.1736896917388
4.3043999671936	-9.2100860383198
4.3091001510620	-9.2455013280590
4.3137998580933	-9.2807243365359
4.3185000419617	-9.3165155666384
4.3232002258301	-9.3534224588583
4.3278999328613	-9.3916710962543
4.3326001167297	-9.4311747861560
4.3372998237610	-9.4716497523916
4.3420000076294	-9.5128064637425
4.3467001914978	-9.5545657211765
4.3513998985291	-9.5972184395610
4.3561000823975	-9.6414903919179
4.3607997894287	-9.6884777502845
4.3654999732971	-9.7394783938254
4.3702001571655	-9.7957636035968
4.3748998641968	-9.8583504441090
4.3796000480652	-9.9278460894835
4.3843002319336	-10.004398284930
4.3889999389648	-10.087766382113
4.3937001228333	-10.177495462566
4.3983998298645	-10.273139429656
4.4031000137329	-10.374475991526
4.4078001976013	-10.481639746747
4.4124999046326	-10.595139622885
4.4172000885010	-10.715748819219
4.4218997955322	-10.844290980748
4.4265999794006	-10.981401532069
4.4313001632690	-11.127301267170
4.4359998703003	-11.281695718803
4.4407000541687	-11.443787335158
4.4454002380371	-11.612453281999
4.4500999450684	-11.786516270151
4.4548001289368	-11.965061553600
4.4594998359680	-12.147684904099
4.4642000198364	-12.334620930560
4.4689002037048	-12.526668573859
4.4735999107361	-12.724958787301
4.4783000946045	-12.930605937422
4.4829998016357	-13.144350596692
4.4876999855042	-13.366312032258
4.4924001693726	-13.595902771437
4.4970998764038	-13.831981986452
4.5018000602722	-14.073192537594
4.5064997673035	-14.318403472795
4.5111999511719	-14.567149974600
4.5159001350403	-14.819888010934
4.5205998420715	-15.078007665426
4.5253000259399	-15.343553358245
4.5300002098083	-15.618734192368
4.5346999168396	-15.905376979970
4.5394001007080	-16.204441528984
4.5440998077393	-16.515820859425
4.5487999916077	-16.838424014037
4.5535001754761	-17.170624976847
4.5581998825073	-17.510938596105
4.5629000663757	-17.858758705165
4.5675997734070	-18.214929604978
4.5722999572754	-18.581937915599
4.5770001411438	-18.963624936809
4.5816998481750	-19.364516126649
4.5864000320435	-19.788911797163
4.5911002159119	-20.240047351575
4.5957999229431	-20.719529191783
4.6005001068115	-21.227319131784
4.6051998138428	-21.762255600467
4.6098999977112	-22.323227020753
4.6146001815796	-22.910650485363
4.6192998886108	-23.527987744151
4.6240000724792	-24.182793190032
4.6286997795105	-24.887019776545
4.6333999633789	-25.656491591807
4.6381001472473	-26.509950695228
4.6427998542786	-27.467985125661
4.6475000381470	-28.552534978541
4.6522002220154	-29.787372034228
4.6568999290466	-31.199925895863
4.6616001129150	-32.824802782058
4.6662998199463	-34.706891553029
4.6710000038147	-36.890973670873
4.6757001876831	-39.328082168795
4.6803998947144	-41.441805270965
4.6851000785828	-41.628251471185
4.6897997856140	-39.627548662835
4.6944999694824	-37.098164595344
4.6992001533508	-34.819154633193
4.7038998603821	-32.891636075093
4.7086000442505	-31.271417075757
4.7133002281189	-29.901445670526
4.7179999351501	-28.732173143659
4.7227001190186	-27.721833886329
4.7273998260498	-26.834630942898
4.7321000099182	-26.040068202140
4.7368001937866	-25.313342228740
4.7414999008179	-24.636194819516
4.7462000846863	-23.997303532966
4.7508997917175	-23.391733419003
4.7555999755859	-22.819234964298
4.7603001594543	-22.281970400213
4.7649998664856	-21.782168891247
4.7697000503540	-21.320345203416
4.7744002342224	-20.894412837943
4.7790999412537	-20.499649723834
4.7838001251221	-20.129530283206
4.7884998321533	-19.776992882648
4.7932000160217	-19.436000607246
4.7979001998901	-19.102745680349
4.8025999069214	-18.776245176410
4.8073000907898	-18.458104541922
4.8119997978210	-18.151524813722
4.8166999816895	-17.859984171081
4.8214001655579	-17.585936693792
4.8260998725891	-17.329953556795
4.8308000564575	-17.090447070625
4.8354997634888	-16.864063798203
4.8401999473572	-16.646529484115
4.8449001312256	-16.433814200801
4.8495998382568	-16.223177559804
4.8543000221252	-16.013862746320
4.8590002059937	-15.807137719074
4.8636999130249	-15.605738258978
4.8684000968933	-15.412887098653
4.8730998039246	-15.231216728571
4.8777999877930	-15.061960166686
4.8825001716614	-14.904521041392
4.8871998786926	-14.756677243308
4.8919000625610	-14.615156055208
4.8965997695923	-14.476605279928
4.9012999534607	-14.338531296158
4.9060001373291	-14.200032446077
4.9106998443604	-14.061979146527
4.9154000282288	-13.926692962151
4.9201002120972	-13.797155721405
4.9247999191284	-13.676042260502
4.9295001029968	-13.564911681232
4.9341998100281	-13.463704200101
4.9388999938965	-13.370767646064
4.9436001777649	-13.283312837352
4.9482998847961	-13.198237778444
4.9530000686646	-13.113035184939
4.9576997756958	-13.026546897423
4.9623999595642	-12.939303360376
4.9671001434326	-12.853307663461
4.9717998504639	-12.771375924317
4.9765000343323	-12.696235310082
4.9812002182007	-12.629644723109
4.9858999252319	-12.571831840817
4.9906001091003	-12.521383556238
4.9952998161316	-12.475586094326
5.0000000000000	-12.431183654156
#Parameters = {R_fat=48; R_glandular=38; R_skin_outer=50; T10=5; T15=7.5; T5=2.5; T_rad=4; T_x=10; T_y=0; T_z=75; Zc=65; skin_thickness=2; Mesh Pass=3}
#"Frequency / GHz"	"S1,1 (Mesh Pass=3) [Magnitude / dB]"
#-------------------------------------------------------
0.30000001192093	-11.249565309301
0.30469998717308	-11.064842348965
0.30939999222755	-10.730985690852
0.31409999728203	-10.372705038102
0.31880000233650	-10.105896731610
0.32350000739098	-10.016616218712
0.32820001244545	-10.165089488206
0.33289998769760	-10.599330161255
0.33759999275208	-11.370730397061
0.34229999780655	-12.550022049329
0.34700000286102	-14.239592532609
0.35170000791550	-16.536165357524
0.35640001296997	-19.098253039617
0.36109998822212	-19.621216672435
0.36579999327660	-16.929348158029
0.37049999833107	-13.824013779368
0.37520000338554	-11.327811892810
0.37990000844002	-9.4345115178456
0.38460001349449	-8.0333095556679
0.38929998874664	-7.0354821216717
0.39399999380112	-6.3744677455561
0.39869999885559	-5.9970209294384
0.40340000391006	-5.8580534842437
0.40810000896454	-5.9181853346128
0.41280001401901	-6.1420153711997
0.41749998927116	-6.4956981015509
0.42219999432564	-6.9433470414572
0.42689999938011	-7.4426782120847
0.43160000443459	-7.9418491919183
0.43630000948906	-8.3814153611514
0.44100001454353	-8.7056368348968
0.44569998979568	-8.8816891728298
0.45039999485016	-8.9146278446670
0.45509999990463	-8.8446082430510
0.45980000495911	-8.7278972525722
0.46450001001358	-8.6164188411797
0.46919998526573	-8.5464546916312
0.47389999032021	-8.5364806621261
0.47859999537468	-8.5895475437468
0.48330000042915	-8.6966213487099
0.48800000548363	-8.8396703110659
0.49270001053810	-8.9947699183167
0.49739998579025	-9.1360928465222
0.50209999084473	-9.2410914842653
0.50679999589920	-9.2959324545319
0.51150000095367	-9.2989368602713
0.51620000600815	-9.2601637267399
0.52090001106262	-9.1972709765514
0.52560001611710	-9.1298071869462
0.53030002117157	-9.0743591316922
0.53500002622604	-9.0417153992217
0.53969997167587	-9.0359684332256
0.54439997673035	-9.0549168748261
0.54909998178482	-9.0912785661997
0.55379998683929	-9.1344099841224
0.55849999189377	-9.1724841948881
0.56319999694824	-9.1949069006993
0.56790000200272	-9.1945292866271
0.57260000705719	-9.1690443367880
0.57730001211166	-9.1210856862082
0.58200001716614	-9.0570431944215
0.58670002222061	-8.9850969527640
0.59140002727509	-8.9131646187855
0.59609997272491	-8.8473152803140
0.60079997777939	-8.7908836146037
0.60549998283386	-8.7442529188021
0.61019998788834	-8.7051747926040
0.61489999294281	-8.6694794322568
0.61959999799728	-8.6320388378907
0.62430000305176	-8.5878208475346
0.62900000810623	-8.5328699890728
0.63370001316071	-8.4649849337619
0.63840001821518	-8.3839813011586
0.64310002326965	-8.2914857586178
0.64780002832413	-8.1903732423275
0.65249997377396	-8.0840230635840
0.65719997882843	-7.9756218998248
0.66189998388290	-7.8676161129577
0.66659998893738	-7.7614136215625
0.67129999399185	-7.6573131106543
0.67599999904633	-7.5546401110466
0.68070000410080	-7.4520030375462
0.68540000915527	-7.3476414525075
0.69010001420975	-7.2397683890890
0.69480001926422	-7.1268770204321
0.69950002431870	-7.0079579256560
0.70420002937317	-6.8826113207520
0.70889997482300	-6.7510428110407
0.71359997987747	-6.6139857084121
0.71829998493195	-6.4725509941318
0.72299998998642	-6.3280732356464
0.72769999504089	-6.1819339121988
0.73240000009537	-6.0354233400232
0.73710000514984	-5.8896098428293
0.74180001020432	-5.7452454141269
0.74650001525879	-5.6026971965586
0.75120002031326	-5.4619160022660
0.75590002536774	-5.3224449408794
0.76059997081757	-5.1834879511559
0.76529997587204	-5.0440319683520
0.76999998092651	-4.9030262357057
0.77469998598099	-4.7595974451411
0.77939999103546	-4.6132544851786
0.78409999608994	-4.4640690959186
0.78880000114441	-4.3127426262685
0.79350000619888	-4.1605866606419
0.79820001125336	-4.0093693008892
0.80290001630783	-3.8610560964966
0.80760002136230	-3.7175028161154
0.81230002641678	-3.5801252815124
0.81699997186661	-3.4496418639066
0.82169997692108	-3.3259120085521
0.82639998197556	-3.2079351689241
0.83109998703003	-3.0940348038305
0.83579999208450	-2.9821988318305
0.84049999713898	-2.8705555404442
0.84520000219345	-2.7578525664020
0.84990000724792	-2.6438618865584
0.85460001230240	-2.5295692825549
0.85930001735687	-2.4171297118349
0.86400002241135	-2.3095336768985
0.86870002746582	-2.2100689218824
0.87339997291565	-2.1216977373167
0.87809997797012	-2.0464572124155
0.88279998302460	-1.9849941029092
0.88749998807907	-1.9363848986095
0.89219999313354	-1.8982605837790
0.89689999818802	-1.8673089302622
0.90160000324249	-1.8400359039285
0.90630000829697	-1.8136814115037
0.91100001335144	-1.7870747244651
0.91570001840591	-1.7611752163801
0.92040002346039	-1.7391686378034
0.92510002851486	-1.7260344734821
0.92979997396469	-1.7276978373051
0.93449997901917	-1.7499232777056
0.93919998407364	-1.7972256740577
0.94389998912811	-1.8720207942475
0.94859999418259	-1.9741935094669
0.95329999923706	-2.1012319957459
0.95800000429153	-2.2489758284232
0.96270000934601	-2.4129481649839
0.96740001440048	-2.5900770625571
0.97210001945496	-2.7805195472374
0.97680002450943	-2.9891658554068
0.98150002956390	-3.2264308803629
0.98619997501373	-3.5082015557339
0.99089998006821	-3.8550601822104
0.99559998512268	-4.2913268564544
1.0003000497818	-4.8445862063643
1.0049999952316	-5.5464776629671
1.0096999406815	-6.4356606788012
1.0144000053406	-7.5643867665034
1.0190999507904	-9.0120950073632
1.0238000154495	-10.915348161186
1.0284999608994	-13.545873426793
1.0332000255585	-17.580050163228
1.0378999710083	-25.732707633845
1.0426000356674	-28.976336532381
1.0472999811172	-18.500107041234
1.0520000457764	-13.821546357622
1.0566999912262	-10.821521407612
1.0614000558853	-8.6499732725828
1.0661000013351	-6.9896600148080
1.0707999467850	-5.6885973880063
1.0755000114441	-4.6617173165881
1.0801999568939	-3.8546553097561
1.0849000215530	-3.2276040371823
1.0895999670029	-2.7474915718447
1.0943000316620	-2.3843674740464
1.0989999771118	-2.1103095084123
1.1037000417709	-1.8998516963671
1.1083999872208	-1.7312085795824
1.1131000518799	-1.5875985808931
1.1177999973297	-1.4580887852027
1.1224999427795	-1.3375913097770
1.1272000074387	-1.2258793106189
1.1318999528885	-1.1259114561182
1.1366000175476	-1.0418449649992
1.1412999629974	-0.97724216310515
1.1460000276566	-0.93380533527852
1.1506999731064	-0.91076502151043
1.1554000377655	-0.90495723044579
1.1600999832153	-0.91142390012802
1.1648000478745	-0.92439624920451
1.1694999933243	-0.93840900164791
1.1742000579834	-0.94931971566656
1.1789000034332	-0.95500424151409
1.1835999488831	-0.95555696264242
1.1883000135422	-0.95299381558957
1.1929999589920	-0.95051343540392
1.1977000236511	-0.95158387135662
1.2023999691010	-0.95905107425372
1.2071000337601	-0.97449243068976
1.2117999792099	-0.99793743327787
1.2165000438690	-1.0279444332379
1.2211999893188	-1.0619941513641
1.2259000539780	-1.0970973908193
1.2305999994278	-1.1304792211615
1.2352999448776	-1.1601698952556
1.2400000095367	-1.1854050457834
1.2446999549866	-1.2066992965770
1.2494000196457	-1.2256537247556
1.2540999650955	-1.2444732752433
1.2588000297546	-1.2654236309757
1.2634999752045	-1.2902882278892
1.2682000398636	-1.3199933908506
1.2728999853134	-1.3544651906920
1.2776000499725	-1.3926988674777
1.2822999954224	-1.4330472668649
1.2869999408722	-1.4736256305927
1.2917000055313	-1.5127461500628
1.2963999509811	-1.5493026662887
1.3011000156403	-1.5829949596804
1.3057999610901	-1.6143568577730
1.3105000257492	-1.6445974469072
1.3151999711990	-1.6752748178331
1.3199000358582	-1.7079362829655
1.3245999813080	-1.7437645248131
1.3293000459671	-1.7833447615132
1.3339999914169	-1.8265761653483
1.3387000560760	-1.8727415575098
1.3434000015259	-1.9207092366897
1.3480999469757	-1.9692139514619
1.3528000116348	-2.0171562514561
1.3574999570847	-2.0638587166128
1.3622000217438	-2.1092108452598
1.3668999671936	-2.1536813902351
1.3716000318527	-2.1981970599476
1.3762999773026	-2.2439285837358
1.3810000419617	-2.2920241778802
1.3856999874115	-2.3433752959166
1.3904000520706	-2.3984497073193
1.3950999975204	-2.4572232511454
1.3997999429703	-2.5192299816900
1.4045000076294	-2.5836965856543
1.4091999530792	-2.6497474261308
1.4139000177383	-2.7166139391124
1.4185999631882	-2.7838314989987
1.4233000278473	-2.8513420069584
1.4279999732971	-2.9195270016375
1.4327000379562	-2.9891297435501
1.4373999834061	-3.0610979240946
1.4421000480652	-3.1364035619772
1.4467999935150	-3.2158545599111
1.4515000581741	-3.2999536340849
1.4562000036240	-3.3888327435881
1.4608999490738	-3.4822635670431
1.4656000137329	-3.5797416631566
1.4702999591827	-3.6806346045038
1.4750000238419	-3.7843447446373
1.4796999692917	-3.8904757632265
1.4844000339508	-3.9989452920141
1.4890999794006	-4.1100362931532
1.4938000440598	-4.2243616884719
1.4984999895096	-4.3427757443929
1.5032000541687	-4.4662105908931
1.5078999996185	-4.5955274353899
1.5125999450684	-4.7313651464366
1.5173000097275	-4.8740464853394
1.5219999551773	-5.0235494873859
1.5267000198364	-5.1795480691926
1.5313999652863	-5.3415139404569
1.5361000299454	-5.5088710027663
1.5407999753952	-5.6811576248938
1.5455000400543	-5.8581765633835
1.5501999855042	-6.0400826820965
1.5549000501633	-6.2274073530813
1.5595999956131	-6.4209952822020
1.5642999410629	-6.6218771478704
1.5690000057220	-6.8310943940787
1.5736999511719	-7.0495261807418
1.5784000158310	-7.2777379894886
1.5830999612808	-7.5158986382671
1.5878000259399	-7.7637751863548
1.5924999713898	-8.0208207971574
1.5972000360489	-8.2863269777976
1.6018999814987	-8.5596416883225
1.6066000461578	-8.8403759171337
1.6112999916077	-9.1285825275806
1.6160000562668	-9.4248379682397
1.6207000017166	-9.7302261509903
1.6253999471664	-10.046199166161
1.6301000118256	-10.374366287116
1.6347999572754	-10.716237358201
1.6395000219345	-11.072977627761
1.6441999673843	-11.445238046566
1.6489000320435	-11.833091494816
1.6535999774933	-12.236101765041
1.6583000421524	-12.653538242623
1.6629999876022	-13.084667206108
1.6677000522614	-13.529128061877
1.6723999977112	-13.987258223735
1.6770999431610	-14.460329974851
1.6818000078201	-14.950605711357
1.6864999532700	-15.461224342158
1.6912000179291	-15.995929025583
1.6958999633789	-16.558677593925
1.7006000280380	-17.153244568710
1.7052999734879	-17.782926634351
1.7100000381470	-18.450338585951
1.7146999835968	-19.157464180852
1.7194000482559	-19.905882616123
1.7240999937057	-20.697275362576
1.7288000583649	-21.533989490083
1.7335000038147	-22.419700946179
1.7381999492645	-23.359769547828
1.7429000139236	-24.361158633329
1.7475999593735	-25.431249333616
1.7523000240326	-26.574697047962
1.7569999694824	-27.786797929274
1.7617000341415	-29.040088147909
1.7663999795914	-30.261290833226
1.7711000442505	-31.304554739637
1.7757999897003	-31.960131535358
1.7805000543594	-32.060683139772
1.7851999998093	-31.623484200918
1.7898999452591	-30.831567052202
1.7946000099182	-29.883992889683
1.7992999553680	-28.910043675706
1.8040000200272	-27.972518809787
1.8086999654770	-27.095390942647
1.8134000301361	-26.284634228584
1.8180999755859	-25.539315313302
1.8228000402451	-24.856567485439
1.8274999856949	-24.233367059191
1.8322000503540	-23.666832282008
1.8368999958038	-23.153971314715
1.8415999412537	-22.691342579894
1.8463000059128	-22.274782380384
1.8509999513626	-21.899433311651
1.8557000160217	-21.559870778585
1.8603999614716	-21.250512268862
1.8651000261307	-20.966078582216
1.8697999715805	-20.702065154158
1.8745000362396	-20.455138339662
1.8791999816895	-20.223326905636
1.8839000463486	-20.005987615629
1.8885999917984	-19.803494748926
1.8933000564575	-19.616846967509
1.8980000019073	-19.447160897539
1.9026999473572	-19.295196870641
1.9074000120163	-19.161068621113
1.9120999574661	-19.044061037066
1.9168000221252	-18.942681721547
1.9214999675751	-18.854842395380
1.9262000322342	-18.778171785134
1.9308999776840	-18.710401883897
1.9356000423431	-18.649711317479
1.9402999877930	-18.594990577505
1.9450000524521	-18.545940580667
1.9496999979019	-18.503010829054
1.9543999433517	-18.467189931546
1.9591000080109	-18.439677806893
1.9637999534607	-18.421559412906
1.9685000181198	-18.413491199221
1.9731999635696	-18.415512159726
1.9779000282288	-18.426965322845
1.9825999736786	-18.446557381345
1.9873000383377	-18.472531087987
1.9919999837875	-18.502923834875
1.9967000484467	-18.535857371865
2.0013999938965	-18.569790311430
2.0060999393463	-18.603701295839
2.0107998847961	-18.637147394599
2.0155000686646	-18.670191303803
2.0202000141144	-18.703218701731
2.0248999595642	-18.736693015510
2.0295999050140	-18.770893749554
2.0343000888824	-18.805695617802
2.0390000343323	-18.840419884470
2.0436999797821	-18.873791380944
2.0483999252319	-18.904023404041
2.0531001091003	-18.928982100278
2.0578000545502	-18.946424939666
2.0625000000000	-18.954268277938
2.0671999454498	-18.950842199334
2.0718998908997	-18.935065073397
2.0766000747681	-18.906544379105
2.0813000202179	-18.865516925142
2.0859999656677	-18.812737633385
2.0906999111176	-18.749272237491
2.0954000949860	-18.676268795105
2.1001000404358	-18.594743472179
2.1047999858856	-18.505430061388
2.1094999313354	-18.408717824876
2.1142001152039	-18.304646908267
2.1189000606537	-18.193054960715
2.1236000061035	-18.073708635963
2.1282999515533	-17.946511745129
2.1329998970032	-17.811690858790
2.1377000808716	-17.669902846715
2.1424000263214	-17.522294829769
2.1470999717712	-17.370427000866
2.1517999172211	-17.216120494112
2.1565001010895	-17.061271375467
2.1612000465393	-16.907627456471
2.1658999919891	-16.756580511975
2.1705999374390	-16.609058694454
2.1752998828888	-16.465469758952
2.1800000667572	-16.325749367984
2.1847000122070	-16.189509329310
2.1893999576569	-16.056197103179
2.1940999031067	-15.925322689641
2.1988000869751	-15.796625768095
2.2035000324249	-15.670201074524
2.2081999778748	-15.546518869062
2.2128999233246	-15.426371944007
2.2176001071930	-15.310741683425
2.2223000526428	-15.200604354582
2.2269999980927	-15.096768892078
2.2316999435425	-14.999721884213
2.2363998889923	-14.909546319347
2.2411000728607	-14.825934912914
2.2458000183105	-14.748255660064
2.2504999637604	-14.675722103649
2.2551999092102	-14.607557595009
2.2599000930786	-14.543152639192
2.2646000385284	-14.482226604551
2.2692999839783	-14.424842507558
2.2739999294281	-14.371411516265
2.2787001132965	-14.322570697491
2.2834000587463	-14.279040261703
2.2881000041962	-14.241449995027
2.2927999496460	-14.210198778781
2.2974998950958	-14.185369701845
2.3022000789642	-14.166700396665
2.3069000244141	-14.153647603246
2.3115999698639	-14.145513185095
2.3162999153137	-14.141586357278
2.3210000991821	-14.141304315861
2.3257000446320	-14.144383403040
2.3303999900818	-14.150862750936
2.3350999355316	-14.161113516586
2.3397998809814	-14.175719562220
2.3445000648499	-14.195380226444
2.3492000102997	-14.220730931402
2.3538999557495	-14.252206910694
2.3585999011993	-14.289964730005
2.3633000850677	-14.333842099317
2.3680000305176	-14.383417043555
2.3726999759674	-14.438102384368
2.3773999214172	-14.497296170069
2.3821001052856	-14.560525732560
2.3868000507355	-14.627579474238
2.3914999961853	-14.698559157451
2.3961999416351	-14.773884334362
2.4008998870850	-14.854218136545
2.4056000709534	-14.940334998589
2.4103000164032	-15.032971244928
2.4149999618530	-15.132686955768
2.4196999073029	-15.239771803765
2.4244000911713	-15.354213124456
2.4291000366211	-15.475705851236
2.4337999820709	-15.603783231788
2.4384999275208	-15.737920804537
2.4432001113892	-15.877721673099
2.4479000568390	-16.023014397427
2.4526000022888	-16.173963982241
2.4572999477386	-16.331064605092
2.4619998931885	-16.495077028751
2.4667000770569	-16.666918379408
2.4714000225067	-16.847496391606
2.4760999679565	-17.037555350120
2.4807999134064	-17.237558326527
2.4855000972748	-17.447629441453
2.4902000427246	-17.667532610565
2.4948999881744	-17.896758034128
2.4995999336243	-18.134646567660
2.5043001174927	-18.380525732005
2.5090000629425	-18.633859142729
2.5137000083923	-18.894315615037
2.5183999538422	-19.161814411626
2.5230998992920	-19.436433032738
2.5278000831604	-19.718272356044
2.5325000286102	-20.007228789068
2.5371999740601	-20.302768883556
2.5418999195099	-20.603662742709
2.5466001033783	-20.907809430065
2.5513000488281	-21.212059791756
2.5559999942780	-21.512176494732
2.5606999397278	-21.802836890457
2.5653998851776	-22.077773006051
2.5701000690460	-22.329960214550
2.5748000144958	-22.551957605063
2.5794999599457	-22.736302231085
2.5841999053955	-22.876007779308
2.5889000892639	-22.965127701063
2.5936000347137	-22.999305340985
2.5982999801636	-22.976197486772
2.6029999256134	-22.895737887925
2.6077001094818	-22.760093836799
2.6124000549316	-22.573332299843
2.6171000003815	-22.340938889069
2.6217999458313	-22.069174511765
2.6264998912811	-21.764534047741
2.6312000751495	-21.433374107000
2.6359000205994	-21.081586458469
2.6405999660492	-20.714578648793
2.6452999114990	-20.337214773669
2.6500000953674	-19.953876526163
2.6547000408173	-19.568473793519
2.6593999862671	-19.184427767970
2.6640999317169	-18.804651495455
2.6688001155853	-18.431474384212
2.6735000610352	-18.066609961977
2.6782000064850	-17.711133949163
2.6828999519348	-17.365543414038
2.6875998973846	-17.029830820001
2.6923000812531	-16.703624611189
2.6970000267029	-16.386361314067
2.7016999721527	-16.077451253319
2.7063999176025	-15.776413047480
2.7111001014709	-15.482978505810
2.7158000469208	-15.197105037960
2.7204999923706	-14.918968904921
2.7251999378204	-14.648850578414
2.7298998832703	-14.387041648494
2.7346000671387	-14.133736406188
2.7393000125885	-13.888915823250
2.7439999580383	-13.652338484452
2.7486999034882	-13.423530138289
2.7534000873566	-13.201846406204
2.7581000328064	-12.986577098711
2.7627999782562	-12.777044801909
2.7674999237061	-12.572701899749
2.7722001075745	-12.373206494227
2.7769000530243	-12.178438576242
2.7815999984741	-11.988470063482
2.7862999439240	-11.803490679350
2.7909998893738	-11.623719336580
2.7957000732422	-11.449300406257
2.8004000186920	-11.280239340012
2.8050999641418	-11.116361362675
2.8097999095917	-10.957312047578
2.8145000934601	-10.802614046751
2.8192000389099	-10.651746809143
2.8238999843597	-10.504232994165
2.8285999298096	-10.359710278425
2.8333001136780	-10.217993962689
2.8380000591278	-10.079075472807
2.8427000045776	-9.9430940173994
2.8473999500275	-9.8102694078570
2.8520998954773	-9.6808246504371
2.8568000793457	-9.5549081952403
2.8615000247955	-9.4325252040615
2.8661999702454	-9.3135352379292
2.8708999156952	-9.1976570494798
2.8756000995636	-9.0845117704755
2.8803000450134	-8.9737214247713
2.8849999904633	-8.8649481128111
2.8896999359131	-8.7579895920028
2.8943998813629	-8.6527868298412
2.8991000652313	-8.5494299187550
2.9038000106812	-8.4481115859952
2.9084999561310	-8.3490806159655
2.9131999015808	-8.2525424663412
2.9179000854492	-8.1586213231369
2.9226000308990	-8.0673036419420
2.9272999763489	-7.9784484556878
2.9319999217987	-7.8917948654205
2.9367001056671	-7.8070333118217
2.9414000511169	-7.7238731172220
2.9460999965668	-7.6420835425842
2.9507999420166	-7.5615696096683
2.9554998874664	-7.4823611135599
2.9602000713348	-7.4046118835774
2.9649000167847	-7.3285420468947
2.9695999622345	-7.2543860076873
2.9742999076843	-7.1823155010523
2.9790000915527	-7.1124096100215
2.9837000370026	-7.0446170267237
2.9883999824524	-6.9787742439075
2.9930999279022	-6.9146338450617
2.9978001117706	-6.8519269490194
3.0025000572205	-6.7904260948762
3.0072000026703	-6.7299870851509
3.0118999481201	-6.6705825022738
3.0165998935699	-6.6123108253325
3.0213000774384	-6.5553485018926
3.0260000228882	-6.4999093418195
3.0306999683380	-6.4461941569335
3.0353999137878	-6.3943273950491
3.0401000976562	-6.3443236889430
3.0448000431061	-6.2960871933520
3.0494999885559	-6.2494295000913
3.0541999340057	-6.2041151629620
3.0589001178741	-6.1599089803529
3.0636000633240	-6.1166436472835
3.0683000087738	-6.0742467443508
3.0729999542236	-6.0327502907392
3.0776998996735	-5.9922860503030
3.0824000835419	-5.9530439051598
3.0871000289917	-5.9152190577619
3.0917999744415	-5.8789600078114
3.0964999198914	-5.8443291317870
3.1012001037598	-5.8112830264841
3.1059000492096	-5.7796836096479
3.1105999946594	-5.7493230521786
3.1152999401093	-5.7199785042207
3.1199998855591	-5.6914609674957
3.1247000694275	-5.6636573721360
3.1294000148773	-5.6365564886755
3.1340999603271	-5.6102449149897
3.1387999057770	-5.5848781465133
3.1435000896454	-5.5606466691943
3.1482000350952	-5.5377095848989
3.1528999805450	-5.5161665373589
3.1575999259949	-5.4960158550896
3.1623001098633	-5.4771652637076
3.1670000553131	-5.4594290747497
3.1717000007629	-5.4425991895788
3.1763999462128	-5.4264662906114
3.1810998916626	-5.4108854664248
3.1858000755310	-5.3957984968295
3.1905000209808	-5.3812405303920
3.1951999664307	-5.3673348735978
3.1998999118805	-5.3542493690867
3.2046000957489	-5.3421490012235
3.2093000411987	-5.3311505727176
3.2139999866486	-5.3212886254673
3.2186999320984	-5.3124956713654
3.2234001159668	-5.3046166265145
3.2281000614166	-5.2974439290609
3.2328000068665	-5.2907496328405
3.2374999523163	-5.2843435212300
3.2421998977661	-5.2781117103196
3.2469000816345	-5.2720334829247
3.2516000270844	-5.2661701617460
3.2562999725342	-5.2606481622374
3.2609999179840	-5.2556051404276
3.2657001018524	-5.2511530873150
3.2704000473022	-5.2473272517498
3.2750999927521	-5.2440650255241
3.2797999382019	-5.2412087023421
3.2844998836517	-5.2385257709910
3.2892000675201	-5.2357522885323
3.2939000129700	-5.2326329111300
3.2985999584198	-5.2289729063694
3.3032999038696	-5.2246616019878
3.3080000877380	-5.2196719168794
3.3127000331879	-5.2140486871954
3.3173999786377	-5.2078667505442
3.3220999240875	-5.2011810569206
3.3268001079559	-5.1939863647007
3.3315000534058	-5.1861843781409
3.3361999988556	-5.1775775544754
3.3408999443054	-5.1678837701780
3.3455998897552	-5.1567760212861
3.3503000736237	-5.1439325858266
3.3550000190735	-5.1290726566270
3.3596999645233	-5.1120037052648
3.3643999099731	-5.0926288809699
3.3691000938416	-5.0709378865255
3.3738000392914	-5.0469762060806
3.3784999847412	-5.0207944498344
3.3831999301910	-4.9924130394745
3.3879001140594	-4.9617848440770
3.3926000595093	-4.9287849509605
3.3973000049591	-4.8932257913524
3.4019999504089	-4.8548920765171
3.4066998958588	-4.8135878985094
3.4114000797272	-4.7691845690961
3.4161000251770	-4.7216656307075
3.4207999706268	-4.6711307784388
3.4254999160767	-4.6178085744496
3.4302000999451	-4.5620076601268
3.4349000453949	-4.5040825200261
3.4395999908447	-4.4443853712126
3.4442999362946	-4.3832323189439
3.4489998817444	-4.3208729439167
3.4537000656128	-4.2575077640216
3.4584000110626	-4.1932981938542
3.4630999565125	-4.1284107820813
3.4677999019623	-4.0630487154917
3.4725000858307	-3.9974856884397
3.4772000312805	-3.9320788353718
3.4818999767303	-3.8672577261953
3.4865999221802	-3.8034983036460
3.4913001060486	-3.7412793227846
3.4960000514984	-3.6810441051144
3.5006999969482	-3.6231587468237
3.5053999423981	-3.5678884137775
3.5100998878479	-3.5154030787054
3.5148000717163	-3.4657779591491
3.5195000171661	-3.4190413846575
3.5241999626160	-3.3751998898476
3.5288999080658	-3.3342727168897
3.5336000919342	-3.2963200229806
3.5383000373840	-3.2614506240440
3.5429999828339	-3.2298008527361
3.5476999282837	-3.2015179855211
3.5524001121521	-3.1767390262276
3.5571000576019	-3.1555359105723
3.5618000030518	-3.1379146633316
3.5664999485016	-3.1237978682607
3.5711998939514	-3.1130375302626
3.5759000778198	-3.1054360205336
3.5806000232697	-3.1007812800864
3.5852999687195	-3.0988762102384
3.5899999141693	-3.0995737303541
3.5947000980377	-3.1027895635665
3.5994000434875	-3.1085001790207
3.6040999889374	-3.1167300450442
3.6087999343872	-3.1275208037162
3.6135001182556	-3.1409069245011
3.6182000637054	-3.1568777971389
3.6229000091553	-3.1753690174793
3.6275999546051	-3.1962482042232
3.6322999000549	-3.2193435246128
3.6370000839233	-3.2444524064970
3.6417000293732	-3.2713823082802
3.6463999748230	-3.2999765874044
3.6510999202728	-3.3301457692430
3.6558001041412	-3.3618646226534
3.6605000495911	-3.3951737161024
3.6651999950409	-3.4301521628404
3.6698999404907	-3.4668862931696
3.6745998859406	-3.5054435202078
3.6793000698090	-3.5458360587646
3.6840000152588	-3.5880166940374
3.6886999607086	-3.6318702911823
3.6933999061584	-3.6772439655047
3.6981000900269	-3.7239670758237
3.7028000354767	-3.7718889129219
3.7074999809265	-3.8209094836774
3.7121999263763	-3.8709925223897
3.7169001102448	-3.9221753190872
3.7216000556946	-3.9745465246998
3.7263000011444	-4.0282234765941
3.7309999465942	-4.0833117398665
3.7356998920441	-4.1398738621315
3.7404000759125	-4.1979056943918
3.7451000213623	-4.2573248412588
3.7497999668121	-4.3179868740248
3.7544999122620	-4.3797033787870
3.7592000961304	-4.4422841296577
3.7639000415802	-4.5055696767195
3.7685999870300	-4.5694608999786
3.7732999324799	-4.6339320013482
3.7780001163483	-4.6990261385383
3.7827000617981	-4.7648248718679
3.7874000072479	-4.8314166385565
3.7920999526978	-4.8988568339680
3.7967998981476	-4.9671269613538
3.8015000820160	-5.0361234466209
3.8062000274658	-5.1056564957921
3.8108999729156	-5.1754689048738
3.8155999183655	-5.2452767015143
3.8203001022339	-5.3148123180883
3.8250000476837	-5.3838617447180
3.8296999931335	-5.4522937114212
3.8343999385834	-5.5200561513553
3.8390998840332	-5.5871611164487
3.8438000679016	-5.6536472635835
3.8485000133514	-5.7195290028009
3.8531999588013	-5.7847576985172
3.8578999042511	-5.8491880123650
3.8626000881195	-5.9125759687833
3.8673000335693	-5.9746001295933
3.8719999790192	-6.0348990301956
3.8766999244690	-6.0931300675091
3.8814001083374	-6.1490153933575
3.8861000537872	-6.2023835865745
3.8907999992371	-6.2531822085734
3.8954999446869	-6.3014564299555
3.9001998901367	-6.3473121533195
3.9049000740051	-6.3908645157045
3.9096000194550	-6.4321755514052
3.9142999649048	-6.4712226449098
3.9189999103546	-6.5078837982056
3.9237000942230	-6.5419528846564
3.9284000396729	-6.5731926174456
3.9330999851227	-6.6013830321173
3.9377999305725	-6.6263919909216
3.9425001144409	-6.6482102520959
3.9472000598907	-6.6669688477498
3.9519000053406	-6.6829288953194
3.9565999507904	-6.6964252344170
3.9612998962402	-6.7078085591654
3.9660000801086	-6.7173828319829
3.9707000255585	-6.7253544646017
3.9753999710083	-6.7318132166440
3.9800999164581	-6.7367471830762
3.9848001003265	-6.7400832950897
3.9895000457764	-6.7417476336753
3.9941999912262	-6.7417287767930
3.9988999366760	-6.7401230624169
4.0036001205444	-6.7371541008192
4.0082998275757	-6.7331603753278
4.0130000114441	-6.7285501379262
4.0177001953125	-6.7237412648710
4.0223999023438	-6.7190955019777
4.0271000862122	-6.7148627389879
4.0317997932434	-6.7111651170021
4.0364999771118	-6.7079926049463
4.0412001609802	-6.7052533105866
4.0458998680115	-6.7028224953891
4.0506000518799	-6.7006089383996
4.0553002357483	-6.6986144432159
4.0599999427795	-6.6969508156806
4.0647001266479	-6.6958478638209
4.0693998336792	-6.6956160141607
4.0741000175476	-6.6965876380741
4.0788002014160	-6.6990563536179
4.0834999084473	-6.7032201908697
4.0882000923157	-6.7091478449197
4.0928997993469	-6.7167762463039
4.0975999832153	-6.7259385715290
4.1023001670837	-6.7364190457869
4.1069998741150	-6.7480145685052
4.1117000579834	-6.7605999351448
4.1163997650146	-6.7741596185351
4.1210999488831	-6.7888078224872
4.1258001327515	-6.8047593357512
4.1304998397827	-6.8222821921046
4.1352000236511	-6.8416317926532
4.1399002075195	-6.8629870919123
4.1445999145508	-6.8864090334332
4.1493000984192	-6.9118183405177
4.1539998054504	-6.9390111551230
4.1586999893188	-6.9677106559475
4.1634001731873	-6.9976241605053
4.1680998802185	-7.0285218127362
4.1728000640869	-7.0602787374160
4.1774997711182	-7.0929109740191
4.1821999549866	-7.1265638334203
4.1869001388550	-7.1614750363476
4.1915998458862	-7.1979008785393
4.1963000297546	-7.2360545622608
4.2010002136230	-7.2760424592195
4.2056999206543	-7.3178268742297
4.2104001045227	-7.3612306536143
4.2150998115540	-7.4059752614847
4.2197999954224	-7.4517415491990
4.2245001792908	-7.4982538257954
4.2291998863220	-7.5453459137017
4.2339000701904	-7.5930136259281
4.2385997772217	-7.6414224846224
4.2432999610901	-7.6908879845621
4.2480001449585	-7.7418066633251
4.2526998519897	-7.7945863031928
4.2574000358582	-7.8495665410182
4.2621002197266	-7.9069736730025
4.2667999267578	-7.9668920017044
4.2715001106262	-8.0292934143989
4.2761998176575	-8.0940878912684
4.2809000015259	-8.1611979968903
4.2856001853943	-8.2306423791298
4.2902998924255	-8.3025829978165
4.2950000762939	-8.3773524547532
4.2996997833252	-8.4554232201387
4.3043999671936	-8.5373459788008
4.3091001510620	-8.6236560671895
4.3137998580933	-8.7147740898335
4.3185000419617	-8.8109155390911
4.3232002258301	-8.9120522255177
4.3278999328613	-9.0179012728976
4.3326001167297	-9.1279847379012
4.3372998237610	-9.2417114349467
4.3420000076294	-9.3584942080935
4.3467001914978	-9.4778567103116
4.3513998985291	-9.5995135254081
4.3561000823975	-9.7233939008362
4.3607997894287	-9.8496183478362
4.3654999732971	-9.9784114052202
4.3702001571655	-10.109995648185
4.3748998641968	-10.244469062497
4.3796000480652	-10.381724439939
4.3843002319336	-10.521412199717
4.3889999389648	-10.662974317848
4.3937001228333	-10.805739181266
4.3983998298645	-10.949052881842
4.4031000137329	-11.092426552724
4.4078001976013	-11.235649230834
4.4124999046326	-11.378837840558
4.4172000885010	-11.522404844156
4.4218997955322	-11.666946017733
4.4265999794006	-11.813079898953
4.4313001632690	-11.961270132231
4.4359998703003	-12.111679039557
4.4407000541687	-12.264095919940
4.4454002380371	-12.417958729982
4.4500999450684	-12.572467617089
4.4548001289368	-12.726772594734
4.4594998359680	-12.880181837084
4.4642000198364	-13.032344181968
4.4689002037048	-13.183340733495
4.4735999107361	-13.333661027662
4.4783000946045	-13.484065768060
4.4829998016357	-13.635357023484
4.4876999855042	-13.788121927631
4.4924001693726	-13.942524020531
4.4970998764038	-14.098175089392
4.5018000602722	-14.254163184569
4.5064997673035	-14.409203508781
4.5111999511719	-14.561907535814
4.5159001350403	-14.711100020646
4.5205998420715	-14.856073075554
4.5253000259399	-14.996738083477
4.5300002098083	-15.133583901796
4.5346999168396	-15.267479443902
4.5394001007080	-15.399317813046
4.5440998077393	-15.529666122792
4.5487999916077	-15.658457707174
4.5535001754761	-15.784843722166
4.5581998825073	-15.907268458471
4.5629000663757	-16.023737189656
4.5675997734070	-16.132218008633
4.5722999572754	-16.231121410854
4.5770001411438	-16.319629055635
4.5816998481750	-16.397846464796
4.5864000320435	-16.466677645703
4.5911002159119	-16.527449973303
4.5957999229431	-16.581426953514
4.6005001068115	-16.629335069917
4.6051998138428	-16.671038578377
4.6098999977112	-16.705493302916
4.6146001815796	-16.730967812528
4.6192998886108	-16.745500656118
4.6240000724792	-16.747469709633
4.6286997795105	-16.736093785174
4.6333999633789	-16.711703269560
4.6381001472473	-16.675719615125
4.6427998542786	-16.630289373978
4.6475000381470	-16.577759819159
4.6522002220154	-16.520092293941
4.6568999290466	-16.458427665285
4.6616001129150	-16.392906247080
4.6662998199463	-16.322775440852
4.6710000038147	-16.246746132757
4.6757001876831	-16.163538909745
4.6803998947144	-16.072393072100
4.6851000785828	-15.973436951378
4.6897997856140	-15.867814372411
4.6944999694824	-15.757485853576
4.6992001533508	-15.644834187860
4.7038998603821	-15.532131283722
4.7086000442505	-15.421085620249
4.7133002281189	-15.312529685121
4.7179999351501	-15.206345461853
4.7227001190186	-15.101656303115
4.7273998260498	-14.997176642915
4.7321000099182	-14.891683610116
4.7368001937866	-14.784448222600
4.7414999008179	-14.675522401369
4.7462000846863	-14.565804168145
4.7508997917175	-14.456869419605
4.7555999755859	-14.350614285590
4.7603001594543	-14.248828294587
4.7649998664856	-14.152811501406
4.7697000503540	-14.063074845917
4.7744002342224	-13.979322640758
4.7790999412537	-13.900558435901
4.7838001251221	-13.825385370761
4.7884998321533	-13.752431099153
4.7932000160217	-13.680693793237
4.7979001998901	-13.609850452742
4.8025999069214	-13.540354351037
4.8073000907898	-13.473306480953
4.8119997978210	-13.410164750872
4.8166999816895	-13.352358128875
4.8214001655579	-13.300923309061
4.8260998725891	-13.256184715726
4.8308000564575	-13.217665307453
4.8354997634888	-13.184161224328
4.8401999473572	-13.153971997593
4.8449001312256	-13.125307895410
4.8495998382568	-13.096670591086
4.8543000221252	-13.067189680401
4.8590002059937	-13.036791749120
4.8636999130249	-13.006145160532
4.8684000968933	-12.976417194074
4.8730998039246	-12.948883687541
4.8777999877930	-12.924522312000
4.8825001716614	-12.903689169828
4.8871998786926	-12.885921836467
4.8919000625610	-12.870013485233
4.8965997695923	-12.854231198671
4.9012999534607	-12.836729424553
4.9060001373291	-12.815984832664
4.9106998443604	-12.791183730768
4.9154000282288	-12.762437181776
4.9201002120972	-12.730728950952
4.9247999191284	-12.697672654134
4.9295001029968	-12.665065956295
4.9341998100281	-12.634438355872
4.9388999938965	-12.606651932696
4.9436001777649	-12.581689561758
4.9482998847961	-12.558679520929
4.9530000686646	-12.536114205175
4.9576997756958	-12.512266644154
4.9623999595642	-12.485648755982
4.9671001434326	-12.455410488587
4.9717998504639	-12.421552951151
4.9765000343323	-12.384896607812
4.9812002182007	-12.346793155759
4.9858999252319	-12.308656341488
4.9906001091003	-12.271460627630
4.9952998161316	-12.235297914355
5.0000000000000	-12.199145439466
#Parameters = {R_fat=48; R_glandular=38; R_skin_outer=50; T10=5; T15=7.5; T5=2.5; T_rad=4; T_x=10; T_y=0; T_z=75; Zc=65; skin_thickness=2; Mesh Pass=4}
#"Frequency / GHz"	"S1,1 (Mesh Pass=4) [Magnitude / dB]"
#-------------------------------------------------------
0.30000001192093	-17.791761062032
0.30469998717308	-17.437972376589
0.30939999222755	-16.877963358408
0.31409999728203	-16.339998898792
0.31880000233650	-15.989524451056
0.32350000739098	-15.930222582239
0.32820001244545	-16.238828985840
0.33289998769760	-17.002573777465
0.33759999275208	-18.365688055754
0.34229999780655	-20.619722219799
0.34700000286102	-24.429772264152
0.35170000791550	-30.191898968744
0.35640001296997	-26.259732598824
0.36109998822212	-20.301723052388
0.36579999327660	-16.404216822629
0.37049999833107	-13.641822632927
0.37520000338554	-11.590353229677
0.37990000844002	-10.053025459933
0.38460001349449	-8.9247594443121
0.38929998874664	-8.1397539335845
0.39399999380112	-7.6494981208093
0.39869999885559	-7.4139751793197
0.40340000391006	-7.3990399023356
0.40810000896454	-7.5761295879942
0.41280001401901	-7.9220623895717
0.41749998927116	-8.4176420757771
0.42219999432564	-9.0442037046918
0.42689999938011	-9.7771913198649
0.43160000443459	-10.576051881584
0.43630000948906	-11.371963719882
0.44100001454353	-12.062379139971
0.44569998979568	-12.532068139306
0.45039999485016	-12.710023509191
0.45509999990463	-12.620199629794
0.45980000495911	-12.365974015434
0.46450001001358	-12.066953348611
0.46919998526573	-11.813153643647
0.47389999032021	-11.655653210928
0.47859999537468	-11.615053165079
0.48330000042915	-11.691262014757
0.48800000548363	-11.869119969642
0.49270001053810	-12.120008854068
0.49739998579025	-12.401833586101
0.50209999084473	-12.661256803715
0.50679999589920	-12.842691629520
0.51150000095367	-12.904938840679
0.51620000600815	-12.837739742592
0.52090001106262	-12.665583699291
0.52560001611710	-12.435177900004
0.53030002117157	-12.196723247218
0.53500002622604	-11.990537209380
0.53969997167587	-11.842043025339
0.54439997673035	-11.762021010121
0.54909998178482	-11.748472839673
0.55379998683929	-11.788305611628
0.55849999189377	-11.858854799649
0.56319999694824	-11.930351341718
0.56790000200272	-11.970757252115
0.57260000705719	-11.953220324061
0.57730001211166	-11.863943181510
0.58200001716614	-11.706387285446
0.58670002222061	-11.499142291546
0.59140002727509	-11.268851017465
0.59609997272491	-11.042291140583
0.60079997777939	-10.840739327410
0.60549998283386	-10.677313644597
0.61019998788834	-10.556394853070
0.61489999294281	-10.474088641080
0.61959999799728	-10.419254056652
0.62430000305176	-10.375233803147
0.62900000810623	-10.322677502267
0.63370001316071	-10.243510953353
0.63840001821518	-10.125287947375
0.64310002326965	-9.9643912159861
0.64780002832413	-9.7666129434788
0.65249997377396	-9.5448911842797
0.65719997882843	-9.3154082975715
0.66189998388290	-9.0936435494058
0.66659998893738	-8.8915092248759
0.67129999399185	-8.7157851091777
0.67599999904633	-8.5675988162190
0.68070000410080	-8.4426701214883
0.68540000915527	-8.3322303384055
0.69010001420975	-8.2246311634949
0.69480001926422	-8.1076477741963
0.69950002431870	-7.9711136634548
0.70420002937317	-7.8092805241756
0.70889997482300	-7.6220451527521
0.71359997987747	-7.4146730427220
0.71829998493195	-7.1961601340228
0.72299998998642	-6.9769416500146
0.72769999504089	-6.7666460812243
0.73240000009537	-6.5724007464207
0.73710000514984	-6.3978068284610
0.74180001020432	-6.2425759665726
0.74650001525879	-6.1027633977807
0.75120002031326	-5.9715807960373
0.75590002536774	-5.8407358570673
0.76059997081757	-5.7021564474798
0.76529997587204	-5.5497574236111
0.76999998092651	-5.3807782321081
0.77469998598099	-5.1963268297263
0.77939999103546	-5.0009611594219
0.78409999608994	-4.8015251307785
0.78880000114441	-4.6055973803751
0.79350000619888	-4.4199892459882
0.79820001125336	-4.2495373170672
0.80290001630783	-4.0963488878956
0.80760002136230	-3.9595162909938
0.81230002641678	-3.8353796857674
0.81699997186661	-3.7182487844111
0.82169997692108	-3.6015773879191
0.82639998197556	-3.4793732894636
0.83109998703003	-3.3475373185466
0.83579999208450	-3.2048142062032
0.84049999713898	-3.0530643760133
0.84520000219345	-2.8968560571232
0.84990000724792	-2.7424531843735
0.85460001230240	-2.5965446330351
0.85930001735687	-2.4649611690278
0.86400002241135	-2.3516231790828
0.86870002746582	-2.2578658803914
0.87339997291565	-2.1822394697161
0.87809997797012	-2.1208137595092
0.88279998302460	-2.0679718505139
0.88749998807907	-2.0176276439768
0.89219999313354	-1.9645994007288
0.89689999818802	-1.9059037461018
0.90160000324249	-1.8415839119123
0.90630000829697	-1.7748871601084
0.91100001335144	-1.7117248042484
0.91570001840591	-1.6595920869923
0.92040002346039	-1.6261802817156
0.92510002851486	-1.6180156884338
0.92979997396469	-1.6393786617961
0.93449997901917	-1.6916300876995
0.93919998407364	-1.7731388170591
0.94389998912811	-1.8797602254612
0.94859999418259	-2.0059280908902
0.95329999923706	-2.1462034832709
0.95800000429153	-2.2970685492162
0.96270000934601	-2.4586292325288
0.96740001440048	-2.6358411606908
0.97210001945496	-2.8389435447714
0.97680002450943	-3.0830751091376
0.98150002956390	-3.3872658759753
0.98619997501373	-3.7733387296562
0.99089998006821	-4.2652027207494
0.99559998512268	-4.8891730645784
1.0003000497818	-5.6758139486402
1.0049999952316	-6.6641234074112
1.0096999406815	-7.9096959562388
1.0144000053406	-9.5010493140777
1.0190999507904	-11.596231788031
1.0238000154495	-14.521950919659
1.0284999608994	-19.131414186918
1.0332000255585	-28.588715996359
1.0378999710083	-24.272641620668
1.0426000356674	-17.058316296193
1.0472999811172	-13.093668771785
1.0520000457764	-10.410750396253
1.0566999912262	-8.4206685215866
1.0614000558853	-6.8759616000803
1.0661000013351	-5.6504343313263
1.0707999467850	-4.6706809429063
1.0755000114441	-3.8888699415465
1.0801999568939	-3.2700615262286
1.0849000215530	-2.7858148409230
1.0895999670029	-2.4110234570236
1.0943000316620	-2.1226399190051
1.0989999771118	-1.8995882389833
1.1037000417709	-1.7233486369792
1.1083999872208	-1.5787651047289
1.1131000518799	-1.4546989764760
1.1177999973297	-1.3442643466785
1.1224999427795	-1.2444922883339
1.1272000074387	-1.1554609364381
1.1318999528885	-1.0791061234342
1.1366000175476	-1.0179402120523
1.1412999629974	-0.97394401861373
1.1460000276566	-0.94781749543740
1.1506999731064	-0.93863130313347
1.1554000377655	-0.94388458240891
1.1600999832153	-0.95990348833004
1.1648000478745	-0.98246943454723
1.1694999933243	-1.0075233741052
1.1742000579834	-1.0318306302765
1.1789000034332	-1.0534639623435
1.1835999488831	-1.0719992269047
1.1883000135422	-1.0883924586373
1.1929999589920	-1.1045993529562
1.1977000236511	-1.1229937503514
1.2023999691010	-1.1457936200537
1.2071000337601	-1.1745402729832
1.2117999792099	-1.2098041830710
1.2165000438690	-1.2510956385120
1.2211999893188	-1.2970081185285
1.2259000539780	-1.3455323144994
1.2305999994278	-1.3944918103287
1.2352999448776	-1.4419689388449
1.2400000095367	-1.4866934216009
1.2446999549866	-1.5282585954590
1.2494000196457	-1.5671408308682
1.2540999650955	-1.6045549690214
1.2588000297546	-1.6421247756831
1.2634999752045	-1.6815124693507
1.2682000398636	-1.7240519519342
1.2728999853134	-1.7704857879620
1.2776000499725	-1.8208384413464
1.2822999954224	-1.8744516919394
1.2869999408722	-1.9301466539143
1.2917000055313	-1.9864956800240
1.2963999509811	-2.0421401962377
1.3011000156403	-2.0960637162760
1.3057999610901	-2.1478152603538
1.3105000257492	-2.1975733095853
1.3151999711990	-2.2460860160070
1.3199000358582	-2.2944973034641
1.3245999813080	-2.3440810555932
1.3293000459671	-2.3959701366171
1.3339999914169	-2.4509356262212
1.3387000560760	-2.5092412976899
1.3434000015259	-2.5706250914205
1.3480999469757	-2.6343806717659
1.3528000116348	-2.6995316502314
1.3574999570847	-2.7650513112809
1.3622000217438	-2.8300969749261
1.3668999671936	-2.8941921282364
1.3716000318527	-2.9573256129494
1.3762999773026	-3.0199597886305
1.3810000419617	-3.0829229201602
1.3856999874115	-3.1472385548858
1.3904000520706	-3.2139159080282
1.3950999975204	-3.2837582846435
1.3997999429703	-3.3572155186394
1.4045000076294	-3.4343241244783
1.4091999530792	-3.5147261520510
1.4139000177383	-3.5977810773533
1.4185999631882	-3.6827101578205
1.4233000278473	-3.7687918368081
1.4279999732971	-3.8555278948195
1.4327000379562	-3.9427702043046
1.4373999834061	-4.0307620393449
1.4421000480652	-4.1201100551488
1.4467999935150	-4.2116758673027
1.4515000581741	-4.3064175490574
1.4562000036240	-4.4052163106307
1.4608999490738	-4.5087335228686
1.4656000137329	-4.6173017546264
1.4702999591827	-4.7308953730447
1.4750000238419	-4.8491707274776
1.4796999692917	-4.9715639781705
1.4844000339508	-5.0974403484560
1.4890999794006	-5.2262539201137
1.4938000440598	-5.3576962487550
1.4984999895096	-5.4917947616524
1.5032000541687	-5.6289440587622
1.5078999996185	-5.7698669974673
1.5125999450684	-5.9155050715618
1.5173000097275	-6.0668673439736
1.5219999551773	-6.2248690125530
1.5267000198364	-6.3901839373695
1.5313999652863	-6.5631492868674
1.5361000299454	-6.7437324364113
1.5407999753952	-6.9315693555844
1.5455000400543	-7.1260673281429
1.5501999855042	-7.3265647684775
1.5549000501633	-7.5325025509380
1.5595999956131	-7.7435931766912
1.5642999410629	-7.9599351939573
1.5690000057220	-8.1820537846393
1.5736999511719	-8.4108604602571
1.5784000158310	-8.6475245671998
1.5830999612808	-8.8932928247294
1.5878000259399	-9.1492926912364
1.5924999713898	-9.4163399519083
1.5972000360489	-9.6948164272838
1.6018999814987	-9.9846127262908
1.6066000461578	-10.285174215045
1.6112999916077	-10.595648416522
1.6160000562668	-10.915086540301
1.6207000017166	-11.242709196567
1.6253999471664	-11.578139594919
1.6301000118256	-11.921581069414
1.6347999572754	-12.273876910166
1.6395000219345	-12.636450948039
1.6441999673843	-13.011101258776
1.6489000320435	-13.399738286115
1.6535999774933	-13.804050849873
1.6583000421524	-14.225221314530
1.6629999876022	-14.663716025220
1.6677000522614	-15.119168154776
1.6723999977112	-15.590457403972
1.6770999431610	-16.075888128155
1.6818000078201	-16.573503176945
1.6864999532700	-17.081491520889
1.6912000179291	-17.598483241949
1.6958999633789	-18.123825599333
1.7006000280380	-18.657570068616
1.7052999734879	-19.200248837428
1.7100000381470	-19.752412024288
1.7146999835968	-20.313942769255
1.7194000482559	-20.883312858854
1.7240999937057	-21.456819066946
1.7288000583649	-22.027967661309
1.7335000038147	-22.587049484537
1.7381999492645	-23.121156893440
1.7429000139236	-23.614708837939
1.7475999593735	-24.050650779938
1.7523000240326	-24.412410942344
1.7569999694824	-24.686189224944
1.7617000341415	-24.863391084451
1.7663999795914	-24.942221057583
1.7711000442505	-24.928081224777
1.7757999897003	-24.832516767842
1.7805000543594	-24.671141700412
1.7851999998093	-24.461117401714
1.7898999452591	-24.218872302474
1.7946000099182	-23.958524397295
1.7992999553680	-23.690947303173
1.8040000200272	-23.423562189806
1.8086999654770	-23.160637257434
1.8134000301361	-22.903894217783
1.8180999755859	-22.653386108013
1.8228000402451	-22.408362178776
1.8274999856949	-22.168168661207
1.8322000503540	-21.932813471875
1.8368999958038	-21.703350826777
1.8415999412537	-21.481814065555
1.8463000059128	-21.270960325084
1.8509999513626	-21.073716371686
1.8557000160217	-20.892707638813
1.8603999614716	-20.729702489933
1.8651000261307	-20.585342357735
1.8697999715805	-20.459023364934
1.8745000362396	-20.348984495023
1.8791999816895	-20.252627383219
1.8839000463486	-20.166947455351
1.8885999917984	-20.089047889558
1.8933000564575	-20.016640124490
1.8980000019073	-19.948414381596
1.9026999473572	-19.884183426079
1.9074000120163	-19.824811904770
1.9120999574661	-19.771932519893
1.9168000221252	-19.727491431272
1.9214999675751	-19.693299864897
1.9262000322342	-19.670582612084
1.9308999776840	-19.659710065502
1.9356000423431	-19.660061612784
1.9402999877930	-19.670079895034
1.9450000524521	-19.687494571141
1.9496999979019	-19.709666101986
1.9543999433517	-19.733992013982
1.9591000080109	-19.758290131594
1.9637999534607	-19.781108161507
1.9685000181198	-19.801843076606
1.9731999635696	-19.820700669621
1.9779000282288	-19.838476295569
1.9825999736786	-19.856202918874
1.9873000383377	-19.874779507790
1.9919999837875	-19.894617775388
1.9967000484467	-19.915398792718
2.0013999938965	-19.935951556583
2.0060999393463	-19.954291595959
2.0107998847961	-19.967795948490
2.0155000686646	-19.973491617632
2.0202000141144	-19.968414857571
2.0248999595642	-19.949981377896
2.0295999050140	-19.916286906601
2.0343000888824	-19.866310659680
2.0390000343323	-19.799957645974
2.0436999797821	-19.717946982188
2.0483999252319	-19.621598249455
2.0531001091003	-19.512519066417
2.0578000545502	-19.392318049738
2.0625000000000	-19.262341254046
2.0671999454498	-19.123498864146
2.0718998908997	-18.976219285368
2.0766000747681	-18.820481027575
2.0813000202179	-18.655983901432
2.0859999656677	-18.482341942224
2.0906999111176	-18.299355777235
2.0954000949860	-18.107231519477
2.1001000404358	-17.906730809895
2.1047999858856	-17.699202426018
2.1094999313354	-17.486551270035
2.1142001152039	-17.271021721018
2.1189000606537	-17.054974192117
2.1236000061035	-16.840605913938
2.1282999515533	-16.629734862901
2.1329998970032	-16.423600955489
2.1377000808716	-16.222822340248
2.1424000263214	-16.027410090422
2.1470999717712	-15.836910543710
2.1517999172211	-15.650615074965
2.1565001010895	-15.467783146743
2.1612000465393	-15.287875135288
2.1658999919891	-15.110741924558
2.1705999374390	-14.936693697324
2.1752998828888	-14.766481638458
2.1800000667572	-14.601177134080
2.1847000122070	-14.441978913271
2.1893999576569	-14.289991639401
2.1940999031067	-14.146037529982
2.1988000869751	-14.010500339163
2.2035000324249	-13.883278182479
2.2081999778748	-13.763810212305
2.2128999233246	-13.651217562115
2.2176001071930	-13.544471460250
2.2223000526428	-13.442620220158
2.2269999980927	-13.344966464465
2.2316999435425	-13.251218639628
2.2363998889923	-13.161521017138
2.2411000728607	-13.076414462218
2.2458000183105	-12.996697332553
2.2504999637604	-12.923236312437
2.2551999092102	-12.856763738076
2.2599000930786	-12.797723394449
2.2646000385284	-12.746155811478
2.2692999839783	-12.701681877267
2.2739999294281	-12.663582498761
2.2787001132965	-12.630931650801
2.2834000587463	-12.602797143102
2.2881000041962	-12.578414268663
2.2927999496460	-12.557357279705
2.2974998950958	-12.539603420091
2.3022000789642	-12.525533936055
2.3069000244141	-12.515838404630
2.3115999698639	-12.511354144241
2.3162999153137	-12.512867859055
2.3210000991821	-12.520950055691
2.3257000446320	-12.535833589217
2.3303999900818	-12.557351017500
2.3350999355316	-12.584983747549
2.3397998809814	-12.617974263451
2.3445000648499	-12.655492674452
2.3492000102997	-12.696828623740
2.3538999557495	-12.741545165934
2.3585999011993	-12.789605288392
2.3633000850677	-12.841359864034
2.3680000305176	-12.897515997137
2.3726999759674	-12.958969917110
2.3773999214172	-13.026643772945
2.3821001052856	-13.101289982716
2.3868000507355	-13.183361401505
2.3914999961853	-13.272927807858
2.3961999416351	-13.369693604587
2.4008998870850	-13.473083281938
2.4056000709534	-13.582399530045
2.4103000164032	-13.697029103007
2.4149999618530	-13.816602814880
2.4196999073029	-13.941136344950
2.4244000911713	-14.071096889915
2.4291000366211	-14.207333893119
2.4337999820709	-14.350987266192
2.4384999275208	-14.503292112549
2.4432001113892	-14.665385164460
2.4479000568390	-14.838134144661
2.4526000022888	-15.022035586641
2.4572999477386	-15.217191218632
2.4619998931885	-15.423372789086
2.4667000770569	-15.640192785752
2.4714000225067	-15.867300527432
2.4760999679565	-16.104606275220
2.4807999134064	-16.352471566249
2.4855000972748	-16.611829285408
2.4902000427246	-16.884202262207
2.4948999881744	-17.171616911423
2.4995999336243	-17.476429955777
2.5043001174927	-17.801110688986
2.5090000629425	-18.148056381646
2.5137000083923	-18.519411343738
2.5183999538422	-18.917024635952
2.5230998992920	-19.342495471388
2.5278000831604	-19.797364925644
2.5325000286102	-20.283409502978
2.5371999740601	-20.803032907877
2.5418999195099	-21.359676905069
2.5466001033783	-21.958255362132
2.5513000488281	-22.605544645369
2.5559999942780	-23.310472077102
2.5606999397278	-24.084385588718
2.5653998851776	-24.941294474767
2.5701000690460	-25.898028732257
2.5748000144958	-26.974268935156
2.5794999599457	-28.191733103904
2.5841999053955	-29.570179936765
2.5889000892639	-31.113395258465
2.5936000347137	-32.764959653168
2.5982999801636	-34.296421969108
2.6029999256134	-35.176012322723
2.6077001094818	-34.872818996921
2.6124000549316	-33.576777795228
2.6171000003815	-31.905270763184
2.6217999458313	-30.242604888360
2.6264998912811	-28.717395472307
2.6312000751495	-27.349858264446
2.6359000205994	-26.127641383362
2.6405999660492	-25.031905563417
2.6452999114990	-24.044858258106
2.6500000953674	-23.151253895615
2.6547000408173	-22.338216409149
2.6593999862671	-21.594718537552
2.6640999317169	-20.911109329056
2.6688001155853	-20.278887821866
2.6735000610352	-19.690579268158
2.6782000064850	-19.139749911594
2.6828999519348	-18.621076148756
2.6875998973846	-18.130359108836
2.6923000812531	-17.664522523832
2.6970000267029	-17.221428911507
2.7016999721527	-16.799731037805
2.7063999176025	-16.398560741611
2.7111001014709	-16.017255202059
2.7158000469208	-15.655110295806
2.7204999923706	-15.311206447723
2.7251999378204	-14.984317039913
2.7298998832703	-14.672928395720
2.7346000671387	-14.375335349697
2.7393000125885	-14.089814683171
2.7439999580383	-13.814785714426
2.7486999034882	-13.548977831390
2.7534000873566	-13.291544895836
2.7581000328064	-13.042059575078
2.7627999782562	-12.800477534977
2.7674999237061	-12.566984804450
2.7722001075745	-12.341853342400
2.7769000530243	-12.125252596452
2.7815999984741	-11.917139585314
2.7862999439240	-11.717171090493
2.7909998893738	-11.524717941763
2.7957000732422	-11.338939701879
2.8004000186920	-11.158902033577
2.8050999641418	-10.983725387498
2.8097999095917	-10.812716946472
2.8145000934601	-10.645471718099
2.8192000389099	-10.481890012711
2.8238999843597	-10.322144166792
2.8285999298096	-10.166580433404
2.8333001136780	-10.015589863667
2.8380000591278	-9.8694730090483
2.8427000045776	-9.7283364675542
2.8473999500275	-9.5920388893126
2.8520998954773	-9.4601857815040
2.8568000793457	-9.3322072466698
2.8615000247955	-9.2074471321893
2.8661999702454	-9.0853041228269
2.8708999156952	-8.9653308787824
2.8756000995636	-8.8473131629938
2.8803000450134	-8.7312898993301
2.8849999904633	-8.6175131342297
2.8896999359131	-8.5063749422781
2.8943998813629	-8.3982730736355
2.8991000652313	-8.2935149088931
2.9038000106812	-8.1922316058134
2.9084999561310	-8.0943183264350
2.9131999015808	-7.9994649818977
2.9179000854492	-7.9072151881815
2.9226000308990	-7.8170533862219
2.9272999763489	-7.7285219778940
2.9319999217987	-7.6413106707681
2.9367001056671	-7.5553256144793
2.9414000511169	-7.4706777744012
2.9460999965668	-7.3876658017738
2.9507999420166	-7.3066723076102
2.9554998874664	-7.2280736500866
2.9602000713348	-7.1521463115119
2.9649000167847	-7.0789802097545
2.9695999622345	-7.0084676191133
2.9742999076843	-6.9403157799870
2.9790000915527	-6.8741168597490
2.9837000370026	-6.8094315356173
2.9883999824524	-6.7458922174159
2.9930999279022	-6.6832823877812
2.9978001117706	-6.6215762437861
3.0025000572205	-6.5609427296366
3.0072000026703	-6.5016863427717
3.0118999481201	-6.4441738164582
3.0165998935699	-6.3887473225125
3.0213000774384	-6.3356226169057
3.0260000228882	-6.2848438083503
3.0306999683380	-6.2362676221007
3.0353999137878	-6.1895985241787
3.0401000976562	-6.1444473979155
3.0448000431061	-6.1004287072801
3.0494999885559	-6.0572360071303
3.0541999340057	-6.0147227131990
3.0589001178741	-5.9729219549020
3.0636000633240	-5.9320320794062
3.0683000087738	-5.8923673607010
3.0729999542236	-5.8542737764384
3.0776998996735	-5.8180440648302
3.0824000835419	-5.7838380186564
3.0871000289917	-5.7516469008215
3.0917999744415	-5.7212928301330
3.0964999198914	-5.6924655769531
3.1012001037598	-5.6647911886772
3.1059000492096	-5.6379272432993
3.1105999946594	-5.6116260200455
3.1152999401093	-5.5857994951358
3.1199998855591	-5.5605379778679
3.1247000694275	-5.5360702373904
3.1294000148773	-5.5127177041934
3.1340999603271	-5.4907997840589
3.1387999057770	-5.4705668887348
3.1435000896454	-5.4521191501648
3.1482000350952	-5.4354000013421
3.1528999805450	-5.4201859728756
3.1575999259949	-5.4061556333346
3.1623001098633	-5.3929459893905
3.1670000553131	-5.3802447614457
3.1717000007629	-5.3678635780830
3.1763999462128	-5.3557683307472
3.1810998916626	-5.3440920804254
3.1858000755310	-5.3330909085619
3.1905000209808	-5.3230851343966
3.1951999664307	-5.3143639000042
3.1998999118805	-5.3071190354618
3.2046000957489	-5.3013997117654
3.2093000411987	-5.2970768505975
3.2139999866486	-5.2938863771302
3.2186999320984	-5.2914751189616
3.2234001159668	-5.2894862877448
3.2281000614166	-5.2876305425279
3.2328000068665	-5.2857515983497
3.2374999523163	-5.2838626015709
3.2421998977661	-5.2821195995178
3.2469000816345	-5.2807801963689
3.2516000270844	-5.2801350405432
3.2562999725342	-5.2804165779717
3.2609999179840	-5.2817329218453
3.2657001018524	-5.2840274094547
3.2704000473022	-5.2870826161714
3.2750999927521	-5.2905495241509
3.2797999382019	-5.2940114729200
3.2844998836517	-5.2970822738126
3.2892000675201	-5.2994615258310
3.2939000129700	-5.3010016553088
3.2985999584198	-5.3017095993913
3.3032999038696	-5.3017239591702
3.3080000877380	-5.3012621705029
3.3127000331879	-5.3005223499714
3.3173999786377	-5.2996122352576
3.3220999240875	-5.2984971290043
3.3268001079559	-5.2969583566322
3.3315000534058	-5.2946239972062
3.3361999988556	-5.2910133834473
3.3408999443054	-5.2856247385793
3.3455998897552	-5.2780119326469
3.3503000736237	-5.2678599812775
3.3550000190735	-5.2550199631957
3.3596999645233	-5.2395074203695
3.3643999099731	-5.2214554429618
3.3691000938416	-5.2010430151044
3.3738000392914	-5.1784081603170
3.3784999847412	-5.1535894841954
3.3831999301910	-5.1264683689848
3.3879001140594	-5.0967831963149
3.3926000595093	-5.0641658388081
3.3973000049591	-5.0282174729819
3.4019999504089	-4.9885978375108
3.4066998958588	-4.9451027083547
3.4114000797272	-4.8977268710197
3.4161000251770	-4.8466630272278
3.4207999706268	-4.7922836303929
3.4254999160767	-4.7350666928047
3.4302000999451	-4.6755186083104
3.4349000453949	-4.6140899644461
3.4395999908447	-4.5511222211951
3.4442999362946	-4.4868272353973
3.4489998817444	-4.4213045175168
3.4537000656128	-4.3545948627806
3.4584000110626	-4.2867538502814
3.4630999565125	-4.2179150873238
3.4677999019623	-4.1483481395311
3.4725000858307	-4.0784800233441
3.4772000312805	-4.0088631520927
3.4818999767303	-3.9401367717993
3.4865999221802	-3.8729460944539
3.4913001060486	-3.8078653909115
3.4960000514984	-3.7453412618321
3.5006999969482	-3.6856554540167
3.5053999423981	-3.6289205297274
3.5100998878479	-3.5751222845528
3.5148000717163	-3.5241669899818
3.5195000171661	-3.4759602331370
3.5241999626160	-3.4304525064041
3.5288999080658	-3.3876903997923
3.5336000919342	-3.3478249770804
3.5383000373840	-3.3110959693295
3.5429999828339	-3.2777755691271
3.5476999282837	-3.2481208315262
3.5524001121521	-3.2223118710235
3.5571000576019	-3.2004098118035
3.5618000030518	-3.1823341972035
3.5664999485016	-3.1678817358895
3.5711998939514	-3.1567556250219
3.5759000778198	-3.1486264997492
3.5806000232697	-3.1431940568534
3.5852999687195	-3.1402350962830
3.5899999141693	-3.1396460882452
3.5947000980377	-3.1414380652761
3.5994000434875	-3.1457210962145
3.6040999889374	-3.1526552653788
3.6087999343872	-3.1623919404841
3.6135001182556	-3.1750217016802
3.6182000637054	-3.1905368046527
3.6229000091553	-3.2088090000642
3.6275999546051	-3.2296056770235
3.6322999000549	-3.2526254890117
3.6370000839233	-3.2775549802857
3.6417000293732	-3.3041316971751
3.6463999748230	-3.3321799367208
3.6510999202728	-3.3616540755793
3.6558001041412	-3.3926300237367
3.6605000495911	-3.4252764071305
3.6651999950409	-3.4598080102218
3.6698999404907	-3.4964226610240
3.6745998859406	-3.5352517016559
3.6793000698090	-3.5763116785752
3.6840000152588	-3.6194961237517
3.6886999607086	-3.6645952101360
3.6933999061584	-3.7113316816638
3.6981000900269	-3.7594253696014
3.7028000354767	-3.8086485056922
3.7074999809265	-3.8588849846118
3.7121999263763	-3.9101403659693
3.7169001102448	-3.9625518492005
3.7216000556946	-4.0163440665606
3.7263000011444	-4.0717763632644
3.7309999465942	-4.1290744177877
3.7356998920441	-4.1883744555250
3.7404000759125	-4.2496760129210
3.7451000213623	-4.3128452777611
3.7497999668121	-4.3776298858941
3.7544999122620	-4.4437077865160
3.7592000961304	-4.5107667309652
3.7639000415802	-4.5785543742906
3.7685999870300	-4.6469428702942
3.7732999324799	-4.7159455489803
3.7780001163483	-4.7857053885541
3.7827000617981	-4.8564547172713
3.7874000072479	-4.9284311617449
3.7920999526978	-5.0018180745807
3.7967998981476	-5.0766712425536
3.8015000820160	-5.1528792456490
3.8062000274658	-5.2301703456358
3.8108999729156	-5.3081397727188
3.8155999183655	-5.3863188996540
3.8203001022339	-5.4642603925710
3.8250000476837	-5.5416116956614
3.8296999931335	-5.6181739188025
3.8343999385834	-5.6939100372379
3.8390998840332	-5.7689270384299
3.8438000679016	-5.8434022931986
3.8485000133514	-5.9175026477703
3.8531999588013	-5.9912862250093
3.8578999042511	-6.0646461849502
3.8626000881195	-6.1372706308940
3.8673000335693	-6.2086773219547
3.8719999790192	-6.2782641861882
3.8766999244690	-6.3454146042569
3.8814001083374	-6.4096019890990
3.8861000537872	-6.4704771133257
3.8907999992371	-6.5279103243058
3.8954999446869	-6.5819945533027
3.9001998901367	-6.6329769548501
3.9049000740051	-6.6811675603105
3.9096000194550	-6.7268208472304
3.9142999649048	-6.7700464640606
3.9189999103546	-6.8107504357788
3.9237000942230	-6.8486394338918
3.9284000396729	-6.8832814357255
3.9330999851227	-6.9142056736873
3.9377999305725	-6.9410273239272
3.9425001144409	-6.9635608754094
3.9472000598907	-6.9818776670443
3.9519000053406	-6.9963177731060
3.9565999507904	-7.0074365367297
3.9612998962402	-7.0158880276847
3.9660000801086	-7.0223006936878
3.9707000255585	-7.0271592038592
3.9753999710083	-7.0307243766340
3.9800999164581	-7.0330155310879
3.9848001003265	-7.0338545080574
3.9895000457764	-7.0329569361659
3.9941999912262	-7.0300661493383
3.9988999366760	-7.0250647389713
4.0036001205444	-7.0180620184205
4.0082998275757	-7.0094181300929
4.0130000114441	-6.9997110955917
4.0177001953125	-6.9896387541128
4.0223999023438	-6.9798959635624
4.0271000862122	-6.9710475342339
4.0317997932434	-6.9634353001393
4.0364999771118	-6.9571339355821
4.0412001609802	-6.9519764297195
4.0458998680115	-6.9476239756169
4.0506000518799	-6.9436916602786
4.0553002357483	-6.9398673113456
4.0599999427795	-6.9360220525545
4.0647001266479	-6.9322671407805
4.0693998336792	-6.9289538244825
4.0741000175476	-6.9266016622662
4.0788002014160	-6.9257997688721
4.0834999084473	-6.9270690122622
4.0882000923157	-6.9307582046148
4.0928997993469	-6.9369676114459
4.0975999832153	-6.9455303601243
4.1023001670837	-6.9560651931125
4.1069998741150	-6.9680682714192
4.1117000579834	-6.9810428564295
4.1163997650146	-6.9946226639701
4.1210999488831	-7.0086593382553
4.1258001327515	-7.0232696860326
4.1304998397827	-7.0387986955619
4.1352000236511	-7.0557409394181
4.1399002075195	-7.0746162864631
4.1445999145508	-7.0958350510803
4.1493000984192	-7.1195967582583
4.1539998054504	-7.1458270679924
4.1586999893188	-7.1741911317206
4.1634001731873	-7.2041592030890
4.1680998802185	-7.2351216444120
4.1728000640869	-7.2665306286090
4.1774997711182	-7.2980220694777
4.1821999549866	-7.3295013096734
4.1869001388550	-7.3611540190877
4.1915998458862	-7.3934018551259
4.1963000297546	-7.4267855504724
4.2010002136230	-7.4618218912772
4.2056999206543	-7.4988705735556
4.2104001045227	-7.5380264422151
4.2150998115540	-7.5790846988711
4.2197999954224	-7.6215765111069
4.2245001792908	-7.6648629514507
4.2291998863220	-7.7082832857681
4.2339000701904	-7.7513136851654
4.2385997772217	-7.7936947196057
4.2432999610901	-7.8355013495311
4.2480001449585	-7.8771392580769
4.2526998519897	-7.9192587714544
4.2574000358582	-7.9626137718211
4.2621002197266	-8.0078985323117
4.2667999267578	-8.0556092519733
4.2715001106262	-8.1059499013002
4.2761998176575	-8.1588185856882
4.2809000015259	-8.2138753410964
4.2856001853943	-8.2706703116638
4.2902998924255	-8.3288182556094
4.2950000762939	-8.3881536816625
4.2996997833252	-8.4488487586412
4.3043999671936	-8.5114558332063
4.3091001510620	-8.5768517271687
4.3137998580933	-8.6461051283774
4.3185000419617	-8.7202897096416
4.3232002258301	-8.8002917200637
4.3278999328613	-8.8866412771547
4.3326001167297	-8.9794254470201
4.3372998237610	-9.0782735366318
4.3420000076294	-9.1824507821367
4.3467001914978	-9.2910152331111
4.3513998985291	-9.4030300325629
4.3561000823975	-9.5177550519038
4.3607997894287	-9.6348043615904
4.3654999732971	-9.7542004409431
4.3702001571655	-9.8763250533102
4.3748998641968	-10.001764866146
4.3796000480652	-10.131104932312
4.3843002319336	-10.264691694195
4.3889999389648	-10.402460604137
4.3937001228333	-10.543840942840
4.3983998298645	-10.687788869271
4.4031000137329	-10.832952302725
4.4078001976013	-10.977918882553
4.4124999046326	-11.121513969873
4.4172000885010	-11.263062706773
4.4218997955322	-11.402542953768
4.4265999794006	-11.540587702081
4.4313001632690	-11.678309583167
4.4359998703003	-11.817005145088
4.4407000541687	-11.957799839718
4.4454002380371	-12.101320458357
4.4500999450684	-12.247483407683
4.4548001289368	-12.395454737757
4.4594998359680	-12.543793296159
4.4642000198364	-12.690777333257
4.4689002037048	-12.834809789986
4.4735999107361	-12.974836363150
4.4783000946045	-13.110641248889
4.4829998016357	-13.242918405093
4.4876999855042	-13.373112013529
4.4924001693726	-13.503032954134
4.4970998764038	-13.634358167887
4.5018000602722	-13.768154000986
4.5064997673035	-13.904515223026
4.5111999511719	-14.042453804398
4.5159001350403	-14.180037904316
4.5205998420715	-14.314808098299
4.5253000259399	-14.444340884800
4.5300002098083	-14.566871376074
4.5346999168396	-14.681742661562
4.5394001007080	-14.789587277861
4.5440998077393	-14.892127002948
4.5487999916077	-14.991669209848
4.5535001754761	-15.090415403639
4.5581998825073	-15.189772232465
4.5629000663757	-15.289856059669
4.5675997734070	-15.389320361739
4.5722999572754	-15.485558138252
4.5770001411438	-15.575275590031
4.5816998481750	-15.655280105946
4.5864000320435	-15.723316221178
4.5911002159119	-15.778684561719
4.5957999229431	-15.822415345007
4.6005001068115	-15.856963747786
4.6051998138428	-15.885472456744
4.6098999977112	-15.910855755114
4.6146001815796	-15.934944165680
4.6192998886108	-15.957937182599
4.6240000724792	-15.978285322530
4.6286997795105	-15.993071931274
4.6333999633789	-15.998755737435
4.6381001472473	-15.992195413668
4.6427998542786	-15.971551790632
4.6475000381470	-15.936888895823
4.6522002220154	-15.890222816894
4.6568999290466	-15.834991334438
4.6616001129150	-15.775149699287
4.6662998199463	-15.714150262434
4.6710000038147	-15.654108085810
4.6757001876831	-15.595336525006
4.6803998947144	-15.536363388010
4.6851000785828	-15.474435564858
4.6897997856140	-15.406334824831
4.6944999694824	-15.329367853852
4.6992001533508	-15.242204105979
4.7038998603821	-15.145351195178
4.7086000442505	-15.041096705381
4.7133002281189	-14.932939446908
4.7179999351501	-14.824743574742
4.7227001190186	-14.719795441033
4.7273998260498	-14.620078099603
4.7321000099182	-14.525880020155
4.7368001937866	-14.435843014453
4.7414999008179	-14.347420190798
4.7462000846863	-14.257580676194
4.7508997917175	-14.163707951200
4.7555999755859	-14.064341891983
4.7603001594543	-13.959623928161
4.7649998664856	-13.851324423935
4.7697000503540	-13.742390376668
4.7744002342224	-13.636228865347
4.7790999412537	-13.535888894814
4.7838001251221	-13.443360929708
4.7884998321533	-13.359156526837
4.7932000160217	-13.282240546776
4.7979001998901	-13.210355194547
4.8025999069214	-13.140586821065
4.8073000907898	-13.070138230082
4.8119997978210	-12.997058274889
4.8166999816895	-12.920763508121
4.8214001655579	-12.842222327838
4.8260998725891	-12.763682135073
4.8308000564575	-12.688115652114
4.8354997634888	-12.618458463404
4.8401999473572	-12.556902857968
4.8449001312256	-12.504352108644
4.8495998382568	-12.460221547346
4.8543000221252	-12.422557221832
4.8590002059937	-12.388470471187
4.8636999130249	-12.354843366203
4.8684000968933	-12.319056732583
4.8730998039246	-12.279663963550
4.8777999877930	-12.236736518720
4.8825001716614	-12.191821239006
4.8871998786926	-12.147544982143
4.8919000625610	-12.106879450977
4.8965997695923	-12.072386993816
4.9012999534607	-12.045559883958
4.9060001373291	-12.026435122427
4.9106998443604	-12.013530885466
4.9154000282288	-12.004181649977
4.9201002120972	-11.995146848906
4.9247999191284	-11.983407110351
4.9295001029968	-11.966931584281
4.9341998100281	-11.945229096768
4.9388999938965	-11.919483774878
4.9436001777649	-11.892248678920
4.9482998847961	-11.866786979828
4.9530000686646	-11.846203106176
4.9576997756958	-11.832621156778
4.9623999595642	-11.826622857608
4.9671001434326	-11.826972027469
4.9717998504639	-11.830805827022
4.9765000343323	-11.834173603807
4.9812002182007	-11.832858838217
4.9858999252319	-11.823282847778
4.9906001091003	-11.803257452130
4.9952998161316	-11.772374479030
5.0000000000000	-11.731832997247
#Parameters = {R_fat=48; R_glandular=38; R_skin_outer=50; T10=5; T15=7.5; T5=2.5; T_rad=4; T_x=10; T_y=0; T_z=75; Zc=65; skin_thickness=2; Mesh Pass=5}
#"Frequency / GHz"	"S1,1 (Mesh Pass=5) [Magnitude / dB]"
#-------------------------------------------------------
0.30000001192093	-27.152914920319
0.30469998717308	-25.478187927062
0.30939999222755	-24.107116499990
0.31409999728203	-23.285169178706
0.31880000233650	-23.059599082352
0.32350000739098	-23.468822000080
0.32820001244545	-24.589400573585
0.33289998769760	-26.470247863681
0.33759999275208	-28.422608210424
0.34229999780655	-27.482370282065
0.34700000286102	-23.841845811724
0.35170000791550	-20.321486891804
0.35640001296997	-17.457061986618
0.36109998822212	-15.144653749893
0.36579999327660	-13.264567218664
0.37049999833107	-11.739152484688
0.37520000338554	-10.522321175178
0.37990000844002	-9.5862746104039
0.38460001349449	-8.9115000290831
0.38929998874664	-8.4801786679407
0.39399999380112	-8.2729912264593
0.39869999885559	-8.2689730119452
0.40340000391006	-8.4473313783297
0.40810000896454	-8.7898598702885
0.41280001401901	-9.2828156281972
0.41749998927116	-9.9175504841817
0.42219999432564	-10.689529052766
0.42689999938011	-11.594998729813
0.43160000443459	-12.623674205621
0.43630000948906	-13.744482505297
0.44100001454353	-14.881925774752
0.44569998979568	-15.891501891076
0.45039999485016	-16.576180597799
0.45509999990463	-16.796756079995
0.45980000495911	-16.596543700548
0.46450001001358	-16.163524840339
0.46919998526573	-15.688118281899
0.47389999032021	-15.290625020383
0.47859999537468	-15.027604520945
0.48330000042915	-14.917351304792
0.48800000548363	-14.957546776124
0.49270001053810	-15.132714062229
0.49739998579025	-15.414435472430
0.50209999084473	-15.757508536149
0.50679999589920	-16.096546298934
0.51150000095367	-16.350814865640
0.51620000600815	-16.445426231513
0.52090001106262	-16.344093358958
0.52560001611710	-16.068327036530
0.53030002117157	-15.683506298536
0.53500002622604	-15.265936542832
0.53969997167587	-14.877837446453
0.54439997673035	-14.559132231502
0.54909998178482	-14.329304732806
0.55379998683929	-14.191573362359
0.55849999189377	-14.135814091081
0.56319999694824	-14.139869584171
0.56790000200272	-14.170677150337
0.57260000705719	-14.187568052034
0.57730001211166	-14.149843345558
0.58200001716614	-14.028015965109
0.58670002222061	-13.813805252621
0.59140002727509	-13.522291568727
0.59609997272491	-13.184751591367
0.60079997777939	-12.837219065735
0.60549998283386	-12.511054662607
0.61019998788834	-12.228097384881
0.61489999294281	-11.999385689466
0.61959999799728	-11.825601742611
0.62430000305176	-11.698075760043
0.62900000810623	-11.600237713069
0.63370001316071	-11.509993426789
0.63840001821518	-11.403642122534
0.64310002326965	-11.261151560848
0.64780002832413	-11.071343445845
0.65249997377396	-10.834709590318
0.65719997882843	-10.562489757578
0.66189998388290	-10.272596071258
0.66659998893738	-9.9844501977138
0.67129999399185	-9.7147246303553
0.67599999904633	-9.4747299093928
0.68070000410080	-9.2692837699545
0.68540000915527	-9.0966345614547
0.69010001420975	-8.9491261670819
0.69480001926422	-8.8146256539627
0.69950002431870	-8.6788017613916
0.70420002937317	-8.5280865688999
0.70889997482300	-8.3527619225636
0.71359997987747	-8.1492130605538
0.71829998493195	-7.9205108357835
0.72299998998642	-7.6751635461302
0.72769999504089	-7.4246265249769
0.73240000009537	-7.1805467189061
0.73710000514984	-6.9524499965940
0.74180001020432	-6.7462147261065
0.74650001525879	-6.5633589824024
0.75120002031326	-6.4010451527081
0.75590002536774	-6.2527398092140
0.76059997081757	-6.1095257304031
0.76529997587204	-5.9619326173726
0.76999998092651	-5.8019947244643
0.77469998598099	-5.6250314628855
0.77939999103546	-5.4306323399036
0.78409999608994	-5.2225577791670
0.78880000114441	-5.0076376175929
0.79350000619888	-4.7941072144363
0.79820001125336	-4.5898307708854
0.80290001630783	-4.4008241738393
0.80760002136230	-4.2302492872119
0.81230002641678	-4.0779965881855
0.81699997186661	-3.9408072233016
0.82169997692108	-3.8129762618667
0.82639998197556	-3.6875476148058
0.83109998703003	-3.5578157121354
0.83579999208450	-3.4188376657358
0.84049999713898	-3.2685633867592
0.84520000219345	-3.1082969376537
0.84990000724792	-2.9423529098487
0.85460001230240	-2.7770634565594
0.85930001735687	-2.6194285585462
0.86400002241135	-2.4757273824318
0.86870002746582	-2.3503615898874
0.87339997291565	-2.2451185170790
0.87809997797012	-2.1589100401215
0.88279998302460	-2.0880696315567
0.88749998807907	-2.0271524284703
0.89219999313354	-1.9701566062915
0.89689999818802	-1.9119324300667
0.90160000324249	-1.8494700776144
0.90630000829697	-1.7827565562483
0.91100001335144	-1.7149672206815
0.91570001840591	-1.6519262095405
0.92040002346039	-1.6010333465485
0.92510002851486	-1.5698825432055
0.92979997396469	-1.5649515102788
0.93449997901917	-1.5905379240407
0.93919998407364	-1.6481787076922
0.94389998912811	-1.7366222843892
0.94859999418259	-1.8523798045197
0.95329999923706	-1.9908168179841
0.95800000429153	-2.1476418670423
0.96270000934601	-2.3205613398075
0.96740001440048	-2.5107936823591
0.97210001945496	-2.7240826159634
0.97680002450943	-2.9710115748252
0.98150002956390	-3.2666134775808
0.98619997501373	-3.6295278171212
0.99089998006821	-4.0811879537821
0.99559998512268	-4.6455154822003
1.0003000497818	-5.3496732107071
1.0049999952316	-6.2264552614312
1.0096999406815	-7.3192114116619
1.0144000053406	-8.6911342560248
1.0190999507904	-10.443498937096
1.0238000154495	-12.754028796663
1.0284999608994	-15.959226149131
1.0332000255585	-20.571575633119
1.0378999710083	-23.620225448936
1.0426000356674	-18.967784373221
1.0472999811172	-14.703540655608
1.0520000457764	-11.715209505999
1.0566999912262	-9.5035806758078
1.0614000558853	-7.7911476199755
1.0661000013351	-6.4292780736524
1.0707999467850	-5.3314436459451
1.0755000114441	-4.4426356685414
1.0801999568939	-3.7246090411851
1.0849000215530	-3.1482261105605
1.0895999670029	-2.6894154034200
1.0943000316620	-2.3271398824942
1.0989999771118	-2.0425691087160
1.1037000417709	-1.8189837227125
1.1083999872208	-1.6420235880932
1.1131000518799	-1.5000165895828
1.1177999973297	-1.3841715693445
1.1224999427795	-1.2884962304816
1.1272000074387	-1.2094668025886
1.1318999528885	-1.1454307845950
1.1366000175476	-1.0959072153801
1.1412999629974	-1.0609012949705
1.1460000276566	-1.0403407491733
1.1506999731064	-1.0336854441514
1.1554000377655	-1.0397774003174
1.1600999832153	-1.0568633938176
1.1648000478745	-1.0827859609005
1.1694999933243	-1.1152399126465
1.1742000579834	-1.1520757750989
1.1789000034332	-1.1915330434301
1.1835999488831	-1.2324216201710
1.1883000135422	-1.2741691448709
1.1929999589920	-1.3167667405910
1.1977000236511	-1.3606245575713
1.2023999691010	-1.4063823619616
1.2071000337601	-1.4546930372019
1.2117999792099	-1.5060554490624
1.2165000438690	-1.5606980742443
1.2211999893188	-1.6185335151245
1.2259000539780	-1.6791669701930
1.2305999994278	-1.7419930272764
1.2352999448776	-1.8062885524309
1.2400000095367	-1.8713489593405
1.2446999549866	-1.9365995969233
1.2494000196457	-2.0016620720920
1.2540999650955	-2.0664027346299
1.2588000297546	-2.1309333344994
1.2634999752045	-2.1955442938607
1.2682000398636	-2.2606401055332
1.2728999853134	-2.3266510147581
1.2776000499725	-2.3939506612446
1.2822999954224	-2.4627843311197
1.2869999408722	-2.5332327538801
1.2917000055313	-2.6052123165310
1.2963999509811	-2.6784957854472
1.3011000156403	-2.7527580754091
1.3057999610901	-2.8276473964300
1.3105000257492	-2.9028443672705
1.3151999711990	-2.9781299616963
1.3199000358582	-3.0534141428094
1.3245999813080	-3.1287609681458
1.3293000459671	-3.2043759179235
1.3339999914169	-3.2805587882179
1.3387000560760	-3.3576685733985
1.3434000015259	-3.4360491862867
1.3480999469757	-3.5159756820913
1.3528000116348	-3.5976198953855
1.3574999570847	-3.6810177733274
1.3622000217438	-3.7660872179357
1.3668999671936	-3.8526422308922
1.3716000318527	-3.9404480209497
1.3762999773026	-4.0292726794702
1.3810000419617	-4.1189495442911
1.3856999874115	-4.2094153253885
1.3904000520706	-4.3007366978633
1.3950999975204	-4.3931178526427
1.3997999429703	-4.4868663302668
1.4045000076294	-4.5823552919793
1.4091999530792	-4.6799684211713
1.4139000177383	-4.7800361567850
1.4185999631882	-4.8827970744592
1.4233000278473	-4.9883683107561
1.4279999732971	-5.0967422834513
1.4327000379562	-5.2078069818553
1.4373999834061	-5.3213891019489
1.4421000480652	-5.4373134606728
1.4467999935150	-5.5554561165671
1.4515000581741	-5.6757971908401
1.4562000036240	-5.7984505789301
1.4608999490738	-5.9236695477095
1.4656000137329	-6.0518275314367
1.4702999591827	-6.1833732915369
1.4750000238419	-6.3187723171992
1.4796999692917	-6.4584494296979
1.4844000339508	-6.6027313401052
1.4890999794006	-6.7518166898104
1.4938000440598	-6.9057624831200
1.4984999895096	-7.0645063861911
1.5032000541687	-7.2279044029601
1.5078999996185	-7.3957942723302
1.5125999450684	-7.5680602516710
1.5173000097275	-7.7446894794723
1.5219999551773	-7.9258188816553
1.5267000198364	-8.1117463978151
1.5313999652863	-8.3029161257988
1.5361000299454	-8.4998714885830
1.5407999753952	-8.7031900269335
1.5455000400543	-8.9134115360264
1.5501999855042	-9.1309606628324
1.5549000501633	-9.3560998661400
1.5595999956131	-9.5888996575443
1.5642999410629	-9.8292458409135
1.5690000057220	-10.076885735884
1.5736999511719	-10.331491018487
1.5784000158310	-10.592745260625
1.5830999612808	-10.860428442067
1.5878000259399	-11.134479594975
1.5924999713898	-11.415038855576
1.5972000360489	-11.702433806442
1.6018999814987	-11.997130582109
1.6066000461578	-12.299644321788
1.6112999916077	-12.610431162487
1.6160000562668	-12.929760080228
1.6207000017166	-13.257622044458
1.6253999471664	-13.593649821414
1.6301000118256	-13.937096624619
1.6347999572754	-14.286866020216
1.6395000219345	-14.641575286576
1.6441999673843	-14.999669009427
1.6489000320435	-15.359535368924
1.6535999774933	-15.719613652005
1.6583000421524	-16.078475797651
1.6629999876022	-16.434813644320
1.6677000522614	-16.787410226213
1.6723999977112	-17.135013738435
1.6770999431610	-17.476213284147
1.6818000078201	-17.809263614277
1.6864999532700	-18.132000724189
1.6912000179291	-18.441773481874
1.6958999633789	-18.735489010981
1.7006000280380	-19.009738446435
1.7052999734879	-19.261055662151
1.7100000381470	-19.486187726640
1.7146999835968	-19.682450157624
1.7194000482559	-19.848028532949
1.7240999937057	-19.982216935007
1.7288000583649	-20.085515443189
1.7335000038147	-20.159596530802
1.7381999492645	-20.207128797584
1.7429000139236	-20.231463723501
1.7475999593735	-20.236314445562
1.7523000240326	-20.225347145116
1.7569999694824	-20.201910565744
1.7617000341415	-20.168796800100
1.7663999795914	-20.128167804945
1.7711000442505	-20.081546345412
1.7757999897003	-20.029995842048
1.7805000543594	-19.974297613874
1.7851999998093	-19.915222989392
1.7898999452591	-19.853740852430
1.7946000099182	-19.791163905338
1.7992999553680	-19.729197650688
1.8040000200272	-19.669870636941
1.8086999654770	-19.615364347298
1.8134000301361	-19.567785274812
1.8180999755859	-19.528930919411
1.8228000402451	-19.500085835719
1.8274999856949	-19.481922848732
1.8322000503540	-19.474468884978
1.8368999958038	-19.477199675986
1.8415999412537	-19.489230090687
1.8463000059128	-19.509574362869
1.8509999513626	-19.537402348263
1.8557000160217	-19.572294641585
1.8603999614716	-19.614384787230
1.8651000261307	-19.664425183107
1.8697999715805	-19.723703701140
1.8745000362396	-19.793862131962
1.8791999816895	-19.876659861742
1.8839000463486	-19.973696564586
1.8885999917984	-20.086206376256
1.8933000564575	-20.214917753527
1.8980000019073	-20.360011708605
1.9026999473572	-20.521189178573
1.9074000120163	-20.697875576396
1.9120999574661	-20.889468106084
1.9168000221252	-21.095597222863
1.9214999675751	-21.316428915622
1.9262000322342	-21.552830356638
1.9308999776840	-21.806443651376
1.9356000423431	-22.079662858130
1.9402999877930	-22.375425758798
1.9450000524521	-22.697033800274
1.9496999979019	-23.047800449320
1.9543999433517	-23.430886283019
1.9591000080109	-23.849009130184
1.9637999534607	-24.304387915989
1.9685000181198	-24.798662427874
1.9731999635696	-25.332843611652
1.9779000282288	-25.907286089942
1.9825999736786	-26.521341846454
1.9873000383377	-27.172737295752
1.9919999837875	-27.856094595657
1.9967000484467	-28.560247019478
2.0013999938965	-29.264039728652
2.0060999393463	-29.930513141518
2.0107998847961	-30.502017822523
2.0155000686646	-30.901941174292
2.0202000141144	-31.052165710628
2.0248999595642	-30.905742853054
2.0295999050140	-30.473153561664
2.0343000888824	-29.816643647587
2.0390000343323	-29.018228780394
2.0436999797821	-28.150415785798
2.0483999252319	-27.264260910697
2.0531001091003	-26.390648066251
2.0578000545502	-25.546009211144
2.0625000000000	-24.737820912864
2.0671999454498	-23.968643309840
2.0718998908997	-23.238586745555
2.0766000747681	-22.546750443287
2.0813000202179	-21.891898315379
2.0859999656677	-21.272776559452
2.0906999111176	-20.688121769258
2.0954000949860	-20.136595261031
2.1001000404358	-19.616720593352
2.1047999858856	-19.126758359812
2.1094999313354	-18.664727143463
2.1142001152039	-18.228437367150
2.1189000606537	-17.815617044595
2.1236000061035	-17.424017277385
2.1282999515533	-17.051600923477
2.1329998970032	-16.696644287888
2.1377000808716	-16.357850453354
2.1424000263214	-16.034354259238
2.1470999717712	-15.725696268483
2.1517999172211	-15.431718337752
2.1565001010895	-15.152417582956
2.1612000465393	-14.887821872623
2.1658999919891	-14.637830109007
2.1705999374390	-14.402135353445
2.1752998828888	-14.180179332232
2.1800000667572	-13.971172830382
2.1847000122070	-13.774154095416
2.1893999576569	-13.588115459040
2.1940999031067	-13.412093433058
2.1988000869751	-13.245303278417
2.2035000324249	-13.087212658232
2.2081999778748	-12.937547752149
2.2128999233246	-12.796300291015
2.2176001071930	-12.663644385804
2.2223000526428	-12.539817449332
2.2269999980927	-12.425033991577
2.2316999435425	-12.319370261805
2.2363998889923	-12.222706065095
2.2411000728607	-12.134696181039
2.2458000183105	-12.054812213525
2.2504999637604	-11.982395134506
2.2551999092102	-11.916764469836
2.2599000930786	-11.857320853967
2.2646000385284	-11.803626606612
2.2692999839783	-11.755463648420
2.2739999294281	-11.712844956527
2.2787001132965	-11.675971262628
2.2834000587463	-11.645154153549
2.2881000041962	-11.620724490113
2.2927999496460	-11.602927730853
2.2974998950958	-11.591857699442
2.3022000789642	-11.587404238029
2.3069000244141	-11.589268306299
2.3115999698639	-11.597003494795
2.3162999153137	-11.610109894276
2.3210000991821	-11.628106783380
2.3257000446320	-11.650645976636
2.3303999900818	-11.677577102798
2.3350999355316	-11.708956677500
2.3397998809814	-11.745051796885
2.3445000648499	-11.786263066520
2.3492000102997	-11.833045079863
2.3538999557495	-11.885808568840
2.3585999011993	-11.944825591954
2.3633000850677	-12.010191091154
2.3680000305176	-12.081803890325
2.3726999759674	-12.159387803795
2.3773999214172	-12.242588839628
2.3821001052856	-12.331042606992
2.3868000507355	-12.424495144479
2.3914999961853	-12.522870951980
2.3961999416351	-12.626324323913
2.4008998870850	-12.735236997239
2.4056000709534	-12.850171090083
2.4103000164032	-12.971793208876
2.4149999618530	-13.100752160996
2.4196999073029	-13.237607432444
2.4244000911713	-13.382734120615
2.4291000366211	-13.536308962480
2.4337999820709	-13.698317177857
2.4384999275208	-13.868623822384
2.4432001113892	-14.047062456940
2.4479000568390	-14.233581044996
2.4526000022888	-14.428309409633
2.4572999477386	-14.631668051310
2.4619998931885	-14.844383183074
2.4667000770569	-15.067459988846
2.4714000225067	-15.302116745426
2.4760999679565	-15.549662417008
2.4807999134064	-15.811394097595
2.4855000972748	-16.088482608883
2.4902000427246	-16.381929090675
2.4948999881744	-16.692568661896
2.4995999336243	-17.021113111851
2.5043001174927	-17.368311668149
2.5090000629425	-17.735113413469
2.5137000083923	-18.122839838682
2.5183999538422	-18.533402044631
2.5230998992920	-18.969401850833
2.5278000831604	-19.434257342607
2.5325000286102	-19.932198800152
2.5371999740601	-20.468253744737
2.5418999195099	-21.048219655361
2.5466001033783	-21.678626424571
2.5513000488281	-22.366801138258
2.5559999942780	-23.121007775646
2.5606999397278	-23.950772306178
2.5653998851776	-24.867228060120
2.5701000690460	-25.883488854632
2.5748000144958	-27.014490002430
2.5794999599457	-28.274837852434
2.5841999053955	-29.670789003456
2.5889000892639	-31.175558307703
2.5936000347137	-32.665122759400
2.5982999801636	-33.807465574051
2.6029999256134	-34.092234069492
2.6077001094818	-33.324495021193
2.6124000549316	-31.902327081989
2.6171000003815	-30.301006522960
2.6217999458313	-28.760886807445
2.6264998912811	-27.357618175276
2.6312000751495	-26.099759014125
2.6359000205994	-24.974454819415
2.6405999660492	-23.963954783516
2.6452999114990	-23.051000172089
2.6500000953674	-22.220364199999
2.6547000408173	-21.459126188513
2.6593999862671	-20.756585279626
2.6640999317169	-20.104092532403
2.6688001155853	-19.494795717380
2.6735000610352	-18.923411389820
2.6782000064850	-18.385946798009
2.6828999519348	-17.879364979282
2.6875998973846	-17.401306695763
2.6923000812531	-16.949796032376
2.6970000267029	-16.523031687254
2.7016999721527	-16.119209103981
2.7063999176025	-15.736475142903
2.7111001014709	-15.372899713895
2.7158000469208	-15.026564457099
2.7204999923706	-14.695639881187
2.7251999378204	-14.378488895104
2.7298998832703	-14.073775454467
2.7346000671387	-13.780484906479
2.7393000125885	-13.497946779160
2.7439999580383	-13.225764220799
2.7486999034882	-12.963718880868
2.7534000873566	-12.711671953953
2.7581000328064	-12.469438461311
2.7627999782562	-12.236718447941
2.7674999237061	-12.013045463420
2.7722001075745	-11.797791266358
2.7769000530243	-11.590213443610
2.7815999984741	-11.389530547308
2.7862999439240	-11.195005861211
2.7909998893738	-11.006044273731
2.7957000732422	-10.822221298575
2.8004000186920	-10.643327697340
2.8050999641418	-10.469322826803
2.8097999095917	-10.300288947143
2.8145000934601	-10.136346561360
2.8192000389099	-9.9775809710083
2.8238999843597	-9.8239624885634
2.8285999298096	-9.6753222779717
2.8333001136780	-9.5313432224268
2.8380000591278	-9.3916021175542
2.8427000045776	-9.2556141763483
2.8473999500275	-9.1229254318957
2.8520998954773	-8.9931704300718
2.8568000793457	-8.8661284600319
2.8615000247955	-8.7417259906561
2.8661999702454	-8.6200385300596
2.8708999156952	-8.5012270901520
2.8756000995636	-8.3854892437746
2.8803000450134	-8.2729787009453
2.8849999904633	-8.1637571045381
2.8896999359131	-8.0577526300262
2.8943998813629	-7.9547694917080
2.8991000652313	-7.8545082800072
2.9038000106812	-7.7566242207572
2.9084999561310	-7.6607944559022
2.9131999015808	-7.5667652434126
2.9179000854492	-7.4744038991058
2.9226000308990	-7.3837123656350
2.9272999763489	-7.2948106341547
2.9319999217987	-7.2078929725278
2.9367001056671	-7.1231740781476
2.9414000511169	-7.0408290952752
2.9460999965668	-6.9609412366514
2.9507999420166	-6.8834776057910
2.9554998874664	-6.8082841995599
2.9602000713348	-6.7351262668788
2.9649000167847	-6.6637210642291
2.9695999622345	-6.5938103017587
2.9742999076843	-6.5251999050420
2.9790000915527	-6.4578086160052
2.9837000370026	-6.3916694553383
2.9883999824524	-6.3269188935468
2.9930999279022	-6.2637570566566
2.9978001117706	-6.2023956057221
3.0025000572205	-6.1430011064954
3.0072000026703	-6.0856541706215
3.0118999481201	-6.0303179945439
3.0165998935699	-5.9768625413813
3.0213000774384	-5.9250684735870
3.0260000228882	-5.8746827196605
3.0306999683380	-5.8254806052871
3.0353999137878	-5.7773006087415
3.0401000976562	-5.7300841027065
3.0448000431061	-5.6838775655252
3.0494999885559	-5.6388224838897
3.0541999340057	-5.5951128255355
3.0589001178741	-5.5529441731284
3.0636000633240	-5.5124694968372
3.0683000087738	-5.4737507604920
3.0729999542236	-5.4367484076529
3.0776998996735	-5.4013210039476
3.0824000835419	-5.3672651356277
3.0871000289917	-5.3343443649517
3.0917999744415	-5.3023482153723
3.0964999198914	-5.2711437277251
3.1012001037598	-5.2406830079511
3.1059000492096	-5.2110254230695
3.1105999946594	-5.1823173299773
3.1152999401093	-5.1547390642249
3.1199998855591	-5.1284828467589
3.1247000694275	-5.1036702046822
3.1294000148773	-5.0803536373845
3.1340999603271	-5.0584757221559
3.1387999057770	-5.0378978907250
3.1435000896454	-5.0184128333947
3.1482000350952	-4.9997955027656
3.1528999805450	-4.9818521107047
3.1575999259949	-4.9644644668590
3.1623001098633	-4.9476083671188
3.1670000553131	-4.9313506905241
3.1717000007629	-4.9158390478501
3.1763999462128	-4.9012507719200
3.1810998916626	-4.8877577232416
3.1858000755310	-4.8754739361387
3.1905000209808	-4.8644256248623
3.1951999664307	-4.8545367786068
3.1998999118805	-4.8456540105203
3.2046000957489	-4.8375671611075
3.2093000411987	-4.8300515045074
3.2139999866486	-4.8229268607860
3.2186999320984	-4.8160767079427
3.2234001159668	-4.8094934638494
3.2281000614166	-4.8032464267058
3.2328000068665	-4.7974814883949
3.2374999523163	-4.7923613650303
3.2421998977661	-4.7880343241234
3.2469000816345	-4.7845824710493
3.2516000270844	-4.7819964396737
3.2562999725342	-4.7801697165906
3.2609999179840	-4.7789105456962
3.2657001018524	-4.7779864240502
3.2704000473022	-4.7771537745734
3.2750999927521	-4.7762158236998
3.2797999382019	-4.7750591996043
3.2844998836517	-4.7736505444264
3.2892000675201	-4.7720567942616
3.2939000129700	-4.7703835486250
3.2985999584198	-4.7687680617679
3.3032999038696	-4.7672966844340
3.3080000877380	-4.7659898028470
3.3127000331879	-4.7647676919547
3.3173999786377	-4.7634479037818
3.3220999240875	-4.7617727814067
3.3268001079559	-4.7594460064546
3.3315000534058	-4.7561728082370
3.3361999988556	-4.7517185810768
3.3408999443054	-4.7459294231470
3.3455998897552	-4.7387455821124
3.3503000736237	-4.7301933667103
3.3550000190735	-4.7203444092990
3.3596999645233	-4.7092710292880
3.3643999099731	-4.6970054773752
3.3691000938416	-4.6835006931730
3.3738000392914	-4.6686123240184
3.3784999847412	-4.6521103454459
3.3831999301910	-4.6337060464984
3.3879001140594	-4.6131022545601
3.3926000595093	-4.5900357205554
3.3973000049591	-4.5643325634961
3.4019999504089	-4.5359292789377
3.4066998958588	-4.5048810880202
3.4114000797272	-4.4713385430405
3.4161000251770	-4.4355094752900
3.4207999706268	-4.3976164675199
3.4254999160767	-4.3578544381064
3.4302000999451	-4.3163531590045
3.4349000453949	-4.2731806816668
3.4395999908447	-4.2283461387231
3.4442999362946	-4.1818443116148
3.4489998817444	-4.1336911707663
3.4537000656128	-4.0839755107179
3.4584000110626	-4.0328803918239
3.4630999565125	-3.9807038598483
3.4677999019623	-3.9278427093420
3.4725000858307	-3.8747659687292
3.4772000312805	-3.8219614637525
3.4818999767303	-3.7698909377135
3.4865999221802	-3.7189524196643
3.4913001060486	-3.6694459819553
3.4960000514984	-3.6215779373327
3.5006999969482	-3.5754704301003
3.5053999423981	-3.5311940604602
3.5100998878479	-3.4888135167119
3.5148000717163	-3.4484107423001
3.5195000171661	-3.4101221636062
3.5241999626160	-3.3741358937167
3.5288999080658	-3.3406950903281
3.5336000919342	-3.3100521861341
3.5383000373840	-3.2824518040898
3.5429999828339	-3.2580762024340
3.5476999282837	-3.2370304321435
3.5524001121521	-3.2193189249638
3.5571000576019	-3.2048518822048
3.5618000030518	-3.1934701071907
3.5664999485016	-3.1849711108497
3.5711998939514	-3.1791571045951
3.5759000778198	-3.1758651665687
3.5806000232697	-3.1749976679176
3.5852999687195	-3.1765250226583
3.5899999141693	-3.1804851866956
3.5947000980377	-3.1869517647967
3.5994000434875	-3.1960033780797
3.6040999889374	-3.2076868766975
3.6087999343872	-3.2219928069007
3.6135001182556	-3.2388340193756
3.6182000637054	-3.2580520998786
3.6229000091553	-3.2794384523175
3.6275999546051	-3.3027567362596
3.6322999000549	-3.3277903056510
3.6370000839233	-3.3543720323092
3.6417000293732	-3.3824114302054
3.6463999748230	-3.4118964099343
3.6510999202728	-3.4428858264191
3.6558001041412	-3.4754899769890
3.6605000495911	-3.5098237608712
3.6651999950409	-3.5459762434663
3.6698999404907	-3.5839782596103
3.6745998859406	-3.6237806736298
3.6793000698090	-3.6652624022087
3.6840000152588	-3.7082493162640
3.6886999607086	-3.7525375001246
3.6933999061584	-3.7979450371943
3.6981000900269	-3.8443361964079
3.7028000354767	-3.8916569782341
3.7074999809265	-3.9399331373079
3.7121999263763	-3.9892688755977
3.7169001102448	-4.0398078957280
3.7216000556946	-4.0917052516849
3.7263000011444	-4.1450758766243
3.7309999465942	-4.1999686250097
3.7356998920441	-4.2563465391037
3.7404000759125	-4.3140826160236
3.7451000213623	-4.3729894560752
3.7497999668121	-4.4328490882083
3.7544999122620	-4.4934599186333
3.7592000961304	-4.5546745177036
3.7639000415802	-4.6164233409532
3.7685999870300	-4.6787310371348
3.7732999324799	-4.7416954291961
3.7780001163483	-4.8054553577879
3.7827000617981	-4.8701485913111
3.7874000072479	-4.9358629456807
3.7920999526978	-5.0026023005463
3.7967998981476	-5.0702612262030
3.8015000820160	-5.1386388333258
3.8062000274658	-5.2074536551877
3.8108999729156	-5.2763991670842
3.8155999183655	-5.3451863042671
3.8203001022339	-5.4135910170446
3.8250000476837	-5.4814852936395
3.8296999931335	-5.5488458739716
3.8343999385834	-5.6157258273696
3.8390998840332	-5.6822237730324
3.8438000679016	-5.7484203113191
3.8485000133514	-5.8143319896512
3.8531999588013	-5.8798687303762
3.8578999042511	-5.9448181644043
3.8626000881195	-6.0088547294153
3.8673000335693	-6.0715884114791
3.8719999790192	-6.1326155172561
3.8766999244690	-6.1915794796532
3.8814001083374	-6.2482340982808
3.8861000537872	-6.3024627307583
3.8907999992371	-6.3542851643486
3.8954999446869	-6.4038190934297
3.9001998901367	-6.4512277668711
3.9049000740051	-6.4966553733294
3.9096000194550	-6.5401637231384
3.9142999649048	-6.5816964328952
3.9189999103546	-6.6210733946099
3.9237000942230	-6.6580209431606
3.9284000396729	-6.6922267390753
3.9330999851227	-6.7234118185330
3.9377999305725	-6.7514020042558
3.9425001144409	-6.7761755458425
3.9472000598907	-6.7978784713337
3.9519000053406	-6.8168082408945
3.9565999507904	-6.8333507107041
3.9612998962402	-6.8479145012133
3.9660000801086	-6.8608511800675
3.9707000255585	-6.8723938682473
3.9753999710083	-6.8826341118836
3.9800999164581	-6.8915286337182
3.9848001003265	-6.8989443601505
3.9895000457764	-6.9047301885789
3.9941999912262	-6.9087851674032
3.9988999366760	-6.9111304720555
4.0036001205444	-6.9119436582255
4.0082998275757	-6.9115496057971
4.0130000114441	-6.9103910019700
4.0177001953125	-6.9089543320452
4.0223999023438	-6.9076909240825
4.0271000862122	-6.9069482493781
4.0317997932434	-6.9069213718644
4.0364999771118	-6.9076374860005
4.0412001609802	-6.9089898488813
4.0458998680115	-6.9107871079314
4.0506000518799	-6.9128336998538
4.0553002357483	-6.9150010067520
4.0599999427795	-6.9172920857133
4.0647001266479	-6.9198611480733
4.0693998336792	-6.9230018763626
4.0741000175476	-6.9271003987276
4.0788002014160	-6.9325588188751
4.0834999084473	-6.9397223599684
4.0882000923157	-6.9488115502523
4.0928997993469	-6.9598823805069
4.0975999832153	-6.9728253445293
4.1023001670837	-6.9873994006061
4.1069998741150	-7.0033049732084
4.1117000579834	-7.0202516189826
4.1163997650146	-7.0380474267203
4.1210999488831	-7.0566402058873
4.1258001327515	-7.0761455588711
4.1304998397827	-7.0968194425826
4.1352000236511	-7.1190084854727
4.1399002075195	-7.1430631902593
4.1445999145508	-7.1692664639167
4.1493000984192	-7.1977562088616
4.1539998054504	-7.2284983810221
4.1586999893188	-7.2612911444752
4.1634001731873	-7.2958022525220
4.1680998802185	-7.3316505876179
4.1728000640869	-7.3684863997895
4.1774997711182	-7.4060716197329
4.1821999549866	-7.4443405603220
4.1869001388550	-7.4834070311465
4.1915998458862	-7.5235390653673
4.1963000297546	-7.5650891336299
4.2010002136230	-7.6084154666868
4.2056999206543	-7.6537807111014
4.2104001045227	-7.7012881300390
4.2150998115540	-7.7508517869174
4.2197999954224	-7.8021983318861
4.2245001792908	-7.8549302954863
4.2291998863220	-7.9086094833099
4.2339000701904	-7.9628541180970
4.2385997772217	-8.0174294067170
4.2432999610901	-8.0723082357817
4.2480001449585	-8.1276789490557
4.2526998519897	-8.1839039968020
4.2574000358582	-8.2414496453847
4.2621002197266	-8.3007729647584
4.2667999267578	-8.3622322688049
4.2715001106262	-8.4260120248820
4.2761998176575	-8.4920872903467
4.2809000015259	-8.5602515385541
4.2856001853943	-8.6301886814313
4.2902998924255	-8.7015732460035
4.2950000762939	-8.7741870628212
4.2996997833252	-8.8480115871327
4.3043999671936	-8.9232818042626
4.3091001510620	-9.0004881233695
4.3137998580933	-9.0803028690663
4.3185000419617	-9.1634810876670
4.3232002258301	-9.2507231825741
4.3278999328613	-9.3425527556338
4.3326001167297	-9.4392161393415
4.3372998237610	-9.5406532027282
4.3420000076294	-9.6465134113444
4.3467001914978	-9.7562435116849
4.3513998985291	-9.8692081230215
4.3561000823975	-9.9848360578003
4.3607997894287	-10.102734181205
4.3654999732971	-10.222768172938
4.3702001571655	-10.345067893599
4.3748998641968	-10.469962675840
4.3796000480652	-10.597857371672
4.3843002319336	-10.729078836291
4.3889999389648	-10.863734370700
4.3937001228333	-11.001605673376
4.3983998298645	-11.142125995623
4.4031000137329	-11.284432905020
4.4078001976013	-11.427508631379
4.4124999046326	-11.570360233918
4.4172000885010	-11.712225877316
4.4218997955322	-11.852728918550
4.4265999794006	-11.991950520031
4.4313001632690	-12.130395890597
4.4359998703003	-12.268849016679
4.4407000541687	-12.408157989870
4.4454002380371	-12.548983882323
4.4500999450684	-12.691601576143
4.4548001289368	-12.835775263679
4.4594998359680	-12.980758958847
4.4642000198364	-13.125423576128
4.4689002037048	-13.268497998453
4.4735999107361	-13.408852122994
4.4783000946045	-13.545769396226
4.4829998016357	-13.679122311196
4.4876999855042	-13.809398140655
4.4924001693726	-13.937564306437
4.4970998764038	-14.064791496260
4.5018000602722	-14.192110806636
4.5064997673035	-14.320087841209
4.5111999511719	-14.448597940517
4.5159001350403	-14.576762760934
4.5205998420715	-14.703069999487
4.5253000259399	-14.825678522560
4.5300002098083	-14.942816058683
4.5346999168396	-15.053184190829
4.5394001007080	-15.156274011272
4.5440998077393	-15.252449170870
4.5487999916077	-15.342821579317
4.5535001754761	-15.428890108477
4.5581998825073	-15.512069399788
4.5629000663757	-15.593228705645
4.5675997734070	-15.672363158992
4.5722999572754	-15.748467735604
4.5770001411438	-15.819712905154
4.5816998481750	-15.883809557632
4.5864000320435	-15.938560327664
4.5911002159119	-15.982417894138
4.5957999229431	-16.014866441190
4.6005001068115	-16.036584490632
4.6051998138428	-16.049213476648
4.6098999977112	-16.054917976177
4.6146001815796	-16.055780920127
4.6192998886108	-16.053224933198
4.6240000724792	-16.047649925658
4.6286997795105	-16.038299629800
4.6333999633789	-16.023506851930
4.6381001472473	-16.001138067367
4.6427998542786	-15.969222380135
4.6475000381470	-15.926539738364
4.6522002220154	-15.873043177639
4.6568999290466	-15.809931771422
4.6616001129150	-15.739396655129
4.6662998199463	-15.664111541747
4.6710000038147	-15.586593812912
4.6757001876831	-15.508641351659
4.6803998947144	-15.430965914415
4.6851000785828	-15.353113910149
4.6897997856140	-15.273687521011
4.6944999694824	-15.190798585221
4.6992001533508	-15.102661496958
4.7038998603821	-15.008135945123
4.7086000442505	-14.907123205342
4.7133002281189	-14.800655662975
4.7179999351501	-14.690715691684
4.7227001190186	-14.579755278066
4.7273998260498	-14.470169139881
4.7321000099182	-14.363733852518
4.7368001937866	-14.261294859889
4.7414999008179	-14.162607249796
4.7462000846863	-14.066500751155
4.7508997917175	-13.971225725196
4.7555999755859	-13.874954194699
4.7603001594543	-13.776299708744
4.7649998664856	-13.674702467145
4.7697000503540	-13.570629100691
4.7744002342224	-13.465468898277
4.7790999412537	-13.361234531293
4.7838001251221	-13.260080649897
4.7884998321533	-13.163817136912
4.7932000160217	-13.073517714966
4.7979001998901	-12.989310307495
4.8025999069214	-12.910385426528
4.8073000907898	-12.835223843490
4.8119997978210	-12.761991833587
4.8166999816895	-12.689018608497
4.8214001655579	-12.615201928216
4.8260998725891	-12.540326963142
4.8308000564575	-12.465112910117
4.8354997634888	-12.391049879674
4.8401999473572	-12.320036348462
4.8449001312256	-12.253921141671
4.8495998382568	-12.194068784226
4.8543000221252	-12.141038522545
4.8590002059937	-12.094452142383
4.8636999130249	-12.053088387342
4.8684000968933	-12.015148935265
4.8730998039246	-11.978675812447
4.8777999877930	-11.942031049489
4.8825001716614	-11.904274078128
4.8871998786926	-11.865398549601
4.8919000625610	-11.826324355109
4.8965997695923	-11.788666261425
4.9012999534607	-11.754322258420
4.9060001373291	-11.724998965586
4.9106998443604	-11.701790131579
4.9154000282288	-11.684885011125
4.9201002120972	-11.673509939879
4.9247999191284	-11.666062488987
4.9295001029968	-11.660454577605
4.9341998100281	-11.654602009899
4.9388999938965	-11.646876704765
4.9436001777649	-11.636498677572
4.9482998847961	-11.623685421525
4.9530000686646	-11.609546190885
4.9576997756958	-11.595734615459
4.9623999595642	-11.583911242179
4.9671001434326	-11.575219840682
4.9717998504639	-11.569817800687
4.9765000343323	-11.566621252820
4.9812002182007	-11.563332235057
4.9858999252319	-11.556707059713
4.9906001091003	-11.543087261226
4.9952998161316	-11.519036370306
5.0000000000000	-11.481965256672
#Parameters = {R_fat=48; R_glandular=38; R_skin_outer=50; T10=5; T15=7.5; T5=2.5; T_rad=4; T_x=10; T_y=0; T_z=75; Zc=65; skin_thickness=2; Mesh Pass=6}
#"Frequency / GHz"	"S1,1 (Mesh Pass=6) [Magnitude / dB]"
#-------------------------------------------------------
0.30000001192093	-25.414153819060
0.30469998717308	-26.478173883039
0.30939999222755	-28.369881591311
0.31409999728203	-31.443410219913
0.31880000233650	-34.533077415014
0.32350000739098	-31.379599169242
0.32820001244545	-26.552426586072
0.33289998769760	-22.900767501257
0.33759999275208	-20.118757585118
0.34229999780655	-17.905290087631
0.34700000286102	-16.084823434531
0.35170000791550	-14.553740327575
0.35640001296997	-13.249646126366
0.36109998822212	-12.136051669087
0.36579999327660	-11.193983093424
0.37049999833107	-10.416393311040
0.37520000338554	-9.8032742593625
0.37990000844002	-9.3567422905560
0.38460001349449	-9.0764233849229
0.38929998874664	-8.9562199493378
0.39399999380112	-8.9836427071504
0.39869999885559	-9.1417424948067
0.40340000391006	-9.4126605913275
0.40810000896454	-9.7812471128707
0.41280001401901	-10.237677603275
0.41749998927116	-10.778651728488
0.42219999432564	-11.407188746576
0.42689999938011	-12.130938220027
0.43160000443459	-12.958349841467
0.43630000948906	-13.890931787115
0.44100001454353	-14.908305426112
0.44569998979568	-15.942655228440
0.45039999485016	-16.849841095303
0.45509999990463	-17.421454581968
0.45980000495911	-17.502334694324
0.46450001001358	-17.133925952214
0.46919998526573	-16.517404639586
0.47389999032021	-15.855847740289
0.47859999537468	-15.275561478965
0.48330000042915	-14.835140728325
0.48800000548363	-14.553617192161
0.49270001053810	-14.428994937580
0.49739998579025	-14.445670668601
0.50209999084473	-14.574582806957
0.50679999589920	-14.769924262763
0.51150000095367	-14.967323598291
0.51620000600815	-15.090790892492
0.52090001106262	-15.074018220790
0.52560001611710	-14.888770439859
0.53030002117157	-14.558079053087
0.53500002622604	-14.141409957423
0.53969997167587	-13.706143143482
0.54439997673035	-13.306840862140
0.54909998178482	-12.978318436965
0.55379998683929	-12.736830565735
0.55849999189377	-12.583166682134
0.56319999694824	-12.504932006077
0.56790000200272	-12.478024617749
0.57260000705719	-12.468789878204
0.57730001211166	-12.438977598793
0.58200001716614	-12.354295744189
0.58670002222061	-12.194482588026
0.59140002727509	-11.959642666945
0.59609997272491	-11.668797571730
0.60079997777939	-11.351745687844
0.60549998283386	-11.039399216448
0.61019998788834	-10.756804906950
0.61489999294281	-10.519838554687
0.61959999799728	-10.334412293214
0.62430000305176	-10.196918132257
0.62900000810623	-10.095335730464
0.63370001316071	-10.011168044871
0.63840001821518	-9.9226768455537
0.64310002326965	-9.8094983208445
0.64780002832413	-9.6576503467812
0.65249997377396	-9.4631444708938
0.65719997882843	-9.2324895889116
0.66189998388290	-8.9799959249570
0.66659998893738	-8.7232735812076
0.67129999399185	-8.4788925424405
0.67599999904633	-8.2592545128458
0.68070000410080	-8.0709257041520
0.68540000915527	-7.9141297664696
0.69010001420975	-7.7831169347363
0.69480001926422	-7.6673600239065
0.69950002431870	-7.5536010823375
0.70420002937317	-7.4286445402706
0.70889997482300	-7.2823628121610
0.71359997987747	-7.1100878403946
0.71829998493195	-6.9135096904401
0.72299998998642	-6.6998186640541
0.72769999504089	-6.4795308837929
0.73240000009537	-6.2638300194687
0.73710000514984	-6.0622048305899
0.74180001020432	-5.8807973342767
0.74650001525879	-5.7215323074002
0.75120002031326	-5.5820074889261
0.75590002536774	-5.4561025969197
0.76059997081757	-5.3352476378426
0.76529997587204	-5.2102492294601
0.76999998092651	-5.0733357284629
0.77469998598099	-4.9199301288890
0.77939999103546	-4.7496451906135
0.78409999608994	-4.5661787721297
0.78880000114441	-4.3762447349584
0.79350000619888	-4.1879017686981
0.79820001125336	-4.0087788532994
0.80290001630783	-3.8446032318692
0.80760002136230	-3.6981982240779
0.81230002641678	-3.5690882438289
0.81699997186661	-3.4536882591516
0.82169997692108	-3.3461009724524
0.82639998197556	-3.2393834712489
0.83109998703003	-3.1271093351510
0.83579999208450	-3.0048519207883
0.84049999713898	-2.8712225771314
0.84520000219345	-2.7281735259407
0.84990000724792	-2.5805069351617
0.85460001230240	-2.4347622894500
0.85930001735687	-2.2978067405146
0.86400002241135	-2.1754610516930
0.86870002746582	-2.0714174945922
0.87339997291565	-1.9866180756838
0.87809997797012	-1.9191561929463
0.88279998302460	-1.8647634117964
0.88749998807907	-1.8177760893437
0.89219999313354	-1.7724617190549
0.89689999818802	-1.7244340539437
0.90160000324249	-1.6718200861633
0.90630000829697	-1.6158752131248
0.91100001335144	-1.5608882099416
0.91570001840591	-1.5134064519239
0.92040002346039	-1.4809984603585
0.92510002851486	-1.4708706414208
0.92979997396469	-1.4886416843289
0.93449997901917	-1.5374890244379
0.93919998407364	-1.6178241053405
0.94389998912811	-1.7275608880589
0.94859999418259	-1.8629374947526
0.95329999923706	-2.0198288836101
0.95800000429153	-2.1953215407610
0.96270000934601	-2.3892941895227
0.96740001440048	-2.6056687209908
0.97210001945496	-2.8530302000298
0.97680002450943	-3.1445676692295
0.98150002956390	-3.4974274018541
0.98619997501373	-3.9319333253746
0.99089998006821	-4.4710858295321
0.99559998512268	-5.1409764198342
1.0003000497818	-5.9726168627968
1.0049999952316	-7.0060538072614
1.0096999406815	-8.2983501067038
1.0144000053406	-9.9393210225655
1.0190999507904	-12.085389156978
1.0238000154495	-15.041085376723
1.0284999608994	-19.448841524574
1.0332000255585	-25.111364723148
1.0378999710083	-21.439474930121
1.0426000356674	-16.230721987392
1.0472999811172	-12.785957287522
1.0520000457764	-10.327005594808
1.0566999912262	-8.4594255293898
1.0614000558853	-6.9888471026550
1.0661000013351	-5.8080974758478
1.0707999467850	-4.8518117032429
1.0755000114441	-4.0762343612610
1.0801999568939	-3.4492984967927
1.0849000215530	-2.9454682564013
1.0895999670029	-2.5430878634229
1.0943000316620	-2.2231813578715
1.0989999771118	-1.9690961902457
1.1037000417709	-1.7665627208964
1.1083999872208	-1.6038983258807
1.1131000518799	-1.4721188980278
1.1177999973297	-1.3648483303064
1.1224999427795	-1.2779806655961
1.1272000074387	-1.2091581409095
1.1318999528885	-1.1571507170848
1.1366000175476	-1.1212597920207
1.1412999629974	-1.1008172609389
1.1460000276566	-1.0948711158413
1.1506999731064	-1.1020483552064
1.1554000377655	-1.1205839148721
1.1600999832153	-1.1484763409466
1.1648000478745	-1.1836874058600
1.1694999933243	-1.2243736938431
1.1742000579834	-1.2690548048372
1.1789000034332	-1.3167005924974
1.1835999488831	-1.3667558234222
1.1883000135422	-1.4190594485878
1.1929999589920	-1.4737366545843
1.1977000236511	-1.5310331206137
1.2023999691010	-1.5912051281034
1.2071000337601	-1.6543966489154
1.2117999792099	-1.7205910132939
1.2165000438690	-1.7896068958974
1.2211999893188	-1.8611235682317
1.2259000539780	-1.9347363640931
1.2305999994278	-2.0100188146623
1.2352999448776	-2.0865840738199
1.2400000095367	-2.1641186215104
1.2446999549866	-2.2424117262758
1.2494000196457	-2.3213545360129
1.2540999650955	-2.4009271583725
1.2588000297546	-2.4811728927437
1.2634999752045	-2.5621786646770
1.2682000398636	-2.6440543707091
1.2728999853134	-2.7269119271607
1.2776000499725	-2.8108423076483
1.2822999954224	-2.8959220565848
1.2869999408722	-2.9821953700854
1.2917000055313	-3.0696695820383
1.2963999509811	-3.1583152059653
1.3011000156403	-3.2480585678929
1.3057999610901	-3.3388048472808
1.3105000257492	-3.4304296826711
1.3151999711990	-3.5228164403163
1.3199000358582	-3.6158637758273
1.3245999813080	-3.7095211656752
1.3293000459671	-3.8038027561163
1.3339999914169	-3.8987898118003
1.3387000560760	-3.9946347696300
1.3434000015259	-4.0915479620713
1.3480999469757	-4.1897496621430
1.3528000116348	-4.2894569293082
1.3574999570847	-4.3908367834360
1.3622000217438	-4.4939778732968
1.3668999671936	-4.5988875000357
1.3716000318527	-4.7054916594375
1.3762999773026	-4.8136531284947
1.3810000419617	-4.9232182736816
1.3856999874115	-5.0340537744621
1.3904000520706	-5.1460957439814
1.3950999975204	-5.2593769796057
1.3997999429703	-5.3740381190394
1.4045000076294	-5.4903234721269
1.4091999530792	-5.6085508491230
1.4139000177383	-5.7290619285495
1.4185999631882	-5.8521768818250
1.4233000278473	-5.9781422007322
1.4279999732971	-6.1071002895252
1.4327000379562	-6.2390714049608
1.4373999834061	-6.3739749663728
1.4421000480652	-6.5116550101140
1.4467999935150	-6.6519323580875
1.4515000581741	-6.7946677444053
1.4562000036240	-6.9398087985667
1.4608999490738	-7.0874302048081
1.4656000137329	-7.2377433122463
1.4702999591827	-7.3910820722590
1.4750000238419	-7.5478622804285
1.4796999692917	-7.7085268188600
1.4844000339508	-7.8734738048452
1.4890999794006	-8.0430040172789
1.4938000440598	-8.2172737542180
1.4984999895096	-8.3962828060738
1.5032000541687	-8.5798871663465
1.5078999996185	-8.7678387441215
1.5125999450684	-8.9598509280326
1.5173000097275	-9.1556659261771
1.5219999551773	-9.3551252488145
1.5267000198364	-9.5582143857058
1.5313999652863	-9.7650818477363
1.5361000299454	-9.9760226242858
1.5407999753952	-10.191426347140
1.5455000400543	-10.411702249443
1.5501999855042	-10.637191465148
1.5549000501633	-10.868077820877
1.5595999956131	-11.104330331779
1.5642999410629	-11.345658753071
1.5690000057220	-11.591528383405
1.5736999511719	-11.841192267143
1.5784000158310	-12.093774792599
1.5830999612808	-12.348361728481
1.5878000259399	-12.604100399120
1.5924999713898	-12.860268091249
1.5972000360489	-13.116322163131
1.6018999814987	-13.371886071705
1.6066000461578	-13.626705252826
1.6112999916077	-13.880532832098
1.6160000562668	-14.133043036290
1.6207000017166	-14.383681843080
1.6253999471664	-14.631600932736
1.6301000118256	-14.875594985858
1.6347999572754	-15.114114011131
1.6395000219345	-15.345331035701
1.6441999673843	-15.567284456112
1.6489000320435	-15.778023422075
1.6535999774933	-15.975809408627
1.6583000421524	-16.159275497009
1.6629999876022	-16.327554798528
1.6677000522614	-16.480314727409
1.6723999977112	-16.617748508783
1.6770999431610	-16.740463064470
1.6818000078201	-16.849346050067
1.6864999532700	-16.945379724724
1.6912000179291	-17.029480960610
1.6958999633789	-17.102401237439
1.7006000280380	-17.164629828584
1.7052999734879	-17.216456189542
1.7100000381470	-17.258017560227
1.7146999835968	-17.289461864984
1.7194000482559	-17.311104965731
1.7240999937057	-17.323566077509
1.7288000583649	-17.327873888392
1.7335000038147	-17.325489636935
1.7381999492645	-17.318231273228
1.7429000139236	-17.308140811134
1.7475999593735	-17.297261515431
1.7523000240326	-17.287450661261
1.7569999694824	-17.280171857760
1.7617000341415	-17.276397336881
1.7663999795914	-17.276543095341
1.7711000442505	-17.280541369761
1.7757999897003	-17.287982019322
1.7805000543594	-17.298310687539
1.7851999998093	-17.311063338432
1.7898999452591	-17.326059607147
1.7946000099182	-17.343552768053
1.7992999553680	-17.364274986647
1.8040000200272	-17.389363393808
1.8086999654770	-17.420227192585
1.8134000301361	-17.458314602602
1.8180999755859	-17.504904811665
1.8228000402451	-17.560902452765
1.8274999856949	-17.626736459569
1.8322000503540	-17.702316164054
1.8368999958038	-17.787117399320
1.8415999412537	-17.880369871619
1.8463000059128	-17.981260668497
1.8509999513626	-18.089187989013
1.8557000160217	-18.204004926463
1.8603999614716	-18.326120798808
1.8651000261307	-18.456531292460
1.8697999715805	-18.596748007314
1.8745000362396	-18.748597717161
1.8791999816895	-18.913962678650
1.8839000463486	-19.094578249821
1.8885999917984	-19.291799575931
1.8933000564575	-19.506509962256
1.8980000019073	-19.739108434381
1.9026999473572	-19.989660281811
1.9074000120163	-20.258095292761
1.9120999574661	-20.544522901088
1.9168000221252	-20.849576841483
1.9214999675751	-21.174675200500
1.9262000322342	-21.522238240540
1.9308999776840	-21.895796154247
1.9356000423431	-22.299942111936
1.9402999877930	-22.740216703378
1.9450000524521	-23.222977946657
1.9496999979019	-23.755291184490
1.9543999433517	-24.344957645734
1.9591000080109	-25.000812842894
1.9637999534607	-25.733316051385
1.9685000181198	-26.555581820306
1.9731999635696	-27.485317342044
1.9779000282288	-28.547695622522
1.9825999736786	-29.780512823554
1.9873000383377	-31.243288144366
1.9919999837875	-33.035888929699
1.9967000484467	-35.340947185469
2.0013999938965	-38.541645218062
2.0060999393463	-43.627096519793
2.0107998847961	-51.523419706523
2.0155000686646	-44.496446848872
2.0202000141144	-38.749474565360
2.0248999595642	-35.160687680496
2.0295999050140	-32.572910871508
2.0343000888824	-30.552560436846
2.0390000343323	-28.897430538739
2.0436999797821	-27.496949412654
2.0483999252319	-26.283623463862
2.0531001091003	-25.212911535315
2.0578000545502	-24.253744829170
2.0625000000000	-23.383689582416
2.0671999454498	-22.586292944156
2.0718998908997	-21.849460070376
2.0766000747681	-21.164355631190
2.0813000202179	-20.524621519349
2.0859999656677	-19.925637271881
2.0906999111176	-19.364030886978
2.0954000949860	-18.837115707993
2.1001000404358	-18.342573651577
2.1047999858856	-17.878187269558
2.1094999313354	-17.441670883174
2.1142001152039	-17.030674519880
2.1189000606537	-16.642799797298
2.1236000061035	-16.275718282608
2.1282999515533	-15.927311469416
2.1329998970032	-15.595790174745
2.1377000808716	-15.279784242732
2.1424000263214	-14.978370939011
2.1470999717712	-14.691036932307
2.1517999172211	-14.417591472647
2.1565001010895	-14.158021019901
2.1612000465393	-13.912348274221
2.1658999919891	-13.680493412368
2.1705999374390	-13.462186664778
2.1752998828888	-13.256919632153
2.1800000667572	-13.063962256809
2.1847000122070	-12.882419404999
2.1893999576569	-12.711351884573
2.1940999031067	-12.549871213575
2.1988000869751	-12.397255681105
2.2035000324249	-12.253013094416
2.2081999778748	-12.116924017170
2.2128999233246	-11.988987151987
2.2176001071930	-11.869382981251
2.2223000526428	-11.758341036169
2.2269999980927	-11.656057207110
2.2316999435425	-11.562584218296
2.2363998889923	-11.477784604997
2.2411000728607	-11.401313782414
2.2458000183105	-11.332650959073
2.2504999637604	-11.271167605522
2.2551999092102	-11.216233408365
2.2599000930786	-11.167303351932
2.2646000385284	-11.124001853034
2.2692999839783	-11.086163020673
2.2739999294281	-11.053835893782
2.2787001132965	-11.027236769229
2.2834000587463	-11.006670705087
2.2881000041962	-10.992436127899
2.2927999496460	-10.984732022152
2.2974998950958	-10.983600968644
2.3022000789642	-10.988886231644
2.3069000244141	-11.000260929072
2.3115999698639	-11.017272915432
2.3162999153137	-11.039433223090
2.3210000991821	-11.066308566142
2.3257000446320	-11.097609349319
2.3303999900818	-11.133244998649
2.3350999355316	-11.173326156774
2.3397998809814	-11.218155301938
2.3445000648499	-11.268138579415
2.3492000102997	-11.323704941315
2.3538999557495	-11.385211196966
2.3585999011993	-11.452864468980
2.3633000850677	-11.526682386147
2.3680000305176	-11.606492203375
2.3726999759674	-11.691985928468
2.3773999214172	-11.782792830745
2.3821001052856	-11.878571879881
2.3868000507355	-11.979118208602
2.3914999961853	-12.084426970691
2.3961999416351	-12.194720552482
2.4008998870850	-12.310433272909
2.4056000709534	-12.432148424321
2.4103000164032	-12.560499472378
2.4149999618530	-12.696089126756
2.4196999073029	-12.839360364149
2.4244000911713	-12.990579847993
2.4291000366211	-13.149794041690
2.4337999820709	-13.316881932222
2.4384999275208	-13.491637612141
2.4432001113892	-13.673880057527
2.4479000568390	-13.863548128360
2.4526000022888	-14.060832195964
2.4572999477386	-14.266191312918
2.4619998931885	-14.480385251219
2.4667000770569	-14.704386258916
2.4714000225067	-14.939307448104
2.4760999679565	-15.186261374315
2.4807999134064	-15.446243591134
2.4855000972748	-15.720035120556
2.4902000427246	-16.008184321229
2.4948999881744	-16.311010199900
2.4995999336243	-16.628714511368
2.5043001174927	-16.961496151129
2.5090000629425	-17.309727746771
2.5137000083923	-17.674102104210
2.5183999538422	-18.055740515503
2.5230998992920	-18.456195226831
2.5278000831604	-18.877372282382
2.5325000286102	-19.321357600218
2.5371999740601	-19.790101817634
2.5418999195099	-20.285063223847
2.5466001033783	-20.806802140325
2.5513000488281	-21.354477560144
2.5559999942780	-21.925356761331
2.5606999397278	-22.514194338646
2.5653998851776	-23.112543215197
2.5701000690460	-23.707921712039
2.5748000144958	-24.282908877579
2.5794999599457	-24.814283309495
2.5841999053955	-25.272995412830
2.5889000892639	-25.625726771713
2.5936000347137	-25.839355012952
2.5982999801636	-25.888240109274
2.6029999256134	-25.762034200461
2.6077001094818	-25.469873266182
2.6124000549316	-25.037983760830
2.6171000003815	-24.502172402254
2.6217999458313	-23.899324609567
2.6264998912811	-23.261433591576
2.6312000751495	-22.613042400752
2.6359000205994	-21.971131545743
2.6405999660492	-21.346307578428
2.6452999114990	-20.744314499038
2.6500000953674	-20.167527793302
2.6547000408173	-19.616177308842
2.6593999862671	-19.089296509863
2.6640999317169	-18.585445341135
2.6688001155853	-18.103171849977
2.6735000610352	-17.641275823189
2.6782000064850	-17.198892095272
2.6828999519348	-16.775460696898
2.6875998973846	-16.370584967008
2.6923000812531	-15.983898380847
2.6970000267029	-15.614902841280
2.7016999721527	-15.262893252990
2.7063999176025	-14.926907823869
2.7111001014709	-14.605764964371
2.7158000469208	-14.298164183026
2.7204999923706	-14.002784434324
2.7251999378204	-13.718425627797
2.7298998832703	-13.444091138534
2.7346000671387	-13.179076989484
2.7393000125885	-12.922948655046
2.7439999580383	-12.675514570804
2.7486999034882	-12.436730243504
2.7534000873566	-12.206591422627
2.7581000328064	-11.985036063765
2.7627999782562	-11.771861252851
2.7674999237061	-11.566685508029
2.7722001075745	-11.368964082285
2.7769000530243	-11.178036782139
2.7815999984741	-10.993201873060
2.7862999439240	-10.813807243306
2.7909998893738	-10.639337765308
2.7957000732422	-10.469450222678
2.8004000186920	-10.303998543513
2.8050999641418	-10.142997410928
2.8097999095917	-9.9865713456920
2.8145000934601	-9.8348582091398
2.8192000389099	-9.6879501810682
2.8238999843597	-9.5458148580720
2.8285999298096	-9.4082744543547
2.8333001136780	-9.2750183350443
2.8380000591278	-9.1456186371389
2.8427000045776	-9.0196170738239
2.8473999500275	-8.8965940078085
2.8520998954773	-8.7762230674025
2.8568000793457	-8.6583315861208
2.8615000247955	-8.5428905728848
2.8661999702454	-8.4300086036803
2.8708999156952	-8.3198686545692
2.8756000995636	-8.2126716102991
2.8803000450134	-8.1085578351648
2.8849999904633	-8.0075701542631
2.8896999359131	-7.9096048029089
2.8943998813629	-7.8144526258001
2.8991000652313	-7.7218005088079
2.9038000106812	-7.6313104575493
2.9084999561310	-7.5426758202869
2.9131999015808	-7.4556794248953
2.9179000854492	-7.3702248581001
2.9226000308990	-7.2863537954714
2.9272999763489	-7.2042136579742
2.9319999217987	-7.1240174789481
2.9367001056671	-7.0459800607560
2.9414000511169	-6.9702574696197
2.9460999965668	-6.8969044490749
2.9507999420166	-6.8258589205810
2.9554998874664	-6.7569455028253
2.9602000713348	-6.6899123261260
2.9649000167847	-6.6244771515296
2.9695999622345	-6.5604001113876
2.9742999076843	-6.4975145941082
2.9790000915527	-6.4357750983603
2.9837000370026	-6.3752540768546
2.9883999824524	-6.3161081998313
2.9930999279022	-6.2585533650562
2.9978001117706	-6.2027940702988
3.0025000572205	-6.1489808158776
3.0072000026703	-6.0971617601423
3.0118999481201	-6.0472752985996
3.0165998935699	-5.9991566512238
3.0213000774384	-5.9525770519520
3.0260000228882	-5.9072849873614
3.0306999683380	-5.8630689342325
3.0353999137878	-5.8198028136182
3.0401000976562	-5.7774618097624
3.0448000431061	-5.7361250469285
3.0494999885559	-5.6959598236272
3.0541999340057	-5.6571705476419
3.0589001178741	-5.6199457229947
3.0636000633240	-5.5844128654545
3.0683000087738	-5.5506053785793
3.0729999542236	-5.5184498120254
3.0776998996735	-5.4877793796085
3.0824000835419	-5.4583756667578
3.0871000289917	-5.4300045744651
3.0917999744415	-5.4024756154116
3.0964999198914	-5.3756847459853
3.1012001037598	-5.3496221930932
3.1059000492096	-5.3243839594551
3.1105999946594	-5.3001344265952
3.1152999401093	-5.2770649808062
3.1199998855591	-5.2553541429979
3.1247000694275	-5.2351044466385
3.1294000148773	-5.2163301178819
3.1340999603271	-5.1989467214542
3.1387999057770	-5.1827777956797
3.1435000896454	-5.1676083217631
3.1482000350952	-5.1532187623961
3.1528999805450	-5.1394361654943
3.1575999259949	-5.1261731303734
3.1623001098633	-5.1134410740541
3.1670000553131	-5.1013442126811
3.1717000007629	-5.0900469936125
3.1763999462128	-5.0797407240477
3.1810998916626	-5.0705780243758
3.1858000755310	-5.0626429666690
3.1905000209808	-5.0559296944594
3.1951999664307	-5.0503262556474
3.1998999118805	-5.0456535870331
3.2046000957489	-5.0416819542616
3.2093000411987	-5.0382019829659
3.2139999866486	-5.0350504368213
3.2186999320984	-5.0321539089877
3.2234001159668	-5.0295345735263
3.2281000614166	-5.0273048827268
3.2328000068665	-5.0256257254264
3.2374999523163	-5.0246672703512
3.2421998977661	-5.0245633008387
3.2469000816345	-5.0253624098663
3.2516000270844	-5.0270160864265
3.2562999725342	-5.0293789820939
3.2609999179840	-5.0322367372666
3.2657001018524	-5.0353408231079
3.2704000473022	-5.0384581721023
3.2750999927521	-5.0414207605478
3.2797999382019	-5.0441461181113
3.2844998836517	-5.0466531477801
3.2892000675201	-5.0490335421052
3.2939000129700	-5.0514241246445
3.2985999584198	-5.0539545975633
3.3032999038696	-5.0567002715066
3.3080000877380	-5.0596439486612
3.3127000331879	-5.0626689229152
3.3173999786377	-5.0655515529770
3.3220999240875	-5.0680126388633
3.3268001079559	-5.0697452991731
3.3315000534058	-5.0704693198637
3.3361999988556	-5.0699753963423
3.3408999443054	-5.0681537261897
3.3455998897552	-5.0649849580645
3.3503000736237	-5.0605262437244
3.3550000190735	-5.0548621473082
3.3596999645233	-5.0480632129444
3.3643999099731	-5.0401326877798
3.3691000938416	-5.0309822428443
3.3738000392914	-5.0204239490854
3.3784999847412	-5.0081818362095
3.3831999301910	-4.9939432149935
3.3879001140594	-4.9773963126037
3.3926000595093	-4.9582942840080
3.3973000049591	-4.9364827636577
3.4019999504089	-4.9119285539033
3.4066998958588	-4.8847166397632
3.4114000797272	-4.8550078824536
3.4161000251770	-4.8230032056144
3.4207999706268	-4.7888931938388
3.4254999160767	-4.7528199919278
3.4302000999451	-4.7148585762095
3.4349000453949	-4.6750061229327
3.4395999908447	-4.6332271442423
3.4442999362946	-4.5894814712310
3.4489998817444	-4.5437760720154
3.4537000656128	-4.4962133575048
3.4584000110626	-4.4470070173141
3.4630999565125	-4.3964958828664
3.4677999019623	-4.3451129126111
3.4725000858307	-4.2933508271917
3.4772000312805	-4.2417052712957
3.4818999767303	-4.1906302955430
3.4865999221802	-4.1404979722832
3.4913001060486	-4.0915864495585
3.4960000514984	-4.0440801157133
3.5006999969482	-3.9980950180252
3.5053999423981	-3.9537188848576
3.5100998878479	-3.9110510202889
3.5148000717163	-3.8702358984391
3.5195000171661	-3.8314777479636
3.5241999626160	-3.7950398890910
3.5288999080658	-3.7612250492836
3.5336000919342	-3.7303388141948
3.5383000373840	-3.7026466401131
3.5429999828339	-3.6783399963108
3.5476999282837	-3.6575106578010
3.5524001121521	-3.6401429516313
3.5571000576019	-3.6261288752810
3.5618000030518	-3.6152990916948
3.5664999485016	-3.6074578949786
3.5711998939514	-3.6024280492874
3.5759000778198	-3.6000871892532
3.5806000232697	-3.6003784483709
3.5852999687195	-3.6033205259001
3.5899999141693	-3.6089819363348
3.5947000980377	-3.6174564583922
3.5994000434875	-3.6288166263021
3.6040999889374	-3.6430910867624
3.6087999343872	-3.6602311753624
3.6135001182556	-3.6801069767266
3.6182000637054	-3.7025215530263
3.6229000091553	-3.7272324388675
3.6275999546051	-3.7539960400215
3.6322999000549	-3.7826023394854
3.6370000839233	-3.8129080251548
3.6417000293732	-3.8448534456083
3.6463999748230	-3.8784642094924
3.6510999202728	-3.9138270937191
3.6558001041412	-3.9510636002999
3.6605000495911	-3.9902801069654
3.6651999950409	-4.0315398739066
3.6698999404907	-4.0748332061709
3.6745998859406	-4.1200707663687
3.6793000698090	-4.1670872285926
3.6840000152588	-4.2156816818838
3.6886999607086	-4.2656418965381
3.6933999061584	-4.3168002601131
3.6981000900269	-4.3690482779731
3.7028000354767	-4.4223759256834
3.7074999809265	-4.4768547425870
3.7121999263763	-4.5326195984379
3.7169001102448	-4.5898372784809
3.7216000556946	-4.6486548027476
3.7263000011444	-4.7091632551871
3.7309999465942	-4.7713745568197
3.7356998920441	-4.8351952323534
3.7404000759125	-4.9004637126035
3.7451000213623	-4.9669598758609
3.7497999668121	-5.0344592869417
3.7544999122620	-5.1027762204116
3.7592000961304	-5.1718025620658
3.7639000415802	-5.2415238845178
3.7685999870300	-5.3120144187136
3.7732999324799	-5.3834185181251
3.7780001163483	-5.4559007407623
3.7827000617981	-5.5295929710238
3.7874000072479	-5.6045551252393
3.7920999526978	-5.6807397563865
3.7967998981476	-5.7579848594843
3.8015000820160	-5.8360268176308
3.8062000274658	-5.9145485897955
3.8108999729156	-5.9932214986676
3.8155999183655	-6.0717708933026
3.8203001022339	-6.1500096087208
3.8250000476837	-6.2278604420984
3.8296999931335	-6.3053553968529
3.8343999385834	-6.3825895190619
3.8390998840332	-6.4596711707622
3.8438000679016	-6.5366690858438
3.8485000133514	-6.6135416609342
3.8531999588013	-6.6901203188085
3.8578999042511	-6.7661010108638
3.8626000881195	-6.8410738278676
3.8673000335693	-6.9145800635676
3.8719999790192	-6.9861777650858
3.8766999244690	-7.0555152323772
3.8814001083374	-7.1223752576555
3.8861000537872	-7.1866907281474
3.8907999992371	-7.2485301835155
3.8954999446869	-7.3080399264718
3.9001998901367	-7.3653841657936
3.9049000740051	-7.4206564024103
3.9096000194550	-7.4738412701903
3.9142999649048	-7.5247731271002
3.9189999103546	-7.5731652411690
3.9237000942230	-7.6186490422620
3.9284000396729	-7.6608606093017
3.9330999851227	-7.6995139307206
3.9377999305725	-7.7344801935970
3.9425001144409	-7.7658151104153
3.9472000598907	-7.7937654152486
3.9519000053406	-7.8187170847030
3.9565999507904	-7.8411134738994
3.9612998962402	-7.8613769602313
3.9660000801086	-7.8798205351790
3.9707000255585	-7.8966056711455
3.9753999710083	-7.9117343000938
3.9800999164581	-7.9250766687909
3.9848001003265	-7.9364501843295
3.9895000457764	-7.9457018217679
3.9941999912262	-7.9527926263876
3.9988999366760	-7.9578507810186
4.0036001205444	-7.9611866418988
4.0082998275757	-7.9632677841040
4.0130000114441	-7.9646429568015
4.0177001953125	-7.9658619821986
4.0223999023438	-7.9673791328243
4.0271000862122	-7.9694868219142
4.0317997932434	-7.9722875615723
4.0364999771118	-7.9757085238076
4.0412001609802	-7.9795542273362
4.0458998680115	-7.9835875849755
4.0506000518799	-7.9876250663683
4.0553002357483	-7.9916117407348
4.0599999427795	-7.9956622870102
4.0647001266479	-8.0000635519914
4.0693998336792	-8.0052307317518
4.0741000175476	-8.0116294374937
4.0788002014160	-8.0196892091685
4.0834999084473	-8.0297093020207
4.0882000923157	-8.0418148563232
4.0928997993469	-8.0559267604931
4.0975999832153	-8.0718033891328
4.1023001670837	-8.0890977766294
4.1069998741150	-8.1074515066987
4.1117000579834	-8.1265883580658
4.1163997650146	-8.1463817624778
4.1210999488831	-8.1668974438982
4.1258001327515	-8.1883797686056
4.1304998397827	-8.2111897412685
4.1352000236511	-8.2357297247218
4.1399002075195	-8.2623407082206
4.1445999145508	-8.2912148969111
4.1493000984192	-8.3223463609238
4.1539998054504	-8.3555241074241
4.1586999893188	-8.3903713430795
4.1634001731873	-8.4264226969118
4.1680998802185	-8.4632247816949
4.1728000640869	-8.5004362413425
4.1774997711182	-8.5379029568647
4.1821999549866	-8.5756811243420
4.1869001388550	-8.6140236327846
4.1915998458862	-8.6533039242038
4.1963000297546	-8.6939179387819
4.2010002136230	-8.7361802114455
4.2056999206543	-8.7802299778038
4.2104001045227	-8.8259846312053
4.2150998115540	-8.8731452864037
4.2197999954224	-8.9212445092692
4.2245001792908	-8.9697541928447
4.2291998863220	-9.0181962056291
4.2339000701904	-9.0662546574511
4.2385997772217	-9.1138527729904
4.2432999610901	-9.1611795429095
4.2480001449585	-9.2086427451733
4.2526998519897	-9.2567983629684
4.2574000358582	-9.3062237651293
4.2621002197266	-9.3574013168670
4.2667999267578	-9.4106345994613
4.2715001106262	-9.4660011372930
4.2761998176575	-9.5233769050017
4.2809000015259	-9.5825086606181
4.2856001853943	-9.6431344846340
4.2902998924255	-9.7051127393531
4.2950000762939	-9.7685244280274
4.2996997833252	-9.8337490873914
4.3043999671936	-9.9014510242793
4.3091001510620	-9.9725210099885
4.3137998580933	-10.047939919382
4.3185000419617	-10.128642228522
4.3232002258301	-10.215351578385
4.3278999328613	-10.308485054239
4.3326001167297	-10.408088036648
4.3372998237610	-10.513857133955
4.3420000076294	-10.625221786884
4.3467001914978	-10.741470605503
4.3513998985291	-10.861918564643
4.3561000823975	-10.986036548580
4.3607997894287	-11.113551898786
4.3654999732971	-11.244470222432
4.3702001571655	-11.379017014750
4.3748998641968	-11.517513751779
4.3796000480652	-11.660211365634
4.3843002319336	-11.807125516849
4.3889999389648	-11.957915446870
4.3937001228333	-12.111839691023
4.3983998298645	-12.267799625905
4.4031000137329	-12.424493494259
4.4078001976013	-12.580616183611
4.4124999046326	-12.735100865101
4.4172000885010	-12.887313069133
4.4218997955322	-13.037152747721
4.4265999794006	-13.185037981912
4.4313001632690	-13.331744618744
4.4359998703003	-13.478166701542
4.4407000541687	-13.625021103423
4.4454002380371	-13.772595521601
4.4500999450684	-13.920590690494
4.4548001289368	-14.068110329804
4.4594998359680	-14.213801814013
4.4642000198364	-14.356121468083
4.4689002037048	-14.493690668695
4.4735999107361	-14.625607203556
4.4783000946045	-14.751670108834
4.4829998016357	-14.872416919399
4.4876999855042	-14.988954857140
4.4924001693726	-15.102639062007
4.4970998764038	-15.214659498600
4.5018000602722	-15.325662660825
4.5064997673035	-15.435494970985
4.5111999511719	-15.543131558685
4.5159001350403	-15.646861942021
4.5205998420715	-15.744626499337
4.5253000259399	-15.834506148543
4.5300002098083	-15.915195716499
4.5346999168396	-15.986321988660
4.5394001007080	-16.048525579188
4.5440998077393	-16.103262710607
4.5487999916077	-16.152370558093
4.5535001754761	-16.197530554542
4.5581998825073	-16.239766192535
4.5629000663757	-16.279103980375
4.5675997734070	-16.314522601733
4.5722999572754	-16.344163799166
4.5770001411438	-16.365788557425
4.5816998481750	-16.377383075907
4.5864000320435	-16.377707578409
4.5911002159119	-16.366680201909
4.5957999229431	-16.345433772474
4.6005001068115	-16.316024328316
4.6051998138428	-16.280921765940
4.6098999977112	-16.242373320597
4.6146001815796	-16.201862296044
4.6192998886108	-16.159761389386
4.6240000724792	-16.115301868504
4.6286997795105	-16.066836640865
4.6333999633789	-16.012336504586
4.6381001472473	-15.950000459306
4.6427998542786	-15.878828229337
4.6475000381470	-15.798958794305
4.6522002220154	-15.711719281838
4.6568999290466	-15.619327452971
4.6616001129150	-15.524391469556
4.6662998199463	-15.429289592354
4.6710000038147	-15.335652205496
4.6757001876831	-15.244042869425
4.6803998947144	-15.153907411078
4.6851000785828	-15.063799395986
4.6897997856140	-14.971825484806
4.6944999694824	-14.876201509945
4.6992001533508	-14.775772842045
4.7038998603821	-14.670383994236
4.7086000442505	-14.560950923913
4.7133002281189	-14.449286665538
4.7179999351501	-14.337674519001
4.7227001190186	-14.228338309325
4.7273998260498	-14.122941964323
4.7321000099182	-14.022249772225
4.7368001937866	-13.926012886329
4.7414999008179	-13.833080523040
4.7462000846863	-13.741730759462
4.7508997917175	-13.650143395579
4.7555999755859	-13.556892985936
4.7603001594543	-13.461331159401
4.7649998664856	-13.363785921021
4.7697000503540	-13.265489906028
4.7744002342224	-13.168310601717
4.7790999412537	-13.074290008880
4.7838001251221	-12.985193229495
4.7884998321533	-12.902104526411
4.7932000160217	-12.825209680581
4.7979001998901	-12.753786304954
4.8025999069214	-12.686399556379
4.8073000907898	-12.621272904411
4.8119997978210	-12.556734612675
4.8166999816895	-12.491643880167
4.8214001655579	-12.425678470021
4.8260998725891	-12.359447379611
4.8308000564575	-12.294322781366
4.8354997634888	-12.232127276903
4.8401999473572	-12.174689507275
4.8449001312256	-12.123399389483
4.8495998382568	-12.078897865430
4.8543000221252	-12.040917097869
4.8590002059937	-12.008331475327
4.8636999130249	-11.979419593215
4.8684000968933	-11.952255347409
4.8730998039246	-11.925164802045
4.8777999877930	-11.897129370851
4.8825001716614	-11.868034774612
4.8871998786926	-11.838687934323
4.8919000625610	-11.810625455764
4.8965997695923	-11.785707511766
4.9012999534607	-11.765659817535
4.9060001373291	-11.751640197166
4.9106998443604	-11.743928864372
4.9154000282288	-11.741836360588
4.9201002120972	-11.743819188031
4.9247999191284	-11.747811707129
4.9295001029968	-11.751663409412
4.9341998100281	-11.753660478850
4.9388999938965	-11.752903303055
4.9436001777649	-11.749480615946
4.9482998847961	-11.744426043280
4.9530000686646	-11.739362171812
4.9576997756958	-11.735986810706
4.9623999595642	-11.735529981160
4.9671001434326	-11.738250335949
4.9717998504639	-11.743162711111
4.9765000343323	-11.748002712259
4.9812002182007	-11.749497689536
4.9858999252319	-11.743865716805
4.9906001091003	-11.727474550580
4.9952998161316	-11.697489227689
5.0000000000000	-11.652351761794
