#Parameters = {R_fat=48; R_glandular=38; R_skin_outer=50; T10=5; T15=7.5; T5=2.5; T_rad=4; T_x=10; T_y=0; T_z=75; Zc=65; skin_thickness=2; Mesh Pass=1}
#"Frequency / GHz"	"S1,1 (Mesh Pass=1) [Magnitude / dB]"
#-------------------------------------------------------
0.30000001192093	-6.7528735541629
0.30469998717308	-6.6239682737487
0.30939999222755	-6.4978276795129
0.31409999728203	-6.3708575052187
0.31880000233650	-6.2391639217824
0.32350000739098	-6.0995521866606
0.32820001244545	-5.9503561637954
0.33289998769760	-5.7918989970236
0.33759999275208	-5.6264445556166
0.34229999780655	-5.4576751490438
0.34700000286102	-5.2898543067440
0.35170000791550	-5.1269250818512
0.35640001296997	-4.9717330347269
0.36109998822212	-4.8255338604340
0.36579999327660	-4.6878294152556
0.37049999833107	-4.5565590096801
0.37520000338554	-4.4286139269543
0.37990000844002	-4.3005921465686
0.38460001349449	-4.1696432389319
0.38929998874664	-4.0342072713604
0.39399999380112	-3.8944268566068
0.39869999885559	-3.7521393957084
0.40340000391006	-3.6104221683672
0.40810000896454	-3.4728617228282
0.41280001401901	-3.3427199647225
0.41749998927116	-3.2221923916453
0.42219999432564	-3.1119236887394
0.42689999938011	-3.0108443819180
0.43160000443459	-2.9163982475994
0.43630000948906	-2.8251280809153
0.44100001454353	-2.7335158530704
0.44569998979568	-2.6388825210584
0.45039999485016	-2.5401018198990
0.45509999990463	-2.4379082794117
0.45980000495911	-2.3347048601774
0.46450001001358	-2.2339423529580
0.46919998526573	-2.1392178343026
0.47389999032021	-2.0533650142201
0.47859999537468	-1.9777268984697
0.48330000042915	-1.9117642963314
0.48800000548363	-1.8531314792329
0.49270001053810	-1.7982027256140
0.49739998579025	-1.7429760019018
0.50209999084473	-1.6841195803460
0.50679999589920	-1.6199021210013
0.51150000095367	-1.5506783605316
0.51620000600815	-1.4788034049513
0.52090001106262	-1.4079815701415
0.52560001611710	-1.3422713717784
0.53030002117157	-1.2849788409098
0.53500002622604	-1.2377687443203
0.53969997167587	-1.2001629949853
0.54439997673035	-1.1695841773003
0.54909998178482	-1.1419633672183
0.55379998683929	-1.1127916726736
0.55849999189377	-1.0783592320522
0.56319999694824	-1.0368287968353
0.56790000200272	-0.98878921633707
0.57260000705719	-0.93710589416584
0.57730001211166	-0.88612336930526
0.58200001716614	-0.84045159678515
0.58670002222061	-0.80369564723571
0.59140002727509	-0.77742511512644
0.59609997272491	-0.76067793749122
0.60079997777939	-0.75012449331751
0.60549998283386	-0.74089390526468
0.61019998788834	-0.72788208205322
0.61489999294281	-0.70724270035031
0.61959999799728	-0.67754209960047
0.62430000305176	-0.64024963381775
0.62900000810623	-0.59935754215673
0.63370001316071	-0.56024700234537
0.63840001821518	-0.52817001410257
0.64310002326965	-0.50673463999299
0.64780002832413	-0.49682518732968
0.65249997377396	-0.49623058631125
0.65719997882843	-0.50009616993836
0.66189998388290	-0.50219942956620
0.66659998893738	-0.49672065810530
0.67129999399185	-0.48006086806133
0.67599999904633	-0.45206122307665
0.68070000410080	-0.41622687397752
0.68540000915527	-0.37879824804397
0.69010001420975	-0.34698790476493
0.69480001926422	-0.32686203854221
0.69950002431870	-0.32147764384655
0.70420002937317	-0.32973625537986
0.70889997482300	-0.34630964224306
0.71359997987747	-0.36281675179166
0.71829998493195	-0.37015554371469
0.72299998998642	-0.36146829782999
0.72769999504089	-0.33489460067006
0.73240000009537	-0.29510189756460
0.73710000514984	-0.25299768014712
0.74180001020432	-0.22368210689693
0.74650001525879	-0.22322025360191
0.75120002031326	-0.26505190166438
0.75590002536774	-0.35667169479934
0.76059997081757	-0.49696509675910
0.76529997587204	-0.67460783770812
0.76999998092651	-0.86802681781451
0.77469998598099	-1.0477122125279
0.77939999103546	-1.1815437167405
0.78409999608994	-1.2428115970682
0.78880000114441	-1.2184858899287
0.79350000619888	-1.1138629598059
0.79820001125336	-0.95093611084458
0.80290001630783	-0.76151291557958
0.80760002136230	-0.57871978384014
0.81230002641678	-0.43002105354796
0.81699997186661	-0.33292759580342
0.82169997692108	-0.29307206767049
0.82639998197556	-0.30416500980265
0.83109998703003	-0.34963891303937
0.83579999208450	-0.40617747655243
0.84049999713898	-0.44912749990506
0.84520000219345	-0.45910497250466
0.84990000724792	-0.42790461129353
0.85460001230240	-0.36145421962296
0.85930001735687	-0.27841381862057
0.86400002241135	-0.20519074654834
0.86870002746582	-0.16948715381206
0.87339997291565	-0.19437601959023
0.87809997797012	-0.29382897278835
0.88279998302460	-0.46978283734753
0.88749998807907	-0.71043569295753
0.89219999313354	-0.98978090490078
0.89689999818802	-1.2690549295816
0.90160000324249	-1.5016155411945
0.90630000829697	-1.6426609085465
0.91100001335144	-1.6623475509601
0.91570001840591	-1.5564813909351
0.92040002346039	-1.3478493411210
0.92510002851486	-1.0771903711084
0.92979997396469	-0.78992997960834
0.93449997901917	-0.52544687425534
0.93919998407364	-0.31145416819902
0.94389998912811	-0.16245796210396
0.94859999418259	-0.080592283430421
0.95329999923706	-0.057652474731390
0.95800000429153	-0.077907953232172
0.96270000934601	-0.12154690732991
0.96740001440048	-0.16858821830652
0.97210001945496	-0.20275172845702
0.97680002450943	-0.21446495184775
0.98150002956390	-0.20212458327923
0.98619997501373	-0.17119723894473
0.99089998006821	-0.13156398198633
0.99559998512268	-0.094111681605560
1.0003000497818	-0.067693581257811
1.0049999952316	-0.057140162151809
1.0096999406815	-0.062595457309564
1.0144000053406	-0.080058949218632
1.0190999507904	-0.10285852726990
1.0238000154495	-0.12362550230526
1.0284999608994	-0.13630823576575
1.0332000255585	-0.13769178351080
1.0378999710083	-0.12802784083722
1.0426000356674	-0.11063813291915
1.0472999811172	-0.090684466428855
1.0520000457764	-0.073562313880159
1.0566999912262	-0.063404555016756
1.0614000558853	-0.062104508001119
1.0661000013351	-0.069009105101961
1.0707999467850	-0.081316009361776
1.0755000114441	-0.094981833545922
1.0801999568939	-0.10590402064098
1.0849000215530	-0.11104720878914
1.0895999670029	-0.10921051240901
1.0943000316620	-0.10123577520851
1.0989999771118	-0.089617738388631
1.1037000417709	-0.077689410813620
1.1083999872208	-0.068625156337104
1.1131000518799	-0.064590991917738
1.1177999973297	-0.066234447302202
1.1224999427795	-0.072612677883990
1.1272000074387	-0.081564491123907
1.1318999528885	-0.090374055891966
1.1366000175476	-0.096543747199711
1.1412999629974	-0.098472374029335
1.1460000276566	-0.095844248180316
1.1506999731064	-0.089637473057639
1.1554000377655	-0.081751369109795
1.1600999832153	-0.074431682761087
1.1648000478745	-0.069620722586762
1.1694999933243	-0.068454156498421
1.1742000579834	-0.071017140458001
1.1789000034332	-0.076418117094061
1.1835999488831	-0.083108888585538
1.1883000135422	-0.089366683222948
1.1929999589920	-0.093804081367772
1.1977000236511	-0.095735615790761
1.2023999691010	-0.095310462187329
1.2071000337601	-0.093404419067751
1.2117999792099	-0.091281170242104
1.2165000438690	-0.090164121211759
1.2211999893188	-0.090835494740483
1.2259000539780	-0.093395063930889
1.2305999994278	-0.097228435271570
1.2352999448776	-0.10119507016027
1.2400000095367	-0.10397055397062
1.2446999549866	-0.10445323681483
1.2494000196457	-0.10210620547367
1.2540999650955	-0.097135080522634
1.2588000297546	-0.090450716257061
1.2634999752045	-0.083429342001285
1.2682000398636	-0.077549242528603
1.2728999853134	-0.073996048767900
1.2776000499725	-0.073359717733352
1.2822999954224	-0.075489949044309
1.2869999408722	-0.079574450909880
1.2917000055313	-0.084349226783710
1.2963999509811	-0.088464352455548
1.3011000156403	-0.090833011575190
1.3057999610901	-0.090910186221785
1.3105000257492	-0.088818725987818
1.3151999711990	-0.085280072220688
1.3199000358582	-0.081385643325608
1.3245999813080	-0.078277824011013
1.3293000459671	-0.076833554196371
1.3339999914169	-0.077438839795936
1.3387000560760	-0.079894257483221
1.3434000015259	-0.083503862171575
1.3480999469757	-0.087284139138194
1.3528000116348	-0.090243976691045
1.3574999570847	-0.091669922014582
1.3622000217438	-0.091299706118584
1.3668999671936	-0.089393459794447
1.3716000318527	-0.086624456566105
1.3762999773026	-0.083894037387012
1.3810000419617	-0.082053473212955
1.3856999874115	-0.081675740697272
1.3904000520706	-0.082906143893441
1.3950999975204	-0.085444879734752
1.3997999429703	-0.088636253890354
1.4045000076294	-0.091666570072975
1.4091999530792	-0.093805852294201
1.4139000177383	-0.094596020063947
1.4185999631882	-0.093981111842423
1.4233000278473	-0.092304785948736
1.4279999732971	-0.090198828567960
1.4327000379562	-0.088395030181706
1.4373999834061	-0.087522801461208
1.4421000480652	-0.087934324803419
1.4467999935150	-0.089607154786720
1.4515000581741	-0.092182834601797
1.4562000036240	-0.095057665307719
1.4608999490738	-0.097572453198089
1.4656000137329	-0.099198261848803
1.4702999591827	-0.099673926468637
1.4750000238419	-0.099078859162843
1.4796999692917	-0.097798583567658
1.4844000339508	-0.096401872588819
1.4890999794006	-0.095485859137698
1.4938000440598	-0.095492257409653
1.4984999895096	-0.096606663121587
1.5032000541687	-0.098705088235635
1.5078999996185	-0.10140337391863
1.5125999450684	-0.10416327362584
1.5173000097275	-0.10646851445048
1.5219999551773	-0.10794521005049
1.5267000198364	-0.10848542236848
1.5313999652863	-0.10825706062764
1.5361000299454	-0.10765100972193
1.5407999753952	-0.10717003846966
1.5455000400543	-0.10728095037876
1.5501999855042	-0.10828820062504
1.5549000501633	-0.11024809642404
1.5595999956131	-0.11297557581699
1.5642999410629	-0.11608539760597
1.5690000057220	-0.11912045766688
1.5736999511719	-0.12167992547986
1.5784000158310	-0.12352817507002
1.5830999612808	-0.12466440648996
1.5878000259399	-0.12530622661438
1.5924999713898	-0.12583987056942
1.5972000360489	-0.12669462358314
1.6018999814987	-0.12822959588308
1.6066000461578	-0.13063300022393
1.6112999916077	-0.13387918499601
1.6160000562668	-0.13773672548973
1.6207000017166	-0.14184947034022
1.6253999471664	-0.14583446342040
1.6301000118256	-0.14938774965353
1.6347999572754	-0.15238279763645
1.6395000219345	-0.15488970991190
1.6441999673843	-0.15716012208613
1.6489000320435	-0.15955016392417
1.6535999774933	-0.16241567204128
1.6583000421524	-0.16602524887630
1.6629999876022	-0.17047390436079
1.6677000522614	-0.17567144069722
1.6723999977112	-0.18136994682427
1.6770999431610	-0.18723812596677
1.6818000078201	-0.19295519009331
1.6864999532700	-0.19830245703367
1.6912000179291	-0.20322328423956
1.6958999633789	-0.20783062593664
1.7006000280380	-0.21237843965597
1.7052999734879	-0.21717308426946
1.7100000381470	-0.22249919306698
1.7146999835968	-0.22852840069252
1.7194000482559	-0.23527456186295
1.7240999937057	-0.24258924681595
1.7288000583649	-0.25020857012165
1.7335000038147	-0.25781195102757
1.7381999492645	-0.26512919509797
1.7429000139236	-0.27198855961112
1.7475999593735	-0.27837635819819
1.7523000240326	-0.28441474940312
1.7569999694824	-0.29033280745310
1.7617000341415	-0.29638275786232
1.7663999795914	-0.30276614504711
1.7711000442505	-0.30956652249861
1.7757999897003	-0.31672771728613
1.7805000543594	-0.32405588660136
1.7851999998093	-0.33127620040916
1.7898999452591	-0.33810071892177
1.7946000099182	-0.34429917939404
1.7992999553680	-0.34976545732113
1.8040000200272	-0.35452607907786
1.8086999654770	-0.35873446593439
1.8134000301361	-0.36261407160197
1.8180999755859	-0.36639665899411
1.8228000402451	-0.37023724898987
1.8274999856949	-0.37418672306356
1.8322000503540	-0.37816578540721
1.8368999958038	-0.38198563473507
1.8415999412537	-0.38541371849730
1.8463000059128	-0.38822544263378
1.8509999513626	-0.39027489477445
1.8557000160217	-0.39153761869479
1.8603999614716	-0.39211262580904
1.8651000261307	-0.39219683164023
1.8697999715805	-0.39202936266895
1.8745000362396	-0.39182906255012
1.8791999816895	-0.39173965258077
1.8839000463486	-0.39178656730931
1.8885999917984	-0.39188060963870
1.8933000564575	-0.39185523757651
1.8980000019073	-0.39150779712776
1.9026999473572	-0.39067051010370
1.9074000120163	-0.38925907363322
1.9120999574661	-0.38730037604023
1.9168000221252	-0.38492741505155
1.9214999675751	-0.38234379066785
1.9262000322342	-0.37977469418266
1.9308999776840	-0.37740023323391
1.9356000423431	-0.37531770543968
1.9402999877930	-0.37351350055689
1.9450000524521	-0.37187614889797
1.9496999979019	-0.37023149438279
1.9543999433517	-0.36839419108521
1.9591000080109	-0.36622623085260
1.9637999534607	-0.36367627092870
1.9685000181198	-0.36079509595775
1.9731999635696	-0.35772764224758
1.9779000282288	-0.35466496462553
1.9825999736786	-0.35180049528757
1.9873000383377	-0.34927567829126
1.9919999837875	-0.34714271632486
1.9967000484467	-0.34534961964843
2.0013999938965	-0.34376528719235
2.0060999393463	-0.34221160349818
2.0107998847961	-0.34051909402793
2.0155000686646	-0.33857234401215
2.0202000141144	-0.33634794929223
2.0248999595642	-0.33391520876252
2.0295999050140	-0.33142234270196
2.0343000888824	-0.32905499360015
2.0390000343323	-0.32698125016055
2.0436999797821	-0.32531165735497
2.0483999252319	-0.32406377633069
2.0531001091003	-0.32316448214369
2.0578000545502	-0.32246855162206
2.0625000000000	-0.32180082649984
2.0671999454498	-0.32100720095414
2.0718998908997	-0.31999872012844
2.0766000747681	-0.31877494562216
2.0813000202179	-0.31742738513807
2.0859999656677	-0.31611421464989
2.0906999111176	-0.31501529396650
2.0954000949860	-0.31428624691593
2.1001000404358	-0.31401543153584
2.1047999858856	-0.31419704777818
2.1094999313354	-0.31473676919623
2.1142001152039	-0.31548028126437
2.1189000606537	-0.31625243612055
2.1236000061035	-0.31690969044835
2.1282999515533	-0.31738302602623
2.1329998970032	-0.31769642124289
2.1377000808716	-0.31796590526763
2.1424000263214	-0.31836720958259
2.1470999717712	-0.31909216293425
2.1517999172211	-0.32029402486989
2.1565001010895	-0.32205487786036
2.1612000465393	-0.32435164951454
2.1658999919891	-0.32707396407165
2.1705999374390	-0.33004754580110
2.1752998828888	-0.33309206798628
2.1800000667572	-0.33606510327906
2.1847000122070	-0.33891262576385
2.1893999576569	-0.34168753715673
2.1940999031067	-0.34454257066899
2.1988000869751	-0.34769479432915
2.2035000324249	-0.35137483592775
2.2081999778748	-0.35576455355624
2.2128999233246	-0.36094891707048
2.2176001071930	-0.36689947786455
2.2223000526428	-0.37347355936315
2.2269999980927	-0.38045956460326
2.2316999435425	-0.38763612089157
2.2363998889923	-0.39484347753333
2.2411000728607	-0.40203965707624
2.2458000183105	-0.40933094905817
2.2504999637604	-0.41696614617191
2.2551999092102	-0.42528144148459
2.2599000930786	-0.43462004702943
2.2646000385284	-0.44523241117967
2.2692999839783	-0.45718163813067
2.2739999294281	-0.47027381506582
2.2787001132965	-0.48403472341542
2.2834000587463	-0.49774246555081
2.2881000041962	-0.51050997638693
2.2927999496460	-0.52141814382468
2.2974998950958	-0.52966175415849
2.3022000789642	-0.53470631620270
2.3069000244141	-0.53639075823548
2.3115999698639	-0.53498946295964
2.3162999153137	-0.53119292649264
2.3210000991821	-0.52601975216215
2.3257000446320	-0.52067640686682
2.3303999900818	-0.51639256797213
2.3350999355316	-0.51425036510901
2.3397998809814	-0.51506108493699
2.3445000648499	-0.51927807279402
2.3492000102997	-0.52697730273143
2.3538999557495	-0.53788691645230
2.3585999011993	-0.55147352668746
2.3633000850677	-0.56704353425962
2.3680000305176	-0.58386398235677
2.3726999759674	-0.60127066791630
2.3773999214172	-0.61874407896704
2.3821001052856	-0.63595503690764
2.3868000507355	-0.65276072492404
2.3914999961853	-0.66917052187778
2.3961999416351	-0.68528655901977
2.4008998870850	-0.70123438189639
2.4056000709534	-0.71710148916343
2.4103000164032	-0.73289928233016
2.4149999618530	-0.74854237032278
2.4196999073029	-0.76386809517913
2.4244000911713	-0.77866271576404
2.4291000366211	-0.79270580948354
2.4337999820709	-0.80581378574248
2.4384999275208	-0.81786972757055
2.4432001113892	-0.82883619705932
2.4479000568390	-0.83874905888751
2.4526000022888	-0.84769589953955
2.4572999477386	-0.85578014818949
2.4619998931885	-0.86309279020552
2.4667000770569	-0.86968115840645
2.4714000225067	-0.87554588957479
2.4760999679565	-0.88063959281897
2.4807999134064	-0.88488856751020
2.4855000972748	-0.88821698445282
2.4902000427246	-0.89057620003356
2.4948999881744	-0.89196227144895
2.4995999336243	-0.89242791435723
2.5043001174927	-0.89207140706023
2.5090000629425	-0.89102558898855
2.5137000083923	-0.88942664539190
2.5183999538422	-0.88739598101762
2.5230998992920	-0.88501736542687
2.5278000831604	-0.88233076212568
2.5325000286102	-0.87933637402435
2.5371999740601	-0.87600674760622
2.5418999195099	-0.87231163071506
2.5466001033783	-0.86823588542758
2.5513000488281	-0.86379520896817
2.5559999942780	-0.85904486776515
2.5606999397278	-0.85406934251045
2.5653998851776	-0.84897202224260
2.5701000690460	-0.84385712765681
2.5748000144958	-0.83880756722209
2.5794999599457	-0.83387413830131
2.5841999053955	-0.82906617656286
2.5889000892639	-0.82436155504699
2.5936000347137	-0.81971740692366
2.5982999801636	-0.81508963504201
2.6029999256134	-0.81044763967126
2.6077001094818	-0.80579125900275
2.6124000549316	-0.80115098888807
2.6171000003815	-0.79658188579525
2.6217999458313	-0.79215660341592
2.6264998912811	-0.78794154380686
2.6312000751495	-0.78398689972978
2.6359000205994	-0.78031068414757
2.6405999660492	-0.77690210272940
2.6452999114990	-0.77372018728161
2.6500000953674	-0.77071295301418
2.6547000408173	-0.76783104323489
2.6593999862671	-0.76504008099175
2.6640999317169	-0.76233377951877
2.6688001155853	-0.75973352402172
2.6735000610352	-0.75728573786122
2.6782000064850	-0.75504378705090
2.6828999519348	-0.75305845738155
2.6875998973846	-0.75136282962857
2.6923000812531	-0.74995952956903
2.6970000267029	-0.74882519920961
2.7016999721527	-0.74791495452502
2.7063999176025	-0.74717681728448
2.7111001014709	-0.74656313318164
2.7158000469208	-0.74604637717924
2.7204999923706	-0.74562095593270
2.7251999378204	-0.74531069508239
2.7298998832703	-0.74515842154891
2.7346000671387	-0.74521203342340
2.7393000125885	-0.74551243612360
2.7439999580383	-0.74608158804834
2.7486999034882	-0.74691390693406
2.7534000873566	-0.74798325681448
2.7581000328064	-0.74924364112341
2.7627999782562	-0.75064476429880
2.7674999237061	-0.75214654645566
2.7722001075745	-0.75372607063733
2.7769000530243	-0.75538924058045
2.7815999984741	-0.75716203195744
2.7862999439240	-0.75908517619102
2.7909998893738	-0.76120586747812
2.7957000732422	-0.76355800617393
2.8004000186920	-0.76615638140791
2.8050999641418	-0.76899279488143
2.8097999095917	-0.77203800539950
2.8145000934601	-0.77524651680906
2.8192000389099	-0.77857468953268
2.8238999843597	-0.78199033921984
2.8285999298096	-0.78547911019294
2.8333001136780	-0.78905440522957
2.8380000591278	-0.79274801038154
2.8427000045776	-0.79660055231807
2.8473999500275	-0.80065765441756
2.8520998954773	-0.80494796634099
2.8568000793457	-0.80948113843130
2.8615000247955	-0.81424343095055
2.8661999702454	-0.81920423415799
2.8708999156952	-0.82432090948336
2.8756000995636	-0.82955399123610
2.8803000450134	-0.83487943760130
2.8849999904633	-0.84029332153739
2.8896999359131	-0.84581198115633
2.8943998813629	-0.85147324908333
2.8991000652313	-0.85732108152050
2.9038000106812	-0.86339311790849
2.9084999561310	-0.86971426008981
2.9131999015808	-0.87629101389455
2.9179000854492	-0.88310394133165
2.9226000308990	-0.89012011595262
2.9272999763489	-0.89729835904691
2.9319999217987	-0.90460617693896
2.9367001056671	-0.91202421074818
2.9414000511169	-0.91955570050227
2.9460999965668	-0.92722111840246
2.9507999420166	-0.93505873035254
2.9554998874664	-0.94310975936763
2.9602000713348	-0.95140790913507
2.9649000167847	-0.95997011363509
2.9695999622345	-0.96879089560579
2.9742999076843	-0.97784672298227
2.9790000915527	-0.98709949208434
2.9837000370026	-0.99650831408253
2.9883999824524	-1.0060431866998
2.9930999279022	-1.0156858643621
2.9978001117706	-1.0254431652932
3.0025000572205	-1.0353384524918
3.0072000026703	-1.0454054138915
3.0118999481201	-1.0556774477197
3.0165998935699	-1.0661776571219
3.0213000774384	-1.0769103940487
3.0260000228882	-1.0878577814896
3.0306999683380	-1.0989832632472
3.0353999137878	-1.1102407312973
3.0401000976562	-1.1215834362990
3.0448000431061	-1.1329785741274
3.0494999885559	-1.1444084916622
3.0541999340057	-1.1558764920081
3.0589001178741	-1.1674012400190
3.0636000633240	-1.1790091271502
3.0683000087738	-1.1907200732454
3.0729999542236	-1.2025426658245
3.0776998996735	-1.2144611582509
3.0824000835419	-1.2264405370488
3.0871000289917	-1.2384311737099
3.0917999744415	-1.2503711417119
3.0964999198914	-1.2622080258893
3.1012001037598	-1.2739024836838
3.1059000492096	-1.2854334367140
3.1105999946594	-1.2967991341222
3.1152999401093	-1.3080150924104
3.1199998855591	-1.3190966892510
3.1247000694275	-1.3300535083276
3.1294000148773	-1.3408797095553
3.1340999603271	-1.3515448796012
3.1387999057770	-1.3620020915005
3.1435000896454	-1.3721883327491
3.1482000350952	-1.3820425335150
3.1528999805450	-1.3915100642030
3.1575999259949	-1.4005558188039
3.1623001098633	-1.4091680142282
3.1670000553131	-1.4173520266482
3.1717000007629	-1.4251286752073
3.1763999462128	-1.4325206616803
3.1810998916626	-1.4395393991842
3.1858000755310	-1.4461814338759
3.1905000209808	-1.4524266908483
3.1951999664307	-1.4582343103193
3.1998999118805	-1.4635591356058
3.2046000957489	-1.4683639544016
3.2093000411987	-1.4726194089841
3.2139999866486	-1.4763239430852
3.2186999320984	-1.4794976806228
3.2234001159668	-1.4821815029006
3.2281000614166	-1.4844262822964
3.2328000068665	-1.4862808519149
3.2374999523163	-1.4877870110492
3.2421998977661	-1.4889683549422
3.2469000816345	-1.4898312969072
3.2516000270844	-1.4903727574052
3.2562999725342	-1.4905875547074
3.2609999179840	-1.4904805420397
3.2657001018524	-1.4900768830881
3.2704000473022	-1.4894246875127
3.2750999927521	-1.4885968539761
3.2797999382019	-1.4876822074677
3.2844998836517	-1.4867765078238
3.2892000675201	-1.4859722680237
3.2939000129700	-1.4853511278732
3.2985999584198	-1.4849773612497
3.3032999038696	-1.4849031147399
3.3080000877380	-1.4851746132759
3.3127000331879	-1.4858419078542
3.3173999786377	-1.4869737804324
3.3220999240875	-1.4886594390023
3.3268001079559	-1.4910186942323
3.3315000534058	-1.4941943055387
3.3361999988556	-1.4983480612552
3.3408999443054	-1.5036511601625
3.3455998897552	-1.5102738649588
3.3503000736237	-1.5183779743268
3.3550000190735	-1.5281205608612
3.3596999645233	-1.5396550800314
3.3643999099731	-1.5531400194736
3.3691000938416	-1.5687517287888
3.3738000392914	-1.5866943100764
3.3784999847412	-1.6072087624292
3.3831999301910	-1.6305688960124
3.3879001140594	-1.6570819817863
3.3926000595093	-1.6870760161126
3.3973000049591	-1.7208879749737
3.4019999504089	-1.7588511897265
3.4066998958588	-1.8012850129936
3.4114000797272	-1.8484816881402
3.4161000251770	-1.9007081970012
3.4207999706268	-1.9581962641907
3.4254999160767	-2.0211385638793
3.4302000999451	-2.0896775561237
3.4349000453949	-2.1638834418434
3.4395999908447	-2.2437288214394
3.4442999362946	-2.3290484755895
3.4489998817444	-2.4194951468308
3.4537000656128	-2.5145004108272
3.4584000110626	-2.6132248281731
3.4630999565125	-2.7145462857008
3.4677999019623	-2.8170450188251
3.4725000858307	-2.9190322455090
3.4772000312805	-3.0186063403552
3.4818999767303	-3.1137298816383
3.4865999221802	-3.2023487091415
3.4913001060486	-3.2825062381437
3.4960000514984	-3.3524719287237
3.5006999969482	-3.4108497081625
3.5053999423981	-3.4566551380002
3.5100998878479	-3.4893666410718
3.5148000717163	-3.5089288171960
3.5195000171661	-3.5157270270742
3.5241999626160	-3.5105257320119
3.5288999080658	-3.4943978997862
3.5336000919342	-3.4686394493325
3.5383000373840	-3.4346793726982
3.5429999828339	-3.3940045503949
3.5476999282837	-3.3480757108944
3.5524001121521	-3.2982740206544
3.5571000576019	-3.2458498021593
3.5618000030518	-3.1918917247394
3.5664999485016	-3.1373105705268
3.5711998939514	-3.0828446725873
3.5759000778198	-3.0290722321245
3.5806000232697	-2.9764350550060
3.5852999687195	-2.9252713010962
3.5899999141693	-2.8758364709079
3.5947000980377	-2.8283328040400
3.5994000434875	-2.7829235004009
3.6040999889374	-2.7397402976674
3.6087999343872	-2.6988805662178
3.6135001182556	-2.6604107902971
3.6182000637054	-2.6243564853970
3.6229000091553	-2.5907047904995
3.6275999546051	-2.5594058919286
3.6322999000549	-2.5303835811264
3.6370000839233	-2.5035502101607
3.6417000293732	-2.4788136525873
3.6463999748230	-2.4561002134216
3.6510999202728	-2.4353574239888
3.6558001041412	-2.4165518885299
3.6605000495911	-2.3996729035510
3.6651999950409	-2.3847183538448
3.6698999404907	-2.3716833188744
3.6745998859406	-2.3605536353839
3.6793000698090	-2.3512950202098
3.6840000152588	-2.3438602166435
3.6886999607086	-2.3381916222273
3.6933999061584	-2.3342269430687
3.6981000900269	-2.3319204931197
3.7028000354767	-2.3312471784486
3.7074999809265	-2.3322072933343
3.7121999263763	-2.3348263477257
3.7169001102448	-2.3391543054160
3.7216000556946	-2.3452458651286
3.7263000011444	-2.3531547066362
3.7309999465942	-2.3629216883128
3.7356998920441	-2.3745708394018
3.7404000759125	-2.3881109143253
3.7451000213623	-2.4035411663598
3.7497999668121	-2.4208636486007
3.7544999122620	-2.4400915326124
3.7592000961304	-2.4612634063144
3.7639000415802	-2.4844418958841
3.7685999870300	-2.5097136956172
3.7732999324799	-2.5371838628985
3.7780001163483	-2.5669507535306
3.7827000617981	-2.5991115265592
3.7874000072479	-2.6337362622766
3.7920999526978	-2.6708631014075
3.7967998981476	-2.7105080233423
3.8015000820160	-2.7526610403540
3.8062000274658	-2.7972972816726
3.8108999729156	-2.8443911812118
3.8155999183655	-2.8939159288581
3.8203001022339	-2.9458503517980
3.8250000476837	-3.0001604627815
3.8296999931335	-3.0568004021154
3.8343999385834	-3.1156799283924
3.8390998840332	-3.1766579938599
3.8438000679016	-3.2395176070147
3.8485000133514	-3.3039724795666
3.8531999588013	-3.3696602861356
3.8578999042511	-3.4361566641363
3.8626000881195	-3.5029926597838
3.8673000335693	-3.5696735916463
3.8719999790192	-3.6356949448992
3.8766999244690	-3.7005538479405
3.8814001083374	-3.7637550897257
3.8861000537872	-3.8248075617612
3.8907999992371	-3.8832277062600
3.8954999446869	-3.9385296760558
3.9001998901367	-3.9902409251212
3.9049000740051	-4.0379146708337
3.9096000194550	-4.0811487999193
3.9142999649048	-4.1196210930553
3.9189999103546	-4.1531135151104
3.9237000942230	-4.1815308039364
3.9284000396729	-4.2049083548672
3.9330999851227	-4.2234067708925
3.9377999305725	-4.2372900633523
3.9425001144409	-4.2468950997176
3.9472000598907	-4.2526028239031
3.9519000053406	-4.2548125342556
3.9565999507904	-4.2539239723995
3.9612998962402	-4.2503325798512
3.9660000801086	-4.2444356567066
3.9707000255585	-4.2366415111188
3.9753999710083	-4.2273769507202
3.9800999164581	-4.2170960715662
3.9848001003265	-4.2062713748944
3.9895000457764	-4.1953858545832
3.9941999912262	-4.1849099971411
3.9988999366760	-4.1752863589300
4.0036001205444	-4.1669118841793
4.0082998275757	-4.1601306261515
4.0130000114441	-4.1552383834607
4.0177001953125	-4.1524932089035
4.0223999023438	-4.1521371064452
4.0271000862122	-4.1544174880720
4.0317997932434	-4.1596107126600
4.0364999771118	-4.1680258950368
4.0412001609802	-4.1800178053361
4.0458998680115	-4.1959771640847
4.0506000518799	-4.2163182965607
4.0553002357483	-4.2414683255586
4.0599999427795	-4.2718580588790
4.0647001266479	-4.3079176786632
4.0693998336792	-4.3500849810135
4.0741000175476	-4.3988208836933
4.0788002014160	-4.4546323152802
4.0834999084473	-4.5180916115566
4.0882000923157	-4.5898632282592
4.0928997993469	-4.6707124441400
4.0975999832153	-4.7615079094726
4.1023001670837	-4.8632068859002
4.1069998741150	-4.9768346145588
4.1117000579834	-5.1034472270885
4.1163997650146	-5.2440895751340
4.1210999488831	-5.3997456851095
4.1258001327515	-5.5712837658897
4.1304998397827	-5.7593993442833
4.1352000236511	-5.9645478747524
4.1399002075195	-6.1868660027769
4.1445999145508	-6.4260945167572
4.1493000984192	-6.6814713461390
4.1539998054504	-6.9516405394883
4.1586999893188	-7.2345504888284
4.1634001731873	-7.5273775180255
4.1680998802185	-7.8265016214356
4.1728000640869	-8.1275339656950
4.1774997711182	-8.4254475912480
4.1821999549866	-8.7148124857665
4.1869001388550	-8.9901101349429
4.1915998458862	-9.2461143311444
4.1963000297546	-9.4782503734887
4.2010002136230	-9.6828815788258
4.2056999206543	-9.8574477453239
4.2104001045227	-10.000440670765
4.2150998115540	-10.111242717190
4.2197999954224	-10.189905768317
4.2245001792908	-10.236926830531
4.2291998863220	-10.253113344999
4.2339000701904	-10.239534365614
4.2385997772217	-10.197554614353
4.2432999610901	-10.128894166341
4.2480001449585	-10.035672495023
4.2526998519897	-9.9203791050151
4.2574000358582	-9.7857861098293
4.2621002197266	-9.6348018525494
4.2667999267578	-9.4703123796674
4.2715001106262	-9.2950558663142
4.2761998176575	-9.1115279425158
4.2809000015259	-8.9219618373225
4.2856001853943	-8.7283395556186
4.2902998924255	-8.5324331927834
4.2950000762939	-8.3358403370233
4.2996997833252	-8.1400128099480
4.3043999671936	-7.9462474745734
4.3091001510620	-7.7556716976198
4.3137998580933	-7.5692009996125
4.3185000419617	-7.3875189788553
4.3232002258301	-7.2110588459911
4.3278999328613	-7.0400171773119
4.3326001167297	-6.8743934594265
4.3372998237610	-6.7140447521453
4.3420000076294	-6.5587509938264
4.3467001914978	-6.4082767650323
4.3513998985291	-6.2624166549198
4.3561000823975	-6.1210170899681
4.3607997894287	-5.9839731908776
4.3654999732971	-5.8512112946272
4.3702001571655	-5.7226535196562
4.3748998641968	-5.5981903218629
4.3796000480652	-5.4776636331263
4.3843002319336	-5.3608625553760
4.3889999389648	-5.2475349316118
4.3937001228333	-5.1374275585162
4.3983998298645	-5.0303105283856
4.4031000137329	-4.9260100578776
4.4078001976013	-4.8244331454458
4.4124999046326	-4.7255567451673
4.4172000885010	-4.6294226438268
4.4218997955322	-4.5360990060174
4.4265999794006	-4.4456517901562
4.4313001632690	-4.3581162111610
4.4359998703003	-4.2734741815275
4.4407000541687	-4.1916579168360
4.4454002380371	-4.1125596221658
4.4500999450684	-4.0360592246716
4.4548001289368	-3.9620542276916
4.4594998359680	-3.8904805992619
4.4642000198364	-3.8213336541673
4.4689002037048	-3.7546618394306
4.4735999107361	-3.6905548535408
4.4783000946045	-3.6291163702014
4.4829998016357	-3.5704420748099
4.4876999855042	-3.5145883591431
4.4924001693726	-3.4615664017094
4.4970998764038	-3.4113425883743
4.5018000602722	-3.3638509577906
4.5064997673035	-3.3190251466388
4.5111999511719	-3.2768221140264
4.5159001350403	-3.2372469201912
4.5205998420715	-3.2003701796570
4.5253000259399	-3.1663188880133
4.5300002098083	-3.1352725869838
4.5346999168396	-3.1074295607177
4.5394001007080	-3.0829837891956
4.5440998077393	-3.0621005183952
4.5487999916077	-3.0448991528427
4.5535001754761	-3.0314495098635
4.5581998825073	-3.0217900266998
4.5629000663757	-3.0159382836963
4.5675997734070	-3.0139194700644
4.5722999572754	-3.0157835369561
4.5770001411438	-3.0216102462653
4.5816998481750	-3.0315085030094
4.5864000320435	-3.0455914145417
4.5911002159119	-3.0639487025075
4.5957999229431	-3.0866174276727
4.6005001068115	-3.1135512244021
4.6051998138428	-3.1446033602108
4.6098999977112	-3.1795286030413
4.6146001815796	-3.2180010210852
4.6192998886108	-3.2596402220962
4.6240000724792	-3.3040443121306
4.6286997795105	-3.3508259443001
4.6333999633789	-3.3996248320262
4.6381001472473	-3.4501060601841
4.6427998542786	-3.5019442426503
4.6475000381470	-3.5547874725928
4.6522002220154	-3.6082121687354
4.6568999290466	-3.6616909816011
4.6616001129150	-3.7145757679590
4.6662998199463	-3.7660937569036
4.6710000038147	-3.8153836727803
4.6757001876831	-3.8615414176763
4.6803998947144	-3.9036792185690
4.6851000785828	-3.9409898408633
4.6897997856140	-3.9727802280127
4.6944999694824	-3.9985059595522
4.6992001533508	-4.0177634269665
4.7038998603821	-4.0302831472489
4.7086000442505	-4.0359038561508
4.7133002281189	-4.0345632897117
4.7179999351501	-4.0262970644662
4.7227001190186	-4.0112590415902
4.7273998260498	-3.9897441207896
4.7321000099182	-3.9622189509798
4.7368001937866	-3.9293307570882
4.7414999008179	-3.8918995552511
4.7462000846863	-3.8508758573812
4.7508997917175	-3.8072860841404
4.7555999755859	-3.7621519556994
4.7603001594543	-3.7164198415057
4.7649998664856	-3.6709036836713
4.7697000503540	-3.6262547375795
4.7744002342224	-3.5829574290352
4.7790999412537	-3.5413534860567
4.7838001251221	-3.5016839846405
4.7884998321533	-3.4641400305689
4.7932000160217	-3.4289009506304
4.7979001998901	-3.3961619314247
4.8025999069214	-3.3661369337384
4.8073000907898	-3.3390408073069
4.8119997978210	-3.3150529198979
4.8166999816895	-3.2942916066829
4.8214001655579	-3.2767735503071
4.8260998725891	-3.2624166011932
4.8308000564575	-3.2510363094276
4.8354997634888	-3.2423914584685
4.8401999473572	-3.2362196064511
4.8449001312256	-3.2322910547389
4.8495998382568	-3.2304486715193
4.8543000221252	-3.2306209539563
4.8590002059937	-3.2328269262677
4.8636999130249	-3.2371441069222
4.8684000968933	-3.2436615919950
4.8730998039246	-3.2524374186502
4.8777999877930	-3.2634585336497
4.8825001716614	-3.2766222616041
4.8871998786926	-3.2917395351750
4.8919000625610	-3.3085764507139
4.8965997695923	-3.3268950103446
4.9012999534607	-3.3465048853503
4.9060001373291	-3.3673183758849
4.9106998443604	-3.3893544849920
4.9154000282288	-3.4127356869482
4.9201002120972	-3.4376591007465
4.9247999191284	-3.4643305750742
4.9295001029968	-3.4929113963822
4.9341998100281	-3.5234754177768
4.9388999938965	-3.5559808759463
4.9436001777649	-3.5902784719200
4.9482998847961	-3.6261588607478
4.9530000686646	-3.6633981128060
4.9576997756958	-3.7018303353527
4.9623999595642	-3.7413913251475
4.9671001434326	-3.7821416285913
4.9717998504639	-3.8242495388298
4.9765000343323	-3.8679535766308
4.9812002182007	-3.9134903677186
4.9858999252319	-3.9610259001471
4.9906001091003	-4.0106085168752
4.9952998161316	-4.0621349747157
5.0000000000000	-4.1153810049883
#Parameters = {R_fat=48; R_glandular=38; R_skin_outer=50; T10=5; T15=7.5; T5=2.5; T_rad=4; T_x=10; T_y=0; T_z=75; Zc=65; skin_thickness=2; Mesh Pass=2}
#"Frequency / GHz"	"S1,1 (Mesh Pass=2) [Magnitude / dB]"
#-------------------------------------------------------
0.30000001192093	-8.8228232300029
0.30469998717308	-8.5192752886338
0.30939999222755	-8.3206728632802
0.31409999728203	-8.2807365134442
0.31880000233650	-8.4184686942863
0.32350000739098	-8.7204144868776
0.32820001244545	-9.1358128135554
0.33289998769760	-9.5654876258425
0.33759999275208	-9.8639981771410
0.34229999780655	-9.8937429341273
0.34700000286102	-9.6254167460895
0.35170000791550	-9.1753893973861
0.35640001296997	-8.7249710828129
0.36109998822212	-8.4284641188542
0.36579999327660	-8.3884944013367
0.37049999833107	-8.6773243623659
0.37520000338554	-9.3721792536524
0.37990000844002	-10.601308239187
0.38460001349449	-12.632624326863
0.38929998874664	-16.156443096621
0.39399999380112	-24.074457567398
0.39869999885559	-27.186464321179
0.40340000391006	-16.044781327732
0.40810000896454	-11.284205273199
0.41280001401901	-8.4002660348368
0.41749998927116	-6.5287912491736
0.42219999432564	-5.3313358354715
0.42689999938011	-4.6226008888601
0.43160000443459	-4.2806112837548
0.43630000948906	-4.2183005331880
0.44100001454353	-4.3701241426673
0.44569998979568	-4.6810111862153
0.45039999485016	-5.0945348939181
0.45509999990463	-5.5416554550581
0.45980000495911	-5.9370191496269
0.46450001001358	-6.1946494964912
0.46919998526573	-6.2648305888018
0.47389999032021	-6.1641133709492
0.47859999537468	-5.9641392596497
0.48330000042915	-5.7497689738176
0.48800000548363	-5.5852950874771
0.49270001053810	-5.5040857342838
0.49739998579025	-5.5121850791861
0.50209999084473	-5.5946519138627
0.50679999589920	-5.7207396568588
0.51150000095367	-5.8494840121244
0.51620000600815	-5.9388702718305
0.52090001106262	-5.9589331648969
0.52560001611710	-5.9031092098019
0.53030002117157	-5.7897619523087
0.53500002622604	-5.6523411731381
0.53969997167587	-5.5253869571404
0.54439997673035	-5.4342270195755
0.54909998178482	-5.3906689646571
0.55379998683929	-5.3928942330150
0.55849999189377	-5.4274625178366
0.56319999694824	-5.4728508577956
0.56790000200272	-5.5048618091331
0.57260000705719	-5.5036434401245
0.57730001211166	-5.4601684446719
0.58200001716614	-5.3789266957633
0.58670002222061	-5.2752537992843
0.59140002727509	-5.1690140065486
0.59609997272491	-5.0780331574587
0.60079997777939	-5.0136619526230
0.60549998283386	-4.9788982492128
0.61019998788834	-4.9685460307946
0.61489999294281	-4.9709557049453
0.61959999799728	-4.9711825181250
0.62430000305176	-4.9552239694958
0.62900000810623	-4.9142743873365
0.63370001316071	-4.8473612325534
0.63840001821518	-4.7611590674562
0.64310002326965	-4.6671892039165
0.64780002832413	-4.5778522043249
0.65249997377396	-4.5028853596380
0.65719997882843	-4.4471113654692
0.66189998388290	-4.4096586258626
0.66659998893738	-4.3845304047251
0.67129999399185	-4.3623542290939
0.67599999904633	-4.3330794521589
0.68070000410080	-4.2889468741539
0.68540000915527	-4.2268099252947
0.69010001420975	-4.1488894738420
0.69480001926422	-4.0617295114890
0.69950002431870	-3.9738894362318
0.70420002937317	-3.8933341990620
0.70889997482300	-3.8253181311414
0.71359997987747	-3.7711871558528
0.71829998493195	-3.7282404551859
0.72299998998642	-3.6906018610343
0.72769999504089	-3.6509489464689
0.73240000009537	-3.6026863109482
0.73710000514984	-3.5419244191290
0.74180001020432	-3.4685757836216
0.74650001525879	-3.3862067497067
0.75120002031326	-3.3007399671488
0.75590002536774	-3.2185908584974
0.76059997081757	-3.1448247736972
0.76529997587204	-3.0818422845325
0.76999998092651	-3.0288613783164
0.77469998598099	-2.9822496372263
0.77939999103546	-2.9366579922542
0.78409999608994	-2.8866575509365
0.78880000114441	-2.8284047372832
0.79350000619888	-2.7607949908561
0.79820001125336	-2.6857169165313
0.80290001630783	-2.6073417846752
0.80760002136230	-2.5307632500115
0.81230002641678	-2.4604530453849
0.81699997186661	-2.3989989336845
0.82169997692108	-2.3464422389485
0.82639998197556	-2.3003843221639
0.83109998703003	-2.2567956786430
0.83579999208450	-2.2113471369069
0.84049999713898	-2.1608227561751
0.84520000219345	-2.1041634519530
0.84990000724792	-2.0427963525276
0.85460001230240	-1.9801158663083
0.85930001735687	-1.9203633946055
0.86400002241135	-1.8672922355872
0.86870002746582	-1.8230195027807
0.87339997291565	-1.7874441954892
0.87809997797012	-1.7583773048901
0.88279998302460	-1.7323501012945
0.88749998807907	-1.7058694902327
0.89219999313354	-1.6767056860443
0.89689999818802	-1.6447591178491
0.90160000324249	-1.6122093246060
0.90630000829697	-1.5828485451859
0.91100001335144	-1.5608888025613
0.91570001840591	-1.5496308308777
0.92040002346039	-1.5504395739524
0.92510002851486	-1.5624059478897
0.92979997396469	-1.5827755956881
0.93449997901917	-1.6081152486979
0.93919998407364	-1.6358209996062
0.94389998912811	-1.6654790055771
0.94859999418259	-1.6995648133636
0.95329999923706	-1.7431857370512
0.95800000429153	-1.8029368480684
0.96270000934601	-1.8852413904157
0.96740001440048	-1.9947785451682
0.97210001945496	-2.1335254305305
0.97680002450943	-2.3008339147972
0.98150002956390	-2.4946366293327
0.98619997501373	-2.7136231132118
0.99089998006821	-2.9598383619116
0.99559998512268	-3.2409533162662
1.0003000497818	-3.5714651174011
1.0049999952316	-3.9724836894878
1.0096999406815	-4.4704025416765
1.0144000053406	-5.0952803001376
1.0190999507904	-5.8799918445729
1.0238000154495	-6.8606755153643
1.0284999608994	-8.0780505836032
1.0332000255585	-9.5758017934542
1.0378999710083	-11.380181273229
1.0426000356674	-13.398412158961
1.0472999811172	-15.082132395456
1.0520000457764	-15.238184547486
1.0566999912262	-13.670314999819
1.0614000558853	-11.563885277312
1.0661000013351	-9.6213570446115
1.0707999467850	-7.9934918786172
1.0755000114441	-6.6675805995903
1.0801999568939	-5.6020534002930
1.0849000215530	-4.7551939017951
1.0895999670029	-4.0882573013082
1.0943000316620	-3.5643515165122
1.0989999771118	-3.1482305478379
1.1037000417709	-2.8077950956297
1.1083999872208	-2.5166786565549
1.1131000518799	-2.2565964855987
1.1177999973297	-2.0182649865191
1.1224999427795	-1.8002856319329
1.1272000074387	-1.6063581657702
1.1318999528885	-1.4417554087306
1.1366000175476	-1.3101451091739
1.1412999629974	-1.2115078051986
1.1460000276566	-1.1415276515822
1.1506999731064	-1.0923576935188
1.1554000377655	-1.0544422565236
1.1600999832153	-1.0188511210918
1.1648000478745	-0.97942156131270
1.1694999933243	-0.93405163428523
1.1742000579834	-0.88471832888396
1.1789000034332	-0.83630670484177
1.1835999488831	-0.79463872980223
1.1883000135422	-0.76446929831123
1.1929999589920	-0.74799815971942
1.1977000236511	-0.74429359722726
1.2023999691010	-0.74966441328069
1.2071000337601	-0.75879546879903
1.2117999792099	-0.76631917700829
1.2165000438690	-0.76833792318774
1.2211999893188	-0.76346412016059
1.2259000539780	-0.75303978523268
1.2305999994278	-0.74053020659099
1.2352999448776	-0.73025996760637
1.2400000095367	-0.72603502083782
1.2446999549866	-0.72999481494598
1.2494000196457	-0.74207304500337
1.2540999650955	-0.76012937180764
1.2588000297546	-0.78066669372790
1.2634999752045	-0.79991253327501
1.2682000398636	-0.81492527039562
1.2728999853134	-0.82444482274640
1.2776000499725	-0.82916480762308
1.2822999954224	-0.83142870089628
1.2869999408722	-0.83440512936413
1.2917000055313	-0.84108159515679
1.2963999509811	-0.85338228330574
1.3011000156403	-0.87166080580950
1.3057999610901	-0.89468527166880
1.3105000257492	-0.92007576121181
1.3151999711990	-0.94505368303439
1.3199000358582	-0.96727965059423
1.3245999813080	-0.98553179692747
1.3293000459671	-1.0000272523596
1.3339999914169	-1.0122981045891
1.3387000560760	-1.0246644296873
1.3434000015259	-1.0395073635834
1.3480999469757	-1.0585658184147
1.3528000116348	-1.0824684226755
1.3574999570847	-1.1106223050840
1.3622000217438	-1.1414457431477
1.3668999671936	-1.1728770184695
1.3716000318527	-1.2030077308903
1.3762999773026	-1.2306458666732
1.3810000419617	-1.2556478914386
1.3856999874115	-1.2789427814958
1.3904000520706	-1.3022114184703
1.3950999975204	-1.3273744321610
1.3997999429703	-1.3560358243745
1.4045000076294	-1.3890444755455
1.4091999530792	-1.4263054290210
1.4139000177383	-1.4668638699182
1.4185999631882	-1.5092235913440
1.4233000278473	-1.5518162842225
1.4279999732971	-1.5934697799398
1.4327000379562	-1.6337607914671
1.4373999834061	-1.6731344307841
1.4421000480652	-1.7127655925410
1.4467999935150	-1.7542169752208
1.4515000581741	-1.7989964360266
1.4562000036240	-1.8481547366659
1.4608999490738	-1.9020323520597
1.4656000137329	-1.9602110544345
1.4702999591827	-2.0216820666933
1.4750000238419	-2.0851660595166
1.4796999692917	-2.1495112468084
1.4844000339508	-2.2140510898758
1.4890999794006	-2.2788110933614
1.4938000440598	-2.3445253396329
1.4984999895096	-2.4124453312529
1.5032000541687	-2.4840006683673
1.5078999996185	-2.5604344709535
1.5125999450684	-2.6424840812820
1.5173000097275	-2.7302258923272
1.5219999551773	-2.8230890969578
1.5267000198364	-2.9200579580940
1.5313999652863	-3.0199870050648
1.5361000299454	-3.1219660947240
1.5407999753952	-3.2256177161860
1.5455000400543	-3.3312467748312
1.5501999855042	-3.4398007710057
1.5549000501633	-3.5526396329144
1.5595999956131	-3.6711903931616
1.5642999410629	-3.7965865118902
1.5690000057220	-3.9293836265612
1.5736999511719	-4.0694308007371
1.5784000158310	-4.2159370571016
1.5830999612808	-4.3677140572972
1.5878000259399	-4.5235458253859
1.5924999713898	-4.6825864193516
1.5972000360489	-4.8446547805753
1.6018999814987	-5.0103661057692
1.6066000461578	-5.1810156462486
1.6112999916077	-5.3582692455428
1.6160000562668	-5.5437340234068
1.6207000017166	-5.7385301014482
1.6253999471664	-5.9429908635480
1.6301000118256	-6.1565706728340
1.6347999572754	-6.3779953405894
1.6395000219345	-6.6056508962218
1.6441999673843	-6.8380907584228
1.6489000320435	-7.0745420661671
1.6535999774933	-7.3152398849019
1.6583000421524	-7.5614715314196
1.6629999876022	-7.8153054360779
1.6677000522614	-8.0790743783306
1.6723999977112	-8.3547453042693
1.6770999431610	-8.6433856772620
1.6818000078201	-8.9448463803936
1.6864999532700	-9.2578027075781
1.6912000179291	-9.5801492488407
1.6958999633789	-9.9096865224220
1.7006000280380	-10.244934842885
1.7052999734879	-10.585764751860
1.7100000381470	-10.933711970279
1.7146999835968	-11.291750498396
1.7194000482559	-11.663617919652
1.7240999937057	-12.052890076263
1.7288000583649	-12.462014804113
1.7335000038147	-12.891669639874
1.7381999492645	-13.340546027458
1.7429000139236	-13.805813527295
1.7475999593735	-14.284091928267
1.7523000240326	-14.772807494684
1.7569999694824	-15.271531751217
1.7617000341415	-15.782741918897
1.7663999795914	-16.311739801447
1.7711000442505	-16.865630710350
1.7757999897003	-17.451570634452
1.7805000543594	-18.074749951663
1.7851999998093	-18.736643125328
1.7898999452591	-19.433863227919
1.7946000099182	-20.158141989295
1.7992999553680	-20.897650517735
1.8040000200272	-21.639609121831
1.8086999654770	-22.373276358530
1.8134000301361	-23.091647899172
1.8180999755859	-23.789803613656
1.8228000402451	-24.459007634685
1.8274999856949	-25.077715541147
1.8322000503540	-25.603850119311
1.8368999958038	-25.976459576061
1.8415999412537	-26.134868419592
1.8463000059128	-26.050899628994
1.8509999513626	-25.749168188879
1.8557000160217	-25.294603665682
1.8603999614716	-24.760017874849
1.8651000261307	-24.201138442505
1.8697999715805	-23.649158176079
1.8745000362396	-23.114968841995
1.8791999816895	-22.597361441793
1.8839000463486	-22.090918507374
1.8885999917984	-21.591814881333
1.8933000564575	-21.100698649791
1.8980000019073	-20.622676568989
1.9026999473572	-20.165340153004
1.9074000120163	-19.736049251549
1.9120999574661	-19.339682963519
1.9168000221252	-18.977402629688
1.9214999675751	-18.646563982735
1.9262000322342	-18.341605043852
1.9308999776840	-18.055562728531
1.9356000423431	-17.781874703186
1.9402999877930	-17.515943480091
1.9450000524521	-17.256043843956
1.9496999979019	-17.003293359288
1.9543999433517	-16.760811878087
1.9591000080109	-16.532358220286
1.9637999534607	-16.320968915789
1.9685000181198	-16.127951435501
1.9731999635696	-15.952473936114
1.9779000282288	-15.791784932447
1.9825999736786	-15.641945444395
1.9873000383377	-15.498880021216
1.9919999837875	-15.359434130623
1.9967000484467	-15.222140225484
2.0013999938965	-15.087463641309
2.0060999393463	-14.957454575317
2.0107998847961	-14.834967725932
2.0155000686646	-14.722705518292
2.0202000141144	-14.622384264504
2.0248999595642	-14.534239316059
2.0295999050140	-14.456966031299
2.0343000888824	-14.388090712589
2.0390000343323	-14.324659430160
2.0436999797821	-14.264053507749
2.0483999252319	-14.204698490976
2.0531001091003	-14.146460028862
2.0578000545502	-14.090598047293
2.0625000000000	-14.039322823384
2.0671999454498	-13.995094500707
2.0718998908997	-13.959891433587
2.0766000747681	-13.934646328570
2.0813000202179	-13.919000039225
2.0859999656677	-13.911402384336
2.0906999111176	-13.909552217293
2.0954000949860	-13.911033512598
2.1001000404358	-13.913991191529
2.1047999858856	-13.917648310727
2.1094999313354	-13.922497566603
2.1142001152039	-13.930129869911
2.1189000606537	-13.942749757394
2.1236000061035	-13.962524165806
2.1282999515533	-13.990973027199
2.1329998970032	-14.028534237780
2.1377000808716	-14.074436745551
2.1424000263214	-14.126890317142
2.1470999717712	-14.183552099579
2.1517999172211	-14.242152321329
2.1565001010895	-14.301100737216
2.1612000465393	-14.359910886826
2.1658999919891	-14.419312655636
2.1705999374390	-14.480984014516
2.1752998828888	-14.547058077152
2.1800000667572	-14.619459175940
2.1847000122070	-14.699341304108
2.1893999576569	-14.786698164237
2.1940999031067	-14.880296527965
2.1988000869751	-14.977905986768
2.2035000324249	-15.076822981716
2.2081999778748	-15.174513376628
2.2128999233246	-15.269223248805
2.2176001071930	-15.360380816411
2.2223000526428	-15.448656314341
2.2269999980927	-15.535669836784
2.2316999435425	-15.623405612552
2.2363998889923	-15.713573198819
2.2411000728607	-15.806977135589
2.2458000183105	-15.903188644305
2.2504999637604	-16.000473621400
2.2551999092102	-16.096120395235
2.2599000930786	-16.187000587230
2.2646000385284	-16.270273090221
2.2692999839783	-16.344046784257
2.2739999294281	-16.407798985199
2.2787001132965	-16.462401505726
2.2834000587463	-16.509802012201
2.2881000041962	-16.552374392142
2.2927999496460	-16.592227042300
2.2974998950958	-16.630565270872
2.3022000789642	-16.667339422735
2.3069000244141	-16.701220138321
2.3115999698639	-16.729922395980
2.3162999153137	-16.750843644023
2.3210000991821	-16.761766045713
2.3257000446320	-16.761533755666
2.3303999900818	-16.750438197515
2.3350999355316	-16.730205154135
2.3397998809814	-16.703611074710
2.3445000648499	-16.673810521773
2.3492000102997	-16.643576279418
2.3538999557495	-16.614704078885
2.3585999011993	-16.587642596306
2.3633000850677	-16.561523582167
2.3680000305176	-16.534526404942
2.3726999759674	-16.504491053324
2.3773999214172	-16.469654657726
2.3821001052856	-16.429255568030
2.3868000507355	-16.383874567601
2.3914999961853	-16.335358791251
2.3961999416351	-16.286432360167
2.4008998870850	-16.239989333572
2.4056000709534	-16.198432617165
2.4103000164032	-16.163096378341
2.4149999618530	-16.134003085694
2.4196999073029	-16.109961178448
2.4244000911713	-16.088954689173
2.4291000366211	-16.068801607026
2.4337999820709	-16.047821960253
2.4384999275208	-16.025369533194
2.4432001113892	-16.002081482508
2.4479000568390	-15.979723132677
2.4526000022888	-15.960737434393
2.4572999477386	-15.947580125716
2.4619998931885	-15.942092811761
2.4667000770569	-15.945046266862
2.4714000225067	-15.955972300483
2.4760999679565	-15.973338686245
2.4807999134064	-15.995018027314
2.4855000972748	-16.018915700516
2.4902000427246	-16.043581540708
2.4948999881744	-16.068673792384
2.4995999336243	-16.095078079739
2.5043001174927	-16.124666530469
2.5090000629425	-16.159809822397
2.5137000083923	-16.202710865756
2.5183999538422	-16.254839279142
2.5230998992920	-16.316541141432
2.5278000831604	-16.386993536874
2.5325000286102	-16.464431225431
2.5371999740601	-16.546679236282
2.5418999195099	-16.631783472179
2.5466001033783	-16.718598099725
2.5513000488281	-16.807144947408
2.5559999942780	-16.898663133751
2.5606999397278	-16.995286278808
2.5653998851776	-17.099450895980
2.5701000690460	-17.213272938809
2.5748000144958	-17.337951190821
2.5794999599457	-17.473481141698
2.5841999053955	-17.618643401453
2.5889000892639	-17.771334479600
2.5936000347137	-17.929134288865
2.5982999801636	-18.090008001431
2.6029999256134	-18.252876439569
2.6077001094818	-18.417975678019
2.6124000549316	-18.586781277557
2.6171000003815	-18.761617974862
2.6217999458313	-18.944984663118
2.6264998912811	-19.138819480813
2.6312000751495	-19.343910452214
2.6359000205994	-19.559551744940
2.6405999660492	-19.783577594431
2.6452999114990	-20.012740477007
2.6500000953674	-20.243356472414
2.6547000408173	-20.472073007427
2.6593999862671	-20.696528933897
2.6640999317169	-20.915702540491
2.6688001155853	-21.129835400580
2.6735000610352	-21.339926665659
2.6782000064850	-21.546959206621
2.6828999519348	-21.751061056771
2.6875998973846	-21.950834960885
2.6923000812531	-22.143000886862
2.6970000267029	-22.322501388871
2.7016999721527	-22.483002727383
2.7063999176025	-22.617768295157
2.7111001014709	-22.720718935364
2.7158000469208	-22.787420466408
2.7204999923706	-22.815756560490
2.7251999378204	-22.806061722887
2.7298998832703	-22.760778169522
2.7346000671387	-22.683670529538
2.7393000125885	-22.578910944791
2.7439999580383	-22.450163621097
2.7486999034882	-22.300066968837
2.7534000873566	-22.129962872446
2.7581000328064	-21.940147141385
2.7627999782562	-21.730401058998
2.7674999237061	-21.500780420575
2.7722001075745	-21.252317522172
2.7769000530243	-20.987459544741
2.7815999984741	-20.710100161866
2.7862999439240	-20.425122168037
2.7909998893738	-20.137642459945
2.7957000732422	-19.852160398668
2.8004000186920	-19.571832788460
2.8050999641418	-19.298094718047
2.8097999095917	-19.030663193636
2.8145000934601	-18.767950549420
2.8192000389099	-18.507741569234
2.8238999843597	-18.248043861674
2.8285999298096	-17.987761695997
2.8333001136780	-17.727116248661
2.8380000591278	-17.467614077735
2.8427000045776	-17.211644907860
2.8473999500275	-16.961787837761
2.8520998954773	-16.720128672713
2.8568000793457	-16.487699110891
2.8615000247955	-16.264249768275
2.8661999702454	-16.048350784069
2.8708999156952	-15.837854130123
2.8756000995636	-15.630496241347
2.8803000450134	-15.424565568165
2.8849999904633	-15.219348099668
2.8896999359131	-15.015297397033
2.8943998813629	-14.813819265776
2.8991000652313	-14.616797365867
2.9038000106812	-14.425994370198
2.9084999561310	-14.242514552434
2.9131999015808	-14.066468293113
2.9179000854492	-13.896963477196
2.9226000308990	-13.732366782907
2.9272999763489	-13.570770271599
2.9319999217987	-13.410567221557
2.9367001056671	-13.250888618280
2.9414000511169	-13.091818638618
2.9460999965668	-12.934331890231
2.9507999420166	-12.779932924871
2.9554998874664	-12.630177013602
2.9602000713348	-12.486163844919
2.9649000167847	-12.348223023091
2.9695999622345	-12.215809853285
2.9742999076843	-12.087671556205
2.9790000915527	-11.962231169220
2.9837000370026	-11.838058945033
2.9883999824524	-11.714282120010
2.9930999279022	-11.590833986790
2.9978001117706	-11.468435421313
3.0025000572205	-11.348341150050
3.0072000026703	-11.231930294251
3.0118999481201	-11.120267496842
3.0165998935699	-11.013773836681
3.0213000774384	-10.912108062495
3.0260000228882	-10.814275896061
3.0306999683380	-10.718928862304
3.0353999137878	-10.624778730086
3.0401000976562	-10.530985178508
3.0448000431061	-10.437386707951
3.0494999885559	-10.344548498889
3.0541999340057	-10.253539610977
3.0589001178741	-10.165599457964
3.0636000633240	-10.081735069994
3.0683000087738	-10.002408298669
3.0729999542236	-9.9274044898575
3.0776998996735	-9.8558943543908
3.0824000835419	-9.7866914264003
3.0871000289917	-9.7186189840246
3.0917999744415	-9.6508691979727
3.0964999198914	-9.5832273966623
3.1012001037598	-9.5161454872630
3.1059000492096	-9.4505649427312
3.1105999946594	-9.3876130009552
3.1152999401093	-9.3282426866195
3.1199998855591	-9.2729286171603
3.1247000694275	-9.2215315754506
3.1294000148773	-9.1733231305460
3.1340999603271	-9.1272290467765
3.1387999057770	-9.0821535802375
3.1435000896454	-9.0373055933915
3.1482000350952	-8.9924531489777
3.1528999805450	-8.9479742525469
3.1575999259949	-8.9047201215943
3.1623001098633	-8.8637458184684
3.1670000553131	-8.8259580241408
3.1717000007629	-8.7918373726603
3.1763999462128	-8.7612686391567
3.1810998916626	-8.7335920385200
3.1858000755310	-8.7077870277463
3.1905000209808	-8.6827937897746
3.1951999664307	-8.6578337217627
3.1998999118805	-8.6326476850844
3.2046000957489	-8.6075602215742
3.2093000411987	-8.5833679136445
3.2139999866486	-8.5610706090929
3.2186999320984	-8.5415354689569
3.2234001159668	-8.5252256699907
3.2281000614166	-8.5120250568064
3.2328000068665	-8.5012777059154
3.2374999523163	-8.4919637149556
3.2421998977661	-8.4830077073963
3.2469000816345	-8.4736081793708
3.2516000270844	-8.4634530664288
3.2562999725342	-8.4528175592069
3.2609999179840	-8.4424278389922
3.2657001018524	-8.4332135373232
3.2704000473022	-8.4259746791786
3.2750999927521	-8.4210933177205
3.2797999382019	-8.4183754041914
3.2844998836517	-8.4170756014424
3.2892000675201	-8.4160833567636
3.2939000129700	-8.4142377710635
3.2985999584198	-8.4106484246485
3.3032999038696	-8.4049280566445
3.3080000877380	-8.3972612125566
3.3127000331879	-8.3882894190374
3.3173999786377	-8.3788229825726
3.3220999240875	-8.3695133711080
3.3268001079559	-8.3605628551287
3.3315000534058	-8.3515793682015
3.3361999988556	-8.3416116004684
3.3408999443054	-8.3293700386875
3.3455998897552	-8.3135521645949
3.3503000736237	-8.2931838559339
3.3550000190735	-8.2678394722053
3.3596999645233	-8.2376889620392
3.3643999099731	-8.2033483728593
3.3691000938416	-8.1655718393870
3.3738000392914	-8.1249231519357
3.3784999847412	-8.0814922939195
3.3831999301910	-8.0347898283347
3.3879001140594	-7.9838445007792
3.3926000595093	-7.9274533422846
3.3973000049591	-7.8645454986569
3.4019999504089	-7.7944849804739
3.4066998958588	-7.7172711045444
3.4114000797272	-7.6335147493971
3.4161000251770	-7.5442492350530
3.4207999706268	-7.4505894662001
3.4254999160767	-7.3534258883126
3.4302000999451	-7.2531950393817
3.4349000453949	-7.1498253083871
3.4395999908447	-7.0428812587314
3.4442999362946	-6.9318208645621
3.4489998817444	-6.8163076034787
3.4537000656128	-6.6964613681072
3.4584000110626	-6.5729482163333
3.4630999565125	-6.4469126129773
3.4677999019623	-6.3197475962307
3.4725000858307	-6.1928038635365
3.4772000312805	-6.0671244845338
3.4818999767303	-5.9432842803767
3.4865999221802	-5.8213861507421
3.4913001060486	-5.7011953414642
3.4960000514984	-5.5823762243697
3.5006999969482	-5.4647306057362
3.5053999423981	-5.3483953806426
3.5100998878479	-5.2338991148363
3.5148000717163	-5.1220888595398
3.5195000171661	-5.0139518922053
3.5241999626160	-4.9103849648023
3.5288999080658	-4.8119871105113
3.5336000919342	-4.7189477868770
3.5383000373840	-4.6310499340343
3.5429999828339	-4.5477854127543
3.5476999282837	-4.4685467291963
3.5524001121521	-4.3928349490642
3.5571000576019	-4.3204221774582
3.5618000030518	-4.2514163624035
3.5664999485016	-4.1862148748928
3.5711998939514	-4.1253677649755
3.5759000778198	-4.0693836312640
3.5806000232697	-4.0185610173636
3.5852999687195	-3.9728684893411
3.5899999141693	-3.9319455959849
3.5947000980377	-3.8951771903646
3.5994000434875	-3.8618564951170
3.6040999889374	-3.8313683260408
3.6087999343872	-3.8033413203821
3.6135001182556	-3.7777195388251
3.6182000637054	-3.7547455088612
3.6229000091553	-3.7348396594060
3.6275999546051	-3.7184375777589
3.6322999000549	-3.7058216588587
3.6370000839233	-3.6969977538704
3.6417000293732	-3.6916676394998
3.6463999748230	-3.6892895135964
3.6510999202728	-3.6892105775141
3.6558001041412	-3.6908404237520
3.6605000495911	-3.6938009953218
3.6651999950409	-3.6980209568006
3.6698999404907	-3.7037274993906
3.6745998859406	-3.7113496915748
3.6793000698090	-3.7213702657411
3.6840000152588	-3.7341480112813
3.6886999607086	-3.7497958494776
3.6933999061584	-3.7681205972955
3.6981000900269	-3.7886696748617
3.7028000354767	-3.8108517223299
3.7074999809265	-3.8341007332211
3.7121999263763	-3.8580434181804
3.7169001102448	-3.8825947256635
3.7216000556946	-3.9079843763850
3.7263000011444	-3.9346686791082
3.7309999465942	-3.9631857639322
3.7356998920441	-3.9939801222295
3.7404000759125	-4.0272547721684
3.7451000213623	-4.0629052556202
3.7497999668121	-4.1005390039520
3.7544999122620	-4.1395901512469
3.7592000961304	-4.1794856722908
3.7639000415802	-4.2198233238830
3.7685999870300	-4.2604913172935
3.7732999324799	-4.3017056317379
3.7780001163483	-4.3439419256385
3.7827000617981	-4.3877878672825
3.7874000072479	-4.4337595653537
3.7920999526978	-4.4821310396147
3.7967998981476	-4.5328532816585
3.8015000820160	-4.5855483177704
3.8062000274658	-4.6396292617279
3.8108999729156	-4.6944697281701
3.8155999183655	-4.7495970831115
3.8203001022339	-4.8048424106127
3.8250000476837	-4.8603935918687
3.8296999931335	-4.9167390937463
3.8343999385834	-4.9745162436514
3.8390998840332	-5.0342983304216
3.8438000679016	-5.0964177715100
3.8485000133514	-5.1608347720589
3.8531999588013	-5.2271406613993
3.8578999042511	-5.2946585997719
3.8626000881195	-5.3626405232661
3.8673000335693	-5.4304841961442
3.8719999790192	-5.4979178601386
3.8766999244690	-5.5650700117198
3.8814001083374	-5.6324268760562
3.8861000537872	-5.7006599037154
3.8907999992371	-5.7703864716598
3.8954999446869	-5.8419580083825
3.9001998901367	-5.9153009169971
3.9049000740051	-5.9899050835565
3.9096000194550	-6.0649355054294
3.9142999649048	-6.1394624503789
3.9189999103546	-6.2127165945341
3.9237000942230	-6.2843062770538
3.9284000396729	-6.3543191420183
3.9330999851227	-6.4232633316402
3.9377999305725	-6.4918711773764
3.9425001144409	-6.5608214363225
3.9472000598907	-6.6304753767251
3.9519000053406	-6.7007002691483
3.9565999507904	-6.7708585447206
3.9612998962402	-6.8399533495754
3.9660000801086	-6.9068993376834
3.9707000255585	-6.9708328080630
3.9753999710083	-7.0313742675221
3.9800999164581	-7.0887219925138
3.9848001003265	-7.1435691442536
3.9895000457764	-7.1968639590423
3.9941999912262	-7.2494686178325
3.9988999366760	-7.3018562425192
4.0036001205444	-7.3539329581978
4.0082998275757	-7.4050365214012
4.0130000114441	-7.4541377979716
4.0177001953125	-7.5001668079158
4.0223999023438	-7.5423643619269
4.0271000862122	-7.5805596670318
4.0317997932434	-7.6152421845408
4.0364999771118	-7.6474381830600
4.0412001609802	-7.6783978855161
4.0458998680115	-7.7092195695823
4.0506000518799	-7.7405220532872
4.0553002357483	-7.7722711946102
4.0599999427795	-7.8038215686067
4.0647001266479	-7.8341588948767
4.0693998336792	-7.8622663367895
4.0741000175476	-7.8875036197136
4.0788002014160	-7.9098729639060
4.0834999084473	-7.9300706056228
4.0882000923157	-7.9493126312157
4.0928997993469	-7.9689961712295
4.0975999832153	-7.9902854105370
4.1023001670837	-8.0137916878911
4.1069998741150	-8.0394098897109
4.1117000579834	-8.0663890228524
4.1163997650146	-8.0936044524630
4.1210999488831	-8.1199544660247
4.1258001327515	-8.1447589756976
4.1304998397827	-8.1680169180377
4.1352000236511	-8.1904538435593
4.1399002075195	-8.2133269238026
4.1445999145508	-8.2380518946903
4.1493000984192	-8.2657796171522
4.1539998054504	-8.2970509231661
4.1586999893188	-8.3316398084665
4.1634001731873	-8.3686304725417
4.1680998802185	-8.4067115497295
4.1728000640869	-8.4446040071176
4.1774997711182	-8.4814835539902
4.1821999549866	-8.5172697309897
4.1869001388550	-8.5526716122028
4.1915998458862	-8.5889786277228
4.1963000297546	-8.6276607710669
4.2010002136230	-8.6698982242702
4.2056999206543	-8.7162102353157
4.2104001045227	-8.7662655784395
4.2150998115540	-8.8189654454761
4.2197999954224	-8.8727580704750
4.2245001792908	-8.9261140330842
4.2291998863220	-8.9780014828615
4.2339000701904	-9.0282138549792
4.2385997772217	-9.0774385126533
4.2432999610901	-9.1270211480704
4.2480001449585	-9.1785185735484
4.2526998519897	-9.2331683778719
4.2574000358582	-9.2914504459256
4.2621002197266	-9.3528754056825
4.2667999267578	-9.4160618236356
4.2715001106262	-9.4791077793883
4.2761998176575	-9.5401258888613
4.2809000015259	-9.5978082641918
4.2856001853943	-9.6518095510697
4.2902998924255	-9.7028275194295
4.2950000762939	-9.7523329794216
4.2996997833252	-9.8020448900429
4.3043999671936	-9.8533221221670
4.3091001510620	-9.9066656443229
4.3137998580933	-9.9614886051535
4.3185000419617	-10.016239699153
4.3232002258301	-10.068845878305
4.3278999328613	-10.117358767309
4.3326001167297	-10.160604859509
4.3372998237610	-10.198604995829
4.3420000076294	-10.232642648604
4.3467001914978	-10.264922721855
4.3513998985291	-10.297958395149
4.3561000823975	-10.333884673712
4.3607997894287	-10.373903365133
4.3654999732971	-10.418043612896
4.3702001571655	-10.465282782804
4.3748998641968	-10.514010542543
4.3796000480652	-10.562682624233
4.3843002319336	-10.610483936536
4.3889999389648	-10.657759475037
4.3937001228333	-10.706071089785
4.3983998298645	-10.757875334780
4.4031000137329	-10.815886857804
4.4078001976013	-10.882363498839
4.4124999046326	-10.958501190466
4.4172000885010	-11.044123884299
4.4218997955322	-11.137738719324
4.4265999794006	-11.236985532503
4.4313001632690	-11.339332841580
4.4359998703003	-11.442876343321
4.4407000541687	-11.546947640180
4.4454002380371	-11.652362331858
4.4500999450684	-11.761190058805
4.4548001289368	-11.876130821406
4.4594998359680	-11.999661782723
4.4642000198364	-12.133252774578
4.4689002037048	-12.276835138777
4.4735999107361	-12.428701293827
4.4783000946045	-12.585909683363
4.4829998016357	-12.745076801450
4.4876999855042	-12.903379608477
4.4924001693726	-13.059466375089
4.4970998764038	-13.213939804183
4.5018000602722	-13.369241002923
4.5064997673035	-13.528939210678
4.5111999511719	-13.696653109363
4.5159001350403	-13.874942435127
4.5205998420715	-14.064456225137
4.5253000259399	-14.263625288748
4.5300002098083	-14.468965872301
4.5346999168396	-14.676016266500
4.5394001007080	-14.880633235779
4.5440998077393	-15.080337909821
4.5487999916077	-15.275199405482
4.5535001754761	-15.467933434613
4.5581998825073	-15.663142222917
4.5629000663757	-15.865952496775
4.5675997734070	-16.080466517260
4.5722999572754	-16.308436614444
4.5770001411438	-16.548579316135
4.5816998481750	-16.796689338354
4.5864000320435	-17.046586490342
4.5911002159119	-17.291745655250
4.5957999229431	-17.527226528239
4.6005001068115	-17.751205795654
4.6051998138428	-17.965598236888
4.6098999977112	-18.175442350350
4.6146001815796	-18.387258558330
4.6192998886108	-18.606965156501
4.6240000724792	-18.837906029752
4.6286997795105	-19.079510135459
4.6333999633789	-19.326938007131
4.6381001472473	-19.571753885134
4.6427998542786	-19.803680779352
4.6475000381470	-20.013082712632
4.6522002220154	-20.193483455678
4.6568999290466	-20.343256300642
4.6616001129150	-20.465776107713
4.6662998199463	-20.567985000060
4.6710000038147	-20.657946131563
4.6757001876831	-20.742185258846
4.6803998947144	-20.823634021243
4.6851000785828	-20.900478062058
4.6897997856140	-20.966274867302
4.6944999694824	-21.011236390728
4.6992001533508	-21.024695206495
4.7038998603821	-20.998128247971
4.7086000442505	-20.927967965198
4.7133002281189	-20.817013805553
4.7179999351501	-20.673923289785
4.7227001190186	-20.510915204484
4.7273998260498	-20.340609816471
4.7321000099182	-20.172994664853
4.7368001937866	-20.013360944005
4.7414999008179	-19.861423380785
4.7462000846863	-19.711830134850
4.7508997917175	-19.555910957030
4.7555999755859	-19.384507913429
4.7603001594543	-19.191078225675
4.7649998664856	-18.974154793898
4.7697000503540	-18.738186511371
4.7744002342224	-18.492358713567
4.7790999412537	-18.247971675968
4.7838001251221	-18.015294657690
4.7884998321533	-17.801006090576
4.7932000160217	-17.606683272016
4.7979001998901	-17.428655163735
4.8025999069214	-17.259157868850
4.8073000907898	-17.088639168900
4.8119997978210	-16.908644567108
4.8166999816895	-16.714524500689
4.8214001655579	-16.506979282988
4.8260998725891	-16.291775433096
4.8308000564575	-16.077854653660
4.8354997634888	-15.874522717655
4.8401999473572	-15.688733415521
4.8449001312256	-15.523238978133
4.8495998382568	-15.375965695617
4.8543000221252	-15.240658828817
4.8590002059937	-15.108695981715
4.8636999130249	-14.971679381799
4.8684000968933	-14.824021461183
4.8730998039246	-14.664762646043
4.8777999877930	-14.497836937087
4.8825001716614	-14.330690561932
4.8871998786926	-14.171872008032
4.8919000625610	-14.028387568271
4.8965997695923	-13.903718505047
4.9012999534607	-13.796910805188
4.9060001373291	-13.702892413283
4.9106998443604	-13.613953307239
4.9154000282288	-13.522058217722
4.9201002120972	-13.421355793600
4.9247999191284	-13.310092670334
4.9295001029968	-13.191205871705
4.9341998100281	-13.071302457830
4.9388999938965	-12.958524983472
4.9436001777649	-12.860001296012
4.9482998847961	-12.779775598729
4.9530000686646	-12.717687050641
4.9576997756958	-12.669480291321
4.9623999595642	-12.628023877947
4.9671001434326	-12.585456427390
4.9717998504639	-12.535684686557
4.9765000343323	-12.476396291288
4.9812002182007	-12.409921275910
4.9858999252319	-12.342486716152
4.9906001091003	-12.282224601362
4.9952998161316	-12.236618349404
5.0000000000000	-12.210285742855
#Parameters = {R_fat=48; R_glandular=38; R_skin_outer=50; T10=5; T15=7.5; T5=2.5; T_rad=4; T_x=10; T_y=0; T_z=75; Zc=65; skin_thickness=2; Mesh Pass=3}
#"Frequency / GHz"	"S1,1 (Mesh Pass=3) [Magnitude / dB]"
#-------------------------------------------------------
0.30000001192093	-9.8503366267559
0.30469998717308	-10.244333006030
0.30939999222755	-10.682440833829
0.31409999728203	-11.055674285176
0.31880000233650	-11.244694872074
0.32350000739098	-11.184287127909
0.32820001244545	-10.917219553572
0.33289998769760	-10.573456051100
0.33759999275208	-10.300561353431
0.34229999780655	-10.217330892054
0.34700000286102	-10.408836270555
0.35170000791550	-10.942797227389
0.35640001296997	-11.891067501668
0.36109998822212	-13.347479851460
0.36579999327660	-15.407138664519
0.37049999833107	-17.854989571493
0.37520000338554	-18.825377943796
0.37990000844002	-16.524526420514
0.38460001349449	-13.421543986991
0.38929998874664	-10.877669174841
0.39399999380112	-8.9761020512223
0.39869999885559	-7.6168924386766
0.40340000391006	-6.7078633262353
0.40810000896454	-6.1752356202202
0.41280001401901	-5.9574653428579
0.41749998927116	-6.0013446557896
0.42219999432564	-6.2593181712702
0.42689999938011	-6.6853305538762
0.43160000443459	-7.2278124520144
0.43630000948906	-7.8206933724469
0.44100001454353	-8.3780234704054
0.44569998979568	-8.8041923034849
0.45039999485016	-9.0284904400219
0.45509999990463	-9.0453002872020
0.45980000495911	-8.9184404521896
0.46450001001358	-8.7422511778605
0.46919998526573	-8.5984079436512
0.47389999032021	-8.5365148539458
0.47859999537468	-8.5742574587628
0.48330000042915	-8.7038712007459
0.48800000548363	-8.8980363105198
0.49270001053810	-9.1150041465470
0.49739998579025	-9.3061697493868
0.50209999084473	-9.4287496096578
0.50679999589920	-9.4608777950992
0.51150000095367	-9.4102055359044
0.51620000600815	-9.3089362314755
0.52090001106262	-9.1988479344716
0.52560001611710	-9.1163654881628
0.53030002117157	-9.0841034865786
0.53500002622604	-9.1086014500049
0.53969997167587	-9.1815375653913
0.54439997673035	-9.2825966562354
0.54909998178482	-9.3840371386846
0.55379998683929	-9.4575192151283
0.55849999189377	-9.4825155896715
0.56319999694824	-9.4532180301075
0.56790000200272	-9.3800278880424
0.57260000705719	-9.2846293536376
0.57730001211166	-9.1916849292271
0.58200001716614	-9.1213562383422
0.58670002222061	-9.0848962883230
0.59140002727509	-9.0832513271208
0.59609997272491	-9.1078026221996
0.60079997777939	-9.1427251010383
0.60549998283386	-9.1689068536614
0.61019998788834	-9.1691482671449
0.61489999294281	-9.1333574861434
0.61959999799728	-9.0616361833104
0.62430000305176	-8.9636997466219
0.62900000810623	-8.8549987333857
0.63370001316071	-8.7515499230843
0.63840001821518	-8.6655516455744
0.64310002326965	-8.6027942691227
0.64780002832413	-8.5618881679106
0.65249997377396	-8.5350106462036
0.65719997882843	-8.5099714611199
0.66189998388290	-8.4734160688802
0.66659998893738	-8.4145769972263
0.67129999399185	-8.3284774708967
0.67599999904633	-8.2172814157411
0.68070000410080	-8.0892334297309
0.68540000915527	-7.9557550006570
0.69010001420975	-7.8279840315567
0.69480001926422	-7.7139121795223
0.69950002431870	-7.6166974197852
0.70420002937317	-7.5342152840930
0.70889997482300	-7.4597904310568
0.71359997987747	-7.3839687765210
0.71829998493195	-7.2970757073336
0.72299998998642	-7.1919842670936
0.72769999504089	-7.0661961879950
0.73240000009537	-6.9224658043941
0.73710000514984	-6.7677552549467
0.74180001020432	-6.6110229383412
0.74650001525879	-6.4606953171123
0.75120002031326	-6.3225758818356
0.75590002536774	-6.1985854738405
0.76059997081757	-6.0864529850343
0.76529997587204	-5.9803856998224
0.76999998092651	-5.8726165897004
0.77469998598099	-5.7555474821982
0.77939999103546	-5.6239527984765
0.78409999608994	-5.4765318221557
0.78880000114441	-5.3162476041539
0.79350000619888	-5.1493741961269
0.79820001125336	-4.9836592363944
0.80290001630783	-4.8262394353598
0.80760002136230	-4.6818630089429
0.81230002641678	-4.5517972388636
0.81699997186661	-4.4335622021672
0.82169997692108	-4.3215780657406
0.82639998197556	-4.2086596776601
0.83109998703003	-4.0880380612203
0.83579999208450	-3.9553851657982
0.84049999713898	-3.8101561397400
0.84520000219345	-3.6558080002500
0.84990000724792	-3.4988179762490
0.85460001230240	-3.3468788155517
0.85930001735687	-3.2068650068939
0.86400002241135	-3.0830571776052
0.86870002746582	-2.9760716808621
0.87339997291565	-2.8826300467781
0.87809997797012	-2.7963652120024
0.88279998302460	-2.7095388982168
0.88749998807907	-2.6152896808829
0.89219999313354	-2.5097857073051
0.89689999818802	-2.3935553801062
0.90160000324249	-2.2714923667794
0.90630000829697	-2.1515546933973
0.91100001335144	-2.0426177006535
0.91570001840591	-1.9520771909339
0.92040002346039	-1.8838901912598
0.92510002851486	-1.8374258928622
0.92979997396469	-1.8074837337321
0.93449997901917	-1.7855771768545
0.93919998407364	-1.7623049249048
0.94389998912811	-1.7302880853822
0.94859999418259	-1.6867559785991
0.95329999923706	-1.6348899292703
0.95800000429153	-1.5833532062592
0.96270000934601	-1.5441806030624
0.96740001440048	-1.5297113381809
0.97210001945496	-1.5494775985357
0.97680002450943	-1.6078335005621
0.98150002956390	-1.7028742283682
0.98619997501373	-1.8270249625140
0.99089998006821	-1.9693816250666
0.99559998512268	-2.1196190335700
1.0003000497818	-2.2726862781734
1.0049999952316	-2.4329285441915
1.0096999406815	-2.6162452894668
1.0144000053406	-2.8494820522565
1.0190999507904	-3.1676433301021
1.0238000154495	-3.6105431185172
1.0284999608994	-4.2208582425920
1.0332000255585	-5.0453760287439
1.0378999710083	-6.1411539102315
1.0426000356674	-7.5895587529013
1.0472999811172	-9.5258500074159
1.0520000457764	-12.207044118387
1.0566999912262	-16.174184620871
1.0614000558853	-21.928265051610
1.0661000013351	-20.552763241524
1.0707999467850	-14.965943342438
1.0755000114441	-11.260061444699
1.0801999568939	-8.6878857594873
1.0849000215530	-6.7945697617441
1.0895999670029	-5.3613422804463
1.0943000316620	-4.2696989017236
1.0989999771118	-3.4456381625058
1.1037000417709	-2.8349461446895
1.1083999872208	-2.3917781322853
1.1131000518799	-2.0740877844170
1.1177999973297	-1.8431882754492
1.1224999427795	-1.6656250600023
1.1272000074387	-1.5157743882067
1.1318999528885	-1.3777462969579
1.1366000175476	-1.2454840677060
1.1412999629974	-1.1208099395398
1.1460000276566	-1.0100388816056
1.1506999731064	-0.92023105356293
1.1554000377655	-0.85616655512504
1.1600999832153	-0.81862314939635
1.1648000478745	-0.80408226934771
1.1694999933243	-0.80567038634972
1.1742000579834	-0.81495158646939
1.1789000034332	-0.82401785785223
1.1835999488831	-0.82737061234964
1.1883000135422	-0.82302583332812
1.1929999589920	-0.81258214705636
1.1977000236511	-0.80025294925553
1.2023999691010	-0.79125110811092
1.2071000337601	-0.79010609858320
1.2117999792099	-0.79935944781443
1.2165000438690	-0.81898962661094
1.2211999893188	-0.84658928425625
1.2259000539780	-0.87816269557819
1.2305999994278	-0.90931968996169
1.2352999448776	-0.93648745549002
1.2400000095367	-0.95783575178135
1.2446999549866	-0.97365976595127
1.2494000196457	-0.98610613427084
1.2540999650955	-0.99838894600709
1.2588000297546	-1.0137680520997
1.2634999752045	-1.0345885412200
1.2682000398636	-1.0616933519563
1.2728999853134	-1.0942873841937
1.2776000499725	-1.1302689980501
1.2822999954224	-1.1669016929903
1.2869999408722	-1.2016047768407
1.2917000055313	-1.2326867778548
1.2963999509811	-1.2597670135866
1.3011000156403	-1.2838068062974
1.3057999610901	-1.3067482620671
1.3105000257492	-1.3308906184205
1.3151999711990	-1.3582157266665
1.3199000358582	-1.3898479600315
1.3245999813080	-1.4258040310171
1.3293000459671	-1.4650680083933
1.3339999914169	-1.5059335483694
1.3387000560760	-1.5465375771816
1.3434000015259	-1.5853903725568
1.3480999469757	-1.6217928106271
1.3528000116348	-1.6560052448172
1.3574999570847	-1.6891306747329
1.3622000217438	-1.7227626827588
1.3668999671936	-1.7585181176903
1.3716000318527	-1.7975977873193
1.3762999773026	-1.8404889570102
1.3810000419617	-1.8868827819581
1.3856999874115	-1.9358271554384
1.3904000520706	-1.9860294380476
1.3950999975204	-2.0362583426928
1.3997999429703	-2.0856997096526
1.4045000076294	-2.1341830205782
1.4091999530792	-2.1822323403643
1.4139000177383	-2.2309008532898
1.4185999631882	-2.2814755569650
1.4233000278473	-2.3351405245067
1.4279999732971	-2.3926754945954
1.4327000379562	-2.4542970037376
1.4373999834061	-2.5196499558233
1.4421000480652	-2.5879615963780
1.4467999935150	-2.6582963947078
1.4515000581741	-2.7298560805112
1.4562000036240	-2.8022188655768
1.4608999490738	-2.8754908446674
1.4656000137329	-2.9502872420972
1.4702999591827	-3.0275893593507
1.4750000238419	-3.1085045221558
1.4796999692917	-3.1940084111822
1.4844000339508	-3.2847269246600
1.4890999794006	-3.3808241933661
1.4938000440598	-3.4820287623407
1.4984999895096	-3.5877495484389
1.5032000541687	-3.6972970190020
1.5078999996185	-3.8101202232803
1.5125999450684	-3.9260017516187
1.5173000097275	-4.0451701307654
1.5219999551773	-4.1682881353204
1.5267000198364	-4.2963277375463
1.5313999652863	-4.4303672313648
1.5361000299454	-4.5713610354915
1.5407999753952	-4.7199553307329
1.5455000400543	-4.8763709725278
1.5501999855042	-5.0404131779899
1.5549000501633	-5.2115838762085
1.5595999956131	-5.3892690076215
1.5642999410629	-5.5729748467820
1.5690000057220	-5.7625309040692
1.5736999511719	-5.9582179773251
1.5784000158310	-6.1607777287911
1.5830999612808	-6.3712988661121
1.5878000259399	-6.5910138184814
1.5924999713898	-6.8210494149066
1.5972000360489	-7.0622006869945
1.6018999814987	-7.3147934272216
1.6066000461578	-7.5786583485828
1.6112999916077	-7.8532430648755
1.6160000562668	-8.1378467595141
1.6207000017166	-8.4319036962124
1.6253999471664	-8.7352689429722
1.6301000118256	-9.0484089408273
1.6347999572754	-9.3724386054453
1.6395000219345	-9.7089954359488
1.6441999673843	-10.059967312465
1.6489000320435	-10.427143905138
1.6535999774933	-10.811898445861
1.6583000421524	-11.214960473492
1.6629999876022	-11.636378997493
1.6677000522614	-12.075699697855
1.6723999977112	-12.532329910747
1.6770999431610	-13.006023146518
1.6818000078201	-13.497381436257
1.6864999532700	-14.008190133348
1.6912000179291	-14.541548995720
1.6958999633789	-15.101669712001
1.7006000280380	-15.693445331299
1.7052999734879	-16.321895559361
1.7100000381470	-16.991610257849
1.7146999835968	-17.706411063923
1.7194000482559	-18.469339440380
1.7240999937057	-19.283081837530
1.7288000583649	-20.150877611069
1.7335000038147	-21.077767010309
1.7381999492645	-22.072029875502
1.7429000139236	-23.146322252939
1.7475999593735	-24.317906379029
1.7523000240326	-25.606820364974
1.7569999694824	-27.029251769256
1.7617000341415	-28.578954201672
1.7663999795914	-30.180243865696
1.7711000442505	-31.596339010101
1.7757999897003	-32.382227530304
1.7805000543594	-32.192369391619
1.7851999998093	-31.220582858178
1.7898999452591	-29.932451261285
1.7946000099182	-28.631708547579
1.7992999553680	-27.431407554198
1.8040000200272	-26.352719926980
1.8086999654770	-25.385655137393
1.8134000301361	-24.513929204341
1.8180999755859	-23.723539850430
1.8228000402451	-23.004602545269
1.8274999856949	-22.350786775634
1.8322000503540	-21.757751554994
1.8368999958038	-21.221763368350
1.8415999412537	-20.738632437932
1.8463000059128	-20.303225152814
1.8509999513626	-19.909499610906
1.8557000160217	-19.550952187164
1.8603999614716	-19.221290492430
1.8651000261307	-18.915167053841
1.8697999715805	-18.628703841465
1.8745000362396	-18.359766257896
1.8791999816895	-18.107770240019
1.8839000463486	-17.873222340715
1.8885999917984	-17.657042472064
1.8933000564575	-17.459926004563
1.8980000019073	-17.281838833741
1.9026999473572	-17.121824141186
1.9074000120163	-16.978047860515
1.9120999574661	-16.848139208372
1.9168000221252	-16.729641953598
1.9214999675751	-16.620514638954
1.9262000322342	-16.519514810467
1.9308999776840	-16.426349294508
1.9356000423431	-16.341589245181
1.9402999877930	-16.266374542224
1.9450000524521	-16.201970465564
1.9496999979019	-16.149359046071
1.9543999433517	-16.108910225207
1.9591000080109	-16.080259782891
1.9637999534607	-16.062376220457
1.9685000181198	-16.053817320637
1.9731999635696	-16.053081765823
1.9779000282288	-16.058981455314
1.9825999736786	-16.070927798924
1.9873000383377	-16.089048046853
1.9919999837875	-16.114116729703
1.9967000484467	-16.147316339523
2.0013999938965	-16.189902081304
2.0060999393463	-16.242860381790
2.0107998847961	-16.306645158531
2.0155000686646	-16.381062238879
2.0202000141144	-16.465311395663
2.0248999595642	-16.558185559267
2.0295999050140	-16.658361511870
2.0343000888824	-16.764717122716
2.0390000343323	-16.876593098116
2.0436999797821	-16.993913130655
2.0483999252319	-17.117151752993
2.0531001091003	-17.247137554727
2.0578000545502	-17.384757589869
2.0625000000000	-17.530621334282
2.0671999454498	-17.684786459931
2.0718998908997	-17.846583769445
2.0766000747681	-18.014594818579
2.0813000202179	-18.186787631047
2.0859999656677	-18.360732666726
2.0906999111176	-18.533933027687
2.0954000949860	-18.704082119115
2.1001000404358	-18.869273640531
2.1047999858856	-19.028038753634
2.1094999313354	-19.179268078832
2.1142001152039	-19.321988308510
2.1189000606537	-19.455079590982
2.1236000061035	-19.577065875062
2.1282999515533	-19.685925909877
2.1329998970032	-19.779140084886
2.1377000808716	-19.853816569054
2.1424000263214	-19.906988889779
2.1470999717712	-19.936051186122
2.1517999172211	-19.939108996700
2.1565001010895	-19.915337500730
2.1612000465393	-19.865129330535
2.1658999919891	-19.790055437004
2.1705999374390	-19.692669724990
2.1752998828888	-19.576106774793
2.1800000667572	-19.443676849960
2.1847000122070	-19.298454244350
2.1893999576569	-19.143017364133
2.1940999031067	-18.979283563302
2.1988000869751	-18.808584867841
2.2035000324249	-18.631820348485
2.2081999778748	-18.449736299220
2.2128999233246	-18.263208996680
2.2176001071930	-18.073447548038
2.2223000526428	-17.882066317666
2.2269999980927	-17.691022050879
2.2316999435425	-17.502413966258
2.2363998889923	-17.318200361613
2.2411000728607	-17.139943648905
2.2458000183105	-16.968608367414
2.2504999637604	-16.804493669769
2.2551999092102	-16.647286659244
2.2599000930786	-16.496291012782
2.2646000385284	-16.350665572488
2.2692999839783	-16.209711397939
2.2739999294281	-16.073114904174
2.2787001132965	-15.941026997382
2.2834000587463	-15.814036142820
2.2881000041962	-15.693018355631
2.2927999496460	-15.578879237071
2.2974998950958	-15.472319374562
2.3022000789642	-15.373644884670
2.3069000244141	-15.282677647918
2.3115999698639	-15.198802470443
2.3162999153137	-15.121117462577
2.3210000991821	-15.048666307965
2.3257000446320	-14.980668926086
2.3303999900818	-14.916707434379
2.3350999355316	-14.856813590715
2.3397998809814	-14.801413362055
2.3445000648499	-14.751193922311
2.3492000102997	-14.706872264407
2.3538999557495	-14.668991341665
2.3585999011993	-14.637745763413
2.3633000850677	-14.612925359150
2.3680000305176	-14.593951540610
2.3726999759674	-14.580034328409
2.3773999214172	-14.570359185273
2.3821001052856	-14.564315954591
2.3868000507355	-14.561630768407
2.3914999961853	-14.562448433547
2.3961999416351	-14.567244884747
2.4008998870850	-14.576710329232
2.4056000709534	-14.591532045865
2.4103000164032	-14.612203654262
2.4149999618530	-14.638882559989
2.4196999073029	-14.671351453674
2.4244000911713	-14.709079258462
2.4291000366211	-14.751358435463
2.4337999820709	-14.797507450237
2.4384999275208	-14.847048996575
2.4432001113892	-14.899851118831
2.4479000568390	-14.956162076416
2.4526000022888	-15.016539411762
2.4572999477386	-15.081704238790
2.4619998931885	-15.152337508510
2.4667000770569	-15.228907756344
2.4714000225067	-15.311536992672
2.4760999679565	-15.399982065545
2.4807999134064	-15.493691564654
2.4855000972748	-15.591961288043
2.4902000427246	-15.694132794865
2.4948999881744	-15.799766562369
2.4995999336243	-15.908761188081
2.5043001174927	-16.021393754705
2.5090000629425	-16.138224923432
2.5137000083923	-16.259940241735
2.5183999538422	-16.387168212714
2.5230998992920	-16.520272739501
2.5278000831604	-16.659239091201
2.5325000286102	-16.803632781075
2.5371999740601	-16.952678248989
2.5418999195099	-17.105408566018
2.5466001033783	-17.260853987014
2.5513000488281	-17.418228319422
2.5559999942780	-17.577054206431
2.5606999397278	-17.737188415294
2.5653998851776	-17.898737079444
2.5701000690460	-18.061885831806
2.5748000144958	-18.226678888092
2.5794999599457	-18.392818892583
2.5841999053955	-18.559509343542
2.5889000892639	-18.725414003404
2.5936000347137	-18.888711533699
2.5982999801636	-19.047249329579
2.6029999256134	-19.198760568592
2.6077001094818	-19.341081562945
2.6124000549316	-19.472340941950
2.6171000003815	-19.591031741842
2.6217999458313	-19.696003195343
2.6264998912811	-19.786354947798
2.6312000751495	-19.861280052184
2.6359000205994	-19.919884794532
2.6405999660492	-19.961124328224
2.6452999114990	-19.983745218690
2.6500000953674	-19.986387095802
2.6547000408173	-19.967765314219
2.6593999862671	-19.926899099907
2.6640999317169	-19.863313582590
2.6688001155853	-19.777236757210
2.6735000610352	-19.669656639172
2.6782000064850	-19.542251930794
2.6828999519348	-19.397216698928
2.6875998973846	-19.236989550442
2.6923000812531	-19.063993765380
2.6970000267029	-18.880382787033
2.7016999721527	-18.687879942535
2.7063999176025	-18.487773732594
2.7111001014709	-18.280938438586
2.7158000469208	-18.068046551797
2.7204999923706	-17.849715086631
2.7251999378204	-17.626711457195
2.7298998832703	-17.400047399951
2.7346000671387	-17.170991933861
2.7393000125885	-16.940980073776
2.7439999580383	-16.711446616910
2.7486999034882	-16.483643340575
2.7534000873566	-16.258503213474
2.7581000328064	-16.036510790885
2.7627999782562	-15.817748787423
2.7674999237061	-15.601963520906
2.7722001075745	-15.388739847416
2.7769000530243	-15.177699853781
2.7815999984741	-14.968637299176
2.7862999439240	-14.761638766338
2.7909998893738	-14.557065008440
2.7957000732422	-14.355479396352
2.8004000186920	-14.157494957768
2.8050999641418	-13.963622169349
2.8097999095917	-13.774131671518
2.8145000934601	-13.588987691067
2.8192000389099	-13.407871515202
2.8238999843597	-13.230260839762
2.8285999298096	-13.055589708185
2.8333001136780	-12.883386820121
2.8380000591278	-12.713393450204
2.8427000045776	-12.545626677782
2.8473999500275	-12.380344714214
2.8520998954773	-12.217947079412
2.8568000793457	-12.058856018130
2.8615000247955	-11.903363768244
2.8661999702454	-11.751549934584
2.8708999156952	-11.603243564170
2.8756000995636	-11.458067322677
2.8803000450134	-11.315535857041
2.8849999904633	-11.175184739789
2.8896999359131	-11.036687361558
2.8943998813629	-10.899939286289
2.8991000652313	-10.765063265692
2.9038000106812	-10.632356658547
2.9084999561310	-10.502196487741
2.9131999015808	-10.374907064191
2.9179000854492	-10.250659450534
2.9226000308990	-10.129420178617
2.9272999763489	-10.010953300550
2.9319999217987	-9.8948861438174
2.9367001056671	-9.7808110468490
2.9414000511169	-9.6683986017572
2.9460999965668	-9.5574851561691
2.9507999420166	-9.4481095899919
2.9554998874664	-9.3404990238412
2.9602000713348	-9.2349700743352
2.9649000167847	-9.1318543921469
2.9695999622345	-9.0313792632653
2.9742999076843	-8.9335996150568
2.9790000915527	-8.8383859754829
2.9837000370026	-8.7454584740614
2.9883999824524	-8.6544634860539
2.9930999279022	-8.5650805925216
2.9978001117706	-8.4771097685715
3.0025000572205	-8.3905217823307
3.0072000026703	-8.3054581798125
3.0118999481201	-8.2221906397680
3.0165998935699	-8.1410174573012
3.0213000774384	-8.0621851915106
3.0260000228882	-7.9858089822068
3.0306999683380	-7.9118274077301
3.0353999137878	-7.8400303509090
3.0401000976562	-7.7701182952407
3.0448000431061	-7.7017745072404
3.0494999885559	-7.6347771870487
3.0541999340057	-7.5690357578901
3.0589001178741	-7.5046350603919
3.0636000633240	-7.4417769952367
3.0683000087738	-7.3807309674370
3.0729999542236	-7.3217454431873
3.0776998996735	-7.2649593746719
3.0824000835419	-7.2103667324108
3.0871000289917	-7.1578124182490
3.0917999744415	-7.1070336593690
3.0964999198914	-7.0577361308852
3.1012001037598	-7.0096727610349
3.1059000492096	-6.9627137468649
3.1105999946594	-6.9168846108965
3.1152999401093	-6.8723431316408
3.1199998855591	-6.8293233964287
3.1247000694275	-6.7880703591768
3.1294000148773	-6.7487423472669
3.1340999603271	-6.7113765992215
3.1387999057770	-6.6758636037040
3.1435000896454	-6.6419780221888
3.1482000350952	-6.6094413081339
3.1528999805450	-6.5779952540645
3.1575999259949	-6.5474836214839
3.1623001098633	-6.5178818464902
3.1670000553131	-6.4893025654265
3.1717000007629	-6.4619483299690
3.1763999462128	-6.4360557930755
3.1810998916626	-6.4117989988099
3.1858000755310	-6.3892449045892
3.1905000209808	-6.3683243970037
3.1951999664307	-6.3488404429251
3.1998999118805	-6.3305264480887
3.2046000957489	-6.3131196088911
3.2093000411987	-6.2964270952495
3.2139999866486	-6.2803845992234
3.2186999320984	-6.2650538128391
3.2234001159668	-6.2506078639058
3.2281000614166	-6.2372587954753
3.2328000068665	-6.2251823989656
3.2374999523163	-6.2144590624936
3.2421998977661	-6.2050382311685
3.2469000816345	-6.1967349503918
3.2516000270844	-6.1892738266505
3.2562999725342	-6.1823654328194
3.2609999179840	-6.1757744722326
3.2657001018524	-6.1693653110834
3.2704000473022	-6.1631396044927
3.2750999927521	-6.1572065462045
3.2797999382019	-6.1517270152517
3.2844998836517	-6.1468458444298
3.2892000675201	-6.1426162626314
3.2939000129700	-6.1389559779218
3.2985999584198	-6.1356480190195
3.3032999038696	-6.1323716227011
3.3080000877380	-6.1287573488610
3.3127000331879	-6.1244745941001
3.3173999786377	-6.1192804898981
3.3220999240875	-6.1130673285598
3.3268001079559	-6.1058232381833
3.3315000534058	-6.0976180927158
3.3361999988556	-6.0884963109340
3.3408999443054	-6.0784291678379
3.3455998897552	-6.0672577507617
3.3503000736237	-6.0546758352306
3.3550000190735	-6.0402672160660
3.3596999645233	-6.0235688267346
3.3643999099731	-6.0041470986717
3.3691000938416	-5.9816628926264
3.3738000392914	-5.9559185770355
3.3784999847412	-5.9268430356436
3.3831999301910	-5.8944660379072
3.3879001140594	-5.8588369240157
3.3926000595093	-5.8199553282427
3.3973000049591	-5.7777423829596
3.4019999504089	-5.7320003165696
3.4066998958588	-5.6824687940830
3.4114000797272	-5.6288758758674
3.4161000251770	-5.5710328661230
3.4207999706268	-5.5088793500394
3.4254999160767	-5.4425443479034
3.4302000999451	-5.3723352091906
3.4349000453949	-5.2986854065471
3.4395999908447	-5.2220950365124
3.4442999362946	-5.1430593636182
3.4489998817444	-5.0620008219355
3.4537000656128	-4.9792703498096
3.4584000110626	-4.8951483772317
3.4630999565125	-4.8098966587684
3.4677999019623	-4.7238214126589
3.4725000858307	-4.6373178631942
3.4772000312805	-4.5508965616843
3.4818999767303	-4.4651669829890
3.4865999221802	-4.3807950586137
3.4913001060486	-4.2984372208980
3.4960000514984	-4.2186793905005
3.5006999969482	-4.1419714184828
3.5053999423981	-4.0686231872794
3.5100998878479	-3.9988099147788
3.5148000717163	-3.9326086066017
3.5195000171661	-3.8700629510530
3.5241999626160	-3.8112296936731
3.5288999080658	-3.7562156681978
3.5336000919342	-3.7051774786670
3.5383000373840	-3.6583158669897
3.5429999828339	-3.6158200938689
3.5476999282837	-3.5778233546253
3.5524001121521	-3.5443697173219
3.5571000576019	-3.5153810182267
3.5618000030518	-3.4906737840795
3.5664999485016	-3.4699912182981
3.5711998939514	-3.4530540692257
3.5759000778198	-3.4396034098420
3.5806000232697	-3.4294525357958
3.5852999687195	-3.4225030229903
3.5899999141693	-3.4187270731367
3.5947000980377	-3.4181479057812
3.5994000434875	-3.4207868603066
3.6040999889374	-3.4266177889358
3.6087999343872	-3.4355412028433
3.6135001182556	-3.4473721517554
3.6182000637054	-3.4618627190620
3.6229000091553	-3.4787350120842
3.6275999546051	-3.4977364883101
3.6322999000549	-3.5186790196159
3.6370000839233	-3.5414622620305
3.6417000293732	-3.5660823392348
3.6463999748230	-3.5926015397445
3.6510999202728	-3.6211043264760
3.6558001041412	-3.6516566423548
3.6605000495911	-3.6842519348440
3.6651999950409	-3.7188082791540
3.6698999404907	-3.7551615814241
3.6745998859406	-3.7931042707715
3.6793000698090	-3.8324303745902
3.6840000152588	-3.8729754064167
3.6886999607086	-3.9146671508960
3.6933999061584	-3.9575214679818
3.6981000900269	-4.0016354962091
3.7028000354767	-4.0471491475228
3.7074999809265	-4.0941929328321
3.7121999263763	-4.1428357747781
3.7169001102448	-4.1930647390590
3.7216000556946	-4.2447712421596
3.7263000011444	-4.2977820181001
3.7309999465942	-4.3518962155495
3.7356998920441	-4.4069437918325
3.7404000759125	-4.4628274100652
3.7451000213623	-4.5195507662921
3.7497999668121	-4.5772020629326
3.7544999122620	-4.6359318835578
3.7592000961304	-4.6958932858570
3.7639000415802	-4.7571908348450
3.7685999870300	-4.8198386591739
3.7732999324799	-4.8837441871217
3.7780001163483	-4.9487211018907
3.7827000617981	-5.0145393870730
3.7874000072479	-5.0809715048048
3.7920999526978	-5.1478621196573
3.7967998981476	-5.2151468941127
3.8015000820160	-5.2828693824496
3.8062000274658	-5.3511467370020
3.8108999729156	-5.4201156488501
3.8155999183655	-5.4898726562041
3.8203001022339	-5.5604137608535
3.8250000476837	-5.6316162485704
3.8296999931335	-5.7032381040185
3.8343999385834	-5.7749656744236
3.8390998840332	-5.8464739218431
3.8438000679016	-5.9174964061459
3.8485000133514	-5.9878759871864
3.8531999588013	-6.0575724540886
3.8578999042511	-6.1266472420693
3.8626000881195	-6.1952012368809
3.8673000335693	-6.2633026614461
3.8719999790192	-6.3309210664983
3.8766999244690	-6.3978876708522
3.8814001083374	-6.4638988267022
3.8861000537872	-6.5285574920539
3.8907999992371	-6.5914564605948
3.8954999446869	-6.6522457187811
3.9001998901367	-6.7107127423076
3.9049000740051	-6.7667961547967
3.9096000194550	-6.8205714392306
3.9142999649048	-6.8721815318691
3.9189999103546	-6.9217617060611
3.9237000942230	-6.9693480924929
3.9284000396729	-7.0148406515595
3.9330999851227	-7.0579934301227
3.9377999305725	-7.0984694549247
3.9425001144409	-7.1359245199953
3.9472000598907	-7.1700976118913
3.9519000053406	-7.2008910988996
3.9565999507904	-7.2283893220872
3.9612998962402	-7.2528485812178
3.9660000801086	-7.2746092472313
3.9707000255585	-7.2940089560719
3.9753999710083	-7.3112886484567
3.9800999164581	-7.3265377069364
3.9848001003265	-7.3396890250783
3.9895000457764	-7.3505756683677
3.9941999912262	-7.3590147008019
3.9988999366760	-7.3649058713618
4.0036001205444	-7.3683111672626
4.0082998275757	-7.3694775825707
4.0130000114441	-7.3688111780062
4.0177001953125	-7.3668033964669
4.0223999023438	-7.3639201853518
4.0271000862122	-7.3605136807452
4.0317997932434	-7.3567650246556
4.0364999771118	-7.3526761343361
4.0412001609802	-7.3481243001994
4.0458998680115	-7.3429487296256
4.0506000518799	-7.3370563041727
4.0553002357483	-7.3304927805502
4.0599999427795	-7.3234815777260
4.0647001266479	-7.3163989654885
4.0693998336792	-7.3096997980607
4.0741000175476	-7.3038164984909
4.0788002014160	-7.2990704016002
4.0834999084473	-7.2955998361830
4.0882000923157	-7.2933601242448
4.0928997993469	-7.2921584066806
4.0975999832153	-7.2917516454355
4.1023001670837	-7.2919429304823
4.1069998741150	-7.2926643462260
4.1117000579834	-7.2940248093004
4.1163997650146	-7.2962974459867
4.1210999488831	-7.2998494489179
4.1258001327515	-7.3050570235386
4.1304998397827	-7.3121919011186
4.1352000236511	-7.3213592536238
4.1399002075195	-7.3324697665239
4.1445999145508	-7.3452792414759
4.1493000984192	-7.3594610626338
4.1539998054504	-7.3747193477552
4.1586999893188	-7.3908749639457
4.1634001731873	-7.4079306414218
4.1680998802185	-7.4260718094397
4.1728000640869	-7.4456090474653
4.1774997711182	-7.4668930445574
4.1821999549866	-7.4901987077747
4.1869001388550	-7.5156462347549
4.1915998458862	-7.5431601355349
4.1963000297546	-7.5724861859711
4.2010002136230	-7.6032730289906
4.2056999206543	-7.6351675752158
4.2104001045227	-7.6679322506095
4.2150998115540	-7.7015216466194
4.2197999954224	-7.7361022569675
4.2245001792908	-7.7720178756861
4.2291998863220	-7.8096998153030
4.2339000701904	-7.8495540924348
4.2385997772217	-7.8918615418726
4.2432999610901	-7.9367199829996
4.2480001449585	-7.9840424316737
4.2526998519897	-8.0336205135468
4.2574000358582	-8.0852322573747
4.2621002197266	-8.1387544115377
4.2667999267578	-8.1942556941375
4.2715001106262	-8.2520388823242
4.2761998176575	-8.3126060011837
4.2809000015259	-8.3765670063496
4.2856001853943	-8.4445111851592
4.2902998924255	-8.5168732615807
4.2950000762939	-8.5938402880702
4.2996997833252	-8.6753186566637
4.3043999671936	-8.7609755549977
4.3091001510620	-8.8503398897088
4.3137998580933	-8.9429436527326
4.3185000419617	-9.0384495626221
4.3232002258301	-9.1367445575127
4.3278999328613	-9.2379493367956
4.3326001167297	-9.3423609335566
4.3372998237610	-9.4503296573137
4.3420000076294	-9.5621085992394
4.3467001914978	-9.6777396498166
4.3513998985291	-9.7969828936930
4.3561000823975	-9.9193399839732
4.3607997894287	-10.044167068622
4.3654999732971	-10.170828809842
4.3702001571655	-10.298875540475
4.3748998641968	-10.428173974228
4.3796000480652	-10.558948333191
4.3843002319336	-10.691718759701
4.3889999389648	-10.827148837409
4.3937001228333	-10.965846336854
4.3983998298645	-11.108174245836
4.4031000137329	-11.254135685107
4.4078001976013	-11.403360045691
4.4124999046326	-11.555217690096
4.4172000885010	-11.709012040927
4.4218997955322	-11.864220163146
4.4265999794006	-12.020684412195
4.4313001632690	-12.178707167506
4.4359998703003	-12.339003408710
4.4407000541687	-12.502521406905
4.4454002380371	-12.670185776310
4.4500999450684	-12.842627252196
4.4548001289368	-13.019999740855
4.4594998359680	-13.201929422387
4.4642000198364	-13.387630591732
4.4689002037048	-13.576160044857
4.4735999107361	-13.766737607575
4.4783000946045	-13.959043032084
4.4829998016357	-14.153381058265
4.4876999855042	-14.350659631127
4.4924001693726	-14.552165743404
4.4970998764038	-14.759209730741
4.5018000602722	-14.972737821221
4.5064997673035	-15.193030402810
4.5111999511719	-15.419594433345
4.5159001350403	-15.651282584051
4.5205998420715	-15.886641617654
4.5253000259399	-16.124376966086
4.5300002098083	-16.363814190340
4.5346999168396	-16.605181201087
4.5394001007080	-16.849603727119
4.5440998077393	-17.098790638021
4.5487999916077	-17.354483044568
4.5535001754761	-17.617835506616
4.5581998825073	-17.888911078901
4.5629000663757	-18.166471622159
4.5675997734070	-18.448138872862
4.5722999572754	-18.730941696585
4.5770001411438	-19.012086587592
4.5816998481750	-19.289724806998
4.5864000320435	-19.563410701393
4.5911002159119	-19.834045317591
4.5957999229431	-20.103230680869
4.6005001068115	-20.372236221720
4.6051998138428	-20.640893077842
4.6098999977112	-20.906782230644
4.6146001815796	-21.165065415933
4.6192998886108	-21.409119644084
4.6240000724792	-21.631887576358
4.6286997795105	-21.827584842645
4.6333999633789	-21.993050239671
4.6381001472473	-22.128175127758
4.6427998542786	-22.235152277250
4.6475000381470	-22.316794118219
4.6522002220154	-22.374698826254
4.6568999290466	-22.408061232142
4.6616001129150	-22.413632243294
4.6662998199463	-22.386927922098
4.6710000038147	-22.324291665589
4.6757001876831	-22.224867127799
4.6803998947144	-22.091677184592
4.6851000785828	-21.931207204780
4.6897997856140	-21.751782034693
4.6944999694824	-21.561382860104
4.6992001533508	-21.365853857520
4.7038998603821	-21.167993648825
4.7086000442505	-20.967740024904
4.7133002281189	-20.763246966181
4.7179999351501	-20.552393965096
4.7227001190186	-20.334248177492
4.7273998260498	-20.109979917503
4.7321000099182	-19.882863775249
4.7368001937866	-19.657559073836
4.7414999008179	-19.438845738325
4.7462000846863	-19.230460042089
4.7508997917175	-19.034235413014
4.7555999755859	-18.849861487671
4.7603001594543	-18.675281434318
4.7649998664856	-18.507519243952
4.7697000503540	-18.343766598546
4.7744002342224	-18.182347930978
4.7790999412537	-18.023281892410
4.7838001251221	-17.868244813699
4.7884998321533	-17.720040816152
4.7932000160217	-17.581651583680
4.7979001998901	-17.455315555061
4.8025999069214	-17.341844946033
4.8073000907898	-17.240345158122
4.8119997978210	-17.148473804326
4.8166999816895	-17.063061349719
4.8214001655579	-16.981045965792
4.8260998725891	-16.900293255425
4.8308000564575	-16.820192911296
4.8354997634888	-16.741701742568
4.8401999473572	-16.666909598511
4.8449001312256	-16.598217944184
4.8495998382568	-16.537453148966
4.8543000221252	-16.485129409587
4.8590002059937	-16.440129618502
4.8636999130249	-16.399902327922
4.8684000968933	-16.361063757102
4.8730998039246	-16.320330339276
4.8777999877930	-16.275432534980
4.8825001716614	-16.225726150060
4.8871998786926	-16.172325268573
4.8919000625610	-16.117611515638
4.8965997695923	-16.064394221232
4.9012999534607	-16.014908847228
4.9060001373291	-15.970081468769
4.9106998443604	-15.929164829534
4.9154000282288	-15.889962716119
4.9201002120972	-15.849518221903
4.9247999191284	-15.805066644122
4.9295001029968	-15.754986313737
4.9341998100281	-15.699372602999
4.9388999938965	-15.640056127021
4.9436001777649	-15.580043992420
4.9482998847961	-15.522539117761
4.9530000686646	-15.469916699875
4.9576997756958	-15.422954177691
4.9623999595642	-15.380499248650
4.9671001434326	-15.339755409486
4.9717998504639	-15.296997146705
4.9765000343323	-15.248594174406
4.9812002182007	-15.191974331450
4.9858999252319	-15.126191865162
4.9906001091003	-15.051902901243
4.9952998161316	-14.970709475541
5.0000000000000	-14.884149599312
#Parameters = {R_fat=48; R_glandular=38; R_skin_outer=50; T10=5; T15=7.5; T5=2.5; T_rad=4; T_x=10; T_y=0; T_z=75; Zc=65; skin_thickness=2; Mesh Pass=4}
#"Frequency / GHz"	"S1,1 (Mesh Pass=4) [Magnitude / dB]"
#-------------------------------------------------------
0.30000001192093	-16.850745902115
0.30469998717308	-17.570657443617
0.30939999222755	-17.927469505535
0.31409999728203	-17.789189463996
0.31880000233650	-17.296119977574
0.32350000739098	-16.735986465255
0.32820001244545	-16.352986651930
0.33289998769760	-16.304649756042
0.33759999275208	-16.706358149425
0.34229999780655	-17.694238103973
0.34700000286102	-19.520279577843
0.35170000791550	-22.819386920502
0.35640001296997	-30.151459143839
0.36109998822212	-34.534870895160
0.36579999327660	-22.797570795026
0.37049999833107	-17.671570311311
0.37520000338554	-14.386583768252
0.37990000844002	-12.049737651891
0.38460001349449	-10.342572284984
0.38929998874664	-9.1181094135858
0.39399999380112	-8.2938836903667
0.39869999885559	-7.8132814086890
0.40340000391006	-7.6307871098055
0.40810000896454	-7.7076468225517
0.41280001401901	-8.0115415542713
0.41749998927116	-8.5165049414812
0.42219999432564	-9.2007363403324
0.42689999938011	-10.040456032317
0.43160000443459	-10.997612952267
0.43630000948906	-12.000069832605
0.44100001454353	-12.921497785477
0.44569998979568	-13.592602486114
0.45039999485016	-13.884701281402
0.45509999990463	-13.815241079143
0.45980000495911	-13.536503425746
0.46450001001358	-13.222282702299
0.46919998526573	-12.991953123056
0.47389999032021	-12.904273627980
0.47859999537468	-12.976246927307
0.48330000042915	-13.198352734247
0.48800000548363	-13.540406690074
0.49270001053810	-13.950798053156
0.49739998579025	-14.355514795600
0.50209999084473	-14.667364360120
0.50679999589920	-14.813740482561
0.51150000095367	-14.772179623252
0.51620000600815	-14.582407996246
0.52090001106262	-14.321406068965
0.52560001611710	-14.066451577931
0.53030002117157	-13.873176670128
0.53500002622604	-13.771212276530
0.53969997167587	-13.767589324120
0.54439997673035	-13.850548891886
0.54909998178482	-13.991705413395
0.55379998683929	-14.148238980054
0.55849999189377	-14.268867013103
0.56319999694824	-14.306523792236
0.56790000200272	-14.235015192406
0.57260000705719	-14.059684262141
0.57730001211166	-13.813533925811
0.58200001716614	-13.541958268855
0.58670002222061	-13.287024923968
0.59140002727509	-13.078362772640
0.59609997272491	-12.930451196248
0.60079997777939	-12.843147401684
0.60549998283386	-12.803224747485
0.61019998788834	-12.786663822905
0.61489999294281	-12.762737311687
0.61959999799728	-12.700892066804
0.62430000305176	-12.579531325153
0.62900000810623	-12.393064566635
0.63370001316071	-12.153167225190
0.63840001821518	-11.883486446433
0.64310002326965	-11.611173609775
0.64780002832413	-11.359511447926
0.65249997377396	-11.143548913302
0.65719997882843	-10.968501531971
0.66189998388290	-10.829897148643
0.66659998893738	-10.714973439845
0.67129999399185	-10.605345355150
0.67599999904633	-10.481193574865
0.68070000410080	-10.326418728188
0.68540000915527	-10.133230755637
0.69010001420975	-9.9041748049445
0.69480001926422	-9.6506803077362
0.69950002431870	-9.3889723643058
0.70420002937317	-9.1353340369888
0.70889997482300	-8.9023216389179
0.71359997987747	-8.6965296039684
0.71829998493195	-8.5178365730430
0.72299998998642	-8.3598529287468
0.72769999504089	-8.2115096398276
0.73240000009537	-8.0596848460444
0.73710000514984	-7.8925252677491
0.74180001020432	-7.7026227064024
0.74650001525879	-7.4889476248242
0.75120002031326	-7.2568058382802
0.75590002536774	-7.0159423142523
0.76059997081757	-6.7776516388443
0.76529997587204	-6.5519134693860
0.76999998092651	-6.3452533827570
0.77469998598099	-6.1595767033039
0.77939999103546	-5.9920018615273
0.78409999608994	-5.8356743150263
0.78880000114441	-5.6814528050484
0.79350000619888	-5.5202314477680
0.79820001125336	-5.3453465681545
0.80290001630783	-5.1543537459772
0.80760002136230	-4.9495750840109
0.81230002641678	-4.7372960431273
0.81699997186661	-4.5259278840878
0.82169997692108	-4.3238438681507
0.82639998197556	-4.1374002226018
0.83109998703003	-3.9696071605745
0.83579999208450	-3.8195552444089
0.84049999713898	-3.6827281154131
0.84520000219345	-3.5521433176870
0.84990000724792	-3.4201374914291
0.85460001230240	-3.2804451421180
0.85930001735687	-3.1299426068885
0.86400002241135	-2.9695491414626
0.86870002746582	-2.8040000956448
0.87339997291565	-2.6405816690297
0.87809997797012	-2.4872768610612
0.88279998302460	-2.3508431827640
0.88749998807907	-2.2352697768507
0.89219999313354	-2.1408965980426
0.89689999818802	-2.0643836648738
0.90160000324249	-1.9995842718560
0.90630000829697	-1.9391677577492
0.91100001335144	-1.8767059131823
0.91570001840591	-1.8086603080187
0.92040002346039	-1.7356530723704
0.92510002851486	-1.6626325989758
0.92979997396469	-1.5978510423825
0.93449997901917	-1.5509831990738
0.93919998407364	-1.5309622865125
0.94389998912811	-1.5440684025725
0.94859999418259	-1.5926803707288
0.95329999923706	-1.6750246730023
0.95800000429153	-1.7860101224538
0.96270000934601	-1.9191167193420
0.96740001440048	-2.0690701219511
0.97210001945496	-2.2347423710686
0.97680002450943	-2.4215250619567
0.98150002956390	-2.6424936918688
0.98619997501373	-2.9180836539765
0.99089998006821	-3.2746057477099
0.99559998512268	-3.7425262101962
1.0003000497818	-4.3555586201575
1.0049999952316	-5.1517143903848
1.0096999406815	-6.1773576919760
1.0144000053406	-7.4960219580488
1.0190999507904	-9.2054345767757
1.0238000154495	-11.470145396792
1.0284999608994	-14.571661540340
1.0332000255585	-18.716722345806
1.0378999710083	-20.681281977645
1.0426000356674	-16.780349542981
1.0472999811172	-12.962798598371
1.0520000457764	-10.178582460202
1.0566999912262	-8.1008284030322
1.0614000558853	-6.5037975643997
1.0661000013351	-5.2572742129821
1.0707999467850	-4.2813802455163
1.0755000114441	-3.5217728331599
1.0801999568939	-2.9368691291313
1.0849000215530	-2.4914573139033
1.0895999670029	-2.1540100071089
1.0943000316620	-1.8962929823785
1.0989999771118	-1.6942017857621
1.1037000417709	-1.5289471612403
1.1083999872208	-1.3878705824938
1.1131000518799	-1.2643511723070
1.1177999973297	-1.1567338297229
1.1224999427795	-1.0665067154123
1.1272000074387	-0.99625804259000
1.1318999528885	-0.94787786801824
1.1366000175476	-0.92139281177631
1.1412999629974	-0.91455221298313
1.1460000276566	-0.92313865425635
1.1506999731064	-0.94179191489715
1.1554000377655	-0.96514069882393
1.1600999832153	-0.98888298977689
1.1648000478745	-1.0105745162922
1.1694999933243	-1.0299142498672
1.1742000579834	-1.0484448529869
1.1789000034332	-1.0688467949495
1.1835999488831	-1.0939731454439
1.1883000135422	-1.1259922690268
1.1929999589920	-1.1657796919880
1.1977000236511	-1.2127141338207
1.2023999691010	-1.2648940980937
1.2071000337601	-1.3196500854245
1.2117999792099	-1.3742440171165
1.2165000438690	-1.4265468702126
1.2211999893188	-1.4755274178957
1.2259000539780	-1.5214385787610
1.2305999994278	-1.5656311339780
1.2352999448776	-1.6101143445477
1.2400000095367	-1.6569479604789
1.2446999549866	-1.7076820271780
1.2494000196457	-1.7629706759081
1.2540999650955	-1.8224401758794
1.2588000297546	-1.8848364014142
1.2634999752045	-1.9483834452329
1.2682000398636	-2.0112615666092
1.2728999853134	-2.0720914724970
1.2776000499725	-2.1302627618537
1.2822999954224	-2.1860739171058
1.2869999408722	-2.2405974838436
1.2917000055313	-2.2953701010133
1.2963999509811	-2.3519630372596
1.3011000156403	-2.4115766852888
1.3057999610901	-2.4747362020966
1.3105000257492	-2.5412122656294
1.3151999711990	-2.6101062138728
1.3199000358582	-2.6801173985561
1.3245999813080	-2.7498965100581
1.3293000459671	-2.8184100399568
1.3339999914169	-2.8852095366662
1.3387000560760	-2.9505315054730
1.3434000015259	-3.0152306356728
1.3480999469757	-3.0805419935514
1.3528000116348	-3.1477594341876
1.3574999570847	-3.2179139962612
1.3622000217438	-3.2915375724858
1.3668999671936	-3.3685577643555
1.3716000318527	-3.4483526254767
1.3762999773026	-3.5299498322204
1.3810000419617	-3.6122913112199
1.3856999874115	-3.6945243788303
1.3904000520706	-3.7762421056672
1.3950999975204	-3.8575906363911
1.3997999429703	-3.9392446399669
1.4045000076294	-4.0222421911755
1.4091999530792	-4.1077358786448
1.4139000177383	-4.1967301201952
1.4185999631882	-4.2898519351377
1.4233000278473	-4.3872461500280
1.4279999732971	-4.4885697293056
1.4327000379562	-4.5931246391434
1.4373999834061	-4.7000592740734
1.4421000480652	-4.8086208451195
1.4467999935150	-4.9183752822891
1.4515000581741	-5.0293472066738
1.4562000036240	-5.1420470186594
1.4608999490738	-5.2573758796815
1.4656000137329	-5.3764384889189
1.4702999591827	-5.5003146690354
1.4750000238419	-5.6298379251084
1.4796999692917	-5.7654431851519
1.4844000339508	-5.9071111327955
1.4890999794006	-6.0544201502160
1.4938000440598	-6.2066925184500
1.4984999895096	-6.3632136624655
1.5032000541687	-6.5234497219101
1.5078999996185	-6.6872353911566
1.5125999450684	-6.8548737214679
1.5173000097275	-7.0271247732869
1.5219999551773	-7.2050856001137
1.5267000198364	-7.3899892220613
1.5313999652863	-7.5829772313663
1.5361000299454	-7.7848820015526
1.5407999753952	-7.9960957991638
1.5455000400543	-8.2165230373349
1.5501999855042	-8.4456547761847
1.5549000501633	-8.6827374149138
1.5595999956131	-8.9270089691456
1.5642999410629	-9.1779485925563
1.5690000057220	-9.4354829049606
1.5736999511719	-9.7000948170189
1.5784000158310	-9.9727983806611
1.5830999612808	-10.254994556428
1.5878000259399	-10.548222758632
1.5924999713898	-10.853872881580
1.5972000360489	-11.172916044702
1.6018999814987	-11.505723724851
1.6066000461578	-11.851994349581
1.6112999916077	-12.210842256279
1.6160000562668	-12.581008022550
1.6207000017166	-12.961178205583
1.6253999471664	-13.350322072767
1.6301000118256	-13.747991608247
1.6347999572754	-14.154458888848
1.6395000219345	-14.570689444334
1.6441999673843	-14.998088933825
1.6489000320435	-15.438125354272
1.6535999774933	-15.891830888976
1.6583000421524	-16.359321668481
1.6629999876022	-16.839440052617
1.6677000522614	-17.329493576405
1.6723999977112	-17.825246821045
1.6770999431610	-18.321091812522
1.6818000078201	-18.810394423565
1.6864999532700	-19.285947244844
1.6912000179291	-19.740426664909
1.6958999633789	-20.166745315153
1.7006000280380	-20.558333028294
1.7052999734879	-20.909245762004
1.7100000381470	-21.214305323991
1.7146999835968	-21.469203313737
1.7194000482559	-21.670701530416
1.7240999937057	-21.816891625504
1.7288000583649	-21.907322999296
1.7335000038147	-21.943058370830
1.7381999492645	-21.926575683137
1.7429000139236	-21.861621957332
1.7475999593735	-21.753084611323
1.7523000240326	-21.606930328757
1.7569999694824	-21.430079210168
1.7617000341415	-21.230255379003
1.7663999795914	-21.015602830173
1.7711000442505	-20.794186655412
1.7757999897003	-20.573349081941
1.7805000543594	-20.359127952442
1.7851999998093	-20.155808320647
1.7898999452591	-19.965707014168
1.7946000099182	-19.789240562492
1.7992999553680	-19.625280795476
1.8040000200272	-19.471739717061
1.8086999654770	-19.326269555915
1.8134000301361	-19.186990335842
1.8180999755859	-19.053020722346
1.8228000402451	-18.924764823247
1.8274999856949	-18.803801818813
1.8322000503540	-18.692535775481
1.8368999958038	-18.593597679850
1.8415999412537	-18.509219748115
1.8463000059128	-18.440750416300
1.8509999513626	-18.388341276142
1.8557000160217	-18.350950214987
1.8603999614716	-18.326583858183
1.8651000261307	-18.312770319588
1.8697999715805	-18.307144005693
1.8745000362396	-18.308015677138
1.8791999816895	-18.314795035702
1.8839000463486	-18.328122663395
1.8885999917984	-18.349747920140
1.8933000564575	-18.382090639618
1.8980000019073	-18.427704447926
1.9026999473572	-18.488730819423
1.9074000120163	-18.566443300011
1.9120999574661	-18.661041851566
1.9168000221252	-18.771676896048
1.9214999675751	-18.896767809817
1.9262000322342	-19.034435996468
1.9308999776840	-19.183113383306
1.9356000423431	-19.342055308662
1.9402999877930	-19.511689788731
1.9450000524521	-19.693768468997
1.9496999979019	-19.891115954562
1.9543999433517	-20.107259634791
1.9591000080109	-20.345866763341
1.9637999534607	-20.610198972078
1.9685000181198	-20.902728838064
1.9731999635696	-21.224926398593
1.9779000282288	-21.577321683387
1.9825999736786	-21.959833905733
1.9873000383377	-22.372254770487
1.9919999837875	-22.814895963693
1.9967000484467	-23.289217987814
2.0013999938965	-23.798219171575
2.0060999393463	-24.346616267058
2.0107998847961	-24.940525398861
2.0155000686646	-25.586722058706
2.0202000141144	-26.291277297345
2.0248999595642	-27.057433305599
2.0295999050140	-27.882128297164
2.0343000888824	-28.750296280149
2.0390000343323	-29.625826989914
2.0436999797821	-30.439730984038
2.0483999252319	-31.082730903374
2.0531001091003	-31.421927652891
2.0578000545502	-31.358312168894
2.0625000000000	-30.891248511440
2.0671999454498	-30.117551503580
2.0718998908997	-29.166839003491
2.0766000747681	-28.145817138219
2.0813000202179	-27.122956971184
2.0859999656677	-26.136084608576
2.0906999111176	-25.203662294801
2.0954000949860	-24.333057980284
2.1001000404358	-23.525364287215
2.1047999858856	-22.778102403583
2.1094999313354	-22.086747759481
2.1142001152039	-21.445657523669
2.1189000606537	-20.848837250452
2.1236000061035	-20.290510726770
2.1282999515533	-19.765609234885
2.1329998970032	-19.270138091090
2.1377000808716	-18.801329738766
2.1424000263214	-18.357565544109
2.1470999717712	-17.938153104962
2.1517999172211	-17.542952566408
2.1565001010895	-17.171947561767
2.1612000465393	-16.824896802348
2.1658999919891	-16.501068419866
2.1705999374390	-16.199128724115
2.1752998828888	-15.917216664431
2.1800000667572	-15.653123088355
2.1847000122070	-15.404599850497
2.1893999576569	-15.169642566546
2.1940999031067	-14.946756109084
2.1988000869751	-14.735112228888
2.2035000324249	-14.534520186118
2.2081999778748	-14.345316788768
2.2128999233246	-14.168097447827
2.2176001071930	-14.003433688634
2.2223000526428	-13.851624771100
2.2269999980927	-13.712502309794
2.2316999435425	-13.585398462304
2.2363998889923	-13.469202793453
2.2411000728607	-13.362554966305
2.2458000183105	-13.264077940963
2.2504999637604	-13.172644303951
2.2551999092102	-13.087545364492
2.2599000930786	-13.008602369592
2.2646000385284	-12.936104693352
2.2692999839783	-12.870689815909
2.2739999294281	-12.813088473642
2.2787001132965	-12.763895926370
2.2834000587463	-12.723396098858
2.2881000041962	-12.691421392076
2.2927999496460	-12.667372144936
2.2974998950958	-12.650329272895
2.3022000789642	-12.639240488154
2.3069000244141	-12.633163733591
2.3115999698639	-12.631449436893
2.3162999153137	-12.633894352859
2.3210000991821	-12.640745383183
2.3257000446320	-12.652628269688
2.3303999900818	-12.670352455386
2.3350999355316	-12.694708137560
2.3397998809814	-12.726241417418
2.3445000648499	-12.765124387964
2.3492000102997	-12.811108643538
2.3538999557495	-12.863571949479
2.3585999011993	-12.921685841335
2.3633000850677	-12.984630124760
2.3680000305176	-13.051793444881
2.3726999759674	-13.122940192462
2.3773999214172	-13.198294124959
2.3821001052856	-13.278494091482
2.3868000507355	-13.364446381975
2.3914999961853	-13.457137242200
2.3961999416351	-13.557398135486
2.4008998870850	-13.665737218711
2.4056000709534	-13.782241463794
2.4103000164032	-13.906587548529
2.4149999618530	-14.038164012972
2.4196999073029	-14.176257633610
2.4244000911713	-14.320289479219
2.4291000366211	-14.470020248839
2.4337999820709	-14.625676128638
2.4384999275208	-14.787976232670
2.4432001113892	-14.958029572467
2.4479000568390	-15.137161421901
2.4526000022888	-15.326669764514
2.4572999477386	-15.527592885767
2.4619998931885	-15.740579231231
2.4667000770569	-15.965798451644
2.4714000225067	-16.203031099139
2.4760999679565	-16.451827605488
2.4807999134064	-16.711759517650
2.4855000972748	-16.982679701740
2.4902000427246	-17.264935243347
2.4948999881744	-17.559504971087
2.4995999336243	-17.867973331514
2.5043001174927	-18.192376657164
2.5090000629425	-18.534971432309
2.5137000083923	-18.897928013046
2.5183999538422	-19.283068875865
2.5230998992920	-19.691651397685
2.5278000831604	-20.124282929464
2.5325000286102	-20.580946290190
2.5371999740601	-21.061101374070
2.5418999195099	-21.563822659444
2.5466001033783	-22.087933923540
2.5513000488281	-22.631876242561
2.5559999942780	-23.193360714520
2.5606999397278	-23.768559751964
2.5653998851776	-24.350853918392
2.5701000690460	-24.929115611722
2.5748000144958	-25.485762886948
2.5794999599457	-25.995283587147
2.5841999053955	-26.424340011641
2.5889000892639	-26.735126565886
2.5936000347137	-26.892793396961
2.5982999801636	-26.875346785783
2.6029999256134	-26.681064260678
2.6077001094818	-26.328828922428
2.6124000549316	-25.851266746142
2.6171000003815	-25.285324093438
2.6217999458313	-24.665010376638
2.6264998912811	-24.017918241922
2.6312000751495	-23.364666669018
2.6359000205994	-22.719766721699
2.6405999660492	-22.092820806575
2.6452999114990	-21.489641482015
2.6500000953674	-20.913159760146
2.6547000408173	-20.364134021244
2.6593999862671	-19.841772233953
2.6640999317169	-19.344274234976
2.6688001155853	-18.869365173648
2.6735000610352	-18.414743309006
2.6782000064850	-17.978435795636
2.6828999519348	-17.559032052323
2.6875998973846	-17.155704947499
2.6923000812531	-16.768179214368
2.6970000267029	-16.396473210664
2.7016999721527	-16.040682048117
2.7063999176025	-15.700706980568
2.7111001014709	-15.376101358775
2.7158000469208	-15.065981201078
2.7204999923706	-14.769089320641
2.7251999378204	-14.483915393199
2.7298998832703	-14.208925323188
2.7346000671387	-13.942774734102
2.7393000125885	-13.684469045739
2.7439999580383	-13.433476664803
2.7486999034882	-13.189704882685
2.7534000873566	-12.953383585056
2.7581000328064	-12.724882049474
2.7627999782562	-12.504519935472
2.7674999237061	-12.292377382386
2.7722001075745	-12.088207612736
2.7769000530243	-11.891421691700
2.7815999984741	-11.701171130226
2.7862999439240	-11.516490596815
2.7909998893738	-11.336480517023
2.7957000732422	-11.160467495716
2.8004000186920	-10.988094575962
2.8050999641418	-10.819367858041
2.8097999095917	-10.654564153843
2.8145000934601	-10.494114234520
2.8192000389099	-10.338428947870
2.8238999843597	-10.187757153068
2.8285999298096	-10.042073374414
2.8333001136780	-9.9010653513424
2.8380000591278	-9.7641695744200
2.8427000045776	-9.6306943773653
2.8473999500275	-9.4999731414177
2.8520998954773	-9.3714913166434
2.8568000793457	-9.2450028475142
2.8615000247955	-9.1205522188422
2.8661999702454	-8.9984238271427
2.8708999156952	-8.8790512652528
2.8756000995636	-8.7628629687187
2.8803000450134	-8.6501583903219
2.8849999904633	-8.5410016062341
2.8896999359131	-8.4352091004848
2.8943998813629	-8.3323614571145
2.8991000652313	-8.2319242724792
2.9038000106812	-8.1333536149539
2.9084999561310	-8.0362473347409
2.9131999015808	-7.9404155264634
2.9179000854492	-7.8459230954145
2.9226000308990	-7.7530561015969
2.9272999763489	-7.6622269661437
2.9319999217987	-7.5738513789895
2.9367001056671	-7.4882295060058
2.9414000511169	-7.4054681915623
2.9460999965668	-7.3254234192306
2.9507999420166	-7.2477615966406
2.9554998874664	-7.1720213780978
2.9602000713348	-7.0977481834626
2.9649000167847	-7.0245882933324
2.9695999622345	-6.9523890885748
2.9742999076843	-6.8812289031749
2.9790000915527	-6.8113751350672
2.9837000370026	-6.7432147429921
2.9883999824524	-6.6771397863484
2.9930999279022	-6.6134337828455
2.9978001117706	-6.5522000379800
3.0025000572205	-6.4933182541272
3.0072000026703	-6.4364852779359
3.0118999481201	-6.3812905922792
3.0165998935699	-6.3273161482934
3.0213000774384	-6.2742476409788
3.0260000228882	-6.2219504855335
3.0306999683380	-6.1704992149010
3.0353999137878	-6.1201502852247
3.0401000976562	-6.0712635365110
3.0448000431061	-6.0242011739261
3.0494999885559	-5.9792255676727
3.0541999340057	-5.9364249547225
3.0589001178741	-5.8956860260611
3.0636000633240	-5.8567221974667
3.0683000087738	-5.8191446192466
3.0729999542236	-5.7825663988643
3.0776998996735	-5.7466968972164
3.0824000835419	-5.7114206344648
3.0871000289917	-5.6768091396489
3.0917999744415	-5.6431110362050
3.0964999198914	-5.6106644616973
3.1012001037598	-5.5798134752245
3.1059000492096	-5.5507948717737
3.1105999946594	-5.5236844536437
3.1152999401093	-5.4983675382943
3.1199998855591	-5.4745638762523
3.1247000694275	-5.4518977996720
3.1294000148773	-5.4300079335207
3.1340999603271	-5.4086190300838
3.1387999057770	-5.3876308393875
3.1435000896454	-5.3671219985655
3.1482000350952	-5.3473381747579
3.1528999805450	-5.3286070887009
3.1575999259949	-5.3112498618876
3.1623001098633	-5.2954896354648
3.1670000553131	-5.2813834684368
3.1717000007629	-5.2688022808422
3.1763999462128	-5.2574672832744
3.1810998916626	-5.2470126455252
3.1858000755310	-5.2370802573985
3.1905000209808	-5.2274114057423
3.1951999664307	-5.2179184916211
3.1998999118805	-5.2086806025454
3.2046000957489	-5.1999409161599
3.2093000411987	-5.1920151079854
3.2139999866486	-5.1852021308439
3.2186999320984	-5.1796933316113
3.2234001159668	-5.1755183526875
3.2281000614166	-5.1725191553798
3.2328000068665	-5.1703938087921
3.2374999523163	-5.1687567675945
3.2421998977661	-5.1672432427856
3.2469000816345	-5.1655863116007
3.2516000270844	-5.1636891516336
3.2562999725342	-5.1616231369196
3.2609999179840	-5.1596105715824
3.2657001018524	-5.1579297779703
3.2704000473022	-5.1568380131079
3.2750999927521	-5.1564674618389
3.2797999382019	-5.1567808049965
3.2844998836517	-5.1575573906366
3.2892000675201	-5.1584211953754
3.2939000129700	-5.1589318771414
3.2985999584198	-5.1586695363810
3.3032999038696	-5.1573297265706
3.3080000877380	-5.1547642992222
3.3127000331879	-5.1510124478033
3.3173999786377	-5.1462310643222
3.3220999240875	-5.1406337942709
3.3268001079559	-5.1343910407080
3.3315000534058	-5.1275339605009
3.3361999988556	-5.1199193533078
3.3408999443054	-5.1112195048964
3.3455998897552	-5.1009669985443
3.3503000736237	-5.0886481649569
3.3550000190735	-5.0738020011839
3.3596999645233	-5.0561006304337
3.3643999099731	-5.0354024864717
3.3691000938416	-5.0117564891602
3.3738000392914	-4.9853450245469
3.3784999847412	-4.9564015529318
3.3831999301910	-4.9251137045250
3.3879001140594	-4.8915576284547
3.3926000595093	-4.8556457306551
3.3973000049591	-4.8171491621471
3.4019999504089	-4.7757631053616
3.4066998958588	-4.7311902565145
3.4114000797272	-4.6832479652992
3.4161000251770	-4.6319415340878
3.4207999706268	-4.5774913659910
3.4254999160767	-4.5203202244958
3.4302000999451	-4.4609905130045
3.4349000453949	-4.4001039544127
3.4395999908447	-4.3382090772031
3.4442999362946	-4.2757416855212
3.4489998817444	-4.2129783922626
3.4537000656128	-4.1500718923860
3.4584000110626	-4.0871028197700
3.4630999565125	-4.0241542978057
3.4677999019623	-3.9613914693545
3.4725000858307	-3.8991222097126
3.4772000312805	-3.8377936625526
3.4818999767303	-3.7779712409777
3.4865999221802	-3.7202681790486
3.4913001060486	-3.6652566638012
3.4960000514984	-3.6133966775939
3.5006999969482	-3.5649779125515
3.5053999423981	-3.5201027642591
3.5100998878479	-3.4787196430652
3.5148000717163	-3.4406700204087
3.5195000171661	-3.4057754981418
3.5241999626160	-3.3739083068645
3.5288999080658	-3.3450373562013
3.5336000919342	-3.3192518770539
3.5383000373840	-3.2967387091094
3.5429999828339	-3.2777292066202
3.5476999282837	-3.2624263045070
3.5524001121521	-3.2509489101038
3.5571000576019	-3.2432782841887
3.5618000030518	-3.2392450146663
3.5664999485016	-3.2385608057367
3.5711998939514	-3.2408649681522
3.5759000778198	-3.2457950311970
3.5806000232697	-3.2530612137003
3.5852999687195	-3.2624940466505
3.5899999141693	-3.2740607773070
3.5947000980377	-3.2878514997638
3.5994000434875	-3.3040237107187
3.6040999889374	-3.3227400204822
3.6087999343872	-3.3440988960518
3.6135001182556	-3.3680810614766
3.6182000637054	-3.3945393827905
3.6229000091553	-3.4232077944955
3.6275999546051	-3.4537539931183
3.6322999000549	-3.4858503523263
3.6370000839233	-3.5192376156222
3.6417000293732	-3.5537805113794
3.6463999748230	-3.5894908266422
3.6510999202728	-3.6265028885615
3.6558001041412	-3.6650334565580
3.6605000495911	-3.7053071350691
3.6651999950409	-3.7474810669788
3.6698999404907	-3.7915979189490
3.6745998859406	-3.8375615446878
3.6793000698090	-3.8851454838093
3.6840000152588	-3.9340477540420
3.6886999607086	-3.9839618722545
3.6933999061584	-4.0346465037702
3.6981000900269	-4.0859908909411
3.7028000354767	-4.1380291776125
3.7074999809265	-4.1909322669730
3.7121999263763	-4.2449534016885
3.7169001102448	-4.3003520633876
3.7216000556946	-4.3573184740818
3.7263000011444	-4.4159076702088
3.7309999465942	-4.4760195111662
3.7356998920441	-4.5374092632854
3.7404000759125	-4.5997381566989
3.7451000213623	-4.6626578658149
3.7497999668121	-4.7258879897008
3.7544999122620	-4.7892841139003
3.7592000961304	-4.8528654056802
3.7639000415802	-4.9167991271632
3.7685999870300	-4.9813363809738
3.7732999324799	-5.0467362500462
3.7780001163483	-5.1131664520035
3.7827000617981	-5.1806480656062
3.7874000072479	-5.2490074628778
3.7920999526978	-5.3179082036399
3.7967998981476	-5.3869120559799
3.8015000820160	-5.4555623309484
3.8062000274658	-5.5234901006445
3.8108999729156	-5.5904838907476
3.8155999183655	-5.6565180777981
3.8203001022339	-5.7217420943419
3.8250000476837	-5.7863944501344
3.8296999931335	-5.8507114168162
3.8343999385834	-5.9148236079614
3.8390998840332	-5.9786758261117
3.8438000679016	-6.0420019182127
3.8485000133514	-6.1043525826569
3.8531999588013	-6.1651801987195
3.8578999042511	-6.2239514613979
3.8626000881195	-6.2802563898894
3.8673000335693	-6.3338939472758
3.8719999790192	-6.3849001948469
3.8766999244690	-6.4335092784571
3.8814001083374	-6.4800582254139
3.8861000537872	-6.5248671416641
3.8907999992371	-6.5681237435112
3.8954999446869	-6.6098076106552
3.9001998901367	-6.6496675560333
3.9049000740051	-6.6872835072441
3.9096000194550	-6.7221657314001
3.9142999649048	-6.7538929087654
3.9189999103546	-6.7822272094468
3.9237000942230	-6.8071948169219
3.9284000396729	-6.8290894595189
3.9330999851227	-6.8484031092386
3.9377999305725	-6.8657070913133
3.9425001144409	-6.8815161918671
3.9472000598907	-6.8961603288493
3.9519000053406	-6.9097289573929
3.9565999507904	-6.9220657111040
3.9612998962402	-6.9328547604481
3.9660000801086	-6.9417418927394
3.9707000255585	-6.9484710488768
3.9753999710083	-6.9530071548367
3.9800999164581	-6.9555806430020
3.9848001003265	-6.9566791185251
3.9895000457764	-6.9569449776995
3.9941999912262	-6.9570467799284
3.9988999366760	-6.9575338810161
4.0036001205444	-6.9587306280661
4.0082998275757	-6.9606801877099
4.0130000114441	-6.9631831197500
4.0177001953125	-6.9658808967421
4.0223999023438	-6.9683993788977
4.0271000862122	-6.9704860784956
4.0317997932434	-6.9721155826625
4.0364999771118	-6.9735351434049
4.0412001609802	-6.9752214409481
4.0458998680115	-6.9777885783655
4.0506000518799	-6.9818378407566
4.0553002357483	-6.9878339111625
4.0599999427795	-6.9959846505740
4.0647001266479	-7.0062196318526
4.0693998336792	-7.0182223496871
4.0741000175476	-7.0315367056987
4.0788002014160	-7.0457059641990
4.0834999084473	-7.0604161194298
4.0882000923157	-7.0755977332345
4.0928997993469	-7.0914588671110
4.0975999832153	-7.1084485021012
4.1023001670837	-7.1271376881975
4.1069998741150	-7.1480882545527
4.1117000579834	-7.1717015835055
4.1163997650146	-7.1981189587857
4.1210999488831	-7.2271926824608
4.1258001327515	-7.2585246605327
4.1304998397827	-7.2915830630939
4.1352000236511	-7.3258527645300
4.1399002075195	-7.3609726034143
4.1445999145508	-7.3968574261075
4.1493000984192	-7.4337225602706
4.1539998054504	-7.4720426721141
4.1586999893188	-7.5124283787077
4.1634001731873	-7.5554785955451
4.1680998802185	-7.6016170221452
4.1728000640869	-7.6509968282739
4.1774997711182	-7.7034496274357
4.1821999549866	-7.7585463006969
4.1869001388550	-7.8157168152491
4.1915998458862	-7.8744095215230
4.1963000297546	-7.9342620142357
4.2010002136230	-7.9952212150628
4.2056999206543	-8.0575763571099
4.2104001045227	-8.1219181622405
4.2150998115540	-8.1889987135603
4.2197999954224	-8.2595529089511
4.2245001792908	-8.3341277270627
4.2291998863220	-8.4129435380447
4.2339000701904	-8.4958507964485
4.2385997772217	-8.5823760768580
4.2432999610901	-8.6718492954365
4.2480001449585	-8.7635888235865
4.2526998519897	-8.8570949240120
4.2574000358582	-8.9521800597083
4.2621002197266	-9.0490257980507
4.2667999267578	-9.1481289142801
4.2715001106262	-9.2501377611919
4.2761998176575	-9.3556558944147
4.2809000015259	-9.4650275123123
4.2856001853943	-9.5781885176189
4.2902998924255	-9.6946179234148
4.2950000762939	-9.8134089323579
4.2996997833252	-9.9334499453878
4.3043999671936	-10.053689730601
4.3091001510620	-10.173380788665
4.3137998580933	-10.292280179182
4.3185000419617	-10.410709759437
4.3232002258301	-10.529474347160
4.3278999328613	-10.649639219691
4.3326001167297	-10.772234354897
4.3372998237610	-10.897975385150
4.3420000076294	-11.027043543111
4.3467001914978	-11.159032214118
4.3513998985291	-11.293040790936
4.3561000823975	-11.427923073700
4.3607997894287	-11.562614595061
4.3654999732971	-11.696462685027
4.3702001571655	-11.829452576464
4.3748998641968	-11.962261411481
4.3796000480652	-12.096108502467
4.3843002319336	-12.232445534784
4.3889999389648	-12.372566892163
4.3937001228333	-12.517242893027
4.3983998298645	-12.666484585141
4.4031000137329	-12.819503685003
4.4078001976013	-12.974892379248
4.4124999046326	-13.130993766760
4.4172000885010	-13.286366132408
4.4218997955322	-13.440208353496
4.4265999794006	-13.592638520092
4.4313001632690	-13.744694567465
4.4359998703003	-13.898068014996
4.4407000541687	-14.054629884194
4.4454002380371	-14.215873844891
4.4500999450684	-14.382440702810
4.4548001289368	-14.553849008884
4.4594998359680	-14.728530688024
4.4642000198364	-14.904165759717
4.4689002037048	-15.078271965185
4.4735999107361	-15.248881268927
4.4783000946045	-15.415113064452
4.4829998016357	-15.577447465355
4.4876999855042	-15.737574628180
4.4924001693726	-15.897874659893
4.4970998764038	-16.060615481216
4.5018000602722	-16.227170981544
4.5064997673035	-16.397422097454
4.5111999511719	-16.569558231089
4.5159001350403	-16.740349727116
4.5205998420715	-16.905866438957
4.5253000259399	-17.062479821216
4.5300002098083	-17.207846950024
4.5346999168396	-17.341562765432
4.5394001007080	-17.465179094420
4.5440998077393	-17.581593193938
4.5487999916077	-17.693944344273
4.5535001754761	-17.804408724160
4.5581998825073	-17.913234720517
4.5629000663757	-18.018346417493
4.5675997734070	-18.115632373444
4.5722999572754	-18.199955889486
4.5770001411438	-18.266565591599
4.5816998481750	-18.312542621705
4.5864000320435	-18.337703663172
4.5911002159119	-18.344662180322
4.5957999229431	-18.337884194818
4.6005001068115	-18.322237789281
4.6051998138428	-18.301408213350
4.6098999977112	-18.276773420290
4.6146001815796	-18.247039513690
4.6192998886108	-18.208712831342
4.6240000724792	-18.157343055580
4.6286997795105	-18.089070033969
4.6333999633789	-18.002101867144
4.6381001472473	-17.897480878433
4.6427998542786	-17.778974193828
4.6475000381470	-17.651986217248
4.6522002220154	-17.522106932157
4.6568999290466	-17.393612626696
4.6616001129150	-17.268487052284
4.6662998199463	-17.146150353634
4.6710000038147	-17.023891588121
4.6757001876831	-16.897927017157
4.6803998947144	-16.764748355140
4.6851000785828	-16.622348727796
4.6897997856140	-16.471005378551
4.6944999694824	-16.313285190347
4.6992001533508	-16.153365876442
4.7038998603821	-15.995882125011
4.7086000442505	-15.844696756884
4.7133002281189	-15.701988019524
4.7179999351501	-15.567790986497
4.7227001190186	-15.440171037214
4.7273998260498	-15.315878961109
4.7321000099182	-15.191382954455
4.7368001937866	-15.063936177529
4.7414999008179	-14.932459079057
4.7462000846863	-14.797859825578
4.7508997917175	-14.662807645150
4.7555999755859	-14.530980057572
4.7603001594543	-14.406045869588
4.7649998664856	-14.290702228426
4.7697000503540	-14.186022886046
4.7744002342224	-14.091242245578
4.7790999412537	-14.004013703448
4.7838001251221	-13.921098706853
4.7884998321533	-13.839283907648
4.7932000160217	-13.756305765634
4.7979001998901	-13.671518719149
4.8025999069214	-13.586094819206
4.8073000907898	-13.502707353472
4.8119997978210	-13.424754736525
4.8166999816895	-13.355436296593
4.8214001655579	-13.296852852032
4.8260998725891	-13.249399593478
4.8308000564575	-13.211591232088
4.8354997634888	-13.180296068017
4.8401999473572	-13.151404131170
4.8449001312256	-13.120715351537
4.8495998382568	-13.084869816913
4.8543000221252	-13.042045351875
4.8590002059937	-12.992217488137
4.8636999130249	-12.936885975872
4.8684000968933	-12.878402284694
4.8730998039246	-12.819096454244
4.8777999877930	-12.760500143344
4.8825001716614	-12.702893900391
4.8871998786926	-12.645302559179
4.8919000625610	-12.585924443578
4.8965997695923	-12.522851477009
4.9012999534607	-12.454903806544
4.9060001373291	-12.382229981421
4.9106998443604	-12.306540462170
4.9154000282288	-12.230848223961
4.9201002120972	-12.158777085336
4.9247999191284	-12.093676614723
4.9295001029968	-12.037795012901
4.9341998100281	-11.991684557301
4.9388999938965	-11.954060332089
4.9436001777649	-11.922065383234
4.9482998847961	-11.891978825765
4.9530000686646	-11.860156435117
4.9576997756958	-11.823998290123
4.9623999595642	-11.782633078913
4.9671001434326	-11.737141001231
4.9717998504639	-11.690174612220
4.9765000343323	-11.645142311593
4.9812002182007	-11.605154626384
4.9858999252319	-11.572071019778
4.9906001091003	-11.545867248450
4.9952998161316	-11.524479583385
5.0000000000000	-11.504171823466
#Parameters = {R_fat=48; R_glandular=38; R_skin_outer=50; T10=5; T15=7.5; T5=2.5; T_rad=4; T_x=10; T_y=0; T_z=75; Zc=65; skin_thickness=2; Mesh Pass=5}
#"Frequency / GHz"	"S1,1 (Mesh Pass=5) [Magnitude / dB]"
#-------------------------------------------------------
0.30000001192093	-24.450572002447
0.30469998717308	-24.635005182165
0.30939999222755	-23.961698037894
0.31409999728203	-22.970395228356
0.31880000233650	-22.139397167729
0.32350000739098	-21.703145772344
0.32820001244545	-21.777952175695
0.33289998769760	-22.468935356428
0.33759999275208	-23.930898365454
0.34229999780655	-26.327807334172
0.34700000286102	-28.741511899451
0.35170000791550	-26.831344851571
0.35640001296997	-22.488068279448
0.36109998822212	-18.833558005705
0.36579999327660	-15.982124735266
0.37049999833107	-13.727258233395
0.37520000338554	-11.931238571361
0.37990000844002	-10.515679566862
0.38460001349449	-9.4354336655857
0.38929998874664	-8.6607805682152
0.39399999380112	-8.1667205528862
0.39869999885559	-7.9279636357812
0.40340000391006	-7.9184434424521
0.40810000896454	-8.1135044749959
0.41280001401901	-8.4926581482669
0.41749998927116	-9.0413509146907
0.42219999432564	-9.7508353077054
0.42689999938011	-10.615253977261
0.43160000443459	-11.624202081595
0.43630000948906	-12.747181091535
0.44100001454353	-13.906023706534
0.44569998979568	-14.943038692416
0.45039999485016	-15.635339044358
0.45509999990463	-15.827155317746
0.45980000495911	-15.580481924904
0.46450001001358	-15.117469899062
0.46919998526573	-14.647154903996
0.47389999032021	-14.291753315240
0.47859999537468	-14.103094936295
0.48330000042915	-14.093397146068
0.48800000548363	-14.253511961934
0.49270001053810	-14.558356063441
0.49739998579025	-14.963704272218
0.50209999084473	-15.399425810892
0.50679999589920	-15.768932081795
0.51150000095367	-15.970069821672
0.51620000600815	-15.940935057192
0.52090001106262	-15.697302209145
0.52560001611710	-15.320401406183
0.53030002117157	-14.908874286708
0.53500002622604	-14.541173401113
0.53969997167587	-14.264755455731
0.54439997673035	-14.100222542212
0.54909998178482	-14.047667472877
0.55379998683929	-14.090187268901
0.55849999189377	-14.194707842305
0.56319999694824	-14.313091103190
0.56790000200272	-14.388180602581
0.57260000705719	-14.368268282598
0.57730001211166	-14.226259026100
0.58200001716614	-13.971094401302
0.58670002222061	-13.641804588382
0.59140002727509	-13.289351495217
0.59609997272491	-12.959560986424
0.60079997777939	-12.684285009214
0.60549998283386	-12.479495348809
0.61019998788834	-12.346306840498
0.61489999294281	-12.272502982603
0.61959999799728	-12.234325964293
0.62430000305176	-12.199729944246
0.62900000810623	-12.134664839918
0.63370001316071	-12.012104444847
0.63840001821518	-11.820672506237
0.64310002326965	-11.567989902403
0.64780002832413	-11.276657905619
0.65249997377396	-10.975615736313
0.65719997882843	-10.691732886457
0.66189998388290	-10.444411986108
0.66659998893738	-10.243287586955
0.67129999399185	-10.087888375390
0.67599999904633	-9.9684269060625
0.68070000410080	-9.8676928881991
0.68540000915527	-9.7643926832545
0.69010001420975	-9.6380359984483
0.69480001926422	-9.4743846253197
0.69950002431870	-9.2694390183362
0.70420002937317	-9.0300982636894
0.70889997482300	-8.7712630711078
0.71359997987747	-8.5110023957520
0.71829998493195	-8.2658554297798
0.72299998998642	-8.0475039649352
0.72769999504089	-7.8610410599625
0.73240000009537	-7.7045468641327
0.73710000514984	-7.5697805197842
0.74180001020432	-7.4439548085208
0.74650001525879	-7.3125984407953
0.75120002031326	-7.1630895434930
0.75590002536774	-6.9879569850813
0.76059997081757	-6.7867437474209
0.76529997587204	-6.5657575782811
0.76999998092651	-6.3359005929022
0.77469998598099	-6.1095538565514
0.77939999103546	-5.8976073710876
0.78409999608994	-5.7072439176468
0.78880000114441	-5.5407248004450
0.79350000619888	-5.3951782946502
0.79820001125336	-5.2633267577981
0.80290001630783	-5.1351792137348
0.80760002136230	-5.0004013523683
0.81230002641678	-4.8509415568831
0.81699997186661	-4.6831212781194
0.82169997692108	-4.4984825501710
0.82639998197556	-4.3031817450803
0.83109998703003	-4.1062034168155
0.83579999208450	-3.9170159581375
0.84049999713898	-3.7434084000810
0.84520000219345	-3.5898587888509
0.84990000724792	-3.4567002691244
0.85460001230240	-3.3401397165033
0.85930001735687	-3.2331801546259
0.86400002241135	-3.1272938637445
0.86870002746582	-3.0145864272641
0.87339997291565	-2.8898924562419
0.87809997797012	-2.7521819178640
0.88279998302460	-2.6048347625247
0.88749998807907	-2.4547347872454
0.89219999313354	-2.3104861483018
0.89689999818802	-2.1803406374773
0.90160000324249	-2.0703167203971
0.90630000829697	-1.9828900996268
0.91100001335144	-1.9164931482024
0.91570001840591	-1.8659040645856
0.92040002346039	-1.8235239108462
0.92510002851486	-1.7813423140650
0.92979997396469	-1.7331568464079
0.93449997901917	-1.6764533688295
0.93919998407364	-1.6133642093923
0.94389998912811	-1.5503668187295
0.94859999418259	-1.4968506523964
0.95329999923706	-1.4629691240425
0.95800000429153	-1.4573982430223
0.96270000934601	-1.4855167821735
0.96740001440048	-1.5483655011558
0.97210001945496	-1.6426500710829
0.97680002450943	-1.7618093946363
0.98150002956390	-1.8981492881825
0.98619997501373	-2.0456537044755
0.99089998006821	-2.2029532188758
0.99559998512268	-2.3756233588286
1.0003000497818	-2.5771333020164
1.0049999952316	-2.8282319406558
1.0096999406815	-3.1551495117204
1.0144000053406	-3.5875798490216
1.0190999507904	-4.1574155019847
1.0238000154495	-4.8991908539696
1.0284999608994	-5.8528195712393
1.0332000255585	-7.0692478725785
1.0378999710083	-8.6193229778765
1.0426000356674	-10.602725906403
1.0472999811172	-13.124314980426
1.0520000457764	-15.993339197778
1.0566999912262	-17.373739594085
1.0614000558853	-15.351963381196
1.0661000013351	-12.385342921456
1.0707999467850	-9.8737286615878
1.0755000114441	-7.8919801927898
1.0801999568939	-6.3307128482063
1.0849000215530	-5.0974016297836
1.0895999670029	-4.1268322406194
1.0943000316620	-3.3714112297114
1.0989999771118	-2.7930456646450
1.1037000417709	-2.3583012537552
1.1083999872208	-2.0362303370986
1.1131000518799	-1.7981305136762
1.1177999973297	-1.6185186264434
1.1224999427795	-1.4765859453215
1.1272000074387	-1.3574335280116
1.1318999528885	-1.2524817099992
1.1366000175476	-1.1588610254115
1.1412999629974	-1.0778339058862
1.1460000276566	-1.0127169249344
1.1506999731064	-0.96684293441104
1.1554000377655	-0.94198966357519
1.1600999832153	-0.93757136018604
1.1648000478745	-0.95056078198060
1.1694999933243	-0.97610585565642
1.1742000579834	-1.0085404133513
1.1789000034332	-1.0425873239000
1.1835999488831	-1.0744261956644
1.1883000135422	-1.1023480267301
1.1929999589920	-1.1268721780634
1.1977000236511	-1.1503090421803
1.2023999691010	-1.1758793114530
1.2071000337601	-1.2067381046186
1.2117999792099	-1.2450853861858
1.2165000438690	-1.2916382210762
1.2211999893188	-1.3454887565792
1.2259000539780	-1.4044011189693
1.2305999994278	-1.4653974043437
1.2352999448776	-1.5254994611150
1.2400000095367	-1.5824481830362
1.2446999549866	-1.6352101937682
1.2494000196457	-1.6841626848466
1.2540999650955	-1.7309001468650
1.2588000297546	-1.7777326500975
1.2634999752045	-1.8270495043079
1.2682000398636	-1.8806900198745
1.2728999853134	-1.9395147572327
1.2776000499725	-2.0032327336925
1.2822999954224	-2.0705227196913
1.2869999408722	-2.1393983365021
1.2917000055313	-2.2077167469352
1.2963999509811	-2.2737219564951
1.3011000156403	-2.3364693420938
1.3057999610901	-2.3960334186454
1.3105000257492	-2.4534490328077
1.3151999711990	-2.5104183654393
1.3199000358582	-2.5688487770280
1.3245999813080	-2.6303789453090
1.3293000459671	-2.6959822886137
1.3339999914169	-2.7657693049051
1.3387000560760	-2.8389958922741
1.3434000015259	-2.9142785474958
1.3480999469757	-2.9899641006345
1.3528000116348	-3.0645423112172
1.3574999570847	-3.1370313745545
1.3622000217438	-3.2072117495785
1.3668999671936	-3.2756786446631
1.3716000318527	-3.3436666190480
1.3762999773026	-3.4127547122230
1.3810000419617	-3.4844614503044
1.3856999874115	-3.5599024838967
1.3904000520706	-3.6395459704121
1.3950999975204	-3.7231389090783
1.3997999429703	-3.8097950320446
1.4045000076294	-3.8982483961304
1.4091999530792	-3.9871731439198
1.4139000177383	-4.0755267418596
1.4185999631882	-4.1628142323810
1.4233000278473	-4.2492273714201
1.4279999732971	-4.3355995667259
1.4327000379562	-4.4232171171041
1.4373999834061	-4.5135241633287
1.4421000480652	-4.6077957210869
1.4467999935150	-4.7068737942508
1.4515000581741	-4.8109979861105
1.4562000036240	-4.9198011173302
1.4608999490738	-5.0324186138114
1.4656000137329	-5.1477318494859
1.4702999591827	-5.2646572936920
1.4750000238419	-5.3824374737923
1.4796999692917	-5.5008544314714
1.4844000339508	-5.6203087380054
1.4890999794006	-5.7417660893141
1.4938000440598	-5.8665602383239
1.4984999895096	-5.9961215450781
1.5032000541687	-6.1316852192727
1.5078999996185	-6.2740569212820
1.5125999450684	-6.4234730707406
1.5173000097275	-6.5795846821562
1.5219999551773	-6.7415801641395
1.5267000198364	-6.9084063899916
1.5313999652863	-7.0790511830164
1.5361000299454	-7.2528258848696
1.5407999753952	-7.4295803821923
1.5455000400543	-7.6098023105396
1.5501999855042	-7.7945661138154
1.5549000501633	-7.9853530778472
1.5595999956131	-8.1837738021949
1.5642999410629	-8.3912651532246
1.5690000057220	-8.6088183517854
1.5736999511719	-8.8368044006211
1.5784000158310	-9.0749223412155
1.5830999612808	-9.3222941228411
1.5878000259399	-9.5776887575959
1.5924999713898	-9.8398367386863
1.5972000360489	-10.107778533456
1.6018999814987	-10.381155823770
1.6066000461578	-10.660382030086
1.6112999916077	-10.946645137580
1.6160000562668	-11.241720549381
1.6207000017166	-11.547652840562
1.6253999471664	-11.866352691471
1.6301000118256	-12.199213345432
1.6347999572754	-12.546810381300
1.6395000219345	-12.908747075883
1.6441999673843	-13.283698978424
1.6489000320435	-13.669631019277
1.6535999774933	-14.064217353351
1.6583000421524	-14.465300023366
1.6629999876022	-14.871381070620
1.6677000522614	-15.281936686041
1.6723999977112	-15.697503914822
1.6770999431610	-16.119490266298
1.6818000078201	-16.549692357922
1.6864999532700	-16.989695149595
1.6912000179291	-17.440186724756
1.6958999633789	-17.900345381164
1.7006000280380	-18.367454654813
1.7052999734879	-18.836697247971
1.7100000381470	-19.301337096756
1.7146999835968	-19.753173316288
1.7194000482559	-20.183262399344
1.7240999937057	-20.582842495755
1.7288000583649	-20.944259711377
1.7335000038147	-21.261715317161
1.7381999492645	-21.531700108879
1.7429000139236	-21.753095278780
1.7475999593735	-21.926914147307
1.7523000240326	-22.055817674839
1.7569999694824	-22.143427563820
1.7617000341415	-22.193671258569
1.7663999795914	-22.210191093862
1.7711000442505	-22.195900750754
1.7757999897003	-22.152895812709
1.7805000543594	-22.082673554290
1.7851999998093	-21.986640190403
1.7898999452591	-21.866831906565
1.7946000099182	-21.726458105904
1.7992999553680	-21.570283636708
1.8040000200272	-21.404454259379
1.8086999654770	-21.235975565357
1.8134000301361	-21.071883874614
1.8180999755859	-20.918341519206
1.8228000402451	-20.779866877960
1.8274999856949	-20.658851864186
1.8322000503540	-20.555430049482
1.8368999958038	-20.467716063410
1.8415999412537	-20.392407806964
1.8463000059128	-20.325615683207
1.8509999513626	-20.263828414411
1.8557000160217	-20.204801663411
1.8603999614716	-20.148124776145
1.8651000261307	-20.095359339512
1.8697999715805	-20.049684656894
1.8745000362396	-20.015183600024
1.8791999816895	-19.995937641092
1.8839000463486	-19.995188332663
1.8885999917984	-20.014712150282
1.8933000564575	-20.054479340695
1.8980000019073	-20.112769783431
1.9026999473572	-20.186544189298
1.9074000120163	-20.272160409066
1.9120999574661	-20.366234770368
1.9168000221252	-20.466476526343
1.9214999675751	-20.572321852794
1.9262000322342	-20.685163919094
1.9308999776840	-20.808129791887
1.9356000423431	-20.945491778352
1.9402999877930	-21.101829946618
1.9450000524521	-21.281160510761
1.9496999979019	-21.486285894153
1.9543999433517	-21.718333472342
1.9591000080109	-21.976685387213
1.9637999534607	-22.259241849452
1.9685000181198	-22.562958622155
1.9731999635696	-22.884665280594
1.9779000282288	-23.221838426702
1.9825999736786	-23.573368010433
1.9873000383377	-23.939890921903
1.9919999837875	-24.323611929793
1.9967000484467	-24.727694804841
2.0013999938965	-25.155093596730
2.0060999393463	-25.607081572755
2.0107998847961	-26.081672919152
2.0155000686646	-26.571860634742
2.0202000141144	-27.063980625467
2.0248999595642	-27.536374541662
2.0295999050140	-27.958998316246
2.0343000888824	-28.295047165770
2.0390000343323	-28.505743836911
2.0436999797821	-28.558405929881
2.0483999252319	-28.435432539202
2.0531001091003	-28.139885151191
2.0578000545502	-27.694185067261
2.0625000000000	-27.133029040518
2.0671999454498	-26.494495952187
2.0718998908997	-25.813304007179
2.0766000747681	-25.117307769581
2.0813000202179	-24.426752867387
2.0859999656677	-23.754803950931
2.0906999111176	-23.108810730624
2.0954000949860	-22.491659785222
2.1001000404358	-21.903121079491
2.1047999858856	-21.341060269887
2.1094999313354	-20.802539317330
2.1142001152039	-20.284750276500
2.1189000606537	-19.785648172781
2.1236000061035	-19.304310569134
2.1282999515533	-18.840938775767
2.1329998970032	-18.396582111999
2.1377000808716	-17.972702271170
2.1424000263214	-17.570662089216
2.1470999717712	-17.191275520268
2.1517999172211	-16.834533577174
2.1565001010895	-16.499467809161
2.1612000465393	-16.184250332838
2.1658999919891	-15.886468628269
2.1705999374390	-15.603508690179
2.1752998828888	-15.332958932593
2.1800000667572	-15.073012893521
2.1847000122070	-14.822685275614
2.1893999576569	-14.581877196063
2.1940999031067	-14.351239629272
2.1988000869751	-14.131869735041
2.2035000324249	-13.924951028445
2.2081999778748	-13.731380917152
2.2128999233246	-13.551488717770
2.2176001071930	-13.384914000867
2.2223000526428	-13.230610289315
2.2269999980927	-13.087031173628
2.2316999435425	-12.952421697290
2.2363998889923	-12.825140647688
2.2411000728607	-12.703980579082
2.2458000183105	-12.588359441590
2.2504999637604	-12.478381144115
2.2551999092102	-12.374737806167
2.2599000930786	-12.278453259148
2.2646000385284	-12.190600735901
2.2692999839783	-12.111981204245
2.2739999294281	-12.042906687693
2.2787001132965	-11.983079303736
2.2834000587463	-11.931641509145
2.2881000041962	-11.887331810769
2.2927999496460	-11.848754566788
2.2974998950958	-11.814681785851
2.3022000789642	-11.784290414791
2.3069000244141	-11.757345452042
2.3115999698639	-11.734207887850
2.3162999153137	-11.715718959494
2.3210000991821	-11.702954145055
2.3257000446320	-11.696951506082
2.3303999900818	-11.698436800677
2.3350999355316	-11.707638404492
2.3397998809814	-11.724218476219
2.3445000648499	-11.747343678935
2.3492000102997	-11.775876075035
2.3538999557495	-11.808635388309
2.3585999011993	-11.844673404916
2.3633000850677	-11.883508304493
2.3680000305176	-11.925239620766
2.3726999759674	-11.970518339095
2.3773999214172	-12.020393575430
2.3821001052856	-12.076064101363
2.3868000507355	-12.138596498494
2.3914999961853	-12.208677669335
2.3961999416351	-12.286453602197
2.4008998870850	-12.371527058852
2.4056000709534	-12.463052367370
2.4103000164032	-12.559959606299
2.4149999618530	-12.661238487715
2.4196999073029	-12.766210492066
2.4244000911713	-12.874738115779
2.4291000366211	-12.987305556537
2.4337999820709	-13.104936903522
2.4384999275208	-13.229011902174
2.4432001113892	-13.360980286980
2.4479000568390	-13.502054609209
2.4526000022888	-13.652988531092
2.4572999477386	-13.813937516154
2.4619998931885	-13.984500986128
2.4667000770569	-14.163848980002
2.4714000225067	-14.351025350346
2.4760999679565	-14.545252764367
2.4807999134064	-14.746249176237
2.4855000972748	-14.954420611153
2.4902000427246	-15.170932164057
2.4948999881744	-15.397576524492
2.4995999336243	-15.636533991074
2.5043001174927	-15.890003296011
2.5090000629425	-16.159900562575
2.5137000083923	-16.447577154291
2.5183999538422	-16.753704536078
2.5230998992920	-17.078360832320
2.5278000831604	-17.421249188674
2.5325000286102	-17.782117895219
2.5371999740601	-18.161203360230
2.5418999195099	-18.559700846459
2.5466001033783	-18.980089659362
2.5513000488281	-19.426250372178
2.5559999942780	-19.903405769906
2.5606999397278	-20.417850575151
2.5653998851776	-20.976603295427
2.5701000690460	-21.587054122172
2.5748000144958	-22.256866699597
2.5794999599457	-22.994016043989
2.5841999053955	-23.807374473790
2.5889000892639	-24.707725995738
2.5936000347137	-25.709518499108
2.5982999801636	-26.833404929906
2.6029999256134	-28.109866852075
2.6077001094818	-29.583781824241
2.6124000549316	-31.318677174014
2.6171000003815	-33.390407166534
2.6217999458313	-35.812115927024
2.6264998912811	-38.122425510995
2.6312000751495	-38.609559490266
2.6359000205994	-36.627861625402
2.6405999660492	-34.023448290290
2.6452999114990	-31.709782950473
2.6500000953674	-29.778974583787
2.6547000408173	-28.163262660809
2.6593999862671	-26.789892185285
2.6640999317169	-25.601828548410
2.6688001155853	-24.556317007933
2.6735000610352	-23.621452401725
2.6782000064850	-22.773615198291
2.6828999519348	-21.995630842536
2.6875998973846	-21.275505021979
2.6923000812531	-20.605194320741
2.6970000267029	-19.979490211432
2.7016999721527	-19.394957014258
2.7063999176025	-18.849017673511
2.7111001014709	-18.339247856852
2.7158000469208	-17.862904736744
2.7204999923706	-17.416769573719
2.7251999378204	-16.997195860220
2.7298998832703	-16.600369406423
2.7346000671387	-16.222654118299
2.7393000125885	-15.860962707978
2.7439999580383	-15.513020034007
2.7486999034882	-15.177485084180
2.7534000873566	-14.853895229232
2.7581000328064	-14.542422975401
2.7627999782562	-14.243535049721
2.7674999237061	-13.957661069171
2.7722001075745	-13.684861351256
2.7769000530243	-13.424691947829
2.7815999984741	-13.176134581989
2.7862999439240	-12.937753128240
2.7909998893738	-12.707885330047
2.7957000732422	-12.484957702115
2.8004000186920	-12.267721358591
2.8050999641418	-12.055451939405
2.8097999095917	-11.847988802933
2.8145000934601	-11.645674797992
2.8192000389099	-11.449145851055
2.8238999843597	-11.259095491380
2.8285999298096	-11.076016302970
2.8333001136780	-10.900030237439
2.8380000591278	-10.730801128652
2.8427000045776	-10.567575562047
2.8473999500275	-10.409329375119
2.8520998954773	-10.254969745487
2.8568000793457	-10.103571157984
2.8615000247955	-9.9545431091633
2.8661999702454	-9.8077403660947
2.8708999156952	-9.6634276175756
2.8756000995636	-9.5221853144006
2.8803000450134	-9.3846973243717
2.8849999904633	-9.2515602285810
2.8896999359131	-9.1230968695474
2.8943998813629	-8.9992594504206
2.8991000652313	-8.8796261233255
2.9038000106812	-8.7634819741776
2.9084999561310	-8.6499961300817
2.9131999015808	-8.5383908586007
2.9179000854492	-8.4281457471396
2.9226000308990	-8.3190740846037
2.9272999763489	-8.2113668426968
2.9319999217987	-8.1055052809558
2.9367001056671	-8.0021264546191
2.9414000511169	-7.9018333227117
2.9460999965668	-7.8050394486656
2.9507999420166	-7.7118440861260
2.9554998874664	-7.6220105884276
2.9602000713348	-7.5350173633481
2.9649000167847	-7.4501822333199
2.9695999622345	-7.3668311227727
2.9742999076843	-7.2844544798952
2.9790000915527	-7.2028346370083
2.9837000370026	-7.1220774442687
2.9883999824524	-7.0425796912598
2.9930999279022	-6.9649055000456
2.9978001117706	-6.8896423380733
3.0025000572205	-6.8172368095480
3.0072000026703	-6.7478715639488
3.0118999481201	-6.6814294602091
3.0165998935699	-6.6175086155814
3.0213000774384	-6.5555272275217
3.0260000228882	-6.4948685756154
3.0306999683380	-6.4350268127746
3.0353999137878	-6.3757408626253
3.0401000976562	-6.3170348741529
3.0448000431061	-6.2592220390792
3.0494999885559	-6.2027989934449
3.0541999340057	-6.1483156601029
3.0589001178741	-6.0962295879433
3.0636000633240	-6.0467845446426
3.0683000087738	-5.9999396318107
3.0729999542236	-5.9553821466934
3.0776998996735	-5.9126100879798
3.0824000835419	-5.8710427532648
3.0871000289917	-5.8301763587774
3.0917999744415	-5.7897017215081
3.0964999198914	-5.7495836257879
3.1012001037598	-5.7100508059546
3.1059000492096	-5.6715385751847
3.1105999946594	-5.6345683753066
3.1152999401093	-5.5996003057105
3.1199998855591	-5.5669143707183
3.1247000694275	-5.5365367334748
3.1294000148773	-5.5082298692585
3.1340999603271	-5.4815483992277
3.1387999057770	-5.4559468171917
3.1435000896454	-5.4309218103315
3.1482000350952	-5.4061263091538
3.1528999805450	-5.3814700948446
3.1575999259949	-5.3571154416207
3.1623001098633	-5.3334442621244
3.1670000553131	-5.3109482462989
3.1717000007629	-5.2900892207330
3.1763999462128	-5.2711808220707
3.1810998916626	-5.2543074340588
3.1858000755310	-5.2392892925166
3.1905000209808	-5.2257270691243
3.1951999664307	-5.2131104354629
3.1998999118805	-5.2009235388767
3.2046000957489	-5.1887967998873
3.2093000411987	-5.1765803706621
3.2139999866486	-5.1643789712717
3.2186999320984	-5.1525263168415
3.2234001159668	-5.1414784882639
3.2281000614166	-5.1316973119117
3.2328000068665	-5.1235184301357
3.2374999523163	-5.1170626317885
3.2421998977661	-5.1121946734043
3.2469000816345	-5.1085505434346
3.2516000270844	-5.1056228827720
3.2562999725342	-5.1028915556376
3.2609999179840	-5.0999377973783
3.2657001018524	-5.0965548536938
3.2704000473022	-5.0927854754491
3.2750999927521	-5.0889016528277
3.2797999382019	-5.0853229226845
3.2844998836517	-5.0824839951583
3.2892000675201	-5.0807230105629
3.2939000129700	-5.0801666206629
3.2985999584198	-5.0806882470207
3.3032999038696	-5.0819163367107
3.3080000877380	-5.0833260532441
3.3127000331879	-5.0843455863136
3.3173999786377	-5.0844881837329
3.3220999240875	-5.0834635258757
3.3268001079559	-5.0812315706911
3.3315000534058	-5.0779798302741
3.3361999988556	-5.0740641094649
3.3408999443054	-5.0698713688223
3.3455998897552	-5.0657003602750
3.3503000736237	-5.0616476601299
3.3550000190735	-5.0575474377890
3.3596999645233	-5.0529879333196
3.3643999099731	-5.0473876263926
3.3691000938416	-5.0401018817729
3.3738000392914	-5.0305693613840
3.3784999847412	-5.0184199363582
3.3831999301910	-5.0035413263464
3.3879001140594	-4.9860696600773
3.3926000595093	-4.9663262072656
3.3973000049591	-4.9446903603818
3.4019999504089	-4.9214733301954
3.4066998958588	-4.8967997017812
3.4114000797272	-4.8705640924259
3.4161000251770	-4.8424203944101
3.4207999706268	-4.8118789554670
3.4254999160767	-4.7784094660722
3.4302000999451	-4.7415908918787
3.4349000453949	-4.7012172801419
3.4395999908447	-4.6573690966725
3.4442999362946	-4.6104026617440
3.4489998817444	-4.5608777094858
3.4537000656128	-4.5094379320749
3.4584000110626	-4.4566902086071
3.4630999565125	-4.4030777167716
3.4677999019623	-4.3488347290262
3.4725000858307	-4.2939855775153
3.4772000312805	-4.2384150203286
3.4818999767303	-4.1819691964070
3.4865999221802	-4.1245783277966
3.4913001060486	-4.0663557891003
3.4960000514984	-4.0076485645923
3.5006999969482	-3.9490218752579
3.5053999423981	-3.8911965741448
3.5100998878479	-3.8349292862086
3.5148000717163	-3.7809024336472
3.5195000171661	-3.7296157134431
3.5241999626160	-3.6813328440474
3.5288999080658	-3.6360796348788
3.5336000919342	-3.5936974394193
3.5383000373840	-3.5539389181594
3.5429999828339	-3.5165707201722
3.5476999282837	-3.4814769737084
3.5524001121521	-3.4487122382929
3.5571000576019	-3.4185069653756
3.5618000030518	-3.3912274974743
3.5664999485016	-3.3672946519921
3.5711998939514	-3.3470717212941
3.5759000778198	-3.3307855919182
3.5806000232697	-3.3184608885278
3.5852999687195	-3.3099096473803
3.5899999141693	-3.3047685724786
3.5947000980377	-3.3025820539597
3.5994000434875	-3.3028989278421
3.6040999889374	-3.3053651157958
3.6087999343872	-3.3098009967512
3.6135001182556	-3.3162214981456
3.6182000637054	-3.3248136922136
3.6229000091553	-3.3358623388063
3.6275999546051	-3.3496635847912
3.6322999000549	-3.3664232113167
3.6370000839233	-3.3861853108559
3.6417000293732	-3.4088017317243
3.6463999748230	-3.4339468073136
3.6510999202728	-3.4611831312101
3.6558001041412	-3.4900498305821
3.6605000495911	-3.5201651949772
3.6651999950409	-3.5513077991828
3.6698999404907	-3.5834545182652
3.6745998859406	-3.6167799051903
3.6793000698090	-3.6515939338146
3.6840000152588	-3.6882560666733
3.6886999607086	-3.7270632523094
3.6933999061584	-3.7681774387546
3.6981000900269	-3.8115581258924
3.7028000354767	-3.8569678523263
3.7074999809265	-3.9040242441956
3.7121999263763	-3.9522799598131
3.7169001102448	-4.0013303842865
3.7216000556946	-4.0509134387885
3.7263000011444	-4.1009682467947
3.7309999465942	-4.1516462274893
3.7356998920441	-4.2032716282882
3.7404000759125	-4.2562466890788
3.7451000213623	-4.3109489354229
3.7497999668121	-4.3676251530170
3.7544999122620	-4.4263123782229
3.7592000961304	-4.4868252628268
3.7639000415802	-4.5487877915070
3.7685999870300	-4.6117175177835
3.7732999324799	-4.6751387928827
3.7780001163483	-4.7386930748845
3.7827000617981	-4.8022327397439
3.7874000072479	-4.8658436261925
3.7920999526978	-4.9298150144617
3.7967998981476	-4.9945619937099
3.8015000820160	-5.0604932894178
3.8062000274658	-5.1278948128476
3.8108999729156	-5.1968314870429
3.8155999183655	-5.2671073981021
3.8203001022339	-5.3382841700292
3.8250000476837	-5.4097722355363
3.8296999931335	-5.4809520172328
3.8343999385834	-5.5513130619548
3.8390998840332	-5.6205661574996
3.8438000679016	-5.6886902435548
3.8485000133514	-5.7559222502427
3.8531999588013	-5.8226603177970
3.8578999042511	-5.8893339448534
3.8626000881195	-5.9562459405190
3.8673000335693	-6.0234621404878
3.8719999790192	-6.0907392631330
3.8766999244690	-6.1575508407853
3.8814001083374	-6.2231750234341
3.8861000537872	-6.2868478483888
3.8907999992371	-6.3479258183044
3.8954999446869	-6.4060287019977
3.9001998901367	-6.4611108634582
3.9049000740051	-6.5134493046081
3.9096000194550	-6.5635412919351
3.9142999649048	-6.6119401959208
3.9189999103546	-6.6590798231290
3.9237000942230	-6.7051312191195
3.9284000396729	-6.7499219649462
3.9330999851227	-6.7929650177695
3.9377999305725	-6.8335626848024
3.9425001144409	-6.8709861089812
3.9472000598907	-6.9046635937259
3.9519000053406	-6.9343476160831
3.9565999507904	-6.9601830058586
3.9612998962402	-6.9826894509165
3.9660000801086	-7.0026351167610
3.9707000255585	-7.0208470794794
3.9753999710083	-7.0380073057757
3.9800999164581	-7.0544971661077
3.9848001003265	-7.0703172451389
3.9895000457764	-7.0851137283081
3.9941999912262	-7.0983121003702
3.9988999366760	-7.1092994347040
4.0036001205444	-7.1176320793124
4.0082998275757	-7.1231981736401
4.0130000114441	-7.1262957362556
4.0177001953125	-7.1275922082102
4.0223999023438	-7.1279953058853
4.0271000862122	-7.1284487012631
4.0317997932434	-7.1297247326046
4.0364999771118	-7.1322608297589
4.0412001609802	-7.1360847274648
4.0458998680115	-7.1408421593201
4.0506000518799	-7.1459317578883
4.0553002357483	-7.1506936399614
4.0599999427795	-7.1546219155443
4.0647001266479	-7.1575359088308
4.0693998336792	-7.1596574466963
4.0741000175476	-7.1615864069565
4.0788002014160	-7.1641715234684
4.0834999084473	-7.1683099709465
4.0882000923157	-7.1747393597592
4.0928997993469	-7.1838634366602
4.0975999832153	-7.1956680050595
4.1023001670837	-7.2097411045867
4.1069998741150	-7.2253926141252
4.1117000579834	-7.2418475321505
4.1163997650146	-7.2584625678169
4.1210999488831	-7.2749051648798
4.1258001327515	-7.2912594669991
4.1304998397827	-7.3080181519803
4.1352000236511	-7.3259624283283
4.1399002075195	-7.3459626926844
4.1445999145508	-7.3687671774548
4.1493000984192	-7.3948043041023
4.1539998054504	-7.4240727572543
4.1586999893188	-7.4561445991413
4.1634001731873	-7.4902674445252
4.1680998802185	-7.5255548639385
4.1728000640869	-7.5612184676258
4.1774997711182	-7.5967762481791
4.1821999549866	-7.6321816047197
4.1869001388550	-7.6678430406813
4.1915998458862	-7.7045215430546
4.1963000297546	-7.7431291845703
4.2010002136230	-7.7844940719103
4.2056999206543	-7.8291359664390
4.2104001045227	-7.8771242848537
4.2150998115540	-7.9280416916930
4.2197999954224	-7.9810808001555
4.2245001792908	-8.0352350768691
4.2291998863220	-8.0895560868105
4.2339000701904	-8.1433928636773
4.2385997772217	-8.1965730022012
4.2432999610901	-8.2494521765620
4.2480001449585	-8.3028250595337
4.2526998519897	-8.3577272677127
4.2574000358582	-8.4151626519639
4.2621002197266	-8.4758399790168
4.2667999267578	-8.5399879404705
4.2715001106262	-8.6072865774910
4.2761998176575	-8.6769443039063
4.2809000015259	-8.7479058290971
4.2856001853943	-8.8191313193886
4.2902998924255	-8.8898992142605
4.2950000762939	-8.9600362949163
4.2996997833252	-9.0300110119054
4.3043999671936	-9.1008615667789
4.3091001510620	-9.1739864848994
4.3137998580933	-9.2508323380334
4.3185000419617	-9.3325700688744
4.3232002258301	-9.4198445793877
4.3278999328613	-9.5126481587563
4.3326001167297	-9.6103620437429
4.3372998237610	-9.7119471434268
4.3420000076294	-9.8162553120386
4.3467001914978	-9.9223689269461
4.3513998985291	-10.029901429159
4.3561000823975	-10.139148558806
4.3607997894287	-10.251067692926
4.3654999732971	-10.367053606884
4.3702001571655	-10.488598762247
4.3748998641968	-10.616888643458
4.3796000480652	-10.752464169677
4.3843002319336	-10.895017040260
4.3889999389648	-11.043386528660
4.3937001228333	-11.195767941276
4.3983998298645	-11.350099328089
4.4031000137329	-11.504547451603
4.4078001976013	-11.657966078434
4.4124999046326	-11.810199737935
4.4172000885010	-11.962122864053
4.4218997955322	-12.115398804631
4.4265999794006	-12.272014217473
4.4313001632690	-12.433693282448
4.4359998703003	-12.601372827645
4.4407000541687	-12.774848565379
4.4454002380371	-12.952717324817
4.4500999450684	-13.132622463368
4.4548001289368	-13.311799935983
4.4594998359680	-13.487785012131
4.4642000198364	-13.659096605507
4.4689002037048	-13.825691342568
4.4735999107361	-13.989024423594
4.4783000946045	-14.151661544171
4.4829998016357	-14.316547552673
4.4876999855042	-14.486139909592
4.4924001693726	-14.661613932194
4.4970998764038	-14.842384560607
4.5018000602722	-15.026062429645
4.5064997673035	-15.208904100822
4.5111999511719	-15.386688119222
4.5159001350403	-15.555816192291
4.5205998420715	-15.714350216691
4.5253000259399	-15.862577303096
4.5300002098083	-16.002927477386
4.5346999168396	-16.139192799179
4.5394001007080	-16.275302268015
4.5440998077393	-16.413987136551
4.5487999916077	-16.555752379795
4.5535001754761	-16.698415673346
4.5581998825073	-16.837376337106
4.5629000663757	-16.966627395051
4.5675997734070	-17.080309703484
4.5722999572754	-17.174397291374
4.5770001411438	-17.247909433614
4.5816998481750	-17.303204592282
4.5864000320435	-17.345161904572
4.5911002159119	-17.379541995179
4.5957999229431	-17.411108194024
4.6005001068115	-17.442085014473
4.6051998138428	-17.471374245267
4.6098999977112	-17.494726226274
4.6146001815796	-17.505936934556
4.6192998886108	-17.498685834137
4.6240000724792	-17.468597615659
4.6286997795105	-17.414781615198
4.6333999633789	-17.340253808151
4.6381001472473	-17.251074905265
4.6427998542786	-17.154546473137
4.6475000381470	-17.057132521066
4.6522002220154	-16.962791264456
4.6568999290466	-16.872077387265
4.6616001129150	-16.782242654415
4.6662998199463	-16.688251296944
4.6710000038147	-16.584435015146
4.6757001876831	-16.466368856592
4.6803998947144	-16.332385015825
4.6851000785828	-16.184255417671
4.6897997856140	-16.026715486042
4.6944999694824	-15.866138876336
4.6992001533508	-15.708782752649
4.7038998603821	-15.559202106002
4.7086000442505	-15.419227363519
4.7133002281189	-15.287700525096
4.7179999351501	-15.160970129008
4.7227001190186	-15.034036697618
4.7273998260498	-14.902021677325
4.7321000099182	-14.761637623005
4.7368001937866	-14.612202351860
4.7414999008179	-14.455826112550
4.7462000846863	-14.296831545637
4.7508997917175	-14.140492626676
4.7555999755859	-13.991631733900
4.7603001594543	-13.853412984370
4.7649998664856	-13.726615260002
4.7697000503540	-13.609542074945
4.7744002342224	-13.498545556179
4.7790999412537	-13.389031825903
4.7838001251221	-13.276719858244
4.7884998321533	-13.158838102446
4.7932000160217	-13.034911623430
4.7979001998901	-12.906872391641
4.8025999069214	-12.778501747743
4.8073000907898	-12.654364336911
4.8119997978210	-12.538582361803
4.8166999816895	-12.433783491742
4.8214001655579	-12.340485440343
4.8260998725891	-12.256994534187
4.8308000564575	-12.179867038566
4.8354997634888	-12.104793457099
4.8401999473572	-12.027735979700
4.8449001312256	-11.946011904923
4.8495998382568	-11.859040213542
4.8543000221252	-11.768476980613
4.8590002059937	-11.677743222107
4.8636999130249	-11.591051540883
4.8684000968933	-11.512276036755
4.8730998039246	-11.443930871755
4.8777999877930	-11.386532579171
4.8825001716614	-11.338463890934
4.8871998786926	-11.296362877044
4.8919000625610	-11.255947008494
4.8965997695923	-11.213116196000
4.9012999534607	-11.165041342279
4.9060001373291	-11.110942666697
4.9106998443604	-11.052297897723
4.9154000282288	-10.992428234147
4.9201002120972	-10.935546381888
4.9247999191284	-10.885611107250
4.9295001029968	-10.845266494290
4.9341998100281	-10.815144284869
4.9388999938965	-10.793655619365
4.9436001777649	-10.777341686404
4.9482998847961	-10.761712267485
4.9530000686646	-10.742349080737
4.9576997756958	-10.716095042249
4.9623999595642	-10.681886391876
4.9671001434326	-10.641030175831
4.9717998504639	-10.596762906004
4.9765000343323	-10.553264884793
4.9812002182007	-10.514401680912
4.9858999252319	-10.482556345441
4.9906001091003	-10.457835208418
4.9952998161316	-10.437858557458
5.0000000000000	-10.418144215292
#Parameters = {R_fat=48; R_glandular=38; R_skin_outer=50; T10=5; T15=7.5; T5=2.5; T_rad=4; T_x=10; T_y=0; T_z=75; Zc=65; skin_thickness=2; Mesh Pass=6}
#"Frequency / GHz"	"S1,1 (Mesh Pass=6) [Magnitude / dB]"
#-------------------------------------------------------
0.30000001192093	-23.469158069707
0.30469998717308	-24.290859702906
0.30939999222755	-25.717703355207
0.31409999728203	-27.864557771457
0.31880000233650	-30.240425659457
0.32350000739098	-29.927722378356
0.32820001244545	-26.517372665446
0.33289998769760	-23.103325153752
0.33759999275208	-20.353806082978
0.34229999780655	-18.150758331030
0.34700000286102	-16.347466052262
0.35170000791550	-14.841036554412
0.35640001296997	-13.564198418401
0.36109998822212	-12.474625451654
0.36579999327660	-11.547801299911
0.37049999833107	-10.772077411351
0.37520000338554	-10.144474890321
0.37990000844002	-9.6663062225715
0.38460001349449	-9.3386479812278
0.38929998874664	-9.1584758175054
0.39399999380112	-9.1167428723090
0.39869999885559	-9.1991567843913
0.40340000391006	-9.3891042711082
0.40810000896454	-9.6713782663571
0.41280001401901	-10.035262769127
0.41749998927116	-10.476281588969
0.42219999432564	-10.996494283398
0.42689999938011	-11.603438071789
0.43160000443459	-12.307502808870
0.43630000948906	-13.116754029803
0.44100001454353	-14.026956122641
0.44569998979568	-15.003363534355
0.45039999485016	-15.953500414414
0.45509999990463	-16.708884330505
0.45980000495911	-17.072413003198
0.46450001001358	-16.958588149369
0.46919998526573	-16.478154627191
0.47389999032021	-15.838469550235
0.47859999537468	-15.209900519242
0.48330000042915	-14.688140231959
0.48800000548363	-14.314010770562
0.49270001053810	-14.097524315010
0.49739998579025	-14.031300347691
0.50209999084473	-14.094695361401
0.50679999589920	-14.252398093032
0.51150000095367	-14.451461668104
0.51620000600815	-14.622608758351
0.52090001106262	-14.692900915598
0.52560001611710	-14.610964500012
0.53030002117157	-14.370499737195
0.53500002622604	-14.011364571946
0.53969997167587	-13.597244344068
0.54439997673035	-13.189743971196
0.54909998178482	-12.834127392185
0.55379998683929	-12.556515119603
0.55849999189377	-12.366146601219
0.56319999694824	-12.258075401756
0.56790000200272	-12.214909838167
0.57260000705719	-12.208391785040
0.57730001211166	-12.202570962074
0.58200001716614	-12.160336086571
0.58670002222061	-12.052980790726
0.59140002727509	-11.869125527333
0.59609997272491	-11.617773476411
0.60079997777939	-11.323535085310
0.60549998283386	-11.017338347144
0.61019998788834	-10.727757511310
0.61489999294281	-10.475782474370
0.61959999799728	-10.272791920331
0.62430000305176	-10.120381327884
0.62900000810623	-10.011090204072
0.63370001316071	-9.9297959038389
0.63840001821518	-9.8561499143634
0.64310002326965	-9.7684662699564
0.64780002832413	-9.6486628144182
0.65249997377396	-9.4869226202277
0.65719997882843	-9.2840671471624
0.66189998388290	-9.0505569342000
0.66659998893738	-8.8027810450066
0.67129999399185	-8.5584147069677
0.67599999904633	-8.3325305968790
0.68070000410080	-8.1351404705830
0.68540000915527	-7.9700589117427
0.69010001420975	-7.8347959382736
0.69480001926422	-7.7212718297134
0.69950002431870	-7.6173647147361
0.70420002937317	-7.5093275522359
0.70889997482300	-7.3847746804362
0.71359997987747	-7.2355931845497
0.71829998493195	-7.0598051750968
0.72299998998642	-6.8617204488247
0.72769999504089	-6.6504167446449
0.73240000009537	-6.4372057807446
0.73710000514984	-6.2329923770735
0.74180001020432	-6.0461645943260
0.74650001525879	-5.8812381437333
0.75120002031326	-5.7383217834098
0.75590002536774	-5.6132836024022
0.76059997081757	-5.4986453035885
0.76529997587204	-5.3851075801201
0.76999998092651	-5.2635617185742
0.77469998598099	-5.1271307928931
0.77939999103546	-4.9727407118054
0.78409999608994	-4.8017199262871
0.78880000114441	-4.6192722948450
0.79350000619888	-4.4330782411767
0.79820001125336	-4.2514720553966
0.80290001630783	-4.0817266604303
0.80760002136230	-3.9286956152961
0.81230002641678	-3.7940219395866
0.81699997186661	-3.6759573875702
0.82169997692108	-3.5697668666817
0.82639998197556	-3.4687345060924
0.83109998703003	-3.3655879696882
0.83579999208450	-3.2541466119547
0.84049999713898	-3.1307425748255
0.84520000219345	-2.9950752218456
0.84990000724792	-2.8502408035158
0.85460001230240	-2.7019851359750
0.85930001735687	-2.5573973817531
0.86400002241135	-2.4234360264636
0.86870002746582	-2.3055691228399
0.87339997291565	-2.2067877848744
0.87809997797012	-2.1271187387338
0.88279998302460	-2.0636793158573
0.88749998807907	-2.0113124870811
0.89219999313354	-1.9637210148671
0.89689999818802	-1.9148909851021
0.90160000324249	-1.8605805445022
0.90630000829697	-1.7994348501121
0.91100001335144	-1.7334763095012
0.91570001840591	-1.6678320341222
0.92040002346039	-1.6097754828613
0.92510002851486	-1.5673431359758
0.92979997396469	-1.5478856971570
0.93449997901917	-1.5568090326936
0.93919998407364	-1.5967567672127
0.94389998912811	-1.6673274412580
0.94859999418259	-1.7654251289737
0.95329999923706	-1.8861859861437
0.95800000429153	-2.0244378650872
0.96270000934601	-2.1764420655685
0.96740001440048	-2.3416298278559
0.97210001945496	-2.5239354677730
0.97680002450943	-2.7324312420158
0.98150002956390	-2.9811118219226
0.98619997501373	-3.2880739212530
0.99089998006821	-3.6744272440135
0.99559998512268	-4.1635411621485
1.0003000497818	-4.7811181857682
1.0049999952316	-5.5566441255516
1.0096999406815	-6.5267980253795
1.0144000053406	-7.7420478090021
1.0190999507904	-9.2789015613298
1.0238000154495	-11.263803313167
1.0284999608994	-13.920621363302
1.0332000255585	-17.623557768828
1.0378999710083	-21.992842266664
1.0426000356674	-20.707574502732
1.0472999811172	-16.174989383732
1.0520000457764	-12.761107625253
1.0566999912262	-10.264607590996
1.0614000558853	-8.3572655884664
1.0661000013351	-6.8537145226408
1.0707999467850	-5.6477570727688
1.0755000114441	-4.6739431023350
1.0801999568939	-3.8884072796126
1.0849000215530	-3.2589407401354
1.0895999670029	-2.7596230142881
1.0943000316620	-2.3679835430875
1.0989999771118	-2.0637244656659
1.1037000417709	-1.8284023257946
1.1083999872208	-1.6456730414241
1.1131000518799	-1.5017755168332
1.1177999973297	-1.3859555092076
1.1224999427795	-1.2906558963941
1.1272000074387	-1.2113452500957
1.1318999528885	-1.1460120662913
1.1366000175476	-1.0944059274427
1.1412999629974	-1.0571804496889
1.1460000276566	-1.0351127838439
1.1506999731064	-1.0284899703418
1.1554000377655	-1.0367601356814
1.1600999832153	-1.0584523071726
1.1648000478745	-1.0913033606603
1.1694999933243	-1.1325731015538
1.1742000579834	-1.1794377706346
1.1789000034332	-1.2293910673995
1.1835999488831	-1.2805503717296
1.1883000135422	-1.3318672984916
1.1929999589920	-1.3831497265329
1.1977000236511	-1.4349209872568
1.2023999691010	-1.4881948586854
1.2071000337601	-1.5441441081076
1.2117999792099	-1.6038128840390
1.2165000438690	-1.6678750175843
1.2211999893188	-1.7364891644480
1.2259000539780	-1.8092860832820
1.2305999994278	-1.8854402278297
1.2352999448776	-1.9638492526372
1.2400000095367	-2.0433393556502
1.2446999549866	-2.1228666338985
1.2494000196457	-2.2017123681011
1.2540999650955	-2.2795748415930
1.2588000297546	-2.3565956791819
1.2634999752045	-2.4332924400990
1.2682000398636	-2.5104159055473
1.2728999853134	-2.5887926529795
1.2776000499725	-2.6691418344118
1.2822999954224	-2.7519378450435
1.2869999408722	-2.8373303005176
1.2917000055313	-2.9251304392068
1.2963999509811	-3.0148608158121
1.3011000156403	-3.1058650472763
1.3057999610901	-3.1974369315177
1.3105000257492	-3.2889690090830
1.3151999711990	-3.3800676683896
1.3199000358582	-3.4706231147826
1.3245999813080	-3.5608269563464
1.3293000459671	-3.6511251750914
1.3339999914169	-3.7421263401436
1.3387000560760	-3.8344784700727
1.3434000015259	-3.9287507073350
1.3480999469757	-4.0253269211373
1.3528000116348	-4.1243471105855
1.3574999570847	-4.2256968442130
1.3622000217438	-4.3290433829733
1.3668999671936	-4.4339163782794
1.3716000318527	-4.5398194104964
1.3762999773026	-4.6463299680777
1.3810000419617	-4.7531996833414
1.3856999874115	-4.8604099855914
1.3904000520706	-4.9681875936545
1.3950999975204	-5.0769643833971
1.3997999429703	-5.1873049135454
1.4045000076294	-5.2998050160688
1.4091999530792	-5.4149923548517
1.4139000177383	-5.5332373214521
1.4185999631882	-5.6547013261052
1.4233000278473	-5.7793255467809
1.4279999732971	-5.9068613829168
1.4327000379562	-6.0369386518084
1.4373999834061	-6.1691574868597
1.4421000480652	-6.3031861345019
1.4467999935150	-6.4388514047680
1.4515000581741	-6.5761847851936
1.4562000036240	-6.7154480216010
1.4608999490738	-6.8570938867901
1.4656000137329	-7.0017087708219
1.4702999591827	-7.1499154636970
1.4750000238419	-7.3022752664075
1.4796999692917	-7.4592042476903
1.4844000339508	-7.6209151534427
1.4890999794006	-7.7873948949057
1.4938000440598	-7.9584304796924
1.4984999895096	-8.1336636249233
1.5032000541687	-8.3126847342229
1.5078999996185	-8.4951266339832
1.5125999450684	-8.6807623081068
1.5173000097275	-8.8695672409833
1.5219999551773	-9.0617497439311
1.5267000198364	-9.2577300159417
1.5313999652863	-9.4580826560776
1.5361000299454	-9.6634369872511
1.5407999753952	-9.8743689566693
1.5455000400543	-10.091299401175
1.5501999855042	-10.314406487338
1.5549000501633	-10.543585960689
1.5595999956131	-10.778450578196
1.5642999410629	-11.018380365516
1.5690000057220	-11.262611344467
1.5736999511719	-11.510350407999
1.5784000158310	-11.760889885084
1.5830999612808	-12.013702719802
1.5878000259399	-12.268505106705
1.5924999713898	-12.525249375934
1.5972000360489	-12.784071822930
1.6018999814987	-13.045185560669
1.6066000461578	-13.308738867089
1.6112999916077	-13.574678417209
1.6160000562668	-13.842606643914
1.6207000017166	-14.111723333056
1.6253999471664	-14.380772000907
1.6301000118256	-14.648115655279
1.6347999572754	-14.911817991235
1.6395000219345	-15.169825234536
1.6441999673843	-15.420137621229
1.6489000320435	-15.660990922938
1.6535999774933	-15.891012493702
1.6583000421524	-16.109262337575
1.6629999876022	-16.315270441201
1.6677000522614	-16.508926441939
1.6723999977112	-16.690365524201
1.6770999431610	-16.859784686057
1.6818000078201	-17.017321183553
1.6864999532700	-17.162895606230
1.6912000179291	-17.296195973730
1.6958999633789	-17.416674044331
1.7006000280380	-17.523670732822
1.7052999734879	-17.616568232192
1.7100000381470	-17.694979051978
1.7146999835968	-17.758961115226
1.7194000482559	-17.809136510947
1.7240999937057	-17.846760066300
1.7288000583649	-17.873669269421
1.7335000038147	-17.892145669146
1.7381999492645	-17.904664354852
1.7429000139236	-17.913658303348
1.7475999593735	-17.921242197747
1.7523000240326	-17.929030344674
1.7569999694824	-17.938013492259
1.7617000341415	-17.948575921997
1.7663999795914	-17.960569095309
1.7711000442505	-17.973551645243
1.7757999897003	-17.987010808519
1.7805000543594	-18.000638731899
1.7851999998093	-18.014535192778
1.7898999452591	-18.029339436588
1.7946000099182	-18.046240851715
1.7992999553680	-18.066842565104
1.8040000200272	-18.092954598110
1.8086999654770	-18.126346426988
1.8134000301361	-18.168471808622
1.8180999755859	-18.220279319742
1.8228000402451	-18.282117893362
1.8274999856949	-18.353723758041
1.8322000503540	-18.434377432804
1.8368999958038	-18.523101925609
1.8415999412537	-18.618954717236
1.8463000059128	-18.721316434128
1.8509999513626	-18.830110475064
1.8557000160217	-18.945933012678
1.8603999614716	-19.070057553032
1.8651000261307	-19.204255555417
1.8697999715805	-19.350618775690
1.8745000362396	-19.511223106929
1.8791999816895	-19.687873382161
1.8839000463486	-19.881894816720
1.8885999917984	-20.094041033776
1.8933000564575	-20.324508536118
1.8980000019073	-20.573139953637
1.9026999473572	-20.839668599052
1.9074000120163	-21.124093702180
1.9120999574661	-21.427033645368
1.9168000221252	-21.750041077001
1.9214999675751	-22.095792865240
1.9262000322342	-22.468175076721
1.9308999776840	-22.872184839348
1.9356000423431	-23.313765328780
1.9402999877930	-23.799632953198
1.9450000524521	-24.337135286495
1.9496999979019	-24.934286924750
1.9543999433517	-25.600094961357
1.9591000080109	-26.345176066046
1.9637999534607	-27.183013006744
1.9685000181198	-28.131870015798
1.9731999635696	-29.218148732486
1.9779000282288	-30.481811862445
1.9825999736786	-31.986464114029
1.9873000383377	-33.839314208816
1.9919999837875	-36.236937318836
1.9967000484467	-39.584092525945
2.0013999938965	-44.771785685838
2.0060999393463	-49.228247601610
2.0107998847961	-42.967879638956
2.0155000686646	-38.139599276265
2.0202000141144	-34.882559231875
2.0248999595642	-32.457061301048
2.0295999050140	-30.531447284813
2.0343000888824	-28.938015491249
2.0390000343323	-27.580766203977
2.0436999797821	-26.399232956629
2.0483999252319	-25.352583047538
2.0531001091003	-24.411891885124
2.0578000545502	-23.556021046206
2.0625000000000	-22.769414703348
2.0671999454498	-22.040629253315
2.0718998908997	-21.361401159147
2.0766000747681	-20.725826655470
2.0813000202179	-20.129724164875
2.0859999656677	-19.570040486124
2.0906999111176	-19.044389832173
2.0954000949860	-18.550653515609
2.1001000404358	-18.086742793311
2.1047999858856	-17.650447115498
2.1094999313354	-17.239422855555
2.1142001152039	-16.851265229404
2.1189000606537	-16.483618569926
2.1236000061035	-16.134333242895
2.1282999515533	-15.801611114432
2.1329998970032	-15.484098699005
2.1377000808716	-15.180902385570
2.1424000263214	-14.891576847370
2.1470999717712	-14.615988832844
2.1517999172211	-14.354195505623
2.1565001010895	-14.106276517706
2.1612000465393	-13.872195155452
2.1658999919891	-13.651700902551
2.1705999374390	-13.444284536174
2.1752998828888	-13.249205703661
2.1800000667572	-13.065555936964
2.1847000122070	-12.892362761248
2.1893999576569	-12.728728624025
2.1940999031067	-12.573926384199
2.1988000869751	-12.427474716713
2.2035000324249	-12.289170802502
2.2081999778748	-12.159051922605
2.2128999233246	-12.037323763848
2.2176001071930	-11.924249038809
2.2223000526428	-11.820039568049
2.2269999980927	-11.724760508601
2.2316999435425	-11.638269594234
2.2363998889923	-11.560205286782
2.2411000728607	-11.490019886921
2.2458000183105	-11.427065920952
2.2504999637604	-11.370684864731
2.2551999092102	-11.320322992897
2.2599000930786	-11.275598298141
2.2646000385284	-11.236355894438
2.2692999839783	-11.202662043037
2.2739999294281	-11.174765036225
2.2787001132965	-11.152988124857
2.2834000587463	-11.137652721857
2.2881000041962	-11.128971023298
2.2927999496460	-11.126983801371
2.2974998950958	-11.131521820933
2.3022000789642	-11.142234622812
2.3069000244141	-11.158640531478
2.3115999698639	-11.180222406354
2.3162999153137	-11.206522062300
2.3210000991821	-11.237233240561
2.3257000446320	-11.272257520065
2.3303999900818	-11.311720428679
2.3350999355316	-11.355930329953
2.3397998809814	-11.405322148667
2.3445000648499	-11.460351741473
2.3492000102997	-11.521389356538
2.3538999557495	-11.588657315770
2.3585999011993	-11.662174299757
2.3633000850677	-11.741756777055
2.3680000305176	-11.827077736893
2.3726999759674	-11.917737650747
2.3773999214172	-12.013375529229
2.3821001052856	-12.113762425439
2.3868000507355	-12.218876778443
2.3914999961853	-12.328940655503
2.3961999416351	-12.444389803873
2.4008998870850	-12.565826066352
2.4056000709534	-12.693907058917
2.4103000164032	-12.829246711639
2.4149999618530	-12.972317708522
2.4196999073029	-13.123395188998
2.4244000911713	-13.282529357312
2.4291000366211	-13.449601961427
2.4337999820709	-13.624393068568
2.4384999275208	-13.806706214581
2.4432001113892	-13.996483078709
2.4479000568390	-14.193891081335
2.4526000022888	-14.399406671787
2.4572999477386	-14.613802247668
2.4619998931885	-14.838086008795
2.4667000770569	-15.073408114088
2.4714000225067	-15.320940340878
2.4760999679565	-15.581739425815
2.4807999134064	-15.856669044805
2.4855000972748	-16.146349399976
2.4902000427246	-16.451202031971
2.4948999881744	-16.771515171406
2.4995999336243	-17.107627099801
2.5043001174927	-17.460057741088
2.5090000629425	-17.829715583232
2.5137000083923	-18.217980095349
2.5183999538422	-18.626769830714
2.5230998992920	-19.058486783363
2.5278000831604	-19.515877868442
2.5325000286102	-20.001784185950
2.5371999740601	-20.518862025992
2.5418999195099	-21.069235253383
2.5466001033783	-21.654137203869
2.5513000488281	-22.273446279511
2.5559999942780	-22.925243583227
2.5606999397278	-23.604981700643
2.5653998851776	-24.304510701009
2.5701000690460	-25.010268958104
2.5748000144958	-25.700981393761
2.5794999599457	-26.344765782005
2.5841999053955	-26.897255516457
2.5889000892639	-27.303715708380
2.5936000347137	-27.509189546109
2.5982999801636	-27.476526732899
2.6029999256134	-27.203299425005
2.6077001094818	-26.724081999980
2.6124000549316	-26.095922310143
2.6171000003815	-25.378657889811
2.6217999458313	-24.621751839287
2.6264998912811	-23.860153744743
2.6312000751495	-23.115671303113
2.6359000205994	-22.400236268424
2.6405999660492	-21.719108301832
2.6452999114990	-21.073390501584
2.6500000953674	-20.461855557017
2.6547000408173	-19.882156256525
2.6593999862671	-19.331692959411
2.6640999317169	-18.808058286077
2.6688001155853	-18.309316455027
2.6735000610352	-17.834008513241
2.6782000064850	-17.381085386943
2.6828999519348	-16.949743739282
2.6875998973846	-16.539237614099
2.6923000812531	-16.148726631322
2.6970000267029	-15.777176790224
2.7016999721527	-15.423325798750
2.7063999176025	-15.085739287113
2.7111001014709	-14.762877256206
2.7158000469208	-14.453244695686
2.7204999923706	-14.155497865218
2.7251999378204	-13.868557505505
2.7298998832703	-13.591651715949
2.7346000671387	-13.324314007406
2.7393000125885	-13.066322729201
2.7439999580383	-12.817602842115
2.7486999034882	-12.578115135291
2.7534000873566	-12.347738277965
2.7581000328064	-12.126212358035
2.7627999782562	-11.913090486987
2.7674999237061	-11.707752333338
2.7722001075745	-11.509480130586
2.7769000530243	-11.317527995287
2.7815999984741	-11.131218547654
2.7862999439240	-10.950022492472
2.7909998893738	-10.773604998302
2.7957000732422	-10.601829532455
2.8004000186920	-10.434727877470
2.8050999641418	-10.272426642415
2.8097999095917	-10.115068409823
2.8145000934601	-9.9627243560580
2.8192000389099	-9.8153427426226
2.8238999843597	-9.6727085995878
2.8285999298096	-9.5344735455383
2.8333001136780	-9.4001840812378
2.8380000591278	-9.2693552203078
2.8427000045776	-9.1415603606115
2.8473999500275	-9.0164747788810
2.8520998954773	-8.8939284548328
2.8568000793457	-8.7739168703177
2.8615000247955	-8.6565576570919
2.8661999702454	-8.5420473668604
2.8708999156952	-8.4305870852087
2.8756000995636	-8.3223112764990
2.8803000450134	-8.2172430034585
2.8849999904633	-8.1152625308002
2.8896999359131	-8.0161282166019
2.8943998813629	-7.9195159930887
2.8991000652313	-7.8250721075503
2.9038000106812	-7.7324869286688
2.9084999561310	-7.6415474186841
2.9131999015808	-7.5521729320978
2.9179000854492	-7.4644173546900
2.9226000308990	-7.3784441628597
2.9272999763489	-7.2944745662657
2.9319999217987	-7.2127226989880
2.9367001056671	-7.1333397138448
2.9414000511169	-7.0563728593082
2.9460999965668	-6.9817374851656
2.9507999420166	-6.9092414840042
2.9554998874664	-6.8386246253466
2.9602000713348	-6.7695988793511
2.9649000167847	-6.7019234430721
2.9695999622345	-6.6354454329803
2.9742999076843	-6.5701298712557
2.9790000915527	-6.5060645165149
2.9837000370026	-6.4434222722431
2.9883999824524	-6.3824254808001
2.9930999279022	-6.3232785466222
2.9978001117706	-6.2661208739002
3.0025000572205	-6.2109935773826
3.0072000026703	-6.1578201325063
3.0118999481201	-6.1064240640256
3.0165998935699	-6.0565619973057
3.0213000774384	-6.0079896152303
3.0260000228882	-5.9605004804459
3.0306999683380	-5.9139741226701
3.0353999137878	-5.8684058951127
3.0401000976562	-5.8238877982982
3.0448000431061	-5.7806035671197
3.0494999885559	-5.7387509117377
3.0541999340057	-5.6985280360449
3.0589001178741	-5.6600479150666
3.0636000633240	-5.6233311579096
3.0683000087738	-5.5882906647995
3.0729999542236	-5.5547467325618
3.0776998996735	-5.5224727886856
3.0824000835419	-5.4912409694621
3.0871000289917	-5.4608654878372
3.0917999744415	-5.4312518350970
3.0964999198914	-5.4024122692126
3.1012001037598	-5.3744511753951
3.1059000492096	-5.3475442091117
3.1105999946594	-5.3218848372479
3.1152999401093	-5.2976452101136
3.1199998855591	-5.2749178061294
3.1247000694275	-5.2537022267593
3.1294000148773	-5.2338949499446
3.1340999603271	-5.2153097431714
3.1387999057770	-5.1977287194072
3.1435000896454	-5.1809288530561
3.1482000350952	-5.1647475302558
3.1528999805450	-5.1491126232381
3.1575999259949	-5.1340513868523
3.1623001098633	-5.1196833673347
3.1670000553131	-5.1061816532642
3.1717000007629	-5.0937326674585
3.1763999462128	-5.0824888788611
3.1810998916626	-5.0725254359722
3.1858000755310	-5.0638164408471
3.1905000209808	-5.0562406237803
3.1951999664307	-5.0496044583033
3.1998999118805	-5.0436794814352
3.2046000957489	-5.0382545776861
3.2093000411987	-5.0331810273065
3.2139999866486	-5.0284036859441
3.2186999320984	-5.0239612901341
3.2234001159668	-5.0199732788798
3.2281000614166	-5.0166160012318
3.2328000068665	-5.0140611052728
3.2374999523163	-5.0124373040023
3.2421998977661	-5.0117841039466
3.2469000816345	-5.0120447141109
3.2516000270844	-5.0130648476986
3.2562999725342	-5.0146216445114
3.2609999179840	-5.0164739029247
3.2657001018524	-5.0183981703624
3.2704000473022	-5.0202424447983
3.2750999927521	-5.0219454304779
3.2797999382019	-5.0235434997913
3.2844998836517	-5.0251482597084
3.2892000675201	-5.0269076371170
3.2939000129700	-5.0289500157463
3.2985999584198	-5.0313567809841
3.3032999038696	-5.0341064740192
3.3080000877380	-5.0370779090113
3.3127000331879	-5.0400505721411
3.3173999786377	-5.0427506721080
3.3220999240875	-5.0448816718977
3.3268001079559	-5.0461911351789
3.3315000534058	-5.0464917979073
3.3361999988556	-5.0456947617051
3.3408999443054	-5.0438064488170
3.3455998897552	-5.0409022070337
3.3503000736237	-5.0370699183517
3.3550000190735	-5.0323803259213
3.3596999645233	-5.0268291900015
3.3643999099731	-5.0203141784648
3.3691000938416	-5.0126352281982
3.3738000392914	-5.0035033059679
3.3784999847412	-4.9925984557371
3.3831999301910	-4.9796000813352
3.3879001140594	-4.9642618323192
3.3926000595093	-4.9464272011730
3.3973000049591	-4.9260543053606
3.4019999504089	-4.9032097138986
3.4066998958588	-4.8780271291449
3.4114000797272	-4.8506712668248
3.4161000251770	-4.8212775389531
3.4207999706268	-4.7899299931706
3.4254999160767	-4.7566339842844
3.4302000999451	-4.7213224073525
3.4349000453949	-4.6838912429864
3.4395999908447	-4.6442433623616
3.4442999362946	-4.6023370154069
3.4489998817444	-4.5582287282489
3.4537000656128	-4.5121012441270
3.4584000110626	-4.4642642778933
3.4630999565125	-4.4151216466889
3.4677999019623	-4.3651401096264
3.4725000858307	-4.3147889997646
3.4772000312805	-4.2645014006712
3.4818999767303	-4.2146243210697
3.4865999221802	-4.1654221127140
3.4913001060486	-4.1170758121696
3.4960000514984	-4.0697079197202
3.5006999969482	-4.0234293233059
3.5053999423981	-3.9783790752612
3.5100998878479	-3.9347458086430
3.5148000717163	-3.8927926034689
3.5195000171661	-3.8528399461496
3.5241999626160	-3.8152459398875
3.5288999080658	-3.7803641712053
3.5336000919342	-3.7485015969172
3.5383000373840	-3.7198815599761
3.5429999828339	-3.6946200463230
3.5476999282837	-3.6727243404279
3.5524001121521	-3.6541081440736
3.5571000576019	-3.6386278453686
3.5618000030518	-3.6261155549597
3.5664999485016	-3.6164275788827
3.5711998939514	-3.6094734632314
3.5759000778198	-3.6052287597612
3.5806000232697	-3.6037388889424
3.5852999687195	-3.6050898080308
3.5899999141693	-3.6093796203134
3.5947000980377	-3.6166775754776
3.5994000434875	-3.6269983276997
3.6040999889374	-3.6402728695059
3.6087999343872	-3.6563538515667
3.6135001182556	-3.6750279261577
3.6182000637054	-3.6960451648157
3.6229000091553	-3.7191583722292
3.6275999546051	-3.7441660952759
3.6322999000549	-3.7709342011761
3.6370000839233	-3.7994149809402
3.6417000293732	-3.8296398931916
3.6463999748230	-3.8616949332140
3.6510999202728	-3.8956870326725
3.6558001041412	-3.9317061767145
3.6605000495911	-3.9697878538280
3.6651999950409	-4.0098908740145
3.6698999404907	-4.0518945734420
3.6745998859406	-4.0956188058630
3.6793000698090	-4.1408453787132
3.6840000152588	-4.1873665225705
3.6886999607086	-4.2350196288384
3.6933999061584	-4.2837193989441
3.6981000900269	-4.3334698641480
3.7028000354767	-4.3843547198059
3.7074999809265	-4.4365193301330
3.7121999263763	-4.4901196453064
3.7169001102448	-4.5452913777326
3.7216000556946	-4.6021007139727
3.7263000011444	-4.6605302484216
3.7309999465942	-4.7204682126535
3.7356998920441	-4.7817321237473
3.7404000759125	-4.8441014037832
3.7451000213623	-4.9073587301367
3.7497999668121	-4.9713422884906
3.7544999122620	-5.0359668857251
3.7592000961304	-5.1012502188700
3.7639000415802	-5.1672914177030
3.7685999870300	-5.2342464714780
3.7732999324799	-5.3022818204575
3.7780001163483	-5.3715257296273
3.7827000617981	-5.4420222627557
3.7874000072479	-5.5137061210460
3.7920999526978	-5.5864081595304
3.7967998981476	-5.6598682328268
3.8015000820160	-5.7337863553542
3.8062000274658	-5.8078697780010
3.8108999729156	-5.8818883513666
3.8155999183655	-5.9557054755087
3.8203001022339	-6.0292953189725
3.8250000476837	-6.1027273327701
3.8296999931335	-6.1761249668463
3.8343999385834	-6.2496095278223
3.8390998840332	-6.3232455589357
3.8438000679016	-6.3969867042596
3.8485000133514	-6.4706605747531
3.8531999588013	-6.5439656564006
3.8578999042511	-6.6165093220051
3.8626000881195	-6.6878675671059
3.8673000335693	-6.7576480926478
3.8719999790192	-6.8255533910580
3.8766999244690	-6.8914163920977
3.8814001083374	-6.9552124481248
3.8861000537872	-7.0170313903861
3.8907999992371	-7.0770206992217
3.8954999446869	-7.1353189804583
3.9001998901367	-7.1919868674324
3.9049000740051	-7.2469627166313
3.9096000194550	-7.3000452068592
3.9142999649048	-7.3509131524549
3.9189999103546	-7.3991857811731
3.9237000942230	-7.4444938679404
3.9284000396729	-7.4865610435059
3.9330999851227	-7.5252651331907
3.9377999305725	-7.5606639054627
3.9425001144409	-7.5929839317595
3.9472000598907	-7.6225731717019
3.9519000053406	-7.6498179082406
3.9565999507904	-7.6750655642159
3.9612998962402	-7.6985461737374
3.9660000801086	-7.7203442354145
3.9707000255585	-7.7403901048316
3.9753999710083	-7.7585118751511
3.9800999164581	-7.7745007182511
3.9848001003265	-7.7881986776958
3.9895000457764	-7.7995775776970
3.9941999912262	-7.8087813151826
3.9988999366760	-7.8161336369972
4.0036001205444	-7.8220990232649
4.0082998275757	-7.8272124805320
4.0130000114441	-7.8319909239112
4.0177001953125	-7.8368439193494
4.0223999023438	-7.8420224676628
4.0271000862122	-7.8475912270097
4.0317997932434	-7.8534519771959
4.0364999771118	-7.8594083988611
4.0412001609802	-7.8652463265222
4.0458998680115	-7.8708219365733
4.0506000518799	-7.8761308959531
4.0553002357483	-7.8813422232066
4.0599999427795	-7.8867868323602
4.0647001266479	-7.8929092243575
4.0693998336792	-7.9001827587982
4.0741000175476	-7.9090295268461
4.0788002014160	-7.9197263634221
4.0834999084473	-7.9323746643463
4.0882000923157	-7.9468800710199
4.0928997993469	-7.9629996759025
4.0975999832153	-7.9804078747738
4.1023001670837	-7.9987908968792
4.1069998741150	-8.0179240944321
4.1117000579834	-8.0377521088746
4.1163997650146	-8.0583995202920
4.1210999488831	-8.0801539078461
4.1258001327515	-8.1034091738651
4.1304998397827	-8.1285689584115
4.1352000236511	-8.1559626452819
4.1399002075195	-8.1857616863545
4.1445999145508	-8.2179451853585
4.1493000984192	-8.2522941351875
4.1539998054504	-8.2884442541344
4.1586999893188	-8.3259718430641
4.1634001731873	-8.3644838423726
4.1680998802185	-8.4037110739529
4.1728000640869	-8.4435738914264
4.1774997711182	-8.4841957999566
4.1821999549866	-8.5258710146422
4.1869001388550	-8.5689970387252
4.1915998458862	-8.6139652844508
4.1963000297546	-8.6610646687999
4.2010002136230	-8.7104032483368
4.2056999206543	-8.7618710010878
4.2104001045227	-8.8151488776214
4.2150998115540	-8.8697766125337
4.2197999954224	-8.9252486810566
4.2245001792908	-8.9811286102271
4.2291998863220	-9.0371474371227
4.2339000701904	-9.0932721448486
4.2385997772217	-9.1497083788297
4.2432999610901	-9.2068626620615
4.2480001449585	-9.2652444890880
4.2526998519897	-9.3253511338767
4.2574000358582	-9.3875602695596
4.2621002197266	-9.4520436338309
4.2667999267578	-9.5187406102824
4.2715001106262	-9.5873898157592
4.2761998176575	-9.6576125825139
4.2809000015259	-9.7290367214110
4.2856001853943	-9.8014315222824
4.2902998924255	-9.8748061577379
4.2950000762939	-9.9494832143409
4.2996997833252	-10.026073988087
4.3043999671936	-10.105413543688
4.3091001510620	-10.188431742716
4.3137998580933	-10.275998472429
4.3185000419617	-10.368786208221
4.3232002258301	-10.467166041949
4.3278999328613	-10.571165151753
4.3326001167297	-10.680501446004
4.3372998237610	-10.794669688247
4.3420000076294	-10.913089502263
4.3467001914978	-11.035242129319
4.3513998985291	-11.160812522670
4.3561000823975	-11.289754854851
4.3607997894287	-11.422292458011
4.3654999732971	-11.558840461122
4.3702001571655	-11.699861002037
4.3748998641968	-11.845697714586
4.3796000480652	-11.996410868160
4.3843002319336	-12.151675993572
4.3889999389648	-12.310757133253
4.3937001228333	-12.472580714664
4.3983998298645	-12.635896484822
4.4031000137329	-12.799491872746
4.4078001976013	-12.962431453356
4.4124999046326	-13.124225947320
4.4172000885010	-13.284923400775
4.4218997955322	-13.445056011661
4.4265999794006	-13.605472734244
4.4313001632690	-13.767074895433
4.4359998703003	-13.930534985423
4.4407000541687	-14.096055702539
4.4454002380371	-14.263229139617
4.4500999450684	-14.431061411651
4.4548001289368	-14.598123806101
4.4594998359680	-14.762846092505
4.4642000198364	-14.923871110712
4.4689002037048	-15.080375199303
4.4735999107361	-15.232244779495
4.4783000946045	-15.380113319646
4.4829998016357	-15.525142639603
4.4876999855042	-15.668674519967
4.4924001693726	-15.811804726306
4.4970998764038	-15.954988476376
4.5018000602722	-16.097790703502
4.5064997673035	-16.238859834440
4.5111999511719	-16.376120128842
4.5159001350403	-16.507185631772
4.5205998420715	-16.629891748755
4.5253000259399	-16.742796555076
4.5300002098083	-16.845505060787
4.5346999168396	-16.938734559089
4.5394001007080	-17.024032272567
4.5440998077393	-17.103273754984
4.5487999916077	-17.178047718994
4.5535001754761	-17.249104440926
4.5581998825073	-17.316020698261
4.5629000663757	-17.377190101917
4.5675997734070	-17.430142695743
4.5722999572754	-17.472116469700
4.5770001411438	-17.500783205428
4.5816998481750	-17.514883809960
4.5864000320435	-17.514599329862
4.5911002159119	-17.501507702005
4.5957999229431	-17.478173363529
4.6005001068115	-17.447452914913
4.6051998138428	-17.411745458890
4.6098999977112	-17.372402767552
4.6146001815796	-17.329448247387
4.6192998886108	-17.281633612299
4.6240000724792	-17.226879692086
4.6286997795105	-17.162941661713
4.6333999633789	-17.088139791636
4.6381001472473	-17.001930478868
4.6427998542786	-16.905182728063
4.6475000381470	-16.800043616172
4.6522002220154	-16.689450016436
4.6568999290466	-16.576457059217
4.6616001129150	-16.463552998496
4.6662998199463	-16.352144859781
4.6710000038147	-16.242355364681
4.6757001876831	-16.133118372963
4.6803998947144	-16.022581761124
4.6851000785828	-15.908705112869
4.6897997856140	-15.789884438734
4.6944999694824	-15.665460523660
4.6992001533508	-15.535966849816
4.7038998603821	-15.403043931635
4.7086000442505	-15.269076699499
4.7133002281189	-15.136620887940
4.7179999351501	-15.007844917982
4.7227001190186	-14.884048723860
4.7273998260498	-14.765443396132
4.7321000099182	-14.651159440892
4.7368001937866	-14.539548891678
4.7414999008179	-14.428630408048
4.7462000846863	-14.316627937642
4.7508997917175	-14.202469857008
4.7555999755859	-14.086074464849
4.7603001594543	-13.968395769150
4.7649998664856	-13.851202566077
4.7697000503540	-13.736646090579
4.7744002342224	-13.626772086664
4.7790999412537	-13.523033536286
4.7838001251221	-13.426008334323
4.7884998321533	-13.335262242542
4.7932000160217	-13.249521418944
4.7979001998901	-13.166974508340
4.8025999069214	-13.085734316980
4.8073000907898	-13.004321953686
4.8119997978210	-12.922021020354
4.8166999816895	-12.839077848101
4.8214001655579	-12.756636442299
4.8260998725891	-12.676458301103
4.8308000564575	-12.600484045219
4.8354997634888	-12.530368557811
4.8401999473572	-12.467099783976
4.8449001312256	-12.410745821232
4.8495998382568	-12.360450027242
4.8543000221252	-12.314614875160
4.8590002059937	-12.271265220435
4.8636999130249	-12.228505646456
4.8684000968933	-12.184974380811
4.8730998039246	-12.140149206511
4.8777999877930	-12.094476777798
4.8825001716614	-12.049227492631
4.8871998786926	-12.006175522918
4.8919000625610	-11.967122544728
4.8965997695923	-11.933450934259
4.9012999534607	-11.905754336319
4.9060001373291	-11.883667616978
4.9106998443604	-11.865915697870
4.9154000282288	-11.850568272216
4.9201002120972	-11.835484870622
4.9247999191284	-11.818794565098
4.9295001029968	-11.799340040940
4.9341998100281	-11.776957004564
4.9388999938965	-11.752487330540
4.9436001777649	-11.727542650480
4.9482998847961	-11.704062594266
4.9530000686646	-11.683786165084
4.9576997756958	-11.667753871458
4.9623999595642	-11.655968387134
4.9671001434326	-11.647291701557
4.9717998504639	-11.639590069110
4.9765000343323	-11.630105777024
4.9812002182007	-11.615996533180
4.9858999252319	-11.594889148815
4.9906001091003	-11.565325863561
4.9952998161316	-11.526972603116
5.0000000000000	-11.480496070916
