#Parameters = {R_fat=48; R_glandular=38; R_skin_outer=50; T10=5; T15=7.5; T5=2.5; T_rad=4; T_x=10; T_y=0; T_z=75; Zc=65; skin_thickness=2}
#"Frequency / GHz"	"S1,1 [Magnitude / dB]"
#-----------------------------------------
0.30000001192093	-23.457958538662
0.30469998717308	-24.272536064037
0.30939999222755	-25.690363556262
0.31409999728203	-27.828614461912
0.31880000233650	-30.219577864993
0.32350000739098	-29.973480188764
0.32820001244545	-26.579832996664
0.33289998769760	-23.155448377675
0.33759999275208	-20.396267866562
0.34229999780655	-18.186471223151
0.34700000286102	-16.378535870962
0.35170000791550	-14.868823256728
0.35640001296997	-13.589554024774
0.36109998822212	-12.498035012192
0.36579999327660	-11.569476444045
0.37049999833107	-10.792027387777
0.37520000338554	-10.162561709966
0.37990000844002	-9.6823314720942
0.38460001349449	-9.3524209782316
0.38929998874664	-9.1698737478440
0.39399999380112	-9.1257451367733
0.39869999885559	-9.2058109729309
0.40340000391006	-9.3934846251224
0.40810000896454	-9.6735348345687
0.41280001401901	-10.035182113782
0.41749998927116	-10.473861201836
0.42219999432564	-10.991549397224
0.42689999938011	-11.595720985990
0.43160000443459	-12.296757400194
0.43630000948906	-13.102834687254
0.44100001454353	-14.010073892221
0.44569998979568	-14.984549400404
0.45039999485016	-15.935232509149
0.45509999990463	-16.695226529528
0.45980000495911	-17.067210883406
0.46450001001358	-16.962303138221
0.46919998526573	-16.487588390437
0.47389999032021	-15.849658590682
0.47859999537468	-15.220067817072
0.48330000042915	-14.695812591366
0.48800000548363	-14.318548785193
0.49270001053810	-14.098753762233
0.49739998579025	-14.029336705268
0.50209999084473	-14.089930349217
0.50679999589920	-14.245558904888
0.51150000095367	-14.443697537488
0.51620000600815	-14.615431102891
0.52090001106262	-14.687838332574
0.52560001611710	-14.608993811361
0.53030002117157	-14.371603495202
0.53500002622604	-14.014665759928
0.53969997167587	-13.601500896252
0.54439997673035	-13.193806942538
0.54909998178482	-12.837143790800
0.55379998683929	-12.557973949692
0.55849999189377	-12.365833671428
0.56319999694824	-12.256051666272
0.56790000200272	-12.211499849238
0.57260000705719	-12.204164742685
0.57730001211166	-12.198279016103
0.58200001716614	-12.156767071080
0.58670002222061	-12.050730270334
0.59140002727509	-11.868428847087
0.59609997272491	-11.618451336050
0.60079997777939	-11.325106100192
0.60549998283386	-11.019194247338
0.61019998788834	-10.729333319830
0.61489999294281	-10.476648154031
0.61959999799728	-10.272691147147
0.62430000305176	-10.119252909061
0.62900000810623	-10.009061502355
0.63370001316071	-9.9271604573407
0.63840001821518	-9.8533379234216
0.64310002326965	-9.7659347227639
0.64780002832413	-9.6468064816836
0.65249997377396	-9.4859617916652
0.65719997882843	-9.2839926121069
0.66189998388290	-9.0511676851710
0.66659998893738	-8.8037422619301
0.67129999399185	-8.5593605517705
0.67599999904633	-8.3331392848099
0.68070000410080	-8.1351832374449
0.68540000915527	-7.9694330232876
0.69010001420975	-7.8335339159875
0.69480001926422	-7.7195344291847
0.69950002431870	-7.6154085421740
0.70420002937317	-7.5074553452255
0.70889997482300	-7.3832684658248
0.71359997987747	-7.2346460042366
0.71829998493195	-7.0594738348227
0.72299998998642	-6.8619277204088
0.72769999504089	-6.6509734641841
0.73240000009537	-6.4378671197168
0.73710000514984	-6.2335176275547
0.74180001020432	-6.0463543258078
0.74650001525879	-5.8809777411194
0.75120002031326	-5.7375891523864
0.75590002536774	-5.6121592455574
0.76059997081757	-5.4972874959555
0.76529997587204	-5.3837242377700
0.76999998092651	-5.2623627813922
0.77469998598099	-5.1262794671255
0.77939999103546	-4.9723186067153
0.78409999608994	-4.8017068223128
0.78880000114441	-4.6195561626751
0.79350000619888	-4.4334834723770
0.79820001125336	-4.2518079393927
0.80290001630783	-4.0818183769833
0.80760002136230	-3.9284192413251
0.81230002641678	-3.7933298112225
0.81699997186661	-3.6748787025086
0.82169997692108	-3.5684076274948
0.82639998197556	-3.4672433405613
0.83109998703003	-3.3641401582626
0.83579999208450	-3.2528918461354
0.84049999713898	-3.1297690060092
0.84520000219345	-2.9943880113962
0.84990000724792	-2.8497638277039
0.85460001230240	-2.7015756542823
0.85930001735687	-2.5568764235133
0.86400002241135	-2.4226261818932
0.86870002746582	-2.3043232500920
0.87339997291565	-2.2050192334229
0.87809997797012	-2.1248169224761
0.88279998302460	-2.0609040564956
0.88749998807907	-2.0081858912223
0.89219999313354	-1.9603898660451
0.89689999818802	-1.9114988837779
0.90160000324249	-1.8572195816635
0.90630000829697	-1.7961238930965
0.91100001335144	-1.7301437485389
0.91570001840591	-1.6643271408359
0.92040002346039	-1.6058869109723
0.92510002851486	-1.5628431419517
0.92979997396469	-1.5425598811338
0.93449997901917	-1.5504978822779
0.93919998407364	-1.5893709747615
0.94389998912811	-1.6588584200964
0.94859999418259	-1.7559339820122
0.95329999923706	-1.8757791608057
0.95800000429153	-2.0132245906361
0.96270000934601	-2.1644818503564
0.96740001440048	-2.3288825160866
0.97210001945496	-2.5102239206014
0.97680002450943	-2.7174210155301
0.98150002956390	-2.9643200644831
0.98619997501373	-3.2688744391411
0.99089998006821	-3.6520849723632
0.99559998512268	-4.1372023048928
1.0003000497818	-4.7497899743677
1.0049999952316	-5.5190943231372
1.0096999406815	-6.4814053325231
1.0144000053406	-7.6864657742317
1.0190999507904	-9.2094605939495
1.0238000154495	-11.174341103321
1.0284999608994	-13.800367265528
1.0332000255585	-17.459300076540
1.0378999710083	-21.886692075471
1.0426000356674	-20.902612684955
1.0472999811172	-16.340596756852
1.0520000457764	-12.878362691063
1.0566999912262	-10.351917062248
1.0614000558853	-8.4251393749307
1.0661000013351	-6.9079077070955
1.0707999467850	-5.6916637732054
1.0755000114441	-4.7097304709070
1.0801999568939	-3.9175853703929
1.0849000215530	-3.2826573659426
1.0895999670029	-2.7788223553220
1.0943000316620	-2.3834857519955
1.0989999771118	-2.0762638149411
1.1037000417709	-1.8386201489430
1.1083999872208	-1.6541185832563
1.1131000518799	-1.5088802496135
1.1177999973297	-1.3920371374437
1.1224999427795	-1.2959136477188
1.1272000074387	-1.2158895061165
1.1318999528885	-1.1498792160654
1.1366000175476	-1.0975994738510
1.1412999629974	-1.0596957357987
1.1460000276566	-1.0369630019612
1.1506999731064	-1.0297146800164
1.1554000377655	-1.0374390444944
1.1600999832153	-1.0586817924362
1.1648000478745	-1.0911989187999
1.1694999933243	-1.1322454812976
1.1742000579834	-1.1789838134842
1.1789000034332	-1.2288730626019
1.1835999488831	-1.2800053641487
1.1883000135422	-1.3312949311722
1.1929999589920	-1.3825245353248
1.1977000236511	-1.4342091442604
1.2023999691010	-1.4873572600196
1.2071000337601	-1.5431567736861
1.2117999792099	-1.6026643870788
1.2165000438690	-1.6665769966801
1.2211999893188	-1.7350715656676
1.2259000539780	-1.8077887364020
1.2305999994278	-1.8839083505746
1.2352999448776	-1.9623236978961
1.2400000095367	-2.0418451685570
1.2446999549866	-2.1214175610054
1.2494000196457	-2.2003039400258
1.2540999650955	-2.2781881884172
1.2588000297546	-2.3552039602938
1.2634999752045	-2.4318674624380
1.2682000398636	-2.5089373031124
1.2728999853134	-2.5872467375076
1.2776000499725	-2.6675301716097
1.2822999954224	-2.7502736205125
1.2869999408722	-2.8356351906352
1.2917000055313	-2.9234294741368
1.2963999509811	-3.0131791522835
1.3011000156403	-3.1042188597259
1.3057999610901	-3.1958357142215
1.3105000257492	-3.2874119637056
1.3151999711990	-3.3785425927880
1.3199000358582	-3.4691127519161
1.3245999813080	-3.5593098667326
1.3293000459671	-3.6495844453665
1.3339999914169	-3.7405503156568
1.3387000560760	-3.8328632573004
1.3434000015259	-3.9271012674144
1.3480999469757	-4.0236539800957
1.3528000116348	-4.1226677588072
1.3574999570847	-4.2240245253418
1.3622000217438	-4.3273913878938
1.3668999671936	-4.4322950773124
1.3716000318527	-4.5382276912203
1.3762999773026	-4.6447613723845
1.3810000419617	-4.7516434631926
1.3856999874115	-4.8588524729419
1.3904000520706	-4.9666132638321
1.3950999975204	-5.0753611236277
1.3997999429703	-5.1856678228246
1.4045000076294	-5.2981307830848
1.4091999530792	-5.4132869939656
1.4139000177383	-5.5315083681664
1.4185999631882	-5.6529603071250
1.4233000278473	-5.7775795384583
1.4279999732971	-5.9051169779516
1.4327000379562	-6.0351957717309
1.4373999834061	-6.1674122359500
1.4421000480652	-6.3014307864660
1.4467999935150	-6.4370716233336
1.4515000581741	-6.5743692597768
1.4562000036240	-6.7135829575301
1.4608999490738	-6.8551705451647
1.4656000137329	-6.9997234969812
1.4702999591827	-7.1478643834344
1.4750000238419	-7.3001638730488
1.4796999692917	-7.4570372583177
1.4844000339508	-7.6186991464859
1.4890999794006	-7.7851354369295
1.4938000440598	-7.9561274132270
1.4984999895096	-8.1313142347530
1.5032000541687	-8.3102808037779
1.5078999996185	-8.4926571985791
1.5125999450684	-8.6782121119794
1.5173000097275	-8.8669190389153
1.5219999551773	-9.0589880449970
1.5267000198364	-9.2548431107403
1.5313999652863	-9.4550588293843
1.5361000299454	-9.6602700969952
1.5407999753952	-9.8710563955523
1.5455000400543	-10.087837789977
1.5501999855042	-10.310794822368
1.5549000501633	-10.539821473760
1.5595999956131	-10.774526510517
1.5642999410629	-11.014287451647
1.5690000057220	-11.258336821194
1.5736999511719	-11.505877322722
1.5784000158310	-11.756198281670
1.5830999612808	-12.008776322457
1.5878000259399	-12.263324360397
1.5924999713898	-12.519800007861
1.5972000360489	-12.778343672236
1.6018999814987	-13.039169303988
1.6066000461578	-13.302433120345
1.6112999916077	-13.568078214326
1.6160000562668	-13.835713590555
1.6207000017166	-14.104532856293
1.6253999471664	-14.373283149757
1.6301000118256	-14.640321843835
1.6347999572754	-14.903716361631
1.6395000219345	-15.161404596954
1.6441999673843	-15.411392843142
1.6489000320435	-15.651926540135
1.6535999774933	-15.881620409733
1.6583000421524	-16.099561337789
1.6629999876022	-16.305274531184
1.6677000522614	-16.498663749449
1.6723999977112	-16.679859518103
1.6770999431610	-16.849073631525
1.6818000078201	-17.006436791787
1.6864999532700	-17.151862276900
1.6912000179291	-17.285045791120
1.6958999633789	-17.405423855670
1.7006000280380	-17.512339321380
1.7052999734879	-17.605163190015
1.7100000381470	-17.683510719815
1.7146999835968	-17.747431753295
1.7194000482559	-17.797556197076
1.7240999937057	-17.835140002090
1.7288000583649	-17.862031330676
1.7335000038147	-17.880496460878
1.7381999492645	-17.893025052750
1.7429000139236	-17.902037839491
1.7475999593735	-17.909655897523
1.7523000240326	-17.917478646166
1.7569999694824	-17.926488497125
1.7617000341415	-17.937058428318
1.7663999795914	-17.949043377718
1.7711000442505	-17.961984402413
1.7757999897003	-17.975370695095
1.7805000543594	-17.988892143280
1.7851999998093	-18.002664976718
1.7898999452591	-18.017328740091
1.7946000099182	-18.034079677771
1.7992999553680	-18.054524590793
1.8040000200272	-18.080484441842
1.8086999654770	-18.113723587722
1.8134000301361	-18.155700138312
1.8180999755859	-18.207356303365
1.8228000402451	-18.269027854021
1.8274999856949	-18.340456036098
1.8322000503540	-18.420897763018
1.8368999958038	-18.509374411230
1.8415999412537	-18.604949537646
1.8463000059128	-18.706998878645
1.8509999513626	-18.815451933530
1.8557000160217	-18.930903671910
1.8603999614716	-19.054630210698
1.8651000261307	-19.188424728364
1.8697999715805	-19.334363551107
1.8745000362396	-19.494526248649
1.8791999816895	-19.670705815153
1.8839000463486	-19.864222493000
1.8885999917984	-20.075817567564
1.8933000564575	-20.305679012877
1.8980000019073	-20.553630686427
1.9026999473572	-20.819406247341
1.9074000120163	-21.102993505425
1.9120999574661	-21.405009279048
1.9168000221252	-21.727000712533
1.9214999675751	-22.071650946476
1.9262000322342	-22.442827636325
1.9308999776840	-22.845509825200
1.9356000423431	-23.285618956497
1.9402999877930	-23.769796942149
1.9450000524521	-24.305359522154
1.9496999979019	-24.900216895122
1.9543999433517	-25.563242297277
1.9591000080109	-26.304895024455
1.9637999534607	-27.138392268591
1.9685000181198	-28.081675642982
1.9731999635696	-29.160566040455
1.9779000282288	-30.414080928736
1.9825999736786	-31.904055197618
1.9873000383377	-33.733974670278
1.9919999837875	-36.091172960942
1.9967000484467	-39.351507282978
2.0013999938965	-44.283759342387
2.0060999393463	-48.598158998773
2.0107998847961	-42.986656450405
2.0155000686646	-38.204034782966
2.0202000141144	-34.939582515370
2.0248999595642	-32.504205958563
2.0295999050140	-30.570551767481
2.0343000888824	-28.970888886121
2.0390000343323	-27.608774633393
2.0436999797821	-26.423387475275
2.0483999252319	-25.373624948972
2.0531001091003	-24.430351486576
2.0578000545502	-23.572312623380
2.0625000000000	-22.783841107600
2.0671999454498	-22.053435906454
2.0718998908997	-21.372768873098
2.0766000747681	-20.735912616840
2.0813000202179	-20.138660338683
2.0859999656677	-19.577941934774
2.0906999111176	-19.051353545766
2.0954000949860	-18.556772902633
2.1001000404358	-18.092094540515
2.1047999858856	-17.655100166600
2.1094999313354	-17.243442925529
2.1142001152039	-16.854702797032
2.1189000606537	-16.486521818827
2.1236000061035	-16.136744640051
2.1282999515533	-15.803565089015
2.1329998970032	-15.485625062799
2.1377000808716	-15.182032902290
2.1424000263214	-14.892332735657
2.1470999717712	-14.616402811385
2.1517999172211	-14.354287529782
2.1565001010895	-14.106065798376
2.1612000465393	-13.871705446184
2.1658999919891	-13.650948048129
2.1705999374390	-13.443287106857
2.1752998828888	-13.247980638518
2.1800000667572	-13.064109663128
2.1847000122070	-12.890711652205
2.1893999576569	-12.726877295851
2.1940999031067	-12.571884077235
2.1988000869751	-12.425248429248
2.2035000324249	-12.286767771621
2.2081999778748	-12.156481806734
2.2128999233246	-12.034590971475
2.2176001071930	-11.921361788826
2.2223000526428	-11.817005036939
2.2269999980927	-11.721584571233
2.2316999435425	-11.634956776996
2.2363998889923	-11.556754579690
2.2411000728607	-11.486437132483
2.2458000183105	-11.423348373954
2.2504999637604	-11.366834368654
2.2551999092102	-11.316335156632
2.2599000930786	-11.271468043088
2.2646000385284	-11.232085238566
2.2692999839783	-11.198249255745
2.2739999294281	-11.170204444038
2.2787001132965	-11.148280231883
2.2834000587463	-11.132794053542
2.2881000041962	-11.123962173834
2.2927999496460	-11.121821404098
2.2974998950958	-11.126202150213
2.3022000789642	-11.136752973950
2.3069000244141	-11.152991197950
2.3115999698639	-11.174400117640
2.3162999153137	-11.200517945637
2.3210000991821	-11.231042284679
2.3257000446320	-11.265871566770
2.3303999900818	-11.305126711404
2.3350999355316	-11.349122235538
2.3397998809814	-11.398292456948
2.3445000648499	-11.453088770966
2.3492000102997	-11.513887984607
2.3538999557495	-11.580904062975
2.3585999011993	-11.654158448519
2.3633000850677	-11.733469590844
2.3680000305176	-11.818507327219
2.3726999759674	-11.908871571787
2.3773999214172	-12.004196930689
2.3821001052856	-12.104259500661
2.3868000507355	-12.209032942903
2.3914999961853	-12.318735982925
2.3961999416351	-12.433806016024
2.4008998870850	-12.554840955932
2.4056000709534	-12.682504754741
2.4103000164032	-12.817399780911
2.4149999618530	-12.960003842321
2.4196999073029	-13.110587890230
2.4244000911713	-13.269204241660
2.4291000366211	-13.435726148087
2.4337999820709	-13.609936580217
2.4384999275208	-13.791635061848
2.4432001113892	-13.980758471872
2.4479000568390	-14.177477628463
2.4526000022888	-14.382258382684
2.4572999477386	-14.595871161922
2.4619998931885	-14.819316068643
2.4667000770569	-15.053739798019
2.4714000225067	-15.300302697887
2.4760999679565	-15.560057824406
2.4807999134064	-15.833860060651
2.4855000972748	-16.122316965470
2.4902000427246	-16.425841447777
2.4948999881744	-16.744718793026
2.4995999336243	-17.079265799358
2.5043001174927	-17.430000236094
2.5090000629425	-17.797805101334
2.5137000083923	-18.184039246583
2.5183999538422	-18.590608331059
2.5230998992920	-19.019879667761
2.5278000831604	-19.474555753155
2.5325000286102	-19.957445210099
2.5371999740601	-20.471157155762
2.5418999195099	-21.017779815241
2.5466001033783	-21.598499972386
2.5513000488281	-22.213214140832
2.5559999942780	-22.860005110184
2.5606999397278	-23.534476212636
2.5653998851776	-24.228702165127
2.5701000690460	-24.929620958215
2.5748000144958	-25.616731170765
2.5794999599457	-26.259368158111
2.5841999053955	-26.814650860022
2.5889000892639	-27.229287338714
2.5936000347137	-27.448757003808
2.5982999801636	-27.434634550416
2.6029999256134	-27.181540796468
2.6077001094818	-26.720868237456
2.6124000549316	-26.107653251820
2.6171000003815	-25.401219424121
2.6217999458313	-24.651537677448
2.6264998912811	-23.894402135598
2.6312000751495	-23.152440631575
2.6359000205994	-22.438227258264
2.6405999660492	-21.757484419217
2.6452999114990	-21.111624400995
2.6500000953674	-20.499601487134
2.6547000408173	-19.919217343762
2.6593999862671	-19.367948207263
2.6640999317169	-18.843443263618
2.6688001155853	-18.343796857529
2.6735000610352	-17.867580345513
2.6782000064850	-17.413760867674
2.6828999519348	-16.981544646291
2.6875998973846	-16.570200526963
2.6923000812531	-16.178891137658
2.6970000267029	-15.806586581625
2.7016999721527	-15.452026183437
2.7063999176025	-15.113769374996
2.7111001014709	-14.790277291207
2.7158000469208	-14.480049103848
2.7204999923706	-14.181739635791
2.7251999378204	-13.894266470213
2.7298998832703	-13.616855030938
2.7346000671387	-13.349035225498
2.7393000125885	-13.090584231220
2.7439999580383	-12.841429395846
2.7486999034882	-12.601525293881
2.7534000873566	-12.370757948642
2.7581000328064	-12.148857973394
2.7627999782562	-11.935380245510
2.7674999237061	-11.729711301264
2.7722001075745	-11.531120844216
2.7769000530243	-11.338866425412
2.7815999984741	-11.152267178299
2.7862999439240	-10.970793794560
2.7909998893738	-10.794105493067
2.7957000732422	-10.622070217429
2.8004000186920	-10.454713280199
2.8050999641418	-10.292165261512
2.8097999095917	-10.134567849497
2.8145000934601	-9.9819914513144
2.8192000389099	-9.8343807451877
2.8238999843597	-9.6915232429926
2.8285999298096	-9.5530693390361
2.8333001136780	-9.4185641139988
2.8380000591278	-9.2875279679716
2.8427000045776	-9.1595218805266
2.8473999500275	-9.0342337781894
2.8520998954773	-8.9114842852531
2.8568000793457	-8.7912730968942
2.8615000247955	-8.6737167728163
2.8661999702454	-8.5590118778462
2.8708999156952	-8.4473553865589
2.8756000995636	-8.3388860636216
2.8803000450134	-8.2336248737852
2.8849999904633	-8.1314527896942
2.8896999359131	-8.0321288689159
2.8943998813629	-7.9353245452265
2.8991000652313	-7.8406873452063
2.9038000106812	-7.7479086407591
2.9084999561310	-7.6567741747500
2.9131999015808	-7.5672035901856
2.9179000854492	-7.4792545128243
2.9226000308990	-7.3930836466099
2.9272999763489	-7.3089172097447
2.9319999217987	-7.2269678853513
2.9367001056671	-7.1473887829540
2.9414000511169	-7.0702237259817
2.9460999965668	-6.9953905982300
2.9507999420166	-6.9226983560092
2.9554998874664	-6.8518821109355
2.9602000713348	-6.7826590842595
2.9649000167847	-6.7147838842333
2.9695999622345	-6.6481061590823
2.9742999076843	-6.5825923543452
2.9790000915527	-6.5183253225828
2.9837000370026	-6.4554846516864
2.9883999824524	-6.3942890827787
2.9930999279022	-6.3349445137032
2.9978001117706	-6.2775915819871
3.0025000572205	-6.2222692374483
3.0072000026703	-6.1689030422088
3.0118999481201	-6.1173130602766
3.0165998935699	-6.0672598060295
3.0213000774384	-6.0184988324737
3.0260000228882	-5.9708198554671
3.0306999683380	-5.9241059871583
3.0353999137878	-5.8783522913539
3.0401000976562	-5.8336529483378
3.0448000431061	-5.7901857591538
3.0494999885559	-5.7481605267880
3.0541999340057	-5.7077608342879
3.0589001178741	-5.6691100522570
3.0636000633240	-5.6322243570974
3.0683000087738	-5.5970167454624
3.0729999542236	-5.5633081222646
3.0776998996735	-5.5308764295957
3.0824000835419	-5.4994830677604
3.0871000289917	-5.4689523708983
3.0917999744415	-5.4391868401974
3.0964999198914	-5.4101966929881
3.1012001037598	-5.3820891256092
3.1059000492096	-5.3550378507540
3.1105999946594	-5.3292399903021
3.1152999401093	-5.3048635193885
3.1199998855591	-5.2820049035534
3.1247000694275	-5.2606603593217
3.1294000148773	-5.2407267943006
3.1340999603271	-5.2220232204200
3.1387999057770	-5.2043225647571
3.1435000896454	-5.1874077377383
3.1482000350952	-5.1711145427659
3.1528999805450	-5.1553728285817
3.1575999259949	-5.1402055966402
3.1623001098633	-5.1257335914472
3.1670000553131	-5.1121324902945
3.1717000007629	-5.0995888073936
3.1763999462128	-5.0882552763944
3.1810998916626	-5.0782036940758
3.1858000755310	-5.0694124481293
3.1905000209808	-5.0617557344591
3.1951999664307	-5.0550439766593
3.1998999118805	-5.0490446000673
3.2046000957489	-5.0435535870122
3.2093000411987	-5.0384154530316
3.2139999866486	-5.0335758402894
3.2186999320984	-5.0290725981328
3.2234001159668	-5.0250322608666
3.2281000614166	-5.0216265653276
3.2328000068665	-5.0190261955821
3.2374999523163	-5.0173552109174
3.2421998977661	-5.0166632482799
3.2469000816345	-5.0168865615774
3.2516000270844	-5.0178723408065
3.2562999725342	-5.0194027365090
3.2609999179840	-5.0212278324649
3.2657001018524	-5.0231277402671
3.2704000473022	-5.0249530544961
3.2750999927521	-5.0266420167470
3.2797999382019	-5.0282274931760
3.2844998836517	-5.0298232766991
3.2892000675201	-5.0315748740436
3.2939000129700	-5.0336183511906
3.2985999584198	-5.0360283844460
3.3032999038696	-5.0387887463628
3.3080000877380	-5.0417715409990
3.3127000331879	-5.0447668635134
3.3173999786377	-5.0474932804282
3.3220999240875	-5.0496569511356
3.3268001079559	-5.0510021807749
3.3315000534058	-5.0513446808613
3.3361999988556	-5.0505956700843
3.3408999443054	-5.0487617955165
3.3455998897552	-5.0459122468943
3.3503000736237	-5.0421412001072
3.3550000190735	-5.0375155880814
3.3596999645233	-5.0320300192689
3.3643999099731	-5.0255883063257
3.3691000938416	-5.0179860476610
3.3738000392914	-5.0089383852594
3.3784999847412	-4.9981168171608
3.3831999301910	-4.9852101474654
3.3879001140594	-4.9699639690997
3.3926000595093	-4.9522243319660
3.3973000049591	-4.9319486624564
3.4019999504089	-4.9091989803184
3.4066998958588	-4.8841109598494
3.4114000797272	-4.8568472718989
3.4161000251770	-4.8275414545665
3.4207999706268	-4.7962769566531
3.4254999160767	-4.7630574816132
3.4302000999451	-4.7278177010673
3.4349000453949	-4.6904507981485
3.4395999908447	-4.6508595789322
3.4442999362946	-4.6089988079151
3.4489998817444	-4.5649272661787
3.4537000656128	-4.5188264569800
3.4584000110626	-4.4710024748388
3.4630999565125	-4.4218577776934
3.4677999019623	-4.3718609652670
3.4725000858307	-4.3214818932791
3.4772000312805	-4.2711463459945
3.4818999767303	-4.2212083145852
3.4865999221802	-4.1719305409372
3.4913001060486	-4.1234916607814
3.4960000514984	-4.0760180474335
3.5006999969482	-4.0296233897212
3.5053999423981	-3.9844436539503
3.5100998878479	-3.9406707446577
3.5148000717163	-3.8985686912843
3.5195000171661	-3.8584599531625
3.5241999626160	-3.8207025071499
3.5288999080658	-3.7856525884865
3.5336000919342	-3.7536169244254
3.5383000373840	-3.7248212711643
3.5429999828339	-3.6993815504396
3.5476999282837	-3.6773066122558
3.5524001121521	-3.6585109514382
3.5571000576019	-3.6428502341742
3.5618000030518	-3.6301582540727
3.5664999485016	-3.6202944009400
3.5711998939514	-3.6131662131613
3.5759000778198	-3.6087513734261
3.5806000232697	-3.6070957750344
3.5852999687195	-3.6082845907000
3.5899999141693	-3.6124168528303
3.5947000980377	-3.6195640236492
3.5994000434875	-3.6297389504224
3.6040999889374	-3.6428736824072
3.6087999343872	-3.6588224620928
3.6135001182556	-3.6773691468286
3.6182000637054	-3.6982649846429
3.6229000091553	-3.7212650723389
3.6275999546051	-3.7461649538714
3.6322999000549	-3.7728312183327
3.6370000839233	-3.8012138721340
3.6417000293732	-3.8313446454557
3.6463999748230	-3.8633099160881
3.6510999202728	-3.8972172569732
3.6558001041412	-3.9331542035648
3.6605000495911	-3.9711556920856
3.6651999950409	-4.0111829622811
3.6698999404907	-4.0531168644363
3.6745998859406	-4.0967733364386
3.6793000698090	-4.1419390842303
3.6840000152588	-4.1884050812234
3.6886999607086	-4.2360092269830
3.6933999061584	-4.2846670976989
3.6981000900269	-4.3343792379885
3.7028000354767	-4.3852354693482
3.7074999809265	-4.4373750794401
3.7121999263763	-4.4909592862149
3.7169001102448	-4.5461172950805
3.7216000556946	-4.6029220303477
3.7263000011444	-4.6613508064761
3.7309999465942	-4.7212964596390
3.7356998920441	-4.7825766366028
3.7404000759125	-4.8449703075789
3.7451000213623	-4.9082641647743
3.7497999668121	-4.9722910030763
3.7544999122620	-5.0369749970891
3.7592000961304	-5.1023300700478
3.7639000415802	-5.1684530507570
3.7685999870300	-5.2355059317836
3.7732999324799	-5.3036523892669
3.7780001163483	-5.3730228852772
3.7827000617981	-5.4436590716254
3.7874000072479	-5.5155010283704
3.7920999526978	-5.5883766393725
3.7967998981476	-5.6620305776792
3.8015000820160	-5.7361621122924
3.8062000274658	-5.8104799432643
3.8108999729156	-5.8847541044951
3.8155999183655	-5.9588496437679
3.8203001022339	-6.0327415917856
3.8250000476837	-6.1064992865717
3.8296999931335	-6.1802458119075
3.8343999385834	-6.2541058932256
3.8390998840332	-6.3281409772844
3.8438000679016	-6.4023095567000
3.8485000133514	-6.4764374423831
3.8531999588013	-6.5502225442794
3.8578999042511	-6.6232751048720
3.8626000881195	-6.6951685877966
3.8673000335693	-6.7655106179317
3.8719999790192	-6.8339987625505
3.8766999244690	-6.9004662470563
3.8814001083374	-6.9648858140325
3.8861000537872	-7.0273415747854
3.8907999992371	-7.0879793039545
3.8954999446869	-7.1469370373914
3.9001998901367	-7.2042717950327
3.9049000740051	-7.2599187127847
3.9096000194550	-7.3136721187412
3.9142999649048	-7.3652098627141
3.9189999103546	-7.4141469859681
3.9237000942230	-7.4601089563718
3.9284000396729	-7.5028143796491
3.9330999851227	-7.5421357740993
3.9377999305725	-7.5781257927479
3.9425001144409	-7.6110086922593
3.9472000598907	-7.6411253207186
3.9519000053406	-7.6688621104672
3.9565999507904	-7.6945604606442
3.9612998962402	-7.7184529537206
3.9660000801086	-7.7406205996424
3.9707000255585	-7.7609933219569
3.9753999710083	-7.7793982754002
3.9800999164581	-7.7956259289482
3.9848001003265	-7.8095191788699
3.9895000457764	-7.8210492902861
3.9941999912262	-7.8303609467593
3.9988999366760	-7.8377795276678
4.0036001205444	-7.8437733819782
4.0082998275757	-7.8488781867126
4.0130000114441	-7.8536123252942
4.0177001953125	-7.8583935602261
4.0223999023438	-7.8634672486603
4.0271000862122	-7.8689033151620
4.0317997932434	-7.8746064997802
4.0364999771118	-7.8803793633352
4.0412001609802	-7.8860079654184
4.0458998680115	-7.8913541823485
4.0506000518799	-7.8964109618141
4.0553002357483	-7.9013520635760
4.0599999427795	-7.9065120612803
4.0647001266479	-7.9123365031122
4.0693998336792	-7.9193083698163
4.0741000175476	-7.9278441196820
4.0788002014160	-7.9382287421302
4.0834999084473	-7.9505604851484
4.0882000923157	-7.9647517553771
4.0928997993469	-7.9805570172866
4.0975999832153	-7.9976517161335
4.1023001670837	-8.0157176115698
4.1069998741150	-8.0345381925010
4.1117000579834	-8.0540521897461
4.1163997650146	-8.0743877176759
4.1210999488831	-8.0958346422451
4.1258001327515	-8.1187847219213
4.1304998397827	-8.1436479767276
4.1352000236511	-8.1707517513987
4.1399002075195	-8.2002727188781
4.1445999145508	-8.2321858181760
4.1493000984192	-8.2662733743525
4.1539998054504	-8.3021740211823
4.1586999893188	-8.3394611545397
4.1634001731873	-8.3777384622083
4.1680998802185	-8.4167411832401
4.1728000640869	-8.4563865886910
4.1774997711182	-8.4967990347145
4.1821999549866	-8.5382747283832
4.1869001388550	-8.5812101510607
4.1915998458862	-8.6259979989428
4.1963000297546	-8.6729302461191
4.2010002136230	-8.7221146953421
4.2056999206543	-8.7734393256532
4.2104001045227	-8.8265868815385
4.2150998115540	-8.8810944219195
4.2197999954224	-8.9364574546230
4.2245001792908	-8.9922361508918
4.2291998863220	-9.0481620929660
4.2339000701904	-9.1042002980181
4.2385997772217	-9.1605543241841
4.2432999610901	-9.2176326936579
4.2480001449585	-9.2759455663249
4.2526998519897	-9.3359908163914
4.2574000358582	-9.3981497050817
4.2621002197266	-9.4625897724021
4.2667999267578	-9.5292553319250
4.2715001106262	-9.5978797429358
4.2761998176575	-9.6680843422178
4.2809000015259	-9.7394946088791
4.2856001853943	-9.8118722691697
4.2902998924255	-9.8852260642762
4.2950000762939	-9.9598707325529
4.2996997833252	-10.036416755796
4.3043999671936	-10.115699494392
4.3091001510620	-10.198648423262
4.3137998580933	-10.286135081008
4.3185000419617	-10.378841595009
4.3232002258301	-10.477143748323
4.3278999328613	-10.581079675942
4.3326001167297	-10.690375978676
4.3372998237610	-10.804536538240
4.3420000076294	-10.922987729445
4.3467001914978	-11.045220777836
4.3513998985291	-11.170921347282
4.3561000823975	-11.300049020368
4.3607997894287	-11.432826700803
4.3654999732971	-11.569670137458
4.3702001571655	-11.711043241541
4.3748998641968	-11.857287913807
4.3796000480652	-12.008468544822
4.3843002319336	-12.164262287718
4.3889999389648	-12.323939116789
4.3937001228333	-12.486423299709
4.3983998298645	-12.650464014765
4.4031000137329	-12.814851472576
4.4078001976013	-12.978639413315
4.4124999046326	-13.141332361621
4.4172000885010	-13.302967503992
4.4218997955322	-13.464065748742
4.4265999794006	-13.625463434362
4.4313001632690	-13.788056712922
4.4359998703003	-13.952509420643
4.4407000541687	-14.119022940433
4.4454002380371	-14.287189409853
4.4500999450684	-14.456012367835
4.4548001289368	-14.624065686697
4.4594998359680	-14.789776843706
4.4642000198364	-14.951791782758
4.4689002037048	-15.109275407744
4.4735999107361	-15.262120030212
4.4783000946045	-15.410946177194
4.4829998016357	-15.556916422085
4.4876999855042	-15.701364130572
4.4924001693726	-15.845387283124
4.4970998764038	-15.989432788275
4.5018000602722	-16.133060780479
4.5064997673035	-16.274914174647
4.5111999511719	-16.412906686727
4.5159001350403	-16.544646130275
4.5205998420715	-16.667965542453
4.5253000259399	-16.781409420021
4.5300002098083	-16.884593817486
4.5346999168396	-16.978223355668
4.5394001007080	-17.063854464315
4.5440998077393	-17.143362566045
4.5487999916077	-17.218327548952
4.5535001754761	-17.289490946365
4.5581998825073	-17.356426575243
4.5629000663757	-17.417503722026
4.5675997734070	-17.470236997736
4.5722999572754	-17.511856092409
4.5770001411438	-17.540032404223
4.5816998481750	-17.553524978010
4.5864000320435	-17.552520128810
4.5911002159119	-17.538631783564
4.5957999229431	-17.514441311047
4.6005001068115	-17.482821892304
4.6051998138428	-17.446172814608
4.6098999977112	-17.405855953817
4.6146001815796	-17.361869956357
4.6192998886108	-17.312960939157
4.6240000724792	-17.257043736803
4.6286997795105	-17.191870624192
4.6333999633789	-17.115774654558
4.6381001472473	-17.028233375031
4.6427998542786	-16.930139133192
4.6475000381470	-16.823665888906
4.6522002220154	-16.711779218843
4.6568999290466	-16.597537013951
4.6616001129150	-16.483429735460
4.6662998199463	-16.370861335556
4.6710000038147	-16.259935615548
4.6757001876831	-16.149571109332
4.6803998947144	-16.037912671296
4.6851000785828	-15.922908778621
4.6897997856140	-15.802964245548
4.6944999694824	-15.677422209342
4.6992001533508	-15.546827381000
4.7038998603821	-15.412832733023
4.7086000442505	-15.277825431171
4.7133002281189	-15.144364394678
4.7179999351501	-15.014612407502
4.7227001190186	-14.889866282365
4.7273998260498	-14.770322793228
4.7321000099182	-14.655109452003
4.7368001937866	-14.542571435997
4.7414999008179	-14.430728453454
4.7462000846863	-14.317816871322
4.7508997917175	-14.202768053397
4.7555999755859	-14.085501366315
4.7603001594543	-13.966978212981
4.7649998664856	-13.848964622981
4.7697000503540	-13.733608949864
4.7744002342224	-13.622940266543
4.7790999412537	-13.518402389257
4.7838001251221	-13.420551384790
4.7884998321533	-13.328956057595
4.7932000160217	-13.242326889730
4.7979001998901	-13.158863955564
4.8025999069214	-13.076692480456
4.8073000907898	-12.994334957043
4.8119997978210	-12.911098892633
4.8166999816895	-12.827239730744
4.8214001655579	-12.743906211816
4.8260998725891	-12.662855658027
4.8308000564575	-12.586022392621
4.8354997634888	-12.515047745331
4.8401999473572	-12.450899064846
4.8449001312256	-12.393631933829
4.8495998382568	-12.342381158616
4.8543000221252	-12.295541878636
4.8590002059937	-12.251150525109
4.8636999130249	-12.207321438489
4.8684000968933	-12.162711102590
4.8730998039246	-12.116810358558
4.8777999877930	-12.070081957828
4.8825001716614	-12.023802052408
4.8871998786926	-11.979737745862
4.8919000625610	-11.939682471095
4.8965997695923	-11.905003785360
4.9012999534607	-11.876277121048
4.9060001373291	-11.853123690701
4.9106998443604	-11.834259041501
4.9154000282288	-11.817751990196
4.9201002120972	-11.801468665244
4.9247999191284	-11.783551217232
4.9295001029968	-11.762857646138
4.9341998100281	-11.739237340293
4.9388999938965	-11.713542775377
4.9436001777649	-11.687390134776
4.9482998847961	-11.662725918228
4.9530000686646	-11.641286949934
4.9576997756958	-11.624113274642
4.9623999595642	-11.611221265703
4.9671001434326	-11.601493668158
4.9717998504639	-11.592820578405
4.9765000343323	-11.582495488968
4.9812002182007	-11.567720863381
4.9858999252319	-11.546175618754
4.9906001091003	-11.516442485330
4.9952998161316	-11.478215359876
5.0000000000000	-11.432187354612
#Parameters = {R_fat=48; R_glandular=38; R_skin_outer=50; T10=5; T15=7.5; T5=2.5; T_rad=4; T_x=10; T_y=0; T_z=75; Zc=65; skin_thickness=2; Mesh Pass=1}
#"Frequency / GHz"	"S1,1 (Mesh Pass=1) [Magnitude / dB]"
#-------------------------------------------------------
0.30000001192093	-6.7506836160289
0.30469998717308	-6.6220508713188
0.30939999222755	-6.4961853090669
0.31409999728203	-6.3694835935470
0.31880000233650	-6.2380486415672
0.32350000739098	-6.0986817262114
0.32820001244545	-5.9497130331886
0.33289998769760	-5.7914676080423
0.33759999275208	-5.6262085615009
0.34229999780655	-5.4576206555694
0.34700000286102	-5.2899698958395
0.35170000791550	-5.1271992818020
0.35640001296997	-4.9721553773966
0.36109998822212	-4.8260946149694
0.36579999327660	-4.6885181613182
0.37049999833107	-4.5573662664604
0.37520000338554	-4.4295305521448
0.37990000844002	-4.3016108971957
0.38460001349449	-4.1707594528382
0.38929998874664	-4.0354195383781
0.39399999380112	-3.8957343783151
0.39869999885559	-3.7535409069260
0.40340000391006	-3.6119148440815
0.40810000896454	-3.4744418573345
0.41280001401901	-3.3443775105212
0.41749998927116	-3.2239175360867
0.42219999432564	-3.1137001684841
0.42689999938011	-3.0126568346388
0.43160000443459	-2.9182301125404
0.43630000948906	-2.8269681101625
0.44100001454353	-2.7353539535740
0.44569998979568	-2.6407138183905
0.45039999485016	-2.5419253482591
0.45509999990463	-2.4397238546325
0.45980000495911	-2.3365134426305
0.46450001001358	-2.2357410733764
0.46919998526573	-2.1410007404856
0.47389999032021	-2.0551257921545
0.47859999537468	-1.9794525325298
0.48330000042915	-1.9134459551931
0.48800000548363	-1.8547603094778
0.49270001053810	-1.7997771537601
0.49739998579025	-1.7444931524472
0.50209999084473	-1.6855883105490
0.50679999589920	-1.6213299413899
0.51150000095367	-1.5520732815831
0.51620000600815	-1.4801701635652
0.52090001106262	-1.4093232739997
0.52560001611710	-1.3435793892679
0.53030002117157	-1.2862440378507
0.53500002622604	-1.2389802559784
0.53969997167587	-1.2013088983473
0.54439997673035	-1.1706575615704
0.54909998178482	-1.1429668234294
0.55379998683929	-1.1137307756763
0.55849999189377	-1.0792495992310
0.56319999694824	-1.0376857393384
0.56790000200272	-0.98962477996273
0.57260000705719	-0.93792816111467
0.57730001211166	-0.88692802976410
0.58200001716614	-0.84122620425342
0.58670002222061	-0.80442009091302
0.59140002727509	-0.77807576957998
0.59609997272491	-0.76123969234622
0.60079997777939	-0.75058790565926
0.60549998283386	-0.74126008219841
0.61019998788834	-0.72816992273201
0.61489999294281	-0.70747291953747
0.61959999799728	-0.67774492363363
0.62430000305176	-0.64044786854155
0.62900000810623	-0.59956367714101
0.63370001316071	-0.56045638459659
0.63840001821518	-0.52836197521500
0.64310002326965	-0.50687942312528
0.64780002832413	-0.49689173216176
0.65249997377396	-0.49619138892168
0.65719997882843	-0.49994635558699
0.66189998388290	-0.50194910021901
0.66659998893738	-0.49640568935315
0.67129999399185	-0.47972882418460
0.67599999904633	-0.45176732454321
0.68070000410080	-0.41601024727980
0.68540000915527	-0.37868193700613
0.69010001420975	-0.34696112693276
0.69480001926422	-0.32689009905324
0.69950002431870	-0.32151145490150
0.70420002937317	-0.32971923765576
0.70889997482300	-0.34620124535073
0.71359997987747	-0.36260844319603
0.71829998493195	-0.36988492498282
0.72299998998642	-0.36122005384512
0.72769999504089	-0.33478434992397
0.73240000009537	-0.29525625067692
0.73710000514984	-0.25352218632022
0.74180001020432	-0.22463348538478
0.74650001525879	-0.22458312379655
0.75120002031326	-0.26673222052327
0.75590002536774	-0.35848914573412
0.76059997081757	-0.49866176003860
0.76529997587204	-0.67586764596541
0.76999998092651	-0.86850972747813
0.77469998598099	-1.0471173925403
0.77939999103546	-1.1796821375616
0.78409999608994	-1.2396727230011
0.78880000114441	-1.2142657621204
0.79350000619888	-1.1089196048370
0.79820001125336	-0.94569704347160
0.80290001630783	-0.75637658432096
0.80760002136230	-0.57399005581406
0.81230002641678	-0.42588672443156
0.81699997186661	-0.32945646205163
0.82169997692108	-0.29023437414687
0.82639998197556	-0.30184433991686
0.83109998703003	-0.34766298778082
0.83579999208450	-0.40434908023626
0.84049999713898	-0.44726747102230
0.84520000219345	-0.45707660813368
0.84990000724792	-0.42565738941293
0.85460001230240	-0.35901156537089
0.85930001735687	-0.27586050880968
0.86400002241135	-0.20264116413856
0.86870002746582	-0.16706190348677
0.87339997291565	-0.19216050525676
0.87809997797012	-0.29187990678911
0.88279998302460	-0.46811354573137
0.88749998807907	-0.70901623982569
0.89219999313354	-0.98854990664604
0.89689999818802	-1.2679202354993
0.90160000324249	-1.5004889001460
0.90630000829697	-1.6414685808697
0.91100001335144	-1.6610647017719
0.91570001840591	-1.5551395524268
0.92040002346039	-1.3465160111087
0.92510002851486	-1.0759418386513
0.92979997396469	-0.78882446643199
0.93449997901917	-0.52451977978336
0.93919998407364	-0.31071006981924
0.94389998912811	-0.16187682322186
0.94859999418259	-0.080139173248312
0.95329999923706	-0.057282566708413
0.95800000429153	-0.077576884412817
0.96270000934601	-0.12121660752488
0.96740001440048	-0.16823190862803
0.97210001945496	-0.20235606367327
0.97680002450943	-0.21403438317581
0.98150002956390	-0.20167199523873
0.98619997501373	-0.17074037948951
0.99089998006821	-0.13111653197064
0.99559998512268	-0.093680347585169
1.0003000497818	-0.067276982710716
1.0049999952316	-0.056730469162724
1.0096999406815	-0.062181451993054
1.0144000053406	-0.079631111167072
1.0190999507904	-0.10241050555518
1.0238000154495	-0.12315937679480
1.0284999608994	-0.13582861802542
1.0332000255585	-0.13721032562164
1.0378999710083	-0.12755542339834
1.0426000356674	-0.11018244662146
1.0472999811172	-0.090247484397135
1.0520000457764	-0.073138025419992
1.0566999912262	-0.062985575289515
1.0614000558853	-0.061678254192699
1.0661000013351	-0.068567166029844
1.0707999467850	-0.080854822190623
1.0755000114441	-0.094500144884157
1.0801999568939	-0.10540973811618
1.0849000215530	-0.11054976365766
1.0895999670029	-0.10872128099064
1.0943000316620	-0.10076379156350
1.0989999771118	-0.089167210047259
1.1037000417709	-0.077258564617086
1.1083999872208	-0.068206621195146
1.1131000518799	-0.064172367009682
1.1177999973297	-0.065804583284322
1.1224999427795	-0.072164239325006
1.1272000074387	-0.081093414180715
1.1318999528885	-0.089882575980584
1.1366000175476	-0.096037259320218
1.1412999629974	-0.097962412396803
1.1460000276566	-0.095345700314051
1.1506999731064	-0.089150422245515
1.1554000377655	-0.081284739164528
1.1600999832153	-0.073979775282979
1.1648000478745	-0.069176268252482
1.1694999933243	-0.068008254840098
1.1742000579834	-0.070561151666304
1.1789000034332	-0.075946665860798
1.1835999488831	-0.082618480479215
1.1883000135422	-0.088863729687165
1.1929999589920	-0.093296057096406
1.1977000236511	-0.095231355003945
1.2023999691010	-0.094817554530739
1.2071000337601	-0.092927397252253
1.2117999792099	-0.090818789213955
1.2165000438690	-0.089709802341385
1.2211999893188	-0.090380238667080
1.2259000539780	-0.092934868869842
1.2305999994278	-0.096752857405219
1.2352999448776	-0.10070124779008
1.2400000095367	-0.10345802497163
1.2446999549866	-0.10392901426940
1.2494000196457	-0.10157973309081
1.2540999650955	-0.096615291575834
1.2588000297546	-0.089943700571340
1.2634999752045	-0.082938859045373
1.2682000398636	-0.077073996772743
1.2728999853134	-0.073532731088447
1.2776000499725	-0.072898397779846
1.2822999954224	-0.075025211633180
1.2869999408722	-0.079097711919217
1.2917000055313	-0.083857513899310
1.2963999509811	-0.087958735214662
1.3011000156403	-0.090317214621503
1.3057999610901	-0.090393223725304
1.3105000257492	-0.088305723706809
1.3151999711990	-0.084774866865216
1.3199000358582	-0.080891086261823
1.3245999813080	-0.077794006323456
1.3293000459671	-0.076358231710457
1.3339999914169	-0.076962636123051
1.3387000560760	-0.079412967117222
1.3434000015259	-0.083013017757507
1.3480999469757	-0.086783119979493
1.3528000116348	-0.089737620375583
1.3574999570847	-0.091157048577372
1.3622000217438	-0.090789875814401
1.3668999671936	-0.088886481332526
1.3716000318527	-0.086126392858815
1.3762999773026	-0.083399756565550
1.3810000419617	-0.081561815410207
1.3856999874115	-0.081182288015405
1.3904000520706	-0.082408119840453
1.3950999975204	-0.084935265323278
1.3997999429703	-0.088113844614508
1.4045000076294	-0.091134113755533
1.4091999530792	-0.093266308492106
1.4139000177383	-0.094057073577227
1.4185999631882	-0.093447986129540
1.4233000278473	-0.091779245264005
1.4279999732971	-0.089680595037200
1.4327000379562	-0.087884410003478
1.4373999834061	-0.087015845945955
1.4421000480652	-0.087421041709614
1.4467999935150	-0.089088027894143
1.4515000581741	-0.091646959803685
1.4562000036240	-0.094508959205509
1.4608999490738	-0.097011766797039
1.4656000137329	-0.098627279207336
1.4702999591827	-0.099102397692312
1.4750000238419	-0.098510650043004
1.4796999692917	-0.097234826100010
1.4844000339508	-0.095848114906907
1.4890999794006	-0.094935317832058
1.4938000440598	-0.094942358230890
1.4984999895096	-0.096055407044727
1.5032000541687	-0.098146625873146
1.5078999996185	-0.10083104833442
1.5125999450684	-0.10358286118638
1.5173000097275	-0.10587579064621
1.5219999551773	-0.10734742077399
1.5267000198364	-0.10788403402449
1.5313999652863	-0.10765413863032
1.5361000299454	-0.10704841686611
1.5407999753952	-0.10656703946586
1.5455000400543	-0.10667591648258
1.5501999855042	-0.10767581817901
1.5549000501633	-0.10962897349343
1.5595999956131	-0.11234234645577
1.5642999410629	-0.11543798053286
1.5690000057220	-0.11846202340630
1.5736999511719	-0.12101671638586
1.5784000158310	-0.12286209391705
1.5830999612808	-0.12399875317600
1.5878000259399	-0.12464582163728
1.5924999713898	-0.12518517866974
1.5972000360489	-0.12604319435210
1.6018999814987	-0.12757739883956
1.6066000461578	-0.12997448249176
1.6112999916077	-0.13320491766016
1.6160000562668	-0.13704539197343
1.6207000017166	-0.14113745604166
1.6253999471664	-0.14510229927105
1.6301000118256	-0.14863865687752
1.6347999572754	-0.15162170410395
1.6395000219345	-0.15412205792623
1.6441999673843	-0.15638852592977
1.6489000320435	-0.15877569565815
1.6535999774933	-0.16164069988191
1.6583000421524	-0.16524448407705
1.6629999876022	-0.16968426063561
1.6677000522614	-0.17486801363454
1.6723999977112	-0.18054883826931
1.6770999431610	-0.18639832407976
1.6818000078201	-0.19209575435181
1.6864999532700	-0.19742651087487
1.6912000179291	-0.20233552543903
1.6958999633789	-0.20693290874761
1.7006000280380	-0.21147355868276
1.7052999734879	-0.21626317246078
1.7100000381470	-0.22158440662477
1.7146999835968	-0.22760683960146
1.7194000482559	-0.23434285603370
1.7240999937057	-0.24164650001210
1.7288000583649	-0.24925016423545
1.7335000038147	-0.25684011341125
1.7381999492645	-0.26414092697943
1.7429000139236	-0.27098496059205
1.7475999593735	-0.27735636824160
1.7523000240326	-0.28338126677145
1.7569999694824	-0.28928647551793
1.7617000341415	-0.29532202465562
1.7663999795914	-0.30169021814450
1.7711000442505	-0.30847605912757
1.7757999897003	-0.31562131526185
1.7805000543594	-0.32293521752477
1.7851999998093	-0.33014277515970
1.7898999452591	-0.33695523153751
1.7946000099182	-0.34314816125239
1.7992999553680	-0.34861124985238
1.8040000200272	-0.35337122259072
1.8086999654770	-0.35758035778796
1.8134000301361	-0.36146261488446
1.8180999755859	-0.36524208240643
1.8228000402451	-0.36908020949598
1.8274999856949	-0.37302268967632
1.8322000503540	-0.37699181343691
1.8368999958038	-0.38080369115992
1.8415999412537	-0.38422294248792
1.8463000059128	-0.38702770940149
1.8509999513626	-0.38907460713475
1.8557000160217	-0.39033707506400
1.8603999614716	-0.39091634159063
1.8651000261307	-0.39100480335313
1.8697999715805	-0.39084261571529
1.8745000362396	-0.39065069021612
1.8791999816895	-0.39056396006564
1.8839000463486	-0.39061335770911
1.8885999917984	-0.39070974230603
1.8933000564575	-0.39068442541175
1.8980000019073	-0.39033782476821
1.9026999473572	-0.38950511924656
1.9074000120163	-0.38810081623116
1.9120999574661	-0.38615141336594
1.9168000221252	-0.38378818644438
1.9214999675751	-0.38121702886611
1.9262000322342	-0.37865930147521
1.9308999776840	-0.37629510612162
1.9356000423431	-0.37421953307780
1.9402999877930	-0.37242057152580
1.9450000524521	-0.37078664417675
1.9496999979019	-0.36914258433526
1.9543999433517	-0.36730836510448
1.9591000080109	-0.36514384979871
1.9637999534607	-0.36259962776708
1.9685000181198	-0.35972705292293
1.9731999635696	-0.35666809829272
1.9779000282288	-0.35361655699087
1.9825999736786	-0.35076332830624
1.9873000383377	-0.34825039457076
1.9919999837875	-0.34612458339902
1.9967000484467	-0.34433860944356
2.0013999938965	-0.34275913308817
2.0060999393463	-0.34120878801285
2.0107998847961	-0.33951734723156
2.0155000686646	-0.33757314717522
2.0202000141144	-0.33534869276265
2.0248999595642	-0.33291879571850
2.0295999050140	-0.33042983632058
2.0343000888824	-0.32806740257970
2.0390000343323	-0.32600119671616
2.0436999797821	-0.32433861769494
2.0483999252319	-0.32309966724936
2.0531001091003	-0.32221026542882
2.0578000545502	-0.32152465377296
2.0625000000000	-0.32086725842313
2.0671999454498	-0.32008341746973
2.0718998908997	-0.31908148950393
2.0766000747681	-0.31786229500659
2.0813000202179	-0.31651684102345
2.0859999656677	-0.31520297376082
2.0906999111176	-0.31410175371059
2.0954000949860	-0.31336971076682
2.1001000404358	-0.31309413391156
2.1047999858856	-0.31327195532007
2.1094999313354	-0.31381239616126
2.1142001152039	-0.31455733013452
2.1189000606537	-0.31533210752842
2.1236000061035	-0.31599530028023
2.1282999515533	-0.31647414896530
2.1329998970032	-0.31679365758693
2.1377000808716	-0.31706700206546
2.1424000263214	-0.31746970722750
2.1470999717712	-0.31819354313252
2.1517999172211	-0.31939425736104
2.1565001010895	-0.32114854261063
2.1612000465393	-0.32344041579154
2.1658999919891	-0.32615647272682
2.1705999374390	-0.32912746372592
2.1752998828888	-0.33216881699656
2.1800000667572	-0.33514196324450
2.1847000122070	-0.33798954516497
2.1893999576569	-0.34076450839431
2.1940999031067	-0.34361967677856
2.1988000869751	-0.34677156209982
2.2035000324249	-0.35044831624833
2.2081999778748	-0.35483317390924
2.2128999233246	-0.36001138638309
2.2176001071930	-0.36595486876434
2.2223000526428	-0.37252001293361
2.2269999980927	-0.37949785423553
2.2316999435425	-0.38666648947088
2.2363998889923	-0.39386599760034
2.2411000728607	-0.40105506097306
2.2458000183105	-0.40834165191358
2.2504999637604	-0.41597169961971
2.2551999092102	-0.42428254828188
2.2599000930786	-0.43361939544712
2.2646000385284	-0.44422877245039
2.2692999839783	-0.45617577205049
2.2739999294281	-0.46926246848754
2.2787001132965	-0.48301341959049
2.2834000587463	-0.49670501549643
2.2881000041962	-0.50944924400503
2.2927999496460	-0.52032518796249
2.2974998950958	-0.52852891080259
2.3022000789642	-0.53352733961181
2.3069000244141	-0.53516338053192
2.3115999698639	-0.53371588817782
2.3162999153137	-0.52988284548231
2.3210000991821	-0.52468464939153
2.3257000446320	-0.51933256263095
2.3303999900818	-0.51505590831461
2.3350999355316	-0.51293708317889
2.3397998809814	-0.51378245545155
2.3445000648499	-0.51803961298163
2.3492000102997	-0.52577937917850
2.3538999557495	-0.53672177814796
2.3585999011993	-0.55032955114209
2.3633000850677	-0.56590599317041
2.3680000305176	-0.58271777953272
2.3726999759674	-0.60010114171338
2.3773999214172	-0.61754259298859
2.3821001052856	-0.63471574841873
2.3868000507355	-0.65148335064964
2.3914999961853	-0.66785841974569
2.3961999416351	-0.68394483456587
2.4008998870850	-0.69986866362421
2.4056000709534	-0.71571593479891
2.4103000164032	-0.73149481782694
2.4149999618530	-0.74711780253396
2.4196999073029	-0.76241830635939
2.4244000911713	-0.77718245242331
2.4291000366211	-0.79118931494552
2.4337999820709	-0.80425768006058
2.4384999275208	-0.81627305455833
2.4432001113892	-0.82720082866489
2.4479000568390	-0.83708064147904
2.4526000022888	-0.84599795777091
2.4572999477386	-0.85406096188172
2.4619998931885	-0.86135563490398
2.4667000770569	-0.86793104004354
2.4714000225067	-0.87378197284409
2.4760999679565	-0.87886085857647
2.4807999134064	-0.88309260183826
2.4855000972748	-0.88640200914414
2.4902000427246	-0.88873915152202
2.4948999881744	-0.89010379694435
2.4995999336243	-0.89055009469231
2.5043001174927	-0.89017761519064
2.5090000629425	-0.88911862199081
2.5137000083923	-0.88751158208517
2.5183999538422	-0.88547629197617
2.5230998992920	-0.88309581148594
2.5278000831604	-0.88040844341986
2.5325000286102	-0.87741349055619
2.5371999740601	-0.87408346229160
2.5418999195099	-0.87038944028917
2.5466001033783	-0.86631619936934
2.5513000488281	-0.86188100666108
2.5559999942780	-0.85713815375111
2.5606999397278	-0.85217273954873
2.5653998851776	-0.84709084590943
2.5701000690460	-0.84199270404873
2.5748000144958	-0.83696093518519
2.5794999599457	-0.83204351011205
2.5841999053955	-0.82725017408645
2.5889000892639	-0.82255871138746
2.5936000347137	-0.81792558427115
2.5982999801636	-0.81330890773166
2.6029999256134	-0.80867894971018
2.6077001094818	-0.80403474176518
2.6124000549316	-0.79941072737226
2.6171000003815	-0.79486134340384
2.6217999458313	-0.79045733012495
2.6264998912811	-0.78626589356386
2.6312000751495	-0.78233384016700
2.6359000205994	-0.77867934088136
2.6405999660492	-0.77528761115521
2.6452999114990	-0.77212170391714
2.6500000953674	-0.76912878639635
2.6547000408173	-0.76625696039049
2.6593999862671	-0.76347695986631
2.6640999317169	-0.76078216164079
2.6688001155853	-0.75819611781204
2.6735000610352	-0.75576521091414
2.6782000064850	-0.75354106145605
2.6828999519348	-0.75157658913808
2.6875998973846	-0.74990041933356
2.6923000812531	-0.74851554950153
2.6970000267029	-0.74740010849573
2.7016999721527	-0.74650698441788
2.7063999176025	-0.74578486503857
2.7111001014709	-0.74518769441457
2.7158000469208	-0.74468500907819
2.7204999923706	-0.74427653510114
2.7251999378204	-0.74398476976006
2.7298998832703	-0.74385012156327
2.7346000671387	-0.74392011980885
2.7393000125885	-0.74423644286490
2.7439999580383	-0.74481875025241
2.7486999034882	-0.74566172519453
2.7534000873566	-0.74673983423640
2.7581000328064	-0.74800743614556
2.7627999782562	-0.74941542326209
2.7674999237061	-0.75092484831867
2.7722001075745	-0.75251438685719
2.7769000530243	-0.75418915189907
2.7815999984741	-0.75597751334086
2.7862999439240	-0.75791741378327
2.7909998893738	-0.76005532012679
2.7957000732422	-0.76242349410051
2.8004000186920	-0.76503683426465
2.8050999641418	-0.76788547914622
2.8097999095917	-0.77094050180454
2.8145000934601	-0.77415690402105
2.8192000389099	-0.77749372322116
2.8238999843597	-0.78091711616388
2.8285999298096	-0.78441734978805
2.8333001136780	-0.78800490889625
2.8380000591278	-0.79171124006286
2.8427000045776	-0.79557882568898
2.8473999500275	-0.79964869494251
2.8520998954773	-0.80395107487553
2.8568000793457	-0.80849174935023
2.8615000247955	-0.81325971493064
2.8661999702454	-0.81822220048793
2.8708999156952	-0.82333933072483
2.8756000995636	-0.82857435482575
2.8803000450134	-0.83390217805179
2.8849999904633	-0.83932131620970
2.8896999359131	-0.84485197415322
2.8943998813629	-0.85052640847695
2.8991000652313	-0.85638948519566
2.9038000106812	-0.86247979270647
2.9084999561310	-0.86881827808468
2.9131999015808	-0.87540912842683
2.9179000854492	-0.88223292651922
2.9226000308990	-0.88925574898514
2.9272999763489	-0.89643857357262
2.9319999217987	-0.90374773275187
2.9367001056671	-0.91116854717382
2.9414000511169	-0.91870123780802
2.9460999965668	-0.92637286135958
2.9507999420166	-0.93421760623271
2.9554998874664	-0.94227815950335
2.9602000713348	-0.95058725179831
2.9649000167847	-0.95915947604718
2.9695999622345	-0.96798966138677
2.9742999076843	-0.97705369503643
2.9790000915527	-0.98631282750502
2.9837000370026	-0.99572792024789
2.9883999824524	-1.0052667247964
2.9930999279022	-1.0149146750866
2.9978001117706	-1.0246777945548
3.0025000572205	-1.0345799093795
3.0072000026703	-1.0446555623098
3.0118999481201	-1.0549384823607
3.0165998935699	-1.0654506664293
3.0213000774384	-1.0761938708669
3.0260000228882	-1.0871517948188
3.0306999683380	-1.0982877689856
3.0353999137878	-1.1095543885781
3.0401000976562	-1.1209071891515
3.0448000431061	-1.1323117131604
3.0494999885559	-1.1437506122955
3.0541999340057	-1.1552275382028
3.0589001178741	-1.1667605329909
3.0636000633240	-1.1783750284862
3.0683000087738	-1.1900912294158
3.0729999542236	-1.2019179139541
3.0776998996735	-1.2138391026478
3.0824000835419	-1.2258208231569
3.0871000289917	-1.2378133606190
3.0917999744415	-1.2497575844363
3.0964999198914	-1.2616017443763
3.1012001037598	-1.2733054884833
3.1059000492096	-1.2848491144517
3.1105999946594	-1.2962307486960
3.1152999401093	-1.3074627134190
3.1199998855591	-1.3185598801575
3.1247000694275	-1.3295294585994
3.1294000148773	-1.3403641393772
3.1340999603271	-1.3510334922082
3.1387999057770	-1.3614916400809
3.1435000896454	-1.3716779775590
3.1482000350952	-1.3815315324878
3.1528999805450	-1.3910007830408
3.1575999259949	-1.4000518718683
3.1623001098633	-1.4086718286395
3.1670000553131	-1.4168698173665
3.1717000007629	-1.4246612594610
3.1763999462128	-1.4320683824023
3.1810998916626	-1.4391023881148
3.1858000755310	-1.4457586275732
3.1905000209808	-1.4520129139456
3.1951999664307	-1.4578271205847
3.1998999118805	-1.4631582757337
3.2046000957489	-1.4679661062520
3.2093000411987	-1.4722265063713
3.2139999866486	-1.4759380675988
3.2186999320984	-1.4791215905290
3.2234001159668	-1.4818172812517
3.2281000614166	-1.4840745924123
3.2328000068665	-1.4859439450001
3.2374999523163	-1.4874624308094
3.2421998977661	-1.4886534544469
3.2469000816345	-1.4895247139195
3.2516000270844	-1.4900707552449
3.2562999725342	-1.4902902820667
3.2609999179840	-1.4901889773966
3.2657001018524	-1.4897915712964
3.2704000473022	-1.4891489728309
3.2750999927521	-1.4883329096485
3.2797999382019	-1.4874322622631
3.2844998836517	-1.4865421176505
3.2892000675201	-1.4857535267449
3.2939000129700	-1.4851465205983
3.2985999584198	-1.4847867194322
3.3032999038696	-1.4847248647284
3.3080000877380	-1.4850078007239
3.3127000331879	-1.4856885680592
3.3173999786377	-1.4868342124580
3.3220999240875	-1.4885373656348
3.3268001079559	-1.4909167530259
3.3315000534058	-1.4941145867303
3.3361999988556	-1.4982923563924
3.3408999443054	-1.5036195627920
3.3455998897552	-1.5102638942397
3.3503000736237	-1.5183875868945
3.3550000190735	-1.5281462107772
3.3596999645233	-1.5396937351541
3.3643999099731	-1.5531901654046
3.3691000938416	-1.5688125843780
3.3738000392914	-1.5867676306099
3.3784999847412	-1.6072944216521
3.3831999301910	-1.6306710045389
3.3879001140594	-1.6572026248153
3.3926000595093	-1.6872154218331
3.3973000049591	-1.7210461572153
3.4019999504089	-1.7590270737581
3.4066998958588	-1.8014750587098
3.4114000797272	-1.8486841999093
3.4161000251770	-1.9009219219628
3.4207999706268	-1.9584215835407
3.4254999160767	-2.0213766204792
3.4302000999451	-2.0899326653327
3.4349000453949	-2.1641591008542
3.4395999908447	-2.2440295756860
3.4442999362946	-2.3293770910370
3.4489998817444	-2.4198519950847
3.4537000656128	-2.5148804681288
3.4584000110626	-2.6136223947759
3.4630999565125	-2.7149478157507
3.4677999019623	-2.8174353538162
3.4725000858307	-2.9193916625236
3.4772000312805	-3.0189120048198
3.4818999767303	-3.1139583459616
3.4865999221802	-3.2024734402875
3.4913001060486	-3.2825003617401
3.4960000514984	-3.3523068611792
3.5006999969482	-3.4104959613927
3.5053999423981	-3.4560840106279
3.5100998878479	-3.4885512111723
3.5148000717163	-3.5078469698539
3.5195000171661	-3.5143588012416
3.5241999626160	-3.5088611736765
3.5288999080658	-3.4924364932548
3.5336000919342	-3.4663870299794
3.5383000373840	-3.4321509182179
3.5429999828339	-3.3912182414570
3.5476999282837	-3.3450534995800
3.5524001121521	-3.2950378740698
3.5571000576019	-3.2424195507751
3.5618000030518	-3.1882847546561
3.5664999485016	-3.1335428187826
3.5711998939514	-3.0789280584795
3.5759000778198	-3.0250173875389
3.5806000232697	-2.9722536963479
3.5852999687195	-2.9209727155690
3.5899999141693	-2.8714313510777
3.5947000980377	-2.8238325260215
3.5994000434875	-2.7783388860989
3.6040999889374	-2.7350765642874
3.6087999343872	-2.6941444139414
3.6135001182556	-2.6556009472984
3.6182000637054	-2.6194714183527
3.6229000091553	-2.5857376337287
3.6275999546051	-2.5543493519330
3.6322999000549	-2.5252300238214
3.6370000839233	-2.4982929733521
3.6417000293732	-2.4734476442240
3.6463999748230	-2.4506216348669
3.6510999202728	-2.4297629435627
3.6558001041412	-2.4108379672634
3.6605000495911	-2.3938371466583
3.6651999950409	-2.3787520717044
3.6698999404907	-2.3655779248905
3.6745998859406	-2.3542945627463
3.6793000698090	-2.3448686570716
3.6840000152588	-2.3372491843068
3.6886999607086	-2.3313768100798
3.6933999061584	-2.3271914375903
3.6981000900269	-2.3246481446566
3.7028000354767	-2.3237211417634
3.7074999809265	-2.3244113157387
3.7121999263763	-2.3267460719543
3.7169001102448	-2.3307684417424
3.7216000556946	-2.3365329284871
3.7263000011444	-2.3440888909060
3.7309999465942	-2.3534741331123
3.7356998920441	-2.3647095011783
3.7404000759125	-2.3778024560952
3.7451000213623	-2.3927514912468
3.7497999668121	-2.4095563939656
3.7544999122620	-2.4282347793326
3.7592000961304	-2.4488241051605
3.7639000415802	-2.4713857317508
3.7685999870300	-2.4960062622075
3.7732999324799	-2.5227835211865
3.7780001163483	-2.5518200362199
3.7827000617981	-2.5832035970843
3.7874000072479	-2.6170020892364
3.7920999526978	-2.6532553157135
3.7967998981476	-2.6919742927622
3.8015000820160	-2.7331530395516
3.8062000274658	-2.7767727962913
3.8108999729156	-2.8228092735790
3.8155999183655	-2.8712436098936
3.8203001022339	-2.9220576689850
3.8250000476837	-2.9752266654481
3.8296999931335	-3.0307062786057
3.8343999385834	-3.0884145672829
3.8390998840332	-3.1482144272111
3.8438000679016	-3.2099015679319
3.8485000133514	-3.2731984050145
3.8531999588013	-3.3377544848810
3.8578999042511	-3.4031627232330
3.8626000881195	-3.4689703880376
3.8673000335693	-3.5346977505542
3.8719999790192	-3.5998587313794
3.8766999244690	-3.6639620799954
3.8814001083374	-3.7265211670310
3.8861000537872	-3.7870525708345
3.8907999992371	-3.8450741831906
3.8954999446869	-3.9001046517574
3.9001998901367	-3.9516704721740
3.9049000740051	-3.9993212726938
3.9096000194550	-4.0426549715195
3.9142999649048	-4.0813450968221
3.9189999103546	-4.1151659220915
3.9237000942230	-4.1440112805324
3.9284000396729	-4.1679057585196
3.9330999851227	-4.1869905770618
3.9377999305725	-4.2015086671928
3.9425001144409	-4.2117771627261
3.9472000598907	-4.2181580777341
3.9519000053406	-4.2210327962563
3.9565999507904	-4.2207872876508
3.9612998962402	-4.2178087131306
3.9660000801086	-4.2124865384961
3.9707000255585	-4.2052294321222
3.9753999710083	-4.1964618327935
3.9800999164581	-4.1866364426286
3.9848001003265	-4.1762237284019
3.9895000457764	-4.1657040904411
3.9941999912262	-4.1555415233414
3.9988999366760	-4.1461727683500
4.0036001205444	-4.1379903958068
4.0082998275757	-4.1313355743362
4.0130000114441	-4.1265017821142
4.0177001953125	-4.1237478573191
4.0223999023438	-4.1233193463356
4.0271000862122	-4.1254685732845
4.0317997932434	-4.1304714589131
4.0364999771118	-4.1386405394733
4.0412001609802	-4.1503275536652
4.0458998680115	-4.1659170145877
4.0506000518799	-4.1858173553259
4.0553002357483	-4.2104479052510
4.0599999427795	-4.2402272045910
4.0647001266479	-4.2755825814710
4.0693998336792	-4.3169418689263
4.0741000175476	-4.3647655986278
4.0788002014160	-4.4195577468963
4.0834999084473	-4.4818929144789
4.0882000923157	-4.5524335560362
4.0928997993469	-4.6319422727547
4.0975999832153	-4.7212841045233
4.1023001670837	-4.8214103782371
4.1069998741150	-4.9333443101928
4.1117000579834	-5.0581362650067
4.1163997650146	-5.1968332148124
4.1210999488831	-5.3504286217967
4.1258001327515	-5.5198126087402
4.1304998397827	-5.7057151730761
4.1352000236511	-5.9086413576822
4.1399002075195	-6.1287921214803
4.1445999145508	-6.3659851131898
4.1493000984192	-6.6195470439437
4.1539998054504	-6.8882175622328
4.1586999893188	-7.1700381106395
4.1634001731873	-7.4622785471312
4.1680998802185	-7.7613899789894
4.1728000640869	-8.0630416562715
4.1774997711182	-8.3622314393380
4.1821999549866	-8.6535165399635
4.1869001388550	-8.9313270225235
4.1915998458862	-9.1903462679553
4.1963000297546	-9.4258778796893
4.2010002136230	-9.6341464944357
4.2056999206543	-9.8124489015934
4.2104001045227	-9.9591513322365
4.2150998115540	-10.073541114742
4.2197999954224	-10.155606847335
4.2245001792908	-10.205825402463
4.2291998863220	-10.225015073736
4.2339000701904	-10.214280770376
4.2385997772217	-10.175034651564
4.2432999610901	-10.109053005699
4.2480001449585	-10.018502477219
4.2526998519897	-9.9059138421036
4.2574000358582	-9.7740824753129
4.2621002197266	-9.6259328971191
4.2667999267578	-9.4643526902539
4.2715001106262	-9.2920726939089
4.2761998176575	-9.1115775651818
4.2809000015259	-8.9250862632597
4.2856001853943	-8.7345618853046
4.2902998924255	-8.5417591224608
4.2950000762939	-8.3482588062517
4.2996997833252	-8.1554949554228
4.3043999671936	-7.9647501297059
4.3091001510620	-7.7771355054317
4.3137998580933	-7.5935581721841
4.3185000419617	-7.4146887519271
4.3232002258301	-7.2409507469920
4.3278999328613	-7.0725348238440
4.3326001167297	-6.9094283369004
4.3372998237610	-6.7514808486336
4.3420000076294	-6.5984604699591
4.3467001914978	-6.4501237955780
4.3513998985291	-6.3062518255082
4.3561000823975	-6.1666816732717
4.3607997894287	-6.0312983051251
4.3654999732971	-5.9000203221086
4.3702001571655	-5.7727640540366
4.3748998641968	-5.6494179607787
4.3796000480652	-5.5298251192966
4.3843002319336	-5.4137747068669
4.3889999389648	-5.3010225125372
4.3937001228333	-5.1913215776999
4.3983998298645	-5.0844467385616
4.4031000137329	-4.9802362234038
4.4078001976013	-4.8785983934277
4.4124999046326	-4.7795194794314
4.4172000885010	-4.6830422986623
4.4218997955322	-4.5892402393010
4.4265999794006	-4.4981881667288
4.4313001632690	-4.4099238064939
4.4359998703003	-4.3244396245468
4.4407000541687	-4.2416766189365
4.4454002380371	-4.1615408123260
4.4500999450684	-4.0839260625888
4.4548001289368	-4.0087426402486
4.4594998359680	-3.9359434098243
4.4642000198364	-3.8655327391514
4.4689002037048	-3.7975711151958
4.4735999107361	-3.7321543622614
4.4783000946045	-3.6693942949921
4.4829998016357	-3.6093878919885
4.4876999855042	-3.5521984572847
4.4924001693726	-3.4978394620718
4.4970998764038	-3.4462829289076
4.5018000602722	-3.3974696801700
4.5064997673035	-3.3513393489874
4.5111999511719	-3.3078543662050
4.5159001350403	-3.2670241584905
4.5205998420715	-3.2289224123702
4.5253000259399	-3.1936775267797
4.5300002098083	-3.1614669094532
4.5346999168396	-3.1324881255335
4.5394001007080	-3.1069362903204
4.5440998077393	-3.0849745220545
4.5487999916077	-3.0667258913132
4.5535001754761	-3.0522709533892
4.5581998825073	-3.0416528225612
4.5629000663757	-3.0349049582541
4.5675997734070	-3.0320637263287
4.5722999572754	-3.0331889480942
4.5770001411438	-3.0383697233417
4.5816998481750	-3.0477205087352
4.5864000320435	-3.0613571163668
4.5911002159119	-3.0793726673607
4.5957999229431	-3.1018031487637
4.6005001068115	-3.1286058573228
4.6051998138428	-3.1596403077889
4.6098999977112	-3.1946700877322
4.6146001815796	-3.2333770649993
4.6192998886108	-3.2753953437960
4.6240000724792	-3.3203316575775
4.6286997795105	-3.3678049959598
4.6333999633789	-3.4174515399083
4.6381001472473	-3.4689284508149
4.6427998542786	-3.5218931036020
4.6475000381470	-3.5759659294189
4.6522002220154	-3.6306961319682
4.6568999290466	-3.6855220812324
4.6616001129150	-3.7397627986959
4.6662998199463	-3.7926143420413
4.6710000038147	-3.8431821487440
4.6757001876831	-3.8905345538555
4.6803998947144	-3.9337560765536
4.6851000785828	-3.9720036053638
4.6897997856140	-4.0045554823418
4.6944999694824	-4.0308308356534
4.6992001533508	-4.0503957090232
4.7038998603821	-4.0629500685783
4.7086000442505	-4.0683138766247
4.7133002281189	-4.0664183245188
4.7179999351501	-4.0573077577706
4.7227001190186	-4.0411620712959
4.7273998260498	-4.0183129596279
4.7321000099182	-3.9892769608813
4.7368001937866	-3.9547515073718
4.7414999008179	-3.9156071268146
4.7462000846863	-3.8728408034741
4.7508997917175	-3.8275120078494
4.7555999755859	-3.7806676401057
4.7603001594543	-3.7332745174815
4.7649998664856	-3.6861614591692
4.7697000503540	-3.6399885722785
4.7744002342224	-3.5952537216628
4.7790999412537	-3.5523099618144
4.7838001251221	-3.5114132603226
4.7884998321533	-3.4727647117803
4.7932000160217	-3.4365527229210
4.7979001998901	-3.4029732915968
4.8025999069214	-3.3722325685854
4.8073000907898	-3.3445335560805
4.8119997978210	-3.3200378127057
4.8166999816895	-3.2988400243498
4.8214001655579	-3.2809389585563
4.8260998725891	-3.2662350094378
4.8308000564575	-3.2545356539322
4.8354997634888	-3.2455973907652
4.8401999473572	-3.2391583242368
4.8449001312256	-3.2349955771374
4.8495998382568	-3.2329544012465
4.8543000221252	-3.2329664249454
4.8590002059937	-3.2350450883010
4.8636999130249	-3.2392578572439
4.8684000968933	-3.2456798236917
4.8730998039246	-3.2543562525992
4.8777999877930	-3.2652591235909
4.8825001716614	-3.2782798018776
4.8871998786926	-3.2932346131773
4.8919000625610	-3.3098924994504
4.8965997695923	-3.3280316002607
4.9012999534607	-3.3474798112287
4.9060001373291	-3.3681586028568
4.9106998443604	-3.3900943165936
4.9154000282288	-3.4134112282925
4.9201002120972	-3.4382908929779
4.9247999191284	-3.4649238027083
4.9295001029968	-3.4934492790709
4.9341998100281	-3.5239230133633
4.9388999938965	-3.5562902356636
4.9436001777649	-3.5904047043444
4.9482998847961	-3.6260631455304
4.9530000686646	-3.6630635960490
4.9576997756958	-3.7012622143971
4.9623999595642	-3.7406180794888
4.9671001434326	-3.7812081692252
4.9717998504639	-3.8232087868011
4.9765000343323	-3.8668492328499
4.9812002182007	-3.9123531886161
4.9858999252319	-3.9598657597187
4.9906001091003	-4.0094109639754
4.9952998161316	-4.0608727243476
5.0000000000000	-4.1140195512012
#Parameters = {R_fat=48; R_glandular=38; R_skin_outer=50; T10=5; T15=7.5; T5=2.5; T_rad=4; T_x=10; T_y=0; T_z=75; Zc=65; skin_thickness=2; Mesh Pass=2}
#"Frequency / GHz"	"S1,1 (Mesh Pass=2) [Magnitude / dB]"
#-------------------------------------------------------
0.30000001192093	-8.7972610791624
0.30469998717308	-8.4844677884103
0.30939999222755	-8.2776930372011
0.31409999728203	-8.2321909133851
0.31880000233650	-8.3676437461933
0.32350000739098	-8.6709372055478
0.32820001244545	-9.0914858798444
0.33289998769760	-9.5296263917895
0.33759999275208	-9.8376636983454
0.34229999780655	-9.8737847859884
0.34700000286102	-9.6055031541219
0.35170000791550	-9.1501118578365
0.35640001296997	-8.6922324649527
0.36109998822212	-8.3887054743042
0.36579999327660	-8.3430818029281
0.37049999833107	-8.6274818617487
0.37520000338554	-9.3184893961498
0.37990000844002	-10.543346866709
0.38460001349449	-12.568121779845
0.38929998874664	-16.077486702452
0.39399999380112	-23.929619085096
0.39869999885559	-27.283225981339
0.40340000391006	-16.049532528423
0.40810000896454	-11.274250697558
0.41280001401901	-8.3862334594577
0.41749998927116	-6.5144319095299
0.42219999432564	-5.3183602332650
0.42689999938011	-4.6117502735059
0.43160000443459	-4.2720542033485
0.43630000948906	-4.2118058724675
0.44100001454353	-4.3650899505868
0.44569998979568	-4.6763688248145
0.45039999485016	-5.0886442941664
0.45509999990463	-5.5323519158084
0.45980000495911	-5.9221714929285
0.46450001001358	-6.1733596609491
0.46919998526573	-6.2384880233972
0.47389999032021	-6.1360179038016
0.47859999537468	-5.9378338078552
0.48330000042915	-5.7276324248738
0.48800000548363	-5.5681589467085
0.49270001053810	-5.4914934095928
0.49739998579025	-5.5027375679349
0.50209999084473	-5.5862842967575
0.50679999589920	-5.7110410178826
0.51150000095367	-5.8362121356303
0.51620000600815	-5.9207053578980
0.52090001106262	-5.9361294842876
0.52560001611710	-5.8775248312696
0.53030002117157	-5.7641066757392
0.53500002622604	-5.6291366641604
0.53969997167587	-5.5062202564163
0.54439997673035	-5.4194985364416
0.54909998178482	-5.3796752102472
0.55379998683929	-5.3840638042350
0.55849999189377	-5.4187015924153
0.56319999694824	-5.4620241333342
0.56790000200272	-5.4904049519329
0.57260000705719	-5.4851207870386
0.57730001211166	-5.4384779996919
0.58200001716614	-5.3559792944147
0.58670002222061	-5.2532757073178
0.59140002727509	-5.1498378195626
0.59609997272491	-5.0626414453862
0.60079997777939	-5.0020326267738
0.60549998283386	-4.9700787278663
0.61019998788834	-4.9609087008412
0.61489999294281	-4.9625899918910
0.61959999799728	-4.9604132331245
0.62430000305176	-4.9411229778111
0.62900000810623	-4.8969830564233
0.63370001316071	-4.8280400902113
0.63840001821518	-4.7415822218539
0.64310002326965	-4.6491681685037
0.64780002832413	-4.5627269055836
0.65249997377396	-4.4912075412893
0.65719997882843	-4.4385524824538
0.66189998388290	-4.4031198825861
0.66659998893738	-4.3784185819102
0.67129999399185	-4.3550116925567
0.67599999904633	-4.3232527523291
0.68070000410080	-4.2761820435475
0.68540000915527	-4.2115901585667
0.69010001420975	-4.1324672855809
0.69480001926422	-4.0457215904548
0.69950002431870	-3.9597986009441
0.70420002937317	-3.8821515084856
0.70889997482300	-3.8172795046388
0.71359997987747	-3.7657365531902
0.71829998493195	-3.7241724032119
0.72299998998642	-3.6863825888504
0.72769999504089	-3.6451423632985
0.73240000009537	-3.5943776725400
0.73710000514984	-3.5309968600119
0.74180001020432	-3.4557396071225
0.74650001525879	-3.3727643452459
0.75120002031326	-3.2881997374860
0.75590002536774	-3.2082377538038
0.76059997081757	-3.1373793408755
0.76529997587204	-3.0772814226126
0.76999998092651	-3.0264214843436
0.77469998598099	-2.9806324939265
0.77939999103546	-2.9343869986313
0.78409999608994	-2.8825016046429
0.78880000114441	-2.8217472381138
0.79350000619888	-2.7518152293207
0.79820001125336	-2.6753233985076
0.80290001630783	-2.5968947064921
0.80760002136230	-2.5216757502263
0.81230002641678	-2.4538005441270
0.81699997186661	-2.3952149481989
0.82169997692108	-2.3452078799591
0.82639998197556	-2.3006955827865
0.83109998703003	-2.2572483034277
0.83579999208450	-2.2105359362038
0.84049999713898	-2.1577595846098
0.84520000219345	-2.0985679435220
0.84990000724792	-2.0351719657861
0.85460001230240	-1.9715995738029
0.85930001735687	-1.9123798231447
0.86400002241135	-1.8611493734731
0.86870002746582	-1.8195357562516
0.87339997291565	-1.7867206466515
0.87809997797012	-1.7597541783803
0.88279998302460	-1.7345908798979
0.88749998807907	-1.7075131468247
0.89219999313354	-1.6765044836927
0.89689999818802	-1.6420400606339
0.90160000324249	-1.6070630230301
0.90630000829697	-1.5760927410902
0.91100001335144	-1.5538195626943
0.91570001840591	-1.5436384873679
0.92040002346039	-1.5466177135686
0.92510002851486	-1.5612310036183
0.92979997396469	-1.5839724255565
0.93449997901917	-1.6107346898826
0.93919998407364	-1.6385141883753
0.94389998912811	-1.6668917557960
0.94859999418259	-1.6987337584691
0.95329999923706	-1.7398086015447
0.95800000429153	-1.7974315081061
0.96270000934601	-1.8786074034894
0.96740001440048	-1.9883055712347
0.97210001945496	-2.1284367967548
0.97680002450943	-2.2979585193499
0.98150002956390	-2.4942015358521
0.98619997501373	-2.7152081579120
0.99089998006821	-2.9625152856639
0.99559998512268	-3.2435618433763
1.0003000497818	-3.5729483908236
1.0049999952316	-3.9721649872143
1.0096999406815	-4.4681116824637
1.0144000053406	-5.0913508077131
1.0190999507904	-5.8751127756781
1.0238000154495	-6.8557385971928
1.0284999608994	-8.0739801692344
1.0332000255585	-9.5733918822940
1.0378999710083	-11.379730576171
1.0426000356674	-13.398575932235
1.0472999811172	-15.077591759869
1.0520000457764	-15.224058052510
1.0566999912262	-13.652889832058
1.0614000558853	-11.549415711195
1.0661000013351	-9.6112574153118
1.0707999467850	-7.9874568256308
1.0755000114441	-6.6648814896847
1.0801999568939	-5.6017908632494
1.0849000215530	-4.7563399481939
1.0895999670029	-4.0897243695494
1.0943000316620	-3.5651422231662
1.0989999771118	-3.1476239734980
1.1037000417709	-2.8055276827870
1.1083999872208	-2.5130349364440
1.1131000518799	-2.2523323833611
1.1177999973297	-2.0143825422176
1.1224999427795	-1.7977378502678
1.1272000074387	-1.6057624569994
1.1318999528885	-1.4432232793232
1.1366000175476	-1.3132468312309
1.1412999629974	-1.2154034143800
1.1460000276566	-1.1451877387589
1.1506999731064	-1.0948414776591
1.1554000377655	-1.0551656605886
1.1600999832153	-1.0177518281047
1.1648000478745	-0.97697078585578
1.1694999933243	-0.93110966573728
1.1742000579834	-0.88226716041490
1.1789000034332	-0.83514120700543
1.1835999488831	-0.79514844330203
1.1883000135422	-0.76652835353412
1.1929999589920	-0.75103162944873
1.1977000236511	-0.74744252777337
1.2023999691010	-0.75204968209257
1.2071000337601	-0.75976791895294
1.2117999792099	-0.76564666136548
1.2165000438690	-0.76627584866887
1.2211999893188	-0.76066282865301
1.2259000539780	-0.75034836483460
1.2305999994278	-0.73871821927780
1.2352999448776	-0.72980662585368
1.2400000095367	-0.72698146041980
1.2446999549866	-0.73195937122699
1.2494000196457	-0.74437282378257
1.2540999650955	-0.76198707918184
1.2588000297546	-0.78143793675742
1.2634999752045	-0.79927238015456
1.2682000398636	-0.81296764843973
1.2728999853134	-0.82163423917676
1.2776000499725	-0.82620164476538
1.2822999954224	-0.82901722151742
1.2869999408722	-0.83305428039698
1.2917000055313	-0.84095204264742
1.2963999509811	-0.85426098484701
1.3011000156403	-0.87302793777194
1.3057999610901	-0.89588465348208
1.3105000257492	-0.92050205731323
1.3151999711990	-0.94433167981047
1.3199000358582	-0.96537051429780
1.3245999813080	-0.98273756534223
1.3293000459671	-0.99689277956591
1.3339999914169	-1.0094390645827
1.3387000560760	-1.0225852760338
1.3434000015259	-1.0384498170573
1.3480999469757	-1.0584534253770
1.3528000116348	-1.0829362311018
1.3574999570847	-1.1111339083597
1.3622000217438	-1.1414514148663
1.3668999671936	-1.1719770832480
1.3716000318527	-1.2010641998839
1.3762999773026	-1.2278211286822
1.3810000419617	-1.2523536418194
1.3856999874115	-1.2757048480650
1.3904000520706	-1.2995189491220
1.3950999975204	-1.3255343761352
1.3997999429703	-1.3550902792563
1.4045000076294	-1.3887650743434
1.4091999530792	-1.4262685997292
1.4139000177383	-1.4665719056692
1.4185999631882	-1.5082522647614
1.4233000278473	-1.5499309906207
1.4279999732971	-1.5906965523901
1.4327000379562	-1.6303700534546
1.4373999834061	-1.6695623862921
1.4421000480652	-1.7094844483793
1.4467999935150	-1.7515953666734
1.4515000581741	-1.7972005961432
1.4562000036240	-1.8471065778263
1.4608999490738	-1.9014356639799
1.4656000137329	-1.9596401711520
1.4702999591827	-2.0207001560206
1.4750000238419	-2.0834524063682
1.4796999692917	-2.1469518654598
1.4844000339508	-2.2107688637649
1.4890999794006	-2.2751293620701
1.4938000440598	-2.3408777933525
1.4984999895096	-2.4092432019925
1.5032000541687	-2.4815247620126
1.5078999996185	-2.5587496991772
1.5125999450684	-2.6414287388917
1.5173000097275	-2.7294512144869
1.5219999551773	-2.8221642774083
1.5267000198364	-2.9185841623889
1.5313999652863	-3.0177166809647
1.5361000299454	-3.1188756743888
1.5407999753952	-3.2219202571341
1.5455000400543	-3.3273386071901
1.5501999855042	-3.4361440953124
1.5549000501633	-3.5496371904601
1.5595999956131	-3.6690675317349
1.5642999410629	-3.7953238814554
1.5690000057220	-3.9287139216574
1.5736999511719	-4.0689112726476
1.5784000158310	-4.2150655228729
1.5830999612808	-4.3660752341626
1.5878000259399	-4.5209363047230
1.5924999713898	-4.6790814128751
1.5972000360489	-4.8406109262194
1.6018999814987	-5.0063188003269
1.6066000461578	-5.1775370350898
1.6112999916077	-5.3558018277496
1.6160000562668	-5.5424532513533
1.6207000017166	-5.7382859494598
1.6253999471664	-5.9433280827770
1.6301000118256	-6.1568454960456
1.6347999572754	-6.3775560045203
1.6395000219345	-6.6040294091184
1.6441999673843	-6.8351596437878
1.6489000320435	-7.0705771133599
1.6535999774933	-7.3108641313701
1.6583000421524	-7.5574851905339
1.6629999876022	-7.8124542006269
1.6677000522614	-8.0778179191424
1.6723999977112	-8.3551051121701
1.6770999431610	-8.6449035105034
1.6818000078201	-8.9466886563227
1.6864999532700	-9.2589877620332
1.6912000179291	-9.5798399002740
1.6958999633789	-9.9074774407597
1.7006000280380	-10.241012158147
1.7052999734879	-10.580919203347
1.7100000381470	-10.929124525657
1.7146999835968	-11.288648319362
1.7194000482559	-11.662893092857
1.7240999937057	-12.054778235239
1.7288000583649	-12.465967081576
1.7335000038147	-12.896420152275
1.7381999492645	-13.344451618404
1.7429000139236	-13.807324652153
1.7475999593735	-14.282293934480
1.7523000240326	-14.767819336273
1.7569999694824	-15.264614649602
1.7617000341415	-15.776012548127
1.7663999795914	-16.307561817268
1.7711000442505	-16.865848318726
1.7757999897003	-17.456799590715
1.7805000543594	-18.083992014895
1.7851999998093	-18.747273067720
1.7898999452591	-19.442220901210
1.7946000099182	-20.160571208914
1.7992999553680	-20.891938582626
1.8040000200272	-21.626238954124
1.8086999654770	-22.355865532453
1.8134000301361	-23.076067786982
1.8180999755859	-23.781895570237
1.8228000402451	-24.461629818768
1.8274999856949	-25.088284065004
1.8322000503540	-25.613938615531
1.8368999958038	-25.975039136704
1.8415999412537	-26.114853163466
1.8463000059128	-26.014506364670
1.8509999513626	-25.706572886887
1.8557000160217	-25.257216427874
1.8603999614716	-24.734664357071
1.8651000261307	-24.188382974947
1.8697999715805	-23.644799466303
1.8745000362396	-23.112734504316
1.8791999816895	-22.591495520757
1.8839000463486	-22.078098767821
1.8885999917984	-21.571864357797
1.8933000564575	-21.076120019070
1.8980000019073	-20.597375062663
1.9026999473572	-20.143110420634
1.9074000120163	-19.719401978825
1.9120999574661	-19.329270594763
1.9168000221252	-18.972064873977
1.9214999675751	-18.643852821195
1.9262000322342	-18.338588483518
1.9308999776840	-18.049723711410
1.9356000423431	-17.771817875386
1.9402999877930	-17.501735918754
1.9450000524521	-17.239074888225
1.9496999979019	-16.985756946389
1.9543999433517	-16.744971120434
1.9591000080109	-16.519871729282
1.9637999534607	-16.312453221847
1.9685000181198	-16.122882302915
1.9731999635696	-15.949400464679
1.9779000282288	-15.788787075639
1.9825999736786	-15.637203685121
1.9873000383377	-15.491195859042
1.9919999837875	-15.348557418763
1.9967000484467	-15.208803537961
2.0013999938965	-15.073110469477
2.0060999393463	-14.943776293571
2.0107998847961	-14.823393751882
2.0155000686646	-14.714004124825
2.0202000141144	-14.616475698280
2.0248999595642	-14.530250546926
2.0295999050140	-14.453504830337
2.0343000888824	-14.383655722936
2.0390000343323	-14.318075245556
2.0436999797821	-14.254806925126
2.0483999252319	-14.193078558641
2.0531001091003	-14.133446861470
2.0578000545502	-14.077560692969
2.0625000000000	-14.027605103151
2.0671999454498	-13.985632872185
2.0718998908997	-13.952955791107
2.0766000747681	-13.929781990295
2.0813000202179	-13.915161005097
2.0859999656677	-13.907254298351
2.0906999111176	-13.903851689583
2.0954000949860	-13.902983455333
2.1001000404358	-13.903473832388
2.1047999858856	-13.905254249621
2.1094999313354	-13.909351945723
2.1142001152039	-13.917570159273
2.1189000606537	-13.931931885795
2.1236000061035	-13.954112104092
2.1282999515533	-13.984948155827
2.1329998970032	-14.024203847080
2.1377000808716	-14.070617800549
2.1424000263214	-14.122236904940
2.1470999717712	-14.176922706786
2.1517999172211	-14.232940510504
2.1565001010895	-14.289412293803
2.1612000465393	-14.346545683321
2.1658999919891	-14.405534947772
2.1705999374390	-14.468178599670
2.1752998828888	-14.536339212313
2.1800000667572	-14.611376155023
2.1847000122070	-14.693713831424
2.1893999576569	-14.782662141077
2.1940999031067	-14.876529260855
2.1988000869751	-14.972986781404
2.2035000324249	-15.069620087818
2.2081999778748	-15.164518735946
2.2128999233246	-15.256700183344
2.2176001071930	-15.346330289256
2.2223000526428	-15.434527237782
2.2269999980927	-15.522972405327
2.2316999435425	-15.613311905192
2.2363998889923	-15.706570187376
2.2411000728607	-15.802758698251
2.2458000183105	-15.900701492057
2.2504999637604	-15.998197571824
2.2551999092102	-16.092469128469
2.2599000930786	-16.180752547728
2.2646000385284	-16.260936352232
2.2692999839783	-16.332013933637
2.2739999294281	-16.394264039920
2.2787001132965	-16.449047556139
2.2834000587463	-16.498341729317
2.2881000041962	-16.544111583531
2.2927999496460	-16.587698022727
2.2974998950958	-16.629409565153
2.3022000789642	-16.668366597480
2.3069000244141	-16.702737780979
2.3115999698639	-16.730173093417
2.3162999153137	-16.748475644331
2.3210000991821	-16.756212047337
2.3257000446320	-16.753169287324
2.3303999900818	-16.740494563313
2.3350999355316	-16.720413814807
2.3397998809814	-16.695733999978
2.3445000648499	-16.669156736422
2.3492000102997	-16.642668237813
2.3538999557495	-16.617137563091
2.3585999011993	-16.592200443173
2.3633000850677	-16.566502140042
2.3680000305176	-16.538191291848
2.3726999759674	-16.505555304412
2.3773999214172	-16.467624323631
2.3821001052856	-16.424567667001
2.3868000507355	-16.377760118503
2.3914999961853	-16.329498524189
2.3961999416351	-16.282455811506
2.4008998870850	-16.239041576645
2.4056000709534	-16.200857497484
2.4103000164032	-16.168361894505
2.4149999618530	-16.140836551453
2.4196999073029	-16.116710384494
2.4244000911713	-16.094039206470
2.4291000366211	-16.071158369002
2.4337999820709	-16.047198750833
2.4384999275208	-16.022395631200
2.4432001113892	-15.998084532267
2.4479000568390	-15.976339393099
2.4526000022888	-15.959447154452
2.4572999477386	-15.949302565930
2.4619998931885	-15.946920942013
2.4667000770569	-15.952239935676
2.4714000225067	-15.964157593972
2.4760999679565	-15.980879960214
2.4807999134064	-16.000485674350
2.4855000972748	-16.021473999647
2.4902000427246	-16.043236857603
2.4948999881744	-16.066272919941
2.4995999336243	-16.092055240721
2.5043001174927	-16.122637364477
2.5090000629425	-16.160110145357
2.5137000083923	-16.206023111156
2.5183999538422	-16.260997739123
2.5230998992920	-16.324592239948
2.5278000831604	-16.395435322823
2.5325000286102	-16.471637683271
2.5371999740601	-16.551360912172
2.5418999195099	-16.633348361794
2.5466001033783	-16.717333985640
2.5513000488281	-16.804158245379
2.5559999942780	-16.895555140573
2.5606999397278	-16.993696102101
2.5653998851776	-17.100599571592
2.5701000690460	-17.217604391521
2.5748000144958	-17.345007008450
2.5794999599457	-17.482002920667
2.5841999053955	-17.626893846920
2.5889000892639	-17.777570898091
2.5936000347137	-17.932105579428
2.5982999801636	-18.089320066108
2.6029999256134	-18.249134833785
2.6077001094818	-18.412628660414
2.6124000549316	-18.581737949376
2.6171000003815	-18.758708628577
2.6217999458313	-18.945446071227
2.6264998912811	-19.142933403992
2.6312000751495	-19.350886190673
2.6359000205994	-19.567684154097
2.6405999660492	-19.790661680570
2.6452999114990	-20.016628473538
2.6500000953674	-20.242547321640
2.6547000408173	-20.466141051630
2.6593999862671	-20.686278787854
2.6640999317169	-20.902971559060
2.6688001155853	-21.117008372797
2.6735000610352	-21.329292387477
2.6782000064850	-21.540083489062
2.6828999519348	-21.748348130778
2.6875998973846	-21.951365640222
2.6923000812531	-22.144729638179
2.6970000267029	-22.322689616386
2.7016999721527	-22.478915033299
2.7063999176025	-22.607367304871
2.7111001014709	-22.703226406296
2.7158000469208	-22.763588134570
2.7204999923706	-22.787668358685
2.7251999378204	-22.776647377883
2.7298998832703	-22.733054740582
2.7346000671387	-22.660037078033
2.7393000125885	-22.560550774819
2.7439999580383	-22.436859154971
2.7486999034882	-22.290243272308
2.7534000873566	-22.121154290992
2.7581000328064	-21.929655618127
2.7627999782562	-21.716025907583
2.7674999237061	-21.481424858929
2.7722001075745	-21.228286333846
2.7769000530243	-20.960366150003
2.7815999984741	-20.682412554110
2.7862999439240	-20.399481385164
2.7909998893738	-20.116172718736
2.7957000732422	-19.835924814320
2.8004000186920	-19.560612159864
2.8050999641418	-19.290495721110
2.8097999095917	-19.024513109966
2.8145000934601	-18.760919485581
2.8192000389099	-18.497971784887
2.8238999843597	-18.234650938026
2.8285999298096	-17.971049401973
2.8333001136780	-17.708435969920
2.8380000591278	-17.448935882301
2.8427000045776	-17.194958029806
2.8473999500275	-16.948543941364
2.8520998954773	-16.710849455409
2.8568000793457	-16.481861903040
2.8615000247955	-16.260466473914
2.8661999702454	-16.044802081426
2.8708999156952	-15.832800604778
2.8756000995636	-15.622792587534
2.8803000450134	-15.413965036170
2.8849999904633	-15.206544178130
2.8896999359131	-15.001673106090
2.8943998813629	-14.801018439619
2.8991000652313	-14.606219663362
2.9038000106812	-14.418388644893
2.9084999561310	-14.237785363780
2.9131999015808	-14.063732691660
2.9179000854492	-13.894826434047
2.9226000308990	-13.729345203973
2.9272999763489	-13.565752696333
2.9319999217987	-13.403123907976
2.9367001056671	-13.241381539989
2.9414000511169	-13.081278606641
2.9460999965668	-12.924114630781
2.9507999420166	-12.771302985312
2.9554998874664	-12.623916164335
2.9602000713348	-12.482368044404
2.9649000167847	-12.346276656167
2.9695999622345	-12.214588676855
2.9742999076843	-12.085900718482
2.9790000915527	-11.958864922637
2.9837000370026	-11.832603264816
2.9883999824524	-11.706928832347
2.9930999279022	-11.582390456827
2.9978001117706	-11.460060571434
3.0025000572205	-11.341176097369
3.0072000026703	-11.226756606287
3.0118999481201	-11.117268242043
3.0165998935699	-11.012496516038
3.0213000774384	-10.911615069603
3.0260000228882	-10.813428982463
3.0306999683380	-10.716752648330
3.0353999137878	-10.620751695407
3.0401000976562	-10.525193805853
3.0448000431061	-10.430500497901
3.0494999885559	-10.337578098218
3.0541999340057	-10.247539720217
3.0589001178741	-10.161327494549
3.0636000633240	-10.079430449959
3.0683000087738	-10.001729278052
3.0729999542236	-9.9275362102327
3.0776998996735	-9.8558082056953
3.0824000835419	-9.7854690168238
3.0871000289917	-9.7157324320432
3.0917999744415	-9.6463354643854
3.0964999198914	-9.5776106527813
3.1012001037598	-9.5103579002630
3.1059000492096	-9.4455822723321
3.1105999946594	-9.3841693183556
3.1152999401093	-9.3265990917828
3.1199998855591	-9.2728098384918
3.1247000694275	-9.2222031283402
3.1294000148773	-9.1738359294286
3.1340999603271	-9.1267095008921
3.1387999057770	-9.0800776621398
3.1435000896454	-9.0336672414937
3.1482000350952	-8.9877590273604
3.1528999805450	-8.9430770283335
3.1575999259949	-8.9005522514310
3.1623001098633	-8.8610215346477
3.1670000553131	-8.8249559793996
3.1717000007629	-8.7923025332219
3.1763999462128	-8.7625168938550
3.1810998916626	-8.7347031275700
3.1858000755310	-8.7079076205099
3.1905000209808	-8.6814037485360
3.1951999664307	-8.6549072986679
3.1998999118805	-8.6286653203540
3.2046000957489	-8.6033539495069
3.2093000411987	-8.5798558321881
3.2139999866486	-8.5589617653264
3.2186999320984	-8.5411167507986
3.2234001159668	-8.5262669413060
3.2281000614166	-8.5138522637113
3.2328000068665	-8.5029813076809
3.2374999523163	-8.4926925623122
3.2421998977661	-8.4822412602858
3.2469000816345	-8.4713057162792
3.2516000270844	-8.4600932275581
3.2562999725342	-8.4492223784784
3.2609999179840	-8.4395128131492
3.2657001018524	-8.4316907203974
3.2704000473022	-8.4261252533089
3.2750999927521	-8.4226774864417
3.2797999382019	-8.4207110385092
3.2844998836517	-8.4192499193271
3.2892000675201	-8.4172486289508
3.2939000129700	-8.4138859129752
3.2985999584198	-8.4087752308434
3.3032999038696	-8.4020440188632
3.3080000877380	-8.3942243208234
3.3127000331879	-8.3860250452199
3.3173999786377	-8.3780236048294
3.3220999240875	-8.3704199824220
3.3268001079559	-8.3628778610686
3.3315000534058	-8.3545603821936
3.3361999988556	-8.3443138683959
3.3408999443054	-8.3309473965378
3.3455998897552	-8.3135484960833
3.3503000736237	-8.2916709858568
3.3550000190735	-8.2654057041455
3.3596999645233	-8.2352440004742
3.3643999099731	-8.2018182441905
3.3691000938416	-8.1656032492244
3.3738000392914	-8.1266579908766
3.3784999847412	-8.0845260757816
3.3831999301910	-8.0383058704298
3.3879001140594	-7.9868828707069
3.3926000595093	-7.9292313788105
3.3973000049591	-7.8647065226609
3.4019999504089	-7.7932290048002
3.4066998958588	-7.7152716344527
3.4114000797272	-7.6316975765059
3.4161000251770	-7.5434718803701
3.4207999706268	-7.4513671383709
3.4254999160767	-7.3557624728653
3.4302000999451	-7.2565975282204
3.4349000453949	-7.1534681670627
3.4395999908447	-7.0458822452597
3.4442999362946	-6.9335353719322
3.4489998817444	-6.8165312633202
3.4537000656128	-6.6954831534130
3.4584000110626	-6.5714482468375
3.4630999565125	-6.4457187376792
3.4677999019623	-6.3195693421669
3.4725000858307	-6.1940057111323
3.4772000312805	-6.0696122700562
3.4818999767303	-5.9465523232463
3.4865999221802	-5.8246908369467
3.4913001060486	-5.7037908939845
3.4960000514984	-5.5837560315342
3.5006999969482	-5.4647800930707
3.5053999423981	-5.3474146029034
3.5100998878479	-5.2324988512270
3.5148000717163	-5.1209851569763
3.5195000171661	-5.0137457954114
3.5241999626160	-4.9113678316707
3.5288999080658	-4.8140676853748
3.5336000919342	-4.7216897194454
3.5383000373840	-4.6338101446236
3.5429999828339	-4.5499233253771
3.5476999282837	-4.4696150850128
3.5524001121521	-4.3927193088305
3.5571000576019	-4.3193679790284
3.5618000030518	-4.2499456761500
3.5664999485016	-4.1849610395938
3.5711998939514	-4.1248712789916
3.5759000778198	-4.0699372134044
3.5806000232697	-4.0201185962787
3.5852999687195	-3.9750724289198
3.5899999141693	-3.9342339807110
3.5947000980377	-3.8969616983655
3.5994000434875	-3.8627069214787
3.6040999889374	-3.8311389144415
3.6087999343872	-3.8022162276670
3.6135001182556	-3.7761533858652
3.6182000637054	-3.7533189100745
3.6229000091553	-3.7340816295880
3.6275999546051	-3.7186667431199
3.6322999000549	-3.7070415468028
3.6370000839233	-3.6989097336684
3.6417000293732	-3.6937588203453
3.6463999748230	-3.6909928817490
3.6510999202728	-3.6900780370939
3.6558001041412	-3.6906834083479
3.6605000495911	-3.6927522823434
3.6651999950409	-3.6964908096532
3.6698999404907	-3.7022747185472
3.6745998859406	-3.7105170786320
3.6793000698090	-3.7215088346087
3.6840000152588	-3.7353145954194
3.6886999607086	-3.7517317776700
3.6933999061584	-3.7703332278702
3.6981000900269	-3.7905787138697
3.7028000354767	-3.8119713085189
3.7074999809265	-3.8341945170411
3.7121999263763	-3.8571910151384
3.7169001102448	-3.8811813306227
3.7216000556946	-3.9065790843606
3.7263000011444	-3.9338501199773
3.7309999465942	-3.9633677721103
3.7356998920441	-3.9952772285651
3.7404000759125	-4.0294526056612
3.7451000213623	-4.0655195815255
3.7497999668121	-4.1029662869969
3.7544999122620	-4.1412903400167
3.7592000961304	-4.1801575250620
3.7639000415802	-4.2194966900562
3.7685999870300	-4.2595272508781
3.7732999324799	-4.3006855678038
3.7780001163483	-4.3434894197749
3.7827000617981	-4.3883749291568
3.7874000072479	-4.4355538336016
3.7920999526978	-4.4849437247162
3.7967998981476	-4.5361849602993
3.8015000820160	-4.5887502625671
3.8062000274658	-4.6420933207812
3.8108999729156	-4.6958293816459
3.8155999183655	-4.7498469855746
3.8203001022339	-4.8043516221106
3.8250000476837	-4.8597973963340
3.8296999931335	-4.9167443683248
3.8343999385834	-4.9756810515635
3.8390998840332	-5.0368577682786
3.8438000679016	-5.1001964181902
3.8485000133514	-5.1652957875759
3.8531999588013	-5.2315444147610
3.8578999042511	-5.2982900409375
3.8626000881195	-5.3650371626704
3.8673000335693	-5.4315915626512
3.8719999790192	-5.4981157717319
3.8766999244690	-5.5650663919309
3.8814001083374	-5.6330381346123
3.8861000537872	-5.7025501009008
3.8907999992371	-5.7738606116616
3.8954999446869	-5.8468469614548
3.9001998901367	-5.9210073009704
3.9049000740051	-5.9955789182810
3.9096000194550	-6.0697422333951
3.9142999649048	-6.1428488516241
3.9189999103546	-6.2146016076861
3.9237000942230	-6.2851219420284
3.9284000396729	-6.3548804330805
3.9330999851227	-6.4245114890307
3.9377999305725	-6.4945721070078
3.9425001144409	-6.5653036193557
3.9472000598907	-6.6365135903587
3.9519000053406	-6.7075690298576
3.9565999507904	-6.7775505331522
3.9612998962402	-6.8455012395058
3.9660000801086	-6.9106915218123
3.9707000255585	-6.9728347289854
3.9753999710083	-7.0321472760199
3.9800999164581	-7.0892582785866
3.9848001003265	-7.1449760615606
3.9895000457764	-7.1999923972185
3.9941999912262	-7.2546306812271
3.9988999366760	-7.3087033477714
4.0036001205444	-7.3615466136727
4.0082998275757	-7.4122159647849
4.0130000114441	-7.4597807993387
4.0177001953125	-7.5036359282118
4.0223999023438	-7.5437103896599
4.0271000862122	-7.5805180400902
4.0317997932434	-7.6150034926959
4.0364999771118	-7.6482650645474
4.0412001609802	-7.6812106296161
4.0458998680115	-7.7142922161430
4.0506000518799	-7.7473828093527
4.0553002357483	-7.7798427988369
4.0599999427795	-7.8107610101950
4.0647001266479	-7.8392874053766
4.0693998336792	-7.8649637794283
4.0741000175476	-7.8879166373737
4.0788002014160	-7.9088801467865
4.0834999084473	-7.9290022794030
4.0882000923157	-7.9495211117443
4.0928997993469	-7.9714145229635
4.0975999832153	-7.9951286480190
4.1023001670837	-8.0204730117380
4.1069998741150	-8.0467216326643
4.1117000579834	-8.0728835265355
4.1163997650146	-8.0980594789306
4.1210999488831	-8.1217779267059
4.1258001327515	-8.1441933551917
4.1304998397827	-8.1660764817456
4.1352000236511	-8.1886083643790
4.1399002075195	-8.2130296320188
4.1445999145508	-8.2402731510558
4.1493000984192	-8.2706916970176
4.1539998054504	-8.3039577088200
4.1586999893188	-8.3391815129898
4.1634001731873	-8.3752034275470
4.1680998802185	-8.4109806614319
4.1728000640869	-8.4459384981945
4.1774997711182	-8.4801838090541
4.1821999549866	-8.5144884365289
4.1869001388550	-8.5500609754444
4.1915998458862	-8.5881707876880
4.1963000297546	-8.6297454787576
4.2010002136230	-8.6750724077800
4.2056999206543	-8.7236905610058
4.2104001045227	-8.7745162218204
4.2150998115540	-8.8261662465057
4.2197999954224	-8.8773812388349
4.2245001792908	-8.9274273022959
4.2291998863220	-8.9763279679490
4.2339000701904	-9.0248566541912
4.2385997772217	-9.0742781192300
4.2432999610901	-9.1259258238489
4.2480001449585	-9.1807428355011
4.2526998519897	-9.2389427614562
4.2574000358582	-9.2998817050156
4.2621002197266	-9.3621977292356
4.2667999267578	-9.4241828145987
4.2715001106262	-9.4842734897158
4.2761998176575	-9.5415135725380
4.2809000015259	-9.5958260595407
4.2856001853943	-9.6480026649353
4.2902998924255	-9.6994041206634
4.2950000762939	-9.7514606097000
4.2996997833252	-9.8051536795499
4.3043999671936	-9.8606262774012
4.3091001510620	-9.9170647440950
4.3137998580933	-9.9728812693489
4.3185000419617	-10.026173336132
4.3232002258301	-10.075302063838
4.3278999328613	-10.119428956596
4.3326001167297	-10.158814739457
4.3372998237610	-10.194777521397
4.3420000076294	-10.229319441515
4.3467001914978	-10.264554360635
4.3513998985291	-10.302116077921
4.3561000823975	-10.342742428109
4.3607997894287	-10.386155520927
4.3654999732971	-10.431271232901
4.3702001571655	-10.476679217377
4.3748998641968	-10.521246167604
4.3796000480652	-10.564652776085
4.3843002319336	-10.607672998244
4.3889999389648	-10.652110696561
4.3937001228333	-10.700393559794
4.3983998298645	-10.754974103792
4.4031000137329	-10.817693559407
4.4078001976013	-10.889328215418
4.4124999046326	-10.969416205110
4.4172000885010	-11.056431354604
4.4218997955322	-11.148272321641
4.4265999794006	-11.242919834496
4.4313001632690	-11.339092507150
4.4359998703003	-11.436687948714
4.4407000541687	-11.536846790137
4.4454002380371	-11.641622838179
4.4500999450684	-11.753355184302
4.4548001289368	-11.873929873180
4.4594998359680	-12.004154506023
4.4642000198364	-12.143425691597
4.4689002037048	-12.289809623957
4.4735999107361	-12.440526862376
4.4783000946045	-12.592720582605
4.4829998016357	-12.744334896961
4.4876999855042	-12.894771456641
4.4924001693726	-13.045142895700
4.4970998764038	-13.197954819996
4.5018000602722	-13.356375521933
4.5064997673035	-13.523250325881
4.5111999511719	-13.700215030064
4.5159001350403	-13.887094150853
4.5205998420715	-14.081854657000
4.5253000259399	-14.281080122830
4.5300002098083	-14.480915954431
4.5346999168396	-14.678261648021
4.5394001007080	-14.871777848099
4.5440998077393	-15.062438432209
4.5487999916077	-15.253287077703
4.5535001754761	-15.448593061180
4.5581998825073	-15.652558539859
4.5629000663757	-15.868011150331
4.5675997734070	-16.095468899864
4.5722999572754	-16.332792945397
4.5770001411438	-16.575608253589
4.5816998481750	-16.818366453658
4.5864000320435	-17.055935025879
4.5911002159119	-17.285127373397
4.5957999229431	-17.505755673441
4.6005001068115	-17.720711594357
4.6051998138428	-17.935031730065
4.6098999977112	-18.154310520751
4.6146001815796	-18.382856374210
4.6192998886108	-18.622167480470
4.6240000724792	-18.870127232804
4.6286997795105	-19.121071027297
4.6333999633789	-19.366827282190
4.6381001472473	-19.598567334373
4.6427998542786	-19.809003809969
4.6475000381470	-19.994309727573
4.6522002220154	-20.154973001980
4.6568999290466	-20.295297203097
4.6616001129150	-20.421667279773
4.6662998199463	-20.540289880438
4.6710000038147	-20.655042443020
4.6757001876831	-20.765988386996
4.6803998947144	-20.868915028265
4.6851000785828	-20.955926624266
4.6897997856140	-21.017195473463
4.6944999694824	-21.043429484003
4.6992001533508	-21.028632957945
4.7038998603821	-20.971985081187
4.7086000442505	-20.878376905758
4.7133002281189	-20.757101127179
4.7179999351501	-20.619408256711
4.7227001190186	-20.475663968035
4.7273998260498	-20.332986673319
4.7321000099182	-20.193852529081
4.7368001937866	-20.055890990938
4.7414999008179	-19.912903748576
4.7462000846863	-19.756921921345
4.7508997917175	-19.580950289135
4.7555999755859	-19.381549929750
4.7603001594543	-19.160368910150
4.7649998664856	-18.923993915749
4.7697000503540	-18.682204584302
4.7744002342224	-18.445285380977
4.7790999412537	-18.221380253547
4.7838001251221	-18.014574199054
4.7884998321533	-17.824119043171
4.7932000160217	-17.644880993958
4.7979001998901	-17.468932600953
4.8025999069214	-17.287948119253
4.8073000907898	-17.095858932314
4.8119997978210	-16.890810927416
4.8166999816895	-16.675823562886
4.8214001655579	-16.457774650911
4.8260998725891	-16.245216198091
4.8308000564575	-16.045805372091
4.8354997634888	-15.864165334800
4.8401999473572	-15.700712281259
4.8449001312256	-15.551642419138
4.8495998382568	-15.410076866308
4.8543000221252	-15.268078945805
4.8590002059937	-15.119097932293
4.8636999130249	-14.960022858480
4.8684000968933	-14.792177263292
4.8730998039246	-14.620811801323
4.8777999877930	-14.453364451526
4.8825001716614	-14.297082798480
4.8871998786926	-14.156891653793
4.8919000625610	-14.034015588415
4.8965997695923	-13.925688710383
4.9012999534607	-13.826001665661
4.9060001373291	-13.727639866219
4.9106998443604	-13.624132020065
4.9154000282288	-13.511913798932
4.9201002120972	-13.391493673001
4.9247999191284	-13.267261645704
4.9295001029968	-13.146040136549
4.9341998100281	-13.034883873941
4.9388999938965	-12.938963045744
4.9436001777649	-12.860082418683
4.9482998847961	-12.796196431847
4.9530000686646	-12.742048816730
4.9576997756958	-12.690728457141
4.9623999595642	-12.635803189215
4.9671001434326	-12.573421821978
4.9717998504639	-12.503612222207
4.9765000343323	-12.430335936228
4.9812002182007	-12.360199051502
4.9858999252319	-12.300376196882
4.9906001091003	-12.256410778496
4.9952998161316	-12.230608159525
5.0000000000000	-12.221360524918
#Parameters = {R_fat=48; R_glandular=38; R_skin_outer=50; T10=5; T15=7.5; T5=2.5; T_rad=4; T_x=10; T_y=0; T_z=75; Zc=65; skin_thickness=2; Mesh Pass=3}
#"Frequency / GHz"	"S1,1 (Mesh Pass=3) [Magnitude / dB]"
#-------------------------------------------------------
0.30000001192093	-9.8486796362988
0.30469998717308	-10.242509284374
0.30939999222755	-10.680568541318
0.31409999728203	-11.053908774980
0.31880000233650	-11.243186258440
0.32350000739098	-11.183068274674
0.32820001244545	-10.916175039067
0.33289998769760	-10.572380151915
0.33759999275208	-10.299251148887
0.34229999780655	-10.215604906168
0.34700000286102	-10.406516823170
0.35170000791550	-10.939667505109
0.35640001296997	-11.886790104999
0.36109998822212	-13.341466817984
0.36579999327660	-15.398398432918
0.37049999833107	-17.843110554929
0.37520000338554	-18.817217809546
0.37990000844002	-16.524916395053
0.38460001349449	-13.424702255438
0.38929998874664	-10.881111459097
0.39399999380112	-8.9792503607030
0.39869999885559	-7.6196175543730
0.40340000391006	-6.7101489588179
0.40810000896454	-6.1770912150704
0.41280001401901	-5.9589090772166
0.41749998927116	-6.0023935692051
0.42219999432564	-6.2599847591666
0.42689999938011	-6.6856259337695
0.43160000443459	-7.2277509456428
0.43630000948906	-7.8203122506900
0.44100001454353	-8.3774089712437
0.44569998979568	-8.8034884769703
0.45039999485016	-9.0278763358971
0.45509999990463	-9.0449072925194
0.45980000495911	-8.9182995472007
0.46450001001358	-8.7423074476934
0.46919998526573	-8.5985654917857
0.47389999032021	-8.5366714980937
0.47859999537468	-8.5743232472018
0.48330000042915	-8.7037746769280
0.48800000548363	-8.8977323780536
0.49270001053810	-9.1144786008297
0.49739998579025	-9.3054556069247
0.50209999084473	-9.4279248367252
0.50679999589920	-9.4600493925528
0.51150000095367	-9.4094687523180
0.51620000600815	-9.3083459652297
0.52090001106262	-9.1984050722412
0.52560001611710	-9.1160346246381
0.53030002117157	-9.0838231885949
0.53500002622604	-9.1083041471050
0.53969997167587	-9.1811534236785
0.54439997673035	-9.2820779673365
0.54909998178482	-9.3833647488113
0.55379998683929	-9.4567113392512
0.55849999189377	-9.4816328689645
0.56319999694824	-9.4523427130074
0.56790000200272	-9.3792341757780
0.57260000705719	-9.2839702828777
0.57730001211166	-9.1911745488503
0.58200001716614	-9.1209742561787
0.58670002222061	-9.0845957165964
0.59140002727509	-9.0829713937967
0.59609997272491	-9.1074789545155
0.60079997777939	-9.1423057850312
0.60549998283386	-9.1683646988752
0.61019998788834	-9.1684939146286
0.61489999294281	-9.1326353443240
0.61959999799728	-9.0609117972262
0.62430000305176	-8.9630436866863
0.62900000810623	-8.8544636516847
0.63370001316071	-8.7511627897775
0.63840001821518	-8.6653088464548
0.64310002326965	-8.6026672074228
0.64780002832413	-8.5618313444225
0.65249997377396	-8.5349696961642
0.65719997882843	-8.5099017663902
0.66189998388290	-8.4732880756356
0.66659998893738	-8.4143901347096
0.67129999399185	-8.3282598511817
0.67599999904633	-8.2170780013856
0.68070000410080	-8.0890947403908
0.68540000915527	-7.9557219240009
0.69010001420975	-7.8280784592203
0.69480001926422	-7.7141337780491
0.69950002431870	-7.6170213126077
0.70420002937317	-7.5346070418862
0.70889997482300	-7.4602071801956
0.71359997987747	-7.3843733496205
0.71829998493195	-7.2974510651522
0.72299998998642	-7.1923342931133
0.72769999504089	-7.0665475417997
0.73240000009537	-6.9228607699134
0.73710000514984	-6.7682399793268
0.74180001020432	-6.6116288448620
0.74650001525879	-6.4614376271370
0.75120002031326	-6.3234493393827
0.75590002536774	-6.1995590565978
0.76059997081757	-6.0874856569352
0.76529997587204	-5.9814270004909
0.76999998092651	-5.8736245751729
0.77469998598099	-5.7564951882109
0.77939999103546	-5.6248432864749
0.78409999608994	-5.4773881243614
0.78880000114441	-5.3171132907780
0.79350000619888	-5.1502960724995
0.79820001125336	-4.9846769337448
0.80290001630783	-4.8273716867881
0.80760002136230	-4.6831084912773
0.81230002641678	-4.5531270071870
0.81699997186661	-4.4349285060525
0.82169997692108	-4.3229251287447
0.82639998197556	-4.2099383476545
0.83109998703003	-4.0892161672981
0.83579999208450	-3.9564537547440
0.84049999713898	-3.8111367402874
0.84520000219345	-3.6567441292309
0.84990000724792	-3.4997569604991
0.85460001230240	-3.3478653372233
0.85930001735687	-3.2079187453436
0.86400002241135	-3.0841790567091
0.86870002746582	-2.9772295461906
0.87339997291565	-2.8837730228044
0.87809997797012	-2.7974293550784
0.88279998302460	-2.7104651974839
0.88749998807907	-2.6160395944668
0.89219999313354	-2.5103495778182
0.89689999818802	-2.3939572705981
0.90160000324249	-2.2717784277664
0.90630000829697	-2.1517873794312
0.91100001335144	-2.0428394072336
0.91570001840591	-1.9523203577171
0.92040002346039	-1.8841448235021
0.92510002851486	-1.8376520991189
0.92979997396469	-1.8076163623196
0.93449997901917	-1.7855357176001
0.93919998407364	-1.7620159069623
0.94389998912811	-1.7297044321383
0.94859999418259	-1.6858777014031
0.95329999923706	-1.6337567390038
0.95800000429153	-1.5820355642140
0.96270000934601	-1.5427595470103
0.96740001440048	-1.5282581557267
0.97210001945496	-1.5480275858058
0.97680002450943	-1.6063784565347
0.98150002956390	-1.7013584589010
0.98619997501373	-1.8253576000625
0.99089998006821	-1.9674581095903
0.99559998512268	-2.1173593240270
1.0003000497818	-2.2700559818132
1.0049999952316	-2.4299807028781
1.0096999406815	-2.6131183775228
1.0144000053406	-2.8463822909661
1.0190999507904	-3.1648202144229
1.0238000154495	-3.6082604487092
1.0284999608994	-4.2193751448665
1.0332000255585	-5.0449495717835
1.0378999710083	-6.1420665724738
1.0426000356674	-7.5921837166372
1.0472999811172	-9.5307927094406
1.0520000457764	-12.215440701551
1.0566999912262	-16.188101304919
1.0614000558853	-21.939247488619
1.0661000013351	-20.523692358310
1.0707999467850	-14.946923599287
1.0755000114441	-11.247544757853
1.0801999568939	-8.6790252858184
1.0849000215530	-6.7881374034436
1.0895999670029	-5.3567229572702
1.0943000316620	-4.2665398079523
1.0989999771118	-3.4436791647213
1.1037000417709	-2.8339641610916
1.1083999872208	-2.3915449034778
1.1131000518799	-2.0743718376263
1.1177999973297	-1.8437704202572
1.1224999427795	-1.6663029629394
1.1272000074387	-1.5164031547784
1.1318999528885	-1.3782426444620
1.1366000175476	-1.2458299194250
1.1412999629974	-1.1210410208361
1.1460000276566	-1.0102163294493
1.1506999731064	-0.92041937941145
1.1554000377655	-0.85641396124565
1.1600999832153	-0.81894821620629
1.1648000478745	-0.80446695119580
1.1694999933243	-0.80608162092826
1.1742000579834	-0.81533712231852
1.1789000034332	-0.82433330186187
1.1835999488831	-0.82757889629812
1.1883000135422	-0.82311831059026
1.1929999589920	-0.81257446558085
1.1977000236511	-0.80017721652258
1.2023999691010	-0.79115380439071
1.2071000337601	-0.79002117614989
1.2117999792099	-0.79931089715830
1.2165000438690	-0.81898804125552
1.2211999893188	-0.84661698795264
1.2259000539780	-0.87820101921129
1.2305999994278	-0.90933896989377
1.2352999448776	-0.93646095502952
1.2400000095367	-0.95774960542289
1.2446999549866	-0.97351581157792
1.2494000196457	-0.98592028879668
1.2540999650955	-0.99818542135864
1.2588000297546	-1.0135680624048
1.2634999752045	-1.0344133126374
1.2682000398636	-1.0615529064721
1.2728999853134	-1.0941817131694
1.2776000499725	-1.1301874466093
1.2822999954224	-1.1668245228598
1.2869999408722	-1.2015139604397
1.2917000055313	-1.2325690416230
1.2963999509811	-1.2596157135031
1.3011000156403	-1.2836264466966
1.3057999610901	-1.3065526898870
1.3105000257492	-1.3306968896697
1.3151999711990	-1.3580377055126
1.3199000358582	-1.3896974244204
1.3245999813080	-1.4256864381298
1.3293000459671	-1.4649780756170
1.3339999914169	-1.5058643123905
1.3387000560760	-1.5464738848352
1.3434000015259	-1.5853199107439
1.3480999469757	-1.6217082514119
1.3528000116348	-1.6559055167846
1.3574999570847	-1.6890204543862
1.3622000217438	-1.7226510460627
1.3668999671936	-1.7584163600447
1.3716000318527	-1.7975182218771
1.3762999773026	-1.8404366307567
1.3810000419617	-1.8868585550900
1.3856999874115	-1.9358269466913
1.3904000520706	-1.9860471272353
1.3950999975204	-2.0362837977999
1.3997999429703	-2.0857256305972
1.4045000076294	-2.1342080733431
1.4091999530792	-2.1822573337801
1.4139000177383	-2.2309284969716
1.4185999631882	-2.2815168405675
1.4233000278473	-2.3352033221124
1.4279999732971	-2.3927658164787
1.4327000379562	-2.4544196734262
1.4373999834061	-2.5198031376483
1.4421000480652	-2.5881408043944
1.4467999935150	-2.6584956709646
1.4515000581741	-2.7300691942387
1.4562000036240	-2.8024405103213
1.4608999490738	-2.8757191404925
1.4656000137329	-2.9505245317523
1.4702999591827	-3.0278415723886
1.4750000238419	-3.1087790824899
1.4796999692917	-3.1943159270378
1.4844000339508	-3.2850749238292
1.4890999794006	-3.3812189911642
1.4938000440598	-3.4824710819924
1.4984999895096	-3.5882371824842
1.5032000541687	-3.6978269820194
1.5078999996185	-3.8106864187996
1.5125999450684	-3.9266008001171
1.5173000097275	-4.0458007424080
1.5219999551773	-4.1689524659572
1.5267000198364	-4.2970316613678
1.5313999652863	-4.4311173387214
1.5361000299454	-4.5721684120820
1.5407999753952	-4.7208253886869
1.5455000400543	-4.8773114957644
1.5501999855042	-5.0414284692382
1.5549000501633	-5.2126741313047
1.5595999956131	-5.3904327966690
1.5642999410629	-5.5742100062240
1.5690000057220	-5.7638359795889
1.5736999511719	-5.9595937751815
1.5784000158310	-6.1622251545062
1.5830999612808	-6.3728268969923
1.5878000259399	-6.5926306854089
1.5924999713898	-6.8227646970590
1.5972000360489	-7.0640265475177
1.6018999814987	-7.3167373643807
1.6066000461578	-7.5807256168180
1.6112999916077	-7.8554377440320
1.6160000562668	-8.1401680845637
1.6207000017166	-8.4343513840677
1.6253999471664	-8.7378436017080
1.6301000118256	-9.0511135146547
1.6347999572754	-9.3752827404103
1.6395000219345	-9.7119920274442
1.6441999673843	-10.063133758070
1.6489000320435	-10.430504346760
1.6535999774933	-10.815473044411
1.6583000421524	-11.218769953071
1.6629999876022	-11.640442174487
1.6677000522614	-12.080032698989
1.6723999977112	-12.536945804541
1.6770999431610	-13.010938160645
1.6818000078201	-13.502613291574
1.6864999532700	-14.013769089283
1.6912000179291	-14.547513711865
1.6958999633789	-15.108072519948
1.7006000280380	-15.700356776472
1.7052999734879	-16.329395185572
1.7100000381470	-16.999792827274
1.7146999835968	-17.715377971881
1.7194000482559	-18.479202413813
1.7240999937057	-19.293967982231
1.7288000583649	-20.162926621366
1.7335000038147	-21.091162971950
1.7381999492645	-22.087012207840
1.7429000139236	-23.163220953351
1.7475999593735	-24.337167880507
1.7523000240326	-25.629034053132
1.7569999694824	-27.055107115074
1.7617000341415	-28.608954365941
1.7663999795914	-30.213737539117
1.7711000442505	-31.629245833029
1.7757999897003	-32.405860711172
1.7805000543594	-32.200419916414
1.7851999998093	-31.215972993046
1.7898999452591	-29.921320081468
1.7946000099182	-28.618109088473
1.7992999553680	-27.417283686843
1.8040000200272	-26.338859772636
1.8086999654770	-25.372336933083
1.8134000301361	-24.501253215628
1.8180999755859	-23.711497269127
1.8228000402451	-22.993185587493
1.8274999856949	-22.339944327173
1.8322000503540	-21.747462462475
1.8368999958038	-21.211997545926
1.8415999412537	-20.729356822947
1.8463000059128	-20.294406721373
1.8509999513626	-19.901090600978
1.8557000160217	-19.542911169281
1.8603999614716	-19.213566812997
1.8651000261307	-18.907712974830
1.8697999715805	-18.621489731684
1.8745000362396	-18.352757576764
1.8791999816895	-18.100954684683
1.8839000463486	-17.866586384612
1.8885999917984	-17.650584388925
1.8933000564575	-17.453641307725
1.8980000019073	-17.275729821902
1.9026999473572	-17.115878800029
1.9074000120163	-16.972252846604
1.9120999574661	-16.842475696353
1.9168000221252	-16.724088134370
1.9214999675751	-16.615058094117
1.9262000322342	-16.514136569744
1.9308999776840	-16.421039423559
1.9356000423431	-16.336349534270
1.9402999877930	-16.261202576615
1.9450000524521	-16.196876368119
1.9496999979019	-16.144348624406
1.9543999433517	-16.103988196103
1.9591000080109	-16.075423921648
1.9637999534607	-16.057623510984
1.9685000181198	-16.049138453494
1.9731999635696	-16.048464926228
1.9779000282288	-16.054418564413
1.9825999736786	-16.066408526437
1.9873000383377	-16.084568204294
1.9919999837875	-16.109676977197
1.9967000484467	-16.142924988421
2.0013999938965	-16.185567094738
2.0060999393463	-16.238591371739
2.0107998847961	-16.302450679306
2.0155000686646	-16.376946757844
2.0202000141144	-16.461276463761
2.0248999595642	-16.554228219214
2.0295999050140	-16.654475167590
2.0343000888824	-16.760895241289
2.0390000343323	-16.872832142743
2.0436999797821	-16.990212441213
2.0483999252319	-17.113518317766
2.0531001091003	-17.243583864951
2.0578000545502	-17.381298060869
2.0625000000000	-17.527277434435
2.0671999454498	-17.681572408048
2.0718998908997	-17.843521365360
2.0766000747681	-18.011696784659
2.0813000202179	-18.184062221527
2.0859999656677	-18.358187158941
2.0906999111176	-18.531575409665
2.0954000949860	-18.701908032603
2.1001000404358	-18.867290431883
2.1047999858856	-19.026256946039
2.1094999313354	-19.177697589398
2.1142001152039	-19.320638864636
2.1189000606537	-19.453977403505
2.1236000061035	-19.576218306296
2.1282999515533	-19.685350502937
2.1329998970032	-19.778844553946
2.1377000808716	-19.853793096013
2.1424000263214	-19.907233400625
2.1470999717712	-19.936531760570
2.1517999172211	-19.939800974316
2.1565001010895	-19.916214858387
2.1612000465393	-19.866152160463
2.1658999919891	-19.791199430479
2.1705999374390	-19.693903494041
2.1752998828888	-19.577402488440
2.1800000667572	-19.445016996619
2.1847000122070	-19.299825058535
2.1893999576569	-19.144399581539
2.1940999031067	-18.980669283846
2.1988000869751	-18.809957610160
2.2035000324249	-18.633158944111
2.2081999778748	-18.451033811672
2.2128999233246	-18.264442283898
2.2176001071930	-18.074611562125
2.2223000526428	-17.883151459285
2.2269999980927	-17.692027549184
2.2316999435425	-17.503335340823
2.2363998889923	-17.319048694893
2.2411000728607	-17.140728082348
2.2458000183105	-16.969339185634
2.2504999637604	-16.805174978865
2.2551999092102	-16.647931536942
2.2599000930786	-16.496896011406
2.2646000385284	-16.351228673721
2.2692999839783	-16.210230206295
2.2739999294281	-16.073579469506
2.2787001132965	-15.941436407184
2.2834000587463	-15.814390201556
2.2881000041962	-15.693310341513
2.2927999496460	-15.579113558306
2.2974998950958	-15.472504849554
2.3022000789642	-15.373782909485
2.3069000244141	-15.282777158450
2.3115999698639	-15.198862941450
2.3162999153137	-15.121145096315
2.3210000991821	-15.048663495139
2.3257000446320	-14.980635260385
2.3303999900818	-14.916641002660
2.3350999355316	-14.856712650744
2.3397998809814	-14.801278222396
2.3445000648499	-14.751023154735
2.3492000102997	-14.706668694316
2.3538999557495	-14.668758106171
2.3585999011993	-14.637485766372
2.3633000850677	-14.612638593196
2.3680000305176	-14.593639239270
2.3726999759674	-14.579689699436
2.3773999214172	-14.569987041327
2.3821001052856	-14.563906382992
2.3868000507355	-14.561185227126
2.3914999961853	-14.561959252327
2.3961999416351	-14.566716116558
2.4008998870850	-14.576135997502
2.4056000709534	-14.590912933406
2.4103000164032	-14.611535898635
2.4149999618530	-14.638170616581
2.4196999073029	-14.670592933892
2.4244000911713	-14.708273547392
2.4291000366211	-14.750498422015
2.4337999820709	-14.796584942693
2.4384999275208	-14.846056066557
2.4432001113892	-14.898784862960
2.4479000568390	-14.955016807655
2.4526000022888	-15.015316042107
2.4572999477386	-15.080397852869
2.4619998931885	-15.150942523166
2.4667000770569	-15.227425277499
2.4714000225067	-15.309963187557
2.4760999679565	-15.398305060674
2.4807999134064	-15.491903114769
2.4855000972748	-15.590054124128
2.4902000427246	-15.692090047151
2.4948999881744	-15.797577453210
2.4995999336243	-15.906416153222
2.5043001174927	-16.018875637526
2.5090000629425	-16.135522636697
2.5137000083923	-16.257052301381
2.5183999538422	-16.384079203664
2.5230998992920	-16.516969956311
2.5278000831604	-16.655706828600
2.5325000286102	-16.799854577363
2.5371999740601	-16.948633891372
2.5418999195099	-17.101071107782
2.5466001033783	-17.256195296532
2.5513000488281	-17.413220278715
2.5559999942780	-17.571667895782
2.5606999397278	-17.731395743282
2.5653998851776	-17.892513505785
2.5701000690460	-18.055206519314
2.5748000144958	-18.219520987231
2.5794999599457	-18.385156937878
2.5841999053955	-18.551318911431
2.5889000892639	-18.716667554072
2.5936000347137	-18.879379936496
2.5982999801636	-19.037302277402
2.6029999256134	-19.188168912645
2.6077001094818	-19.329824283202
2.6124000549316	-19.460397122740
2.6171000003815	-19.578396829201
2.6217999458313	-19.682685208551
2.6264998912811	-19.772370796864
2.6312000751495	-19.846661864771
2.6359000205994	-19.904687389882
2.6405999660492	-19.945401974948
2.6452999114990	-19.967560044702
2.6500000953674	-19.969822620291
2.6547000408173	-19.950899600516
2.6593999862671	-19.909803152985
2.6640999317169	-19.846068568324
2.6688001155853	-19.759924249133
2.6735000610352	-19.652348703129
2.6782000064850	-19.525014888180
2.6828999519348	-19.380124506444
2.6875998973846	-19.220099119344
2.6923000812531	-19.047362841237
2.6970000267029	-18.864064717343
2.7016999721527	-18.671916134693
2.7063999176025	-18.472189344482
2.7111001014709	-18.265760745996
2.7158000469208	-18.053285892011
2.7204999923706	-17.835375757449
2.7251999378204	-17.612786242772
2.7298998832703	-17.386526915424
2.7346000671387	-17.157861966055
2.7393000125885	-16.928224593208
2.7439999580383	-16.699049147191
2.7486999034882	-16.471594976291
2.7534000873566	-16.246783437488
2.7581000328064	-16.025117301522
2.7627999782562	-15.806658631782
2.7674999237061	-15.591163906225
2.7722001075745	-15.378220845847
2.7769000530243	-15.167444788843
2.7815999984741	-14.958634639743
2.7862999439240	-14.751871612326
2.7909998893738	-14.547518919733
2.7957000732422	-14.346142606013
2.8004000186920	-14.148355718158
2.8050999641418	-13.954668897145
2.8097999095917	-13.765351912437
2.8145000934601	-13.580372128426
2.8192000389099	-13.399409252872
2.8238999843597	-13.221946647655
2.8285999298096	-13.047411800555
2.8333001136780	-12.875335333687
2.8380000591278	-12.705462912232
2.8427000045776	-12.537810876955
2.8473999500275	-12.372635811225
2.8520998954773	-12.210346768955
2.8568000793457	-12.051356275041
2.8615000247955	-11.895964970597
2.8661999702454	-11.744247047940
2.8708999156952	-11.596037345566
2.8756000995636	-11.450951887464
2.8803000450134	-11.308509037865
2.8849999904633	-11.168241102579
2.8896999359131	-11.029824202813
2.8943998813629	-10.893152322865
2.8991000652313	-10.758351424190
2.9038000106812	-10.625720562609
2.9084999561310	-10.495631278733
2.9131999015808	-10.368413941211
2.9179000854492	-10.244238781386
2.9226000308990	-10.123072215713
2.9272999763489	-10.004680770200
2.9319999217987	-9.8886851614568
2.9367001056671	-9.7746831378533
2.9414000511169	-9.6623429451661
2.9460999965668	-9.5515045399752
2.9507999420166	-9.4422063430120
2.9554998874664	-9.3346683582215
2.9602000713348	-9.2292172166067
2.9649000167847	-9.1261817049533
2.9695999622345	-9.0257851638779
2.9742999076843	-8.9280846607841
2.9790000915527	-8.8329488671836
2.9837000370026	-8.7401017131930
2.9883999824524	-8.6491837884799
2.9930999279022	-8.5598804697735
2.9978001117706	-8.4719864769283
3.0025000572205	-8.3854748144338
3.0072000026703	-8.3004950994548
3.0118999481201	-8.2173079704977
3.0165998935699	-8.1362210114337
3.0213000774384	-8.0574751535388
3.0260000228882	-7.9811866900194
3.0306999683380	-7.9072967919797
3.0353999137878	-7.8355887914379
3.0401000976562	-7.7657625572771
3.0448000431061	-7.6975080772163
3.0494999885559	-7.6305969709258
3.0541999340057	-7.5649429544424
3.0589001178741	-7.5006242840970
3.0636000633240	-7.4378526196552
3.0683000087738	-7.3768963519739
3.0729999542236	-7.3180005751664
3.0776998996735	-7.2613044157888
3.0824000835419	-7.2068055279135
3.0871000289917	-7.1543469011702
3.0917999744415	-7.1036598674510
3.0964999198914	-7.0544537372196
3.1012001037598	-7.0064778270140
3.1059000492096	-6.9596102614374
3.1105999946594	-6.9138681107200
3.1152999401093	-6.8694147244628
3.1199998855591	-6.8264828306628
3.1247000694275	-6.7853163258793
3.1294000148773	-6.7460773475373
3.1340999603271	-6.7088009609489
3.1387999057770	-6.6733773258413
3.1435000896454	-6.6395764631265
3.1482000350952	-6.6071247931091
3.1528999805450	-6.5757620334681
3.1575999259949	-6.5453298646791
3.1623001098633	-6.5158074716414
3.1670000553131	-6.4873076745626
3.1717000007629	-6.4600390322260
3.1763999462128	-6.4342313921412
3.1810998916626	-6.4100639851363
3.1858000755310	-6.3876024364296
3.1905000209808	-6.3667742493533
3.1951999664307	-6.3473816343666
3.1998999118805	-6.3291589275754
3.2046000957489	-6.3118396164801
3.2093000411987	-6.2952330006249
3.2139999866486	-6.2792742455187
3.2186999320984	-6.2640257484032
3.2234001159668	-6.2496659208266
3.2281000614166	-6.2364005848132
3.2328000068665	-6.2244114409963
3.2374999523163	-6.2137801671173
3.2421998977661	-6.2044492091460
3.2469000816345	-6.1962369539473
3.2516000270844	-6.1888691513459
3.2562999725342	-6.1820535104119
3.2609999179840	-6.1755511382083
3.2657001018524	-6.1692314377177
3.2704000473022	-6.1630950133547
3.2750999927521	-6.1572515440300
3.2797999382019	-6.1518675508875
3.2844998836517	-6.1470843725976
3.2892000675201	-6.1429576811330
3.2939000129700	-6.1394059658420
3.2985999584198	-6.1362095096007
3.3032999038696	-6.1330439525994
3.3080000877380	-6.1295410051549
3.3127000331879	-6.1253713383082
3.3173999786377	-6.1202915126781
3.3220999240875	-6.1141875630999
3.3268001079559	-6.1070622225918
3.3315000534058	-6.0989731448541
3.3361999988556	-6.0899726441899
3.3408999443054	-6.0800313361269
3.3455998897552	-6.0689883319738
3.3503000736237	-6.0565424230334
3.3550000190735	-6.0422711219031
3.3596999645233	-6.0257112474841
3.3643999099731	-6.0064277277877
3.3691000938416	-5.9840809333483
3.3738000392914	-5.9584704107469
3.3784999847412	-5.9295326058066
3.3831999301910	-5.8972885560287
3.3879001140594	-5.8617924548931
3.3926000595093	-5.8230487038848
3.3973000049591	-5.7809679022221
3.4019999504089	-5.7353594362036
3.4066998958588	-5.6859551939826
3.4114000797272	-5.6324865810559
3.4161000251770	-5.5747545926478
3.4207999706268	-5.5127032069629
3.4254999160767	-5.4464595631337
3.4302000999451	-5.3763268228303
3.4349000453949	-5.3027431951763
3.4395999908447	-5.2262064144866
3.4442999362946	-5.1472122140013
3.4489998817444	-5.0661852858897
3.4537000656128	-4.9834706634986
3.4584000110626	-4.8993503256359
3.4630999565125	-4.8140847458389
3.4677999019623	-4.7279782027043
3.4725000858307	-4.6414272953345
3.4772000312805	-4.5549398485576
3.4818999767303	-4.4691299912036
3.4865999221802	-4.3846640173909
3.4913001060486	-4.3022034885259
3.4960000514984	-4.2223307430747
3.5006999969482	-4.1455013593914
3.5053999423981	-4.0720264007186
3.5100998878479	-4.0020810751160
3.5148000717163	-3.9357435152865
3.5195000171661	-3.8730595883875
3.5241999626160	-3.8140818337400
3.5288999080658	-3.7589195664934
3.5336000919342	-3.7077342676609
3.5383000373840	-3.6607248765619
3.5429999828339	-3.6180828615738
3.5476999282837	-3.5799442334198
3.5524001121521	-3.5463520004876
3.5571000576019	-3.5172309367117
3.5618000030518	-3.4923973461675
3.5664999485016	-3.4715968462120
3.5711998939514	-3.4545437391323
3.5759000778198	-3.4409837560560
3.5806000232697	-3.4307309573421
3.5852999687195	-3.4236815367624
3.5899999141693	-3.4198120542829
3.5947000980377	-3.4191460997191
3.5994000434875	-3.4217038691917
3.6040999889374	-3.4274634667585
3.6087999343872	-3.4363230150488
3.6135001182556	-3.4480971966065
3.6182000637054	-3.4625364741445
3.6229000091553	-3.4793660719559
3.6275999546051	-3.4983296190063
3.6322999000549	-3.5192390376451
3.6370000839233	-3.5419948330532
3.6417000293732	-3.5665901527768
3.6463999748230	-3.5930916870961
3.6510999202728	-3.6215815510414
3.6558001041412	-3.6521243920419
3.6605000495911	-3.6847188609027
3.6651999950409	-3.7192791240057
3.6698999404907	-3.7556436648339
3.6745998859406	-3.7936017206870
3.6793000698090	-3.8329492182033
3.6840000152588	-3.8735222752282
3.6886999607086	-3.9152427797085
3.6933999061584	-3.9581320928397
3.6981000900269	-4.0022840616423
3.7028000354767	-4.0478397113544
3.7074999809265	-4.0949266785256
3.7121999263763	-4.1436178866146
3.7169001102448	-4.1938966504521
3.7216000556946	-4.2456582940730
3.7263000011444	-4.2987260842869
3.7309999465942	-4.3528999502504
3.7356998920441	-4.4080132814808
3.7404000759125	-4.4639659073483
3.7451000213623	-4.5207614321035
3.7497999668121	-4.5784891630470
3.7544999122620	-4.6372983885004
3.7592000961304	-4.6973444314871
3.7639000415802	-4.7587301593937
3.7685999870300	-4.8214700845592
3.7732999324799	-4.8854699913224
3.7780001163483	-4.9505440931645
3.7827000617981	-5.0164605012579
3.7874000072479	-5.0829953513724
3.7920999526978	-5.1499888520306
3.7967998981476	-5.2173786797671
3.8015000820160	-5.2852085649005
3.8062000274658	-5.3535966484355
3.8108999729156	-5.4226776249579
3.8155999183655	-5.4925475744359
3.8203001022339	-5.5632038386990
3.8250000476837	-5.6345192101848
3.8296999931335	-5.7062520992561
3.8343999385834	-5.7780885304954
3.8390998840332	-5.8497012056326
3.8438000679016	-5.9208275380753
3.8485000133514	-5.9913069007995
3.8531999588013	-6.0611025425867
3.8578999042511	-6.1302750310868
3.8626000881195	-6.1989285064285
3.8673000335693	-6.2671285649244
3.8719999790192	-6.3348465480267
3.8766999244690	-6.4019094019501
3.8814001083374	-6.4680097024102
3.8861000537872	-6.5327527041229
3.8907999992371	-6.5957245458417
3.8954999446869	-6.6565786220838
3.9001998901367	-6.7150980932050
3.9049000740051	-6.7712232140699
3.9096000194550	-6.8250316343232
3.9142999649048	-6.8766685524496
3.9189999103546	-6.9262671227893
3.9237000942230	-6.9738677531424
3.9284000396729	-7.0193648769484
3.9330999851227	-7.0625130182973
3.9377999305725	-7.1029752736784
3.9425001144409	-7.1404038167403
3.9472000598907	-7.1745395118660
3.9519000053406	-7.2052809183345
3.9565999507904	-7.2327204706802
3.9612998962402	-7.2571121946617
3.9660000801086	-7.2788005423941
3.9707000255585	-7.2981267965043
3.9753999710083	-7.3153320823227
3.9800999164581	-7.3305054400687
3.9848001003265	-7.3435819126277
3.9895000457764	-7.3543886002908
3.9941999912262	-7.3627443517897
3.9988999366760	-7.3685460640017
4.0036001205444	-7.3718555500288
4.0082998275757	-7.3729240317539
4.0130000114441	-7.3721595817318
4.0177001953125	-7.3700517793133
4.0223999023438	-7.3670744950849
4.0271000862122	-7.3635786311080
4.0317997932434	-7.3597478777365
4.0364999771118	-7.3555801594385
4.0412001609802	-7.3509545255107
4.0458998680115	-7.3457092889323
4.0506000518799	-7.3397471085727
4.0553002357483	-7.3331134128309
4.0599999427795	-7.3260330230453
4.0647001266479	-7.3188810721491
4.0693998336792	-7.3121149075642
4.0741000175476	-7.3061690914484
4.0788002014160	-7.3013632803607
4.0834999084473	-7.2978388687280
4.0882000923157	-7.2955478514702
4.0928997993469	-7.2943015139218
4.0975999832153	-7.2938542754447
4.1023001670837	-7.2940078530361
4.1069998741150	-7.2946951801205
4.1117000579834	-7.2960271947585
4.1163997650146	-7.2982755117784
4.1210999488831	-7.3018139681165
4.1258001327515	-7.3070121181583
4.1304998397827	-7.3141447400952
4.1352000236511	-7.3233142128375
4.1399002075195	-7.3344301283139
4.1445999145508	-7.3472444057014
4.1493000984192	-7.3614311212822
4.1539998054504	-7.3766902470327
4.1586999893188	-7.3928450644950
4.1634001731873	-7.4098982577135
4.1680998802185	-7.4280383136297
4.1728000640869	-7.4475802412228
4.1774997711182	-7.4688743092981
4.1821999549866	-7.4921998891168
4.1869001388550	-7.5176765376179
4.1915998458862	-7.5452254954521
4.1963000297546	-7.5745932384004
4.2010002136230	-7.6054191522836
4.2056999206543	-7.6373507990902
4.2104001045227	-7.6701463837511
4.2150998115540	-7.7037578968378
4.2197999954224	-7.7383527866913
4.2245001792908	-7.7742759430389
4.2291998863220	-7.8119587658079
4.2339000701904	-7.8518079168255
4.2385997772217	-7.8941045780289
4.2432999610901	-7.9389426312638
4.2480001449585	-7.9862312704021
4.2526998519897	-8.0357579400669
4.2574000358582	-8.0872943725913
4.2621002197266	-8.1407138114155
4.2667999267578	-8.1960841701448
4.2715001106262	-8.2537104085174
4.2761998176575	-8.3140961766968
4.2809000015259	-8.3778603486018
4.2856001853943	-8.4456002016519
4.2902998924255	-8.5177598725925
4.2950000762939	-8.5945319944262
4.2996997833252	-8.6758310615938
4.3043999671936	-8.7613275964226
4.3091001510620	-8.8505511367841
4.3137998580933	-8.9430332060663
4.3185000419617	-9.0384374175121
4.3232002258301	-9.1366494759495
4.3278999328613	-9.2377904800558
4.3326001167297	-9.3421573625795
4.3372998237610	-9.4501031302679
4.3420000076294	-9.5618860009014
4.3467001914978	-9.6775487307486
4.3513998985291	-9.7968522052862
4.3561000823975	-9.9193000513787
4.3607997894287	-10.044242680410
4.3654999732971	-10.171042424769
4.3702001571655	-10.299242703558
4.3748998641968	-10.428703277478
4.3796000480652	-10.559643851271
4.3843002319336	-10.692579871503
4.3889999389648	-10.828172566638
4.3937001228333	-10.967031516737
4.3983998298645	-11.109523052178
4.4031000137329	-11.255651684280
4.4078001976013	-11.405052792175
4.4124999046326	-11.557095168026
4.4172000885010	-11.711084456733
4.4218997955322	-11.866496214452
4.4265999794006	-12.023169793637
4.4313001632690	-12.181404039345
4.4359998703003	-12.341911422118
4.4407000541687	-12.505638150559
4.4454002380371	-12.673506543976
4.4500999450684	-12.846149155814
4.4548001289368	-13.023720940635
4.4594998359680	-13.205850037795
4.4642000198364	-13.391754408535
4.4689002037048	-13.580489811241
4.4735999107361	-13.771278215420
4.4783000946045	-13.963799420697
4.4829998016357	-14.158358604322
4.4876999855042	-14.355862498511
4.4924001693726	-14.557598313595
4.4970998764038	-14.764875791857
4.5018000602722	-14.978639337847
4.5064997673035	-15.199171179815
4.5111999511719	-15.425976574331
4.5159001350403	-15.657911271006
4.5205998420715	-15.893518982609
4.5253000259399	-16.131509437800
4.5300002098083	-16.371210376487
4.5346999168396	-16.612850234121
4.5394001007080	-16.857559563821
4.5440998077393	-17.107043289732
4.5487999916077	-17.363043287814
4.5535001754761	-17.626705227989
4.5581998825073	-17.898083949679
4.5629000663757	-18.175926926385
4.5675997734070	-18.457846210204
4.5722999572754	-18.740856892693
4.5770001411438	-19.022165745699
4.5816998481750	-19.299923218572
4.5864000320435	-19.573698964052
4.5911002159119	-19.844405132652
4.5957999229431	-20.113655870950
4.6005001068115	-20.382731951112
4.6051998138428	-20.651456609315
4.6098999977112	-20.917386014198
4.6146001815796	-21.175651117973
4.6192998886108	-21.419586525871
4.6240000724792	-21.642111963004
4.6286997795105	-21.837400322274
4.6333999633789	-22.002299830845
4.6381001472473	-22.136717139684
4.6427998542786	-22.242869856432
4.6475000381470	-22.323599247921
4.6522002220154	-22.380529373346
4.6568999290466	-22.412864876991
4.6616001129150	-22.417360923739
4.6662998199463	-22.389565227065
4.6710000038147	-22.325817813492
4.6757001876831	-22.225292102219
4.6803998947144	-22.091029773755
4.6851000785828	-21.929548698314
4.6897997856140	-21.749146953707
4.6944999694824	-21.557820908190
4.6992001533508	-21.361374201281
4.7038998603821	-21.162600210334
4.7086000442505	-20.961427951330
4.7133002281189	-20.756002494200
4.7179999351501	-20.544216864846
4.7227001190186	-20.325184885353
4.7273998260498	-20.100085601218
4.7321000099182	-19.872227599693
4.7368001937866	-19.646266038930
4.7414999008179	-19.426973929173
4.7462000846863	-19.218055571233
4.7508997917175	-19.021313908248
4.7555999755859	-18.836413225746
4.7603001594543	-18.661257193113
4.7649998664856	-18.492863909702
4.7697000503540	-18.328425979948
4.7744002342224	-18.166283604464
4.7790999412537	-18.006462480566
4.7838001251221	-17.850687019048
4.7884998321533	-17.701757339197
4.7932000160217	-17.562669835614
4.7979001998901	-17.435668509020
4.8025999069214	-17.321544467011
4.8073000907898	-17.219407132647
4.8119997978210	-17.126884047320
4.8166999816895	-17.040822197888
4.8214001655579	-16.958146903830
4.8260998725891	-16.876742266717
4.8308000564575	-16.796006278198
4.8354997634888	-16.716912727182
4.8401999473572	-16.641559061738
4.8449001312256	-16.572353380256
4.8495998382568	-16.511104062610
4.8543000221252	-16.458316969575
4.8590002059937	-16.412871896330
4.8636999130249	-16.372190205306
4.8684000968933	-16.332886353989
4.8730998039246	-16.291667910737
4.8777999877930	-16.246255192484
4.8825001716614	-16.196018461861
4.8871998786926	-16.142060460173
4.8919000625610	-16.086765246812
4.8965997695923	-16.032931138799
4.9012999534607	-15.982787734173
4.9060001373291	-15.937247301827
4.9106998443604	-15.895544000158
4.9154000282288	-15.855477941199
4.9201002120972	-15.814079773279
4.9247999191284	-15.768590055894
4.9295001029968	-15.717383748893
4.9341998100281	-15.660571051823
4.9388999938965	-15.599994584367
4.9436001777649	-15.538666775867
4.9482998847961	-15.479819281007
4.9530000686646	-15.425858369543
4.9576997756958	-15.377593275086
4.9623999595642	-15.333943736972
4.9671001434326	-15.292183557077
4.9717998504639	-15.248683015811
4.9765000343323	-15.199916712681
4.9812002182007	-15.143408287368
4.9858999252319	-15.078312348391
4.9906001091003	-15.005368474318
4.9952998161316	-14.926252865652
5.0000000000000	-14.842571600117
#Parameters = {R_fat=48; R_glandular=38; R_skin_outer=50; T10=5; T15=7.5; T5=2.5; T_rad=4; T_x=10; T_y=0; T_z=75; Zc=65; skin_thickness=2; Mesh Pass=4}
#"Frequency / GHz"	"S1,1 (Mesh Pass=4) [Magnitude / dB]"
#-------------------------------------------------------
0.30000001192093	-16.844283400036
0.30469998717308	-17.565823054037
0.30939999222755	-17.925227713922
0.31409999728203	-17.789115952808
0.31880000233650	-17.296598249629
0.32350000739098	-16.735452588677
0.32820001244545	-16.350438872715
0.33289998769760	-16.299426956881
0.33759999275208	-16.697765951966
0.34229999780655	-17.681098307861
0.34700000286102	-19.499984059394
0.35170000791550	-22.784429457305
0.35640001296997	-30.061456186766
0.36109998822212	-34.703801349995
0.36579999327660	-22.844917150293
0.37049999833107	-17.698714700989
0.37520000338554	-14.405197725625
0.37990000844002	-12.063399834926
0.38460001349449	-10.352804125740
0.38929998874664	-9.1256949932307
0.39399999380112	-8.2992855132101
0.39869999885559	-7.8168260528430
0.40340000391006	-7.6327241472487
0.40810000896454	-7.7081729123349
0.41280001401901	-8.0108038600848
0.41749998927116	-8.5146046809490
0.42219999432564	-9.1977454105049
0.42689999938011	-10.036451081087
0.43160000443459	-10.992747223276
0.43630000948906	-11.994695152570
0.44100001454353	-12.916291965668
0.44569998979568	-13.588475098440
0.45039999485016	-13.882295443467
0.45509999990463	-13.814448148133
0.45980000495911	-13.536659696564
0.46450001001358	-13.222675754215
0.46919998526573	-12.992074874857
0.47389999032021	-12.903829969082
0.47859999537468	-12.975088469593
0.48330000042915	-13.196420072940
0.48800000548363	-13.537734839773
0.49270001053810	-13.947533579571
0.49739998579025	-14.351947462186
0.50209999084473	-14.663919704400
0.50679999589920	-14.810850716809
0.51150000095367	-14.770102127716
0.51620000600815	-14.581130386379
0.52090001106262	-14.320710878940
0.52560001611710	-14.066056050006
0.53030002117157	-13.872824241298
0.53500002622604	-13.770704752005
0.53969997167587	-13.766795171950
0.54439997673035	-13.849400975009
0.54909998178482	-13.990210328194
0.55379998683929	-14.146493206101
0.55849999189377	-14.267056216085
0.56319999694824	-14.304891293218
0.56790000200272	-14.233787844586
0.57260000705719	-14.058992908751
0.57730001211166	-13.813384560422
0.58200001716614	-13.542258699629
0.58670002222061	-13.287631970146
0.59140002727509	-13.079125273225
0.59609997272491	-12.931235599641
0.60079997777939	-12.843849726579
0.60549998283386	-12.803783126610
0.61019998788834	-12.787071514694
0.61489999294281	-12.763048907616
0.61959999799728	-12.701216711897
0.62430000305176	-12.580003182142
0.62900000810623	-12.393807496437
0.63370001316071	-12.154257018422
0.63840001821518	-11.884928650731
0.64310002326965	-11.612921936169
0.64780002832413	-11.361487636561
0.65249997377396	-11.145657390984
0.65719997882843	-10.970647400306
0.66189998388290	-10.832002144307
0.66659998893738	-10.716989275897
0.67129999399185	-10.607261628873
0.67599999904633	-10.483043117794
0.68070000410080	-10.328268023075
0.68540000915527	-10.135158847000
0.69010001420975	-9.9062591963604
0.69480001926422	-9.6529660397026
0.69950002431870	-9.3914699873245
0.70420002937317	-9.1380182025247
0.70889997482300	-8.9051422260971
0.71359997987747	-8.6994244094504
0.71829998493195	-8.5207414555184
0.72299998998642	-8.3627109246793
0.72769999504089	-8.2142886866722
0.73240000009537	-8.0623794017523
0.73710000514984	-7.8951582502771
0.74180001020432	-7.7052392388515
0.74650001525879	-7.4916014848355
0.75120002031326	-7.2595445535883
0.75590002536774	-7.0187923607002
0.76059997081757	-6.7806152817382
0.76529997587204	-6.5549682179279
0.76999998092651	-6.3483602820399
0.77469998598099	-6.1626845568274
0.77939999103546	-5.9950599265605
0.78409999608994	-5.8386402625247
0.78880000114441	-5.6843042571346
0.79350000619888	-5.5229712960002
0.79820001125336	-5.3479994663891
0.80290001630783	-5.1569561010336
0.80760002136230	-4.9521731191577
0.81230002641678	-4.7399218510236
0.81699997186661	-4.5285975301769
0.82169997692108	-4.3265451066659
0.82639998197556	-4.1401089379810
0.83109998703003	-3.9722747894615
0.83579999208450	-3.8221287229148
0.84049999713898	-3.6851602211134
0.84520000219345	-3.5543919215813
0.84990000724792	-3.4221906727139
0.85460001230240	-3.2823099760490
0.85930001735687	-3.1316476661660
0.86400002241135	-2.9711398354611
0.86870002746582	-2.8055155298695
0.87339997291565	-2.6420517560652
0.87809997797012	-2.4887047423632
0.88279998302460	-2.3522128607590
0.88749998807907	-2.2365392121617
0.89219999313354	-2.1420064859477
0.89689999818802	-2.0652774593720
0.90160000324249	-2.0002083742464
0.90630000829697	-1.9394855039046
0.91100001335144	-1.8767154204383
0.91570001840591	-1.8083816504227
0.92040002346039	-1.7351347697374
0.92510002851486	-1.6619329399053
0.92979997396469	-1.5970167440496
0.93449997901917	-1.5500490736554
0.93919998407364	-1.5299362809434
0.94389998912811	-1.5429280077764
0.94859999418259	-1.5913783937747
0.95329999923706	-1.6735044955246
0.95800000429153	-1.7842175846701
0.96270000934601	-1.9170228723030
0.96740001440048	-2.0666842282678
0.97210001945496	-2.2321264046273
0.97680002450943	-2.4187927258089
0.98150002956390	-2.6397981385808
0.98619997501373	-2.9155953290572
0.99089998006821	-3.2725002443053
0.99559998512268	-3.7409568643667
1.0003000497818	-4.3546648163441
1.0049999952316	-5.1516113307634
1.0096999406815	-6.1781709668782
1.0144000053406	-7.4979092485354
1.0190999507904	-9.2086837403571
1.0238000154495	-11.475354887623
1.0284999608994	-14.580321001068
1.0332000255585	-18.732186283312
1.0378999710083	-20.694643940502
1.0426000356674	-16.782592993723
1.0472999811172	-12.963387022611
1.0520000457764	-10.179422383178
1.0566999912262	-8.1021989442462
1.0614000558853	-6.5056990234330
1.0661000013351	-5.2596455743562
1.0707999467850	-4.2841385274391
1.0755000114441	-3.5248136321748
1.0801999568939	-2.9400720308918
1.0849000215530	-2.4946933060264
1.0895999670029	-2.1571538107691
1.0943000316620	-1.8992305420979
1.0989999771118	-1.6968441389209
1.1037000417709	-1.5312445753587
1.1083999872208	-1.3898091363398
1.1131000518799	-1.2659558465429
1.1177999973297	-1.1580508898259
1.1224999427795	-1.0675946881339
1.1272000074387	-0.99717408317335
1.1318999528885	-0.94866686483822
1.1366000175476	-0.92208395872818
1.1412999629974	-0.91515679031910
1.1460000276566	-0.92364801647469
1.1506999731064	-0.94219290246224
1.1554000377655	-0.96541595432074
1.1600999832153	-0.98902093072945
1.1648000478745	-1.0105782878768
1.1694999933243	-1.0297909501942
1.1742000579834	-1.0482191872660
1.1789000034332	-1.0685424184168
1.1835999488831	-1.0936215082928
1.1883000135422	-1.1256140896412
1.1929999589920	-1.1653910211427
1.1977000236511	-1.2123189738353
1.2023999691010	-1.2644909549584
1.2071000337601	-1.3192283695796
1.2117999792099	-1.3737916803511
1.2165000438690	-1.4260548439057
1.2211999893188	-1.4749917477349
1.2259000539780	-1.5208604050232
1.2305999994278	-1.5650201613926
1.2352999448776	-1.6094813664343
1.2400000095367	-1.6563071145333
1.2446999549866	-1.7070468128059
1.2494000196457	-1.7623508060307
1.2540999650955	-1.8218381557488
1.2588000297546	-1.8842507125607
1.2634999752045	-1.9478084852968
1.2682000398636	-2.0106864464387
1.2728999853134	-2.0715077137074
1.2776000499725	-2.1296641703920
1.2822999954224	-2.1854576141287
1.2869999408722	-2.2399645677363
1.2917000055313	-2.2947314038806
1.2963999509811	-2.3513262836726
1.3011000156403	-2.4109444810917
1.3057999610901	-2.4741189763192
1.3105000257492	-2.5406136986194
1.3151999711990	-2.6095254741552
1.3199000358582	-2.6795488652674
1.3245999813080	-2.7493343135215
1.3293000459671	-2.8178481751389
1.3339999914169	-2.8846399006158
1.3387000560760	-2.9499527731677
1.3434000015259	-3.0146417239079
1.3480999469757	-3.0799448073420
1.3528000116348	-3.1471605676476
1.3574999570847	-3.2173191735301
1.3622000217438	-3.2909524427654
1.3668999671936	-3.3679829682416
1.3716000318527	-3.4477915562176
1.3762999773026	-3.5293983564516
1.3810000419617	-3.6117448013583
1.3856999874115	-3.6939784095913
1.3904000520706	-3.7756891930125
1.3950999975204	-3.8570261318955
1.3997999429703	-3.9386635088248
1.4045000076294	-4.0216459971948
1.4091999530792	-4.1071255430176
1.4139000177383	-4.1961090709821
1.4185999631882	-4.2892230100250
1.4233000278473	-4.3866117073961
1.4279999732971	-4.4879325628553
1.4327000379562	-4.5924816494113
1.4373999834061	-4.6994067914633
1.4421000480652	-4.8079557454209
1.4467999935150	-4.9176926204182
1.4515000581741	-5.0286398713656
1.4562000036240	-5.1413110905896
1.4608999490738	-5.2566072297627
1.4656000137329	-5.3756370436238
1.4702999591827	-5.4994805764990
1.4750000238419	-5.6289724999736
1.4796999692917	-5.7645483917689
1.4844000339508	-5.9061869166133
1.4890999794006	-6.0534640837249
1.4938000440598	-6.2057059795052
1.4984999895096	-6.3621908243206
1.5032000541687	-6.5223854977788
1.5078999996185	-6.6861229166787
1.5125999450684	-6.8537081026901
1.5173000097275	-7.0259002478224
1.5219999551773	-7.2037976423258
1.5267000198364	-7.3886349960558
1.5313999652863	-7.5815544154493
1.5361000299454	-7.7833897025159
1.5407999753952	-7.9945324909294
1.5455000400543	-8.2148857779292
1.5501999855042	-8.4439408437575
1.5549000501633	-8.6809412692910
1.5595999956131	-8.9251249921752
1.5642999410629	-9.1759695975476
1.5690000057220	-9.4334012397562
1.5736999511719	-9.6979027198427
1.5784000158310	-9.9704891873008
1.5830999612808	-10.252563390946
1.5878000259399	-10.545665921765
1.5924999713898	-10.851187846082
1.5972000360489	-11.170101721196
1.6018999814987	-11.502776847194
1.6066000461578	-11.848913002481
1.6112999916077	-12.207622205709
1.6160000562668	-12.577646670473
1.6207000017166	-12.957669199861
1.6253999471664	-13.346664230561
1.6301000118256	-13.744179487013
1.6347999572754	-14.150493615048
1.6395000219345	-14.566572273087
1.6441999673843	-14.993837368353
1.6489000320435	-15.433750612586
1.6535999774933	-15.887353569142
1.6583000421524	-16.354780005697
1.6629999876022	-16.834872439475
1.6677000522614	-17.324949740559
1.6723999977112	-17.820789548107
1.6770999431610	-18.316801407947
1.6818000078201	-18.806362390845
1.6864999532700	-19.282289924874
1.6912000179291	-19.737262752503
1.6958999633789	-20.164225360343
1.7006000280380	-20.556620543045
1.7052999734879	-20.908514033280
1.7100000381470	-21.214704659790
1.7146999835968	-21.470847788875
1.7194000482559	-21.673679204724
1.7240999937057	-21.821225244885
1.7288000583649	-21.912983110673
1.7335000038147	-21.949945188684
1.7381999492645	-21.934552863705
1.7429000139236	-21.870522858887
1.7475999593735	-21.762731799846
1.7523000240326	-21.617145599911
1.7569999694824	-21.440710574098
1.7617000341415	-21.241157170728
1.7663999795914	-21.026670258206
1.7711000442505	-20.805323757553
1.7757999897003	-20.584500731570
1.7805000543594	-20.370251704969
1.7851999998093	-20.166877940489
1.7898999452591	-19.976696668153
1.7946000099182	-19.800143711843
1.7992999553680	-19.636088900095
1.8040000200272	-19.482444921131
1.8086999654770	-19.336871724657
1.8134000301361	-19.197481316700
1.8180999755859	-19.063399173342
1.8228000402451	-18.935021515596
1.8274999856949	-18.813945697913
1.8322000503540	-18.702575235125
1.8368999958038	-18.603543207083
1.8415999412537	-18.519092430020
1.8463000059128	-18.450558256951
1.8509999513626	-18.398107584973
1.8557000160217	-18.360695426023
1.8603999614716	-18.336321371712
1.8651000261307	-18.322508880653
1.8697999715805	-18.316894514619
1.8745000362396	-18.317782687846
1.8791999816895	-18.324581447238
1.8839000463486	-18.337934293477
1.8885999917984	-18.359595398809
1.8933000564575	-18.391990677017
1.8980000019073	-18.437678526423
1.9026999473572	-18.498805100667
1.9074000120163	-18.576635489723
1.9120999574661	-18.671385154912
1.9168000221252	-18.782205112407
1.9214999675751	-18.907496081998
1.9262000322342	-19.045386957254
1.9308999776840	-19.194305624298
1.9356000423431	-19.353493696168
1.9402999877930	-19.523397053710
1.9450000524521	-19.705746514215
1.9496999979019	-19.903389710699
1.9543999433517	-20.119859862834
1.9591000080109	-20.358825853335
1.9637999534607	-20.623569194717
1.9685000181198	-20.916564276328
1.9731999635696	-21.239294676572
1.9779000282288	-21.592289358130
1.9825999736786	-21.975470387956
1.9873000383377	-22.388633554501
1.9919999837875	-22.832098213069
1.9967000484467	-23.307289417479
2.0013999938965	-23.817237451236
2.0060999393463	-24.366626356984
2.0107998847961	-24.961586988598
2.0155000686646	-25.608851948824
2.0202000141144	-26.314463366209
2.0248999595642	-27.081551197551
2.0295999050140	-27.906847806840
2.0343000888824	-28.774886605512
2.0390000343323	-29.648916053032
2.0436999797821	-30.459026834858
2.0483999252319	-31.095144474931
2.0531001091003	-31.424577857644
2.0578000545502	-31.350375469785
2.0625000000000	-30.874730491651
2.0671999454498	-30.095934541746
2.0718998908997	-29.143299392193
2.0766000747681	-28.122388173434
2.0813000202179	-27.100713349961
2.0859999656677	-26.115457355385
2.0906999111176	-25.184776451416
2.0954000949860	-24.315858320859
2.1001000404358	-23.509745022635
2.1047999858856	-22.763940151238
2.1094999313354	-22.073900055080
2.1142001152039	-21.434024019869
2.1189000606537	-20.838307840982
2.1236000061035	-20.280989144204
2.1282999515533	-19.757008935718
2.1329998970032	-19.262393203456
2.1377000808716	-18.794361285304
2.1424000263214	-18.351302637688
2.1470999717712	-17.932544226295
2.1517999172211	-17.537936209115
2.1565001010895	-17.167481962470
2.1612000465393	-16.820943601488
2.1658999919891	-16.497591307136
2.1705999374390	-16.196102276666
2.1752998828888	-15.914614479054
2.1800000667572	-15.650930316024
2.1847000122070	-15.402794509366
2.1893999576569	-15.168198163810
2.1940999031067	-14.945657026902
2.1988000869751	-14.734328196304
2.2035000324249	-14.534035444385
2.2081999778748	-14.345109484829
2.2128999233246	-14.168145352143
2.2176001071930	-14.003724677599
2.2223000526428	-13.852145159374
2.2269999980927	-13.713240858676
2.2316999435425	-13.586349676818
2.2363998889923	-13.470358679566
2.2411000728607	-13.363908497563
2.2458000183105	-13.265625814923
2.2504999637604	-13.174372393169
2.2551999092102	-13.089447578829
2.2599000930786	-13.010665682173
2.2646000385284	-12.938323258578
2.2692999839783	-12.873048670541
2.2739999294281	-12.815579981936
2.2787001132965	-12.766522411986
2.2834000587463	-12.726146934477
2.2881000041962	-12.694294046359
2.2927999496460	-12.670364035327
2.2974998950958	-12.653442981033
2.3022000789642	-12.642472545337
2.3069000244141	-12.636509120184
2.3115999698639	-12.634903732313
2.3162999153137	-12.637449275624
2.3210000991821	-12.644400781700
2.3257000446320	-12.656371441583
2.3303999900818	-12.674187379306
2.3350999355316	-12.698625060639
2.3397998809814	-12.730242387765
2.3445000648499	-12.769214977920
2.3492000102997	-12.815288049274
2.3538999557495	-12.867840677632
2.3585999011993	-12.926052197312
2.3633000850677	-12.989090062049
2.3680000305176	-13.056346208624
2.3726999759674	-13.127581341585
2.3773999214172	-13.203022233697
2.3821001052856	-13.283300429680
2.3868000507355	-13.369332520346
2.3914999961853	-13.462098390668
2.3961999416351	-13.562437436620
2.4008998870850	-13.670858766922
2.4056000709534	-13.787447555665
2.4103000164032	-13.911886582803
2.4149999618530	-14.043555963656
2.4196999073029	-14.181750361631
2.4244000911713	-14.325883573821
2.4291000366211	-14.475717880012
2.4337999820709	-14.631469880861
2.4384999275208	-14.793863344640
2.4432001113892	-14.964009937679
2.4479000568390	-15.143231748690
2.4526000022888	-15.332830596108
2.4572999477386	-15.533849175729
2.4619998931885	-15.746933526392
2.4667000770569	-15.972256537729
2.4714000225067	-16.209593905988
2.4760999679565	-16.458501996528
2.4807999134064	-16.718541633370
2.4855000972748	-16.989556997690
2.4902000427246	-17.271899895995
2.4948999881744	-17.566536847376
2.4995999336243	-17.875050489086
2.5043001174927	-18.199469991334
2.5090000629425	-18.542048340507
2.5137000083923	-18.904956801839
2.5183999538422	-19.290009394264
2.5230998992920	-19.698457236024
2.5278000831604	-20.130889195164
2.5325000286102	-20.587265124065
2.5371999740601	-21.067009058793
2.5418999195099	-21.569157690808
2.5466001033783	-22.092452341157
2.5513000488281	-22.635260414868
2.5559999942780	-23.195175333828
2.5606999397278	-23.768236501552
2.5653998851776	-24.347681834211
2.5701000690460	-24.922203230679
2.5748000144958	-25.474110153806
2.5794999599457	-25.977864879624
2.5841999053955	-26.400325913261
2.5889000892639	-26.704181465995
2.5936000347137	-26.855357552946
2.5982999801636	-26.832724917991
2.6029999256134	-26.635182120976
2.6077001094818	-26.281760775601
2.6124000549316	-25.804772166377
2.6171000003815	-25.240650507252
2.6217999458313	-24.622867573088
2.6264998912811	-23.978613022018
2.6312000751495	-23.328231529321
2.6359000205994	-22.686070974229
2.6405999660492	-22.061644258394
2.6452999114990	-21.460739666070
2.6500000953674	-20.886285954338
2.6547000408173	-20.339071902369
2.6593999862671	-19.818313257456
2.6640999317169	-19.322244162526
2.6688001155853	-18.848613423592
2.6735000610352	-18.395144295677
2.6782000064850	-17.959876364914
2.6828999519348	-17.541407885961
2.6875998973846	-17.138937358009
2.6923000812531	-16.752177880611
2.6970000267029	-16.381168886334
2.7016999721527	-16.026005490804
2.7063999176025	-15.686594685698
2.7111001014709	-15.362497438186
2.7158000469208	-15.052836496279
2.7204999923706	-14.756358503778
2.7251999378204	-14.471564989417
2.7298998832703	-14.196924469120
2.7346000671387	-13.931095167066
2.7393000125885	-13.673091021661
2.7439999580383	-13.422384205495
2.7486999034882	-13.178877030286
2.7534000873566	-12.942799700828
2.7581000328064	-12.714526744039
2.7627999782562	-12.494373495826
2.7674999237061	-12.282420465296
2.7722001075745	-12.078424296488
2.7769000530243	-11.881801037734
2.7815999984741	-11.691698257908
2.7862999439240	-11.507153944691
2.7909998893738	-11.327274833528
2.7957000732422	-11.151385783019
2.8004000186920	-10.979132740389
2.8050999641418	-10.810524090676
2.8097999095917	-10.645832953246
2.8145000934601	-10.485486622483
2.8192000389099	-10.329902122347
2.8238999843597	-10.179324903362
2.8285999298096	-10.033732424254
2.8333001136780	-9.8928061468280
2.8380000591278	-9.7559903319883
2.8427000045776	-9.6225917122781
2.8473999500275	-9.4919422193847
2.8520998954773	-9.3635352415683
2.8568000793457	-9.2371172360386
2.8615000247955	-9.1127372533976
2.8661999702454	-8.9906827201259
2.8708999156952	-8.8713787967479
2.8756000995636	-8.7552591248107
2.8803000450134	-8.6426232929134
2.8849999904633	-8.5335379486689
2.8896999359131	-8.4278121051893
2.8943998813629	-8.3250338019304
2.8991000652313	-8.2246661649013
2.9038000106812	-8.1261688018991
2.9084999561310	-8.0291335318728
2.9131999015808	-7.9333749449900
2.9179000854492	-7.8389578143675
2.9226000308990	-7.7461656887544
2.9272999763489	-7.6554104970214
2.9319999217987	-7.5671116897281
2.9367001056671	-7.4815683540993
2.9414000511169	-7.3988780851982
2.9460999965668	-7.3189094744275
2.9507999420166	-7.2413220616653
2.9554998874664	-7.1656640185638
2.9602000713348	-7.0914677273360
2.9649000167847	-7.0183919217562
2.9695999622345	-6.9462780369150
2.9742999076843	-6.8752013602377
2.9790000915527	-6.8054346627579
2.9837000370026	-6.7373597377121
2.9883999824524	-6.6713718651146
2.9930999279022	-6.6077559260275
2.9978001117706	-6.5466052878304
3.0025000572205	-6.4878114203294
3.0072000026703	-6.4310668152545
3.0118999481201	-6.3759617600008
3.0165998935699	-6.3220763712083
3.0213000774384	-6.2690991745299
3.0260000228882	-6.2168941101724
3.0306999683380	-6.1655374748275
3.0353999137878	-6.1152822576549
3.0401000976562	-6.0664854219996
3.0448000431061	-6.0195152981768
3.0494999885559	-5.9746296901149
3.0541999340057	-5.9319164261848
3.0589001178741	-5.8912671526530
3.0636000633240	-5.8523876235231
3.0683000087738	-5.8149006138915
3.0729999542236	-5.7784087360231
3.0776998996735	-5.7426302170273
3.0824000835419	-5.7074389924320
3.0871000289917	-5.6729144990401
3.0917999744415	-5.6393045742986
3.0964999198914	-5.6069443335463
3.1012001037598	-5.5761793504251
3.1059000492096	-5.5472458481076
3.1105999946594	-5.5202175316952
3.1152999401093	-5.4949845153636
3.1199998855591	-5.4712592185809
3.1247000694275	-5.4486741030411
3.1294000148773	-5.4268644286551
3.1340999603271	-5.4055556975357
3.1387999057770	-5.3846452657560
3.1435000896454	-5.3642152171228
3.1482000350952	-5.3445082481233
3.1528999805450	-5.3258513985426
3.1575999259949	-5.3085689409709
3.1623001098633	-5.2928809879421
3.1670000553131	-5.2788432189868
3.1717000007629	-5.2663321796894
3.1763999462128	-5.2550655314789
3.1810998916626	-5.2446751544187
3.1858000755310	-5.2348073880764
3.1905000209808	-5.2252019775284
3.1951999664307	-5.2157675482886
3.1998999118805	-5.2065912201796
3.2046000957489	-5.1979079922532
3.2093000411987	-5.1900369872194
3.2139999866486	-5.1832770335845
3.2186999320984	-5.1778196101345
3.2234001159668	-5.1736956279360
3.2281000614166	-5.1707457061220
3.2328000068665	-5.1686688650895
3.2374999523163	-5.1670795000487
3.2421998977661	-5.1656087640412
3.2469000816345	-5.1639946192440
3.2516000270844	-5.1621335685711
3.2562999725342	-5.1600997304136
3.2609999179840	-5.1581155722097
3.2657001018524	-5.1564571855666
3.2704000473022	-5.1553830278933
3.2750999927521	-5.1550269732087
3.2797999382019	-5.1553506626910
3.2844998836517	-5.1561312615817
3.2892000675201	-5.1569963594792
3.2939000129700	-5.1575072486166
3.2985999584198	-5.1572392930128
3.3032999038696	-5.1558889440000
3.3080000877380	-5.1533075834059
3.3127000331879	-5.1495291142162
3.3173999786377	-5.1447111731277
3.3220999240875	-5.1390708414829
3.3268001079559	-5.1327684785775
3.3315000534058	-5.1258445628790
3.3361999988556	-5.1181498638499
3.3408999443054	-5.1093610496351
3.3455998897552	-5.0990073655179
3.3503000736237	-5.0865787289465
3.3550000190735	-5.0716136175886
3.3596999645233	-5.0537834392577
3.3643999099731	-5.0329467346539
3.3691000938416	-5.0091542546235
3.3738000392914	-4.9825835177440
3.3784999847412	-4.9534737472234
3.3831999301910	-4.9220109330486
3.3879001140594	-4.8882714584147
3.3926000595093	-4.8521704070636
3.3973000049591	-4.8134817026279
3.4019999504089	-4.7719005941388
3.4066998958588	-4.7271359050468
3.4114000797272	-4.6790098584914
3.4161000251770	-4.6275258176100
3.4207999706268	-4.5729104747103
3.4254999160767	-4.5155880843991
3.4302000999451	-4.4561250032364
3.4349000453949	-4.3951190931059
3.4395999908447	-4.3331275613973
3.4442999362946	-4.2705823266799
3.4489998817444	-4.2077664534741
3.4537000656128	-4.1448315664939
3.4584000110626	-4.0818576707169
3.4630999565125	-4.0189313069555
3.4677999019623	-3.9562227821846
3.4725000858307	-3.8940336728233
3.4772000312805	-3.8328115361460
3.4818999767303	-3.7731231580050
3.4865999221802	-3.7155762315428
3.4913001060486	-3.6607437863541
3.4960000514984	-3.6090837450394
3.5006999969482	-3.5608804849327
3.5053999423981	-3.5162353170035
3.5100998878479	-3.4750937583375
3.5148000717163	-3.4372968814492
3.5195000171661	-3.4026621208899
3.5241999626160	-3.3710621037381
3.5288999080658	-3.3424621726638
3.5336000919342	-3.3169526258523
3.5383000373840	-3.2947153461030
3.5429999828339	-3.2759822488002
3.5476999282837	-3.2609539387443
3.5524001121521	-3.2497469399894
3.5571000576019	-3.2423425595821
3.5618000030518	-3.2385712531778
3.5664999485016	-3.2381417368089
3.5711998939514	-3.2406919066687
3.5759000778198	-3.2458611032049
3.5806000232697	-3.2533577609252
3.5852999687195	-3.2630114901673
3.5899999141693	-3.2747930382113
3.5947000980377	-3.2887878663418
3.5994000434875	-3.3051575726241
3.6040999889374	-3.3240644230014
3.6087999343872	-3.3456079949780
3.6135001182556	-3.3697687587766
3.6182000637054	-3.3964004470658
3.6229000091553	-3.4252357541243
3.6275999546051	-3.4559462286215
3.6322999000549	-3.4881983072370
3.6370000839233	-3.5217363902062
3.6417000293732	-3.5564255321534
3.6463999748230	-3.5922725256174
3.6510999202728	-3.6294191165460
3.6558001041412	-3.6680779260244
3.6605000495911	-3.7084749786784
3.6651999950409	-3.7507686402713
3.6698999404907	-3.7950045903948
3.6745998859406	-3.8410837712014
3.6793000698090	-3.8887798708329
3.6840000152588	-3.9377917480840
3.6886999607086	-3.9878133957417
3.6933999061584	-4.0386025911132
3.6981000900269	-4.0900458106884
3.7028000354767	-4.1421786502770
3.7074999809265	-4.1951736424309
3.7121999263763	-4.2492815229448
3.7169001102448	-4.3047648255601
3.7216000556946	-4.3618136782087
3.7263000011444	-4.4204845199339
3.7309999465942	-4.4806751329933
3.7356998920441	-4.5421419466525
3.7404000759125	-4.6045473260998
3.7451000213623	-4.6675374681075
3.7497999668121	-4.7308354163647
3.7544999122620	-4.7942947338162
3.7592000961304	-4.8579312680421
3.7639000415802	-4.9219143364390
3.7685999870300	-4.9864923387069
3.7732999324799	-5.0519254627787
3.7780001163483	-5.1183837548905
3.7827000617981	-5.1858849268616
3.7874000072479	-5.2542586271327
3.7920999526978	-5.3231696681128
3.7967998981476	-5.3921756787798
3.8015000820160	-5.4608222512296
3.8062000274658	-5.5287389781702
3.8108999729156	-5.5957119801248
3.8155999183655	-5.6617197365175
3.8203001022339	-5.7269049871566
3.8250000476837	-5.7915083674856
3.8296999931335	-5.8557664112373
3.8343999385834	-5.9198088180266
3.8390998840332	-5.9835803078786
3.8438000679016	-6.0468148350529
3.8485000133514	-6.1090630219255
3.8531999588013	-6.1697783373096
3.8578999042511	-6.2284236972494
3.8626000881195	-6.2845919022123
3.8673000335693	-6.3380821898086
3.8719999790192	-6.3889336069520
3.8766999244690	-6.4373760309589
3.8814001083374	-6.4837517432306
3.8861000537872	-6.5283803300593
3.8907999992371	-6.5714527844083
3.8954999446869	-6.6129462057177
3.9001998901367	-6.6526115157133
3.9049000740051	-6.6900301722472
3.9096000194550	-6.7247119716718
3.9142999649048	-6.7562355843966
3.9189999103546	-6.7843658371251
3.9237000942230	-6.8091280494159
3.9284000396729	-6.8308195367115
3.9330999851227	-6.8499283707085
3.9377999305725	-6.8670330335857
3.9425001144409	-6.8826438481071
3.9472000598907	-6.8970965172329
3.9519000053406	-6.9104784762799
3.9565999507904	-6.9226372306321
3.9612998962402	-6.9332557864269
3.9660000801086	-6.9419785906385
3.9707000255585	-6.9485539552939
3.9753999710083	-6.9529449292086
3.9800999164581	-6.9553819945355
3.9848001003265	-6.9563512574930
3.9895000457764	-6.9564968526173
3.9941999912262	-6.9564855698349
3.9988999366760	-6.9568658419330
4.0036001205444	-6.9579612646604
4.0082998275757	-6.9598157905435
4.0130000114441	-6.9622269998661
4.0177001953125	-6.9648421013816
4.0223999023438	-6.9672822898036
4.0271000862122	-6.9692986713181
4.0317997932434	-6.9708641243789
4.0364999771118	-6.9722254909582
4.0412001609802	-6.9738640602931
4.0458998680115	-6.9763887640860
4.0506000518799	-6.9804055503859
4.0553002357483	-6.9863705402202
4.0599999427795	-6.9944968886948
4.0647001266479	-7.0047118879108
4.0693998336792	-7.0166954172521
4.0741000175476	-7.0299926717210
4.0788002014160	-7.0441434969414
4.0834999084473	-7.0588361713753
4.0882000923157	-7.0739965127534
4.0928997993469	-7.0898363685609
4.0975999832153	-7.1068015841294
4.1023001670837	-7.1254684125196
4.1069998741150	-7.1463975508871
4.1117000579834	-7.1699898876749
4.1163997650146	-7.1963895756513
4.1210999488831	-7.2254485437052
4.1258001327515	-7.2567712228748
4.1304998397827	-7.2898232472729
4.1352000236511	-7.3240860225337
4.1399002075195	-7.3592041957363
4.1445999145508	-7.3950846575305
4.1493000984192	-7.4319418021957
4.1539998054504	-7.4702489592127
4.1586999893188	-7.5106165459596
4.1634001731873	-7.5536422448700
4.1680998802185	-7.5997505283234
4.1728000640869	-7.6490930561859
4.1774997711182	-7.7015066481188
4.1821999549866	-7.7565628077766
4.1869001388550	-7.8136928333467
4.1915998458862	-7.8723487778140
4.1963000297546	-7.9321712529873
4.2010002136230	-7.9931063426785
4.2056999206543	-8.0554456401496
4.2104001045227	-8.1197817169233
4.2150998115540	-8.1868645564824
4.2197999954224	-8.2574306541635
4.2245001792908	-8.3320259883891
4.2291998863220	-8.4108716886607
4.2339000701904	-8.4938195942480
4.2385997772217	-8.5803958473699
4.2432999610901	-8.6699307714135
4.2480001449585	-8.7617456369082
4.2526998519897	-8.8553376799816
4.2574000358582	-8.9505216572208
4.2621002197266	-9.0474787704325
4.2667999267578	-9.1467010130327
4.2715001106262	-9.2488395846848
4.2761998176575	-9.3544958343069
4.2809000015259	-9.4640130442693
4.2856001853943	-9.5773274635061
4.2902998924255	-9.6939159404710
4.2950000762939	-9.8128728802852
4.2996997833252	-9.9330889567479
4.3043999671936	-10.053506542262
4.3091001510620	-10.173380394852
4.3137998580933	-10.292467116373
4.3185000419617	-10.411086272041
4.3232002258301	-10.530039426802
4.3278999328613	-10.650391489602
4.3326001167297	-10.773176335176
4.3372998237610	-10.899102018542
4.3420000076294	-11.028353343304
4.3467001914978	-11.160523070027
4.3513998985291	-11.294710808451
4.3561000823975	-11.429766661287
4.3607997894287	-11.564626937648
4.3654999732971	-11.698638601153
4.3702001571655	-11.831786455052
4.3748998641968	-11.964745203298
4.3796000480652	-12.098735734439
4.3843002319336	-12.235209461776
4.3889999389648	-12.375462531736
4.3937001228333	-12.520265172458
4.3983998298645	-12.669628217069
4.4031000137329	-12.822761068270
4.4078001976013	-12.978258126472
4.4124999046326	-13.134456639034
4.4172000885010	-13.289912643709
4.4218997955322	-13.443823348624
4.4265999794006	-13.596301257733
4.4313001632690	-13.748381740267
4.4359998703003	-13.901757535864
4.4407000541687	-14.058294940720
4.4454002380371	-14.219489121257
4.4500999450684	-14.385975890835
4.4548001289368	-14.557276109602
4.4594998359680	-14.731817557521
4.4642000198364	-14.907281572609
4.4689002037048	-15.081184895994
4.4735999107361	-15.251560238733
4.4783000946045	-15.417530592154
4.4829998016357	-15.579571100264
4.4876999855042	-15.739380928707
4.4924001693726	-15.899322728162
4.4970998764038	-16.061666531898
4.5018000602722	-16.227772597915
4.5064997673035	-16.397511731060
4.5111999511719	-16.569061997786
4.5159001350403	-16.739186193498
4.5205998420715	-16.903948422948
4.5253000259399	-17.059733235602
4.5300002098083	-17.204204482351
4.5346999168396	-17.336970545653
4.5394001007080	-17.459600766475
4.5440998077393	-17.574997633718
4.5487999916077	-17.686303000411
4.5535001754761	-17.795684114055
4.5581998825073	-17.903378704652
4.5629000663757	-18.007299388336
4.5675997734070	-18.103338208271
4.5722999572754	-18.186359513717
4.5770001411438	-18.251633522330
4.5816998481750	-18.296263305796
4.5864000320435	-18.320107856232
4.5911002159119	-18.325791816046
4.5957999229431	-18.317809052738
4.6005001068115	-18.301027263042
4.6051998138428	-18.279129673427
4.6098999977112	-18.253498682700
4.6146001815796	-18.222839293943
4.6192998886108	-18.183682080591
4.6240000724792	-18.131572627254
4.6286997795105	-18.062674182348
4.6333999633789	-17.975193708802
4.6381001472473	-17.870186885083
4.6427998542786	-17.751387065985
4.6475000381470	-17.624194930578
4.6522002220154	-17.494185149694
4.6568999290466	-17.365604907880
4.6616001129150	-17.240450465141
4.6662998199463	-17.118138465764
4.6710000038147	-16.995976278935
4.6757001876831	-16.870188427097
4.6803998947144	-16.737271232534
4.6851000785828	-16.595223713794
4.6897997856140	-16.444297345018
4.6944999694824	-16.287042907382
4.6992001533508	-16.127620804626
4.7038998603821	-15.970635829241
4.7086000442505	-15.819954061904
4.7133002281189	-15.677742696228
4.7179999351501	-15.544057342120
4.7227001190186	-15.416970072295
4.7273998260498	-15.293248716716
4.7321000099182	-15.169366494055
4.7368001937866	-15.042580007875
4.7414999008179	-14.911789929294
4.7462000846863	-14.777889036100
4.7508997917175	-14.643534301994
4.7555999755859	-14.512383979438
4.7603001594543	-14.388103710258
4.7649998664856	-14.273396850204
4.7697000503540	-14.169354053187
4.7744002342224	-14.075228292125
4.7790999412537	-13.988688658922
4.7838001251221	-13.906516118835
4.7884998321533	-13.825497184790
4.7932000160217	-13.743357105711
4.7979001998901	-13.659437071032
4.8025999069214	-13.574884644219
4.8073000907898	-13.492349852814
4.8119997978210	-13.415220620862
4.8166999816895	-13.346691360369
4.8214001655579	-13.288863587949
4.8260998725891	-13.242151159125
4.8308000564575	-13.205073253871
4.8354997634888	-13.174517858463
4.8401999473572	-13.146371147102
4.8449001312256	-13.116415583189
4.8495998382568	-13.081270884997
4.8543000221252	-13.039078540253
4.8590002059937	-12.989771039360
4.8636999130249	-12.934812711509
4.8684000968933	-12.876535752560
4.8730998039246	-12.817254323563
4.8777999877930	-12.758513787434
4.8825001716614	-12.700610588594
4.8871998786926	-12.642601493285
4.8919000625610	-12.582717799678
4.8965997695923	-12.519088184631
4.9012999534607	-12.450555692849
4.9060001373291	-12.377288363100
4.9106998443604	-12.300998069606
4.9154000282288	-12.224689952664
4.9201002120972	-12.151965293966
4.9247999191284	-12.086157639906
4.9295001029968	-12.029485374010
4.9341998100281	-11.982490536614
4.9388999938965	-11.943877218938
4.9436001777649	-11.910798576155
4.9482998847961	-11.879552906377
4.9530000686646	-11.846527273817
4.9576997756958	-11.809149521298
4.9623999595642	-11.766581070078
4.9671001434326	-11.719926741125
4.9717998504639	-11.671854067211
4.9765000343323	-11.625774568139
4.9812002182007	-11.584808563771
4.9858999252319	-11.550824265967
4.9906001091003	-11.523820200743
4.9952998161316	-11.501769490673
5.0000000000000	-11.480997135348
#Parameters = {R_fat=48; R_glandular=38; R_skin_outer=50; T10=5; T15=7.5; T5=2.5; T_rad=4; T_x=10; T_y=0; T_z=75; Zc=65; skin_thickness=2; Mesh Pass=5}
#"Frequency / GHz"	"S1,1 (Mesh Pass=5) [Magnitude / dB]"
#-------------------------------------------------------
0.30000001192093	-24.431836575149
0.30469998717308	-24.638547835298
0.30939999222755	-23.982641718562
0.31409999728203	-22.995620405596
0.31880000233650	-22.160210833387
0.32350000739098	-21.715334332293
0.32820001244545	-21.778917600253
0.33289998769760	-22.455834402965
0.33759999275208	-23.899565126318
0.34229999780655	-26.276650062109
0.34700000286102	-28.722382598085
0.35170000791550	-26.915793170051
0.35640001296997	-22.574838950423
0.36109998822212	-18.902840055470
0.36579999327660	-16.037499398726
0.37049999833107	-13.772107262995
0.37520000338554	-11.967554928210
0.37990000844002	-10.544594200969
0.38460001349449	-9.4576134350990
0.38929998874664	-8.6767188671771
0.39399999380112	-8.1768910206468
0.39869999885559	-7.9328656417295
0.40340000391006	-7.9185895267742
0.40810000896454	-8.1093535528324
0.41280001401901	-8.4845681798137
0.41749998927116	-9.0295531270476
0.42219999432564	-9.7354656611069
0.42689999938011	-10.596442750764
0.43160000443459	-11.602298184083
0.43630000948906	-12.723187101365
0.44100001454353	-13.882289447618
0.44569998979568	-14.923739318462
0.45039999485016	-15.625116753192
0.45509999990463	-15.827336449916
0.45980000495911	-15.587565463489
0.46450001001358	-15.126469073237
0.46919998526573	-14.654568647656
0.47389999032021	-14.295874199118
0.47859999537468	-14.103341674500
0.48330000042915	-14.089784155075
0.48800000548363	-14.246418006151
0.49270001053810	-14.548519286728
0.49739998579025	-14.952350438471
0.50209999084473	-15.388384271643
0.50679999589920	-15.760463707445
0.51150000095367	-15.966099058359
0.51620000600815	-15.941966211582
0.52090001106262	-15.702097209073
0.52560001611710	-15.326808271124
0.53030002117157	-14.914901712413
0.53500002622604	-14.545482584647
0.53969997167587	-14.266673126407
0.54439997673035	-14.099591075473
0.54909998178482	-14.044730609607
0.55379998683929	-14.085551565417
0.55849999189377	-14.189333167121
0.56319999694824	-14.308219533007
0.56790000200272	-14.385099122318
0.57260000705719	-14.367887270457
0.57730001211166	-14.228720270190
0.58200001716614	-13.975720810252
0.58670002222061	-13.647447274872
0.59140002727509	-13.294842852334
0.59609997272491	-12.964008545236
0.60079997777939	-12.687179880587
0.60549998283386	-12.480703050212
0.61019998788834	-12.346011337991
0.61489999294281	-12.271193685633
0.61959999799728	-12.232712196363
0.62430000305176	-12.198650408001
0.62900000810623	-12.134867373037
0.63370001316071	-12.014026225647
0.63840001821518	-11.824288843091
0.64310002326965	-11.572840945805
0.64780002832413	-11.282027295937
0.65249997377396	-10.980776963089
0.65719997882843	-10.696112508208
0.66189998388290	-10.447677959253
0.66659998893738	-10.245374260033
0.67129999399185	-10.088975039859
0.67599999904633	-9.9689096384319
0.68070000410080	-9.8681117742001
0.68540000915527	-9.7653183748218
0.69010001420975	-9.6399258351927
0.69480001926422	-9.4774492211657
0.69950002431870	-9.2735899379041
0.70420002937317	-9.0349856160981
0.70889997482300	-8.7763982943463
0.71359997987747	-8.5158924135971
0.71829998493195	-8.2701200260865
0.72299998998642	-8.0509301294222
0.72769999504089	-7.8636164367025
0.73240000009537	-7.7064462989913
0.73710000514984	-7.5713317492330
0.74180001020432	-7.4455692723383
0.74650001525879	-7.3146730724563
0.75120002031326	-7.1659067765914
0.75590002536774	-6.9916069038689
0.76059997081757	-6.7911089089244
0.76529997587204	-6.5705484518800
0.76999998092651	-6.3407492212611
0.77469998598099	-6.1141007698615
0.77939999103546	-5.9015842816234
0.78409999608994	-5.7105243845629
0.78880000114441	-5.5433387465043
0.79350000619888	-5.3973003786523
0.79820001125336	-5.2652463314747
0.80290001630783	-5.1372202720614
0.80760002136230	-5.0028549082065
0.81230002641678	-4.8539869623488
0.81699997186661	-4.6867686554540
0.82169997692108	-4.5025811723111
0.82639998197556	-4.3074673642329
0.83109998703003	-4.1103550614740
0.83579999208450	-3.9207458416134
0.84049999713898	-3.7465169222129
0.84520000219345	-3.5922788547887
0.84990000724792	-3.4585011580114
0.85460001230240	-3.3415249291037
0.85930001735687	-3.2344306031915
0.86400002241135	-3.1287057717053
0.86870002746582	-3.0163905439777
0.87339997291565	-2.8921914858104
0.87809997797012	-2.7549195008209
0.88279998302460	-2.6078151817228
0.88749998807907	-2.4576585631355
0.89219999313354	-2.3130341802251
0.89689999818802	-2.1822383390502
0.90160000324249	-2.0714026541926
0.90630000829697	-1.9831503390856
0.91100001335144	-1.9160639176527
0.91570001840591	-1.8650409649256
0.92040002346039	-1.8225469952160
0.92510002851486	-1.7805497800871
0.92979997396469	-1.7327407120043
0.93449997901917	-1.6764438241335
0.93919998407364	-1.6136053304869
0.94389998912811	-1.5505471526762
0.94859999418259	-1.4965731121314
0.95329999923706	-1.4618414415184
0.95800000429153	-1.4551215850124
0.96270000934601	-1.4819458277643
0.96740001440048	-1.5435467205185
0.97210001945496	-1.6368079629777
0.97680002450943	-1.7552991202612
0.98150002956390	-1.8913469921028
0.98619997501373	-2.0388407221291
0.99089998006821	-2.1961830732088
0.99559998512268	-2.3686261378428
1.0003000497818	-2.5692926396749
1.0049999952316	-2.8186046292147
1.0096999406815	-3.1425476330021
1.0144000053406	-3.5706425653201
1.0190999507904	-4.1346466885738
1.0238000154495	-4.8689109021778
1.0284999608994	-5.8130293917721
1.0332000255585	-7.0173739882132
1.0378999710083	-8.5519104527115
1.0426000356674	-10.515628631871
1.0472999811172	-13.017348650306
1.0520000457764	-15.903348970777
1.0566999912262	-17.438400556849
1.0614000558853	-15.525365494443
1.0661000013351	-12.541635620568
1.0707999467850	-9.9983863522319
1.0755000114441	-7.9917728951614
1.0801999568939	-6.4117493954503
1.0849000215530	-5.1637206658123
1.0895999670029	-4.1810911593003
1.0943000316620	-3.4155006385140
1.0989999771118	-2.8284821736823
1.1037000417709	-2.3864488554142
1.1083999872208	-2.0583975101152
1.1131000518799	-1.8155788388501
1.1177999973297	-1.6324204123223
1.1224999427795	-1.4879528836238
1.1272000074387	-1.3670422804438
1.1318999528885	-1.2608430785961
1.1366000175476	-1.1662274999616
1.1412999629974	-1.0842527184587
1.1460000276566	-1.0181151026481
1.1506999731064	-0.97110557971627
1.1554000377655	-0.94504678266414
1.1600999832153	-0.93943142152348
1.1648000478745	-0.95133976756961
1.1694999933243	-0.97600296902870
1.1742000579834	-1.0078121036215
1.1789000034332	-1.0414984899644
1.1835999488831	-1.0731946322573
1.1883000135422	-1.1011091776026
1.1929999589920	-1.1256729891723
1.1977000236511	-1.1491004493310
1.2023999691010	-1.1745548204661
1.2071000337601	-1.2051692398201
1.2117999792099	-1.2431639169924
1.2165000438690	-1.2892980578392
1.2211999893188	-1.3427355470197
1.2259000539780	-1.4012990010222
1.2305999994278	-1.4620537149372
1.2352999448776	-1.5220439341596
1.2400000095367	-1.5789950100044
1.2446999549866	-1.6318458717137
1.2494000196457	-1.6809113894881
1.2540999650955	-1.7277336114661
1.2588000297546	-1.7745782864345
1.2634999752045	-1.8238157665273
1.2682000398636	-1.8772925051130
1.2728999853134	-1.9358921407251
1.2776000499725	-1.9993648494260
1.2822999954224	-2.0664289808032
1.2869999408722	-2.1351360649348
1.2917000055313	-2.2033630888230
1.2963999509811	-2.2693580071814
1.3011000156403	-2.3321532835162
1.3057999610901	-2.3917869576848
1.3105000257492	-2.4492597674230
1.3151999711990	-2.5062416497352
1.3199000358582	-2.5646201239093
1.3245999813080	-2.6260287184714
1.3293000459671	-2.6914567670457
1.3339999914169	-2.7610371058695
1.3387000560760	-2.8340600897351
1.3434000015259	-2.9091703278345
1.3480999469757	-2.9847326859183
1.3528000116348	-3.0592446284135
1.3574999570847	-3.1317138718565
1.3622000217438	-3.2019010647323
1.3668999671936	-3.2703698460227
1.3716000318527	-3.3383328068160
1.3762999773026	-3.4073451633371
1.3810000419617	-3.4789195562636
1.3856999874115	-3.5541763162033
1.3904000520706	-3.6335983956296
1.3950999975204	-3.7169543725213
1.3997999429703	-3.8033846548794
1.4045000076294	-3.8916417591676
1.4091999530792	-3.9804086015870
1.4139000177383	-4.0686421260021
1.4185999631882	-4.1558343231914
1.4233000278473	-4.2421577717756
1.4279999732971	-4.3284214205914
1.4327000379562	-4.4158941877721
1.4373999834061	-4.5060032962563
1.4421000480652	-4.6000257856386
1.4467999935150	-4.6988072491218
1.4515000581741	-4.8026074315636
1.4562000036240	-4.9110751201818
1.4608999490738	-5.0233656922648
1.4656000137329	-5.1383745719855
1.4702999591827	-5.2550257200678
1.4750000238419	-5.3725559203529
1.4796999692917	-5.4907329812609
1.4844000339508	-5.6099417590937
1.4890999794006	-5.7311234488432
1.4938000440598	-5.8555985311221
1.4984999895096	-5.9847856208151
1.5032000541687	-6.1199181411415
1.5078999996185	-6.2618119663558
1.5125999450684	-6.4107160288768
1.5173000097275	-6.5663007320327
1.5219999551773	-6.7277739774857
1.5267000198364	-6.8940939279482
1.5313999652863	-7.0642550276268
1.5361000299454	-7.2375651782135
1.5407999753952	-7.4138608157756
1.5455000400543	-7.5936095756414
1.5501999855042	-7.7778656489456
1.5549000501633	-7.9680916770083
1.5595999956131	-8.1658850042930
1.5642999410629	-8.3726809602783
1.5690000057220	-8.5894775028913
1.5736999511719	-8.8166621889225
1.5784000158310	-9.0539553099902
1.5830999612808	-9.3005019261362
1.5878000259399	-9.5550909027985
1.5924999713898	-9.8164665625505
1.5972000360489	-10.083669539006
1.6018999814987	-10.356331948682
1.6066000461578	-10.634848104196
1.6112999916077	-10.920381508900
1.6160000562668	-11.214686412505
1.6207000017166	-11.519787736739
1.6253999471664	-11.837593986814
1.6301000118256	-12.169507435371
1.6347999572754	-12.516124363178
1.6395000219345	-12.877085482875
1.6441999673843	-13.251101801275
1.6489000320435	-13.636189928071
1.6535999774933	-14.030053995339
1.6583000421524	-14.430564534817
1.6629999876022	-14.836244891172
1.6677000522614	-15.246575134982
1.6723999977112	-15.662098033648
1.6770999431610	-16.084225402980
1.6818000078201	-16.514777073269
1.6864999532700	-16.955389109691
1.6912000179291	-17.406805417388
1.6958999633789	-17.868319169739
1.7006000280380	-18.337320379852
1.7052999734879	-18.809134038353
1.7100000381470	-19.277163695758
1.7146999835968	-19.733317123818
1.7194000482559	-20.168754688371
1.7240999937057	-20.574737260336
1.7288000583649	-20.943560192380
1.7335000038147	-21.269303751548
1.7381999492645	-21.548230715522
1.7429000139236	-21.778951362161
1.7475999593735	-21.962134407699
1.7523000240326	-22.100095622020
1.7569999694824	-22.196149473819
1.7617000341415	-22.253994271154
1.7663999795914	-22.277095422358
1.7711000442505	-22.268314603291
1.7757999897003	-22.229761532953
1.7805000543594	-22.162997625010
1.7851999998093	-22.069526564984
1.7898999452591	-21.951462750795
1.7946000099182	-21.812132552616
1.7992999553680	-21.656354035746
1.8040000200272	-21.490346548834
1.8086999654770	-21.321205605069
1.8134000301361	-21.156050049977
1.8180999755859	-21.001141838115
1.8228000402451	-20.861115406949
1.8274999856949	-20.738468776654
1.8322000503540	-20.633439407787
1.8368999958038	-20.544230899061
1.8415999412537	-20.467586553728
1.8463000059128	-20.399634929141
1.8509999513626	-20.336846572630
1.8557000160217	-20.276934322645
1.8603999614716	-20.219408313129
1.8651000261307	-20.165774849592
1.8697999715805	-20.119157377437
1.8745000362396	-20.083624783081
1.8791999816895	-20.063276625410
1.8839000463486	-20.061402462062
1.8885999917984	-20.079835005291
1.8933000564575	-20.118641201206
1.8980000019073	-20.176144726466
1.9026999473572	-20.249348640484
1.9074000120163	-20.334623400575
1.9120999574661	-20.428557964629
1.9168000221252	-20.528783059922
1.9214999675751	-20.634658193712
1.9262000322342	-20.747485323754
1.9308999776840	-20.870317388740
1.9356000423431	-21.007382248949
1.9402999877930	-21.163258668834
1.9450000524521	-21.342010000526
1.9496999979019	-21.546474692188
1.9543999433517	-21.777871961782
1.9591000080109	-22.035636096509
1.9637999534607	-22.317717086787
1.9685000181198	-22.621072268812
1.9731999635696	-22.942441268453
1.9779000282288	-23.279204157906
1.9825999736786	-23.630056206677
1.9873000383377	-23.995388185354
1.9919999837875	-24.377151147611
1.9967000484467	-24.778210947293
2.0013999938965	-25.201181403122
2.0060999393463	-25.647027950143
2.0107998847961	-26.113356482172
2.0155000686646	-26.592758477601
2.0202000141144	-27.071181953585
2.0248999595642	-27.526724059683
2.0295999050140	-27.929487864424
2.0343000888824	-28.243492040274
2.0390000343323	-28.431670330286
2.0436999797821	-28.463767871281
2.0483999252319	-28.324666998949
2.0531001091003	-28.019006878605
2.0578000545502	-27.569439874474
2.0625000000000	-27.009630702034
2.0671999454498	-26.376120193334
2.0718998908997	-25.702036221290
2.0766000747681	-25.014052969903
2.0813000202179	-24.331610520639
2.0859999656677	-23.667423612215
2.0906999111176	-23.028647890216
2.0954000949860	-22.418125263854
2.1001000404358	-21.835654190258
2.1047999858856	-21.279147886301
2.1094999313354	-20.745744434515
2.1142001152039	-20.232669031153
2.1189000606537	-19.737897157547
2.1236000061035	-19.260513348217
2.1282999515533	-18.800692771777
2.1329998970032	-18.359496131900
2.1377000808716	-17.938382629621
2.1424000263214	-17.538744408124
2.1470999717712	-17.161436545979
2.1517999172211	-16.806503761640
2.1565001010895	-16.473026197265
2.1612000465393	-16.159240638947
2.1658999919891	-15.862782242528
2.1705999374390	-15.581062678378
2.1752998828888	-15.311694157019
2.1800000667572	-15.052858963062
2.1847000122070	-14.803560363982
2.1893999576569	-14.563682663220
2.1940999031067	-14.333850253126
2.1988000869751	-14.115153528098
2.2035000324249	-13.908773570109
2.2081999778748	-13.715623804624
2.2128999233246	-13.536061967540
2.2176001071930	-13.369748575177
2.2223000526428	-13.215673164848
2.2269999980927	-13.072313767814
2.2316999435425	-12.937927704109
2.2363998889923	-12.810877983642
2.2411000728607	-12.689942522711
2.2458000183105	-12.574520907229
2.2504999637604	-12.464698295336
2.2551999092102	-12.361141699658
2.2599000930786	-12.264868507390
2.2646000385284	-12.176949580257
2.2692999839783	-12.098198971816
2.2739999294281	-12.028947113883
2.2787001132965	-11.968920121148
2.2834000587463	-11.917285320753
2.2881000041962	-11.872798933828
2.2927999496460	-11.834073580505
2.2974998950958	-11.799870956949
2.3022000789642	-11.769361067099
2.3069000244141	-11.742283845751
2.3115999698639	-11.718979625509
2.3162999153137	-11.700268668520
2.3210000991821	-11.687218110080
2.3257000446320	-11.680868538423
2.3303999900818	-11.681955137961
2.3350999355316	-11.690731064510
2.3397998809814	-11.706874410768
2.3445000648499	-11.729573924525
2.3492000102997	-11.757711540675
2.3538999557495	-11.790103535015
2.3585999011993	-11.825796390335
2.3633000850677	-11.864296388541
2.3680000305176	-11.905674672244
2.3726999759674	-11.950562789706
2.3773999214172	-11.999991843983
2.3821001052856	-12.055158457641
2.3868000507355	-12.117124773054
2.3914999961853	-12.186589993689
2.3961999416351	-12.263725640501
2.4008998870850	-12.348151535715
2.4056000709534	-12.439039026884
2.4103000164032	-12.535325265540
2.4149999618530	-12.635993344514
2.4196999073029	-12.740358702964
2.4244000911713	-12.848258698556
2.4291000366211	-12.960148593114
2.4337999820709	-13.077040306218
2.4384999275208	-13.200291480620
2.4432001113892	-13.331338296746
2.4479000568390	-13.471407920390
2.4526000022888	-13.621266909675
2.4572999477386	-13.781095356118
2.4619998931885	-13.950503245836
2.4667000770569	-14.128686269546
2.4714000225067	-14.314687706181
2.4760999679565	-14.507719315644
2.4807999134064	-14.707471862849
2.4855000972748	-14.914323831482
2.4902000427246	-15.129400470106
2.4948999881744	-15.354458767644
2.4995999336243	-15.591645837695
2.5043001174927	-15.843146411100
2.5090000629425	-16.110867094515
2.5137000083923	-16.396158657870
2.5183999538422	-16.699713536685
2.5230998992920	-17.021605455496
2.5278000831604	-17.361546247109
2.5325000286102	-17.719251509417
2.5371999740601	-18.094933530835
2.5418999195099	-18.489703903169
2.5466001033783	-18.905942570730
2.5513000488281	-19.347422341658
2.5559999942780	-19.819215189173
2.5606999397278	-20.327455422143
2.5653998851776	-20.878956960730
2.5701000690460	-21.480889344267
2.5748000144958	-22.140601167610
2.5794999599457	-22.865677616106
2.5841999053955	-23.664427284273
2.5889000892639	-24.546836808308
2.5936000347137	-25.526107472311
2.5982999801636	-26.621012490825
2.6029999256134	-27.858943353624
2.6077001094818	-29.279665035748
2.6124000549316	-30.938011156876
2.6171000003815	-32.896535476676
2.6217999458313	-35.161097266823
2.6264998912811	-37.365947352355
2.6312000751495	-38.135498643993
2.6359000205994	-36.584009386494
2.6405999660492	-34.152419901419
2.6452999114990	-31.876043786578
2.6500000953674	-29.942620428161
2.6547000408173	-28.314486668824
2.6593999862671	-26.927509890591
2.6640999317169	-25.727024787763
2.6688001155853	-24.670795606320
2.6735000610352	-23.726817029786
2.6782000064850	-22.871213110615
2.6828999519348	-22.086528150562
2.6875998973846	-21.360501263723
2.6923000812531	-20.684886202428
2.6970000267029	-20.054328827953
2.7016999721527	-19.465313146781
2.7063999176025	-18.915215587761
2.7111001014709	-18.401606103555
2.7158000469208	-17.921742321379
2.7204999923706	-17.472423256301
2.7251999378204	-17.050003654800
2.7298998832703	-16.650657409038
2.7346000671387	-16.270714620506
2.7393000125885	-15.907039094313
2.7439999580383	-15.557296493124
2.7486999034882	-15.220090286253
2.7534000873566	-14.894904778013
2.7581000328064	-14.581871841920
2.7627999782562	-14.281453519616
2.7674999237061	-13.994074573967
2.7722001075745	-13.719824613515
2.7769000530243	-13.458275284688
2.7815999984741	-13.208444368524
2.7862999439240	-12.968901239203
2.7909998893738	-12.737997568954
2.7957000732422	-12.514145163838
2.8004000186920	-12.296072372966
2.8050999641418	-12.083019375190
2.8097999095917	-11.874799608269
2.8145000934601	-11.671724444945
2.8192000389099	-11.474417101210
2.8238999843597	-11.283568742445
2.8285999298096	-11.099689296798
2.8333001136780	-10.922917162233
2.8380000591278	-10.752942245931
2.8427000045776	-10.589031428747
2.8473999500275	-10.430170343096
2.8520998954773	-10.275270403775
2.8568000793457	-10.123392065082
2.8615000247955	-9.9739247489667
2.8661999702454	-9.8266956266981
2.8708999156952	-9.6819516447609
2.8756000995636	-9.5402552964238
2.8803000450134	-9.4022871145596
2.8849999904633	-9.2686488381594
2.8896999359131	-9.1396816144537
2.8943998813629	-9.0153526723125
2.8991000652313	-8.8952617503165
2.9038000106812	-8.7787087274410
2.9084999561310	-8.6648591943337
2.9131999015808	-8.5529424376203
2.9179000854492	-8.4424099983706
2.9226000308990	-8.3330641737569
2.9272999763489	-8.2250697731169
2.9319999217987	-8.1189024289171
2.9367001056671	-8.0151885154066
2.9414000511169	-7.9145377143714
2.9460999965668	-7.8173716412473
2.9507999420166	-7.7238130562208
2.9554998874664	-7.6336426561796
2.9602000713348	-7.5463462784728
2.9649000167847	-7.4612546766166
2.9695999622345	-7.3776857952507
2.9742999076843	-7.2951226473347
2.9790000915527	-7.2133262251564
2.9837000370026	-7.1323851175638
2.9883999824524	-7.0526791987952
2.9930999279022	-6.9747696012364
2.9978001117706	-6.8992426359527
3.0025000572205	-6.8265485856995
3.0072000026703	-6.7568991694700
3.0118999481201	-6.6901835063729
3.0165998935699	-6.6260216764812
3.0213000774384	-6.5638406063739
3.0260000228882	-6.5030194959361
3.0306999683380	-6.4430451277319
3.0353999137878	-6.3836397716630
3.0401000976562	-6.3248166427246
3.0448000431061	-6.2668623786749
3.0494999885559	-6.2102712664704
3.0541999340057	-6.1555882531777
3.0589001178741	-6.1032824372668
3.0636000633240	-6.0536074923460
3.0683000087738	-6.0065425534111
3.0729999542236	-5.9617908401448
3.0776998996735	-5.9188581861760
3.0824000835419	-5.8771666900107
3.0871000289917	-5.8362063323194
3.0917999744415	-5.7956615799367
3.0964999198914	-5.7554697294641
3.1012001037598	-5.7158496319090
3.1059000492096	-5.6772280712755
3.1105999946594	-5.6401153576613
3.1152999401093	-5.6049833647963
3.1199998855591	-5.5721175559657
3.1247000694275	-5.5415668433540
3.1294000148773	-5.5131063363676
3.1340999603271	-5.4863001345055
3.1387999057770	-5.4606090109176
3.1435000896454	-5.4355232085326
3.1482000350952	-5.4106917960393
3.1528999805450	-5.3859958730500
3.1575999259949	-5.3615934486424
3.1623001098633	-5.3378505005991
3.1670000553131	-5.3152496039126
3.1717000007629	-5.2942556328645
3.1763999462128	-5.2752003895182
3.1810998916626	-5.2581749834389
3.1858000755310	-5.2430196375590
3.1905000209808	-5.2293515770963
3.1951999664307	-5.2166578075394
3.1998999118805	-5.2044275769985
3.2046000957489	-5.1922803976490
3.2093000411987	-5.1800511340449
3.2139999866486	-5.1678275945933
3.2186999320984	-5.1559287413680
3.2234001159668	-5.1448043245434
3.2281000614166	-5.1349155509975
3.2328000068665	-5.1266079964258
3.2374999523163	-5.1200161290497
3.2421998977661	-5.1150169139695
3.2469000816345	-5.1112616784520
3.2516000270844	-5.1082530276550
3.2562999725342	-5.1054669189573
3.2609999179840	-5.1024810913458
3.2657001018524	-5.0990747964934
3.2704000473022	-5.0952728838951
3.2750999927521	-5.0913327879248
3.2797999382019	-5.0876665048455
3.2844998836517	-5.0847053252470
3.2892000675201	-5.0827952631949
3.2939000129700	-5.0820752225708
3.2985999584198	-5.0824327037773
3.3032999038696	-5.0835129524482
3.3080000877380	-5.0847954318167
3.3127000331879	-5.0857108201568
3.3173999786377	-5.0857645697034
3.3220999240875	-5.0846535399028
3.3268001079559	-5.0823217408652
3.3315000534058	-5.0789401255541
3.3361999988556	-5.0748578445889
3.3408999443054	-5.0704555378933
3.3455998897552	-5.0660372754809
3.3503000736237	-5.0617061544242
3.3550000190735	-5.0573197853981
3.3596999645233	-5.0524775498403
3.3643999099731	-5.0466008421238
3.3691000938416	-5.0390519670194
3.3738000392914	-5.0292617780331
3.3784999847412	-5.0168482995890
3.3831999301910	-5.0016836395502
3.3879001140594	-4.9838923543449
3.3926000595093	-4.9637817003247
3.3973000049591	-4.9417328720036
3.4019999504089	-4.9180600892952
3.4066998958588	-4.8929033944749
3.4114000797272	-4.8661725725296
3.4161000251770	-4.8375391207718
3.4207999706268	-4.8065250650300
3.4254999160767	-4.7726055943698
3.4302000999451	-4.7353569632646
3.4349000453949	-4.6945691816799
3.4395999908447	-4.6503096296507
3.4442999362946	-4.6029241903266
3.4489998817444	-4.5529728718705
3.4537000656128	-4.5011014384858
3.4584000110626	-4.4479253616648
3.4630999565125	-4.3939063477385
3.4677999019623	-4.3392987725964
3.4725000858307	-4.2841457710114
3.4772000312805	-4.2283426317631
3.4818999767303	-4.1717428966971
3.4865999221802	-4.1142775444468
3.4913001060486	-4.0560479783597
3.4960000514984	-3.9973900115959
3.5006999969482	-3.9388545703447
3.5053999423981	-3.8811512318474
3.5100998878479	-3.8250361877391
3.5148000717163	-3.7711944414954
3.5195000171661	-3.7201348493154
3.5241999626160	-3.6721301610527
3.5288999080658	-3.6272176255152
3.5336000919342	-3.5852479945006
3.5383000373840	-3.5459658499024
3.5429999828339	-3.5091366505596
3.5476999282837	-3.4746262398381
3.5524001121521	-3.4424711273782
3.5571000576019	-3.4128818601009
3.5618000030518	-3.3862159846815
3.5664999485016	-3.3628792925796
3.5711998939514	-3.3432385725370
3.5759000778198	-3.3275245845385
3.5806000232697	-3.3157715364095
3.5852999687195	-3.3078018478082
3.5899999141693	-3.3032604239760
3.5947000980377	-3.3016953578295
3.5994000434875	-3.3026476156321
3.6040999889374	-3.3057557199969
3.6087999343872	-3.3108269900740
3.6135001182556	-3.3178585422876
3.6182000637054	-3.3270274710506
3.6229000091553	-3.3386139777319
3.6275999546051	-3.3529132711935
3.6322999000549	-3.3701400247590
3.6370000839233	-3.3903533632639
3.6417000293732	-3.4134180978024
3.6463999748230	-3.4390200101971
3.6510999202728	-3.4667285143335
3.6558001041412	-3.4960862029928
3.6605000495911	-3.5267017156540
3.6651999950409	-3.5583400207652
3.6698999404907	-3.5909646292699
3.6745998859406	-3.6247368187878
3.6793000698090	-3.6599594806941
3.6840000152588	-3.6969883073214
3.6886999607086	-3.7361310952697
3.6933999061584	-3.7775617260018
3.6981000900269	-3.8212533637823
3.7028000354767	-3.8669848443823
3.7074999809265	-3.9143827411647
3.7121999263763	-3.9630013325631
3.7169001102448	-4.0124351032525
3.7216000556946	-4.0624078862402
3.7263000011444	-4.1128422002195
3.7309999465942	-4.1638790496969
3.7356998920441	-4.2158288416752
3.7404000759125	-4.2690925236788
3.7451000213623	-4.3240547396805
3.7497999668121	-4.3809695209324
3.7544999122620	-4.4398937175359
3.7592000961304	-4.5006572449856
3.7639000415802	-4.5628928293580
3.7685999870300	-4.6261234332879
3.7732999324799	-4.6898671395354
3.7780001163483	-4.7537576218359
3.7827000617981	-4.8176264803461
3.7874000072479	-4.8815404148652
3.7920999526978	-4.9457791749518
3.7967998981476	-5.0107468133290
3.8015000820160	-5.0768597320198
3.8062000274658	-5.1444153893337
3.8108999729156	-5.2134958913066
3.8155999183655	-5.2839225309005
3.8203001022339	-5.3552716334087
3.8250000476837	-5.4269608090821
3.8296999931335	-5.4983659457739
3.8343999385834	-5.5689638510385
3.8390998840332	-5.6384422726689
3.8438000679016	-5.7067603491605
3.8485000133514	-5.7741337263668
3.8531999588013	-5.8409534058669
3.8578999042511	-5.9076459629931
3.8626000881195	-5.9745302083789
3.8673000335693	-6.0416878199427
3.8719999790192	-6.1089029072196
3.8766999244690	-6.1756621593496
3.8814001083374	-6.2412555844580
3.8861000537872	-6.3049193339128
3.8907999992371	-6.3659958090876
3.8954999446869	-6.4240848889549
3.9001998901367	-6.4791169345416
3.9049000740051	-6.5313470880357
3.9096000194550	-6.5812624747394
3.9142999649048	-6.6294168283854
3.9189999103546	-6.6762583278315
3.9237000942230	-6.7219783173702
3.9284000396729	-6.7664293922189
3.9330999851227	-6.8091461689584
3.9377999305725	-6.8494438274052
3.9425001144409	-6.8865930835060
3.9472000598907	-6.9200121824076
3.9519000053406	-6.9494282950149
3.9565999507904	-6.9749694632666
3.9612998962402	-6.9971319166326
3.9660000801086	-7.0166752846429
3.9707000255585	-7.0344312158412
3.9753999710083	-7.0510993545436
3.9800999164581	-7.0670850299188
3.9848001003265	-7.0824182745292
3.9895000457764	-7.0967711413690
3.9941999912262	-7.1095791979857
3.9988999366760	-7.1202286464723
4.0036001205444	-7.1282602912883
4.0082998275757	-7.1335403597782
4.0130000114441	-7.1363393960256
4.0177001953125	-7.1373027638958
4.0223999023438	-7.1373270822938
4.0271000862122	-7.1373591947748
4.0317997932434	-7.1381882090081
4.0364999771118	-7.1402750765281
4.0412001609802	-7.1436772308850
4.0458998680115	-7.1480650416805
4.0506000518799	-7.1528477393395
4.0553002357483	-7.1573651937594
4.0599999427795	-7.1610976794625
4.0647001266479	-7.1638331482436
4.0693998336792	-7.1657683517982
4.0741000175476	-7.1674782260166
4.0788002014160	-7.1697950534284
4.0834999084473	-7.1736191339803
4.0882000923157	-7.1796996837872
4.0928997993469	-7.1884698493429
4.0975999832153	-7.1999434140596
4.1023001670837	-7.2137334496473
4.1069998741150	-7.2291672104251
4.1117000579834	-7.2454693198379
4.1163997650146	-7.2619801460578
4.1210999488831	-7.2783421921383
4.1258001327515	-7.2946091423519
4.1304998397827	-7.3112438850336
4.1352000236511	-7.3290086977585
4.1399002075195	-7.3487744454027
4.1445999145508	-7.3712999530040
4.1493000984192	-7.3970405166607
4.1539998054504	-7.4260245799818
4.1586999893188	-7.4578551903216
4.1634001731873	-7.4917969408257
4.1680998802185	-7.5269663161633
4.1728000640869	-7.5625639111144
4.1774997711182	-7.5980802322948
4.1821999549866	-7.6334336779542
4.1869001388550	-7.6689995706589
4.1915998458862	-7.7055174298473
4.1963000297546	-7.7438949521850
4.2010002136230	-7.7849684524740
4.2056999206543	-7.8292846499629
4.2104001045227	-7.8769486012323
4.2150998115540	-7.9275761171978
4.2197999954224	-7.9803874494466
4.2245001792908	-8.0343807878576
4.2291998863220	-8.0885967319808
4.2339000701904	-8.1423596582893
4.2385997772217	-8.1954574493482
4.2432999610901	-8.2482038829583
4.2480001449585	-8.3013701006022
4.2526998519897	-8.3559797524314
4.2574000358582	-8.4130461030193
4.2621002197266	-8.4733075388420
4.2667999267578	-8.5370372222881
4.2715001106262	-8.6039582820360
4.2761998176575	-8.6733148711992
4.2809000015259	-8.7440689349919
4.2856001853943	-8.8151805282105
4.2902998924255	-8.8859017836386
4.2950000762939	-8.9560202944630
4.2996997833252	-9.0259609699344
4.3043999671936	-9.0967280273979
4.3091001510620	-9.1697085583857
4.3137998580933	-9.2463535731828
4.3185000419617	-9.3278729478502
4.3232002258301	-9.4149586835283
4.3278999328613	-9.5076589626208
4.3326001167297	-9.6053981793263
4.3372998237610	-9.7071625741193
4.3420000076294	-9.8117954035168
4.3467001914978	-9.9183493627644
4.3513998985291	-10.026371683620
4.3561000823975	-10.136090685692
4.3607997894287	-10.248397470145
4.3654999732971	-10.364645526825
4.3702001571655	-10.486312317134
4.3748998641968	-10.614607070008
4.3796000480652	-10.750118184327
4.3843002319336	-10.892601017085
4.3889999389648	-11.040954998785
4.3937001228333	-11.193414789203
4.3983998298645	-11.347925456892
4.4031000137329	-11.502622505796
4.4078001976013	-11.656302796114
4.4124999046326	-11.808726012787
4.4172000885010	-11.960694996291
4.4218997955322	-12.113826336749
4.4265999794006	-12.270096332877
4.4313001632690	-12.431270329644
4.4359998703003	-12.598362630018
4.4407000541687	-12.771266925527
4.4454002380371	-12.948670113587
4.4500999450684	-13.128287008779
4.4548001289368	-13.307370152994
4.4594998359680	-13.483415884418
4.4642000198364	-13.654855792494
4.4689002037048	-13.821531942132
4.4735999107361	-13.984788467459
4.4783000946045	-14.147115394153
4.4829998016357	-14.311450025348
4.4876999855042	-14.480297605044
4.4924001693726	-14.654946010194
4.4970998764038	-14.834944420502
4.5018000602722	-15.018030764447
4.5064997673035	-15.200545956598
4.5111999511719	-15.378278799491
4.5159001350403	-15.547563108977
4.5205998420715	-15.706313633623
4.5253000259399	-15.854652017176
4.5300002098083	-15.994857907480
4.5346999168396	-16.130650372979
4.5394001007080	-16.265972965830
4.5440998077393	-16.403668736592
4.5487999916077	-16.544426472006
4.5535001754761	-16.686251918555
4.5581998825073	-16.824700682507
4.5629000663757	-16.953841052030
4.5675997734070	-17.067760319891
4.5722999572754	-17.162266428130
4.5770001411438	-17.236141586888
4.5816998481750	-17.291519632856
4.5864000320435	-17.333123940835
4.5911002159119	-17.366709062889
4.5957999229431	-17.397170856498
4.6005001068115	-17.426951078100
4.6051998138428	-17.455220252637
4.6098999977112	-17.477967307679
4.6146001815796	-17.489110347741
4.6192998886108	-17.482303342567
4.6240000724792	-17.452999383646
4.6286997795105	-17.400022253217
4.6333999633789	-17.326094396585
4.6381001472473	-17.237066696303
4.6427998542786	-17.140181966179
4.6475000381470	-17.042015691478
4.6522002220154	-16.946730477925
4.6568999290466	-16.855159586369
4.6616001129150	-16.764824037694
4.6662998199463	-16.670844961015
4.6710000038147	-16.567577511367
4.6757001876831	-16.450468575041
4.6803998947144	-16.317608261219
4.6851000785828	-16.170473336961
4.6897997856140	-16.013567683307
4.6944999694824	-15.853137698679
4.6992001533508	-15.695462103017
4.7038998603821	-15.545250037987
4.7086000442505	-15.404558173041
4.7133002281189	-15.272471064114
4.7179999351501	-15.145537189046
4.7227001190186	-15.018849149646
4.7273998260498	-14.887498793945
4.7321000099182	-14.748058106146
4.7368001937866	-14.599605257192
4.7414999008179	-14.444030341414
4.7462000846863	-14.285473017597
4.7508997917175	-14.129148411909
4.7555999755859	-13.979941376193
4.7603001594543	-13.841151107099
4.7649998664856	-13.713775061500
4.7697000503540	-13.596311986934
4.7744002342224	-13.485272395937
4.7790999412537	-13.376116596756
4.7838001251221	-13.264514470879
4.7884998321533	-13.147549684175
4.7932000160217	-13.024528067062
4.7979001998901	-12.897185295880
4.8025999069214	-12.769157837435
4.8073000907898	-12.644963896296
4.8119997978210	-12.528784005243
4.8166999816895	-12.423399821352
4.8214001655579	-12.329518861492
4.8260998725891	-12.245638700743
4.8308000564575	-12.168461825713
4.8354997634888	-12.093733491679
4.8401999473572	-12.017362672930
4.8449001312256	-11.936537589849
4.8495998382568	-11.850465832161
4.8543000221252	-11.760616755499
4.8590002059937	-11.670257805148
4.8636999130249	-11.583561027691
4.8684000968933	-11.504449696319
4.8730998039246	-11.435578257975
4.8777999877930	-11.377652633711
4.8825001716614	-11.329251145160
4.8871998786926	-11.287153595478
4.8919000625610	-11.247146027007
4.8965997695923	-11.205090044912
4.9012999534607	-11.158016450899
4.9060001373291	-11.104946582938
4.9106998443604	-11.047162976280
4.9154000282288	-10.987827991848
4.9201002120972	-10.931098799213
4.9247999191284	-10.880981288237
4.9295001029968	-10.840255470183
4.9341998100281	-10.809740335075
4.9388999938965	-10.788052613759
4.9436001777649	-10.771881140050
4.9482998847961	-10.756805703353
4.9530000686646	-10.738362928034
4.9576997756958	-10.713245824233
4.9623999595642	-10.680179926364
4.9671001434326	-10.640249980770
4.9717998504639	-10.596523855803
4.9765000343323	-10.553118961660
4.9812002182007	-10.513936967418
4.9858999252319	-10.481499018686
4.9906001091003	-10.456112469719
4.9952998161316	-10.435588651635
5.0000000000000	-10.415596805716
#Parameters = {R_fat=48; R_glandular=38; R_skin_outer=50; T10=5; T15=7.5; T5=2.5; T_rad=4; T_x=10; T_y=0; T_z=75; Zc=65; skin_thickness=2; Mesh Pass=6}
#"Frequency / GHz"	"S1,1 (Mesh Pass=6) [Magnitude / dB]"
#-------------------------------------------------------
0.30000001192093	-23.457958538662
0.30469998717308	-24.272536064037
0.30939999222755	-25.690363556262
0.31409999728203	-27.828614461912
0.31880000233650	-30.219577864993
0.32350000739098	-29.973480188764
0.32820001244545	-26.579832996664
0.33289998769760	-23.155448377675
0.33759999275208	-20.396267866562
0.34229999780655	-18.186471223151
0.34700000286102	-16.378535870962
0.35170000791550	-14.868823256728
0.35640001296997	-13.589554024774
0.36109998822212	-12.498035012192
0.36579999327660	-11.569476444045
0.37049999833107	-10.792027387777
0.37520000338554	-10.162561709966
0.37990000844002	-9.6823314720942
0.38460001349449	-9.3524209782316
0.38929998874664	-9.1698737478440
0.39399999380112	-9.1257451367733
0.39869999885559	-9.2058109729309
0.40340000391006	-9.3934846251224
0.40810000896454	-9.6735348345687
0.41280001401901	-10.035182113782
0.41749998927116	-10.473861201836
0.42219999432564	-10.991549397224
0.42689999938011	-11.595720985990
0.43160000443459	-12.296757400194
0.43630000948906	-13.102834687254
0.44100001454353	-14.010073892221
0.44569998979568	-14.984549400404
0.45039999485016	-15.935232509149
0.45509999990463	-16.695226529528
0.45980000495911	-17.067210883406
0.46450001001358	-16.962303138221
0.46919998526573	-16.487588390437
0.47389999032021	-15.849658590682
0.47859999537468	-15.220067817072
0.48330000042915	-14.695812591366
0.48800000548363	-14.318548785193
0.49270001053810	-14.098753762233
0.49739998579025	-14.029336705268
0.50209999084473	-14.089930349217
0.50679999589920	-14.245558904888
0.51150000095367	-14.443697537488
0.51620000600815	-14.615431102891
0.52090001106262	-14.687838332574
0.52560001611710	-14.608993811361
0.53030002117157	-14.371603495202
0.53500002622604	-14.014665759928
0.53969997167587	-13.601500896252
0.54439997673035	-13.193806942538
0.54909998178482	-12.837143790800
0.55379998683929	-12.557973949692
0.55849999189377	-12.365833671428
0.56319999694824	-12.256051666272
0.56790000200272	-12.211499849238
0.57260000705719	-12.204164742685
0.57730001211166	-12.198279016103
0.58200001716614	-12.156767071080
0.58670002222061	-12.050730270334
0.59140002727509	-11.868428847087
0.59609997272491	-11.618451336050
0.60079997777939	-11.325106100192
0.60549998283386	-11.019194247338
0.61019998788834	-10.729333319830
0.61489999294281	-10.476648154031
0.61959999799728	-10.272691147147
0.62430000305176	-10.119252909061
0.62900000810623	-10.009061502355
0.63370001316071	-9.9271604573407
0.63840001821518	-9.8533379234216
0.64310002326965	-9.7659347227639
0.64780002832413	-9.6468064816836
0.65249997377396	-9.4859617916652
0.65719997882843	-9.2839926121069
0.66189998388290	-9.0511676851710
0.66659998893738	-8.8037422619301
0.67129999399185	-8.5593605517705
0.67599999904633	-8.3331392848099
0.68070000410080	-8.1351832374449
0.68540000915527	-7.9694330232876
0.69010001420975	-7.8335339159875
0.69480001926422	-7.7195344291847
0.69950002431870	-7.6154085421740
0.70420002937317	-7.5074553452255
0.70889997482300	-7.3832684658248
0.71359997987747	-7.2346460042366
0.71829998493195	-7.0594738348227
0.72299998998642	-6.8619277204088
0.72769999504089	-6.6509734641841
0.73240000009537	-6.4378671197168
0.73710000514984	-6.2335176275547
0.74180001020432	-6.0463543258078
0.74650001525879	-5.8809777411194
0.75120002031326	-5.7375891523864
0.75590002536774	-5.6121592455574
0.76059997081757	-5.4972874959555
0.76529997587204	-5.3837242377700
0.76999998092651	-5.2623627813922
0.77469998598099	-5.1262794671255
0.77939999103546	-4.9723186067153
0.78409999608994	-4.8017068223128
0.78880000114441	-4.6195561626751
0.79350000619888	-4.4334834723770
0.79820001125336	-4.2518079393927
0.80290001630783	-4.0818183769833
0.80760002136230	-3.9284192413251
0.81230002641678	-3.7933298112225
0.81699997186661	-3.6748787025086
0.82169997692108	-3.5684076274948
0.82639998197556	-3.4672433405613
0.83109998703003	-3.3641401582626
0.83579999208450	-3.2528918461354
0.84049999713898	-3.1297690060092
0.84520000219345	-2.9943880113962
0.84990000724792	-2.8497638277039
0.85460001230240	-2.7015756542823
0.85930001735687	-2.5568764235133
0.86400002241135	-2.4226261818932
0.86870002746582	-2.3043232500920
0.87339997291565	-2.2050192334229
0.87809997797012	-2.1248169224761
0.88279998302460	-2.0609040564956
0.88749998807907	-2.0081858912223
0.89219999313354	-1.9603898660451
0.89689999818802	-1.9114988837779
0.90160000324249	-1.8572195816635
0.90630000829697	-1.7961238930965
0.91100001335144	-1.7301437485389
0.91570001840591	-1.6643271408359
0.92040002346039	-1.6058869109723
0.92510002851486	-1.5628431419517
0.92979997396469	-1.5425598811338
0.93449997901917	-1.5504978822779
0.93919998407364	-1.5893709747615
0.94389998912811	-1.6588584200964
0.94859999418259	-1.7559339820122
0.95329999923706	-1.8757791608057
0.95800000429153	-2.0132245906361
0.96270000934601	-2.1644818503564
0.96740001440048	-2.3288825160866
0.97210001945496	-2.5102239206014
0.97680002450943	-2.7174210155301
0.98150002956390	-2.9643200644831
0.98619997501373	-3.2688744391411
0.99089998006821	-3.6520849723632
0.99559998512268	-4.1372023048928
1.0003000497818	-4.7497899743677
1.0049999952316	-5.5190943231372
1.0096999406815	-6.4814053325231
1.0144000053406	-7.6864657742317
1.0190999507904	-9.2094605939495
1.0238000154495	-11.174341103321
1.0284999608994	-13.800367265528
1.0332000255585	-17.459300076540
1.0378999710083	-21.886692075471
1.0426000356674	-20.902612684955
1.0472999811172	-16.340596756852
1.0520000457764	-12.878362691063
1.0566999912262	-10.351917062248
1.0614000558853	-8.4251393749307
1.0661000013351	-6.9079077070955
1.0707999467850	-5.6916637732054
1.0755000114441	-4.7097304709070
1.0801999568939	-3.9175853703929
1.0849000215530	-3.2826573659426
1.0895999670029	-2.7788223553220
1.0943000316620	-2.3834857519955
1.0989999771118	-2.0762638149411
1.1037000417709	-1.8386201489430
1.1083999872208	-1.6541185832563
1.1131000518799	-1.5088802496135
1.1177999973297	-1.3920371374437
1.1224999427795	-1.2959136477188
1.1272000074387	-1.2158895061165
1.1318999528885	-1.1498792160654
1.1366000175476	-1.0975994738510
1.1412999629974	-1.0596957357987
1.1460000276566	-1.0369630019612
1.1506999731064	-1.0297146800164
1.1554000377655	-1.0374390444944
1.1600999832153	-1.0586817924362
1.1648000478745	-1.0911989187999
1.1694999933243	-1.1322454812976
1.1742000579834	-1.1789838134842
1.1789000034332	-1.2288730626019
1.1835999488831	-1.2800053641487
1.1883000135422	-1.3312949311722
1.1929999589920	-1.3825245353248
1.1977000236511	-1.4342091442604
1.2023999691010	-1.4873572600196
1.2071000337601	-1.5431567736861
1.2117999792099	-1.6026643870788
1.2165000438690	-1.6665769966801
1.2211999893188	-1.7350715656676
1.2259000539780	-1.8077887364020
1.2305999994278	-1.8839083505746
1.2352999448776	-1.9623236978961
1.2400000095367	-2.0418451685570
1.2446999549866	-2.1214175610054
1.2494000196457	-2.2003039400258
1.2540999650955	-2.2781881884172
1.2588000297546	-2.3552039602938
1.2634999752045	-2.4318674624380
1.2682000398636	-2.5089373031124
1.2728999853134	-2.5872467375076
1.2776000499725	-2.6675301716097
1.2822999954224	-2.7502736205125
1.2869999408722	-2.8356351906352
1.2917000055313	-2.9234294741368
1.2963999509811	-3.0131791522835
1.3011000156403	-3.1042188597259
1.3057999610901	-3.1958357142215
1.3105000257492	-3.2874119637056
1.3151999711990	-3.3785425927880
1.3199000358582	-3.4691127519161
1.3245999813080	-3.5593098667326
1.3293000459671	-3.6495844453665
1.3339999914169	-3.7405503156568
1.3387000560760	-3.8328632573004
1.3434000015259	-3.9271012674144
1.3480999469757	-4.0236539800957
1.3528000116348	-4.1226677588072
1.3574999570847	-4.2240245253418
1.3622000217438	-4.3273913878938
1.3668999671936	-4.4322950773124
1.3716000318527	-4.5382276912203
1.3762999773026	-4.6447613723845
1.3810000419617	-4.7516434631926
1.3856999874115	-4.8588524729419
1.3904000520706	-4.9666132638321
1.3950999975204	-5.0753611236277
1.3997999429703	-5.1856678228246
1.4045000076294	-5.2981307830848
1.4091999530792	-5.4132869939656
1.4139000177383	-5.5315083681664
1.4185999631882	-5.6529603071250
1.4233000278473	-5.7775795384583
1.4279999732971	-5.9051169779516
1.4327000379562	-6.0351957717309
1.4373999834061	-6.1674122359500
1.4421000480652	-6.3014307864660
1.4467999935150	-6.4370716233336
1.4515000581741	-6.5743692597768
1.4562000036240	-6.7135829575301
1.4608999490738	-6.8551705451647
1.4656000137329	-6.9997234969812
1.4702999591827	-7.1478643834344
1.4750000238419	-7.3001638730488
1.4796999692917	-7.4570372583177
1.4844000339508	-7.6186991464859
1.4890999794006	-7.7851354369295
1.4938000440598	-7.9561274132270
1.4984999895096	-8.1313142347530
1.5032000541687	-8.3102808037779
1.5078999996185	-8.4926571985791
1.5125999450684	-8.6782121119794
1.5173000097275	-8.8669190389153
1.5219999551773	-9.0589880449970
1.5267000198364	-9.2548431107403
1.5313999652863	-9.4550588293843
1.5361000299454	-9.6602700969952
1.5407999753952	-9.8710563955523
1.5455000400543	-10.087837789977
1.5501999855042	-10.310794822368
1.5549000501633	-10.539821473760
1.5595999956131	-10.774526510517
1.5642999410629	-11.014287451647
1.5690000057220	-11.258336821194
1.5736999511719	-11.505877322722
1.5784000158310	-11.756198281670
1.5830999612808	-12.008776322457
1.5878000259399	-12.263324360397
1.5924999713898	-12.519800007861
1.5972000360489	-12.778343672236
1.6018999814987	-13.039169303988
1.6066000461578	-13.302433120345
1.6112999916077	-13.568078214326
1.6160000562668	-13.835713590555
1.6207000017166	-14.104532856293
1.6253999471664	-14.373283149757
1.6301000118256	-14.640321843835
1.6347999572754	-14.903716361631
1.6395000219345	-15.161404596954
1.6441999673843	-15.411392843142
1.6489000320435	-15.651926540135
1.6535999774933	-15.881620409733
1.6583000421524	-16.099561337789
1.6629999876022	-16.305274531184
1.6677000522614	-16.498663749449
1.6723999977112	-16.679859518103
1.6770999431610	-16.849073631525
1.6818000078201	-17.006436791787
1.6864999532700	-17.151862276900
1.6912000179291	-17.285045791120
1.6958999633789	-17.405423855670
1.7006000280380	-17.512339321380
1.7052999734879	-17.605163190015
1.7100000381470	-17.683510719815
1.7146999835968	-17.747431753295
1.7194000482559	-17.797556197076
1.7240999937057	-17.835140002090
1.7288000583649	-17.862031330676
1.7335000038147	-17.880496460878
1.7381999492645	-17.893025052750
1.7429000139236	-17.902037839491
1.7475999593735	-17.909655897523
1.7523000240326	-17.917478646166
1.7569999694824	-17.926488497125
1.7617000341415	-17.937058428318
1.7663999795914	-17.949043377718
1.7711000442505	-17.961984402413
1.7757999897003	-17.975370695095
1.7805000543594	-17.988892143280
1.7851999998093	-18.002664976718
1.7898999452591	-18.017328740091
1.7946000099182	-18.034079677771
1.7992999553680	-18.054524590793
1.8040000200272	-18.080484441842
1.8086999654770	-18.113723587722
1.8134000301361	-18.155700138312
1.8180999755859	-18.207356303365
1.8228000402451	-18.269027854021
1.8274999856949	-18.340456036098
1.8322000503540	-18.420897763018
1.8368999958038	-18.509374411230
1.8415999412537	-18.604949537646
1.8463000059128	-18.706998878645
1.8509999513626	-18.815451933530
1.8557000160217	-18.930903671910
1.8603999614716	-19.054630210698
1.8651000261307	-19.188424728364
1.8697999715805	-19.334363551107
1.8745000362396	-19.494526248649
1.8791999816895	-19.670705815153
1.8839000463486	-19.864222493000
1.8885999917984	-20.075817567564
1.8933000564575	-20.305679012877
1.8980000019073	-20.553630686427
1.9026999473572	-20.819406247341
1.9074000120163	-21.102993505425
1.9120999574661	-21.405009279048
1.9168000221252	-21.727000712533
1.9214999675751	-22.071650946476
1.9262000322342	-22.442827636325
1.9308999776840	-22.845509825200
1.9356000423431	-23.285618956497
1.9402999877930	-23.769796942149
1.9450000524521	-24.305359522154
1.9496999979019	-24.900216895122
1.9543999433517	-25.563242297277
1.9591000080109	-26.304895024455
1.9637999534607	-27.138392268591
1.9685000181198	-28.081675642982
1.9731999635696	-29.160566040455
1.9779000282288	-30.414080928736
1.9825999736786	-31.904055197618
1.9873000383377	-33.733974670278
1.9919999837875	-36.091172960942
1.9967000484467	-39.351507282978
2.0013999938965	-44.283759342387
2.0060999393463	-48.598158998773
2.0107998847961	-42.986656450405
2.0155000686646	-38.204034782966
2.0202000141144	-34.939582515370
2.0248999595642	-32.504205958563
2.0295999050140	-30.570551767481
2.0343000888824	-28.970888886121
2.0390000343323	-27.608774633393
2.0436999797821	-26.423387475275
2.0483999252319	-25.373624948972
2.0531001091003	-24.430351486576
2.0578000545502	-23.572312623380
2.0625000000000	-22.783841107600
2.0671999454498	-22.053435906454
2.0718998908997	-21.372768873098
2.0766000747681	-20.735912616840
2.0813000202179	-20.138660338683
2.0859999656677	-19.577941934774
2.0906999111176	-19.051353545766
2.0954000949860	-18.556772902633
2.1001000404358	-18.092094540515
2.1047999858856	-17.655100166600
2.1094999313354	-17.243442925529
2.1142001152039	-16.854702797032
2.1189000606537	-16.486521818827
2.1236000061035	-16.136744640051
2.1282999515533	-15.803565089015
2.1329998970032	-15.485625062799
2.1377000808716	-15.182032902290
2.1424000263214	-14.892332735657
2.1470999717712	-14.616402811385
2.1517999172211	-14.354287529782
2.1565001010895	-14.106065798376
2.1612000465393	-13.871705446184
2.1658999919891	-13.650948048129
2.1705999374390	-13.443287106857
2.1752998828888	-13.247980638518
2.1800000667572	-13.064109663128
2.1847000122070	-12.890711652205
2.1893999576569	-12.726877295851
2.1940999031067	-12.571884077235
2.1988000869751	-12.425248429248
2.2035000324249	-12.286767771621
2.2081999778748	-12.156481806734
2.2128999233246	-12.034590971475
2.2176001071930	-11.921361788826
2.2223000526428	-11.817005036939
2.2269999980927	-11.721584571233
2.2316999435425	-11.634956776996
2.2363998889923	-11.556754579690
2.2411000728607	-11.486437132483
2.2458000183105	-11.423348373954
2.2504999637604	-11.366834368654
2.2551999092102	-11.316335156632
2.2599000930786	-11.271468043088
2.2646000385284	-11.232085238566
2.2692999839783	-11.198249255745
2.2739999294281	-11.170204444038
2.2787001132965	-11.148280231883
2.2834000587463	-11.132794053542
2.2881000041962	-11.123962173834
2.2927999496460	-11.121821404098
2.2974998950958	-11.126202150213
2.3022000789642	-11.136752973950
2.3069000244141	-11.152991197950
2.3115999698639	-11.174400117640
2.3162999153137	-11.200517945637
2.3210000991821	-11.231042284679
2.3257000446320	-11.265871566770
2.3303999900818	-11.305126711404
2.3350999355316	-11.349122235538
2.3397998809814	-11.398292456948
2.3445000648499	-11.453088770966
2.3492000102997	-11.513887984607
2.3538999557495	-11.580904062975
2.3585999011993	-11.654158448519
2.3633000850677	-11.733469590844
2.3680000305176	-11.818507327219
2.3726999759674	-11.908871571787
2.3773999214172	-12.004196930689
2.3821001052856	-12.104259500661
2.3868000507355	-12.209032942903
2.3914999961853	-12.318735982925
2.3961999416351	-12.433806016024
2.4008998870850	-12.554840955932
2.4056000709534	-12.682504754741
2.4103000164032	-12.817399780911
2.4149999618530	-12.960003842321
2.4196999073029	-13.110587890230
2.4244000911713	-13.269204241660
2.4291000366211	-13.435726148087
2.4337999820709	-13.609936580217
2.4384999275208	-13.791635061848
2.4432001113892	-13.980758471872
2.4479000568390	-14.177477628463
2.4526000022888	-14.382258382684
2.4572999477386	-14.595871161922
2.4619998931885	-14.819316068643
2.4667000770569	-15.053739798019
2.4714000225067	-15.300302697887
2.4760999679565	-15.560057824406
2.4807999134064	-15.833860060651
2.4855000972748	-16.122316965470
2.4902000427246	-16.425841447777
2.4948999881744	-16.744718793026
2.4995999336243	-17.079265799358
2.5043001174927	-17.430000236094
2.5090000629425	-17.797805101334
2.5137000083923	-18.184039246583
2.5183999538422	-18.590608331059
2.5230998992920	-19.019879667761
2.5278000831604	-19.474555753155
2.5325000286102	-19.957445210099
2.5371999740601	-20.471157155762
2.5418999195099	-21.017779815241
2.5466001033783	-21.598499972386
2.5513000488281	-22.213214140832
2.5559999942780	-22.860005110184
2.5606999397278	-23.534476212636
2.5653998851776	-24.228702165127
2.5701000690460	-24.929620958215
2.5748000144958	-25.616731170765
2.5794999599457	-26.259368158111
2.5841999053955	-26.814650860022
2.5889000892639	-27.229287338714
2.5936000347137	-27.448757003808
2.5982999801636	-27.434634550416
2.6029999256134	-27.181540796468
2.6077001094818	-26.720868237456
2.6124000549316	-26.107653251820
2.6171000003815	-25.401219424121
2.6217999458313	-24.651537677448
2.6264998912811	-23.894402135598
2.6312000751495	-23.152440631575
2.6359000205994	-22.438227258264
2.6405999660492	-21.757484419217
2.6452999114990	-21.111624400995
2.6500000953674	-20.499601487134
2.6547000408173	-19.919217343762
2.6593999862671	-19.367948207263
2.6640999317169	-18.843443263618
2.6688001155853	-18.343796857529
2.6735000610352	-17.867580345513
2.6782000064850	-17.413760867674
2.6828999519348	-16.981544646291
2.6875998973846	-16.570200526963
2.6923000812531	-16.178891137658
2.6970000267029	-15.806586581625
2.7016999721527	-15.452026183437
2.7063999176025	-15.113769374996
2.7111001014709	-14.790277291207
2.7158000469208	-14.480049103848
2.7204999923706	-14.181739635791
2.7251999378204	-13.894266470213
2.7298998832703	-13.616855030938
2.7346000671387	-13.349035225498
2.7393000125885	-13.090584231220
2.7439999580383	-12.841429395846
2.7486999034882	-12.601525293881
2.7534000873566	-12.370757948642
2.7581000328064	-12.148857973394
2.7627999782562	-11.935380245510
2.7674999237061	-11.729711301264
2.7722001075745	-11.531120844216
2.7769000530243	-11.338866425412
2.7815999984741	-11.152267178299
2.7862999439240	-10.970793794560
2.7909998893738	-10.794105493067
2.7957000732422	-10.622070217429
2.8004000186920	-10.454713280199
2.8050999641418	-10.292165261512
2.8097999095917	-10.134567849497
2.8145000934601	-9.9819914513144
2.8192000389099	-9.8343807451877
2.8238999843597	-9.6915232429926
2.8285999298096	-9.5530693390361
2.8333001136780	-9.4185641139988
2.8380000591278	-9.2875279679716
2.8427000045776	-9.1595218805266
2.8473999500275	-9.0342337781894
2.8520998954773	-8.9114842852531
2.8568000793457	-8.7912730968942
2.8615000247955	-8.6737167728163
2.8661999702454	-8.5590118778462
2.8708999156952	-8.4473553865589
2.8756000995636	-8.3388860636216
2.8803000450134	-8.2336248737852
2.8849999904633	-8.1314527896942
2.8896999359131	-8.0321288689159
2.8943998813629	-7.9353245452265
2.8991000652313	-7.8406873452063
2.9038000106812	-7.7479086407591
2.9084999561310	-7.6567741747500
2.9131999015808	-7.5672035901856
2.9179000854492	-7.4792545128243
2.9226000308990	-7.3930836466099
2.9272999763489	-7.3089172097447
2.9319999217987	-7.2269678853513
2.9367001056671	-7.1473887829540
2.9414000511169	-7.0702237259817
2.9460999965668	-6.9953905982300
2.9507999420166	-6.9226983560092
2.9554998874664	-6.8518821109355
2.9602000713348	-6.7826590842595
2.9649000167847	-6.7147838842333
2.9695999622345	-6.6481061590823
2.9742999076843	-6.5825923543452
2.9790000915527	-6.5183253225828
2.9837000370026	-6.4554846516864
2.9883999824524	-6.3942890827787
2.9930999279022	-6.3349445137032
2.9978001117706	-6.2775915819871
3.0025000572205	-6.2222692374483
3.0072000026703	-6.1689030422088
3.0118999481201	-6.1173130602766
3.0165998935699	-6.0672598060295
3.0213000774384	-6.0184988324737
3.0260000228882	-5.9708198554671
3.0306999683380	-5.9241059871583
3.0353999137878	-5.8783522913539
3.0401000976562	-5.8336529483378
3.0448000431061	-5.7901857591538
3.0494999885559	-5.7481605267880
3.0541999340057	-5.7077608342879
3.0589001178741	-5.6691100522570
3.0636000633240	-5.6322243570974
3.0683000087738	-5.5970167454624
3.0729999542236	-5.5633081222646
3.0776998996735	-5.5308764295957
3.0824000835419	-5.4994830677604
3.0871000289917	-5.4689523708983
3.0917999744415	-5.4391868401974
3.0964999198914	-5.4101966929881
3.1012001037598	-5.3820891256092
3.1059000492096	-5.3550378507540
3.1105999946594	-5.3292399903021
3.1152999401093	-5.3048635193885
3.1199998855591	-5.2820049035534
3.1247000694275	-5.2606603593217
3.1294000148773	-5.2407267943006
3.1340999603271	-5.2220232204200
3.1387999057770	-5.2043225647571
3.1435000896454	-5.1874077377383
3.1482000350952	-5.1711145427659
3.1528999805450	-5.1553728285817
3.1575999259949	-5.1402055966402
3.1623001098633	-5.1257335914472
3.1670000553131	-5.1121324902945
3.1717000007629	-5.0995888073936
3.1763999462128	-5.0882552763944
3.1810998916626	-5.0782036940758
3.1858000755310	-5.0694124481293
3.1905000209808	-5.0617557344591
3.1951999664307	-5.0550439766593
3.1998999118805	-5.0490446000673
3.2046000957489	-5.0435535870122
3.2093000411987	-5.0384154530316
3.2139999866486	-5.0335758402894
3.2186999320984	-5.0290725981328
3.2234001159668	-5.0250322608666
3.2281000614166	-5.0216265653276
3.2328000068665	-5.0190261955821
3.2374999523163	-5.0173552109174
3.2421998977661	-5.0166632482799
3.2469000816345	-5.0168865615774
3.2516000270844	-5.0178723408065
3.2562999725342	-5.0194027365090
3.2609999179840	-5.0212278324649
3.2657001018524	-5.0231277402671
3.2704000473022	-5.0249530544961
3.2750999927521	-5.0266420167470
3.2797999382019	-5.0282274931760
3.2844998836517	-5.0298232766991
3.2892000675201	-5.0315748740436
3.2939000129700	-5.0336183511906
3.2985999584198	-5.0360283844460
3.3032999038696	-5.0387887463628
3.3080000877380	-5.0417715409990
3.3127000331879	-5.0447668635134
3.3173999786377	-5.0474932804282
3.3220999240875	-5.0496569511356
3.3268001079559	-5.0510021807749
3.3315000534058	-5.0513446808613
3.3361999988556	-5.0505956700843
3.3408999443054	-5.0487617955165
3.3455998897552	-5.0459122468943
3.3503000736237	-5.0421412001072
3.3550000190735	-5.0375155880814
3.3596999645233	-5.0320300192689
3.3643999099731	-5.0255883063257
3.3691000938416	-5.0179860476610
3.3738000392914	-5.0089383852594
3.3784999847412	-4.9981168171608
3.3831999301910	-4.9852101474654
3.3879001140594	-4.9699639690997
3.3926000595093	-4.9522243319660
3.3973000049591	-4.9319486624564
3.4019999504089	-4.9091989803184
3.4066998958588	-4.8841109598494
3.4114000797272	-4.8568472718989
3.4161000251770	-4.8275414545665
3.4207999706268	-4.7962769566531
3.4254999160767	-4.7630574816132
3.4302000999451	-4.7278177010673
3.4349000453949	-4.6904507981485
3.4395999908447	-4.6508595789322
3.4442999362946	-4.6089988079151
3.4489998817444	-4.5649272661787
3.4537000656128	-4.5188264569800
3.4584000110626	-4.4710024748388
3.4630999565125	-4.4218577776934
3.4677999019623	-4.3718609652670
3.4725000858307	-4.3214818932791
3.4772000312805	-4.2711463459945
3.4818999767303	-4.2212083145852
3.4865999221802	-4.1719305409372
3.4913001060486	-4.1234916607814
3.4960000514984	-4.0760180474335
3.5006999969482	-4.0296233897212
3.5053999423981	-3.9844436539503
3.5100998878479	-3.9406707446577
3.5148000717163	-3.8985686912843
3.5195000171661	-3.8584599531625
3.5241999626160	-3.8207025071499
3.5288999080658	-3.7856525884865
3.5336000919342	-3.7536169244254
3.5383000373840	-3.7248212711643
3.5429999828339	-3.6993815504396
3.5476999282837	-3.6773066122558
3.5524001121521	-3.6585109514382
3.5571000576019	-3.6428502341742
3.5618000030518	-3.6301582540727
3.5664999485016	-3.6202944009400
3.5711998939514	-3.6131662131613
3.5759000778198	-3.6087513734261
3.5806000232697	-3.6070957750344
3.5852999687195	-3.6082845907000
3.5899999141693	-3.6124168528303
3.5947000980377	-3.6195640236492
3.5994000434875	-3.6297389504224
3.6040999889374	-3.6428736824072
3.6087999343872	-3.6588224620928
3.6135001182556	-3.6773691468286
3.6182000637054	-3.6982649846429
3.6229000091553	-3.7212650723389
3.6275999546051	-3.7461649538714
3.6322999000549	-3.7728312183327
3.6370000839233	-3.8012138721340
3.6417000293732	-3.8313446454557
3.6463999748230	-3.8633099160881
3.6510999202728	-3.8972172569732
3.6558001041412	-3.9331542035648
3.6605000495911	-3.9711556920856
3.6651999950409	-4.0111829622811
3.6698999404907	-4.0531168644363
3.6745998859406	-4.0967733364386
3.6793000698090	-4.1419390842303
3.6840000152588	-4.1884050812234
3.6886999607086	-4.2360092269830
3.6933999061584	-4.2846670976989
3.6981000900269	-4.3343792379885
3.7028000354767	-4.3852354693482
3.7074999809265	-4.4373750794401
3.7121999263763	-4.4909592862149
3.7169001102448	-4.5461172950805
3.7216000556946	-4.6029220303477
3.7263000011444	-4.6613508064761
3.7309999465942	-4.7212964596390
3.7356998920441	-4.7825766366028
3.7404000759125	-4.8449703075789
3.7451000213623	-4.9082641647743
3.7497999668121	-4.9722910030763
3.7544999122620	-5.0369749970891
3.7592000961304	-5.1023300700478
3.7639000415802	-5.1684530507570
3.7685999870300	-5.2355059317836
3.7732999324799	-5.3036523892669
3.7780001163483	-5.3730228852772
3.7827000617981	-5.4436590716254
3.7874000072479	-5.5155010283704
3.7920999526978	-5.5883766393725
3.7967998981476	-5.6620305776792
3.8015000820160	-5.7361621122924
3.8062000274658	-5.8104799432643
3.8108999729156	-5.8847541044951
3.8155999183655	-5.9588496437679
3.8203001022339	-6.0327415917856
3.8250000476837	-6.1064992865717
3.8296999931335	-6.1802458119075
3.8343999385834	-6.2541058932256
3.8390998840332	-6.3281409772844
3.8438000679016	-6.4023095567000
3.8485000133514	-6.4764374423831
3.8531999588013	-6.5502225442794
3.8578999042511	-6.6232751048720
3.8626000881195	-6.6951685877966
3.8673000335693	-6.7655106179317
3.8719999790192	-6.8339987625505
3.8766999244690	-6.9004662470563
3.8814001083374	-6.9648858140325
3.8861000537872	-7.0273415747854
3.8907999992371	-7.0879793039545
3.8954999446869	-7.1469370373914
3.9001998901367	-7.2042717950327
3.9049000740051	-7.2599187127847
3.9096000194550	-7.3136721187412
3.9142999649048	-7.3652098627141
3.9189999103546	-7.4141469859681
3.9237000942230	-7.4601089563718
3.9284000396729	-7.5028143796491
3.9330999851227	-7.5421357740993
3.9377999305725	-7.5781257927479
3.9425001144409	-7.6110086922593
3.9472000598907	-7.6411253207186
3.9519000053406	-7.6688621104672
3.9565999507904	-7.6945604606442
3.9612998962402	-7.7184529537206
3.9660000801086	-7.7406205996424
3.9707000255585	-7.7609933219569
3.9753999710083	-7.7793982754002
3.9800999164581	-7.7956259289482
3.9848001003265	-7.8095191788699
3.9895000457764	-7.8210492902861
3.9941999912262	-7.8303609467593
3.9988999366760	-7.8377795276678
4.0036001205444	-7.8437733819782
4.0082998275757	-7.8488781867126
4.0130000114441	-7.8536123252942
4.0177001953125	-7.8583935602261
4.0223999023438	-7.8634672486603
4.0271000862122	-7.8689033151620
4.0317997932434	-7.8746064997802
4.0364999771118	-7.8803793633352
4.0412001609802	-7.8860079654184
4.0458998680115	-7.8913541823485
4.0506000518799	-7.8964109618141
4.0553002357483	-7.9013520635760
4.0599999427795	-7.9065120612803
4.0647001266479	-7.9123365031122
4.0693998336792	-7.9193083698163
4.0741000175476	-7.9278441196820
4.0788002014160	-7.9382287421302
4.0834999084473	-7.9505604851484
4.0882000923157	-7.9647517553771
4.0928997993469	-7.9805570172866
4.0975999832153	-7.9976517161335
4.1023001670837	-8.0157176115698
4.1069998741150	-8.0345381925010
4.1117000579834	-8.0540521897461
4.1163997650146	-8.0743877176759
4.1210999488831	-8.0958346422451
4.1258001327515	-8.1187847219213
4.1304998397827	-8.1436479767276
4.1352000236511	-8.1707517513987
4.1399002075195	-8.2002727188781
4.1445999145508	-8.2321858181760
4.1493000984192	-8.2662733743525
4.1539998054504	-8.3021740211823
4.1586999893188	-8.3394611545397
4.1634001731873	-8.3777384622083
4.1680998802185	-8.4167411832401
4.1728000640869	-8.4563865886910
4.1774997711182	-8.4967990347145
4.1821999549866	-8.5382747283832
4.1869001388550	-8.5812101510607
4.1915998458862	-8.6259979989428
4.1963000297546	-8.6729302461191
4.2010002136230	-8.7221146953421
4.2056999206543	-8.7734393256532
4.2104001045227	-8.8265868815385
4.2150998115540	-8.8810944219195
4.2197999954224	-8.9364574546230
4.2245001792908	-8.9922361508918
4.2291998863220	-9.0481620929660
4.2339000701904	-9.1042002980181
4.2385997772217	-9.1605543241841
4.2432999610901	-9.2176326936579
4.2480001449585	-9.2759455663249
4.2526998519897	-9.3359908163914
4.2574000358582	-9.3981497050817
4.2621002197266	-9.4625897724021
4.2667999267578	-9.5292553319250
4.2715001106262	-9.5978797429358
4.2761998176575	-9.6680843422178
4.2809000015259	-9.7394946088791
4.2856001853943	-9.8118722691697
4.2902998924255	-9.8852260642762
4.2950000762939	-9.9598707325529
4.2996997833252	-10.036416755796
4.3043999671936	-10.115699494392
4.3091001510620	-10.198648423262
4.3137998580933	-10.286135081008
4.3185000419617	-10.378841595009
4.3232002258301	-10.477143748323
4.3278999328613	-10.581079675942
4.3326001167297	-10.690375978676
4.3372998237610	-10.804536538240
4.3420000076294	-10.922987729445
4.3467001914978	-11.045220777836
4.3513998985291	-11.170921347282
4.3561000823975	-11.300049020368
4.3607997894287	-11.432826700803
4.3654999732971	-11.569670137458
4.3702001571655	-11.711043241541
4.3748998641968	-11.857287913807
4.3796000480652	-12.008468544822
4.3843002319336	-12.164262287718
4.3889999389648	-12.323939116789
4.3937001228333	-12.486423299709
4.3983998298645	-12.650464014765
4.4031000137329	-12.814851472576
4.4078001976013	-12.978639413315
4.4124999046326	-13.141332361621
4.4172000885010	-13.302967503992
4.4218997955322	-13.464065748742
4.4265999794006	-13.625463434362
4.4313001632690	-13.788056712922
4.4359998703003	-13.952509420643
4.4407000541687	-14.119022940433
4.4454002380371	-14.287189409853
4.4500999450684	-14.456012367835
4.4548001289368	-14.624065686697
4.4594998359680	-14.789776843706
4.4642000198364	-14.951791782758
4.4689002037048	-15.109275407744
4.4735999107361	-15.262120030212
4.4783000946045	-15.410946177194
4.4829998016357	-15.556916422085
4.4876999855042	-15.701364130572
4.4924001693726	-15.845387283124
4.4970998764038	-15.989432788275
4.5018000602722	-16.133060780479
4.5064997673035	-16.274914174647
4.5111999511719	-16.412906686727
4.5159001350403	-16.544646130275
4.5205998420715	-16.667965542453
4.5253000259399	-16.781409420021
4.5300002098083	-16.884593817486
4.5346999168396	-16.978223355668
4.5394001007080	-17.063854464315
4.5440998077393	-17.143362566045
4.5487999916077	-17.218327548952
4.5535001754761	-17.289490946365
4.5581998825073	-17.356426575243
4.5629000663757	-17.417503722026
4.5675997734070	-17.470236997736
4.5722999572754	-17.511856092409
4.5770001411438	-17.540032404223
4.5816998481750	-17.553524978010
4.5864000320435	-17.552520128810
4.5911002159119	-17.538631783564
4.5957999229431	-17.514441311047
4.6005001068115	-17.482821892304
4.6051998138428	-17.446172814608
4.6098999977112	-17.405855953817
4.6146001815796	-17.361869956357
4.6192998886108	-17.312960939157
4.6240000724792	-17.257043736803
4.6286997795105	-17.191870624192
4.6333999633789	-17.115774654558
4.6381001472473	-17.028233375031
4.6427998542786	-16.930139133192
4.6475000381470	-16.823665888906
4.6522002220154	-16.711779218843
4.6568999290466	-16.597537013951
4.6616001129150	-16.483429735460
4.6662998199463	-16.370861335556
4.6710000038147	-16.259935615548
4.6757001876831	-16.149571109332
4.6803998947144	-16.037912671296
4.6851000785828	-15.922908778621
4.6897997856140	-15.802964245548
4.6944999694824	-15.677422209342
4.6992001533508	-15.546827381000
4.7038998603821	-15.412832733023
4.7086000442505	-15.277825431171
4.7133002281189	-15.144364394678
4.7179999351501	-15.014612407502
4.7227001190186	-14.889866282365
4.7273998260498	-14.770322793228
4.7321000099182	-14.655109452003
4.7368001937866	-14.542571435997
4.7414999008179	-14.430728453454
4.7462000846863	-14.317816871322
4.7508997917175	-14.202768053397
4.7555999755859	-14.085501366315
4.7603001594543	-13.966978212981
4.7649998664856	-13.848964622981
4.7697000503540	-13.733608949864
4.7744002342224	-13.622940266543
4.7790999412537	-13.518402389257
4.7838001251221	-13.420551384790
4.7884998321533	-13.328956057595
4.7932000160217	-13.242326889730
4.7979001998901	-13.158863955564
4.8025999069214	-13.076692480456
4.8073000907898	-12.994334957043
4.8119997978210	-12.911098892633
4.8166999816895	-12.827239730744
4.8214001655579	-12.743906211816
4.8260998725891	-12.662855658027
4.8308000564575	-12.586022392621
4.8354997634888	-12.515047745331
4.8401999473572	-12.450899064846
4.8449001312256	-12.393631933829
4.8495998382568	-12.342381158616
4.8543000221252	-12.295541878636
4.8590002059937	-12.251150525109
4.8636999130249	-12.207321438489
4.8684000968933	-12.162711102590
4.8730998039246	-12.116810358558
4.8777999877930	-12.070081957828
4.8825001716614	-12.023802052408
4.8871998786926	-11.979737745862
4.8919000625610	-11.939682471095
4.8965997695923	-11.905003785360
4.9012999534607	-11.876277121048
4.9060001373291	-11.853123690701
4.9106998443604	-11.834259041501
4.9154000282288	-11.817751990196
4.9201002120972	-11.801468665244
4.9247999191284	-11.783551217232
4.9295001029968	-11.762857646138
4.9341998100281	-11.739237340293
4.9388999938965	-11.713542775377
4.9436001777649	-11.687390134776
4.9482998847961	-11.662725918228
4.9530000686646	-11.641286949934
4.9576997756958	-11.624113274642
4.9623999595642	-11.611221265703
4.9671001434326	-11.601493668158
4.9717998504639	-11.592820578405
4.9765000343323	-11.582495488968
4.9812002182007	-11.567720863381
4.9858999252319	-11.546175618754
4.9906001091003	-11.516442485330
4.9952998161316	-11.478215359876
5.0000000000000	-11.432187354612
