#Parameters = {R_fat=48; R_glandular=38; R_skin_outer=50; T10=5; T15=7.5; T5=2.5; T_rad=4; T_x=10; T_y=0; T_z=75; Zc=65; skin_thickness=2; Mesh Pass=1}
#"Frequency / GHz"	"S1,1 (Mesh Pass=1) [Magnitude / dB]"
#-------------------------------------------------------
0.30000001192093	-6.7575053101253
0.30469998717308	-6.6272205472359
0.30939999222755	-6.4990947116810
0.31409999728203	-6.3699763149183
0.31880000233650	-6.2364463803153
0.32350000739098	-6.0956982873710
0.32820001244545	-5.9462880314065
0.33289998769760	-5.7885376942485
0.33759999275208	-5.6244981033138
0.34229999780655	-5.4574905632496
0.34700000286102	-5.2913638140232
0.35170000791550	-5.1296840734147
0.35640001296997	-4.9750428477868
0.36109998822212	-4.8285955834224
0.36579999327660	-4.6899172001439
0.37049999833107	-4.5571785035522
0.37520000338554	-4.4276050348653
0.37990000844002	-4.2981675395827
0.38460001349449	-4.1663352025781
0.38929998874664	-4.0307408553238
0.39399999380112	-3.8915428364910
0.39869999885559	-3.7504150216528
0.40340000391006	-3.6101456704476
0.40810000896454	-3.4739721505394
0.41280001401901	-3.3448375002523
0.41749998927116	-3.2247092409532
0.42219999432564	-3.1141465063227
0.42689999938011	-3.0121534728815
0.43160000443459	-2.9163937887145
0.43630000948906	-2.8237309876854
0.44100001454353	-2.7309865313744
0.44569998979568	-2.6357629619327
0.45039999485016	-2.5370769211787
0.45509999990463	-2.4356314262745
0.45980000495911	-2.3336343925361
0.46450001001358	-2.2342293458106
0.46919998526573	-2.1406797229069
0.47389999032021	-2.0555343639436
0.47859999537468	-1.9799613987329
0.48330000042915	-1.9134118779022
0.48800000548363	-1.8536846409340
0.49270001053810	-1.7974348630295
0.49739998579025	-1.7410000575926
0.50209999084473	-1.6813660486316
0.50679999589920	-1.6170050310152
0.51150000095367	-1.5483010893269
0.51620000600815	-1.4774706401544
0.52090001106262	-1.4079421342517
0.52560001611710	-1.3434363425808
0.53030002117157	-1.2869571888894
0.53500002622604	-1.2399617085551
0.53969997167587	-1.2019212353566
0.54439997673035	-1.1703731773639
0.54909998178482	-1.1415056402076
0.55379998683929	-1.1111418720106
0.55849999189377	-1.0758976347684
0.56319999694824	-1.0341543235502
0.56790000200272	-0.98654704380456
0.57260000705719	-0.93582289337974
0.57730001211166	-0.88606422417997
0.58200001716614	-0.84155604091850
0.58670002222061	-0.80559807145891
0.59140002727509	-0.77956037421960
0.59609997272491	-0.76242240089556
0.60079997777939	-0.75096615530897
0.60549998283386	-0.74056194077440
0.61019998788834	-0.72643452216685
0.61489999294281	-0.70504058679076
0.61959999799728	-0.67514786957974
0.62430000305176	-0.63826962186834
0.62900000810623	-0.59827304607484
0.63370001316071	-0.56028778126652
0.63840001821518	-0.52926407021515
0.64310002326965	-0.50853043586257
0.64780002832413	-0.49879758550569
0.65249997377396	-0.49781222922903
0.65719997882843	-0.50083548678818
0.66189998388290	-0.50188187408253
0.66659998893738	-0.49542779607612
0.67129999399185	-0.47814360552134
0.67599999904633	-0.45003041439626
0.68070000410080	-0.41460875891396
0.68540000915527	-0.37798806237855
0.69010001420975	-0.34714521064374
0.69480001926422	-0.32788892737612
0.69950002431870	-0.32305450595824
0.70420002937317	-0.33140978286536
0.70889997482300	-0.34762274245239
0.71359997987747	-0.36343026105109
0.71829998493195	-0.36993244959095
0.72299998998642	-0.36050619092564
0.72769999504089	-0.33346847766912
0.73240000009537	-0.29355407371716
0.73710000514984	-0.25161847574939
0.74180001020432	-0.22260184548001
0.74650001525879	-0.22236868619064
0.75120002031326	-0.26418147104412
0.75590002536774	-0.35542709474889
0.76059997081757	-0.49499242280327
0.76529997587204	-0.67168557643011
0.76999998092651	-0.86418636422852
0.77469998598099	-1.0433118888163
0.77939999103546	-1.1772507259786
0.78409999608994	-1.2394469137275
0.78880000114441	-1.2167704491017
0.79350000619888	-1.1141710810235
0.79820001125336	-0.95318218300817
0.80290001630783	-0.76518930130426
0.80760002136230	-0.58305417517560
0.81230002641678	-0.43416375271577
0.81699997186661	-0.33611502732627
0.82169997692108	-0.29476644071697
0.82639998197556	-0.30414502198863
0.83109998703003	-0.34805135498726
0.83579999208450	-0.40351840564172
0.84049999713898	-0.44613960525153
0.84520000219345	-0.45658335859281
0.84990000724792	-0.42648422753037
0.85460001230240	-0.36142590450580
0.85930001735687	-0.27966985686665
0.86400002241135	-0.20729129408864
0.86870002746582	-0.17179670047875
0.87339997291565	-0.19621678107608
0.87809997797012	-0.29462192272713
0.88279998302460	-0.46913933340213
0.88749998807907	-0.70823590704929
0.89219999313354	-0.98619450915774
0.89689999818802	-1.2645278325633
0.90160000324249	-1.4967875017735
0.90630000829697	-1.6381898514589
0.91100001335144	-1.6587057755314
0.91570001840591	-1.5538053184546
0.92040002346039	-1.3459440604525
0.92510002851486	-1.0756814835448
0.92979997396469	-0.78844148172646
0.93449997901917	-0.52374305847325
0.93919998407364	-0.30948404121556
0.94389998912811	-0.16035551405576
0.94859999418259	-0.078620823668524
0.95329999923706	-0.056125669002389
0.95800000429153	-0.077089309608435
0.96270000934601	-0.12157614026453
0.96740001440048	-0.16940202340021
0.97210001945496	-0.20408942602835
0.97680002450943	-0.21592105325036
0.98150002956390	-0.20326599046554
0.98619997501373	-0.17168496845997
0.99089998006821	-0.13124220391020
0.99559998512268	-0.093058422274649
1.0003000497818	-0.066182351119332
1.0049999952316	-0.055566095956523
1.0096999406815	-0.061365274635666
1.0144000053406	-0.079488912001713
1.0190999507904	-0.10308481875970
1.0238000154495	-0.12456494552390
1.0284999608994	-0.13768176848442
1.0332000255585	-0.13909835505767
1.0378999710083	-0.12906430896366
1.0426000356674	-0.11101089140642
1.0472999811172	-0.090292240388720
1.0520000457764	-0.072517684474851
1.0566999912262	-0.062002730365357
1.0614000558853	-0.060730503526714
1.0661000013351	-0.068036572023020
1.0707999467850	-0.081002410806891
1.0755000114441	-0.095402944735457
1.0801999568939	-0.10692784043795
1.0849000215530	-0.11237320880743
1.0895999670029	-0.11045693406366
1.0943000316620	-0.10204693030016
1.0989999771118	-0.089768116713536
1.1037000417709	-0.077140477539837
1.1083999872208	-0.067537296690316
1.1131000518799	-0.063273042675020
1.1177999973297	-0.065049770873615
1.1224999427795	-0.071887004404834
1.1272000074387	-0.081490647425722
1.1318999528885	-0.090963007064433
1.1366000175476	-0.097617697940454
1.1412999629974	-0.099720137789116
1.1460000276566	-0.096913150123489
1.1506999731064	-0.090222688665968
1.1554000377655	-0.081694449233663
1.1600999832153	-0.073756135281561
1.1648000478745	-0.068521101105027
1.1694999933243	-0.067239927507861
1.1742000579834	-0.070026994998324
1.1789000034332	-0.075924928649065
1.1835999488831	-0.083237656899219
1.1883000135422	-0.090073938490874
1.1929999589920	-0.094877938832430
1.1977000236511	-0.096865049515351
1.2023999691010	-0.096171940464779
1.2071000337601	-0.093753746256058
1.2117999792099	-0.091017735841300
1.2165000438690	-0.089361102050962
1.2211999893188	-0.089715293823190
1.2259000539780	-0.092262177511818
1.2305999994278	-0.096386696529978
1.2352999448776	-0.10086171479055
1.2400000095367	-0.10421711068751
1.2446999549866	-0.10518718939351
1.2494000196457	-0.10310005487765
1.2540999650955	-0.098090890696610
1.2588000297546	-0.091086105589824
1.2634999752045	-0.083564914759436
1.2682000398636	-0.077144539438435
1.2728999853134	-0.073165831126857
1.2776000499725	-0.072336686737893
1.2822999954224	-0.074563776972375
1.2869999408722	-0.078997239040229
1.2917000055313	-0.084277917825579
1.2963999509811	-0.088907233382883
1.3011000156403	-0.091657600390350
1.3057999610901	-0.091875120682670
1.3105000257492	-0.089648027570236
1.3151999711990	-0.085739256269082
1.3199000358582	-0.081346335088651
1.3245999813080	-0.077758011652918
1.3293000459671	-0.075984231987005
1.3339999914169	-0.076500898484314
1.3387000560760	-0.079128917640604
1.3434000015259	-0.083123782059171
1.3480999469757	-0.087389234529832
1.3528000116348	-0.090801812210159
1.3574999570847	-0.092512339066481
1.3622000217438	-0.092184997544064
1.3668999671936	-0.090070929728067
1.3716000318527	-0.086906358507015
1.3762999773026	-0.083704922362773
1.3810000419617	-0.081454858812621
1.3856999874115	-0.080839936676836
1.3904000520706	-0.082075565585121
1.3950999975204	-0.084850718357241
1.3997999429703	-0.088444852970037
1.4045000076294	-0.091927312242955
1.4091999530792	-0.094441170907811
1.4139000177383	-0.095422407584843
1.4185999631882	-0.094764832713675
1.4233000278473	-0.092821913752887
1.4279999732971	-0.090309567592740
1.4327000379562	-0.088072296618678
1.4373999834061	-0.086864566483503
1.4421000480652	-0.087125687869543
1.4467999935150	-0.088880640974216
1.4515000581741	-0.091738356891188
1.4562000036240	-0.095016058483451
1.4608999490738	-0.097937398778913
1.4656000137329	-0.099860829986409
1.4702999591827	-0.10044350415384
1.4750000238419	-0.099733613374101
1.4796999692917	-0.098155838364424
1.4844000339508	-0.096363756847174
1.4890999794006	-0.095064564443871
1.4938000440598	-0.094814785759975
1.4984999895096	-0.095865095367189
1.5032000541687	-0.098110128898893
1.5078999996185	-0.10111725242162
1.5125999450684	-0.10426767161447
1.5173000097275	-0.10692287623642
1.5219999551773	-0.10862277592818
1.5267000198364	-0.10918919569013
1.5313999652863	-0.10878736973733
1.5361000299454	-0.10786222518036
1.5407999753952	-0.10700685354917
1.5455000400543	-0.10679554354291
1.5501999855042	-0.10762031184535
1.5549000501633	-0.10959534724669
1.5595999956131	-0.11252117696344
1.5642999410629	-0.11596185865419
1.5690000057220	-0.11936375925895
1.5736999511719	-0.12222216369107
1.5784000158310	-0.12422228074892
1.5830999612808	-0.12532060215322
1.5878000259399	-0.12575096253750
1.5924999713898	-0.12595998378967
1.5972000360489	-0.12647420401706
1.6018999814987	-0.12774706773186
1.6066000461578	-0.13004423663353
1.6112999916077	-0.13336448241789
1.6160000562668	-0.13746312488374
1.6207000017166	-0.14190750129040
1.6253999471664	-0.14622589588196
1.6301000118256	-0.15002406844947
1.6347999572754	-0.15310669926602
1.6395000219345	-0.15552672689054
1.6441999673843	-0.15756067454270
1.6489000320435	-0.15963832022068
1.6535999774933	-0.16221235869750
1.6583000421524	-0.16563009029226
1.6629999876022	-0.17004672285160
1.6677000522614	-0.17538145317613
1.6723999977112	-0.18135188966075
1.6770999431610	-0.18755329966656
1.6818000078201	-0.19357251541645
1.6864999532700	-0.19911516250589
1.6912000179291	-0.20407037011111
1.6958999633789	-0.20855301563034
1.7006000280380	-0.21285379740394
1.7052999734879	-0.21736163281664
1.7100000381470	-0.22244289614838
1.7146999835968	-0.22834536936563
1.7194000482559	-0.23512032761407
1.7240999937057	-0.24261746132379
1.7288000583649	-0.25051838268632
1.7335000038147	-0.25843265411227
1.7381999492645	-0.26600114129313
1.7429000139236	-0.27298952718929
1.7475999593735	-0.27934534116269
1.7523000240326	-0.28521243669140
1.7569999694824	-0.29086627927619
1.7617000341415	-0.29663809592417
1.7663999795914	-0.30280830933839
1.7711000442505	-0.30952557894656
1.7757999897003	-0.31674980783023
1.7805000543594	-0.32427146684292
1.7851999998093	-0.33175616148915
1.7898999452591	-0.33883662416732
1.7946000099182	-0.34521155759115
1.7992999553680	-0.35071632179044
1.8040000200272	-0.35536604450536
1.8086999654770	-0.35934067907831
1.8134000301361	-0.36292463312009
1.8180999755859	-0.36642505842393
1.8228000402451	-0.37007221402469
1.8274999856949	-0.37396136047018
1.8322000503540	-0.37802061427347
1.8368999958038	-0.38202939764870
1.8415999412537	-0.38568853725194
1.8463000059128	-0.38869821367638
1.8509999513626	-0.39084971400214
1.8557000160217	-0.39207760963039
1.8603999614716	-0.39248402462765
1.8651000261307	-0.39230369027887
1.8697999715805	-0.39184406335370
1.8745000362396	-0.39139910699970
1.8791999816895	-0.39117009774093
1.8839000463486	-0.39121555351267
1.8885999917984	-0.39143713706786
1.8933000564575	-0.39162264606967
1.8980000019073	-0.39150452037399
1.9026999473572	-0.39084342352519
1.9074000120163	-0.38949960513868
1.9120999574661	-0.38747664390546
1.9168000221252	-0.38492477490562
1.9214999675751	-0.38209375667308
1.9262000322342	-0.37927653100465
1.9308999776840	-0.37672275211974
1.9356000423431	-0.37457486204193
1.9402999877930	-0.37283544370391
1.9450000524521	-0.37137246016022
1.9496999979019	-0.36995824411847
1.9543999433517	-0.36834133826300
1.9591000080109	-0.36632042437057
1.9637999534607	-0.36380264789310
1.9685000181198	-0.36083108701572
1.9731999635696	-0.35757465040710
1.9779000282288	-0.35428320151635
1.9825999736786	-0.35121452171336
1.9873000383377	-0.34856858040135
1.9919999837875	-0.34643221495613
1.9967000484467	-0.34475666287206
2.0013999938965	-0.34337642429987
2.0060999393463	-0.34205657012876
2.0107998847961	-0.34056444680323
2.0155000686646	-0.33872876176658
2.0202000141144	-0.33649727366318
2.0248999595642	-0.33394583228382
2.0295999050140	-0.33125940189606
2.0343000888824	-0.32867989216852
2.0390000343323	-0.32643912017742
2.0436999797821	-0.32469548328731
2.0483999252319	-0.32348979044121
2.0531001091003	-0.32274004744105
2.0578000545502	-0.32225848429818
2.0625000000000	-0.32181172753689
2.0671999454498	-0.32118783350997
2.0718998908997	-0.32025004924398
2.0766000747681	-0.31898254191857
2.0813000202179	-0.31749361520265
2.0859999656677	-0.31598281734303
2.0906999111176	-0.31469276771393
2.0954000949860	-0.31383210815496
2.1001000404358	-0.31353139601820
2.1047999858856	-0.31379305372756
2.1094999313354	-0.31450437690748
2.1142001152039	-0.31546483049507
2.1189000606537	-0.31643851622350
2.1236000061035	-0.31723104596485
2.1282999515533	-0.31773704228237
2.1329998970032	-0.31797738384154
2.1377000808716	-0.31809091857112
2.1424000263214	-0.31830396595164
2.1470999717712	-0.31886385663697
2.1517999172211	-0.31997560345086
2.1565001010895	-0.32174721879444
2.1612000465393	-0.32415774611087
2.1658999919891	-0.32706654148282
2.1705999374390	-0.33025302577136
2.1752998828888	-0.33347715369227
2.1800000667572	-0.33655337070248
2.1847000122070	-0.33940259492754
2.1893999576569	-0.34208411540475
2.1940999031067	-0.34478134751171
2.1988000869751	-0.34776491366359
2.2035000324249	-0.35131836940592
2.2081999778748	-0.35566466091202
2.2128999233246	-0.36091058441665
2.2176001071930	-0.36701246519456
2.2223000526428	-0.37379426591977
2.2269999980927	-0.38099359349279
2.2316999435425	-0.38833500666571
2.2363998889923	-0.39562229602302
2.2411000728607	-0.40280072644886
2.2458000183105	-0.40999244010659
2.2504999637604	-0.41748436207854
2.2551999092102	-0.42566598963540
2.2599000930786	-0.43492863646914
2.2646000385284	-0.44555642715844
2.2692999839783	-0.45761557691104
2.2739999294281	-0.47089042798419
2.2787001132965	-0.48485971184755
2.2834000587463	-0.49874349323893
2.2881000041962	-0.51160317747945
2.2927999496460	-0.52248794267844
2.2974998950958	-0.53059081190074
2.3022000789642	-0.53540425207328
2.3069000244141	-0.53682001727536
2.3115999698639	-0.53517994552664
2.3162999153137	-0.53122956555751
2.3210000991821	-0.52602482400209
2.3257000446320	-0.52077902638671
2.3303999900818	-0.51669516590143
2.3350999355316	-0.51480970187074
2.3397998809814	-0.51587531041770
2.3445000648499	-0.52029645248271
2.3492000102997	-0.52811521618851
2.3538999557495	-0.53905558969875
2.3585999011993	-0.55260270511884
2.3633000850677	-0.56810279471104
2.3680000305176	-0.58486872984479
2.3726999759674	-0.60227418390091
2.3773999214172	-0.61982353760818
2.3821001052856	-0.63718020508094
2.3868000507355	-0.65417643361307
2.3914999961853	-0.67077692911291
2.3961999416351	-0.68703714738458
2.4008998870850	-0.70304487426767
2.4056000709534	-0.71887300225704
2.4103000164032	-0.73454118095814
2.4149999618530	-0.74999601699147
2.4196999073029	-0.76511877609745
2.4244000911713	-0.77974227973106
2.4291000366211	-0.79367895818184
2.4337999820709	-0.80675567315184
2.4384999275208	-0.81884088116230
2.4432001113892	-0.82986352762683
2.4479000568390	-0.83981343117459
2.4526000022888	-0.84873384126756
2.4572999477386	-0.85670287150740
2.4619998931885	-0.86380365410988
2.4667000770569	-0.87010999137234
2.4714000225067	-0.87565852337299
2.4760999679565	-0.88045407069253
2.4807999134064	-0.88446378625889
2.4855000972748	-0.88763861914673
2.4902000427246	-0.88993067316931
2.4948999881744	-0.89131229464325
2.4995999336243	-0.89179426357741
2.5043001174927	-0.89143018632448
2.5090000629425	-0.89031199833064
2.5137000083923	-0.88856180834902
2.5183999538422	-0.88630519142357
2.5230998992920	-0.88365449744977
2.5278000831604	-0.88069562313236
2.5325000286102	-0.87747378383592
2.5371999740601	-0.87399988929208
2.5418999195099	-0.87025519036875
2.5466001033783	-0.86621343320883
2.5513000488281	-0.86185765535069
2.5559999942780	-0.85719843142558
2.5606999397278	-0.85227413925761
2.5653998851776	-0.84715801707885
2.5701000690460	-0.84194466120077
2.5748000144958	-0.83673088797017
2.5794999599457	-0.83160244433108
2.5841999053955	-0.82661543053831
2.5889000892639	-0.82178883009731
2.5936000347137	-0.81710747085341
2.5982999801636	-0.81253164052357
2.6029999256134	-0.80801144333853
2.6077001094818	-0.80350882129645
2.6124000549316	-0.79900650349497
2.6171000003815	-0.79452141356456
2.6217999458313	-0.79010132267724
2.6264998912811	-0.78581307549871
2.6312000751495	-0.78172722733910
2.6359000205994	-0.77790303720881
2.6405999660492	-0.77437295973495
2.6452999114990	-0.77113493857572
2.6500000953674	-0.76815509848672
2.6547000408173	-0.76537901302352
2.6593999862671	-0.76274864902575
2.6640999317169	-0.76021467960968
2.6688001155853	-0.75775829253579
2.6735000610352	-0.75538914186127
2.6782000064850	-0.75314434535950
2.6828999519348	-0.75108377084387
2.6875998973846	-0.74926554740876
2.6923000812531	-0.74773761769291
2.6970000267029	-0.74651707680729
2.7016999721527	-0.74559140683940
2.7063999176025	-0.74491899198617
2.7111001014709	-0.74444008260432
2.7158000469208	-0.74409599815331
2.7204999923706	-0.74384068733769
2.7251999378204	-0.74365807725578
2.7298998832703	-0.74355993135483
2.7346000671387	-0.74358830958250
2.7393000125885	-0.74379915573443
2.7439999580383	-0.74424586189656
2.7486999034882	-0.74496959701120
2.7534000873566	-0.74597971862333
2.7581000328064	-0.74725627657801
2.7627999782562	-0.74875197919284
2.7674999237061	-0.75040910750409
2.7722001075745	-0.75216947022095
2.7769000530243	-0.75399492312257
2.7815999984741	-0.75587607206110
2.7862999439240	-0.75783211859995
2.7909998893738	-0.75990916883448
2.7957000732422	-0.76216330227200
2.8004000186920	-0.76464686584486
2.8050999641418	-0.76739264452385
2.8097999095917	-0.77040459572830
2.8145000934601	-0.77365862543665
2.8192000389099	-0.77710534527174
2.8238999843597	-0.78068903854774
2.8285999298096	-0.78435738646122
2.8333001136780	-0.78808114223350
2.8380000591278	-0.79185895031696
2.8427000045776	-0.79572038466478
2.8473999500275	-0.79971581813670
2.8520998954773	-0.80390134005209
2.8568000793457	-0.80832751826042
2.8615000247955	-0.81302044901511
2.8661999702454	-0.81797902731317
2.8708999156952	-0.82317082642123
2.8756000995636	-0.82854800320472
2.8803000450134	-0.83405375371991
2.8849999904633	-0.83964475364389
2.8896999359131	-0.84529912433419
2.8943998813629	-0.85102578813751
2.8991000652313	-0.85686218419026
2.9038000106812	-0.86285939048880
2.9084999561310	-0.86907819425584
2.9131999015808	-0.87556130907378
2.9179000854492	-0.88233042019613
2.9226000308990	-0.88937603690984
2.9272999763489	-0.89666044261250
2.9319999217987	-0.90413343003405
2.9367001056671	-0.91174066227069
2.9414000511169	-0.91944285540986
2.9460999965668	-0.92722631152911
2.9507999420166	-0.93510699420334
2.9554998874664	-0.94312544558462
2.9602000713348	-0.95133824631815
2.9649000167847	-0.95979790938833
2.9695999622345	-0.96854296094927
2.9742999076843	-0.97758155563168
2.9790000915527	-0.98689566611684
2.9837000370026	-0.99643933181651
2.9883999824524	-1.0061570772649
2.9930999279022	-1.0159940270172
2.9978001117706	-1.0259128098340
3.0025000572205	-1.0359041813500
3.0072000026703	-1.0459875947537
3.0118999481201	-1.0562029808016
3.0165998935699	-1.0666042525949
3.0213000774384	-1.0772344794877
3.0260000228882	-1.0881171290875
3.0306999683380	-1.0992468320217
3.0353999137878	-1.1105901567846
3.0401000976562	-1.1220885961043
3.0448000431061	-1.1336747982229
3.0494999885559	-1.1452890746715
3.0541999340057	-1.1568940584919
3.0589001178741	-1.1684796449954
3.0636000633240	-1.1800621463064
3.0683000087738	-1.1916789189227
3.0729999542236	-1.2033707933331
3.0776998996735	-1.2151692662544
3.0824000835419	-1.2270801868138
3.0871000289917	-1.2390751617087
3.0917999744415	-1.2511034537923
3.0964999198914	-1.2630903323210
3.1012001037598	-1.2749570181733
3.1059000492096	-1.2866397734868
3.1105999946594	-1.2980959719692
3.1152999401093	-1.3093144627627
3.1199998855591	-1.3203129197615
3.1247000694275	-1.3311249924071
3.1294000148773	-1.3417800337492
3.1340999603271	-1.3522981396793
3.1387999057770	-1.3626693608323
3.1435000896454	-1.3728523780501
3.1482000350952	-1.3827828779888
3.1528999805450	-1.3923787208417
3.1575999259949	-1.4015648123311
3.1623001098633	-1.4102808220190
3.1670000553131	-1.4184985310623
3.1717000007629	-1.4262199111726
3.1763999462128	-1.4334757675449
3.1810998916626	-1.4403103100297
3.1858000755310	-1.4467642306993
3.1905000209808	-1.4528598585116
3.1951999664307	-1.4585933109102
3.1998999118805	-1.4639322491167
3.2046000957489	-1.4688240827128
3.2093000411987	-1.4732106316662
3.2139999866486	-1.4770437984669
3.2186999320984	-1.4802998906854
3.2234001159668	-1.4829898326139
3.2281000614166	-1.4851582843290
3.2328000068665	-1.4868722265308
3.2374999523163	-1.4882108125195
3.2421998977661	-1.4892433892267
3.2469000816345	-1.4900206290081
3.2516000270844	-1.4905666787408
3.2562999725342	-1.4908789494906
3.2609999179840	-1.4909413810359
3.2657001018524	-1.4907375935650
3.2704000473022	-1.4902713403481
3.2750999927521	-1.4895727351623
3.2797999382019	-1.4887099414182
3.2844998836517	-1.4877815910434
3.2892000675201	-1.4869062440701
3.2939000129700	-1.4862086494574
3.2985999584198	-1.4858006900737
3.3032999038696	-1.4857740605092
3.3080000877380	-1.4861922513328
3.3127000331879	-1.4871022473478
3.3173999786377	-1.4885404212455
3.3220999240875	-1.4905535142295
3.3268001079559	-1.4932134237847
3.3315000534058	-1.4966271417511
3.3361999988556	-1.5009404951123
3.3408999443054	-1.5063373332192
3.3455998897552	-1.5130188518058
3.3503000736237	-1.5211964556955
3.3550000190735	-1.5310726927175
3.3596999645233	-1.5428374153055
3.3643999099731	-1.5566626862538
3.3691000938416	-1.5727143665139
3.3738000392914	-1.5911616047495
3.3784999847412	-1.6121978876880
3.3831999301910	-1.6360523363906
3.3879001140594	-1.6629965543952
3.3926000595093	-1.6933490561815
3.3973000049591	-1.7274610440287
3.4019999504089	-1.7657003119218
3.4066998958588	-1.8084317163860
3.4114000797272	-1.8559946079649
3.4161000251770	-1.9086776920577
3.4207999706268	-1.9667142383638
3.4254999160767	-2.0302643527146
3.4302000999451	-2.0994083491439
3.4349000453949	-2.1741361697924
3.4395999908447	-2.2543348743657
3.4442999362946	-2.3397613974182
3.4489998817444	-2.4300127592794
3.4537000656128	-2.5244831258288
3.4584000110626	-2.6223245798690
3.4630999565125	-2.7224154002008
3.4677999019623	-2.8233379637352
3.4725000858307	-2.9233954640556
3.4772000312805	-3.0206612877668
3.4818999767303	-3.1130602000455
3.4865999221802	-3.1984966463650
3.4913001060486	-3.2749941219175
3.4960000514984	-3.3408409904296
3.5006999969482	-3.3947202394862
3.5053999423981	-3.4357924309224
3.5100998878479	-3.4637258036609
3.5148000717163	-3.4786820514956
3.5195000171661	-3.4812471466538
3.5241999626160	-3.4723439811113
3.5288999080658	-3.4531284672055
3.5336000919342	-3.4249077099470
3.5383000373840	-3.3890577528944
3.5429999828339	-3.3469698330145
3.5476999282837	-3.3000050423251
3.5524001121521	-3.2494583669802
3.5571000576019	-3.1965343006622
3.5618000030518	-3.1423071981495
3.5664999485016	-3.0877076907636
3.5711998939514	-3.0335002958098
3.5759000778198	-2.9802774709566
3.5806000232697	-2.9284708658005
3.5852999687195	-2.8783717793524
3.5899999141693	-2.8301625900139
3.5947000980377	-2.7839519622664
3.5994000434875	-2.7398125611365
3.6040999889374	-2.6978060996909
3.6087999343872	-2.6579985688035
3.6135001182556	-2.6204586414800
3.6182000637054	-2.5852542182457
3.6229000091553	-2.5524329866257
3.6275999546051	-2.5220069714062
3.6322999000549	-2.4939435827745
3.6370000839233	-2.4681672198082
3.6417000293732	-2.4445667274774
3.6463999748230	-2.4230132844944
3.6510999202728	-2.4033873736156
3.6558001041412	-2.3855924263001
3.6605000495911	-2.3695751209292
3.6651999950409	-2.3553212924586
3.6698999404907	-2.3428539478265
3.6745998859406	-2.3322122926592
3.6793000698090	-2.3234335977316
3.6840000152588	-2.3165314539736
3.6886999607086	-2.3114908400206
3.6933999061584	-2.3082580505122
3.6981000900269	-2.3067611256487
3.7028000354767	-2.3069167592784
3.7074999809265	-2.3086584424850
3.7121999263763	-2.3119539057675
3.7169001102448	-2.3168100335635
3.7216000556946	-2.3232827190141
3.7263000011444	-2.3314588704577
3.7309999465942	-2.3414428362892
3.7356998920441	-2.3533285282748
3.7404000759125	-2.3671910379751
3.7451000213623	-2.3830652755418
3.7497999668121	-2.4009567620853
3.7544999122620	-2.4208419177597
3.7592000961304	-2.4426985679976
3.7639000415802	-2.4665156526613
3.7685999870300	-2.4923183226024
3.7732999324799	-2.5201767618083
3.7780001163483	-2.5501984171078
3.7827000617981	-2.5825182097080
3.7874000072479	-2.6172768226013
3.7920999526978	-2.6545927849600
3.7967998981476	-2.6945451204269
3.8015000820160	-2.7371586291019
3.8062000274658	-2.7823992850865
3.8108999729156	-2.8301951881613
3.8155999183655	-2.8804426375292
3.8203001022339	-2.9330354131064
3.8250000476837	-2.9878763626440
3.8296999931335	-3.0448817325473
3.8343999385834	-3.1039766099318
3.8390998840332	-3.1650704443851
3.8438000679016	-3.2280345413282
3.8485000133514	-3.2926681839101
3.8531999588013	-3.3586752080105
3.8578999042511	-3.4256586827691
3.8626000881195	-3.4931212364992
3.8673000335693	-3.5604967285903
3.8719999790192	-3.6271800520198
3.8766999244690	-3.6925659147358
3.8814001083374	-3.7560862416248
3.8861000537872	-3.8172289256049
3.8907999992371	-3.8755432639874
3.8954999446869	-3.9306313951178
3.9001998901367	-3.9821316929404
3.9049000740051	-4.0296980073011
3.9096000194550	-4.0729986064758
3.9142999649048	-4.1117135321055
3.9189999103546	-4.1455692025969
3.9237000942230	-4.1743656179123
3.9284000396729	-4.1980191281708
3.9330999851227	-4.2165893549499
3.9377999305725	-4.2302899221465
3.9425001144409	-4.2394744702320
3.9472000598907	-4.2446039366092
3.9519000053406	-4.2461965776598
3.9565999507904	-4.2447772589115
3.9612998962402	-4.2408398094384
3.9660000801086	-4.2348182486362
3.9707000255585	-4.2270926269316
3.9753999710083	-4.2180032620740
3.9800999164581	-4.2078840719104
3.9848001003265	-4.1970897366003
3.9895000457764	-4.1860220314435
3.9941999912262	-4.1751304353546
3.9988999366760	-4.1649028661615
4.0036001205444	-4.1558332989072
4.0082998275757	-4.1483918019678
4.0130000114441	-4.1429898902825
4.0177001953125	-4.1399612074562
4.0223999023438	-4.1395643997099
4.0271000862122	-4.1419974998840
4.0317997932434	-4.1474344438058
4.0364999771118	-4.1560607995589
4.0412001609802	-4.1681163275552
4.0458998680115	-4.1839205092980
4.0506000518799	-4.2038796305654
4.0553002357483	-4.2284772040462
4.0599999427795	-4.2582508161110
4.0647001266479	-4.2937599307129
4.0693998336792	-4.3355627134355
4.0741000175476	-4.3841915002060
4.0788002014160	-4.4401630608895
4.0834999084473	-4.5039937927337
4.0882000923157	-4.5762340070685
4.0928997993469	-4.6575134617913
4.0975999832153	-4.7485757471863
4.1023001670837	-4.8503026157235
4.1069998741150	-4.9637087598890
4.1117000579834	-5.0899196468066
4.1163997650146	-5.2301067146465
4.1210999488831	-5.3854160201000
4.1258001327515	-5.5568696211536
4.1304998397827	-5.7452650002343
4.1352000236511	-5.9510811584618
4.1399002075195	-6.1743877675596
4.1445999145508	-6.4147700458926
4.1493000984192	-6.6712652250642
4.1539998054504	-6.9423157265280
4.1586999893188	-7.2257301308090
4.1634001731873	-7.5186526426118
4.1680998802185	-7.8175595415895
4.1728000640869	-8.1182787186845
4.1774997711182	-8.4160594525655
4.1821999549866	-8.7057082347742
4.1869001388550	-8.9818151111693
4.1915998458862	-9.2390529590154
4.1963000297546	-9.4725407885037
4.2010002136230	-9.6782018941797
4.2056999206543	-9.8530461048844
4.2104001045227	-9.9952926922953
4.2150998115540	-10.104330466345
4.2197999954224	-10.180493564446
4.2245001792908	-10.224754206873
4.2291998863220	-10.238419936986
4.2339000701904	-10.222913790092
4.2385997772217	-10.179689759788
4.2432999610901	-10.110288212210
4.2480001449585	-10.016453559024
4.2526998519897	-9.9002722395124
4.2574000358582	-9.7642349696750
4.2621002197266	-9.6111975268866
4.2667999267578	-9.4442442600320
4.2715001106262	-9.2664842930281
4.2761998176575	-9.0808473417576
4.2809000015259	-8.8899179938902
4.2856001853943	-8.6958487968628
4.2902998924255	-8.5003655872429
4.2950000762939	-8.3048251328369
4.2996997833252	-8.1103254037611
4.3043999671936	-7.9178067210532
4.3091001510620	-7.7281274230676
4.3137998580933	-7.5420985490486
4.3185000419617	-7.3604684286808
4.3232002258301	-7.1838774135847
4.3278999328613	-7.0127979665678
4.3326001167297	-6.8474889012980
4.3372998237610	-6.6879747286285
4.3420000076294	-6.5340674372406
4.3467001914978	-6.3854160156468
4.3513998985291	-6.2415907435752
4.3561000823975	-6.1021656417768
4.3607997894287	-5.9667930588240
4.3654999732971	-5.8352429828899
4.3702001571655	-5.7074167700864
4.3748998641968	-5.5833110955128
4.3796000480652	-5.4629691376724
4.3843002319336	-5.3464199934556
4.3889999389648	-5.2336198996988
4.3937001228333	-5.1244346428759
4.3983998298645	-5.0186357570589
4.4031000137329	-4.9159342526223
4.4078001976013	-4.8160356210263
4.4124999046326	-4.7186910285509
4.4172000885010	-4.6237478561186
4.4218997955322	-4.5311696468389
4.4265999794006	-4.4410328193921
4.4313001632690	-4.3534860939428
4.4359998703003	-4.2687029171334
4.4407000541687	-4.1868294782157
4.4454002380371	-4.1079333069048
4.4500999450684	-4.0319853323663
4.4548001289368	-3.9588650638943
4.4594998359680	-3.8883942397423
4.4642000198364	-3.8203789240761
4.4689002037048	-3.7546646870657
4.4735999107361	-3.6911755101907
4.4783000946045	-3.6299367223832
4.4829998016357	-3.5710654450491
4.4876999855042	-3.5147421256212
4.4924001693726	-3.4611644945715
4.4970998764038	-3.4105001011113
4.5018000602722	-3.3628502893448
4.5064997673035	-3.3182271051815
4.5111999511719	-3.2765679757928
4.5159001350403	-3.2377590807390
4.5205998420715	-3.2016866495196
4.5253000259399	-3.1682823882099
4.5300002098083	-3.1375645677911
4.5346999168396	-3.1096556295507
4.5394001007080	-3.0847770653692
4.5440998077393	-3.0632142826269
4.5487999916077	-3.0452775188419
4.5535001754761	-3.0312415045665
4.5581998825073	-3.0213107417382
4.5629000663757	-3.0155854316290
4.5675997734070	-3.0140721298139
4.5722999572754	-3.0166936022937
4.5770001411438	-3.0233381654004
4.5816998481750	-3.0338998413018
4.5864000320435	-3.0483186843826
4.5911002159119	-3.0665925803627
4.5957999229431	-3.0887807569655
4.6005001068115	-3.1149681351977
4.6051998138428	-3.1452153884000
4.6098999977112	-3.1795101405028
4.6146001815796	-3.2177182873514
4.6192998886108	-3.2595574831634
4.6240000724792	-3.3046057383171
4.6286997795105	-3.3523280946875
4.6333999633789	-3.4021362959055
4.6381001472473	-3.4534413979277
4.6427998542786	-3.5057124986575
4.6475000381470	-3.5584997849411
4.6522002220154	-3.6114227990377
4.6568999290466	-3.6641335162483
4.6616001129150	-3.7162486288149
4.6662998199463	-3.7672765673512
4.6710000038147	-3.8165668634651
4.6757001876831	-3.8632924007866
4.6803998947144	-3.9064780785674
4.6851000785828	-3.9450768935757
4.6897997856140	-3.9780739765529
4.6944999694824	-4.0046041724776
4.6992001533508	-4.0240483751980
4.7038998603821	-4.0360819007870
4.7086000442505	-4.0406753093496
4.7133002281189	-4.0380475338006
4.7179999351501	-4.0285816620173
4.7227001190186	-4.0127422325017
4.7273998260498	-3.9910099321177
4.7321000099182	-3.9638550058211
4.7368001937866	-3.9317525302950
4.7414999008179	-3.8952184464959
4.7462000846863	-3.8548678057175
4.7508997917175	-3.8114515995542
4.7555999755859	-3.7658554709339
4.7603001594543	-3.7190703903111
4.7649998664856	-3.6721259327452
4.7697000503540	-3.6259902420199
4.7744002342224	-3.5814879895110
4.7790999412537	-3.5392265048585
4.7838001251221	-3.4995732162429
4.7884998321533	-3.4626629242050
4.7932000160217	-3.4284595160448
4.7979001998901	-3.3968372122882
4.8025999069214	-3.3676683370340
4.8073000907898	-3.3408998093209
4.8119997978210	-3.3165918485907
4.8166999816895	-3.2949213980429
4.8214001655579	-3.2761308377232
4.8260998725891	-3.2604700883309
4.8308000564575	-3.2481088276110
4.8354997634888	-3.2390809620038
4.8401999473572	-3.2332486815255
4.8449001312256	-3.2303131825682
4.8495998382568	-3.2298707024993
4.8543000221252	-3.2314919548674
4.8590002059937	-3.2348108238207
4.8636999130249	-3.2396019271503
4.8684000968933	-3.2458220360144
4.8730998039246	-3.2536037941346
4.8777999877930	-3.2631982450990
4.8825001716614	-3.2748951188149
4.8871998786926	-3.2889245523157
4.8919000625610	-3.3053764678260
4.8965997695923	-3.3241598896498
4.9012999534607	-3.3450105815399
4.9060001373291	-3.3675438462075
4.9106998443604	-3.3913531725280
4.9154000282288	-3.4161076305854
4.9201002120972	-3.4416477982636
4.9247999191284	-3.4680242093178
4.9295001029968	-3.4954886321931
4.9341998100281	-3.5244401996765
4.9388999938965	-3.5553009019973
4.9436001777649	-3.5884218160464
4.9482998847961	-3.6239741787630
4.9530000686646	-3.6618991953427
4.9576997756958	-3.7019211326319
4.9623999595642	-3.7436138170948
4.9671001434326	-3.7865113832333
4.9717998504639	-3.8302373721910
4.9765000343323	-3.8746061717336
4.9812002182007	-3.9196837579404
4.9858999252319	-3.9657702142357
4.9906001091003	-4.0133198292506
4.9952998161316	-4.0628193391806
5.0000000000000	-4.1146451797660
#Parameters = {R_fat=48; R_glandular=38; R_skin_outer=50; T10=5; T15=7.5; T5=2.5; T_rad=4; T_x=10; T_y=0; T_z=75; Zc=65; skin_thickness=2; Mesh Pass=2}
#"Frequency / GHz"	"S1,1 (Mesh Pass=2) [Magnitude / dB]"
#-------------------------------------------------------
0.30000001192093	-8.8233752683663
0.30469998717308	-8.5197229716962
0.30939999222755	-8.3209916360277
0.31409999728203	-8.2809314394501
0.31880000233650	-8.4185630842486
0.32350000739098	-8.7204447406641
0.32820001244545	-9.1358362436349
0.33289998769760	-9.5655775586866
0.33759999275208	-9.8642307809571
0.34229999780655	-9.8941470879548
0.34700000286102	-9.6259385509357
0.35170000791550	-9.1759326376702
0.35640001296997	-8.7254465865434
0.36109998822212	-8.4288181519186
0.36579999327660	-8.3886988469790
0.37049999833107	-8.6773562244204
0.37520000338554	-9.3720034111250
0.37990000844002	-10.600851263744
0.38460001349449	-12.631717939023
0.38929998874664	-16.154571363487
0.39399999380112	-24.068395038584
0.39869999885559	-27.195921940392
0.40340000391006	-16.047993820011
0.40810000896454	-11.286304509305
0.41280001401901	-8.4018972894368
0.41749998927116	-6.5301597621686
0.42219999432564	-5.3325305117951
0.42689999938011	-4.6236670311852
0.43160000443459	-4.2815715936950
0.43630000948906	-4.2191754559555
0.44100001454353	-4.3709274823894
0.44569998979568	-4.6817529896888
0.45039999485016	-5.0952263440900
0.45509999990463	-5.5423064383245
0.45980000495911	-5.9376418338463
0.46450001001358	-6.1952547184310
0.46919998526573	-6.2654313063685
0.47389999032021	-6.1647198875821
0.47859999537468	-5.9647563503931
0.48330000042915	-5.7503980393769
0.48800000548363	-5.5859296356700
0.49270001053810	-5.5047192897568
0.49739998579025	-5.5128091452090
0.50209999084473	-5.5952569889497
0.50679999589920	-5.7213136043482
0.51150000095367	-5.8500179881937
0.51620000600815	-5.9393569229351
0.52090001106262	-5.9593728818978
0.52560001611710	-5.9035121208095
0.53030002117157	-5.7901454019479
0.53500002622604	-5.6527213537518
0.53969997167587	-5.5257770330400
0.54439997673035	-5.4346325420270
0.54909998178482	-5.3910903529962
0.55379998683929	-5.3933251128813
0.55849999189377	-5.4278921620830
0.56319999694824	-5.4732619936523
0.56790000200272	-5.5052397072392
0.57260000705719	-5.5039773398321
0.57730001211166	-5.4604539630115
0.58200001716614	-5.3791703036754
0.58670002222061	-5.2754694833924
0.59140002727509	-5.1692161142842
0.59609997272491	-5.0782353465029
0.60079997777939	-5.0138718641630
0.60549998283386	-4.9791157464376
0.61019998788834	-4.9687629426725
0.61489999294281	-4.9711584066201
0.61959999799728	-4.9713541903001
0.62430000305176	-4.9553470668583
0.62900000810623	-4.9143387075426
0.63370001316071	-4.8473679649860
0.63840001821518	-4.7611184901840
0.64310002326965	-4.6671186223625
0.64780002832413	-4.5777708298557
0.65249997377396	-4.5028097780743
0.65719997882843	-4.4470520066748
0.66189998388290	-4.4096173739023
0.66659998893738	-4.3844972567298
0.67129999399185	-4.3623141939135
0.67599999904633	-4.3330097297752
0.68070000410080	-4.2888296400934
0.68540000915527	-4.2266312256612
0.69010001420975	-4.1486489070796
0.69480001926422	-4.0614344552269
0.69950002431870	-3.9735581088906
0.70420002937317	-3.8929876057648
0.70889997482300	-3.8249727810944
0.71359997987747	-3.7708528756086
0.71829998493195	-3.7279191782114
0.72299998998642	-3.6902830589354
0.72769999504089	-3.6506155407847
0.73240000009537	-3.6023188606045
0.73710000514984	-3.5415050775810
0.74180001020432	-3.4680987274512
0.74650001525879	-3.3856769655494
0.75120002031326	-3.3001729548339
0.75590002536774	-3.2180101340781
0.76059997081757	-3.1442520765035
0.76529997587204	-3.0812974313632
0.76999998092651	-3.0283507717887
0.77469998598099	-2.9817692203904
0.77939999103546	-2.9361924031257
0.78409999608994	-2.8861813254794
0.78880000114441	-2.8278955691779
0.79350000619888	-2.7602349827453
0.79820001125336	-2.6851029054760
0.80290001630783	-2.6066855327070
0.80760002136230	-2.5300850955296
0.81230002641678	-2.4597781841935
0.81699997186661	-2.3983521869994
0.82169997692108	-2.3458395937054
0.82639998197556	-2.2998222926454
0.83109998703003	-2.2562620742507
0.83579999208450	-2.2108105850426
0.84049999713898	-2.1602534659600
0.84520000219345	-2.1035418172172
0.84990000724792	-2.0421088579199
0.85460001230240	-1.9793707577676
0.85930001735687	-1.9195908487109
0.86400002241135	-1.8665265168582
0.86870002746582	-1.8222942609844
0.87339997291565	-1.7867890953090
0.87809997797012	-1.7577959964852
0.88279998302460	-1.7318241910643
0.88749998807907	-1.7053596529058
0.89219999313354	-1.6761633600919
0.89689999818802	-1.6441400693774
0.90160000324249	-1.6114824618025
0.90630000829697	-1.5820090436485
0.91100001335144	-1.5599565159210
0.91570001840591	-1.5486471658900
0.92040002346039	-1.5494531329259
0.92510002851486	-1.5614553697359
0.92979997396469	-1.5818770801498
0.93449997901917	-1.6072530271923
0.93919998407364	-1.6349429227968
0.94389998912811	-1.6645112074839
0.94859999418259	-1.6984248062631
0.95329999923706	-1.7418014183799
0.95800000429153	-1.8012651572656
0.96270000934601	-1.8832742716894
0.96740001440048	-1.9925391369444
0.97210001945496	-2.1310575081853
0.97680002450943	-2.2981711941927
0.98150002956390	-2.4917869821280
0.98619997501373	-2.7105448395151
0.99089998006821	-2.9564280859154
0.99559998512268	-3.2370481922715
1.0003000497818	-3.5668631373711
1.0049999952316	-3.9669716911046
1.0096999406815	-4.4637753362109
1.0144000053406	-5.0873667599803
1.0190999507904	-5.8706517126219
1.0238000154495	-6.8498142212724
1.0284999608994	-8.0656522711033
1.0332000255585	-9.5620817998572
1.0378999710083	-11.366156161375
1.0426000356674	-13.387641122680
1.0472999811172	-15.083279990234
1.0520000457764	-15.255936346036
1.0566999912262	-13.692726356270
1.0614000558853	-11.582518920931
1.0661000013351	-9.6352822880526
1.0707999467850	-8.0036030625678
1.0755000114441	-6.6747879276012
1.0801999568939	-5.6070639186732
1.0849000215530	-4.7585454195381
1.0895999670029	-4.0903868678168
1.0943000316620	-3.5656321635188
1.0989999771118	-3.1489706137108
1.1037000417709	-2.8082387926953
1.1083999872208	-2.5169968332807
1.1131000518799	-2.2568835275306
1.1177999973297	-2.0185431676505
1.1224999427795	-1.8005309007476
1.1272000074387	-1.6065260086204
1.1318999528885	-1.4418049749511
1.1366000175476	-1.3100534046953
1.1412999629974	-1.2112843871120
1.1460000276566	-1.1412089234133
1.1506999731064	-1.0919943530776
1.1554000377655	-1.0540874075925
1.1600999832153	-1.0185502999859
1.1648000478745	-0.97920106818148
1.1694999933243	-0.93390633853511
1.1742000579834	-0.88462972042477
1.1789000034332	-0.83623509600452
1.1835999488831	-0.79454935947195
1.1883000135422	-0.76433815153229
1.1929999589920	-0.74781296645925
1.1977000236511	-0.74406475803103
1.2023999691010	-0.74941284551087
1.2071000337601	-0.75854942813901
1.2117999792099	-0.76610290264480
1.2165000438690	-0.76816928165521
1.2211999893188	-0.76334379907439
1.2259000539780	-0.75295893131581
1.2305999994278	-0.74046430886172
1.2352999448776	-0.73019011599283
1.2400000095367	-0.72594208118678
1.2446999549866	-0.72986905820416
1.2494000196457	-0.74191543063869
1.2540999650955	-0.75994834199795
1.2588000297546	-0.78048362960566
1.2634999752045	-0.79973853269644
1.2682000398636	-0.81477898922026
1.2728999853134	-0.82432498805676
1.2776000499725	-0.82906984147443
1.2822999954224	-0.83134914390575
1.2869999408722	-0.83432745193749
1.2917000055313	-0.84099206903374
1.2963999509811	-0.85327566658349
1.3011000156403	-0.87153634153968
1.3057999610901	-0.89454872980236
1.3105000257492	-0.91993827142492
1.3151999711990	-0.94492757761484
1.3199000358582	-0.96717409863961
1.3245999813080	-0.98545196976003
1.3293000459671	-0.99997272468860
1.3339999914169	-1.0122619601578
1.3387000560760	-1.0246383924302
1.3434000015259	-1.0394819568114
1.3480999469757	-1.0585342636058
1.3528000116348	-1.0824314047715
1.3574999570847	-1.1105806416298
1.3622000217438	-1.1414056337898
1.3668999671936	-1.1728493904891
1.3716000318527	-1.2029999332682
1.3762999773026	-1.2306641000721
1.3810000419617	-1.2556965975635
1.3856999874115	-1.2790171839627
1.3904000520706	-1.3023071652735
1.3950999975204	-1.3274865746486
1.3997999429703	-1.3561586380172
1.4045000076294	-1.3891750884660
1.4091999530792	-1.4264464704375
1.4139000177383	-1.4670201513378
1.4185999631882	-1.5094040280592
1.4233000278473	-1.5520279136419
1.4279999732971	-1.5937212155744
1.4327000379562	-1.6340581769667
1.4373999834061	-1.6734790998914
1.4421000480652	-1.7131569629301
1.4467999935150	-1.7546527092028
1.4515000581741	-1.7994743555431
1.4562000036240	-1.8486731395284
1.4608999490738	-1.9025918997587
1.4656000137329	-1.9608158530988
1.4702999591827	-2.0223397971407
1.4750000238419	-2.0858843672803
1.4796999692917	-2.1502990663198
1.4844000339508	-2.2149157089550
1.4890999794006	-2.2797593828658
1.4938000440598	-2.3455620015010
1.4984999895096	-2.4135729415631
1.5032000541687	-2.4852219921614
1.5078999996185	-2.5617504346394
1.5125999450684	-2.6439003174981
1.5173000097275	-2.7317490286661
1.5219999551773	-2.8247301445582
1.5267000198364	-2.9218279030692
1.5313999652863	-3.0218983610910
1.5361000299454	-3.1240292147355
1.5407999753952	-3.2278421096070
1.5455000400543	-3.3336405882056
1.5501999855042	-3.4423686289140
1.5549000501633	-3.5553868628333
1.5595999956131	-3.6741216895449
1.5642999410629	-3.7997096896179
1.5690000057220	-3.9327071972666
1.5736999511719	-4.0729695490824
1.5784000158310	-4.2197072299913
1.5830999612808	-4.3717334216538
1.5878000259399	-4.5278346978728
1.5924999713898	-4.6871591367471
1.5972000360489	-4.8495275821673
1.6018999814987	-5.0155493349474
1.6066000461578	-5.1865199888688
1.6112999916077	-5.3641052937364
1.6160000562668	-5.5499120251465
1.6207000017166	-5.7450654407625
1.6253999471664	-5.9499036769991
1.6301000118256	-6.1638830326996
1.6347999572754	-6.3857341278121
1.6395000219345	-6.6138431096596
1.6441999673843	-6.8467605108805
1.6489000320435	-7.0837116662164
1.6535999774933	-7.3249284946737
1.6583000421524	-7.5716968322959
1.6629999876022	-7.8260873237380
1.6677000522614	-8.0904337332556
1.6723999977112	-8.3667118395227
1.6770999431610	-8.6559955249444
1.6818000078201	-8.9581433356882
1.6864999532700	-9.2718350405763
1.6912000179291	-9.5949679700168
1.6958999633789	-9.9253438924978
1.7006000280380	-10.261472050747
1.7052999734879	-10.603228494870
1.7100000381470	-10.952142067093
1.7146999835968	-11.311189509011
1.7194000482559	-11.684129918130
1.7240999937057	-12.074544199532
1.7288000583649	-12.484908669463
1.7335000038147	-12.915908316628
1.7381999492645	-13.366260320456
1.7429000139236	-13.833135141159
1.7475999593735	-14.313155361254
1.7523000240326	-14.803753097599
1.7569999694824	-15.304484675736
1.7617000341415	-15.817845778041
1.7663999795914	-16.349165530920
1.7711000442505	-16.905589172902
1.7757999897003	-17.494321841093
1.7805000543594	-18.120630457585
1.7851999998093	-18.786021220598
1.7898999452591	-19.487128534006
1.7946000099182	-20.215630022124
1.7992999553680	-20.959572458129
1.8040000200272	-21.705963081203
1.8086999654770	-22.443766676408
1.8134000301361	-23.165610588285
1.8180999755859	-23.866134678238
1.8228000402451	-24.535962188352
1.8274999856949	-25.152622593525
1.8322000503540	-25.672929583849
1.8368999958038	-26.035105820159
1.8415999412537	-26.178900122116
1.8463000059128	-26.078304761565
1.8509999513626	-25.760819868259
1.8557000160217	-25.293362130944
1.8603999614716	-24.749240480711
1.8651000261307	-24.183690317336
1.8697999715805	-23.627151227408
1.8745000362396	-23.089886086105
1.8791999816895	-22.570263854896
1.8839000463486	-22.062630383141
1.8885999917984	-21.563000184133
1.8933000564575	-21.071890524075
1.8980000019073	-20.594289142081
1.9026999473572	-20.137640991716
1.9074000120163	-19.709196254788
1.9120999574661	-19.313734575252
1.9168000221252	-18.952349185155
1.9214999675751	-18.622360785559
1.9262000322342	-18.318200689787
1.9308999776840	-18.032921485245
1.9356000423431	-17.759978242643
1.9402999877930	-17.494792195441
1.9450000524521	-17.235644005198
1.9496999979019	-16.983656031442
1.9543999433517	-16.741939709902
1.9591000080109	-16.514237783100
1.9637999534607	-16.303573252476
1.9685000181198	-16.111239954576
1.9731999635696	-15.936408410293
1.9779000282288	-15.776324295968
1.9825999736786	-15.627064479547
1.9873000383377	-15.484560399460
1.9919999837875	-15.345667860517
1.9967000484467	-15.208930852775
2.0013999938965	-15.074815839681
2.0060999393463	-14.945370263984
2.0107998847961	-14.823443858839
2.0155000686646	-14.711733036064
2.0202000141144	-14.611947470114
2.0248999595642	-14.524321340866
2.0295999050140	-14.447547518727
2.0343000888824	-14.379156137026
2.0390000343323	-14.316197923239
2.0436999797821	-14.256060366280
2.0483999252319	-14.197175878991
2.0531001091003	-14.139411532997
2.0578000545502	-14.084029280906
2.0625000000000	-14.033240396890
2.0671999454498	-13.989501680160
2.0718998908997	-13.954790533925
2.0766000747681	-13.930039523371
2.0813000202179	-13.914886554937
2.0859999656677	-13.907784366305
2.0906999111176	-13.906433671544
2.0954000949860	-13.908419642335
2.1001000404358	-13.911889698081
2.1047999858856	-13.916068769493
2.1094999313354	-13.921447743258
2.1142001152039	-13.929620023647
2.1189000606537	-13.942786950364
2.1236000061035	-13.963117531722
2.1282999515533	-13.992128316678
2.1329998970032	-14.030259659801
2.1377000808716	-14.076743547680
2.1424000263214	-14.129790631274
2.1470999717712	-14.187061907277
2.1517999172211	-14.246285589288
2.1565001010895	-14.305876634240
2.1612000465393	-14.365348035727
2.1658999919891	-14.425424300928
2.1705999374390	-14.487790372306
2.1752998828888	-14.554571626676
2.1800000667572	-14.627693122738
2.1847000122070	-14.708305779304
2.1893999576569	-14.796401890516
2.1940999031067	-14.890742729157
2.1988000869751	-14.989106838401
2.2035000324249	-15.088779162085
2.2081999778748	-15.187227435370
2.2128999233246	-15.282689248774
2.2176001071930	-15.374595980477
2.2223000526428	-15.463610597845
2.2269999980927	-15.551340206191
2.2316999435425	-15.639780364888
2.2363998889923	-15.730619619198
2.2411000728607	-15.824669545182
2.2458000183105	-15.921489862037
2.2504999637604	-16.019344953744
2.2551999092102	-16.115518461538
2.2599000930786	-16.206863378502
2.2646000385284	-16.290539017870
2.2692999839783	-16.364637356185
2.2739999294281	-16.428631846430
2.2787001132965	-16.483388463315
2.2834000587463	-16.530837737104
2.2881000041962	-16.573359875396
2.2927999496460	-16.613065763800
2.2974998950958	-16.651163948786
2.3022000789642	-16.687613870940
2.3069000244141	-16.721087575407
2.3115999698639	-16.749312294545
2.3162999153137	-16.769689769116
2.3210000991821	-16.779996384529
2.3257000446320	-16.779083866158
2.3303999900818	-16.767239311018
2.3350999355316	-16.746192016314
2.3397998809814	-16.718718963265
2.3445000648499	-16.687978827314
2.3492000102997	-16.656760706202
2.3538999557495	-16.626870570521
2.3585999011993	-16.598776309134
2.3633000850677	-16.571621071996
2.3680000305176	-16.543596656864
2.3726999759674	-16.512548433062
2.3773999214172	-16.476720085444
2.3821001052856	-16.435343131564
2.3868000507355	-16.388993562059
2.3914999961853	-16.339526048108
2.3961999416351	-16.289643828186
2.4008998870850	-16.242250477347
2.4056000709534	-16.199747340974
2.4103000164032	-16.163485174752
2.4149999618530	-16.133488045280
2.4196999073029	-16.108568949227
2.4244000911713	-16.086728957756
2.4291000366211	-16.065779231443
2.4337999820709	-16.044037149313
2.4384999275208	-16.020847198917
2.4432001113892	-15.996846178506
2.4479000568390	-15.973775045625
2.4526000022888	-15.954083808776
2.4572999477386	-15.940220589753
2.4619998931885	-15.934029669195
2.4667000770569	-15.936286899874
2.4714000225067	-15.946537031284
2.4760999679565	-15.963255120676
2.4807999134064	-15.984316465873
2.4855000972748	-16.007623692063
2.4902000427246	-16.031732099611
2.4948999881744	-16.056279331968
2.4995999336243	-16.082143739178
2.5043001174927	-16.111182837412
2.5090000629425	-16.145763329736
2.5137000083923	-16.188080036748
2.5183999538422	-16.239601681130
2.5230998992920	-16.300695816699
2.5278000831604	-16.370528250905
2.5325000286102	-16.447360770853
2.5371999740601	-16.529022592122
2.5418999195099	-16.613550932650
2.5466001033783	-16.699799990313
2.5513000488281	-16.787784388284
2.5559999942780	-16.878724340491
2.5606999397278	-16.974736619449
2.5653998851776	-17.078256372037
2.5701000690460	-17.191383140158
2.5748000144958	-17.315331877511
2.5794999599457	-17.450094652623
2.5841999053955	-17.594463513059
2.5889000892639	-17.746350262374
2.5936000347137	-17.903348150341
2.5982999801636	-18.063418181039
2.6029999256134	-18.225486064880
2.6077001094818	-18.389767452118
2.6124000549316	-18.557726645247
2.6171000003815	-18.731674679151
2.6217999458313	-18.914092516887
2.6264998912811	-19.106914262202
2.6312000751495	-19.310927964922
2.6359000205994	-19.525437359116
2.6405999660492	-19.748292170814
2.6452999114990	-19.976264765258
2.6500000953674	-20.205689266202
2.6547000408173	-20.433233266909
2.6593999862671	-20.656545795258
2.6640999317169	-20.874616768601
2.6688001155853	-21.087691262063
2.6735000610352	-21.296780852686
2.6782000064850	-21.502877692715
2.6828999519348	-21.706140819185
2.6875998973846	-21.905200899983
2.6923000812531	-22.096828475342
2.6970000267029	-22.276022641302
2.7016999721527	-22.436492230389
2.7063999176025	-22.571568527683
2.7111001014709	-22.675192475307
2.7158000469208	-22.742966592895
2.7204999923706	-22.772756209022
2.7251999378204	-22.764870609538
2.7298998832703	-22.721698419292
2.7346000671387	-22.646942024715
2.7393000125885	-22.544688333402
2.7439999580383	-22.418548108729
2.7486999034882	-22.271081103933
2.7534000873566	-22.103567338954
2.7581000328064	-21.916265777557
2.7627999782562	-21.708935890566
2.7674999237061	-21.481614348545
2.7722001075745	-21.235303545247
2.7769000530243	-20.972456947440
2.7815999984741	-20.696954321630
2.7862999439240	-20.413670546791
2.7909998893738	-20.127731154769
2.7957000732422	-19.843621146979
2.8004000186920	-19.564508906726
2.8050999641418	-19.291839250530
2.8097999095917	-19.025338738835
2.8145000934601	-18.763435201028
2.8192000389099	-18.503942407841
2.8238999843597	-18.244867752347
2.8285999298096	-17.985141769025
2.8333001136780	-17.724991049512
2.8380000591278	-17.465933767271
2.8427000045776	-17.210355675746
2.8473999500275	-16.960845184979
2.8520998954773	-16.719476674751
2.8568000793457	-16.487301461584
2.8615000247955	-16.264063197379
2.8661999702454	-16.048342603234
2.8708999156952	-15.837994779938
2.8756000995636	-15.630769340122
2.8803000450134	-15.424953295784
2.8849999904633	-15.219841032495
2.8896999359131	-15.015883620288
2.8943998813629	-14.814486289297
2.8991000652313	-14.617535823065
2.9038000106812	-14.426792185008
2.9084999561310	-14.243357324049
2.9131999015808	-14.067346631005
2.9179000854492	-13.897865552768
2.9226000308990	-13.733282884167
2.9272999763489	-13.571699086767
2.9319999217987	-13.411509350067
2.9367001056671	-13.251838605717
2.9414000511169	-13.092777796096
2.9460999965668	-12.935294666702
2.9507999420166	-12.780896805308
2.9554998874664	-12.631131607126
2.9602000713348	-12.487106547580
2.9649000167847	-12.349150220747
2.9695999622345	-12.216717080998
2.9742999076843	-12.088559050699
2.9790000915527	-11.963102614055
2.9837000370026	-11.838916237964
2.9883999824524	-11.715131523194
2.9930999279022	-11.591676304228
2.9978001117706	-11.469269511967
3.0025000572205	-11.349165941592
3.0072000026703	-11.232743954747
3.0118999481201	-11.121059749726
3.0165998935699	-11.014542773543
3.0213000774384	-10.912853158615
3.0260000228882	-10.814992856348
3.0306999683380	-10.719619370176
3.0353999137878	-10.625449024095
3.0401000976562	-10.531635948253
3.0448000431061	-10.438025018860
3.0494999885559	-10.345173267745
3.0541999340057	-10.254154064501
3.0589001178741	-10.166201818194
3.0636000633240	-10.082322417616
3.0683000087738	-10.002978559657
3.0729999542236	-9.9279591941337
3.0776998996735	-9.8564299884199
3.0824000835419	-9.7872107951575
3.0871000289917	-9.7191215585754
3.0917999744415	-9.6513549405991
3.0964999198914	-9.5836985237113
3.1012001037598	-9.5166067000967
3.1059000492096	-9.4510110340427
3.1105999946594	-9.3880476113428
3.1152999401093	-9.3286604153785
3.1199998855591	-9.2733343310642
3.1247000694275	-9.2219200652610
3.1294000148773	-9.1736983422835
3.1340999603271	-9.1275961229856
3.1387999057770	-9.0825074473360
3.1435000896454	-9.0376526409296
3.1482000350952	-8.9927896669988
3.1528999805450	-8.9482998950115
3.1575999259949	-8.9050318718681
3.1623001098633	-8.8640405444864
3.1670000553131	-8.8262337201231
3.1717000007629	-8.7920907082934
3.1763999462128	-8.7615045370726
3.1810998916626	-8.7338111667918
3.1858000755310	-8.7079913677281
3.1905000209808	-8.6829915733755
3.1951999664307	-8.6580255563564
3.1998999118805	-8.6328370032762
3.2046000957489	-8.6077456242735
3.2093000411987	-8.5835444152871
3.2139999866486	-8.5612334261637
3.2186999320984	-8.5416833605610
3.2234001159668	-8.5253487900395
3.2281000614166	-8.5121237439889
3.2328000068665	-8.5013510991907
3.2374999523163	-8.4920131992449
3.2421998977661	-8.4830434595349
3.2469000816345	-8.4736316960923
3.2516000270844	-8.4634703433386
3.2562999725342	-8.4528292856456
3.2609999179840	-8.4424355588219
3.2657001018524	-8.4332155085417
3.2704000473022	-8.4259694093423
3.2750999927521	-8.4210754579178
3.2797999382019	-8.4183481434924
3.2844998836517	-8.4170370316418
3.2892000675201	-8.4160366123928
3.2939000129700	-8.4141909780421
3.2985999584198	-8.4106034329353
3.3032999038696	-8.4048900396237
3.3080000877380	-8.3972357707846
3.3127000331879	-8.3882790276750
3.3173999786377	-8.3788294805693
3.3220999240875	-8.3695377218373
3.3268001079559	-8.3606078942794
3.3315000534058	-8.3516514672917
3.3361999988556	-8.3417142298383
3.3408999443054	-8.3295128344844
3.3455998897552	-8.3137466327545
3.3503000736237	-8.2934393426163
3.3550000190735	-8.2681632691204
3.3596999645233	-8.2380905732221
3.3643999099731	-8.2038308971216
3.3691000938416	-8.1661460345680
3.3738000392914	-8.1255947660777
3.3784999847412	-8.0822687902742
3.3831999301910	-8.0356825048354
3.3879001140594	-7.9848628657147
3.3926000595093	-7.9286146038258
3.3973000049591	-7.8658566622019
3.4019999504089	-7.7959557780336
3.4066998958588	-7.7189085094704
3.4114000797272	-7.6353237446061
3.4161000251770	-7.5462226912348
3.4207999706268	-7.4527244329113
3.4254999160767	-7.3557211255225
3.4302000999451	-7.2556435400354
3.4349000453949	-7.1524299464159
3.4395999908447	-7.0456383154097
3.4442999362946	-6.9347327586185
3.4489998817444	-6.8193722436895
3.4537000656128	-6.6996756110126
3.4584000110626	-6.5763035103441
3.4630999565125	-6.4503990211365
3.4677999019623	-6.3233485654195
3.4725000858307	-6.1965036774313
3.4772000312805	-6.0709072753972
3.4818999767303	-5.9471309607405
3.4865999221802	-5.8252838754118
3.4913001060486	-5.7051308841872
3.4960000514984	-5.5863366041144
3.5006999969482	-5.4687085395450
3.5053999423981	-5.3523817632378
3.5100998878479	-5.2378853029018
3.5148000717163	-5.1260669157532
3.5195000171661	-5.0179149070016
3.5241999626160	-4.9143230549458
3.5288999080658	-4.8158903329645
3.5336000919342	-4.7228122337692
3.5383000373840	-4.6348702549635
3.5429999828339	-4.5515546232082
3.5476999282837	-4.4722623034490
3.5524001121521	-4.3964924122561
3.5571000576019	-4.3240179717063
3.5618000030518	-4.2549505944022
3.5664999485016	-4.1896844296139
3.5711998939514	-4.1287704103884
3.5759000778198	-4.0727176373077
3.5806000232697	-4.0218278714480
3.5852999687195	-3.9760715725993
3.5899999141693	-3.9350885400308
3.5947000980377	-3.8982634250978
3.5994000434875	-3.8648917757486
3.6040999889374	-3.8343607250512
3.6087999343872	-3.8062941582662
3.6135001182556	-3.7806388282600
3.6182000637054	-3.7576355313923
3.6229000091553	-3.7377024060877
3.6275999546051	-3.7212765798896
3.6322999000549	-3.7086374821846
3.6370000839233	-3.6997950051896
3.6417000293732	-3.6944509072996
3.6463999748230	-3.6920630326604
3.6510999202728	-3.6919799868193
3.6558001041412	-3.6936115421307
3.6605000495911	-3.6965824228376
3.6651999950409	-3.7008149533829
3.6698999404907	-3.7065376825067
3.6745998859406	-3.7141813663572
3.6793000698090	-3.7242232117144
3.6840000152588	-3.7370257287695
3.6886999607086	-3.7527006423154
3.6933999061584	-3.7710579335004
3.6981000900269	-3.7916430708109
3.7028000354767	-3.8138679311563
3.7074999809265	-3.8371667795405
3.7121999263763	-3.8611666190114
3.7169001102448	-3.8857832124015
3.7216000556946	-3.9112435308556
3.7263000011444	-3.9380027404906
3.7309999465942	-3.9665999017443
3.7356998920441	-3.9974766258975
3.7404000759125	-4.0308382597500
3.7451000213623	-4.0665772593659
3.7497999668121	-4.1043043098849
3.7544999122620	-4.1434501932139
3.7592000961304	-4.1834454878165
3.7639000415802	-4.2238856610566
3.7685999870300	-4.2646588542794
3.7732999324799	-4.3059811516917
3.7780001163483	-4.3483288641783
3.7827000617981	-4.3922891163814
3.7874000072479	-4.4383799258520
3.7920999526978	-4.4868769039246
3.7967998981476	-4.5377292828486
3.8015000820160	-4.5905612873945
3.8062000274658	-4.6447859038217
3.8108999729156	-4.6997739339890
3.8155999183655	-4.7550523167570
3.8203001022339	-4.8104503387814
3.8250000476837	-4.8661540246651
3.8296999931335	-4.9226520841888
3.8343999385834	-4.9805789649058
3.8390998840332	-5.0405114620542
3.8438000679016	-5.1027819776216
3.8485000133514	-5.1673524412029
3.8531999588013	-5.2338135868309
3.8578999042511	-5.3014899700835
3.8626000881195	-5.3696306118167
3.8673000335693	-5.4376331014189
3.8719999790192	-5.5052209278388
3.8766999244690	-5.5725225010530
3.8814001083374	-5.6400229677721
3.8861000537872	-5.7083913550014
3.8907999992371	-5.7782509557714
3.8954999446869	-5.8499502958153
3.9001998901367	-5.9234192781675
3.9049000740051	-5.9981475968065
3.9096000194550	-6.0733010511967
3.9142999649048	-6.1479455929480
3.9189999103546	-6.2213089159488
3.9237000942230	-6.2929965010459
3.9284000396729	-6.3630927495082
3.9330999851227	-6.4321034891015
3.9377999305725	-6.5007627981526
3.9425001144409	-6.5697517438756
3.9472000598907	-6.6394331674770
3.9519000053406	-6.7096813036737
3.9565999507904	-6.7798576407714
3.9612998962402	-6.8489686843034
3.9660000801086	-6.9159266133230
3.9707000255585	-6.9798669803853
3.9753999710083	-7.0404055938348
3.9800999164581	-7.0977364436849
3.9848001003265	-7.1525544436728
3.9895000457764	-7.2058061294186
3.9941999912262	-7.2583563965718
3.9988999366760	-7.3106848148805
4.0036001205444	-7.3626983503484
4.0082998275757	-7.4137420426506
4.0130000114441	-7.4627898148919
4.0177001953125	-7.5087724128218
4.0223999023438	-7.5509314559067
4.0271000862122	-7.5890930383549
4.0317997932434	-7.6237466732914
4.0364999771118	-7.6559169255212
4.0412001609802	-7.6868550895821
4.0458998680115	-7.7176613622407
4.0506000518799	-7.7489572662567
4.0553002357483	-7.7807115757122
4.0599999427795	-7.8122840633884
4.0647001266479	-7.8426599521321
4.0693998336792	-7.8708257936011
4.0741000175476	-7.8961375729092
4.0788002014160	-7.9185946128672
4.0834999084473	-7.9388898263404
4.0882000923157	-7.9582378391506
4.0928997993469	-7.9780327317106
4.0975999832153	-7.9994405830370
4.1023001670837	-8.0230744614255
4.1069998741150	-8.0488304902043
4.1117000579834	-8.0759620425861
4.1163997650146	-8.1033442552527
4.1210999488831	-8.1298770259597
4.1258001327515	-8.1548768829759
4.1304998397827	-8.1783412004097
4.1352000236511	-8.2009951660322
4.1399002075195	-8.2240927607395
4.1445999145508	-8.2490504726849
4.1493000984192	-8.2770198984324
4.1539998054504	-8.3085431090863
4.1586999893188	-8.3433965881287
4.1634001731873	-8.3806627704380
4.1680998802185	-8.4190300513320
4.1728000640869	-8.4572152019748
4.1774997711182	-8.4943904325381
4.1821999549866	-8.5304700891151
4.1869001388550	-8.5661615851200
4.1915998458862	-8.6027528264613
4.1963000297546	-8.6417157409041
4.2010002136230	-8.6842357947762
4.2056999206543	-8.7308334100294
4.2104001045227	-8.7811793622533
4.2150998115540	-8.8341739165458
4.2197999954224	-8.8882647222669
4.2245001792908	-8.9419147743355
4.2291998863220	-8.9940874037870
4.2339000701904	-9.0445719603029
4.2385997772217	-9.0940500650418
4.2432999610901	-9.1438686433016
4.2480001449585	-9.1955887891774
4.2526998519897	-9.2504520473626
4.2574000358582	-9.3089426101062
4.2621002197266	-9.3705720003194
4.2667999267578	-9.4339598486439
4.2715001106262	-9.4971938924449
4.2761998176575	-9.5583825877266
4.2809000015259	-9.6162055341736
4.2856001853943	-9.6703121873404
4.2902998924255	-9.7213945387092
4.2950000762939	-9.7709236816965
4.2996997833252	-9.8206243282093
4.3043999671936	-9.8718610849769
4.3091001510620	-9.9251397338552
4.3137998580933	-9.9798792180864
4.3185000419617	-10.034526137910
4.3232002258301	-10.087005029974
4.3278999328613	-10.135362885062
4.3326001167297	-10.178419038173
4.3372998237610	-10.216193044420
4.3420000076294	-10.249968367189
4.3467001914978	-10.281956784986
4.3513998985291	-10.314684756336
4.3561000823975	-10.350297516497
4.3607997894287	-10.390013977335
4.3654999732971	-10.433873928959
4.3702001571655	-10.480862790490
4.3748998641968	-10.529375338801
4.3796000480652	-10.577867365254
4.3843002319336	-10.625518362402
4.3889999389648	-10.672664688073
4.3937001228333	-10.720866731313
4.3983998298645	-10.772573649484
4.4031000137329	-10.830502671075
4.4078001976013	-10.896914925040
4.4124999046326	-10.973013531434
4.4172000885010	-11.058624485507
4.4218997955322	-11.152267797321
4.4265999794006	-11.251576588596
4.4313001632690	-11.354017492918
4.4359998703003	-11.457678444856
4.4407000541687	-11.561875660870
4.4454002380371	-11.667417074762
4.4500999450684	-11.776362249183
4.4548001289368	-11.891407362321
4.4594998359680	-12.015031753032
4.4642000198364	-12.148716662071
4.4689002037048	-12.292398864619
4.4735999107361	-12.444385358981
4.4783000946045	-12.601738645884
4.4829998016357	-12.761069348414
4.4876999855042	-12.919545867747
4.4924001693726	-13.075805759976
4.4970998764038	-13.230433807210
4.5018000602722	-13.385858161223
4.5064997673035	-13.545647057186
4.5111999511719	-13.713421430763
4.5159001350403	-13.891749834238
4.5205998420715	-14.081301234521
4.5253000259399	-14.280506242011
4.5300002098083	-14.485901142678
4.5346999168396	-14.693012239674
4.5394001007080	-14.897679693954
4.5440998077393	-15.097404894558
4.5487999916077	-15.292220722155
4.5535001754761	-15.484825197253
4.5581998825073	-15.679805535757
4.5629000663757	-15.882290616589
4.5675997734070	-16.096395185011
4.5722999572754	-16.323895276485
4.5770001411438	-16.563545776412
4.5816998481750	-16.811148642580
4.5864000320435	-17.060530051798
4.5911002159119	-17.305145108024
4.5957999229431	-17.540007326666
4.6005001068115	-17.763240123796
4.6051998138428	-17.976687545419
4.6098999977112	-18.185338642057
4.6146001815796	-18.395688653407
4.6192998886108	-18.613644219010
4.6240000724792	-18.842563977942
4.6286997795105	-19.081924369075
4.6333999633789	-19.326925976471
4.6381001472473	-19.569169454915
4.6427998542786	-19.798417245254
4.6475000381470	-20.005019171380
4.6522002220154	-20.182491143306
4.6568999290466	-20.329139378249
4.6616001129150	-20.448316518863
4.6662998199463	-20.546947847991
4.6710000038147	-20.633101417193
4.6757001876831	-20.713396093010
4.6803998947144	-20.790838558894
4.6851000785828	-20.863758415779
4.6897997856140	-20.925831260207
4.6944999694824	-20.967415673299
4.6992001533508	-20.977915653454
4.7038998603821	-20.948874278056
4.7086000442505	-20.876705646839
4.7133002281189	-20.764153604224
4.7179999351501	-20.619791561294
4.7227001190186	-20.455771976695
4.7273998260498	-20.284649169313
4.7321000099182	-20.116389793120
4.7368001937866	-19.956291305787
4.7414999008179	-19.804099625581
4.7462000846863	-19.654499602860
4.7508997917175	-19.498877881479
4.7555999755859	-19.328085271160
4.7603001594543	-19.135574477127
4.7649998664856	-18.919825729320
4.7697000503540	-18.685194398377
4.7744002342224	-18.440780677548
4.7790999412537	-18.197772158507
4.7838001251221	-17.966392131714
4.7884998321533	-17.753283736915
4.7932000160217	-17.560027846412
4.7979001998901	-17.382988002005
4.8025999069214	-17.214465802755
4.8073000907898	-17.044956328116
4.8119997978210	-16.866055513671
4.8166999816895	-16.673132993381
4.8214001655579	-16.466864533346
4.8260998725891	-16.252988362017
4.8308000564575	-16.040388284019
4.8354997634888	-15.838311640191
4.8401999473572	-15.653689720244
4.8449001312256	-15.489258734092
4.8495998382568	-15.342956249519
4.8543000221252	-15.208553412935
4.8590002059937	-15.077475263615
4.8636999130249	-14.941349520390
4.8684000968933	-14.794609299900
4.8730998039246	-14.636306365370
4.8777999877930	-14.470351020681
4.8825001716614	-14.304165097422
4.8871998786926	-14.146265061645
4.8919000625610	-14.003631618912
4.8965997695923	-13.879747541246
4.9012999534607	-13.773651359118
4.9060001373291	-13.680293462151
4.9106998443604	-13.591996935789
4.9154000282288	-13.500750693934
4.9201002120972	-13.400723331574
4.9247999191284	-13.290177758158
4.9295001029968	-13.172035889223
4.9341998100281	-13.052896330338
4.9388999938965	-12.940879442463
4.9436001777649	-12.843089191298
4.9482998847961	-12.763566727751
4.9530000686646	-12.702149647666
4.9576997756958	-12.654588687578
4.9623999595642	-12.613772638482
4.9671001434326	-12.571853601862
4.9717998504639	-12.522750591069
4.9765000343323	-12.464156335478
4.9812002182007	-12.398393539734
4.9858999252319	-12.331686841980
4.9906001091003	-12.272148994545
4.9952998161316	-12.227260777710
5.0000000000000	-12.201635963092
#Parameters = {R_fat=48; R_glandular=38; R_skin_outer=50; T10=5; T15=7.5; T5=2.5; T_rad=4; T_x=10; T_y=0; T_z=75; Zc=65; skin_thickness=2; Mesh Pass=3}
#"Frequency / GHz"	"S1,1 (Mesh Pass=3) [Magnitude / dB]"
#-------------------------------------------------------
0.30000001192093	-9.8510030786948
0.30469998717308	-10.244640062307
0.30939999222755	-10.682363590201
0.31409999728203	-11.055327652746
0.31880000233650	-11.244359533021
0.32350000739098	-11.184281336107
0.32820001244545	-10.917715190693
0.33289998769760	-10.574397682901
0.33759999275208	-10.301753918848
0.34229999780655	-10.218535772778
0.34700000286102	-10.409812082253
0.35170000791550	-10.943300727689
0.35640001296997	-11.890807885217
0.36109998822212	-13.346053872436
0.36579999327660	-15.403991882747
0.37049999833107	-17.850336470186
0.37520000338554	-18.824371885301
0.37990000844002	-16.529014469368
0.38460001349449	-13.427095405067
0.38929998874664	-10.882790296061
0.39399999380112	-8.9805330092892
0.39869999885559	-7.6206077363502
0.40340000391006	-6.7108949086899
0.40810000896454	-6.1776353817925
0.41280001401901	-5.9592934047528
0.41749998927116	-6.0026800674994
0.42219999432564	-6.2602489520236
0.42689999938011	-6.6859776950309
0.43160000443459	-7.2283353847944
0.43630000948906	-7.8213044677953
0.44100001454353	-8.3789711796118
0.44569998979568	-8.8056731360882
0.45039999485016	-9.0305306343421
0.45509999990463	-9.0477131234392
0.45980000495911	-8.9209223429475
0.46450001001358	-8.7445343341679
0.46919998526573	-8.6003438860519
0.47389999032021	-8.5380677656607
0.47859999537468	-8.5754873286335
0.48330000042915	-8.7049073454822
0.48800000548363	-8.8990530874309
0.49270001053810	-9.1161919636997
0.49739998579025	-9.3076820232666
0.50209999084473	-9.4306396727867
0.50679999589920	-9.4630729657844
0.51150000095367	-9.4125216782150
0.51620000600815	-9.3111628444841
0.52090001106262	-9.2008144535674
0.52560001611710	-9.1179937607066
0.53030002117157	-9.0854000196805
0.53500002622604	-9.1096556358945
0.53969997167587	-9.1824863250810
0.54439997673035	-9.2836067717475
0.54909998178482	-9.3852596196331
0.55379998683929	-9.4590364632643
0.55849999189377	-9.4843129876283
0.56319999694824	-9.4551800258960
0.56790000200272	-9.3819757690118
0.57260000705719	-9.2863859653282
0.57730001211166	-9.1931271444721
0.58200001716614	-9.1224381782370
0.58670002222061	-9.0856504287555
0.59140002727509	-9.0837779840447
0.59609997272491	-9.1082434134990
0.60079997777939	-9.1432294498980
0.60549998283386	-9.1695905779085
0.61019998788834	-9.1700599663569
0.61489999294281	-9.1344547736956
0.61959999799728	-9.0628010183078
0.62430000305176	-8.9647796838627
0.62900000810623	-8.8558535100509
0.63370001316071	-8.7520920791270
0.63840001821518	-8.6657608645309
0.64310002326965	-8.6027225600062
0.64780002832413	-8.5616417371962
0.65249997377396	-8.5347228434907
0.65719997882843	-8.5097723398988
0.66189998388290	-8.4733929787411
0.66659998893738	-8.4147485904972
0.67129999399185	-8.3287843793164
0.67599999904633	-8.2176046943504
0.68070000410080	-8.0894347718251
0.68540000915527	-7.9557131576991
0.69010001420975	-7.8276294572449
0.69480001926422	-7.7132406908176
0.69950002431870	-7.6157660034579
0.70420002937317	-7.5331312777261
0.70889997482300	-7.4586827589534
0.71359997987747	-7.3829572005721
0.71829998493195	-7.2962410986180
0.72299998998642	-7.1913416749489
0.72769999504089	-7.0656940130559
0.73240000009537	-6.9220013314927
0.73710000514984	-6.7672115795378
0.74180001020432	-6.6102988482870
0.74650001525879	-6.4597355748364
0.75120002031326	-6.3213841137672
0.75590002536774	-6.1972172760561
0.76059997081757	-6.0850088790114
0.76529997587204	-5.9789855125020
0.76999998092651	-5.8713649504886
0.77469998598099	-5.7545106089856
0.77939999103546	-5.6231366633075
0.78409999608994	-5.4758831924755
0.78880000114441	-5.3156680537928
0.79350000619888	-5.1487548781547
0.79820001125336	-4.9829102376382
0.80290001630783	-4.8253089819632
0.80760002136230	-4.6807612612803
0.81230002641678	-4.5505847240001
0.81699997186661	-4.4323388900627
0.82169997692108	-4.3204621953088
0.82639998197556	-4.2077554828317
0.83109998703003	-4.0874049027663
0.83579999208450	-3.9550193694469
0.84049999713898	-3.8099941402020
0.84520000219345	-3.6557444032274
0.84990000724792	-3.4987352416602
0.85460001230240	-3.3466774588068
0.85930001735687	-3.2064919484607
0.86400002241135	-3.0825246135321
0.86870002746582	-2.9754400213015
0.87339997291565	-2.8820049288450
0.87809997797012	-2.7958745149057
0.88279998302460	-2.7092786572637
0.88749998807907	-2.6153075144740
0.89219999313354	-2.5100614642938
0.89689999818802	-2.3939927736055
0.90160000324249	-2.2719580527865
0.90630000829697	-2.1519074064035
0.91100001335144	-2.0427385322336
0.91570001840591	-1.9519113866426
0.92040002346039	-1.8834518823783
0.92510002851486	-1.8367993723724
0.92979997396469	-1.8068006462113
0.93449997901917	-1.7849718899817
0.93919998407364	-1.7618762626680
0.94389998912811	-1.7300581013162
0.94859999418259	-1.6866501493551
0.95329999923706	-1.6347491501613
0.95800000429153	-1.5829665315754
0.96270000934601	-1.5433337821081
0.96740001440048	-1.5282454186843
0.97210001945496	-1.5473118148666
0.97680002450943	-1.6049864911073
0.98150002956390	-1.6994453210885
0.98619997501373	-1.8231600090144
0.99089998006821	-1.9652053663388
0.99559998512268	-2.1151685768760
1.0003000497818	-2.2678408572479
1.0049999952316	-2.4273893743648
1.0096999406815	-2.6095440810875
1.0144000053406	-2.8410359026663
1.0190999507904	-3.1568171370376
1.0238000154495	-3.5966839077036
1.0284999608994	-4.2033014879275
1.0332000255585	-5.0233450743805
1.0378999710083	-6.1135841004573
1.0426000356674	-7.5546824660836
1.0472999811172	-9.4803475018145
1.0520000457764	-12.143722576157
1.0566999912262	-16.075061750937
1.0614000558853	-21.781989614151
1.0661000013351	-20.605630749174
1.0707999467850	-15.020961206561
1.0755000114441	-11.297606753750
1.0801999568939	-8.7141349416675
1.0849000215530	-6.8132564527781
1.0895999670029	-5.3745706412409
1.0943000316620	-4.2787926088313
1.0989999771118	-3.4515530808131
1.1037000417709	-2.8384715077508
1.1083999872208	-2.3936162392758
1.1131000518799	-2.0748760324589
1.1177999973297	-1.8434706332041
1.1224999427795	-1.6658046777023
1.1272000074387	-1.5160883556721
1.1318999528885	-1.3782603327306
1.1366000175476	-1.2461245146385
1.1412999629974	-1.1214240577625
1.1460000276566	-1.0104606356551
1.1506999731064	-0.92034089494152
1.1554000377655	-0.85591987816985
1.1600999832153	-0.81805438159348
1.1648000478745	-0.80328940847473
1.1694999933243	-0.80479217419555
1.1742000579834	-0.81411604092751
1.1789000034332	-0.82331733903292
1.1835999488831	-0.82683460740027
1.1883000135422	-0.82262823362964
1.1929999589920	-0.81224799370883
1.1977000236511	-0.79988240707122
1.2023999691010	-0.79076027366925
1.2071000337601	-0.78943886333631
1.2117999792099	-0.79851143088464
1.2165000438690	-0.81799636422038
1.2211999893188	-0.84551432129372
1.2259000539780	-0.87708384447138
1.2305999994278	-0.90829687989519
1.2352999448776	-0.93555524584302
1.2400000095367	-0.95699347797934
1.2446999549866	-0.97287206578286
1.2494000196457	-0.98531992772957
1.2540999650955	-0.99754685387970
1.2588000297546	-1.0128283147575
1.2634999752045	-1.0335315782913
1.2682000398636	-1.0605329057610
1.2728999853134	-1.0930555702643
1.2776000499725	-1.1290165168974
1.2822999954224	-1.1656710882205
1.2869999408722	-1.2004310567280
1.2917000055313	-1.2315807533529
1.2963999509811	-1.2587140692648
1.3011000156403	-1.2827762483391
1.3057999610901	-1.3057029028081
1.3105000257492	-1.3297964940681
1.3151999711990	-1.3570534944742
1.3199000358582	-1.3886160119846
1.3245999813080	-1.4245230225769
1.3293000459671	-1.4637647891296
1.3339999914169	-1.5046462742021
1.3387000560760	-1.5452928184979
1.3434000015259	-1.5842037813746
1.3480999469757	-1.6206650713563
1.3528000116348	-1.6549199658445
1.3574999570847	-1.6880643978654
1.3622000217438	-1.7216882849708
1.3668999671936	-1.7574167267724
1.3716000318527	-1.7964622732810
1.3762999773026	-1.8393226929548
1.3810000419617	-1.8857054393145
1.3856999874115	-1.9346621502334
1.3904000520706	-1.9849046799814
1.3950999975204	-2.0351924961132
1.3997999429703	-2.0846998217407
1.4045000076294	-2.1332489541318
1.4091999530792	-2.1813523965880
1.4139000177383	-2.2300570455914
1.4185999631882	-2.2806544528909
1.4233000278473	-2.3343310388614
1.4279999732971	-2.3918781237018
1.4327000379562	-2.4535193957637
1.4373999834061	-2.5189098788488
1.4421000480652	-2.5872811336865
1.4467999935150	-2.6576938853501
1.4515000581741	-2.7293446982061
1.4562000036240	-2.8018084081397
1.4608999490738	-2.8751791543112
1.4656000137329	-2.9500656506489
1.4702999591827	-3.0274508008064
1.4750000238419	-3.1084428321481
1.4796999692917	-3.1940218240050
1.4844000339508	-3.2848199113086
1.4890999794006	-3.3810154579650
1.4938000440598	-3.4823349864977
1.4984999895096	-3.5881954077680
1.5032000541687	-3.6979030298775
1.5078999996185	-3.8109033358705
1.5125999450684	-3.9269706041179
1.5173000097275	-4.0463301141122
1.5219999551773	-4.1696366524964
1.5267000198364	-4.2978637795839
1.5313999652863	-4.4320920663044
1.5361000299454	-4.5732830473567
1.5407999753952	-4.7220870839467
1.5455000400543	-4.8787371819249
1.5501999855042	-5.0430433180644
1.5549000501633	-5.2145072958584
1.5595999956131	-5.3925162817593
1.5642999410629	-5.5765691398557
1.5690000057220	-5.7664897797754
1.5736999511719	-5.9625509755048
1.5784000158310	-6.1654900047115
1.5830999612808	-6.3763960128429
1.5878000259399	-6.5965041940816
1.5924999713898	-6.8269501903019
1.5972000360489	-7.0685407007497
1.6018999814987	-7.3216100621721
1.6066000461578	-7.5859983990371
1.6112999916077	-7.8611568515357
1.6160000562668	-8.1463822034093
1.6207000017166	-8.4411031991679
1.6253999471664	-8.7451647840225
1.6301000118256	-9.0590243140258
1.6347999572754	-9.3837956025459
1.6395000219345	-9.7211163940572
1.6441999673843	-10.072885189559
1.6489000320435	-10.440911162172
1.6535999774933	-10.826585730586
1.6583000421524	-11.230661217639
1.6629999876022	-11.653206040905
1.6677000522614	-12.093777344601
1.6723999977112	-12.551782534246
1.6770999431610	-13.026977725723
1.6818000078201	-13.519952247417
1.6864999532700	-14.032499186984
1.6912000179291	-14.567724674527
1.6958999633789	-15.129876187981
1.7006000280380	-15.723903602439
1.7052999734879	-16.354904173455
1.7100000381470	-17.027567742176
1.7146999835968	-17.745829268146
1.7194000482559	-18.512861619098
1.7240999937057	-19.331491478450
1.7288000583649	-20.205107879333
1.7335000038147	-21.138961685445
1.7381999492645	-22.141608195179
1.7429000139236	-23.226128031937
1.7475999593735	-24.410445576247
1.7523000240326	-25.715579869538
1.7569999694824	-27.158942521804
1.7617000341415	-28.735084580924
1.7663999795914	-30.365549783701
1.7711000442505	-31.799386411575
1.7757999897003	-32.563836487939
1.7805000543594	-32.310363133467
1.7851999998093	-31.273698685182
1.7898999452591	-29.943776872263
1.7946000099182	-28.620901514161
1.7992999553680	-27.409807150683
1.8040000200272	-26.326280143681
1.8086999654770	-25.357479234214
1.8134000301361	-24.485658965772
1.8180999755859	-23.696039459383
1.8228000402451	-22.978312922482
1.8274999856949	-22.325888550296
1.8322000503540	-21.734301611147
1.8368999958038	-21.199755293220
1.8415999412537	-20.718029838763
1.8463000059128	-20.283993058698
1.8509999513626	-19.891598739643
1.8557000160217	-19.534357129223
1.8603999614716	-19.205965441383
1.8651000261307	-18.901064192340
1.8697999715805	-18.615781700406
1.8745000362396	-18.347968863176
1.8791999816895	-18.097039113144
1.8839000463486	-17.863499076449
1.8885999917984	-17.648283385566
1.8933000564575	-17.452096841743
1.8980000019073	-17.274931925669
1.9026999473572	-17.115837980718
1.9074000120163	-16.972995942204
1.9120999574661	-16.844030808831
1.9168000221252	-16.726488675370
1.9214999675751	-16.618326144027
1.9262000322342	-16.518281397400
1.9308999776840	-16.426061494790
1.9356000423431	-16.342236172698
1.9402999877930	-16.267942129585
1.9450000524521	-16.204460913155
1.9496999979019	-16.152780728274
1.9543999433517	-16.113285052289
1.9591000080109	-16.085622520731
1.9637999534607	-16.068769108874
1.9685000181198	-16.061281315762
1.9731999635696	-16.061656945148
1.9779000282288	-16.068701020319
1.9825999736786	-16.081818998857
1.9873000383377	-16.101135329520
1.9919999837875	-16.127424078810
1.9967000484467	-16.161875939675
2.0013999938965	-16.205755559005
2.0060999393463	-16.260062732333
2.0107998847961	-16.325262556092
2.0155000686646	-16.401170804099
2.0202000141144	-16.486991674319
2.0248999595642	-16.581516720131
2.0295999050140	-16.683417687451
2.0343000888824	-16.791562997004
2.0390000343323	-16.905284464040
2.0436999797821	-17.024501658667
2.0483999252319	-17.149685347644
2.0531001091003	-17.281668387626
2.0578000545502	-17.421341461391
2.0625000000000	-17.569321441900
2.0671999454498	-17.725671029881
2.0718998908997	-17.889715318574
2.0766000747681	-18.060028395119
2.0813000202179	-18.234546689386
2.0859999656677	-18.410810151763
2.0906999111176	-18.586264836542
2.0954000949860	-18.758560429228
2.1001000404358	-18.925710800593
2.1047999858856	-19.086198530434
2.1094999313354	-19.238845032351
2.1142001152039	-19.382614827554
2.1189000606537	-19.516337952109
2.1236000061035	-19.638490876151
2.1282999515533	-19.747019892693
2.1329998970032	-19.839354723161
2.1377000808716	-19.912577928198
2.1424000263214	-19.963727146710
2.1470999717712	-19.990184157707
2.1517999172211	-19.990084987984
2.1565001010895	-19.962645321582
2.1612000465393	-19.908327106754
2.1658999919891	-19.828784548399
2.1705999374390	-19.726662624393
2.1752998828888	-19.605217145463
2.1800000667572	-19.467857789822
2.1847000122070	-19.317770882454
2.1893999576569	-19.157620040115
2.1940999031067	-18.989394620731
2.1988000869751	-18.814471156759
2.2035000324249	-18.633772726846
2.2081999778748	-18.448063518757
2.2128999233246	-18.258201780175
2.2176001071930	-18.065377868104
2.2223000526428	-17.871183637163
2.2269999980927	-17.677555912572
2.2316999435425	-17.486567840026
2.2363998889923	-17.300176982924
2.2411000728607	-17.119932312186
2.2458000183105	-16.946803447409
2.2504999637604	-16.781077331512
2.2551999092102	-16.622444681700
2.2599000930786	-16.470187138507
2.2646000385284	-16.323444661773
2.2692999839783	-16.181510753820
2.2739999294281	-16.044028040111
2.2787001132965	-15.911140217804
2.2834000587463	-15.783408954829
2.2881000041962	-15.661700980091
2.2927999496460	-15.546918810989
2.2974998950958	-15.439758713174
2.3022000789642	-15.340534824468
2.3069000244141	-15.249073774927
2.3115999698639	-15.164760682113
2.3162999153137	-15.086696841467
2.3210000991821	-15.013913225320
2.3257000446320	-14.945623207331
2.3303999900818	-14.881398511882
2.3350999355316	-14.821255099145
2.3397998809814	-14.765609759145
2.3445000648499	-14.715142131132
2.3492000102997	-14.670576092291
2.3538999557495	-14.632450672503
2.3585999011993	-14.600972153019
2.3633000850677	-14.575936852598
2.3680000305176	-14.556766665378
2.3726999759674	-14.542671084888
2.3773999214172	-14.532837844789
2.3821001052856	-14.526650056196
2.3868000507355	-14.523827224073
2.3914999961853	-14.524500041393
2.3961999416351	-14.529145925290
2.4008998870850	-14.538447594995
2.4056000709534	-14.553093400461
2.4103000164032	-14.573586742533
2.4149999618530	-14.600089679704
2.4196999073029	-14.632391564520
2.4244000911713	-14.669968378636
2.4291000366211	-14.712110675894
2.4337999820709	-14.758130965636
2.4384999275208	-14.807554910695
2.4432001113892	-14.860242144617
2.4479000568390	-14.916434909041
2.4526000022888	-14.976688817385
2.4572999477386	-15.041725555675
2.4619998931885	-15.112223218378
2.4667000770569	-15.188662256410
2.4714000225067	-15.271172224864
2.4760999679565	-15.359508727777
2.4807999134064	-15.453131641674
2.4855000972748	-15.551337973951
2.4902000427246	-15.653474296584
2.4948999881744	-15.759094693099
2.4995999336243	-15.868102754326
2.5043001174927	-15.980767753495
2.5090000629425	-16.097654680412
2.5137000083923	-16.219455660223
2.5183999538422	-16.346802859285
2.5230998992920	-16.480071600137
2.5278000831604	-16.619253428651
2.5325000286102	-16.763932564456
2.5371999740601	-16.913345668004
2.5418999195099	-17.066528754879
2.5466001033783	-17.222523666978
2.5513000488281	-17.380553077853
2.5559999942780	-17.540151917916
2.5606999397278	-17.701186288150
2.5653998851776	-17.863773719848
2.5701000690460	-18.028118242498
2.5748000144958	-18.194282918299
2.5794999599457	-18.361988861396
2.5841999053955	-18.530461991550
2.5889000892639	-18.698383418265
2.5936000347137	-18.863946536837
2.5982999801636	-19.025010197134
2.6029999256134	-19.179314075166
2.6077001094818	-19.324696447121
2.6124000549316	-19.459275113982
2.6171000003815	-19.581537518852
2.6217999458313	-19.690307734514
2.6264998912811	-19.784662506069
2.6312000751495	-19.863752351152
2.6359000205994	-19.926648149541
2.6405999660492	-19.972238636365
2.6452999114990	-19.999211994489
2.6500000953674	-20.006143294846
2.6547000408173	-19.991665618399
2.6593999862671	-19.954725458019
2.6640999317169	-19.894788408942
2.6688001155853	-19.812034522285
2.6735000610352	-19.707397502738
2.6782000064850	-19.582544176813
2.6828999519348	-19.439652727724
2.6875998973846	-19.281182863036
2.6923000812531	-19.109564899260
2.6970000267029	-18.926984019822
2.7016999721527	-18.735198742707
2.7063999176025	-18.535518934778
2.7111001014709	-18.328864912865
2.7158000469208	-18.115917914123
2.7204999923706	-17.897328250962
2.7251999378204	-17.673887740001
2.7298998832703	-17.446640821865
2.7346000671387	-17.216860904109
2.7393000125885	-16.986020783165
2.7439999580383	-16.755580738032
2.7486999034882	-16.526826131598
2.7534000873566	-16.300696097505
2.7581000328064	-16.077704903185
2.7627999782562	-15.857942458241
2.7674999237061	-15.641158255224
2.7722001075745	-15.426950501322
2.7769000530243	-15.214928426668
2.7815999984741	-15.004898410322
2.7862999439240	-14.796925085567
2.7909998893738	-14.591386399326
2.7957000732422	-14.388842961704
2.8004000186920	-14.189913326834
2.8050999641418	-13.995121881875
2.8097999095917	-13.804737490752
2.8145000934601	-13.618737238758
2.8192000389099	-13.436801849044
2.8238999843597	-13.258408977698
2.8285999298096	-13.082987763149
2.8333001136780	-12.910053148049
2.8380000591278	-12.739350720517
2.8427000045776	-12.570884483266
2.8473999500275	-12.404914489038
2.8520998954773	-12.241846364309
2.8568000793457	-12.082096046399
2.8615000247955	-11.925970987204
2.8661999702454	-11.773547678180
2.8708999156952	-11.624661038254
2.8756000995636	-11.478935115639
2.8803000450134	-11.335879716976
2.8849999904633	-11.195024793438
2.8896999359131	-11.056042139354
2.8943998813629	-10.918814432452
2.8991000652313	-10.783465618635
2.9038000106812	-10.650293921077
2.9084999561310	-10.519673512094
2.9131999015808	-10.391932727409
2.9179000854492	-10.267251577832
2.9226000308990	-10.145598530774
2.9272999763489	-10.026737063161
2.9319999217987	-9.9102966503882
2.9367001056671	-9.7958642337507
2.9414000511169	-9.6831094462016
2.9460999965668	-9.5718618863975
2.9507999420166	-9.4621581785336
2.9554998874664	-9.3542165158473
2.9602000713348	-9.2483622290852
2.9649000167847	-9.1449275126830
2.9695999622345	-9.0441332107728
2.9742999076843	-8.9460533163544
2.9790000915527	-8.8505502228010
2.9837000370026	-8.7573479861714
2.9883999824524	-8.6660928847420
2.9930999279022	-8.5764601300947
2.9978001117706	-8.4882479525919
3.0025000572205	-8.4014198412922
3.0072000026703	-8.3161200945259
3.0118999481201	-8.2326152336797
3.0165998935699	-8.1512063871598
3.0213000774384	-8.0721464299938
3.0260000228882	-7.9955464745130
3.0306999683380	-7.9213521104304
3.0353999137878	-7.8493550125166
3.0401000976562	-7.7792481892965
3.0448000431061	-7.7107230146256
3.0494999885559	-7.6435476007984
3.0541999340057	-7.5776376061154
3.0589001178741	-7.5130601777444
3.0636000633240	-7.4500303303980
3.0683000087738	-7.3888116990536
3.0729999542236	-7.3296597867656
3.0776998996735	-7.2727115988426
3.0824000835419	-7.2179659794259
3.0871000289917	-7.1652701896136
3.0917999744415	-7.1143564927093
3.0964999198914	-7.0649297550000
3.1012001037598	-7.0167431713311
3.1059000492096	-6.9696644673523
3.1105999946594	-6.9237176093684
3.1152999401093	-6.8790551875353
3.1199998855591	-6.8359161609845
3.1247000694275	-6.7945430786627
3.1294000148773	-6.7551003637620
3.1340999603271	-6.7176259201693
3.1387999057770	-6.6820127794684
3.1435000896454	-6.6480320128400
3.1482000350952	-6.6154088483805
3.1528999805450	-6.5838828147092
3.1575999259949	-6.5532934141223
3.1623001098633	-6.5236128819428
3.1670000553131	-6.4949548685480
3.1717000007629	-6.4675236584096
3.1763999462128	-6.4415544432151
3.1810998916626	-6.4172267909088
3.1858000755310	-6.3946061483910
3.1905000209808	-6.3736279861441
3.1951999664307	-6.3540935306754
3.1998999118805	-6.3357361781030
3.2046000957489	-6.3182900618470
3.2093000411987	-6.3015607971636
3.2139999866486	-6.2854820811524
3.2186999320984	-6.2701142129093
3.2234001159668	-6.2556278452057
3.2281000614166	-6.2422396648759
3.2328000068665	-6.2301291620921
3.2374999523163	-6.2193777374156
3.2421998977661	-6.2099327505018
3.2469000816345	-6.2016143311932
3.2516000270844	-6.1941467170330
3.2562999725342	-6.1872385571676
3.2609999179840	-6.1806481058868
3.2657001018524	-6.1742432764131
3.2704000473022	-6.1680220179849
3.2750999927521	-6.1620922344174
3.2797999382019	-6.1566155639133
3.2844998836517	-6.1517404799848
3.2892000675201	-6.1475235869721
3.2939000129700	-6.1438857480571
3.2985999584198	-6.1406084622667
3.3032999038696	-6.1373694978948
3.3080000877380	-6.1338005461379
3.3127000331879	-6.1295681937229
3.3173999786377	-6.1244273496703
3.3220999240875	-6.1182604141900
3.3268001079559	-6.1110702976985
3.3315000534058	-6.1029142959397
3.3361999988556	-6.0938466015081
3.3408999443054	-6.0838379701060
3.3455998897552	-6.0727297597405
3.3503000736237	-6.0602210657216
3.3550000190735	-6.0458940829221
3.3596999645233	-6.0292852588496
3.3643999099731	-6.0099566678303
3.3691000938416	-5.9875638419029
3.3738000392914	-5.9619070060832
3.3784999847412	-5.9329181799135
3.3831999301910	-5.9006202737519
3.3879001140594	-5.8650682057399
3.3926000595093	-5.8262645273588
3.3973000049591	-5.7841222130690
3.4019999504089	-5.7384540977407
3.4066998958588	-5.6889925575273
3.4114000797272	-5.6354649461913
3.4161000251770	-5.5776743501430
3.4207999706268	-5.5155627636921
3.4254999160767	-5.4492555782905
3.4302000999451	-5.3790529220416
3.4349000453949	-5.3053923789936
3.4395999908447	-5.2287795175982
3.4442999362946	-5.1497041911305
3.4489998817444	-5.0685998691274
3.4537000656128	-4.9858108200236
3.4584000110626	-4.9016201372750
3.4630999565125	-4.8162911330748
3.4677999019623	-4.7301234753380
3.4725000858307	-4.6435146614657
3.4772000312805	-4.5569672159599
3.4818999767303	-4.4710957522339
3.4865999221802	-4.3865689861075
3.4913001060486	-4.3040459608808
3.4960000514984	-4.2241117657996
3.5006999969482	-4.1472257860242
3.5053999423981	-4.0736993854780
3.5100998878479	-4.0037076834183
3.5148000717163	-3.9373331603969
3.5195000171661	-3.8746171281474
3.5241999626160	-3.8156145539397
3.5288999080658	-3.7604284949599
3.5336000919342	-3.7092216595304
3.5383000373840	-3.6621899795448
3.5429999828339	-3.6195271110237
3.5476999282837	-3.5813696302757
3.5524001121521	-3.5477584551961
3.5571000576019	-3.5186210755886
3.5618000030518	-3.4937774557915
3.5664999485016	-3.4729714054889
3.5711998939514	-3.4559168524901
3.5759000778198	-3.4423587110830
3.5806000232697	-3.4321064751208
3.5852999687195	-3.4250588358316
3.5899999141693	-3.4211906333851
3.5947000980377	-3.4205231425565
3.5994000434875	-3.4230780090682
3.6040999889374	-3.4288339396466
3.6087999343872	-3.4376872166762
3.6135001182556	-3.4494595302227
3.6182000637054	-3.4638970238395
3.6229000091553	-3.4807267347186
3.6275999546051	-3.4996907280372
3.6322999000549	-3.5206008411202
3.6370000839233	-3.5433533335709
3.6417000293732	-3.5679471903041
3.6463999748230	-3.5944398847390
3.6510999202728	-3.6229198283496
3.6558001041412	-3.6534520968187
3.6605000495911	-3.6860357872569
3.6651999950409	-3.7205870112142
3.6698999404907	-3.7569431735481
3.6745998859406	-3.7948976773644
3.6793000698090	-3.8342384512261
3.6840000152588	-3.8748047713894
3.6886999607086	-3.9165181445339
3.6933999061584	-3.9593943818974
3.6981000900269	-4.0035311729431
3.7028000354767	-4.0490671669526
3.7074999809265	-4.0961332608818
3.7121999263763	-4.1448054089886
3.7169001102448	-4.1950668036992
3.7216000556946	-4.2468132346191
3.7263000011444	-4.2998710730372
3.7309999465942	-4.3540361784711
3.7356998920441	-4.4091397748978
3.7404000759125	-4.4650847174789
3.7451000213623	-4.5218672909883
3.7497999668121	-4.5795775879737
3.7544999122620	-4.6383664087083
3.7592000961304	-4.6983899488958
3.7639000415802	-4.7597509029472
3.7685999870300	-4.8224671674286
3.7732999324799	-4.8864460834157
3.7780001163483	-4.9515040061333
3.7827000617981	-5.0174065301413
3.7874000072479	-5.0839282267973
3.7920999526978	-5.1509088959022
3.7967998981476	-5.2182844540434
3.8015000820160	-5.2860969864681
3.8062000274658	-5.3544632878947
3.8108999729156	-5.4235234457853
3.8155999183655	-5.4933736410158
3.8203001022339	-5.5640141350822
3.8250000476837	-5.6353200938423
3.8296999931335	-5.7070521147904
3.8343999385834	-5.7788940716675
3.8390998840332	-5.8505191770259
3.8438000679016	-5.9216566338479
3.8485000133514	-5.9921454146552
3.8531999588013	-6.0619466542862
3.8578999042511	-6.1311223604601
3.8626000881195	-6.1997741285014
3.8673000335693	-6.2679742769598
3.8719999790192	-6.3356964099825
3.8766999244690	-6.4027732484738
3.8814001083374	-6.4689008500549
3.8861000537872	-6.5336847291221
3.8907999992371	-6.5967116675231
3.8954999446869	-6.6576307201832
3.9001998901367	-6.7162207757883
3.9049000740051	-6.7724216082363
3.9096000194550	-6.8263073957640
3.9142999649048	-6.8780245201036
3.9189999103546	-6.9277072660149
3.9237000942230	-6.9753986873468
3.9284000396729	-7.0209988509960
3.9330999851227	-7.0642658007456
3.9377999305725	-7.1048596327636
3.9425001144409	-7.1424348122997
3.9472000598907	-7.1767257189418
3.9519000053406	-7.2076265760404
3.9565999507904	-7.2352258637322
3.9612998962402	-7.2597776667362
3.9660000801086	-7.2816261192303
3.9707000255585	-7.3011126455250
3.9753999710083	-7.3184848452464
3.9800999164581	-7.3338345624035
3.9848001003265	-7.3470986401465
3.9895000457764	-7.3581090956647
3.9941999912262	-7.3666767393733
3.9988999366760	-7.3726986533524
4.0036001205444	-7.3762297578104
4.0082998275757	-7.3775135803270
4.0130000114441	-7.3769569472635
4.0177001953125	-7.3750508718941
4.0223999023438	-7.3722664327738
4.0271000862122	-7.3689638413438
4.0317997932434	-7.3653270434173
4.0364999771118	-7.3613633881352
4.0412001609802	-7.3569513641057
4.0458998680115	-7.3519257235765
4.0506000518799	-7.3461879711658
4.0553002357483	-7.3397777529224
4.0599999427795	-7.3329143309236
4.0647001266479	-7.3259704403894
4.0693998336792	-7.3193994995330
4.0741000175476	-7.3136403815180
4.0788002014160	-7.3090157250877
4.0834999084473	-7.3056719786328
4.0882000923157	-7.3035661591861
4.0928997993469	-7.3025106128792
4.0975999832153	-7.3022611983606
4.1023001670837	-7.3026162725231
4.1069998741150	-7.3035031055127
4.1117000579834	-7.3050297745605
4.1163997650146	-7.3074613067456
4.1210999488831	-7.3111695798547
4.1258001327515	-7.3165263070701
4.1304998397827	-7.3238060654515
4.1352000236511	-7.3331178107109
4.1399002075195	-7.3443767525479
4.1445999145508	-7.3573364120622
4.1493000984192	-7.3716715574935
4.1539998054504	-7.3870817030938
4.1586999893188	-7.4033850449808
4.1634001731873	-7.4205788880547
4.1680998802185	-7.4388465596295
4.1728000640869	-7.4584988006089
4.1774997711182	-7.4798862367022
4.1821999549866	-7.5032861665411
4.1869001388550	-7.5288233198534
4.1915998458862	-7.5564233343967
4.1963000297546	-7.5858336861601
4.2010002136230	-7.6166989200181
4.2056999206543	-7.6486642492363
4.2104001045227	-7.6814870127962
4.2150998115540	-7.7151161068314
4.2197999954224	-7.7497149157064
4.2245001792908	-7.7856265397549
4.2291998863220	-7.8232801431423
4.2339000701904	-7.8630853959991
4.2385997772217	-7.9053272367525
4.2432999610901	-7.9501030647674
4.2480001449585	-7.9973301861641
4.2526998519897	-8.0467992110548
4.2574000358582	-8.0982874522129
4.2621002197266	-8.1516689169868
4.2667999267578	-8.2070144237075
4.2715001106262	-8.2646277708204
4.2761998176575	-8.3250122974740
4.2809000015259	-8.3887876753361
4.2856001853943	-8.4565513448918
4.2902998924255	-8.5287459078003
4.2950000762939	-8.6055676363405
4.2996997833252	-8.6869265345963
4.3043999671936	-8.7724920678437
4.3091001510620	-8.8617920998762
4.3137998580933	-8.9543523279222
4.3185000419617	-9.0498304105792
4.3232002258301	-9.1481058696812
4.3278999328613	-9.2492957132503
4.3326001167297	-9.3536979515737
4.3372998237610	-9.4616657941554
4.3420000076294	-9.5734604706779
4.3467001914978	-9.6891292391927
4.3513998985291	-9.8084391015182
4.3561000823975	-9.9308965981581
4.3607997894287	-10.055854133490
4.3654999732971	-10.182673613959
4.3702001571655	-10.310896187299
4.3748998641968	-10.440380130710
4.3796000480652	-10.571339461565
4.3843002319336	-10.704289767595
4.3889999389648	-10.839894594533
4.3937001228333	-10.978764745046
4.3983998298645	-11.121270148823
4.4031000137329	-11.267421387213
4.4078001976013	-11.416852792570
4.4124999046326	-11.568936698005
4.4172000885010	-11.722975554036
4.4218997955322	-11.878437776851
4.4265999794006	-12.035160747578
4.4313001632690	-12.193437789689
4.4359998703003	-12.353980490152
4.4407000541687	-12.517737233067
4.4454002380371	-12.685636692060
4.4500999450684	-12.858317722580
4.4548001289368	-13.035943576622
4.4594998359680	-13.218148519902
4.4642000198364	-13.404150081316
4.4689002037048	-13.593004225383
4.4735999107361	-13.783927373353
4.4783000946045	-13.976592219766
4.4829998016357	-14.171298317941
4.4876999855042	-14.368951537127
4.4924001693726	-14.570840617557
4.4970998764038	-14.778283560307
4.5018000602722	-14.992235975320
4.5064997673035	-15.212989449111
4.5111999511719	-15.440055698225
4.5159001350403	-15.672293208503
4.5205998420715	-15.908241242652
4.5253000259399	-16.146600139336
4.5300002098083	-16.386687045670
4.5346999168396	-16.628726001345
4.5394001007080	-16.873845542831
4.5440998077393	-17.123767900931
4.5487999916077	-17.380254269759
4.5535001754761	-17.644481719932
4.5581998825073	-17.916532660095
4.5629000663757	-18.195182866094
4.5675997734070	-18.478051439831
4.5722999572754	-18.762158197840
4.5770001411438	-19.044685669214
4.5816998481750	-19.323765668827
4.5864000320435	-19.598945560240
4.5911002159119	-19.871133386197
4.5957999229431	-20.141955809281
4.6005001068115	-20.412722149388
4.6051998138428	-20.683292295755
4.6098999977112	-20.951257750751
4.6146001815796	-21.211757540372
4.6192998886108	-21.458100298278
4.6240000724792	-21.683136248585
4.6286997795105	-21.880959931880
4.6333999633789	-22.048320636952
4.6381001472473	-22.185065257678
4.6427998542786	-22.293372804382
4.6475000381470	-22.376095476305
4.6522002220154	-22.434860786395
4.6568999290466	-22.468883210837
4.6616001129150	-22.474866921768
4.6662998199463	-22.448289602426
4.6710000038147	-22.385427582331
4.6757001876831	-22.285389947636
4.6803998947144	-22.151228514414
4.6851000785828	-21.989505146527
4.6897997856140	-21.808646107153
4.6944999694824	-21.616738791148
4.6992001533508	-21.419704128472
4.7038998603821	-21.220380309627
4.7086000442505	-21.018704702125
4.7133002281189	-20.812808935385
4.7179999351501	-20.600538740533
4.7227001190186	-20.380955619883
4.7273998260498	-20.155234300190
4.7321000099182	-19.926703132695
4.7368001937866	-19.700037617882
4.7414999008179	-19.480085210758
4.7462000846863	-19.270601858396
4.7508997917175	-19.073429647042
4.7555999755859	-18.888258944387
4.7603001594543	-18.712987008964
4.7649998664856	-18.544595093575
4.7697000503540	-18.380240062517
4.7744002342224	-18.218218661565
4.7790999412537	-18.058533915028
4.7838001251221	-17.902883257414
4.7884998321533	-17.754084872804
4.7932000160217	-17.615159409054
4.7979001998901	-17.488368992159
4.8025999069214	-17.374539064335
4.8073000907898	-17.272769565056
4.8119997978210	-17.180691442130
4.8166999816895	-17.095109508650
4.8214001655579	-17.012927794163
4.8260998725891	-16.931984844982
4.8308000564575	-16.851657356220
4.8354997634888	-16.772902057910
4.8401999473572	-16.697832305397
4.8449001312256	-16.628869400063
4.8495998382568	-16.567854385363
4.8543000221252	-16.515304808134
4.8590002059937	-16.470097466773
4.8636999130249	-16.429643170714
4.8684000968933	-16.390533055303
4.8730998039246	-16.349441498879
4.8777999877930	-16.304077327978
4.8825001716614	-16.253799169908
4.8871998786926	-16.199729945317
4.8919000625610	-16.144296533980
4.8965997695923	-16.090337324240
4.9012999534607	-16.040131101335
4.9060001373291	-15.994615278939
4.9106998443604	-15.953039427933
4.9154000282288	-15.913194694674
4.9201002120972	-15.872086577354
4.9247999191284	-15.826917885531
4.9295001029968	-15.776044172672
4.9341998100281	-15.719551798997
4.9388999938965	-15.659275757490
4.9436001777649	-15.598251432708
4.9482998847961	-15.539704341637
4.9530000686646	-15.486039852841
4.9576997756958	-15.438042469395
4.9623999595642	-15.394570412221
4.9671001434326	-15.352818400947
4.9717998504639	-15.309051375113
4.9765000343323	-15.259630614378
4.9812002182007	-15.201984423346
4.9858999252319	-15.135188672616
4.9906001091003	-15.059922930422
4.9952998161316	-14.977822733399
5.0000000000000	-14.890454235006
#Parameters = {R_fat=48; R_glandular=38; R_skin_outer=50; T10=5; T15=7.5; T5=2.5; T_rad=4; T_x=10; T_y=0; T_z=75; Zc=65; skin_thickness=2; Mesh Pass=4}
#"Frequency / GHz"	"S1,1 (Mesh Pass=4) [Magnitude / dB]"
#-------------------------------------------------------
0.30000001192093	-16.854707613019
0.30469998717308	-17.574741629385
0.30939999222755	-17.932071712678
0.31409999728203	-17.794566737643
0.31880000233650	-17.302169227414
0.32350000739098	-16.742430542489
0.32820001244545	-16.359566010713
0.33289998769760	-16.311189809304
0.33759999275208	-16.712738781364
0.34229999780655	-17.700357986865
0.34700000286102	-19.525981619778
0.35170000791550	-22.824223949405
0.35640001296997	-30.152109156693
0.36109998822212	-34.540255487536
0.36579999327660	-22.805183953332
0.37049999833107	-17.678721922523
0.37520000338554	-14.393426615497
0.37990000844002	-12.056328959625
0.38460001349449	-10.348923582251
0.38929998874664	-9.1242159182679
0.39399999380112	-8.2997343169869
0.39869999885559	-7.8188704274933
0.40340000391006	-7.6361260258628
0.40810000896454	-7.7127494580987
0.41280001401901	-8.0164429989790
0.41749998927116	-8.5212582741831
0.42219999432564	-9.2054285825525
0.42689999938011	-10.045238805055
0.43160000443459	-11.002736521715
0.43630000948906	-12.005905282644
0.44100001454353	-12.928475602240
0.44569998979568	-13.600946977265
0.45039999485016	-13.894118259518
0.45509999990463	-13.824993482482
0.45980000495911	-13.545891471317
0.46450001001358	-13.230920174610
0.46919998526573	-12.999741186845
0.47389999032021	-12.911279092509
0.47859999537468	-12.982623932236
0.48330000042915	-13.204320515372
0.48800000548363	-13.546248097429
0.49270001053810	-13.956853621482
0.49739998579025	-14.362113932564
0.50209999084473	-14.674697004117
0.50679999589920	-14.821700905489
0.51150000095367	-14.780348109313
0.51620000600815	-14.590236541281
0.52090001106262	-14.328444683796
0.52560001611710	-14.072446916931
0.53030002117157	-13.878068464571
0.53500002622604	-13.775077155388
0.53969997167587	-13.770603109214
0.54439997673035	-13.852963971489
0.54909998178482	-13.993821588079
0.55379998683929	-14.150360284492
0.55849999189377	-14.271218369902
0.56319999694824	-14.309151835267
0.56790000200272	-14.237748493817
0.57260000705719	-14.062189011358
0.57730001211166	-13.815445680585
0.58200001716614	-13.543005032391
0.58670002222061	-13.287074388295
0.59140002727509	-13.077420472752
0.59609997272491	-12.928636706593
0.60079997777939	-12.840660248780
0.60549998283386	-12.800318097190
0.61019998788834	-12.783600490832
0.61489999294281	-12.759731090106
0.61959999799728	-12.698049383307
0.62430000305176	-12.576814556700
0.62900000810623	-12.390304932085
0.63370001316071	-12.150137221355
0.63840001821518	-11.879977101507
0.64310002326965	-11.607058012286
0.64780002832413	-11.354765150475
0.65249997377396	-11.138246856767
0.65719997882843	-10.962792050741
0.66189998388290	-10.823983396924
0.66659998893738	-10.709062595561
0.67129999399185	-10.599615835327
0.67599999904633	-10.475746247806
0.68070000410080	-10.321248765900
0.68540000915527	-10.128233902500
0.69010001420975	-9.8991888312121
0.69480001926422	-9.6455403719738
0.69950002431870	-9.3835591482732
0.70420002937317	-9.1296091559030
0.70889997482300	-8.8963283719597
0.71359997987747	-8.6903844863545
0.71829998493195	-8.5117012263682
0.72299998998642	-8.3539033720526
0.72769999504089	-8.2058957406172
0.73240000009537	-8.0544935819145
0.73710000514984	-7.8877582702473
0.74180001020432	-7.6981977632563
0.74650001525879	-7.4847212041330
0.75120002031326	-7.2526248853900
0.75590002536774	-7.0116847371844
0.76059997081757	-6.7732591716850
0.76529997587204	-6.5474068834258
0.76999998092651	-6.3407268794116
0.77469998598099	-6.1551718450687
0.77939999103546	-5.9878863527890
0.78409999608994	-5.8319971156436
0.78880000114441	-5.6783123886545
0.79350000619888	-5.5176462742896
0.79820001125336	-5.3432502868382
0.80290001630783	-5.1526125827004
0.80760002136230	-4.9480268215114
0.81230002641678	-4.7357932780632
0.81699997186661	-4.5243798813096
0.82169997692108	-4.3222255513979
0.82639998197556	-4.1357711885680
0.83109998703003	-3.9680836195503
0.83579999208450	-3.8182875010581
0.84049999713898	-3.6818685065038
0.84520000219345	-3.5517912747277
0.84990000724792	-3.4203272452442
0.85460001230240	-3.2811152669095
0.85930001735687	-3.1309514492714
0.86400002241135	-2.9707116364232
0.86870002746582	-2.8051291244398
0.87339997291565	-2.6415259274825
0.87809997797012	-2.4879614356188
0.88279998302460	-2.3512720256174
0.88749998807907	-2.2355301585883
0.89219999313354	-2.1411196527945
0.89689999818802	-2.0647146703449
0.90160000324249	-2.0001280228221
0.90630000829697	-1.9399452405804
0.91100001335144	-1.8776313280985
0.91570001840591	-1.8095349033943
0.92040002346039	-1.7361984386074
0.92510002851486	-1.6625403017708
0.92979997396469	-1.5968360695213
0.93449997901917	-1.5488393143528
0.93919998407364	-1.5275884145540
0.94389998912811	-1.5394618472793
0.94859999418259	-1.5869146313711
0.95329999923706	-1.6681974067572
0.95800000429153	-1.7781679479975
0.96270000934601	-1.9101836050291
0.96740001440048	-2.0587822180766
0.97210001945496	-2.2226213665385
0.97680002450943	-2.4068905402368
0.98150002956390	-2.6245231455549
0.98619997501373	-2.8958784840051
0.99089998006821	-3.2472633937901
0.99559998512268	-3.7091445924990
1.0003000497818	-4.3152002254667
1.0049999952316	-5.1032390835797
1.0096999406815	-6.1191422746741
1.0144000053406	-7.4254197664876
1.0190999507904	-9.1177138057264
1.0238000154495	-11.356141345520
1.0284999608994	-14.412853920593
1.0332000255585	-18.495502180477
1.0378999710083	-20.611649093774
1.0426000356674	-16.855995434636
1.0472999811172	-13.029734478190
1.0520000457764	-10.227315029141
1.0566999912262	-8.1356824560575
1.0614000558853	-6.5284377005780
1.0661000013351	-5.2742246145468
1.0707999467850	-4.2924440848646
1.0755000114441	-3.5283701118081
1.0801999568939	-2.9402044651600
1.0849000215530	-2.4925840611229
1.0895999670029	-2.1538437913500
1.0943000316620	-1.8955776022243
1.0989999771118	-1.6934593277147
1.1037000417709	-1.5284631734066
1.1083999872208	-1.3876977738561
1.1131000518799	-1.2643687142278
1.1177999973297	-1.1567089165746
1.1224999427795	-1.0661891764913
1.1272000074387	-0.99545005751406
1.1318999528885	-0.94647985821081
1.1366000175476	-0.91941821174835
1.1412999629974	-0.91211484831259
1.1460000276566	-0.92041155752829
1.1506999731064	-0.93896821768590
1.1554000377655	-0.96237755924105
1.1600999832153	-0.98627070293996
1.1648000478745	-1.0081221952255
1.1694999933243	-1.0275455847267
1.1742000579834	-1.0460378945052
1.1789000034332	-1.0662538122975
1.1835999488831	-1.0910739611380
1.1883000135422	-1.1227173979948
1.1929999589920	-1.1621226626973
1.1977000236511	-1.2087298324629
1.2023999691010	-1.2606798740163
1.2071000337601	-1.3153239169123
1.2117999792099	-1.3699101253730
1.2165000438690	-1.4222726438830
1.2211999893188	-1.4713324418383
1.2259000539780	-1.5172890710963
1.2305999994278	-1.5614559590961
1.2352999448776	-1.6058252415036
1.2400000095367	-1.6524668405029
1.2446999549866	-1.7029579001515
1.2494000196457	-1.7579962209306
1.2540999650955	-1.8172490440133
1.2588000297546	-1.8794941327789
1.2634999752045	-1.9429722403618
1.2682000398636	-2.0058635092302
1.2728999853134	-2.0667600200044
1.2776000499725	-2.1250213544329
1.2822999954224	-2.1809077516995
1.2869999408722	-2.2354621496429
1.2917000055313	-2.2902076213252
1.2963999509811	-2.3467122821729
1.3011000156403	-2.4061935337626
1.3057999610901	-2.4692100830422
1.3105000257492	-2.5355635406974
1.3151999711990	-2.6043790756571
1.3199000358582	-2.6743751783958
1.3245999813080	-2.7442048463338
1.3293000459671	-2.8128237398528
1.3339999914169	-2.8797582482276
1.3387000560760	-2.9452188391492
1.3434000015259	-3.0100348584950
1.3480999469757	-3.0754239436886
1.3528000116348	-3.1426754019506
1.3574999570847	-3.2128298619624
1.3622000217438	-3.2864377195067
1.3668999671936	-3.3634487631004
1.3716000318527	-3.4432692053186
1.3762999773026	-3.5249402265439
1.3810000419617	-3.6074081180497
1.3856999874115	-3.6898208048780
1.3904000520706	-3.7717546814102
1.3950999975204	-3.8533347636672
1.3997999429703	-3.9352172367528
1.4045000076294	-4.0184226339745
1.4091999530792	-4.1040984742153
1.4139000177383	-4.1932491751657
1.4185999631882	-4.2865183495128
1.4233000278473	-4.3840681683221
1.4279999732971	-4.4855758131603
1.4327000379562	-4.5903599676170
1.4373999834061	-4.6975789851805
1.4421000480652	-4.8064843530091
1.4467999935150	-4.9166315260531
1.4515000581741	-5.0280309492110
1.4562000036240	-5.1411752910864
1.4608999490738	-5.2569487171484
1.4656000137329	-5.3764455621596
1.4702999591827	-5.5007462605894
1.4750000238419	-5.6306929126778
1.4796999692917	-5.7667336556923
1.4844000339508	-5.9088692189277
1.4890999794006	-6.0566970542006
1.4938000440598	-6.2095551218845
1.4984999895096	-6.3667361857677
1.5032000541687	-6.5277049019683
1.5078999996185	-6.6922837258875
1.5125999450684	-6.8607609760406
1.5173000097275	-7.0338804852349
1.5219999551773	-7.2127244082560
1.5267000198364	-7.3985220171272
1.5313999652863	-7.5924127018543
1.5361000299454	-7.7952457329363
1.5407999753952	-8.0074312050622
1.5455000400543	-8.2288974820342
1.5501999855042	-8.4591558440303
1.5549000501633	-8.6974682455965
1.5595999956131	-8.9430783023926
1.5642999410629	-9.1954599898826
1.5690000057220	-9.4545222845904
1.5736999511719	-9.7207268209485
1.5784000158310	-9.9950653803878
1.5830999612808	-10.278922413629
1.5878000259399	-10.573828913302
1.5924999713898	-10.881179588627
1.5972000360489	-11.201965484359
1.6018999814987	-11.536579526990
1.6066000461578	-11.884749997644
1.6112999916077	-12.245610932246
1.6160000562668	-12.617912385900
1.6207000017166	-13.000331185410
1.6253999471664	-13.391802808978
1.6301000118256	-13.791829142064
1.6347999572754	-14.200608916346
1.6395000219345	-14.619035706074
1.6441999673843	-15.048440132358
1.6489000320435	-15.490212856393
1.6535999774933	-15.945324442614
1.6583000421524	-16.413828791687
1.6629999876022	-16.894487813073
1.6677000522614	-17.384522821943
1.6723999977112	-17.879567659145
1.6770999431610	-18.373839975376
1.6818000078201	-18.860473069023
1.6864999532700	-19.331972219588
1.6912000179291	-19.780699549923
1.6958999633789	-20.199274884335
1.7006000280380	-20.580903528028
1.7052999734879	-20.919580480897
1.7100000381470	-21.210240237276
1.7146999835968	-21.448963794217
1.7194000482559	-21.633146496813
1.7240999937057	-21.761657345563
1.7288000583649	-21.834904249967
1.7335000038147	-21.854741020791
1.7381999492645	-21.824263119198
1.7429000139236	-21.747607840620
1.7475999593735	-21.629808401041
1.7523000240326	-21.476742018049
1.7569999694824	-21.295088463845
1.7617000341415	-21.092233468233
1.7663999795914	-20.875939661854
1.7711000442505	-20.653921782180
1.7757999897003	-20.433212389294
1.7805000543594	-20.219621689764
1.7851999998093	-20.017282599510
1.7898999452591	-19.828407114189
1.7946000099182	-19.653381032250
1.7992999553680	-19.491080253835
1.8040000200272	-19.339409383931
1.8086999654770	-19.196025328280
1.8134000301361	-19.059013765269
1.8180999755859	-18.927456836165
1.8228000402451	-18.801660538478
1.8274999856949	-18.683144575677
1.8322000503540	-18.574219575950
1.8368999958038	-18.477450384048
1.8415999412537	-18.395043264874
1.8463000059128	-18.328335772240
1.8509999513626	-18.277525203351
1.8557000160217	-18.241610405126
1.8603999614716	-18.218658654086
1.8651000261307	-18.206258667796
1.8697999715805	-18.202085454926
1.8745000362396	-18.204472683179
1.8791999816895	-18.212813585237
1.8839000463486	-18.227711871580
1.8885999917984	-18.250881168133
1.8933000564575	-18.284685083764
1.8980000019073	-18.331650295352
1.9026999473572	-18.393891981274
1.9074000120163	-18.472691652006
1.9120999574661	-18.568276916648
1.9168000221252	-18.679847909471
1.9214999675751	-18.805873513612
1.9262000322342	-18.944535157628
1.9308999776840	-19.094308073425
1.9356000423431	-19.254469553936
1.9402999877930	-19.425465185867
1.9450000524521	-19.609027081120
1.9496999979019	-19.807978886128
1.9543999433517	-20.025828739382
1.9591000080109	-20.266240581289
1.9637999534607	-20.532508871841
1.9685000181198	-20.827140462357
1.9731999635696	-21.151697813901
1.9779000282288	-21.506839682867
1.9825999736786	-21.892613740925
1.9873000383377	-22.309031823908
1.9919999837875	-22.756649911833
1.9967000484467	-23.237237843670
2.0013999938965	-23.754235182340
2.0060999393463	-24.312915235678
2.0107998847961	-24.920224357609
2.0155000686646	-25.584069272492
2.0202000141144	-26.312185507821
2.0248999595642	-27.110169732715
2.0295999050140	-27.978187008280
2.0343000888824	-28.905174738517
2.0390000343323	-29.858735375647
2.0436999797821	-30.769816167056
2.0483999252319	-31.518174078377
2.0531001091003	-31.943362991287
2.0578000545502	-31.913405895934
2.0625000000000	-31.417927975942
2.0671999454498	-30.575141491651
2.0718998908997	-29.543617056287
2.0766000747681	-28.447825892019
2.0813000202179	-27.362362264390
2.0859999656677	-26.325187462826
2.0906999111176	-25.352862732456
2.0954000949860	-24.450539737138
2.1001000404358	-23.617478031547
2.1047999858856	-22.849746394527
2.1094999313354	-22.141734409862
2.1142001152039	-21.486999407696
2.1189000606537	-20.878930001981
2.1236000061035	-20.311263400200
2.1282999515533	-19.778568791816
2.1329998970032	-19.276521790997
2.1377000808716	-18.802086969501
2.1424000263214	-18.353443870107
2.1470999717712	-17.929722432153
2.1517999172211	-17.530657373788
2.1565001010895	-17.156150824886
2.1612000465393	-16.805904313734
2.1658999919891	-16.479157321084
2.1705999374390	-16.174573456961
2.1752998828888	-15.890283341294
2.1800000667572	-15.624076048871
2.1847000122070	-15.373683323639
2.1893999576569	-15.137080904433
2.1940999031067	-14.912735642833
2.1988000869751	-14.699772540152
2.2035000324249	-14.497962091604
2.2081999778748	-14.307593696106
2.2128999233246	-14.129237527951
2.2176001071930	-13.963449775690
2.2223000526428	-13.810530127217
2.2269999980927	-13.670326247283
2.2316999435425	-13.542186256869
2.2363998889923	-13.425021292004
2.2411000728607	-13.317483585086
2.2458000183105	-13.218201857825
2.2504999637604	-13.126038652397
2.2551999092102	-13.040269820387
2.2599000930786	-12.960683177532
2.2646000385284	-12.887547218054
2.2692999839783	-12.821468716961
2.2739999294281	-12.763165599821
2.2787001132965	-12.713237706069
2.2834000587463	-12.671963833539
2.2881000041962	-12.639196887417
2.2927999496460	-12.614357032386
2.2974998950958	-12.596548713365
2.3022000789642	-12.584731788586
2.3069000244141	-12.577959418074
2.3115999698639	-12.575582758408
2.3162999153137	-12.577377366937
2.3210000991821	-12.583569690364
2.3257000446320	-12.594761483631
2.3303999900818	-12.611749082273
2.3350999355316	-12.635305521883
2.3397998809814	-12.665988288051
2.3445000648499	-12.703974424754
2.3492000102997	-12.749029506589
2.3538999557495	-12.800552730244
2.3585999011993	-12.857732022884
2.3633000850677	-12.919750735011
2.3680000305176	-12.985990802867
2.3726999759674	-13.056207811359
2.3773999214172	-13.130606164245
2.3821001052856	-13.209794498019
2.3868000507355	-13.294671017307
2.3914999961853	-13.386201886700
2.3961999416351	-13.485217967983
2.4008998870850	-13.592233942668
2.4056000709534	-13.707347715225
2.4103000164032	-13.830256919085
2.4149999618530	-13.960367178111
2.4196999073029	-14.096974039115
2.4244000911713	-14.239499379207
2.4291000366211	-14.387689684219
2.4337999820709	-14.541747716648
2.4384999275208	-14.702368211705
2.4432001113892	-14.870630974397
2.4479000568390	-15.047830640045
2.4526000022888	-15.235252717785
2.4572999477386	-15.433932958943
2.4619998931885	-15.644520889737
2.4667000770569	-15.867203162651
2.4714000225067	-16.101772633883
2.4760999679565	-16.347804510438
2.4807999134064	-16.604866648923
2.4855000972748	-16.872812127559
2.4902000427246	-17.151970518742
2.4948999881744	-17.443287192962
2.4995999336243	-17.748307964404
2.5043001174927	-18.069034616732
2.5090000629425	-18.407688166194
2.5137000083923	-18.766428993421
2.5183999538422	-19.147074624112
2.5230998992920	-19.550915815451
2.5278000831604	-19.978617076800
2.5325000286102	-20.430244490742
2.5371999740601	-20.905381795660
2.5418999195099	-21.403306397392
2.5466001033783	-21.923086210909
2.5513000488281	-22.463545173359
2.5559999942780	-23.022933558979
2.5606999397278	-23.598223797172
2.5653998851776	-24.183907988912
2.5701000690460	-24.770360711319
2.5748000144958	-25.341864856372
2.5794999599457	-25.874845942568
2.5841999053955	-26.337335697372
2.5889000892639	-26.691282341275
2.5936000347137	-26.899048854470
2.5982999801636	-26.933285348852
2.6029999256134	-26.785987685890
2.6077001094818	-26.471159042976
2.6124000549316	-26.019424610957
2.6171000003815	-25.468379033873
2.6217999458313	-24.854203150958
2.6264998912811	-24.206992292439
2.6312000751495	-23.549527945806
2.6359000205994	-22.897967714927
2.6405999660492	-22.263063731189
2.6452999114990	-21.651388526368
2.6500000953674	-21.066340641374
2.6547000408173	-20.508981701399
2.6593999862671	-19.978666478786
2.6640999317169	-19.473689908920
2.6688001155853	-18.991808695347
2.6735000610352	-18.530720798789
2.6782000064850	-18.088421208711
2.6828999519348	-17.663455789015
2.6875998973846	-17.254964323303
2.6923000812531	-16.862621162595
2.6970000267029	-16.486413802735
2.7016999721527	-16.126408855772
2.7063999176025	-15.782495063396
2.7111001014709	-15.454200828671
2.7158000469208	-15.140652990793
2.7204999923706	-14.840564801760
2.7251999378204	-14.552435850156
2.7298998832703	-14.274704635757
2.7346000671387	-14.006005519179
2.7393000125885	-13.745322964599
2.7439999580383	-13.492101713273
2.7486999034882	-13.246214248909
2.7534000873566	-13.007880159825
2.7581000328064	-12.777455241816
2.7627999782562	-12.555251415696
2.7674999237061	-12.341350710898
2.7722001075745	-12.135518287192
2.7769000530243	-11.937168394004
2.7815999984741	-11.745454200372
2.7862999439240	-11.559412814816
2.7909998893738	-11.378134735386
2.7957000732422	-11.200933194746
2.8004000186920	-11.027436379184
2.8050999641418	-10.857628505189
2.8097999095917	-10.691777015090
2.8145000934601	-10.530300151383
2.8192000389099	-10.373609052852
2.8238999843597	-10.221954417781
2.8285999298096	-10.075325262159
2.8333001136780	-9.9334142437504
2.8380000591278	-9.7956723874116
2.8427000045776	-9.6614059241169
2.8473999500275	-9.5299479705744
2.8520998954773	-9.4007813018202
2.8568000793457	-9.2736449778349
2.8615000247955	-9.1485658202108
2.8661999702454	-9.0258211945845
2.8708999156952	-8.9058344446048
2.8756000995636	-8.7890332763120
2.8803000450134	-8.6757192683571
2.8849999904633	-8.5659699520449
2.8896999359131	-8.4596040492479
2.8943998813629	-8.3562185994698
2.8991000652313	-8.2552782262566
2.9038000106812	-8.1562469399321
2.9084999561310	-8.0587111137740
2.9131999015808	-7.9624734423687
2.9179000854492	-7.8675864929709
2.9226000308990	-7.7743259541665
2.9272999763489	-7.6830985143377
2.9319999217987	-7.5943202457551
2.9367001056671	-7.5082912323870
2.9414000511169	-7.4251250133433
2.9460999965668	-7.3446906597051
2.9507999420166	-7.2666600340788
2.9554998874664	-7.1905819827801
2.9602000713348	-7.1159985498688
2.9649000167847	-7.0425542809798
2.9695999622345	-6.9700936817281
2.9742999076843	-6.8986728792121
2.9790000915527	-6.8285599109803
2.9837000370026	-6.7601335825418
2.9883999824524	-6.6937828630550
2.9930999279022	-6.6297933339016
2.9978001117706	-6.5682784348932
3.0025000572205	-6.5091251264755
3.0072000026703	-6.4520422920714
3.0118999481201	-6.3966187281788
3.0165998935699	-6.3424416136925
3.0213000774384	-6.2891898028966
3.0260000228882	-6.2367273646774
3.0306999683380	-6.1851169654409
3.0353999137878	-6.1346038198904
3.0401000976562	-6.0855443831002
3.0448000431061	-6.0383020578003
3.0494999885559	-5.9931342895496
3.0541999340057	-5.9501442378509
3.0589001178741	-5.9092257410198
3.0636000633240	-5.8700951915962
3.0683000087738	-5.8323750113900
3.0729999542236	-5.7956746616031
3.0776998996735	-5.7597040617297
3.0824000835419	-5.7243342567720
3.0871000289917	-5.6896350431578
3.0917999744415	-5.6558437157166
3.0964999198914	-5.6232953196941
3.1012001037598	-5.5923299962551
3.1059000492096	-5.5631923039845
3.1105999946594	-5.5359628887043
3.1152999401093	-5.5105365864890
3.1199998855591	-5.4866376010026
3.1247000694275	-5.4638995363716
3.1294000148773	-5.4419578199869
3.1340999603271	-5.4205382023734
3.1387999057770	-5.3995269352879
3.1435000896454	-5.3789996245054
3.1482000350952	-5.3591925194121
3.1528999805450	-5.3404257722040
3.1575999259949	-5.3230220538122
3.1623001098633	-5.3072071878594
3.1670000553131	-5.2930477285868
3.1717000007629	-5.2804214478050
3.1763999462128	-5.2690574236306
3.1810998916626	-5.2585926012129
3.1858000755310	-5.2486696135333
3.1905000209808	-5.2390319946317
3.1951999664307	-5.2295784511853
3.1998999118805	-5.2203835847269
3.2046000957489	-5.2116814434753
3.2093000411987	-5.2037811990227
3.2139999866486	-5.1969833352118
3.2186999320984	-5.1914837483134
3.2234001159668	-5.1873185549616
3.2281000614166	-5.1843421339217
3.2328000068665	-5.1822524201545
3.2374999523163	-5.1806742091971
3.2421998977661	-5.1792383732607
3.2469000816345	-5.1776796361730
3.2516000270844	-5.1758890342259
3.2562999725342	-5.1739327814108
3.2609999179840	-5.1720234631551
3.2657001018524	-5.1704361730250
3.2704000473022	-5.1694253459600
3.2750999927521	-5.1691328437495
3.2797999382019	-5.1695281775473
3.2844998836517	-5.1703920500549
3.2892000675201	-5.1713636079574
3.2939000129700	-5.1720031905328
3.2985999584198	-5.1718927518104
3.3032999038696	-5.1707159156436
3.3080000877380	-5.1683260493745
3.3127000331879	-5.1647457226783
3.3173999786377	-5.1601268012099
3.3220999240875	-5.1546807757803
3.3268001079559	-5.1485737724736
3.3315000534058	-5.1418462694655
3.3361999988556	-5.1343590217081
3.3408999443054	-5.1257902304743
3.3455998897552	-5.1156816980504
3.3503000736237	-5.1035228279457
3.3550000190735	-5.0888431575383
3.3596999645233	-5.0713139026728
3.3643999099731	-5.0507829232689
3.3691000938416	-5.0272882037590
3.3738000392914	-5.0010037904237
3.3784999847412	-4.9721573827933
3.3831999301910	-4.9409458467991
3.3879001140594	-4.9074380608956
3.3926000595093	-4.8715588140974
3.3973000049591	-4.8330855883447
3.4019999504089	-4.7917142304743
3.4066998958588	-4.7471519666689
3.4114000797272	-4.6992087510174
3.4161000251770	-4.6478830591879
3.4207999706268	-4.5933881353969
3.4254999160767	-4.5361385846357
3.4302000999451	-4.4766885038978
3.4349000453949	-4.4156380904559
3.4395999908447	-4.3535462115641
3.4442999362946	-4.2908483000838
3.4489998817444	-4.2278339028999
3.4537000656128	-4.1646621150781
3.4584000110626	-4.1014221099555
3.4630999565125	-4.0381937192951
3.4677999019623	-3.9751489758286
3.4725000858307	-3.9125876169754
3.4772000312805	-3.8509518075612
3.4818999767303	-3.7908051905449
3.4865999221802	-3.7327576169546
3.4913001060486	-3.6773874553636
3.4960000514984	-3.6251579383871
3.5006999969482	-3.5763665834332
3.5053999423981	-3.5311299495790
3.5100998878479	-3.4893992761829
3.5148000717163	-3.4510234436809
3.5195000171661	-3.4158263221524
3.5241999626160	-3.3836780238970
3.5288999080658	-3.3545435521172
3.5336000919342	-3.3285093807474
3.5383000373840	-3.3057522703591
3.5429999828339	-3.2865002929831
3.5476999282837	-3.2709592557980
3.5524001121521	-3.2592493980345
3.5571000576019	-3.2513566377926
3.5618000030518	-3.2471221087382
3.5664999485016	-3.2462617179777
3.5711998939514	-3.2484157774487
3.5759000778198	-3.2532271181510
3.5806000232697	-3.2604007697331
3.5852999687195	-3.2697603479627
3.5899999141693	-3.2812683993694
3.5947000980377	-3.2950055297452
3.5994000434875	-3.3111268038630
3.6040999889374	-3.3297923334010
3.6087999343872	-3.3511040232274
3.6135001182556	-3.3750473710166
3.6182000637054	-3.4014784556135
3.6229000091553	-3.4301419311131
3.6275999546051	-3.4607083886629
3.6322999000549	-3.4928490281789
3.6370000839233	-3.5263032318458
3.6417000293732	-3.5609328292432
3.6463999748230	-3.5967354638534
3.6510999202728	-3.6338464099008
3.6558001041412	-3.6724728394341
3.6605000495911	-3.7128378708132
3.6651999950409	-3.7551048295191
3.6698999404907	-3.7993205179447
3.6745998859406	-3.8453938277550
3.6793000698090	-3.8931056961225
3.6840000152588	-3.9421602396388
3.6886999607086	-3.9922486579368
3.6933999061584	-4.0431310699721
3.6981000900269	-4.0946843882325
3.7028000354767	-4.1469366283575
3.7074999809265	-4.2000507282582
3.7121999263763	-4.2542739566832
3.7169001102448	-4.3098687821161
3.7216000556946	-4.3670245467358
3.7263000011444	-4.4258056341793
3.7309999465942	-4.4861188056887
3.7356998920441	-4.5477280482022
3.7404000759125	-4.6103009515845
3.7451000213623	-4.6734900892913
3.7497999668121	-4.7370117253704
3.7544999122620	-4.8007134170662
3.7592000961304	-4.8646048816129
3.7639000415802	-4.9288425157815
3.7685999870300	-4.9936721049113
3.7732999324799	-5.0593500692615
3.7780001163483	-5.1260499853128
3.7827000617981	-5.1937939565991
3.7874000072479	-5.2624205415153
3.7920999526978	-5.3316013071142
3.7967998981476	-5.4009006941252
3.8015000820160	-5.4698647018718
3.8062000274658	-5.5381191156482
3.8108999729156	-5.6054429648614
3.8155999183655	-5.6718022599956
3.8203001022339	-5.7373331819033
3.8250000476837	-5.8022691320771
3.8296999931335	-5.8668481212301
3.8343999385834	-5.9312028254484
3.8390998840332	-5.9952889613796
3.8438000679016	-6.0588500512679
3.8485000133514	-6.1214444906786
3.8531999588013	-6.1825327294880
3.8578999042511	-6.2415758977425
3.8626000881195	-6.2981559384126
3.8673000335693	-6.3520665893008
3.8719999790192	-6.4033259828157
3.8766999244690	-6.4521592712651
3.8814001083374	-6.4988991806992
3.8861000537872	-6.5438684571680
3.8907999992371	-6.5872645541037
3.8954999446869	-6.6290761297007
3.9001998901367	-6.6690685038129
3.9049000740051	-6.7068326691313
3.9096000194550	-6.7418829388803
3.9142999649048	-6.7737969291075
3.9189999103546	-6.8023291700941
3.9237000942230	-6.8274921520823
3.9284000396729	-6.8495688458541
3.9330999851227	-6.8690436754158
3.9377999305725	-6.8864860253571
3.9425001144409	-6.9024130403815
3.9472000598907	-6.9171698145424
3.9519000053406	-6.9308592774998
3.9565999507904	-6.9433389811354
3.9612998962402	-6.9543062345447
3.9660000801086	-6.9634042520429
3.9707000255585	-6.9703755483284
3.9753999710083	-6.9751710902024
3.9800999164581	-6.9780106706963
3.9848001003265	-6.9793621097281
3.9895000457764	-6.9798633480706
3.9941999912262	-6.9801810989871
3.9988999366760	-6.9808714268556
4.0036001205444	-6.9822697991589
4.0082998275757	-6.9844382669078
4.0130000114441	-6.9871888015204
4.0177001953125	-6.9901721848624
4.0223999023438	-6.9930157808838
4.0271000862122	-6.9954585250395
4.0317997932434	-6.9974638627359
4.0364999771118	-6.9992581104649
4.0412001609802	-7.0013054565810
4.0458998680115	-7.0042124520435
4.0506000518799	-7.0085816486489
4.0553002357483	-7.0148791664013
4.0599999427795	-7.0233336909736
4.0647001266479	-7.0338838100073
4.0693998336792	-7.0462315477609
4.0741000175476	-7.0599247470091
4.0788002014160	-7.0745079251156
4.0834999084473	-7.0896584021767
4.0882000923157	-7.1052876408236
4.0928997993469	-7.1215901550192
4.0975999832153	-7.1389964204087
4.1023001670837	-7.1580733259246
4.1069998741150	-7.1793814709337
4.1117000579834	-7.2033279120539
4.1163997650146	-7.2300728404993
4.1210999488831	-7.2594821149950
4.1258001327515	-7.2911728046985
4.1304998397827	-7.3246236160311
4.1352000236511	-7.3593095761468
4.1399002075195	-7.3948667020603
4.1445999145508	-7.4311898427034
4.1493000984192	-7.4684748711739
4.1539998054504	-7.5071770717343
4.1586999893188	-7.5479009129473
4.1634001731873	-7.5912410452117
4.1680998802185	-7.6376342911159
4.1728000640869	-7.6872424078042
4.1774997711182	-7.7399183509866
4.1821999549866	-7.7952474891429
4.1869001388550	-7.8526655320524
4.1915998458862	-7.9116225347637
4.1963000297546	-7.9717460105407
4.2010002136230	-8.0329657762261
4.2056999206543	-8.0955542921748
4.2104001045227	-8.1600862380655
4.2150998115540	-8.2273058751132
4.2197999954224	-8.2979513961343
4.2245001792908	-8.3725804530880
4.2291998863220	-8.4514330127403
4.2339000701904	-8.5343826395155
4.2385997772217	-8.6209736638846
4.2432999610901	-8.7105516789573
4.2480001449585	-8.8024416789389
4.2526998519897	-8.8961355296117
4.2574000358582	-8.9914367748430
4.2621002197266	-9.0885140498747
4.2667999267578	-9.1878505889316
4.2715001106262	-9.2900947916191
4.2761998176575	-9.3958590263417
4.2809000015259	-9.5055029289243
4.2856001853943	-9.6189877858306
4.2902998924255	-9.7358174902549
4.2950000762939	-9.8551023456283
4.2996997833252	-9.9757436122509
4.3043999671936	-10.096677489258
4.3091001510620	-10.217138583783
4.3137998580933	-10.336852044637
4.3185000419617	-10.456110432172
4.3232002258301	-10.575688848280
4.3278999328613	-10.696640011542
4.3326001167297	-10.819998815167
4.3372998237610	-10.946492791897
4.3420000076294	-11.076333788413
4.3467001914978	-11.209136970223
4.3513998985291	-11.344024233009
4.3561000823975	-11.479850501733
4.3607997894287	-11.615537239829
4.3654999732971	-11.750403666341
4.3702001571655	-11.884397441958
4.3748998641968	-12.018159040782
4.3796000480652	-12.152886907473
4.3843002319336	-12.290029604138
4.3889999389648	-12.430900865483
4.3937001228333	-12.576308996174
4.3983998298645	-12.726305529563
4.4031000137329	-12.880145798719
4.4078001976013	-13.036448152910
4.4124999046326	-13.193559621157
4.4172000885010	-13.350010474103
4.4218997955322	-13.504962857745
4.4265999794006	-13.658479772706
4.4313001632690	-13.811555655629
4.4359998703003	-13.965860932839
4.4407000541687	-14.123270366241
4.4454002380371	-14.285311059331
4.4500999450684	-14.452678479761
4.4548001289368	-14.624951983878
4.4594998359680	-14.800611769996
4.4642000198364	-14.977360682430
4.4689002037048	-15.152708612799
4.4735999107361	-15.324639067443
4.4783000946045	-15.492209740489
4.4829998016357	-15.655829511772
4.4876999855042	-15.817140287757
4.4924001693726	-15.978500237468
4.4970998764038	-16.142210303099
4.5018000602722	-16.309694805333
4.5064997673035	-16.480910976085
4.5111999511719	-16.654111476085
4.5159001350403	-16.826098928796
4.5205998420715	-16.992932923165
4.5253000259399	-17.150922770042
4.5300002098083	-17.297629131459
4.5346999168396	-17.432537980956
4.5394001007080	-17.557121455425
4.5440998077393	-17.674234514045
4.5487999916077	-17.787036373671
4.5535001754761	-17.897773715049
4.5581998825073	-18.006777694840
4.5629000663757	-18.112051680407
4.5675997734070	-18.209527611553
4.5722999572754	-18.294053586527
4.5770001411438	-18.360809113167
4.5816998481750	-18.406762912334
4.5864000320435	-18.431635727937
4.5911002159119	-18.437942501812
4.5957999229431	-18.430156746012
4.6005001068115	-18.413183485201
4.6051998138428	-18.390805134514
4.6098999977112	-18.364516991016
4.6146001815796	-18.333124431157
4.6192998886108	-18.293214900624
4.6240000724792	-18.240347951467
4.6286997795105	-18.170619068484
4.6333999633789	-18.082173668421
4.6381001472473	-17.975968054335
4.6427998542786	-17.855708078462
4.6475000381470	-17.726796756014
4.6522002220154	-17.594847935736
4.6568999290466	-17.464216436937
4.6616001129150	-17.336983774153
4.6662998199463	-17.212658833058
4.6710000038147	-17.088597583686
4.6757001876831	-16.961054056686
4.6803998947144	-16.826487124773
4.6851000785828	-16.682844824664
4.6897997856140	-16.530314544952
4.6944999694824	-16.371404198958
4.6992001533508	-16.210238338845
4.7038998603821	-16.051435959757
4.7086000442505	-15.898906528428
4.7133002281189	-15.754879750129
4.7179999351501	-15.619459301028
4.7227001190186	-15.490773221972
4.7273998260498	-15.365603587992
4.7321000099182	-15.240417100149
4.7368001937866	-15.112433425111
4.7414999008179	-14.980484355830
4.7462000846863	-14.845418122411
4.7508997917175	-14.709836302064
4.7555999755859	-14.577386847854
4.7603001594543	-14.451736855976
4.7649998664856	-14.335640974437
4.7697000503540	-14.230230450632
4.7744002342224	-14.134811091998
4.7790999412537	-14.047096636452
4.7838001251221	-13.963872306371
4.7884998321533	-13.881910513005
4.7932000160217	-13.798895441296
4.7979001998901	-13.714112297842
4.8025999069214	-13.628651719368
4.8073000907898	-13.545126193394
4.8119997978210	-13.466908443041
4.8166999816895	-13.397212536885
4.8214001655579	-13.338181794891
4.8260998725891	-13.290285071186
4.8308000564575	-13.252098422329
4.8354997634888	-13.220547197448
4.8401999473572	-13.191527335264
4.8449001312256	-13.160818043203
4.8495998382568	-13.124992131387
4.8543000221252	-13.082142403266
4.8590002059937	-13.032149696827
4.8636999130249	-12.976455946199
4.8684000968933	-12.917394025614
4.8730998039246	-12.857317772651
4.8777999877930	-12.797829970903
4.8825001716614	-12.739303299571
4.8871998786926	-12.680856428147
4.8919000625610	-12.620751329350
4.8965997695923	-12.557119038612
4.9012999534607	-12.488757707352
4.9060001373291	-12.415764228135
4.9106998443604	-12.339778413268
4.9154000282288	-12.263728987617
4.9201002120972	-12.191181402547
4.9247999191284	-12.125467455366
4.9295001029968	-12.068846446241
4.9341998100281	-12.021922873704
4.9388999938965	-11.983466286352
4.9436001777649	-11.950690362340
4.9482998847961	-11.919910552745
4.9530000686646	-11.887502011860
4.9576997756958	-11.850830243865
4.9623999595642	-11.808979879116
4.9671001434326	-11.762958871267
4.9717998504639	-11.715358172717
4.9765000343323	-11.669549319143
4.9812002182007	-11.628647210723
4.9858999252319	-11.594539002538
4.9906001091003	-11.567260183520
4.9952998161316	-11.544815335356
5.0000000000000	-11.523532931194
#Parameters = {R_fat=48; R_glandular=38; R_skin_outer=50; T10=5; T15=7.5; T5=2.5; T_rad=4; T_x=10; T_y=0; T_z=75; Zc=65; skin_thickness=2; Mesh Pass=5}
#"Frequency / GHz"	"S1,1 (Mesh Pass=5) [Magnitude / dB]"
#-------------------------------------------------------
0.30000001192093	-24.354262855758
0.30469998717308	-24.587255512359
0.30939999222755	-23.968588094852
0.31409999728203	-23.006231013997
0.31880000233650	-22.181822390670
0.32350000739098	-21.740782991530
0.32820001244545	-21.806120468817
0.33289998769760	-22.486544569397
0.33759999275208	-23.940866270613
0.34229999780655	-26.348292430611
0.34700000286102	-28.849115822383
0.35170000791550	-26.989726983493
0.35640001296997	-22.589962504270
0.36109998822212	-18.898013137148
0.36579999327660	-16.024816338232
0.37049999833107	-13.755682003162
0.37520000338554	-11.949304109682
0.37990000844002	-10.525764162874
0.38460001349449	-9.4392458907773
0.38929998874664	-8.6597692237503
0.39399999380112	-8.1622341560584
0.39869999885559	-7.9212760678507
0.40340000391006	-7.9107410691127
0.40810000896454	-8.1058772348860
0.41280001401901	-8.4861205208517
0.41749998927116	-9.0369048526915
0.42219999432564	-9.7495537151379
0.42689999938011	-10.618344551383
0.43160000443459	-11.632974117945
0.43630000948906	-12.762715868512
0.44100001454353	-13.928182142437
0.44569998979568	-14.968630371680
0.45039999485016	-15.657221795098
0.45509999990463	-15.838020306294
0.45980000495911	-15.578682881923
0.46450001001358	-15.106781962149
0.46919998526573	-14.632698773484
0.47389999032021	-14.277728264127
0.47859999537468	-14.092510194945
0.48330000042915	-14.088420672666
0.48800000548363	-14.255732871796
0.49270001053810	-14.568760665578
0.49739998579025	-14.982275297779
0.50209999084473	-15.424368064212
0.50679999589920	-15.796000942060
0.51150000095367	-15.993146323039
0.51620000600815	-15.954613198750
0.52090001106262	-15.699700739578
0.52560001611710	-15.313479632166
0.53030002117157	-14.896592947602
0.53500002622604	-14.527666709032
0.53969997167587	-14.253482304241
0.54439997673035	-14.093778871794
0.54909998178482	-14.047776315961
0.55379998683929	-14.097589891040
0.55849999189377	-14.208881391723
0.56319999694824	-14.331921478770
0.56790000200272	-14.407987568024
0.57260000705719	-14.384640243227
0.57730001211166	-14.235624169765
0.58200001716614	-13.972091676353
0.58670002222061	-13.635484548845
0.59140002727509	-13.278343907102
0.59609997272491	-12.947014573217
0.60079997777939	-12.673122777959
0.60549998283386	-12.472030626838
0.61019998788834	-12.344026426229
0.61489999294281	-12.275887917807
0.61959999799728	-12.242679770229
0.62430000305176	-12.211145643876
0.62900000810623	-12.146313318610
0.63370001316071	-12.020976006482
0.63840001821518	-11.824512473637
0.64310002326965	-11.565994242721
0.64780002832413	-11.269541095418
0.65249997377396	-10.965175099445
0.65719997882843	-10.680226753801
0.66189998388290	-10.434043302332
0.66659998893738	-10.235829515913
0.67129999399185	-10.084419367172
0.67599999904633	-9.9691680277854
0.68070000410080	-9.8719170337892
0.68540000915527	-9.7705189318881
0.69010001420975	-9.6439727658656
0.69480001926422	-9.4780921087589
0.69950002431870	-9.2695113724736
0.70420002937317	-9.0261191983991
0.70889997482300	-8.7638164234049
0.71359997987747	-8.5014047347588
0.71829998493195	-8.2557641777147
0.72299998998642	-8.0385496749106
0.72769999504089	-7.8545169709861
0.73240000009537	-7.7011857184870
0.73710000514984	-7.5696117008191
0.74180001020432	-7.4462785017190
0.74650001525879	-7.3161263851904
0.75120002031326	-7.1662556354412
0.75590002536774	-6.9893280838028
0.76059997081757	-6.7853990174438
0.76529997587204	-6.5614937050746
0.76999998092651	-6.3292225980770
0.77469998598099	-6.1014901082667
0.77939999103546	-5.8894365534032
0.78409999608994	-5.7002157430494
0.78880000114441	-5.5358085241077
0.79350000619888	-5.3928742698221
0.79820001125336	-5.2635581651153
0.80290001630783	-5.1372986449751
0.80760002136230	-5.0033407798408
0.81230002641678	-4.8534743719019
0.81699997186661	-4.6841707417640
0.82169997692108	-4.4974007213762
0.82639998197556	-4.2998798646834
0.83109998703003	-4.1011331658872
0.83579999208450	-3.9110352147069
0.84049999713898	-3.7375719817128
0.84520000219345	-3.5851809713800
0.84990000724792	-3.4539433138762
0.85460001230240	-3.3396585039842
0.85930001735687	-3.2348269140797
0.86400002241135	-3.1304470684804
0.86870002746582	-3.0182915374381
0.87339997291565	-2.8930989222935
0.87809997797012	-2.7539968090548
0.88279998302460	-2.6047415813939
0.88749998807907	-2.4526882175834
0.89219999313354	-2.3069083180846
0.89689999818802	-2.1759911099591
0.90160000324249	-2.0661154830756
0.90630000829697	-1.9797093510229
0.91100001335144	-1.9149623788244
0.91570001840591	-1.8662585782480
0.92040002346039	-1.8255361197118
0.92510002851486	-1.7843490551689
0.92979997396469	-1.7362019759308
0.93449997901917	-1.6785087946225
0.93919998407364	-1.6135614646391
0.94389998912811	-1.5481870376469
0.94859999418259	-1.4922148254855
0.95329999923706	-1.4562234501477
0.95800000429153	-1.4492067455860
0.96270000934601	-1.4766858893665
0.96740001440048	-1.5396476913110
0.97210001945496	-1.6345463912363
0.97680002450943	-1.7544184739154
0.98150002956390	-1.8910675027938
0.98619997501373	-2.0379812166799
0.99089998006821	-2.1934064375906
0.99559998512268	-2.3627238527942
1.0003000497818	-2.5594418444891
1.0049999952316	-2.8045211662124
1.0096999406815	-3.1245036305255
1.0144000053406	-3.5493474042226
1.0190999507904	-4.1110825616690
1.0238000154495	-4.8441404871838
1.0284999608994	-5.7880161090083
1.0332000255585	-6.9927997061106
1.0378999710083	-8.5278300282370
1.0426000356674	-10.490475998450
1.0472999811172	-12.984260790306
1.0520000457764	-15.838137724118
1.0566999912262	-17.311744564081
1.0614000558853	-15.402949933744
1.0661000013351	-12.451919881566
1.0707999467850	-9.9303053293129
1.0755000114441	-7.9371428269827
1.0801999568939	-6.3662873226313
1.0849000215530	-5.1250870908987
1.0895999670029	-4.1478585304989
1.0943000316620	-3.3866777757744
1.0989999771118	-2.8032923026640
1.1037000417709	-2.3642530278535
1.1083999872208	-2.0386786328691
1.1131000518799	-1.7979628921157
1.1177999973297	-1.6166983211102
1.1224999427795	-1.4740776466750
1.1272000074387	-1.3550890941259
1.1318999528885	-1.2509327279869
1.1366000175476	-1.1584358574391
1.1412999629974	-1.0785354109560
1.1460000276566	-1.0142543801525
1.1506999731064	-0.96872173684124
1.1554000377655	-0.94363425588498
1.1600999832153	-0.93844026110597
1.1648000478745	-0.95027729523411
1.1694999933243	-0.97451630205271
1.1742000579834	-1.0057567385239
1.1789000034332	-1.0389612659788
1.1835999488831	-1.0704616456971
1.1883000135422	-1.0985887607168
1.1929999589920	-1.1237787438765
1.1977000236511	-1.1481433302061
1.2023999691010	-1.1746635845557
1.2071000337601	-1.2062382690075
1.2117999792099	-1.2448942459692
1.2165000438690	-1.2912532106482
1.2211999893188	-1.3444388808497
1.2259000539780	-1.4023570874923
1.2305999994278	-1.4622315644800
1.2352999448776	-1.5213313825550
1.2400000095367	-1.5776016655709
1.2446999549866	-1.6301501268538
1.2494000196457	-1.6793678780505
1.2540999650955	-1.7267542830826
1.2588000297546	-1.7744361124486
1.2634999752045	-1.8245751813230
1.2682000398636	-1.8787973710508
1.2728999853134	-1.9378138090315
1.2776000499725	-2.0012725414515
1.2822999954224	-2.0679055256270
1.2869999408722	-2.1358651478101
1.2917000055313	-2.2032214564862
1.2963999509811	-2.2684309334868
1.3011000156403	-2.3307271506034
1.3057999610901	-2.3902723604598
1.3105000257492	-2.4480916512093
1.3151999711990	-2.5057749420665
1.3199000358582	-2.5650421938159
1.3245999813080	-2.6273211367738
1.3293000459671	-2.6934034993979
1.3339999914169	-2.7632805991403
1.3387000560760	-2.8361873360752
1.3434000015259	-2.9108161711625
1.3480999469757	-2.9856683414085
1.3528000116348	-3.0594344555886
1.3574999570847	-3.1313256860780
1.3622000217438	-3.2012689403252
1.3668999671936	-3.2699127123494
1.3716000318527	-3.3384586691386
1.3762999773026	-3.4083496133621
1.3810000419617	-3.4809240031242
1.3856999874115	-3.5571028085009
1.3904000520706	-3.6371965891999
1.3950999975204	-3.7208602574775
1.3997999429703	-3.8072146096602
1.4045000076294	-3.8950849986617
1.4091999530792	-3.9833037150985
1.4139000177383	-4.0710204667971
1.4185999631882	-4.1579214105330
1.4233000278473	-4.2443190720591
1.4279999732971	-4.3310832846182
1.4327000379562	-4.4194432841269
1.4373999834061	-4.5107055470157
1.4421000480652	-4.6059674909741
1.4467999935150	-4.7058851791236
1.4515000581741	-4.8105589828637
1.4562000036240	-4.9195429702443
1.4608999490738	-5.0319885555822
1.4656000137329	-5.1468775401919
1.4702999591827	-5.2632902062946
1.4750000238419	-5.3806611832811
1.4796999692917	-5.4989437749508
1.4844000339508	-5.6186577337911
1.4890999794006	-5.7408015306790
1.4938000440598	-5.8666471265362
1.4984999895096	-5.9974868270447
1.5032000541687	-6.1343745563562
1.5078999996185	-6.2779263157816
1.5125999450684	-6.4282269353832
1.5173000097275	-6.5848485449307
1.5219999551773	-6.7469892959395
1.5267000198364	-6.9136962407620
1.5313999652863	-7.0841314630856
1.5361000299454	-7.2578151760553
1.5407999753952	-7.4347966013045
1.5455000400543	-7.6157050875492
1.5501999855042	-7.8016648359166
1.5549000501633	-7.9941068758600
1.5595999956131	-8.1944949243562
1.5642999410629	-8.4040593707233
1.5690000057220	-8.6235636330207
1.5736999511719	-8.8531820386730
1.5784000158310	-9.0924896053964
1.5830999612808	-9.3405902586282
1.5878000259399	-9.5963503658537
1.5924999713898	-9.8587019691775
1.5972000360489	-10.126952374467
1.6018999814987	-10.401015573780
1.6066000461578	-10.681525940824
1.6112999916077	-10.969778785579
1.6160000562668	-11.267525004270
1.6207000017166	-11.576636723258
1.6253999471664	-11.898750749489
1.6301000118256	-12.234927151585
1.6347999572754	-12.585413333098
1.6395000219345	-12.949565492986
1.6441999673843	-13.325947642598
1.6489000320435	-13.712580026347
1.6535999774933	-14.107358205441
1.6583000421524	-14.508486739548
1.6629999876022	-14.914877149156
1.6677000522614	-15.326363048867
1.6723999977112	-15.743695055006
1.6770999431610	-16.168268399343
1.6818000078201	-16.601626293521
1.6864999532700	-17.044877897375
1.6912000179291	-17.498057290948
1.6958999633789	-17.959643366446
1.7006000280380	-18.426235602143
1.7052999734879	-18.892500595322
1.7100000381470	-19.351409102732
1.7146999835968	-19.794753264729
1.7194000482559	-20.213908935306
1.7240999937057	-20.600682222690
1.7288000583649	-20.948103361109
1.7335000038147	-21.251087884011
1.7381999492645	-21.506716196292
1.7429000139236	-21.714279970085
1.7475999593735	-21.874952101632
1.7523000240326	-21.991370115608
1.7569999694824	-22.066977004675
1.7617000341415	-22.105437499943
1.7663999795914	-22.110131739142
1.7711000442505	-22.083827130578
1.7757999897003	-22.028670943142
1.7805000543594	-21.946468786158
1.7851999998093	-21.839193332320
1.7898999452591	-21.709606433473
1.7946000099182	-21.561666356490
1.7992999553680	-21.400674375479
1.8040000200272	-21.232998044265
1.8086999654770	-21.065445874645
1.8134000301361	-20.904461292790
1.8180999755859	-20.755337368919
1.8228000402451	-20.621605538535
1.8274999856949	-20.504712379374
1.8322000503540	-20.404053736408
1.8368999958038	-20.317334121895
1.8415999412537	-20.241254896203
1.8463000059128	-20.172319611772
1.8509999513626	-20.107754861105
1.8557000160217	-20.046197803879
1.8603999614716	-19.988064003521
1.8651000261307	-19.935478399899
1.8697999715805	-19.891818105179
1.8745000362396	-19.860911073404
1.8791999816895	-19.846265565800
1.8839000463486	-19.850311271707
1.8885999917984	-19.873969968950
1.8933000564575	-19.916499519041
1.8980000019073	-19.975726003530
1.9026999473572	-20.048539900248
1.9074000120163	-20.131617303494
1.9120999574661	-20.222260797905
1.9168000221252	-20.319065380578
1.9214999675751	-20.422364228984
1.9262000322342	-20.534247577073
1.9308999776840	-20.658163770078
1.9356000423431	-20.798292787184
1.9402999877930	-20.958703190897
1.9450000524521	-21.142663295544
1.9496999979019	-21.352074492096
1.9543999433517	-21.587255706709
1.9591000080109	-21.847020425111
1.9637999534607	-22.129058453198
1.9685000181198	-22.430593262559
1.9731999635696	-22.749162580747
1.9779000282288	-23.083341902895
1.9825999736786	-23.433312158161
1.9873000383377	-23.800965163136
1.9919999837875	-24.189558744457
1.9967000484467	-24.602947758243
2.0013999938965	-25.044437706828
2.0060999393463	-25.515428103835
2.0107998847961	-26.013928846534
2.0155000686646	-26.533003616889
2.0202000141144	-27.059111235707
2.0248999595642	-27.570652736206
2.0295999050140	-28.037151044552
2.0343000888824	-28.420164709467
2.0390000343323	-28.677534431690
2.0436999797821	-28.771551981627
2.0483999252319	-28.679507617982
2.0531001091003	-28.401294996441
2.0578000545502	-27.959512003931
2.0625000000000	-27.391740139740
2.0671999454498	-26.740023404969
2.0718998908997	-26.042584350379
2.0766000747681	-25.329636954510
2.0813000202179	-24.622524326179
2.0859999656677	-23.934704210398
2.0906999111176	-23.273324143567
2.0954000949860	-22.640947595979
2.1001000404358	-22.037109877320
2.1047999858856	-21.459677262635
2.1094999313354	-20.905970493474
2.1142001152039	-20.373662893396
2.1189000606537	-19.861274312522
2.1236000061035	-19.368377517953
2.1282999515533	-18.895486768488
2.1329998970032	-18.443736197091
2.1377000808716	-18.014381496596
2.1424000263214	-17.608351957001
2.1470999717712	-17.225915271382
2.1517999172211	-16.866453954062
2.1565001010895	-16.528483004254
2.1612000465393	-16.209835422273
2.1658999919891	-15.907957502083
2.1705999374390	-15.620326158069
2.1752998828888	-15.344826477007
2.1800000667572	-15.080044564186
2.1847000122070	-14.825416972792
2.1893999576569	-14.581169449500
2.1940999031067	-14.348118309168
2.1988000869751	-14.127332737542
2.2035000324249	-13.919782481664
2.2081999778748	-13.726016986841
2.2128999233246	-13.545974951329
2.2176001071930	-13.378932415320
2.2223000526428	-13.223595258599
2.2269999980927	-13.078324877584
2.2316999435425	-12.941451370819
2.2363998889923	-12.811576623662
2.2411000728607	-12.687815536883
2.2458000183105	-12.569938644761
2.2504999637604	-12.458313098425
2.2551999092102	-12.353760393743
2.2599000930786	-12.257276016746
2.2646000385284	-12.169748060748
2.2692999839783	-12.091676990745
2.2739999294281	-12.023050720666
2.2787001132965	-11.963271737784
2.2834000587463	-11.911296486004
2.2881000041962	-11.865822504410
2.2927999496460	-11.825573864572
2.2974998950958	-11.789554959633
2.3022000789642	-11.757264585214
2.3069000244141	-11.728764334100
2.3115999698639	-11.704639440978
2.3162999153137	-11.685810365772
2.3210000991821	-11.673286688626
2.3257000446320	-11.667894084195
2.3303999900818	-11.670072124017
2.3350999355316	-11.679731231739
2.3397998809814	-11.696282996146
2.3445000648499	-11.718759024080
2.3492000102997	-11.746030416757
2.3538999557495	-11.777073342038
2.3585999011993	-11.811220736912
2.3633000850677	-11.848294366496
2.3680000305176	-11.888678957635
2.3726999759674	-11.933203228868
2.3773999214172	-11.982947298870
2.3821001052856	-12.038991576574
2.3868000507355	-12.102144370040
2.3914999961853	-12.172782585089
2.3961999416351	-12.250751565431
2.4008998870850	-12.335420683115
2.4056000709534	-12.425855087553
2.4103000164032	-12.521053247167
2.4149999618530	-12.620219775289
2.4196999073029	-12.722991480334
2.4244000911713	-12.829554636784
2.4291000366211	-12.940670890759
2.4337999820709	-13.057499637530
2.4384999275208	-13.181395465731
2.4432001113892	-13.313607783927
2.4479000568390	-13.455047683416
2.4526000022888	-13.606102676315
2.4572999477386	-13.766616166922
2.4619998931885	-13.935959831770
2.4667000770569	-14.113275129117
2.4714000225067	-14.297733744937
2.4760999679565	-14.488856014910
2.4807999134064	-14.686740629081
2.4855000972748	-14.892180010965
2.4902000427246	-15.106606317793
2.4948999881744	-15.331910687901
2.4995999336243	-15.570153101275
2.5043001174927	-15.823236510339
2.5090000629425	-16.092627072230
2.5137000083923	-16.379201278677
2.5183999538422	-16.683222123900
2.5230998992920	-17.004517842013
2.5278000831604	-17.342794472033
2.5325000286102	-17.698019623748
2.5371999740601	-18.070873057940
2.5418999195099	-18.463089958574
2.5466001033783	-18.877635754503
2.5513000488281	-19.318703402421
2.5559999942780	-19.791522252364
2.5606999397278	-20.302028757001
2.5653998851776	-20.856537287702
2.5701000690460	-21.461499861668
2.5748000144958	-22.123443506115
2.5794999599457	-22.849275865011
2.5841999053955	-23.646937225582
2.5889000892639	-24.526608565813
2.5936000347137	-25.502464195082
2.5982999801636	-26.595213953535
2.6029999256134	-27.835555554039
2.6077001094818	-29.268587011043
2.6124000549316	-30.958688071328
2.6171000003815	-32.987936244902
2.6217999458313	-35.404877617020
2.6264998912811	-37.896314854964
2.6312000751495	-38.873998307104
2.6359000205994	-37.131117493297
2.6405999660492	-34.479514668227
2.6452999114990	-32.085992144002
2.6500000953674	-30.094639277124
2.6547000408173	-28.435669871187
2.6593999862671	-27.029620703568
2.6640999317169	-25.814692284905
2.6688001155853	-24.745479083877
2.6735000610352	-23.788942090324
2.6782000064850	-22.921256167586
2.6828999519348	-22.125623794700
2.6875998973846	-21.390493756754
2.6923000812531	-20.708147649721
2.6970000267029	-20.073399123638
2.7016999721527	-19.482477477611
2.7063999176025	-18.932189889767
2.7111001014709	-18.419325573780
2.7158000469208	-17.940346538047
2.7204999923706	-17.491370093775
2.7251999378204	-17.068320296613
2.7298998832703	-16.667240095271
2.7346000671387	-16.284653990827
2.7393000125885	-15.917830685811
2.7439999580383	-15.564976901145
2.7486999034882	-15.225200293453
2.7534000873566	-14.898351335401
2.7581000328064	-14.584704530475
2.7627999782562	-14.284615527275
2.7674999237061	-13.998195763756
2.7722001075745	-13.725113972377
2.7769000530243	-13.464498024535
2.7815999984741	-13.215013458719
2.7862999439240	-12.975050559740
2.7909998893738	-12.742981468606
2.7957000732422	-12.517427493465
2.8004000186920	-12.297460740391
2.8050999641418	-12.082703901545
2.8097999095917	-11.873295973417
2.8145000934601	-11.669741726349
2.8192000389099	-11.472672506654
2.8238999843597	-11.282624354618
2.8285999298096	-11.099815737645
2.8333001136780	-10.924047477088
2.8380000591278	-10.754703118717
2.8427000045776	-10.590843696936
2.8473999500275	-10.431412648348
2.8520998954773	-10.275426291309
2.8568000793457	-10.122188815105
2.8615000247955	-9.9713979349691
2.8661999702454	-9.8231708264932
2.8708999156952	-9.6779632061715
2.8756000995636	-9.5364018801900
2.8803000450134	-9.3990912304981
2.8849999904633	-9.2664265107411
2.8896999359131	-9.1384716645175
2.8943998813629	-9.0149183130247
2.8991000652313	-8.8951622645274
2.9038000106812	-8.7784107476022
2.9084999561310	-8.6638880250369
2.9131999015808	-8.5509937719497
2.9179000854492	-8.4394309892989
2.9226000308990	-8.3292694477185
2.9272999763489	-8.2208811436879
2.9319999217987	-8.1148399562608
2.9367001056671	-8.0117364598259
2.9414000511169	-7.9120328988148
2.9460999965668	-7.8159220905184
2.9507999420166	-7.7232676381051
2.9554998874664	-7.6336507109024
2.9602000713348	-7.5464466580079
2.9649000167847	-7.4609930278683
2.9695999622345	-7.3767384417486
2.9742999076843	-7.2933783996554
2.9790000915527	-7.2109189143635
2.9837000370026	-7.1296528063583
2.9883999824524	-7.0500800794257
2.9930999279022	-6.9727668321006
2.9978001117706	-6.8981874358253
3.0025000572205	-6.8265979524581
3.0072000026703	-6.7579694507143
3.0118999481201	-6.6919989862753
3.0165998935699	-6.6281670096994
3.0213000774384	-6.5658817288863
3.0260000228882	-6.5046135859795
3.0306999683380	-6.4440385198808
3.0353999137878	-6.3840918911716
3.0401000976562	-6.3249962847808
3.0448000431061	-6.2671783669335
3.0494999885559	-6.2111564992114
3.0541999340057	-6.1574060602367
3.0589001178741	-6.1062220896842
3.0636000633240	-6.0576461630760
3.0683000087738	-6.0114549837093
3.0729999542236	-5.9672084627081
3.0776998996735	-5.9243636607626
3.0824000835419	-5.8824118121945
3.0871000289917	-5.8409923835848
3.0917999744415	-5.7999947740688
3.0964999198914	-5.7595678141914
3.1012001037598	-5.7200730357836
3.1059000492096	-5.6819912650202
3.1105999946594	-5.6457860865435
3.1152999401093	-5.6117794840556
3.1199998855591	-5.5800688790443
3.1247000694275	-5.5504874338317
3.1294000148773	-5.5226627203599
3.1340999603271	-5.4960909542944
3.1387999057770	-5.4702714654588
3.1435000896454	-5.4448268483049
3.1482000350952	-5.4196004042492
3.1528999805450	-5.3946765934251
3.1575999259949	-5.3703744858902
3.1623001098633	-5.3471361678405
3.1670000553131	-5.3254182445114
3.1717000007629	-5.3055659839602
3.1763999462128	-5.2877165503680
3.1810998916626	-5.2717655971497
3.1858000755310	-5.2573837128984
3.1905000209808	-5.2441006556880
3.1951999664307	-5.2314211903384
3.1998999118805	-5.2189480527471
3.2046000957489	-5.2064774494696
3.2093000411987	-5.1940488285378
3.2139999866486	-5.1819237447941
3.2186999320984	-5.1705176054034
3.2234001159668	-5.1602727388994
3.2281000614166	-5.1515468627290
3.2328000068665	-5.1445108922085
3.2374999523163	-5.1390978171793
3.2421998977661	-5.1350088546596
3.2469000816345	-5.1317928287242
3.2516000270844	-5.1289506251971
3.2562999725342	-5.1260466227558
3.2609999179840	-5.1228331409980
3.2657001018524	-5.1192901257438
3.2704000473022	-5.1156276825828
3.2750999927521	-5.1122120810152
3.2797999382019	-5.1094643277694
3.2844998836517	-5.1077350953916
3.2892000675201	-5.1071944597897
3.2939000129700	-5.1077827419593
3.2985999584198	-5.1091971788564
3.3032999038696	-5.1109691508846
3.3080000877380	-5.1125536763606
3.3127000331879	-5.1134625357608
3.3173999786377	-5.1133739547875
3.3220999240875	-5.1121857615867
3.3268001079559	-5.1100267645441
3.3315000534058	-5.1072025914963
3.3361999988556	-5.1040797820576
3.3408999443054	-5.1009639427238
3.3455998897552	-5.0979871617720
3.3503000736237	-5.0950495260402
3.3550000190735	-5.0918054302510
3.3596999645233	-5.0877198753242
3.3643999099731	-5.0821809955995
3.3691000938416	-5.0746172609779
3.3738000392914	-5.0646262712979
3.3784999847412	-5.0520339679866
3.3831999301910	-5.0369075627766
3.3879001140594	-5.0195073156182
3.3926000595093	-5.0001771914059
3.3973000049591	-4.9792147301096
3.4019999504089	-4.9567688675839
3.4066998958588	-4.9327646369564
3.4114000797272	-4.9069013752813
3.4161000251770	-4.8787124607442
3.4207999706268	-4.8476706862452
3.4254999160767	-4.8133187242721
3.4302000999451	-4.7753960090729
3.4349000453949	-4.7338960460528
3.4395999908447	-4.6890886192906
3.4442999362946	-4.6414586255470
3.4489998817444	-4.5915983189120
3.4537000656128	-4.5400842057019
3.4584000110626	-4.4873701886715
3.4630999565125	-4.4337113114650
3.4677999019623	-4.3791648515466
3.4725000858307	-4.3236410774818
3.4772000312805	-4.2669973112192
3.4818999767303	-4.2091545838288
3.4865999221802	-4.1501977022500
3.4913001060486	-4.0904374337229
3.4960000514984	-4.0303984674405
3.5006999969482	-3.9707765101106
3.5053999423981	-3.9123278718378
3.5100998878479	-3.8557548442364
3.5148000717163	-3.8016069740805
3.5195000171661	-3.7502103448059
3.5241999626160	-3.7016594034400
3.5288999080658	-3.6558655581504
3.5336000919342	-3.6126336418918
3.5383000373840	-3.5717664684798
3.5429999828339	-3.5331563800296
3.5476999282837	-3.4968579037583
3.5524001121521	-3.4630904266373
3.5571000576019	-3.4322089026935
3.5618000030518	-3.4046267202822
3.5664999485016	-3.3807233802930
3.5711998939514	-3.3607486917044
3.5759000778198	-3.3447668991211
3.5806000232697	-3.3326377364143
3.5852999687195	-3.3240416421633
3.5899999141693	-3.3185588816838
3.5947000980377	-3.3157546642611
3.5994000434875	-3.3152753531807
3.6040999889374	-3.3169265364461
3.6087999343872	-3.3206891806457
3.6135001182556	-3.3267188115001
3.6182000637054	-3.3352718472292
3.6229000091553	-3.3466238210199
3.6275999546051	-3.3609811905737
3.6322999000549	-3.3784010791645
3.6370000839233	-3.3987599712261
3.6417000293732	-3.4217619598108
3.6463999748230	-3.4469961216885
3.6510999202728	-3.4740147522234
3.6558001041412	-3.5024404893283
3.6605000495911	-3.5320272977137
3.6651999950409	-3.5627282084449
3.6698999404907	-3.5946742926566
3.6745998859406	-3.6281450164233
3.6793000698090	-3.6634697706517
3.6840000152588	-3.7009391221102
3.6886999607086	-3.7407191343685
3.6933999061584	-3.7827909349550
3.6981000900269	-3.8269513661108
3.7028000354767	-3.8728480956738
3.7074999809265	-3.9200559278571
3.7121999263763	-3.9681819529845
3.7169001102448	-4.0169569640778
3.7216000556946	-4.0662945917864
3.7263000011444	-4.1163159160224
3.7309999465942	-4.1673067370167
3.7356998920441	-4.2196427413651
3.7404000759125	-4.2736870357646
3.7451000213623	-4.3296903405215
3.7497999668121	-4.3877143533652
3.7544999122620	-4.4476079018103
3.7592000961304	-4.5090342515309
3.7639000415802	-4.5715462831388
3.7685999870300	-4.6346879474972
3.7732999324799	-4.6981052966792
3.7780001163483	-4.7616312172669
3.7827000617981	-4.8253207265280
3.7874000072479	-4.8894264998528
3.7920999526978	-4.9543280199288
3.7967998981476	-5.0204184222579
3.8015000820160	-5.0879835611884
3.8062000274658	-5.1571112767233
3.8108999729156	-5.2276470247886
3.8155999183655	-5.2991998521918
3.8203001022339	-5.3712266745037
3.8250000476837	-5.4431418283730
3.8296999931335	-5.5144442648952
3.8343999385834	-5.5848293489372
3.8390998840332	-5.6542470649537
3.8438000679016	-5.7228862601033
3.8485000133514	-5.7911035312038
3.8531999588013	-5.8592941397748
3.8578999042511	-5.9277551686455
3.8626000881195	-5.9965680612656
3.8673000335693	-6.0655263460826
3.8719999790192	-6.1341501022635
3.8766999244690	-6.2017654396924
3.8814001083374	-6.2676353455658
3.8861000537872	-6.3311263157744
3.8907999992371	-6.3918327705230
3.8954999446869	-6.4496608528875
3.9001998901367	-6.5048258964017
3.9049000740051	-6.5577592550896
3.9096000194550	-6.6089664874219
3.9142999649048	-6.6588545561124
3.9189999103546	-6.7075932087439
3.9237000942230	-6.7550372913102
3.9284000396729	-6.8007347983164
3.9330999851227	-6.8440261346801
3.9377999305725	-6.8842015099740
3.9425001144409	-6.9206865160260
3.9472000598907	-6.9532026097204
3.9519000053406	-6.9818385896897
3.9565999507904	-7.0070483036454
3.9612998962402	-7.0295341975390
3.9660000801086	-7.0500734382256
3.9707000255585	-7.0693266688138
3.9753999710083	-7.0876818010286
3.9800999164581	-7.1051670605114
3.9848001003265	-7.1214771351107
3.9895000457764	-7.1360799674929
3.9941999912262	-7.1483959056018
3.9988999366760	-7.1579948908649
4.0036001205444	-7.1647548449732
4.0082998275757	-7.1689369744429
4.0130000114441	-7.1711683162575
4.0177001953125	-7.1723086237253
4.0223999023438	-7.1732729422664
4.0271000862122	-7.1748213654129
4.0317997932434	-7.1774081643387
4.0364999771118	-7.1810958128151
4.0412001609802	-7.1855812123661
4.0458998680115	-7.1903191371124
4.0506000518799	-7.1946945208124
4.0553002357483	-7.1982293753342
4.0599999427795	-7.2007475582564
4.0647001266479	-7.2024551424652
4.0693998336792	-7.2039179875345
4.0741000175476	-7.2059451878390
4.0788002014160	-7.2094040929413
4.0834999084473	-7.2150137366044
4.0882000923157	-7.2231826821322
4.0928997993469	-7.2339252456729
4.0975999832153	-7.2468702974419
4.1023001670837	-7.2613776495463
4.1069998741150	-7.2767200126012
4.1117000579834	-7.2922863488157
4.1163997650146	-7.3077581425019
4.1210999488831	-7.3232057754640
4.1258001327515	-7.3390928677565
4.1304998397827	-7.3561587409043
4.1352000236511	-7.3752343772969
4.1399002075195	-7.3970363581959
4.1445999145508	-7.4219841706714
4.1493000984192	-7.4500886506668
4.1539998054504	-7.4809534531770
4.1586999893188	-7.5138728213247
4.1634001731873	-7.5480113366613
4.1680998802185	-7.5826166718174
4.1728000640869	-7.6172288988574
4.1774997711182	-7.6517962796295
4.1821999549866	-7.6866984926410
4.1869001388550	-7.7226539400192
4.1915998458862	-7.7605207234970
4.1963000297546	-7.8010889859980
4.2010002136230	-7.8448512166769
4.2056999206543	-7.8918739686942
4.2104001045227	-7.9417654512836
4.2150998115540	-7.9937627177602
4.2197999954224	-8.0469125203055
4.2245001792908	-8.1003083104593
4.2291998863220	-8.1533325039658
4.2339000701904	-8.2058122394707
4.2385997772217	-8.2580736522232
4.2432999610901	-8.3108614693382
4.2480001449585	-8.3651418763029
4.2526998519897	-8.4218553856169
4.2574000358582	-8.4816600278960
4.2621002197266	-8.5447612656694
4.2667999267578	-8.6108414137888
4.2715001106262	-8.6791404981015
4.2761998176575	-8.7486484850170
4.2809000015259	-8.8183755525913
4.2856001853943	-8.8876356340723
4.2902998924255	-8.9562607452569
4.2950000762939	-9.0246877135445
4.2996997833252	-9.0938966126854
4.3043999671936	-9.1652080138029
4.3091001510620	-9.2399813287707
4.3137998580933	-9.3193208520471
4.3185000419617	-9.4038391570729
4.3232002258301	-9.4935371009028
4.3278999328613	-9.5878532986158
4.3326001167297	-9.6858479009496
4.3372998237610	-9.7864916870493
4.3420000076294	-9.8889929951416
4.3467001914978	-9.9930617276117
4.3513998985291	-10.099056604806
4.3561000823975	-10.207943272352
4.3607997894287	-10.321085754690
4.3654999732971	-10.439917618555
4.3702001571655	-10.565563352072
4.3748998641968	-10.698530482445
4.3796000480652	-10.838519025821
4.3843002319336	-10.984427531277
4.3889999389648	-11.134555514451
4.3937001228333	-11.286969841990
4.3983998298645	-11.439962542574
4.4031000137329	-11.592463087387
4.4078001976013	-11.744324442412
4.4124999046326	-11.896350030562
4.4172000885010	-12.050064641343
4.4218997955322	-12.207276242490
4.4265999794006	-12.369539564917
4.4313001632690	-12.537666687337
4.4359998703003	-12.711405301973
4.4407000541687	-12.889395446118
4.4454002380371	-13.069407697772
4.4500999450684	-13.248859638364
4.4548001289368	-13.425471049367
4.4594998359680	-13.597895954555
4.4642000198364	-13.766135760893
4.4689002037048	-13.931577312071
4.4735999107361	-14.096621814322
4.4783000946045	-14.264006669355
4.4829998016357	-14.435984422758
4.4876999855042	-14.613596990009
4.4924001693726	-14.796238914536
4.4970998764038	-14.981625496955
4.5018000602722	-15.166230505038
4.5064997673035	-15.346115330539
4.5111999511719	-15.517962098554
4.5159001350403	-15.680011477629
4.5205998420715	-15.832590928404
4.5253000259399	-15.978003676182
4.5300002098083	-16.119794711804
4.5346999168396	-16.261596430283
4.5394001007080	-16.405880746679
4.5440998077393	-16.553017929759
4.5487999916077	-16.700838874091
4.5535001754761	-16.844914370565
4.5581998825073	-16.979527103958
4.5629000663757	-17.099140477177
4.5675997734070	-17.199982284648
4.5722999572754	-17.281145795586
4.5770001411438	-17.344865982279
4.5816998481750	-17.395708210782
4.5864000320435	-17.439045660950
4.5911002159119	-17.479251621681
4.5957999229431	-17.518263652150
4.6005001068115	-17.554841900264
4.6051998138428	-17.584787354639
4.6098999977112	-17.602072121664
4.6146001815796	-17.600660819534
4.6192998886108	-17.576450054291
4.6240000724792	-17.528715290301
4.6286997795105	-17.460470680719
4.6333999633789	-17.377609057882
4.6381001472473	-17.287130739578
4.6427998542786	-17.195154445265
4.6475000381470	-17.105327823009
4.6522002220154	-17.018007683580
4.6568999290466	-16.930409390424
4.6616001129150	-16.837629804561
4.6662998199463	-16.734291588513
4.6710000038147	-16.616347384773
4.6757001876831	-16.482508465799
4.6803998947144	-16.334780032633
4.6851000785828	-16.177970149571
4.6897997856140	-16.018316493605
4.6944999694824	-15.861808430010
4.6992001533508	-15.712672126251
4.7038998603821	-15.572432680726
4.7086000442505	-15.439755329209
4.7133002281189	-15.310967429744
4.7179999351501	-15.181234102778
4.7227001190186	-15.046005155270
4.7273998260498	-14.902393716309
4.7321000099182	-14.750078879900
4.7368001937866	-14.591413347770
4.7414999008179	-14.430727914201
4.7462000846863	-14.273148607081
4.7508997917175	-14.123186546134
4.7555999755859	-13.983632509230
4.7603001594543	-13.854952186981
4.7649998664856	-13.735249231091
4.7697000503540	-13.620852984146
4.7744002342224	-13.507331880868
4.7790999412537	-13.390729583566
4.7838001251221	-13.268661403712
4.7884998321533	-13.141011753271
4.7932000160217	-13.009919389897
4.7979001998901	-12.879190350773
4.8025999069214	-12.753207947414
4.8073000907898	-12.635773003533
4.8119997978210	-12.529152733024
4.8166999816895	-12.433530281602
4.8214001655579	-12.347012827695
4.8260998725891	-12.266136555198
4.8308000564575	-12.186766570271
4.8354997634888	-12.105194878665
4.8401999473572	-12.019145797713
4.8449001312256	-11.928404267650
4.8495998382568	-11.834854086632
4.8543000221252	-11.741927988425
4.8590002059937	-11.653660988517
4.8636999130249	-11.573586005975
4.8684000968933	-11.503826229271
4.8730998039246	-11.444549302613
4.8777999877930	-11.393920606668
4.8825001716614	-11.348548429204
4.8871998786926	-11.304333855460
4.8919000625610	-11.257529688760
4.8965997695923	-11.205737960121
4.9012999534607	-11.148582824376
4.9060001373291	-11.087791687574
4.9106998443604	-11.026702270586
4.9154000282288	-10.969336400858
4.9201002120972	-10.919284175565
4.9247999191284	-10.878755412222
4.9295001029968	-10.847994997544
4.9341998100281	-10.825169145218
4.9388999938965	-10.806790586660
4.9436001777649	-10.788565349046
4.9482998847961	-10.766486425339
4.9530000686646	-10.737889995353
4.9576997756958	-10.702186400855
4.9623999595642	-10.660986777579
4.9671001434326	-10.617589208289
4.9717998504639	-10.575988719389
4.9765000343323	-10.539679713079
4.9812002182007	-10.510596452473
4.9858999252319	-10.488459261123
4.9906001091003	-10.470649718230
4.9952998161316	-10.452675222644
5.0000000000000	-10.429163569885
#Parameters = {R_fat=48; R_glandular=38; R_skin_outer=50; T10=5; T15=7.5; T5=2.5; T_rad=4; T_x=10; T_y=0; T_z=75; Zc=65; skin_thickness=2; Mesh Pass=6}
#"Frequency / GHz"	"S1,1 (Mesh Pass=6) [Magnitude / dB]"
#-------------------------------------------------------
0.30000001192093	-23.500067584482
0.30469998717308	-24.319468196706
0.30939999222755	-25.750971349811
0.31409999728203	-27.923770673667
0.31880000233650	-30.382090960601
0.32350000739098	-30.120952006516
0.32820001244545	-26.638472706109
0.33289998769760	-23.173038926235
0.33759999275208	-20.396324443737
0.34229999780655	-18.177041565694
0.34700000286102	-16.362694825133
0.35170000791550	-14.847971689253
0.35640001296997	-13.564533362492
0.36109998822212	-12.469603898302
0.36579999327660	-11.538513061018
0.37049999833107	-10.759636612912
0.37520000338554	-10.130070969242
0.37990000844002	-9.6512064934161
0.38460001349449	-9.3241186904778
0.38929998874664	-9.1456864042456
0.39399999380112	-9.1066999836281
0.39869999885559	-9.1926836236374
0.40340000391006	-9.3868913658264
0.40810000896454	-9.6740340396529
0.41280001401901	-10.043388761117
0.41749998927116	-10.490500822790
0.42219999432564	-11.017456350916
0.42689999938011	-11.631762036368
0.43160000443459	-12.343625540829
0.43630000948906	-13.160586324238
0.44100001454353	-14.077202081003
0.44569998979568	-15.056350687446
0.45039999485016	-16.001863479862
0.45509999990463	-16.742160916381
0.45980000495911	-17.082813108725
0.46450001001358	-16.948443403582
0.46919998526573	-16.458159158693
0.47389999032021	-15.819294832300
0.47859999537468	-15.198019223113
0.48330000042915	-14.686363181379
0.48800000548363	-14.322994573854
0.49270001053810	-14.116727319153
0.49739998579025	-14.059316136195
0.50209999084473	-14.129198036587
0.50679999589920	-14.289931306976
0.51150000095367	-14.487407881266
0.51620000600815	-14.651822213714
0.52090001106262	-14.711324316216
0.52560001611710	-14.617548395950
0.53030002117157	-14.367859993516
0.53500002622604	-14.004413515240
0.53969997167587	-13.591027089499
0.54439997673035	-13.188024667876
0.54909998178482	-12.839008191513
0.55379998683929	-12.568619231922
0.55849999189377	-12.384865386635
0.56319999694824	-12.281746073679
0.56790000200272	-12.240981316465
0.57260000705719	-12.233678727385
0.57730001211166	-12.223789598701
0.58200001716614	-12.174942141397
0.58670002222061	-12.060008226866
0.59140002727509	-11.869563661201
0.59609997272491	-11.614182448257
0.60079997777939	-11.319107274081
0.60549998283386	-11.014974873696
0.61019998788834	-10.729497638549
0.61489999294281	-10.482601451162
0.61959999799728	-10.284600895411
0.62430000305176	-10.136159611881
0.62900000810623	-10.029063768651
0.63370001316071	-9.9477078355986
0.63840001821518	-9.8716824191667
0.64310002326965	-9.7797513849218
0.64780002832413	-9.6548003146280
0.65249997377396	-9.4882251153850
0.65719997882843	-9.2819399053870
0.66189998388290	-9.0470447039854
0.66659998893738	-8.7999949776138
0.67129999399185	-8.5580626915731
0.67599999904633	-8.3356334308784
0.68070000410080	-8.1419271663953
0.68540000915527	-7.9800049496627
0.69010001420975	-7.8467465814450
0.69480001926422	-7.7336636815488
0.69950002431870	-7.6285332713352
0.70420002937317	-7.5178599237172
0.70889997482300	-7.3898547116953
0.71359997987747	-7.2371982703476
0.71829998493195	-7.0586864489911
0.72299998998642	-6.8591751056010
0.72769999504089	-6.6479411320620
0.73240000009537	-6.4361302528743
0.73710000514984	-6.2342404759338
0.74180001020432	-6.0500917988143
0.74650001525879	-5.8876218761417
0.75120002031326	-5.7464263688692
0.75590002536774	-5.6220175194900
0.76059997081757	-5.5067825434219
0.76529997587204	-5.3915554830781
0.76999998092651	-5.2676058212217
0.77469998598099	-5.1286029957321
0.77939999103546	-4.9720484713497
0.78409999608994	-4.7997305909829
0.78880000114441	-4.6170768905279
0.79350000619888	-4.4317419255056
0.79820001125336	-4.2518129154815
0.80290001630783	-4.0841567044984
0.80760002136230	-3.9331658218199
0.81230002641678	-3.8000548938972
0.81699997186661	-3.6827492445762
0.82169997692108	-3.5763512570224
0.82639998197556	-3.4741927180740
0.83109998703003	-3.3692467863350
0.83579999208450	-3.2557398546955
0.84049999713898	-3.1304574065800
0.84520000219345	-2.9935019065182
0.84990000724792	-2.8482277397304
0.85460001230240	-2.7004380566153
0.85930001735687	-2.5570798552173
0.86400002241135	-2.4248157588874
0.86870002746582	-2.3087354945210
0.87339997291565	-2.2114533849457
0.87809997797012	-2.1326711666754
0.88279998302460	-2.0693140421527
0.88749998807907	-2.0161934533830
0.89219999313354	-1.9671534677380
0.89689999818802	-1.9164791703605
0.90160000324249	-1.8603074071931
0.90630000829697	-1.7976595849365
0.91100001335144	-1.7308459151966
0.91570001840591	-1.6651246357866
0.92040002346039	-1.6077241722276
0.92510002851486	-1.5664856390585
0.92979997396469	-1.5484576519660
0.93449997901917	-1.5587050930867
0.93919998407364	-1.5995577340895
0.94389998912811	-1.6703799417369
0.94859999418259	-1.7679552866611
0.95329999923706	-1.8874603114771
0.95800000429153	-2.0238897440241
0.96270000934601	-2.1737888778374
0.96740001440048	-2.3369203381905
0.97210001945496	-2.5175432194044
0.97680002450943	-2.7249515409062
0.98150002956390	-2.9732584400669
0.98619997501373	-3.2805225190426
0.99089998006821	-3.6677172599391
0.99559998512268	-4.1580115316930
1.0003000497818	-4.7768919600489
1.0049999952316	-5.5536359610785
1.0096999406815	-6.5247388453408
1.0144000053406	-7.7404709368803
1.0190999507904	-9.2770287721216
1.0238000154495	-11.260114950037
1.0284999608994	-13.911118110088
1.0332000255585	-17.593447612851
1.0378999710083	-21.887081398052
1.0426000356674	-20.607517240495
1.0472999811172	-16.129665318584
1.0520000457764	-12.734184863676
1.0566999912262	-10.244603035960
1.0614000558853	-8.3402463714156
1.0661000013351	-6.8381038323272
1.0707999467850	-5.6329256797778
1.0755000114441	-4.6597438775771
1.0801999568939	-3.8749833940204
1.0849000215530	-3.2466080884963
1.0895999670029	-2.7487723836997
1.0943000316620	-2.3589957986938
1.0989999771118	-2.0568707440665
1.1037000417709	-1.8237694039397
1.1083999872208	-1.6431177515204
1.1131000518799	-1.5009201978286
1.1177999973297	-1.3862339544848
1.1224999427795	-1.2914082370388
1.1272000074387	-1.2119333203118
1.1318999528885	-1.1459316505274
1.1366000175476	-1.0933712358898
1.1412999629974	-1.0551686808830
1.1460000276566	-1.0323460021997
1.1506999731064	-1.0253687853369
1.1554000377655	-1.0337807997709
1.1600999832153	-1.0560780537256
1.1648000478745	-1.0898782452828
1.1694999933243	-1.1322400184504
1.1742000579834	-1.1801033321893
1.1789000034332	-1.2307487201484
1.1835999488831	-1.2821428696124
1.1883000135422	-1.3331854635532
1.1929999589920	-1.3837354544999
1.1977000236511	-1.4344809626204
1.2023999691010	-1.4866401289044
1.2071000337601	-1.5416189274756
1.2117999792099	-1.6006509498978
1.2165000438690	-1.6645241223543
1.2211999893188	-1.7334148044718
1.2259000539780	-1.8068681817174
1.2305999994278	-1.8838969507948
1.2352999448776	-1.9631884929232
1.2400000095367	-2.0433576594350
1.2446999549866	-2.1231982253582
1.2494000196457	-2.2019066019123
1.2540999650955	-2.2792003195264
1.2588000297546	-2.3553308401961
1.2634999752045	-2.4309943272285
1.2682000398636	-2.5071548921699
1.2728999853134	-2.5848306638587
1.2776000499725	-2.6648716344037
1.2822999954224	-2.7477985134250
1.2869999408722	-2.8337177331935
1.2917000055313	-2.9223054012351
1.2963999509811	-3.0129024116130
1.3011000156403	-3.1046516004102
1.3057999610901	-3.1966779461096
1.3105000257492	-3.2882662639277
1.3151999711990	-3.3790045565700
1.3199000358582	-3.4688556949176
1.3245999813080	-3.5581628083084
1.3293000459671	-3.6475611543567
1.3339999914169	-3.7378457678799
1.3387000560760	-3.8298191354083
1.3434000015259	-3.9241217174809
1.3480999469757	-4.0211290143157
1.3528000116348	-4.1208837967829
1.3574999570847	-4.2231143406976
1.3622000217438	-4.3273020161550
1.3668999671936	-4.4327977899106
1.3716000318527	-4.5389748023124
1.3762999773026	-4.6453596931659
1.3810000419617	-4.7517406855670
1.3856999874115	-4.8582113875967
1.3904000520706	-4.9651704273070
1.3950999975204	-5.0732381036072
1.3997999429703	-5.1831460877095
1.4045000076294	-5.2956008286082
1.4091999530792	-5.4111607133603
1.4139000177383	-5.5301377130086
1.4185999631882	-5.6525662237049
1.4233000278473	-5.7782087813385
1.4279999732971	-5.9066290392683
1.4327000379562	-6.0372977612132
1.4373999834061	-6.1697159313577
1.4421000480652	-6.3035408999521
1.4467999935150	-6.4386671083302
1.4515000581741	-6.5752788786565
1.4562000036240	-6.7138221961977
1.4608999490738	-6.8549500644636
1.4656000137329	-6.9994078716415
1.4702999591827	-7.1479074863470
1.4750000238419	-7.3010147462312
1.4796999692917	-7.4590602629457
1.4844000339508	-7.6220986616763
1.4890999794006	-7.7899156426945
1.4938000440598	-7.9620900887540
1.4984999895096	-8.1381009666734
1.5032000541687	-8.3174406791612
1.5078999996185	-8.4997429805375
1.5125999450684	-8.6848773957163
1.5173000097275	-8.8729983501976
1.5219999551773	-9.0645395717293
1.5267000198364	-9.2601510628769
1.5313999652863	-9.4605900551272
1.5361000299454	-9.6665925540842
1.5407999753952	-9.8787354665196
1.5455000400543	-10.097331990021
1.5501999855042	-10.322366117666
1.5549000501633	-10.553481315213
1.5595999956131	-10.790026757399
1.5642999410629	-11.031163694701
1.5690000057220	-11.275991972147
1.5736999511719	-11.523698718086
1.5784000158310	-11.773684143636
1.5830999612808	-12.025643534771
1.5878000259399	-12.279577718845
1.5924999713898	-12.535747950873
1.5972000360489	-12.794546940337
1.6018999814987	-13.056344520359
1.6066000461578	-13.321308408671
1.6112999916077	-13.589260202110
1.6160000562668	-13.859545819074
1.6207000017166	-14.130998964223
1.6253999471664	-14.401995726979
1.6301000118256	-14.670537866477
1.6347999572754	-14.934447993679
1.6395000219345	-15.191587935122
1.6441999673843	-15.440045266292
1.6489000320435	-15.678328661003
1.6535999774933	-15.905438794853
1.6583000421524	-16.120884178137
1.6629999876022	-16.324576062574
1.6677000522614	-16.516698367666
1.6723999977112	-16.697479206639
1.6770999431610	-16.867030110790
1.6818000078201	-17.025195528484
1.6864999532700	-17.171482454156
1.6912000179291	-17.305091399282
1.6958999633789	-17.425039860578
1.7006000280380	-17.530327507076
1.7052999734879	-17.620212405989
1.7100000381470	-17.694425378569
1.7146999835968	-17.753357870223
1.7194000482559	-17.798147997079
1.7240999937057	-17.830648331426
1.7288000583649	-17.853259819951
1.7335000038147	-17.868668977410
1.7381999492645	-17.879550163946
1.7429000139236	-17.888260537190
1.7475999593735	-17.896599524892
1.7523000240326	-17.905675944630
1.7569999694824	-17.915877589061
1.7617000341415	-17.927013255363
1.7663999795914	-17.938492400614
1.7711000442505	-17.949652904427
1.7757999897003	-17.960041786243
1.7805000543594	-17.969682073291
1.7851999998093	-17.979211541737
1.7898999452591	-17.989921633410
1.7946000099182	-18.003583759237
1.7992999553680	-18.022248018527
1.8040000200272	-18.047910621434
1.8086999654770	-18.082236126472
1.8134000301361	-18.126309584712
1.8180999755859	-18.180503642031
1.8228000402451	-18.244500109492
1.8274999856949	-18.317420529873
1.8322000503540	-18.398075030619
1.8368999958038	-18.485296177790
1.8415999412537	-18.578252459820
1.8463000059128	-18.676733654595
1.8509999513626	-18.781284596637
1.8557000160217	-18.893204262371
1.8603999614716	-19.014394224957
1.8651000261307	-19.147075644349
1.8697999715805	-19.293457008559
1.8745000362396	-19.455424138197
1.8791999816895	-19.634292363999
1.8839000463486	-19.830699401856
1.8885999917984	-20.044631917376
1.8933000564575	-20.275609008863
1.8980000019073	-20.522986620893
1.9026999473572	-20.786365232360
1.9074000120163	-21.065973081003
1.9120999574661	-21.362999530249
1.9168000221252	-21.679791929934
1.9214999675751	-22.019903543688
1.9262000322342	-22.387952588875
1.9308999776840	-22.789357084596
1.9356000423431	-23.230101199137
1.9402999877930	-23.716421917196
1.9450000524521	-24.254793553144
1.9496999979019	-24.851993709008
1.9543999433517	-25.515562769655
1.9591000080109	-26.254628875435
1.9637999534607	-27.081251203597
1.9685000181198	-28.012478004767
1.9731999635696	-29.073631770731
1.9779000282288	-30.303425863169
1.9825999736786	-31.763059713870
1.9873000383377	-33.553831985152
1.9919999837875	-35.855856593786
1.9967000484467	-39.021289842959
2.0013999938965	-43.736729411649
2.0060999393463	-48.091493337098
2.0107998847961	-43.032022613018
2.0155000686646	-38.257835780757
2.0202000141144	-34.977793467473
2.0248999595642	-32.535429397228
2.0295999050140	-30.600946701425
2.0343000888824	-29.003275671408
2.0390000343323	-27.643536262147
2.0436999797821	-26.459334178772
2.0483999252319	-25.408735317046
2.0531001091003	-24.462382017213
2.0578000545502	-23.599347621207
2.0625000000000	-22.804658086579
2.0671999454498	-22.067684896717
2.0718998908997	-21.380979324376
2.0766000747681	-20.739312694234
2.0813000202179	-20.138904306143
2.0859999656677	-19.576794691334
2.0906999111176	-19.050361105459
2.0954000949860	-18.557045572387
2.1001000404358	-18.094169179204
2.1047999858856	-17.658911001761
2.1094999313354	-17.248418170032
2.1142001152039	-16.859928142129
2.1189000606537	-16.490959717778
2.1236000061035	-16.139465946128
2.1282999515533	-15.803932754368
2.1329998970032	-15.483410332736
2.1377000808716	-15.177439372200
2.1424000263214	-14.885931777086
2.1470999717712	-14.608989457975
2.1517999172211	-14.346730367006
2.1565001010895	-14.099113835630
2.1612000465393	-13.865849043991
2.1658999919891	-13.646347155775
2.1705999374390	-13.439745736286
2.1752998828888	-13.245014654525
2.1800000667572	-13.061066688359
2.1847000122070	-12.886910058927
2.1893999576569	-12.721763876324
2.1940999031067	-12.565138983036
2.1988000869751	-12.416851278325
2.2035000324249	-12.277000476790
2.2081999778748	-12.145846708261
2.2128999233246	-12.023708136852
2.2176001071930	-11.910833581503
2.2223000526428	-11.807279477962
2.2269999980927	-11.712871630806
2.2316999435425	-11.627187074957
2.2363998889923	-11.549605484194
2.2411000728607	-11.479396326522
2.2458000183105	-11.415843384417
2.2504999637604	-11.358348115251
2.2551999092102	-11.306527226784
2.2599000930786	-11.260250222559
2.2646000385284	-11.219627653902
2.2692999839783	-11.184955077971
2.2739999294281	-11.156609739402
2.2787001132965	-11.134938654684
2.2834000587463	-11.120156361671
2.2881000041962	-11.112275091506
2.2927999496460	-11.111073252536
2.2974998950958	-11.116129485159
2.3022000789642	-11.126894824756
2.3069000244141	-11.142789429117
2.3115999698639	-11.163323674923
2.3162999153137	-11.188184070961
2.3210000991821	-11.217294575292
2.3257000446320	-11.250823400439
2.3303999900818	-11.289135665994
2.3350999355316	-11.332709662216
2.3397998809814	-11.382025669757
2.3445000648499	-11.437463122513
2.3492000102997	-11.499208928122
2.3538999557495	-11.567224575388
2.3585999011993	-11.641259096124
2.3633000850677	-11.720904145775
2.3680000305176	-11.805701695137
2.3726999759674	-11.895244774964
2.3773999214172	-11.989295336217
2.3821001052856	-12.087852856955
2.3868000507355	-12.191170410615
2.3914999961853	-12.299748953925
2.3961999416351	-12.414225692260
2.4008998870850	-12.535281709177
2.4056000709534	-12.663524987128
2.4103000164032	-12.799387677204
2.4149999618530	-12.943071263079
2.4196999073029	-13.094540510978
2.4244000911713	-13.253581351440
2.4291000366211	-13.419885446375
2.4337999820709	-13.593200213112
2.4384999275208	-13.773437274114
2.4432001113892	-13.960775227747
2.4479000568390	-14.155711184935
2.4526000022888	-14.359050646037
2.4572999477386	-14.571824707912
2.4619998931885	-14.795173851738
2.4667000770569	-15.030221965972
2.4714000225067	-15.277929591553
2.4760999679565	-15.539013812807
2.4807999134064	-15.813936036583
2.4855000972748	-16.102936464001
2.4902000427246	-16.406153916022
2.4948999881744	-16.723775363729
2.4995999336243	-17.056238261513
2.5043001174927	-17.404381857743
2.5090000629425	-17.769565158716
2.5137000083923	-18.153666039559
2.5183999538422	-18.559034512413
2.5230998992920	-18.988325934097
2.5278000831604	-19.444258868093
2.5325000286102	-19.929358100573
2.5371999740601	-20.445713646889
2.5418999195099	-20.994691407221
2.5466001033783	-21.576778481443
2.5513000488281	-22.191329187178
2.5559999942780	-22.836303881056
2.5606999397278	-23.507787514041
2.5653998851776	-24.199038911794
2.5701000690460	-24.898888849441
2.5748000144958	-25.589112885235
2.5794999599457	-26.240941057815
2.5841999053955	-26.812027268243
2.5889000892639	-27.246968249202
2.5936000347137	-27.486316826987
2.5982999801636	-27.485909011076
2.6029999256134	-27.237244803725
2.6077001094818	-26.773075646140
2.6124000549316	-26.152644070009
2.6171000003815	-25.439324813874
2.6217999458313	-24.685259765226
2.6264998912811	-23.926533782606
2.6312000751495	-23.184906175455
2.6359000205994	-22.471701809490
2.6405999660492	-21.791464007203
2.6452999114990	-21.144836862106
2.6500000953674	-20.530493591827
2.6547000408173	-19.946401138137
2.6593999862671	-19.390527152986
2.6640999317169	-18.861210911921
2.6688001155853	-18.357218046156
2.6735000610352	-17.877643782783
2.6782000064850	-17.421732651469
2.6828999519348	-16.988696580334
2.6875998973846	-16.577558969753
2.6923000812531	-16.187061913934
2.6970000267029	-15.815699981281
2.7016999721527	-15.461761002352
2.7063999176025	-15.123484348704
2.7111001014709	-14.799196382209
2.7158000469208	-14.487452263900
2.7204999923706	-14.187137936443
2.7251999378204	-13.897504752213
2.7298998832703	-13.618129769670
2.7346000671387	-13.348853555097
2.7393000125885	-13.089626070540
2.7439999580383	-12.840397310605
2.7486999034882	-12.600992687752
2.7534000873566	-12.371056090780
2.7581000328064	-12.150016083520
2.7627999782562	-11.937142488028
2.7674999237061	-11.731604805403
2.7722001075745	-11.532585647529
2.7769000530243	-11.339383554880
2.7815999984741	-11.151484541267
2.7862999439240	-10.968600669714
2.7909998893738	-10.790658487529
2.7957000732422	-10.617747083389
2.8004000186920	-10.450032918919
2.8050999641418	-10.287657881207
2.8097999095917	-10.130660467048
2.8145000934601	-9.9789181604920
2.8192000389099	-9.8321394557747
2.8238999843597	-9.6898836650927
2.8285999298096	-9.5516290855624
2.8333001136780	-9.4168548826064
2.8380000591278	-9.2851193904177
2.8427000045776	-9.1561336455341
2.8473999500275	-9.0297816490001
2.8520998954773	-8.9061132665047
2.8568000793457	-8.7853103669381
2.8615000247955	-8.6676023889399
2.8661999702454	-8.5531899336916
2.8708999156952	-8.4421801737224
2.8756000995636	-8.3345383916834
2.8803000450134	-8.2300769528742
2.8849999904633	-8.1284861906111
2.8896999359131	-8.0293781740736
2.8943998813629	-7.9323792104517
2.8991000652313	-7.8371824564413
2.9038000106812	-7.7436114602501
2.9084999561310	-7.6516365661714
2.9131999015808	-7.5613723807523
2.9179000854492	-7.4730354082054
2.9226000308990	-7.3868729670605
2.9272999763489	-7.3031021431037
2.9319999217987	-7.2218446299635
2.9367001056671	-7.1430914204346
2.9414000511169	-7.0667014120999
2.9460999965668	-6.9924185085749
2.9507999420166	-6.9199374770674
2.9554998874664	-6.8489578811255
2.9602000713348	-6.7792482932815
2.9649000167847	-6.7106958843004
2.9695999622345	-6.6433251043176
2.9742999076843	-6.5772790927363
2.9790000915527	-6.5127747502290
2.9837000370026	-6.4500597228380
2.9883999824524	-6.3893344920963
2.9930999279022	-6.3307098199756
2.9978001117706	-6.2741728313580
3.0025000572205	-6.2195829260574
3.0072000026703	-6.1667163291527
3.0118999481201	-6.1152964688803
3.0165998935699	-6.0650686949934
3.0213000774384	-6.0158478863073
3.0260000228882	-5.9675607631299
3.0306999683380	-5.9202504185719
3.0353999137878	-5.8740751656473
3.0401000976562	-5.8292491122101
3.0448000431061	-5.7859974996996
3.0494999885559	-5.7444971468447
3.0541999340057	-5.7048325841826
3.0589001178741	-5.6669706958552
3.0636000633240	-5.6307609227798
3.0683000087738	-5.5959844510274
3.0729999542236	-5.5623826510781
3.0776998996735	-5.5297263670018
3.0824000835419	-5.4978602393204
3.0871000289917	-5.4667373177685
3.0917999744415	-5.4364240568208
3.0964999198914	-5.4070810671857
3.1012001037598	-5.3789168567614
3.1059000492096	-5.3521386115025
3.1105999946594	-5.3268947298940
3.1152999401093	-5.3032431204936
3.1199998855591	-5.2811235388616
3.1247000694275	-5.2603795071510
3.1294000148773	-5.2407822669636
3.1340999603271	-5.2220890134247
3.1387999057770	-5.2040877681302
3.1435000896454	-5.1866522524851
3.1482000350952	-5.1697580089372
3.1528999805450	-5.1534952272911
3.1575999259949	-5.1380304519880
3.1623001098633	-5.1235662764224
3.1670000553131	-5.1102970608224
3.1717000007629	-5.0983488135945
3.1763999462128	-5.0877466873190
3.1810998916626	-5.0784073355109
3.1858000755310	-5.0701573538008
3.1905000209808	-5.0627630921145
3.1951999664307	-5.0559809486205
3.1998999118805	-5.0496214768022
3.2046000957489	-5.0435696280838
3.2093000411987	-5.0378320994173
3.2139999866486	-5.0325029652003
3.2186999320984	-5.0277554496034
3.2234001159668	-5.0237882164731
3.2281000614166	-5.0207694032486
3.2328000068665	-5.0187982097844
3.2374999523163	-5.0178625850100
3.2421998977661	-5.0178434972755
3.2469000816345	-5.0185400118805
3.2516000270844	-5.0196964538312
3.2562999725342	-5.0210648524635
3.2609999179840	-5.0224506946742
3.2657001018524	-5.0237540953787
3.2704000473022	-5.0249751850391
3.2750999927521	-5.0262146848133
3.2797999382019	-5.0276285450727
3.2844998836517	-5.0293842786874
3.2892000675201	-5.0316074346993
3.2939000129700	-5.0343303352270
3.2985999584198	-5.0374842468289
3.3032999038696	-5.0408825303038
3.3080000877380	-5.0442659207068
3.3127000331879	-5.0473315035595
3.3173999786377	-5.0497936745699
3.3220999240875	-5.0514343965559
3.3268001079559	-5.0521315905667
3.3315000534058	-5.0518682405309
3.3361999988556	-5.0507127312640
3.3408999443054	-5.0487761157699
3.3455998897552	-5.0461652786917
3.3503000736237	-5.0429248976419
3.3550000190735	-5.0390009206794
3.3596999645233	-5.0342310662758
3.3643999099731	-5.0283431033138
3.3691000938416	-5.0210091989125
3.3738000392914	-5.0118788231393
3.3784999847412	-5.0006493525806
3.3831999301910	-4.9871074599046
3.3879001140594	-4.9711538622985
3.3926000595093	-4.9528017632271
3.3973000049591	-4.9321596490164
3.4019999504089	-4.9093720212381
3.4066998958588	-4.8845755082928
3.4114000797272	-4.8578544158199
3.4161000251770	-4.8292029215716
3.4207999706268	-4.7985317215321
3.4254999160767	-4.7656875111049
3.4302000999451	-4.7305033664078
3.4349000453949	-4.6928398916847
3.4395999908447	-4.6526601218235
3.4442999362946	-4.6100462211248
3.4489998817444	-4.5652223185446
3.4537000656128	-4.5185370854220
3.4584000110626	-4.4704180630735
3.4630999565125	-4.4213227705706
3.4677999019623	-4.3716912284349
3.4725000858307	-4.3218899150661
3.4772000312805	-4.2721944114638
3.4818999767303	-4.2227975472131
3.4865999221802	-4.1738224809723
3.4913001060486	-4.1253767293837
3.4960000514984	-4.0775887132693
3.5006999969482	-4.0306440143196
3.5053999423981	-3.9848156627486
3.5100998878479	-3.9404535484473
3.5148000717163	-3.8979610264286
3.5195000171661	-3.8577597199485
3.5241999626160	-3.8202342636667
3.5288999080658	-3.7856932915528
3.5336000919342	-3.7543368340876
3.5383000373840	-3.7262402301305
3.5429999828339	-3.7013733161375
3.5476999282837	-3.6796285268524
3.5524001121521	-3.6608604136341
3.5571000576019	-3.6449391818456
3.5618000030518	-3.6317783001478
3.5664999485016	-3.6213639044886
3.5711998939514	-3.6137549063821
3.5759000778198	-3.6090583574679
3.5806000232697	-3.6074037538820
3.5852999687195	-3.6088985793817
3.5899999141693	-3.6135863134217
3.5947000980377	-3.6214338238988
3.5994000434875	-3.6323108364155
3.6040999889374	-3.6460073717348
3.6087999343872	-3.6622643905250
3.6135001182556	-3.6808168272614
3.6182000637054	-3.7014347022973
3.6229000091553	-3.7239530152787
3.6275999546051	-3.7482997863553
3.6322999000549	-3.7744892471931
3.6370000839233	-3.8026041008391
3.6417000293732	-3.8327541419617
3.6463999748230	-3.8650436005695
3.6510999202728	-3.8995238215882
3.6558001041412	-3.9361662141955
3.6605000495911	-3.9748591307970
3.6651999950409	-4.0154148529124
3.6698999404907	-4.0576092864172
3.6745998859406	-4.1012067658550
3.6793000698090	-4.1460175381384
3.6840000152588	-4.1919299683321
3.6886999607086	-4.2389233277513
3.6933999061584	-4.2870719288596
3.6981000900269	-4.3365147522348
3.7028000354767	-4.3874182558074
3.7074999809265	-4.4399357472310
3.7121999263763	-4.4941529454627
3.7169001102448	-4.5500733802019
3.7216000556946	-4.6075958921657
3.7263000011444	-4.6665443131329
3.7309999465942	-4.7266919014182
3.7356998920441	-4.7878120517560
3.7404000759125	-4.8497183360296
3.7451000213623	-4.9123147052943
3.7497999668121	-4.9756035867278
3.7544999122620	-5.0396859071941
3.7592000961304	-5.1047237142862
3.7639000415802	-5.1709058868921
3.7685999870300	-5.2383857488580
3.7732999324799	-5.3072388886717
3.7780001163483	-5.3774302291158
3.7827000617981	-5.4488110413081
3.7874000072479	-5.5211373788931
3.7920999526978	-5.5941081698574
3.7967998981476	-5.6674269308940
3.8015000820160	-5.7408524960464
3.8062000274658	-5.8142417351412
3.8108999729156	-5.8875656948872
3.8155999183655	-5.9609011046163
3.8203001022339	-6.0343911841037
3.8250000476837	-6.1081876510036
3.8296999931335	-6.1823894402622
3.8343999385834	-6.2569910539074
3.8390998840332	-6.3318496332203
3.8438000679016	-6.4066867348652
3.8485000133514	-6.4811190245041
3.8531999588013	-6.5547160108659
3.8578999042511	-6.6270669293194
3.8626000881195	-6.6978491910988
3.8673000335693	-6.7668717497254
3.8719999790192	-6.8340915354080
3.8766999244690	-6.8995866536238
3.8814001083374	-6.9635081232511
3.8861000537872	-7.0260004993637
3.8907999992371	-7.0871394400507
3.8954999446869	-7.1468710647875
3.9001998901367	-7.2049884349525
3.9049000740051	-7.2611527974247
3.9096000194550	-7.3149430422225
3.9142999649048	-7.3659361452974
3.9189999103546	-7.4137894469450
3.9237000942230	-7.4583108509830
3.9284000396729	-7.4994968992489
3.9330999851227	-7.5375259122198
3.9377999305725	-7.5727119456969
3.9425001144409	-7.6054262255147
3.9472000598907	-7.6360079584577
3.9519000053406	-7.6646841974971
3.9565999507904	-7.6915255306575
3.9612998962402	-7.7164478704522
3.9660000801086	-7.7392383679928
3.9707000255585	-7.7596409926067
3.9753999710083	-7.7774485285900
3.9800999164581	-7.7925791228284
3.9848001003265	-7.8051411566350
3.9895000457764	-7.8154344018362
3.9941999912262	-7.8239270966803
3.9988999366760	-7.8311709447154
4.0036001205444	-7.8377145531228
4.0082998275757	-7.8440063893488
4.0130000114441	-7.8503250553710
4.0177001953125	-7.8567530356359
4.0223999023438	-7.8632005511990
4.0271000862122	-7.8694612347772
4.0317997932434	-7.8753038713232
4.0364999771118	-7.8805683786801
4.0412001609802	-7.8852391388068
4.0458998680115	-7.8894902329409
4.0506000518799	-7.8936728506712
4.0553002357483	-7.8982666724665
4.0599999427795	-7.9037901322375
4.0647001266479	-7.9107068384562
4.0693998336792	-7.9193392174442
4.0741000175476	-7.9298154202452
4.0788002014160	-7.9420591297143
4.0834999084473	-7.9558253795859
4.0882000923157	-7.9707792320703
4.0928997993469	-7.9865914427560
4.0975999832153	-8.0030318051518
4.1023001670837	-8.0200399592401
4.1069998741150	-8.0377508610600
4.1117000579834	-8.0564803259503
4.1163997650146	-8.0766483443209
4.1210999488831	-8.0987017760371
4.1258001327515	-8.1229987243128
4.1304998397827	-8.1497357793549
4.1352000236511	-8.1789014606183
4.1399002075195	-8.2102762898730
4.1445999145508	-8.2434843447083
4.1493000984192	-8.2780851777791
4.1539998054504	-8.3136665949906
4.1586999893188	-8.3499549413718
4.1634001731873	-8.3868694826361
4.1680998802185	-8.4245495095075
4.1728000640869	-8.4633135454118
4.1774997711182	-8.5035877109221
4.1821999549866	-8.5457879735948
4.1869001388550	-8.5902260261573
4.1915998458862	-8.6370155922351
4.1963000297546	-8.6860402500565
4.2010002136230	-8.7369607907342
4.2056999206543	-8.7892941385775
4.2104001045227	-8.8425040434974
4.2150998115540	-8.8961306904890
4.2197999954224	-8.9498918923463
4.2245001792908	-9.0037476599407
4.2291998863220	-9.0579109171130
4.2339000701904	-9.1127968703669
4.2385997772217	-9.1689207246251
4.2432999610901	-9.2267755896345
4.2480001449585	-9.2867143980700
4.2526998519897	-9.3488698976497
4.2574000358582	-9.4131177113275
4.2621002197266	-9.4791172449382
4.2667999267578	-9.5464054545242
4.2715001106262	-9.6145251008146
4.2761998176575	-9.6831655708394
4.2809000015259	-9.7522816457841
4.2856001853943	-9.8221530191223
4.2902998924255	-9.8933696570627
4.2950000762939	-9.9667629649237
4.2996997833252	-10.043264737493
4.3043999671936	-10.123756159962
4.3091001510620	-10.208922278716
4.3137998580933	-10.299153499499
4.3185000419617	-10.394511596312
4.3232002258301	-10.494763208642
4.3278999328613	-10.599490250825
4.3326001167297	-10.708221918817
4.3372998237610	-10.820587022626
4.3420000076294	-10.936442277637
4.3467001914978	-11.055919456432
4.3513998985291	-11.179417544987
4.3561000823975	-11.307498709088
4.3607997894287	-11.440740472893
4.3654999732971	-11.579551759968
4.3702001571655	-11.724015520032
4.3748998641968	-11.873796498593
4.3796000480652	-12.028119455320
4.3843002319336	-12.185860013330
4.3889999389648	-12.345716560521
4.3937001228333	-12.506436875032
4.3983998298645	-12.667057868838
4.4031000137329	-12.827079577385
4.4078001976013	-12.986544650470
4.4124999046326	-13.145981195691
4.4172000885010	-13.306225636892
4.4218997955322	-13.468154973174
4.4265999794006	-13.632403725552
4.4313001632690	-13.799126809586
4.4359998703003	-13.967867777200
4.4407000541687	-14.137588964459
4.4454002380371	-14.306834358874
4.4500999450684	-14.474041598316
4.4548001289368	-14.637880768737
4.4594998359680	-14.797581954308
4.4642000198364	-14.953115757578
4.4689002037048	-15.105186596768
4.4735999107361	-15.255032362545
4.4783000946045	-15.404046075610
4.4829998016357	-15.553352000736
4.4876999855042	-15.703413586376
4.4924001693726	-15.853787767004
4.4970998764038	-16.003100231341
4.5018000602722	-16.149271987437
4.5064997673035	-16.289916191649
4.5111999511719	-16.422895072923
4.5159001350403	-16.546823562709
4.5205998420715	-16.661371885119
4.5253000259399	-16.767328715483
4.5300002098083	-16.866304738288
4.5346999168396	-16.960204911168
4.5394001007080	-17.050599532043
4.5440998077393	-17.138169126910
4.5487999916077	-17.222369925710
4.5535001754761	-17.301416848989
4.5581998825073	-17.372622826243
4.5629000663757	-17.433024624832
4.5675997734070	-17.480119787802
4.5722999572754	-17.512541259600
4.5770001411438	-17.530434249235
4.5816998481750	-17.535421950577
4.5864000320435	-17.530129355820
4.5911002159119	-17.517460717175
4.5957999229431	-17.499801268810
4.6005001068115	-17.478391348882
4.6051998138428	-17.453027382424
4.6098999977112	-17.422149826009
4.6146001815796	-17.383368395829
4.6192998886108	-17.334145687724
4.6240000724792	-17.272626045803
4.6286997795105	-17.198267524378
4.6333999633789	-17.112086325629
4.6381001472473	-17.016485000539
4.6427998542786	-16.914706180791
4.6475000381470	-16.810035829445
4.6522002220154	-16.705071925520
4.6568999290466	-16.601188167409
4.6616001129150	-16.498329432398
4.6662998199463	-16.395166341430
4.6710000038147	-16.289583473348
4.6757001876831	-16.179350788744
4.6803998947144	-16.062817225266
4.6851000785828	-15.939455890961
4.6897997856140	-15.810063226872
4.6944999694824	-15.676646019979
4.6992001533508	-15.541924077794
4.7038998603821	-15.408707028255
4.7086000442505	-15.279252579179
4.7133002281189	-15.154809523751
4.7179999351501	-15.035377232570
4.7227001190186	-14.919820845489
4.7273998260498	-14.806217847174
4.7321000099182	-14.692400313410
4.7368001937866	-14.576560467646
4.7414999008179	-14.457743371495
4.7462000846863	-14.336128634713
4.7508997917175	-14.213004864542
4.7555999755859	-14.090459793241
4.7603001594543	-13.970877329165
4.7649998664856	-13.856377692929
4.7697000503540	-13.748336567757
4.7744002342224	-13.647116779593
4.7790999412537	-13.551992722283
4.7838001251221	-13.461396375658
4.7884998321533	-13.373301772821
4.7932000160217	-13.285745997154
4.7979001998901	-13.197336365865
4.8025999069214	-13.107597574556
4.8073000907898	-13.017111221947
4.8119997978210	-12.927364268843
4.8166999816895	-12.840382837093
4.8214001655579	-12.758251907968
4.8260998725891	-12.682595727393
4.8308000564575	-12.614218871994
4.8354997634888	-12.552912578801
4.8401999473572	-12.497511116451
4.8449001312256	-12.446159631477
4.8495998382568	-12.396749844716
4.8543000221252	-12.347418222327
4.8590002059937	-12.296998488820
4.8636999130249	-12.245288944401
4.8684000968933	-12.193102976528
4.8730998039246	-12.142039958950
4.8777999877930	-12.094067817294
4.8825001716614	-12.051022208992
4.8871998786926	-12.014134747687
4.8919000625610	-11.983714701939
4.8965997695923	-11.959039599849
4.9012999534607	-11.938480684751
4.9060001373291	-11.919869501515
4.9106998443604	-11.900974409345
4.9154000282288	-11.880032308234
4.9201002120972	-11.856164812227
4.9247999191284	-11.829593518999
4.9295001029968	-11.801562358353
4.9341998100281	-11.773997900948
4.9388999938965	-11.749004523259
4.9436001777649	-11.728304516189
4.9482998847961	-11.712761777168
4.9530000686646	-11.702115590614
4.9576997756958	-11.694940178400
4.9623999595642	-11.688912879076
4.9671001434326	-11.681273224795
4.9717998504639	-11.669377748888
4.9765000343323	-11.651285235675
4.9812002182007	-11.626111940607
4.9858999252319	-11.594130657206
4.9906001091003	-11.556533284822
4.9952998161316	-11.514925208874
5.0000000000000	-11.470716880076
