#Parameters = {R_fat=48; R_glandular=38; R_skin_outer=50; T10=5; T15=7.5; T5=2.5; T_rad=4; T_x=10; T_y=0; T_z=75; Zc=65; skin_thickness=2}
#"Frequency / GHz"	"S1,1 [Magnitude / dB]"
#-----------------------------------------
0.30000001192093	-23.014808618828
0.30469998717308	-23.719857470965
0.30939999222755	-24.987605311832
0.31409999728203	-26.934148057951
0.31880000233650	-29.315986362798
0.32350000739098	-29.909791911794
0.32820001244545	-27.035622177011
0.33289998769760	-23.592129606329
0.33759999275208	-20.744243362809
0.34229999780655	-18.462629129888
0.34700000286102	-16.603633039944
0.35170000791550	-15.058047136061
0.35640001296997	-13.752777258255
0.36109998822212	-12.640939090452
0.36579999327660	-11.694464735847
0.37049999833107	-10.899015523000
0.37520000338554	-10.249791893011
0.37990000844002	-9.7473207210896
0.38460001349449	-9.3929284479171
0.38929998874664	-9.1846412559654
0.39399999380112	-9.1147150358849
0.39869999885559	-9.1698115171445
0.40340000391006	-9.3335280294674
0.40810000896454	-9.5901100598809
0.41280001401901	-9.9277579852538
0.41749998927116	-10.340669206397
0.42219999432564	-10.829614245711
0.42689999938011	-11.401128276275
0.43160000443459	-12.065271734357
0.43630000948906	-12.831224575408
0.44100001454353	-13.698894952021
0.44569998979568	-14.643516369467
0.45039999485016	-15.591247835091
0.45509999990463	-16.396571071630
0.45980000495911	-16.866291381066
0.46450001001358	-16.876198875055
0.46919998526573	-16.485033979048
0.47389999032021	-15.882322818915
0.47859999537468	-15.250639862901
0.48330000042915	-14.702987286723
0.48800000548363	-14.292181097845
0.49270001053810	-14.035111671241
0.49739998579025	-13.928634048986
0.50209999084473	-13.955768506791
0.50679999589920	-14.085577131558
0.51150000095367	-14.270518326129
0.51620000600815	-14.446349922695
0.52090001106262	-14.541369860501
0.52560001611710	-14.498274131535
0.53030002117157	-14.298840802404
0.53500002622604	-13.971390815329
0.53969997167587	-13.573900679674
0.54439997673035	-13.168281088668
0.54909998178482	-12.803242593362
0.55379998683929	-12.509040881813
0.55849999189377	-12.298748461162
0.56319999694824	-12.170875685819
0.56790000200272	-12.111304824308
0.57260000705719	-12.094844466741
0.57730001211166	-12.087886714155
0.58200001716614	-12.053967846690
0.58670002222061	-11.962529683949
0.59140002727509	-11.798036808080
0.59609997272491	-11.564584225677
0.60079997777939	-11.282972764796
0.60549998283386	-10.982432853153
0.61019998788834	-10.691788707336
0.61489999294281	-10.433484602995
0.61959999799728	-10.220910157314
0.62430000305176	-10.057859262450
0.62900000810623	-9.9390353065698
0.63370001316071	-9.8512724325312
0.63840001821518	-9.7756712551660
0.64310002326965	-9.6910933945162
0.64780002832413	-9.5788140633182
0.65249997377396	-9.4272456105933
0.65719997882843	-9.2348262600915
0.66189998388290	-9.0098192880345
0.66659998893738	-8.7671743381774
0.67129999399185	-8.5241151448857
0.67599999904633	-8.2961066610865
0.68070000410080	-8.0941110240560
0.68540000915527	-7.9232138877389
0.69010001420975	-7.7822896097235
0.69480001926422	-7.6645340492379
0.69950002431870	-7.5588129049869
0.70420002937317	-7.4518582072087
0.70889997482300	-7.3311175052856
0.71359997987747	-7.1876633448379
0.71829998493195	-7.0182755954780
0.72299998998642	-6.8259617530393
0.72769999504089	-6.6187753754836
0.73240000009537	-6.4074931593919
0.73710000514984	-6.2030048456275
0.74180001020432	-6.0141097929156
0.74650001525879	-5.8460354156859
0.75120002031326	-5.6997329894922
0.75590002536774	-5.5719196457067
0.76059997081757	-5.4558103688533
0.76529997587204	-5.3425243970617
0.76999998092651	-5.2229791650603
0.77469998598099	-5.0899332672199
0.77939999103546	-4.9396402233092
0.78409999608994	-4.7726324323613
0.78880000114441	-4.5934071316426
0.79350000619888	-4.4091697189053
0.79820001125336	-4.2281012821912
0.80290001630783	-4.0576162576410
0.80760002136230	-3.9029493061921
0.81230002641678	-3.7662687603257
0.81699997186661	-3.6463911210428
0.82169997692108	-3.5390921732225
0.82639998197556	-3.4379945100790
0.83109998703003	-3.3359542137487
0.83579999208450	-3.2266435709434
0.84049999713898	-3.1060309155980
0.84520000219345	-2.9733163779950
0.84990000724792	-2.8311083979339
0.85460001230240	-2.6847626336304
0.85930001735687	-2.5411721485854
0.86400002241135	-2.4072991624303
0.86870002746582	-2.2888025240578
0.87339997291565	-2.1889937147024
0.87809997797012	-2.1082752483133
0.88279998302460	-2.0441364524883
0.88749998807907	-1.9917122750850
0.89219999313354	-1.9448579270614
0.89689999818802	-1.8975542696547
0.90160000324249	-1.8453918590933
0.90630000829697	-1.7867309168692
0.91100001335144	-1.7232756533789
0.91570001840591	-1.6598613603954
0.92040002346039	-1.6035720997917
0.92510002851486	-1.5623876711930
0.92979997396469	-1.5437207724307
0.93449997901917	-1.5531459179656
0.93919998407364	-1.5935348425266
0.94389998912811	-1.6647392495653
0.94859999418259	-1.7638987608882
0.95329999923706	-1.8863463604957
0.95800000429153	-2.0270361776093
0.96270000934601	-2.1822935068500
0.96740001440048	-2.3515485981454
0.97210001945496	-2.5387124373568
0.97680002450943	-2.7528226535465
0.98150002956390	-3.0078873121991
0.98619997501373	-3.3220743675025
0.99089998006821	-3.7166647468783
0.99559998512268	-4.2153189113894
1.0003000497818	-4.8442120576143
1.0049999952316	-5.6335673467537
1.0096999406815	-6.6213110912191
1.0144000053406	-7.8600659282639
1.0190999507904	-9.4304593118221
1.0238000154495	-11.467606429159
1.0284999608994	-14.216073317319
1.0332000255585	-18.100495461953
1.0378999710083	-22.623585486504
1.0426000356674	-20.645021329650
1.0472999811172	-15.983420279708
1.0520000457764	-12.601304375074
1.0566999912262	-10.139465543024
1.0614000558853	-8.2595793971896
1.0661000013351	-6.7778560559708
1.0707999467850	-5.5898050160814
1.0755000114441	-4.6309968910809
1.0801999568939	-3.8580787413013
1.0849000215530	-3.2390268751163
1.0895999670029	-2.7479362063057
1.0943000316620	-2.3623319396045
1.0989999771118	-2.0619740829582
1.1037000417709	-1.8286140452110
1.1083999872208	-1.6462651467292
1.1131000518799	-1.5016543601585
1.1177999973297	-1.3845975660414
1.1224999427795	-1.2880843622017
1.1272000074387	-1.2080306719024
1.1318999528885	-1.1426848769960
1.1366000175476	-1.0918492595102
1.1412999629974	-1.0560398376318
1.1460000276566	-1.0357408512455
1.1506999731064	-1.0308884966557
1.1554000377655	-1.0405870879089
1.1600999832153	-1.0631009016747
1.1648000478745	-1.0960401702831
1.1694999933243	-1.1366957648047
1.1742000579834	-1.1824118798719
1.1789000034332	-1.2309551507836
1.1835999488831	-1.2807716307725
1.1883000135422	-1.3311054632292
1.1929999589920	-1.3819623938823
1.1977000236511	-1.4339520100623
1.2023999691010	-1.4880096795805
1.2071000337601	-1.5451285737881
1.2117999792099	-1.6060917637654
1.2165000438690	-1.6712891446259
1.2211999893188	-1.7406552589999
1.2259000539780	-1.8136740833202
1.2305999994278	-1.8895025058878
1.2352999448776	-1.9671270229906
1.2400000095367	-2.0455621819560
1.2446999549866	-2.1240133705277
1.2494000196457	-2.2019991130715
1.2540999650955	-2.2794034029471
1.2588000297546	-2.3564668206667
1.2634999752045	-2.4336820794966
1.2682000398636	-2.5116869044870
1.2728999853134	-2.5911039934319
1.2776000499725	-2.6724248073089
1.2822999954224	-2.7559221929378
1.2869999408722	-2.8415963077561
1.2917000055313	-2.9292044209768
1.2963999509811	-3.0183188375061
1.3011000156403	-3.1084129130416
1.3057999610901	-3.1989751750364
1.3105000257492	-3.2896052290363
1.3151999711990	-3.3800865398324
1.3199000358582	-3.4704175042340
1.3245999813080	-3.5608096313320
1.3293000459671	-3.6516344218620
1.3339999914169	-3.7433515486566
1.3387000560760	-3.8364191985230
1.3434000015259	-3.9312146593274
1.3480999469757	-4.0279726409043
1.3528000116348	-4.1267506399942
1.3574999570847	-4.2274402311491
1.3622000217438	-4.3297970234762
1.3668999671936	-4.4335018768929
1.3716000318527	-4.5382368547289
1.3762999773026	-4.6437497356869
1.3810000419617	-4.7499184074011
1.3856999874115	-4.8567790021670
1.3904000520706	-4.9645231227225
1.3950999975204	-5.0734770000311
1.3997999429703	-5.1840419214183
1.4045000076294	-5.2966382881491
1.4091999530792	-5.4116290419769
1.4139000177383	-5.5292746377458
1.4185999631882	-5.6496982950580
1.4233000278473	-5.7728793445270
1.4279999732971	-5.8986802235288
1.4327000379562	-6.0268848806224
1.4373999834061	-6.1572608337029
1.4421000480652	-6.2896240179731
1.4467999935150	-6.4238884814512
1.4515000581741	-6.5601065213571
1.4562000036240	-6.6984728194618
1.4608999490738	-6.8393122545717
1.4656000137329	-6.9830354536619
1.4702999591827	-7.1300843685124
1.4750000238419	-7.2808668814303
1.4796999692917	-7.4356985761998
1.4844000339508	-7.5947711261903
1.4890999794006	-7.7581258862753
1.4938000440598	-7.9256693073680
1.4984999895096	-8.0972096076567
1.5032000541687	-8.2725063550753
1.5078999996185	-8.4513370052402
1.5125999450684	-8.6335563559200
1.5173000097275	-8.8191414115199
1.5219999551773	-9.0082177387079
1.5267000198364	-9.2010501678104
1.5313999652863	-9.3980060418732
1.5361000299454	-9.5995023486344
1.5407999753952	-9.8059334363669
1.5455000400543	-10.017597095412
1.5501999855042	-10.234637980043
1.5549000501633	-10.457009528513
1.5595999956131	-10.684465085525
1.5642999410629	-10.916582827816
1.5690000057220	-11.152814989120
1.5736999511719	-11.392558642347
1.5784000158310	-11.635232994912
1.5830999612808	-11.880343454789
1.5878000259399	-12.127530977083
1.5924999713898	-12.376578855347
1.5972000360489	-12.627389083065
1.6018999814987	-12.879920901937
1.6066000461578	-13.134099944440
1.6112999916077	-13.389731677852
1.6160000562668	-13.646394985040
1.6207000017166	-13.903397867066
1.6253999471664	-14.159725349708
1.6301000118256	-14.414078411893
1.6347999572754	-14.664927390446
1.6395000219345	-14.910607182927
1.6441999673843	-15.149456774181
1.6489000320435	-15.379936640472
1.6535999774933	-15.600756080413
1.6583000421524	-15.810916395910
1.6629999876022	-16.009781634956
1.6677000522614	-16.196994640400
1.6723999977112	-16.372454339346
1.6770999431610	-16.536185803778
1.6818000078201	-16.688235246051
1.6864999532700	-16.828589898171
1.6912000179291	-16.957126136145
1.6958999633789	-17.073597130814
1.7006000280380	-17.177681138387
1.7052999734879	-17.269087052475
1.7100000381470	-17.347668665362
1.7146999835968	-17.413560679822
1.7194000482559	-17.467273418305
1.7240999937057	-17.509769864824
1.7288000583649	-17.542427853736
1.7335000038147	-17.566975977528
1.7381999492645	-17.585350486228
1.7429000139236	-17.599508532557
1.7475999593735	-17.611253176135
1.7523000240326	-17.622071226394
1.7569999694824	-17.633031052573
1.7617000341415	-17.644753609207
1.7663999795914	-17.657465680338
1.7711000442505	-17.671099806468
1.7757999897003	-17.685486727008
1.7805000543594	-17.700508170954
1.7851999998093	-17.716288056311
1.7898999452591	-17.733290674790
1.7946000099182	-17.752348004309
1.7992999553680	-17.774627629333
1.8040000200272	-17.801478678202
1.8086999654770	-17.834291111371
1.8134000301361	-17.874293054310
1.8180999755859	-17.922386821805
1.8228000402451	-17.979068588047
1.8274999856949	-18.044399359455
1.8322000503540	-18.118059317479
1.8368999958038	-18.199493028398
1.8415999412537	-18.288107273958
1.8463000059128	-18.383455821900
1.8509999513626	-18.485440068637
1.8557000160217	-18.594417652441
1.8603999614716	-18.711220289634
1.8651000261307	-18.837116255552
1.8697999715805	-18.973647488615
1.8745000362396	-19.122430399811
1.8791999816895	-19.284976472611
1.8839000463486	-19.462505765639
1.8885999917984	-19.655853799654
1.8933000564575	-19.865468857481
1.8980000019073	-20.091498811284
1.9026999473572	-20.333970554618
1.9074000120163	-20.593031398424
1.9120999574661	-20.869213586397
1.9168000221252	-21.163669208152
1.9214999675751	-21.478324092282
1.9262000322342	-21.815995886820
1.9308999776840	-22.180345802819
1.9356000423431	-22.575765770002
1.9402999877930	-23.007261692553
1.9450000524521	-23.480322271038
1.9496999979019	-24.000902192718
1.9543999433517	-24.575492425091
1.9591000080109	-25.211490856543
1.9637999534607	-25.917789415057
1.9685000181198	-26.705766937326
1.9731999635696	-27.590817582569
1.9779000282288	-28.594694407881
1.9825999736786	-29.749059000027
1.9873000383377	-31.101249826246
1.9919999837875	-32.724181541693
1.9967000484467	-34.732901058902
2.0013999938965	-37.304517450108
2.0060999393463	-40.599650267072
2.0107998847961	-43.581296060839
2.0155000686646	-42.171480978557
2.0202000141144	-38.484414733090
2.0248999595642	-35.362999444225
2.0295999050140	-32.915974131919
2.0343000888824	-30.945424287637
2.0390000343323	-29.307831823991
2.0436999797821	-27.911081919408
2.0483999252319	-26.694637544686
2.0531001091003	-25.616998815571
2.0578000545502	-24.648759719514
2.0625000000000	-23.768585399623
2.0671999454498	-22.960842675170
2.0718998908997	-22.214039922786
2.0766000747681	-21.519786407092
2.0813000202179	-20.871896430863
2.0859999656677	-20.265793403027
2.0906999111176	-19.697911547429
2.0954000949860	-19.165314749938
2.1001000404358	-18.665368072659
2.1047999858856	-18.195555213780
2.1094999313354	-17.753369409565
2.1142001152039	-17.336349320432
2.1189000606537	-16.942099626111
2.1236000061035	-16.568409977464
2.1282999515533	-16.213356393963
2.1329998970032	-15.875366437022
2.1377000808716	-15.553288165427
2.1424000263214	-15.246346593323
2.1470999717712	-14.954093710209
2.1517999172211	-14.676305639282
2.1565001010895	-14.412859847186
2.1612000465393	-14.163604593229
2.1658999919891	-13.928276374824
2.1705999374390	-13.706442643695
2.1752998828888	-13.497483872783
2.1800000667572	-13.300633382655
2.1847000122070	-13.115053385838
2.1893999576569	-12.939905005203
2.1940999031067	-12.774467359531
2.1988000869751	-12.618180749196
2.2035000324249	-12.470698968746
2.2081999778748	-12.331880264094
2.2128999233246	-12.201746913680
2.2176001071930	-12.080414668885
2.2223000526428	-11.968003529200
2.2269999980927	-11.864554228139
2.2316999435425	-11.769982280946
2.2363998889923	-11.684026904232
2.2411000728607	-11.606285637106
2.2458000183105	-11.536234692618
2.2504999637604	-11.473318316292
2.2551999092102	-11.417016363462
2.2599000930786	-11.366913750559
2.2646000385284	-11.322763350883
2.2692999839783	-11.284491222476
2.2739999294281	-11.252179183817
2.2787001132965	-11.226016264313
2.2834000587463	-11.206227266488
2.2881000041962	-11.192986358675
2.2927999496460	-11.186365201696
2.2974998950958	-11.186293728628
2.3022000789642	-11.192543059229
2.3069000244141	-11.204764438230
2.3115999698639	-11.222549980068
2.3162999153137	-11.245496412330
2.3210000991821	-11.273284892001
2.3257000446320	-11.305746233416
2.3303999900818	-11.342872965966
2.3350999355316	-11.384825762022
2.3397998809814	-11.431892879735
2.3445000648499	-11.484419868463
2.3492000102997	-11.542732496734
2.3538999557495	-11.607070926018
2.3585999011993	-11.677536072221
2.3633000850677	-11.754078730828
2.3680000305176	-11.836504377451
2.3726999759674	-11.924540113253
2.3773999214172	-12.017902803994
2.3821001052856	-12.116363081400
2.3868000507355	-12.219842591090
2.3914999961853	-12.328437691577
2.3961999416351	-12.442429083813
2.4008998870850	-12.562246484540
2.4056000709534	-12.688426877661
2.4103000164032	-12.821508845851
2.4149999618530	-12.961976136461
2.4196999073029	-13.110172529921
2.4244000911713	-13.266289363077
2.4291000366211	-13.430362890304
2.4337999820709	-13.602318674698
2.4384999275208	-13.782056662460
2.4432001113892	-13.969544352999
2.4479000568390	-14.164895471576
2.4526000022888	-14.368443180257
2.4572999477386	-14.580762456730
2.4619998931885	-14.802656010291
2.4667000770569	-15.035093248077
2.4714000225067	-15.279123816951
2.4760999679565	-15.535772776125
2.4807999134064	-15.805961289946
2.4855000972748	-16.090455819214
2.4902000427246	-16.389850098738
2.4948999881744	-16.704620570649
2.4995999336243	-17.035224390195
2.5043001174927	-17.382214255622
2.5090000629425	-17.746377973428
2.5137000083923	-18.128869891711
2.5183999538422	-18.531253665248
2.5230998992920	-18.955522211908
2.5278000831604	-19.404017024282
2.5325000286102	-19.879247163644
2.5371999740601	-20.383677947303
2.5418999195099	-20.919405905926
2.5466001033783	-21.487849363069
2.5513000488281	-22.089276891306
2.5559999942780	-22.722298031432
2.5606999397278	-23.383097042809
2.5653998851776	-24.064406611514
2.5701000690460	-24.753896547463
2.5748000144958	-25.432023011326
2.5794999599457	-26.069570171475
2.5841999053955	-26.625918832651
2.5889000892639	-27.050634639884
2.5936000347137	-27.291664132294
2.5982999801636	-27.310662949356
2.6029999256134	-27.098698005646
2.6077001094818	-26.681057820221
2.6124000549316	-26.106923584280
2.6171000003815	-25.432064791780
2.6217999458313	-24.705384349499
2.6264998912811	-23.963332930864
2.6312000751495	-23.229999319344
2.6359000205994	-22.519655183782
2.6405999660492	-21.839595749945
2.6452999114990	-21.192586475690
2.6500000953674	-20.578607204493
2.6547000408173	-19.996164440454
2.6593999862671	-19.443103150641
2.6640999317169	-18.917197147152
2.6688001155853	-18.416442038956
2.6735000610352	-17.939197138213
2.6782000064850	-17.484190253402
2.6828999519348	-17.050420064350
2.6875998973846	-16.637030600564
2.6923000812531	-16.243191076330
2.6970000267029	-15.867961290083
2.7016999721527	-15.510268037568
2.7063999176025	-15.168888309335
2.7111001014709	-14.842484048514
2.7158000469208	-14.529707183510
2.7204999923706	-14.229288245635
2.7251999378204	-13.940122511611
2.7298998832703	-13.661337093800
2.7346000671387	-13.392306718224
2.7393000125885	-13.132639894304
2.7439999580383	-12.882112318050
2.7486999034882	-12.640585597630
2.7534000873566	-12.407921551123
2.7581000328064	-12.183902877783
2.7627999782562	-11.968186989373
2.7674999237061	-11.760300795681
2.7722001075745	-11.559652854289
2.7769000530243	-11.365604876051
2.7815999984741	-11.177528660319
2.7862999439240	-10.994883177624
2.7909998893738	-10.817255249693
2.7957000732422	-10.644401894687
2.8004000186920	-10.476220701105
2.8050999641418	-10.312726730931
2.8097999095917	-10.153990564604
2.8145000934601	-10.000064547094
2.8192000389099	-9.8509326972962
2.8238999843597	-9.7064698375735
2.8285999298096	-9.5664358568681
2.8333001136780	-9.4304831955967
2.8380000591278	-9.2982224290591
2.8427000045776	-9.1692503062885
2.8473999500275	-9.0432346642668
2.8520998954773	-8.9199451268492
2.8568000793457	-8.7992767581836
2.8615000247955	-8.6812377217702
2.8661999702454	-8.5659399675111
2.8708999156952	-8.4535167071616
2.8756000995636	-8.3440998333172
2.8803000450134	-8.2377430490650
2.8849999904633	-8.1344058757916
2.8896999359131	-8.0339446937682
2.8943998813629	-7.9361276296017
2.8991000652313	-7.8406755428806
2.9038000106812	-7.7473032864586
2.9084999561310	-7.6557818803464
2.9131999015808	-7.5659720252439
2.9179000854492	-7.4778400866562
2.9226000308990	-7.3914502565270
2.9272999763489	-7.3069478493274
2.9319999217987	-7.2244985417845
2.9367001056671	-7.1442501697907
2.9414000511169	-7.0662858724081
2.9460999965668	-6.9906001844680
2.9507999420166	-6.9170853589576
2.9554998874664	-6.8455647861614
2.9602000713348	-6.7758112115825
2.9649000167847	-6.7076075686432
2.9695999622345	-6.6407779613505
2.9742999076843	-6.5752321431483
2.9790000915527	-6.5109707521559
2.9837000370026	-6.4480863047348
2.9883999824524	-6.3867272220291
2.9930999279022	-6.3270599745347
2.9978001117706	-6.2692311964385
3.0025000572205	-6.2133177164665
3.0072000026703	-6.1593152957429
3.0118999481201	-6.1071296924764
3.0165998935699	-6.0565956876112
3.0213000774384	-6.0075161153693
3.0260000228882	-5.9596986179252
3.0306999683380	-5.9130011944664
3.0353999137878	-5.8673532379733
3.0401000976562	-5.8227756866493
3.0448000431061	-5.7793666660160
3.0494999885559	-5.7372728798527
3.0541999340057	-5.6966503547766
3.0589001178741	-5.6576276639663
3.0636000633240	-5.6202688483853
3.0683000087738	-5.5845574400227
3.0729999542236	-5.5503923965875
3.0776998996735	-5.5176164602497
3.0824000835419	-5.4860356988924
3.0871000289917	-5.4554794293130
3.0917999744415	-5.4258198749763
3.0964999198914	-5.3970066970104
3.1012001037598	-5.3690705871236
3.1059000492096	-5.3421146703283
3.1105999946594	-5.3162787406916
3.1152999401093	-5.2917129665657
3.1199998855591	-5.2685235662074
3.1247000694275	-5.2467614180234
3.1294000148773	-5.2263944646584
3.1340999603271	-5.2073114167938
3.1387999057770	-5.1893484550664
3.1435000896454	-5.1723289092337
3.1482000350952	-5.1560798017886
3.1528999805450	-5.1404967847107
3.1575999259949	-5.1255396846574
3.1623001098633	-5.1112536766897
3.1670000553131	-5.0977426801060
3.1717000007629	-5.0851477386300
3.1763999462128	-5.0736091686364
3.1810998916626	-5.0632180216512
3.1858000755310	-5.0540094991082
3.1905000209808	-5.0459299154510
3.1951999664307	-5.0388576972176
3.1998999118805	-5.0326213234799
3.2046000957489	-5.0270367962136
3.2093000411987	-5.0219477674263
3.2139999866486	-5.0172512933226
3.2186999320984	-5.0129161626736
3.2234001159668	-5.0089946752106
3.2281000614166	-5.0055919631925
3.2328000068665	-5.0028389163991
3.2374999523163	-5.0008607246300
3.2421998977661	-4.9997222578431
3.2469000816345	-4.9994298296482
3.2516000270844	-4.9999033163568
3.2562999725342	-5.0009882421086
3.2609999179840	-5.0024965298508
3.2657001018524	-5.0042206584681
3.2704000473022	-5.0059928089561
3.2750999927521	-5.0077006584359
3.2797999382019	-5.0093076941764
3.2844998836517	-5.0108517285122
3.2892000675201	-5.0124130114188
3.2939000129700	-5.0140952075913
3.2985999584198	-5.0159748386823
3.3032999038696	-5.0180727160238
3.3080000877380	-5.0203293351776
3.3127000331879	-5.0226010793193
3.3173999786377	-5.0246805136172
3.3220999240875	-5.0263153507360
3.3268001079559	-5.0272575389550
3.3315000534058	-5.0272941549055
3.3361999988556	-5.0262804954510
3.3408999443054	-5.0241400039144
3.3455998897552	-5.0208766460160
3.3503000736237	-5.0165261672960
3.3550000190735	-5.0111336755803
3.3596999645233	-5.0047129241353
3.3643999099731	-4.9972100439892
3.3691000938416	-4.9885012174437
3.3738000392914	-4.9783762322855
3.3784999847412	-4.9665744654927
3.3831999301910	-4.9528245357129
3.3879001140594	-4.9368671334391
3.3926000595093	-4.9185142070219
3.3973000049591	-4.8976662695156
3.4019999504089	-4.8743089909151
3.4066998958588	-4.8485152866702
3.4114000797272	-4.8204076525781
3.4161000251770	-4.7901282142681
3.4207999706268	-4.7577926034874
3.4254999160767	-4.7234765198698
3.4302000999451	-4.6871977235818
3.4349000453949	-4.6489359924016
3.4395999908447	-4.6086548931641
3.4442999362946	-4.5663385234002
3.4489998817444	-4.5220355592953
3.4537000656128	-4.4758847537122
3.4584000110626	-4.4281273811362
3.4630999565125	-4.3791013466051
3.4677999019623	-4.3292115820507
3.4725000858307	-4.2789072162253
3.4772000312805	-4.2286207303425
3.4818999767303	-4.1787457613348
3.4865999221802	-4.1296037976830
3.4913001060486	-4.0814478861386
3.4960000514984	-4.0344610738060
3.5006999969482	-3.9887914218422
3.5053999423981	-3.9445726724479
3.5100998878479	-3.9019638813458
3.5148000717163	-3.8611647203039
3.5195000171661	-3.8224164029799
3.5241999626160	-3.7860026236961
3.5288999080658	-3.7522195824966
3.5336000919342	-3.7213436405628
3.5383000373840	-3.6936018945139
3.5429999828339	-3.6691431824585
3.5476999282837	-3.6480309382432
3.5524001121521	-3.6302363193782
3.5571000576019	-3.6156619184295
3.5618000030518	-3.6041672426870
3.5664999485016	-3.5956066978147
3.5711998939514	-3.5898517777149
3.5759000778198	-3.5868261120965
3.5806000232697	-3.5865011628000
3.5852999687195	-3.5888996331198
3.5899999141693	-3.5940753006047
3.5947000980377	-3.6020793794715
3.5994000434875	-3.6129417563389
3.6040999889374	-3.6266340902996
3.6087999343872	-3.6430713890233
3.6135001182556	-3.6621029250073
3.6182000637054	-3.6835331049830
3.6229000091553	-3.7071458143346
3.6275999546051	-3.7327355673342
3.6322999000549	-3.7601416080516
3.6370000839233	-3.7892600064268
3.6417000293732	-3.8200582038866
3.6463999748230	-3.8525625138393
3.6510999202728	-3.8868392065255
3.6558001041412	-3.9229672281915
3.6605000495911	-3.9610007711972
3.6651999950409	-4.0009487491119
3.6698999404907	-4.0427560838846
3.6745998859406	-4.0863093093668
3.6793000698090	-4.1314471046581
3.6840000152588	-4.1779958786173
3.6886999607086	-4.2257847407439
3.6933999061584	-4.2746967947378
3.6981000900269	-4.3246712035544
3.7028000354767	-4.3757284983791
3.7074999809265	-4.4279432667321
3.7121999263763	-4.4814316111329
3.7169001102448	-4.5363177877722
3.7216000556946	-4.5926943631038
3.7263000011444	-4.6505986012001
3.7309999465942	-4.7099966262248
3.7356998920441	-4.7707803574624
3.7404000759125	-4.8327906531644
3.7451000213623	-4.8958413921310
3.7497999668121	-4.9597667483701
3.7544999122620	-5.0244378253903
3.7592000961304	-5.0897996172264
3.7639000415802	-5.1558756906250
3.7685999870300	-5.2227483903546
3.7732999324799	-5.2905443709030
3.7780001163483	-5.3593788856246
3.7827000617981	-5.4293330689821
3.7874000072479	-5.5004131785024
3.7920999526978	-5.5725360010771
3.7967998981476	-5.6455323781998
3.8015000820160	-5.7191696726818
3.8062000274658	-5.7931856545097
3.8108999729156	-5.8673347526228
3.8155999183655	-5.9414244356742
3.8203001022339	-6.0153445970829
3.8250000476837	-6.0890676536984
3.8296999931335	-6.1626367516452
3.8343999385834	-6.2361316876922
3.8390998840332	-6.3096143926544
3.8438000679016	-6.3830936017257
3.8485000133514	-6.4564862311461
3.8531999588013	-6.5296006732432
3.8578999042511	-6.6021460498139
3.8626000881195	-6.6737710625029
3.8673000335693	-6.7441026496279
3.8719999790192	-6.8128091183440
3.8766999244690	-6.8796431481917
3.8814001083374	-6.9444638394877
3.8861000537872	-7.0072444000598
3.8907999992371	-7.0680416007675
3.8954999446869	-7.1269508592513
3.9001998901367	-7.1840491592678
3.9049000740051	-7.2393497426899
3.9096000194550	-7.2927578166992
3.9142999649048	-7.3440748722626
3.9189999103546	-7.3930207365736
3.9237000942230	-7.4392747634209
3.9284000396729	-7.4825503383136
3.9330999851227	-7.5226473926050
3.9377999305725	-7.5595000848322
3.9425001144409	-7.5931905080962
3.9472000598907	-7.6239357405816
3.9519000053406	-7.6520418080460
3.9565999507904	-7.6778331024185
3.9612998962402	-7.7015957349609
3.9660000801086	-7.7235183122060
3.9707000255585	-7.7436673206281
3.9753999710083	-7.7620000503342
3.9800999164581	-7.7784000000899
3.9848001003265	-7.7927377974566
3.9895000457764	-7.8049395918251
3.9941999912262	-7.8150451210863
3.9988999366760	-7.8232328067677
4.0036001205444	-7.8298248710272
4.0082998275757	-7.8352457163654
4.0130000114441	-7.8399616288451
4.0177001953125	-7.8444088874127
4.0223999023438	-7.8489287363299
4.0271000862122	-7.8537214412336
4.0317997932434	-7.8588448498728
4.0364999771118	-7.8642323883759
4.0412001609802	-7.8697420821537
4.0458998680115	-7.8752355892212
4.0506000518799	-7.8806382685891
4.0553002357483	-7.8859950550446
4.0599999427795	-7.8914857392529
4.0647001266479	-7.8974188306583
4.0693998336792	-7.9041785863536
4.0741000175476	-7.9121601098199
4.0788002014160	-7.9217057527446
4.0834999084473	-7.9330284770335
4.0882000923157	-7.9461976370222
4.0928997993469	-7.9611300028439
4.0975999832153	-7.9776242986252
4.1023001670837	-7.9954226178387
4.1069998741150	-8.0142885624449
4.1117000579834	-8.0340673312674
4.1163997650146	-8.0547370624077
4.1210999488831	-8.0764231646641
4.1258001327515	-8.0993740060568
4.1304998397827	-8.1239115187239
4.1352000236511	-8.1503558423292
4.1399002075195	-8.1789536746077
4.1445999145508	-8.2098249588098
4.1493000984192	-8.2429251007833
4.1539998054504	-8.2780627797602
4.1586999893188	-8.3149335881960
4.1634001731873	-8.3532000921019
4.1680998802185	-8.3925514827545
4.1728000640869	-8.4327963109150
4.1774997711182	-8.4738872636794
4.1821999549866	-8.5159418764706
4.1869001388550	-8.5592097848023
4.1915998458862	-8.6040038244301
4.1963000297546	-8.6506240098259
4.2010002136230	-8.6992786717343
4.2056999206543	-8.7500273931841
4.2104001045227	-8.8027484496769
4.2150998115540	-8.8571665035496
4.2197999954224	-8.9128977145655
4.2245001792908	-8.9695409007885
4.2291998863220	-9.0267596526979
4.2339000701904	-9.0843678398889
4.2385997772217	-9.1423708313057
4.2432999610901	-9.2009668380039
4.2480001449585	-9.2605098683067
4.2526998519897	-9.3214289187033
4.2574000358582	-9.3841342155079
4.2621002197266	-9.4489334332120
4.2667999267578	-9.5159643671431
4.2715001106262	-9.5851910964836
4.2761998176575	-9.6564189114691
4.2809000015259	-9.7293793766250
4.2856001853943	-9.8038239142901
4.2902998924255	-9.8796346619045
4.2950000762939	-9.9568980605032
4.2996997833252	-10.035953044361
4.3043999671936	-10.117371582313
4.3091001510620	-10.201893429244
4.3137998580933	-10.290314336987
4.3185000419617	-10.383363660579
4.3232002258301	-10.481589767390
4.3278999328613	-10.585281736783
4.3326001167297	-10.694428912258
4.3372998237610	-10.808764206628
4.3420000076294	-10.927833887259
4.3467001914978	-11.051113738869
4.3513998985291	-11.178137034211
4.3561000823975	-11.308591848549
4.3607997894287	-11.442385539085
4.3654999732971	-11.579631864352
4.3702001571655	-11.720592292046
4.3748998641968	-11.865552659101
4.3796000480652	-12.014691640335
4.3843002319336	-12.167950884355
4.3889999389648	-12.324955209741
4.3937001228333	-12.485005812937
4.3983998298645	-12.647145499382
4.4031000137329	-12.810297878925
4.4078001976013	-12.973454725739
4.4124999046326	-13.135856356439
4.4172000885010	-13.297127095414
4.4218997955322	-13.457337499157
4.4265999794006	-13.616944182898
4.4313001632690	-13.776637545341
4.4359998703003	-13.937119634405
4.4407000541687	-14.098878586183
4.4454002380371	-14.261988185154
4.4500999450684	-14.426016410879
4.4548001289368	-14.590055833264
4.4594998359680	-14.752867723275
4.4642000198364	-14.913132256147
4.4689002037048	-15.069735942172
4.4735999107361	-15.222033169395
4.4783000946045	-15.369966587516
4.4829998016357	-15.514068488684
4.4876999855042	-15.655273300219
4.4924001693726	-15.794617362327
4.4970998764038	-15.932885869711
4.5018000602722	-16.070312091086
4.5064997673035	-16.206380887171
4.5111999511719	-16.339849312232
4.5159001350403	-16.468913496652
4.5205998420715	-16.591586080192
4.5253000259399	-16.706117928957
4.5300002098083	-16.811378778429
4.5346999168396	-16.907112010637
4.5394001007080	-16.993941811611
4.5440998077393	-17.073116028179
4.5487999916077	-17.146080491660
4.5535001754761	-17.214000916509
4.5581998825073	-17.277331506603
4.5629000663757	-17.335570603246
4.5675997734070	-17.387318692512
4.5722999572754	-17.430533082994
4.5770001411438	-17.463036752532
4.5816998481750	-17.483099821580
4.5864000320435	-17.489894667863
4.5911002159119	-17.483752405715
4.5957999229431	-17.466098161794
4.6005001068115	-17.439075809440
4.6051998138428	-17.404995174285
4.6098999977112	-17.365736403592
4.6146001815796	-17.322319863934
4.6192998886108	-17.274686195497
4.6240000724792	-17.221824224226
4.6286997795105	-17.162108017979
4.6333999633789	-17.093858603547
4.6381001472473	-17.015906909434
4.6427998542786	-16.928019915716
4.6475000381470	-16.831088248091
4.6522002220154	-16.726984122466
4.6568999290466	-16.618142755182
4.6616001129150	-16.507054123125
4.6662998199463	-16.395695951777
4.6710000038147	-16.285163362990
4.6757001876831	-16.175513810764
4.6803998947144	-16.065883169174
4.6851000785828	-15.954809627790
4.6897997856140	-15.840717098243
4.6944999694824	-15.722425247985
4.6992001533508	-15.599526213082
4.7038998603821	-15.472553856978
4.7086000442505	-15.342926881776
4.7133002281189	-15.212616558997
4.7179999351501	-15.083709237102
4.7227001190186	-14.957943538195
4.7273998260498	-14.836359813638
4.7321000099182	-14.719102801067
4.7368001937866	-14.605469656800
4.7414999008179	-14.494137573890
4.7462000846863	-14.383550971665
4.7508997917175	-14.272333841963
4.7555999755859	-14.159690113337
4.7603001594543	-14.045617397559
4.7649998664856	-13.930948858509
4.7697000503540	-13.817143717559
4.7744002342224	-13.705961645944
4.7790999412537	-13.599060421758
4.7838001251221	-13.497615062721
4.7884998321533	-13.402088780683
4.7932000160217	-13.312146327386
4.7979001998901	-13.226775523452
4.8025999069214	-13.144556179098
4.8073000907898	-13.064024632018
4.8119997978210	-12.984049368878
4.8166999816895	-12.904125392852
4.8214001655579	-12.824513304487
4.8260998725891	-12.746185855620
4.8308000564575	-12.670607358789
4.8354997634888	-12.599384582620
4.8401999473572	-12.533892358401
4.8449001312256	-12.474971714485
4.8495998382568	-12.422744964381
4.8543000221252	-12.376599121763
4.8590002059937	-12.335338570075
4.8636999130249	-12.297488515854
4.8684000968933	-12.261642351883
4.8730998039246	-12.226828963094
4.8777999877930	-12.192744349415
4.8825001716614	-12.159854843419
4.8871998786926	-12.129288612472
4.8919000625610	-12.102560092631
4.8965997695923	-12.081209272726
4.9012999534607	-12.066422879003
4.9060001373291	-12.058740021901
4.9106998443604	-12.057883849049
4.9154000282288	-12.062784565095
4.9201002120972	-12.071765281974
4.9247999191284	-12.082867399622
4.9295001029968	-12.094235861793
4.9341998100281	-12.104474671083
4.9388999938965	-12.112860053869
4.9436001777649	-12.119379006140
4.9482998847961	-12.124530283067
4.9530000686646	-12.128967510285
4.9576997756958	-12.133041397657
4.9623999595642	-12.136380118291
4.9671001434326	-12.137599269077
4.9717998504639	-12.134252630413
4.9765000343323	-12.123029384204
4.9812002182007	-12.100231389128
4.9858999252319	-12.062384779230
4.9906001091003	-12.006907592962
4.9952998161316	-11.932610297364
5.0000000000000	-11.839891620592
#Parameters = {R_fat=48; R_glandular=38; R_skin_outer=50; T10=5; T15=7.5; T5=2.5; T_rad=4; T_x=10; T_y=0; T_z=75; Zc=65; skin_thickness=2; Mesh Pass=1}
#"Frequency / GHz"	"S1,1 (Mesh Pass=1) [Magnitude / dB]"
#-------------------------------------------------------
0.30000001192093	-6.8039912642628
0.30469998717308	-6.6646886289282
0.30939999222755	-6.5184841112740
0.31409999728203	-6.3665127423730
0.31880000233650	-6.2105091070335
0.32350000739098	-6.0525257799416
0.32820001244545	-5.8946074821796
0.33289998769760	-5.7384793960231
0.33759999275208	-5.5853086546032
0.34229999780655	-5.4355740831360
0.34700000286102	-5.2890639004031
0.35170000791550	-5.1449931632240
0.35640001296997	-5.0022271565093
0.36109998822212	-4.8595730953872
0.36579999327660	-4.7160805897228
0.37049999833107	-4.5712914022909
0.37520000338554	-4.4253883144406
0.37990000844002	-4.2792032613711
0.38460001349449	-4.1340770135956
0.38929998874664	-3.9916234573655
0.39399999380112	-3.8534189625828
0.39869999885559	-3.7207071966605
0.40340000391006	-3.5941689784023
0.40810000896454	-3.4737830863904
0.41280001401901	-3.3588475152553
0.41749998927116	-3.2481182976019
0.42219999432564	-3.1400778429794
0.42689999938011	-3.0332717559888
0.43160000443459	-2.9266466520580
0.43630000948906	-2.8198056657327
0.44100001454353	-2.7131139439591
0.44569998979568	-2.6076327158988
0.45039999485016	-2.5048841212740
0.45509999990463	-2.4065020665310
0.45980000495911	-2.3138589406373
0.46450001001358	-2.2277266504308
0.46919998526573	-2.1480801667219
0.47389999032021	-2.0740496535135
0.47859999537468	-2.0040881209278
0.48330000042915	-1.9362923395765
0.48800000548363	-1.8688409985782
0.49270001053810	-1.8004284632853
0.49739998579025	-1.7305927879396
0.50209999084473	-1.6598443255310
0.50679999589920	-1.5895494710528
0.51150000095367	-1.5215943658738
0.51620000600815	-1.4579222926526
0.52090001106262	-1.4000317200147
0.52560001611710	-1.3485853619814
0.53030002117157	-1.3031891545691
0.53500002622604	-1.2624307978709
0.53969997167587	-1.2241744580666
0.54439997673035	-1.1860541158516
0.54909998178482	-1.1460642466385
0.55379998683929	-1.1030803734590
0.55849999189377	-1.0571767846291
0.56319999694824	-1.0096244750054
0.56790000200272	-0.96258694653980
0.57260000705719	-0.91856544246047
0.57730001211166	-0.87975054014608
0.58200001716614	-0.84741859984200
0.58670002222061	-0.82157298293331
0.59140002727509	-0.80084676115263
0.59609997272491	-0.78280104094899
0.60079997777939	-0.76448628219713
0.60549998283386	-0.74321405716404
0.61019998788834	-0.71729518052571
0.61489999294281	-0.68652318674960
0.61959999799728	-0.65230024355816
0.62430000305176	-0.61730406038864
0.62900000810623	-0.58478349318283
0.63370001316071	-0.55770888171785
0.63840001821518	-0.53793620835620
0.64310002326965	-0.52564872004526
0.64780002832413	-0.51917796717222
0.65249997377396	-0.51534268653435
0.65719997882843	-0.51020703779663
0.66189998388290	-0.50013720538728
0.66659998893738	-0.48286789723595
0.67129999399185	-0.45825118919995
0.67599999904633	-0.42844206081334
0.68070000410080	-0.39743209120208
0.68540000915527	-0.37002535791652
0.69010001420975	-0.35052824931983
0.69480001926422	-0.34148637277311
0.69950002431870	-0.34277749075116
0.70420002937317	-0.35133409105333
0.70889997482300	-0.36165022584384
0.71359997987747	-0.36709413810526
0.71829998493195	-0.36181587711637
0.72299998998642	-0.34276703639827
0.72769999504089	-0.31124978050837
0.73240000009537	-0.27344774434126
0.73710000514984	-0.23970990869821
0.74180001020432	-0.22275125862112
0.74650001525879	-0.23520103682018
0.75120002031326	-0.28697029651537
0.75590002536774	-0.38282137663843
0.76059997081757	-0.52041654263973
0.76529997587204	-0.68916908097847
0.76999998092651	-0.87027810558824
0.77469998598099	-1.0385698249174
0.77939999103546	-1.1666097155262
0.78409999608994	-1.2308876600703
0.78880000114441	-1.2184106429599
0.79350000619888	-1.1309435506095
0.79820001125336	-0.98471477801465
0.80290001630783	-0.80575643455255
0.80760002136230	-0.62328701356775
0.81230002641678	-0.46365124450634
0.81699997186661	-0.34611917875726
0.82169997692108	-0.28059143626269
0.82639998197556	-0.26684782451766
0.83109998703003	-0.29510082038526
0.83579999208450	-0.34788097856069
0.84049999713898	-0.40344894830039
0.84520000219345	-0.44060420461614
0.84990000724792	-0.44409933740651
0.85460001230240	-0.40906998726083
0.85930001735687	-0.34278235396686
0.86400002241135	-0.26291015710442
0.86870002746582	-0.19318501917078
0.87339997291565	-0.15806512677431
0.87809997797012	-0.17788835203785
0.88279998302460	-0.26524118305140
0.88749998807907	-0.42249579405305
0.89219999313354	-0.64041943458028
0.89689999818802	-0.89771368422736
0.90160000324249	-1.1620226631416
0.90630000829697	-1.3934183745112
0.91100001335144	-1.5515178278075
0.91570001840591	-1.6057525130083
0.92040002346039	-1.5451152342023
0.92510002851486	-1.3819375882898
0.92979997396469	-1.1471615908552
0.93449997901917	-0.88017327367310
0.93919998407364	-0.61877326081193
0.94389998912811	-0.39262500976791
0.94859999418259	-0.22048533485212
0.95329999923706	-0.10996480772215
0.95800000429153	-0.058678019939626
0.96270000934601	-0.056231668135163
0.96740001440048	-0.086798103808079
0.97210001945496	-0.13218729999090
0.97680002450943	-0.17521338731012
0.98150002956390	-0.20282658304280
0.98619997501373	-0.20832225015955
0.99089998006821	-0.19194941308028
0.99559998512268	-0.15976811380605
1.0003000497818	-0.12117590782751
1.0049999952316	-0.085998939261052
1.0096999406815	-0.061976109075760
1.0144000053406	-0.053162709383104
1.0190999507904	-0.059437644583926
1.0238000154495	-0.077010484223130
1.0284999608994	-0.099700905336492
1.0332000255585	-0.12064395757076
1.0378999710083	-0.13407851958488
1.0426000356674	-0.13671959426320
1.0472999811172	-0.12841829199749
1.0520000457764	-0.11195057423393
1.0566999912262	-0.091997842875673
1.0614000558853	-0.073776648059455
1.0661000013351	-0.061623959313788
1.0707999467850	-0.057979146480216
1.0755000114441	-0.062928375866818
1.0801999568939	-0.074367402201383
1.0849000215530	-0.088674791771246
1.0895999670029	-0.10172858828687
1.0943000316620	-0.11000142720506
1.0989999771118	-0.11144187670935
1.1037000417709	-0.10593543020545
1.1083999872208	-0.095219846917709
1.1131000518799	-0.082301599710489
1.1177999973297	-0.070594117012914
1.1224999427795	-0.062990271105858
1.1272000074387	-0.061154717634718
1.1318999528885	-0.065177026718744
1.1366000175476	-0.073634888038434
1.1412999629974	-0.084035412536892
1.1460000276566	-0.093506351810250
1.1506999731064	-0.099554036872350
1.1554000377655	-0.10069589355265
1.1600999832153	-0.096817640055055
1.1648000478745	-0.089129878138201
1.1694999933243	-0.079805549559764
1.1742000579834	-0.071370529246453
1.1789000034332	-0.066041353935749
1.1835999488831	-0.065189361449644
1.1883000135422	-0.069051118880415
1.1929999589920	-0.076733196258277
1.1977000236511	-0.086486382722523
1.2023999691010	-0.096186524561596
1.2071000337601	-0.10386469423417
1.2117999792099	-0.10818149475113
1.2165000438690	-0.10870756547821
1.2211999893188	-0.10594553817783
1.2259000539780	-0.10111779781036
1.2305999994278	-0.095771414718513
1.2352999448776	-0.091343820419498
1.2400000095367	-0.088780785866221
1.2446999549866	-0.088346887167269
1.2494000196457	-0.089606978107123
1.2540999650955	-0.091618371688547
1.2588000297546	-0.093255377970923
1.2634999752045	-0.093542924717137
1.2682000398636	-0.091969738018154
1.2728999853134	-0.088614626737205
1.2776000499725	-0.084131106971752
1.2822999954224	-0.079538897328853
1.2869999408722	-0.075943659801545
1.2917000055313	-0.074212348079402
1.2963999509811	-0.074735041633265
1.3011000156403	-0.077333770359721
1.3057999610901	-0.081289327335987
1.3105000257492	-0.085564795534645
1.3151999711990	-0.089057357379227
1.3199000358582	-0.090908001293141
1.3245999813080	-0.090714873355986
1.3293000459671	-0.088639817065160
1.3339999914169	-0.085334550667112
1.3387000560760	-0.081767551611219
1.3434000015259	-0.078951731055344
1.3480999469757	-0.077671588836089
1.3528000116348	-0.078291098439144
1.3574999570847	-0.080660043623942
1.3622000217438	-0.084173981739180
1.3668999671936	-0.087946474191382
1.3716000318527	-0.091050064537329
1.3762999773026	-0.092760631306653
1.3810000419617	-0.092751994496834
1.3856999874115	-0.091164072755783
1.3904000520706	-0.088556768430998
1.3950999975204	-0.085746723803368
1.3997999429703	-0.083582270821853
1.4045000076294	-0.082724080737704
1.4091999530792	-0.083460243078888
1.4139000177383	-0.085658354600949
1.4185999631882	-0.088801429731225
1.4233000278473	-0.092140249523762
1.4279999732971	-0.094900405096289
1.4327000379562	-0.096483844732290
1.4373999834061	-0.096624494470106
1.4421000480652	-0.095458464382755
1.4467999935150	-0.093462384775857
1.4515000581741	-0.091332366914434
1.4562000036240	-0.089779601269311
1.4608999490738	-0.089353745108889
1.4656000137329	-0.090284524708290
1.4702999591827	-0.092445694640163
1.4750000238419	-0.095392988558641
1.4796999692917	-0.098494577637995
1.4844000339508	-0.10109735395890
1.4890999794006	-0.10270408362710
1.4938000440598	-0.10310602702142
1.4984999895096	-0.10243079663723
1.5032000541687	-0.10109778314864
1.5078999996185	-0.099696369784782
1.5125999450684	-0.098832616248999
1.5173000097275	-0.098961821357130
1.5219999551773	-0.10026942143266
1.5267000198364	-0.10264018783832
1.5313999652863	-0.10568842672886
1.5361000299454	-0.10886761197117
1.5407999753952	-0.11162935592017
1.5455000400543	-0.11356006259586
1.5501999855042	-0.11449699707546
1.5549000501633	-0.11455575918745
1.5595999956131	-0.11410912181969
1.5642999410629	-0.11366901793008
1.5690000057220	-0.11375056200355
1.5736999511719	-0.11473897998210
1.5784000158310	-0.11678891936309
1.5830999612808	-0.11979284389348
1.5878000259399	-0.12341513617606
1.5924999713898	-0.12718626776333
1.5972000360489	-0.13063736569965
1.6018999814987	-0.13342520707244
1.6066000461578	-0.13541515676445
1.6112999916077	-0.13672287869245
1.6160000562668	-0.13767646453774
1.6207000017166	-0.13871847323147
1.6253999471664	-0.14029523697444
1.6301000118256	-0.14273503014080
1.6347999572754	-0.14616696388957
1.6395000219345	-0.15049238644024
1.6441999673843	-0.15541383489382
1.6489000320435	-0.16052829786027
1.6535999774933	-0.16543300997055
1.6583000421524	-0.16983065938408
1.6629999876022	-0.17361460196776
1.6677000522614	-0.17688854120266
1.6723999977112	-0.17994083346024
1.6770999431610	-0.18315797523744
1.6818000078201	-0.18691732301495
1.6864999532700	-0.19149977437129
1.6912000179291	-0.19700350998442
1.6958999633789	-0.20333150286982
1.7006000280380	-0.21021367346895
1.7052999734879	-0.21728450082957
1.7100000381470	-0.22418551404656
1.7146999835968	-0.23065157840200
1.7194000482559	-0.23657595368165
1.7240999937057	-0.24204491580130
1.7288000583649	-0.24729719038436
1.7335000038147	-0.25265261783902
1.7381999492645	-0.25842988315859
1.7429000139236	-0.26484971848258
1.7475999593735	-0.27197379754422
1.7523000240326	-0.27968989962739
1.7569999694824	-0.28773793068704
1.7617000341415	-0.29577212486772
1.7663999795914	-0.30345267328836
1.7711000442505	-0.31052661192556
1.7757999897003	-0.31688880758673
1.7805000543594	-0.32259679071864
1.7851999998093	-0.32784719232346
1.7898999452591	-0.33291664615433
1.7946000099182	-0.33807079210822
1.7992999553680	-0.34349973097064
1.8040000200272	-0.34924493983999
1.8086999654770	-0.35520762887566
1.8134000301361	-0.36115081041629
1.8180999755859	-0.36677604752107
1.8228000402451	-0.37178764251494
1.8274999856949	-0.37598047159965
1.8322000503540	-0.37927877898233
1.8368999958038	-0.38175667998680
1.8415999412537	-0.38361447097224
1.8463000059128	-0.38512292088991
1.8509999513626	-0.38654247025451
1.8557000160217	-0.38806534834772
1.8603999614716	-0.38975822674022
1.8651000261307	-0.39155060036547
1.8697999715805	-0.39326408730485
1.8745000362396	-0.39465695682495
1.8791999816895	-0.39549745863214
1.8839000463486	-0.39562948640780
1.8885999917984	-0.39501445826574
1.8933000564575	-0.39374451880729
1.8980000019073	-0.39201941427360
1.9026999473572	-0.39009606777011
1.9074000120163	-0.38822140944836
1.9120999574661	-0.38657615736328
1.9168000221252	-0.38522478559284
1.9214999675751	-0.38411333664558
1.9262000322342	-0.38308597951678
1.9308999776840	-0.38193362280417
1.9356000423431	-0.38045146057825
1.9402999877930	-0.37850459083890
1.9450000524521	-0.37605651740285
1.9496999979019	-0.37318803903921
1.9543999433517	-0.37007111893537
1.9591000080109	-0.36693040526124
1.9637999534607	-0.36397858263163
1.9685000181198	-0.36137297131785
1.9731999635696	-0.35916941551244
1.9779000282288	-0.35731377631299
1.9825999736786	-0.35566436540096
1.9873000383377	-0.35403195640331
1.9919999837875	-0.35222717025229
1.9967000484467	-0.35012329226724
2.0013999938965	-0.34767806990082
2.0060999393463	-0.34495359807752
2.0107998847961	-0.34209129264885
2.0155000686646	-0.33928567441772
2.0202000141144	-0.33672138838658
2.0248999595642	-0.33453657996151
2.0295999050140	-0.33278015640711
2.0343000888824	-0.33140990584357
2.0390000343323	-0.33030027103090
2.0436999797821	-0.32928366760569
2.0483999252319	-0.32818822366012
2.0531001091003	-0.32689109114240
2.0578000545502	-0.32534620193545
2.0625000000000	-0.32359565755303
2.0671999454498	-0.32176065755227
2.0718998908997	-0.32000670981372
2.0766000747681	-0.31850408750871
2.0813000202179	-0.31738069889176
2.0859999656677	-0.31669469879311
2.0906999111176	-0.31642081552866
2.0954000949860	-0.31645874523065
2.1001000404358	-0.31665995162874
2.1047999858856	-0.31687149912958
2.1094999313354	-0.31697062855262
2.1142001152039	-0.31690031665803
2.1189000606537	-0.31668191142590
2.1236000061035	-0.31641197243643
2.1282999515533	-0.31623486654799
2.1329998970032	-0.31630997849071
2.1377000808716	-0.31677410595787
2.1424000263214	-0.31770459272893
2.1470999717712	-0.31910933675155
2.1517999172211	-0.32092022836669
2.1565001010895	-0.32302007510650
2.1612000465393	-0.32526800953895
2.1658999919891	-0.32753744397492
2.1705999374390	-0.32975017782807
2.1752998828888	-0.33190030411219
2.1800000667572	-0.33405174133699
2.1847000122070	-0.33633398594644
2.1893999576569	-0.33890600737136
2.1940999031067	-0.34193390798372
2.1988000869751	-0.34554185244625
2.2035000324249	-0.34979816915226
2.2081999778748	-0.35469148815318
2.2128999233246	-0.36014257661660
2.2176001071930	-0.36602080124705
2.2223000526428	-0.37218040063518
2.2269999980927	-0.37849621022600
2.2316999435425	-0.38490451079502
2.2363998889923	-0.39142415985725
2.2411000728607	-0.39816886761941
2.2458000183105	-0.40534234141567
2.2504999637604	-0.41319612583614
2.2551999092102	-0.42199112181883
2.2599000930786	-0.43192763514025
2.2646000385284	-0.44309623423017
2.2692999839783	-0.45541974205569
2.2739999294281	-0.46862295266953
2.2787001132965	-0.48222988957445
2.2834000587463	-0.49559505072398
2.2881000041962	-0.50796368802284
2.2927999496460	-0.51856124301111
2.2974998950958	-0.52670838930836
2.3022000789642	-0.53192950161461
2.3069000244141	-0.53404706654721
2.3115999698639	-0.53324111412576
2.3162999153137	-0.53005583467090
2.3210000991821	-0.52535526708500
2.3257000446320	-0.52022250379876
2.3303999900818	-0.51582590086026
2.3350999355316	-0.51326875424172
2.3397998809814	-0.51346078316843
2.3445000648499	-0.51699690118620
2.3492000102997	-0.52411467742349
2.3538999557495	-0.53467552585214
2.3585999011993	-0.54822240142519
2.3633000850677	-0.56406805375869
2.3680000305176	-0.58141087509920
2.3726999759674	-0.59946619238930
2.3773999214172	-0.61757352798569
2.3821001052856	-0.63527807234246
2.3868000507355	-0.65236080938534
2.3914999961853	-0.66882414429249
2.3961999416351	-0.68482758624131
2.4008998870850	-0.70060218005512
2.4056000709534	-0.71636517586955
2.4103000164032	-0.73223346945968
2.4149999618530	-0.74818620979375
2.4196999073029	-0.76405994224423
2.4244000911713	-0.77956970384420
2.4291000366211	-0.79438734153390
2.4337999820709	-0.80819554420933
2.4384999275208	-0.82076064029430
2.4432001113892	-0.83198047641025
2.4479000568390	-0.84188435266004
2.4526000022888	-0.85061653815436
2.4572999477386	-0.85838580882854
2.4619998931885	-0.86540529579762
2.4667000770569	-0.87183048040357
2.4714000225067	-0.87772337647157
2.4760999679565	-0.88304158254660
2.4807999134064	-0.88765280118422
2.4855000972748	-0.89138069998868
2.4902000427246	-0.89406220410529
2.4948999881744	-0.89559214430243
2.4995999336243	-0.89596534167892
2.5043001174927	-0.89528344670501
2.5090000629425	-0.89373700574207
2.5137000083923	-0.89156529464937
2.5183999538422	-0.88900735161280
2.5230998992920	-0.88624607152544
2.5278000831604	-0.88338362104306
2.5325000286102	-0.88042192438998
2.5371999740601	-0.87728019233423
2.5418999195099	-0.87383787431996
2.5466001033783	-0.86996871068718
2.5513000488281	-0.86559573467359
2.5559999942780	-0.86071615901746
2.5606999397278	-0.85541730497153
2.5653998851776	-0.84985476721754
2.5701000690460	-0.84422378230741
2.5748000144958	-0.83871343703777
2.5794999599457	-0.83346669862086
2.5841999053955	-0.82854684815563
2.5889000892639	-0.82393456352473
2.5936000347137	-0.81953713161713
2.5982999801636	-0.81521819532196
2.6029999256134	-0.81085041587937
2.6077001094818	-0.80633868041756
2.6124000549316	-0.80166120500020
2.6171000003815	-0.79687064739390
2.6217999458313	-0.79208640600232
2.6264998912811	-0.78746093923270
2.6312000751495	-0.78314210048780
2.6359000205994	-0.77923606952542
2.6405999660492	-0.77578618689639
2.6452999114990	-0.77275260879173
2.6500000953674	-0.77003891277553
2.6547000408173	-0.76751015697123
2.6593999862671	-0.76503566389530
2.6640999317169	-0.76252056901540
2.6688001155853	-0.75993539736537
2.6735000610352	-0.75732004681409
2.6782000064850	-0.75477280807778
2.6828999519348	-0.75242695492434
2.6875998973846	-0.75040716563840
2.6923000812531	-0.74880619938106
2.6970000267029	-0.74765275000791
2.7016999721527	-0.74690536346353
2.7063999176025	-0.74647000265429
2.7111001014709	-0.74621834785369
2.7158000469208	-0.74602490321608
2.7204999923706	-0.74580218875125
2.7251999378204	-0.74551941750984
2.7298998832703	-0.74521341115931
2.7346000671387	-0.74497363377447
2.7393000125885	-0.74492165028223
2.7439999580383	-0.74517487392701
2.7486999034882	-0.74581342440673
2.7534000873566	-0.74686492291391
2.7581000328064	-0.74828894733883
2.7627999782562	-0.74999377184256
2.7674999237061	-0.75185836421516
2.7722001075745	-0.75376750670789
2.7769000530243	-0.75563699052243
2.7815999984741	-0.75744031683072
2.7862999439240	-0.75921168911429
2.7909998893738	-0.76103895750617
2.7957000732422	-0.76303634600075
2.8004000186920	-0.76531481543578
2.8050999641418	-0.76795399850243
2.8097999095917	-0.77097729938695
2.8145000934601	-0.77434732744086
2.8192000389099	-0.77798231481447
2.8238999843597	-0.78176665332296
2.8285999298096	-0.78559066563971
2.8333001136780	-0.78937985937547
2.8380000591278	-0.79311039229743
2.8427000045776	-0.79681570658090
2.8473999500275	-0.80058369671832
2.8520998954773	-0.80452285214732
2.8568000793457	-0.80874000587271
2.8615000247955	-0.81331276909423
2.8661999702454	-0.81826197438309
2.8708999156952	-0.82355601313945
2.8756000995636	-0.82911199085701
2.8803000450134	-0.83482521433428
2.8849999904633	-0.84059246984046
2.8896999359131	-0.84634147758804
2.8943998813629	-0.85205445801250
2.8991000652313	-0.85776611340851
2.9038000106812	-0.86356194974748
2.9084999561310	-0.86954791074713
2.9131999015808	-0.87582831971569
2.9179000854492	-0.88247635345388
2.9226000308990	-0.88951412061000
2.9272999763489	-0.89690729804253
2.9319999217987	-0.90457785477082
2.9367001056671	-0.91242138013147
2.9414000511169	-0.92033946588728
2.9460999965668	-0.92826425215034
2.9507999420166	-0.93617553296652
2.9554998874664	-0.94411055481581
2.9602000713348	-0.95215002213827
2.9649000167847	-0.96039839062231
2.9695999622345	-0.96895301555934
2.9742999076843	-0.97788448892792
2.9790000915527	-0.98720865400390
2.9837000370026	-0.99688997126946
2.9883999824524	-1.0068478051930
2.9930999279022	-1.0169775377666
2.9978001117706	-1.0271771912121
3.0025000572205	-1.0373776605673
3.0072000026703	-1.0475542509266
3.0118999481201	-1.0577423549931
3.0165998935699	-1.0680154579904
3.0213000774384	-1.0784695786818
3.0260000228882	-1.0891960966762
3.0306999683380	-1.1002547365310
3.0353999137878	-1.1116543883446
3.0401000976562	-1.1233488220761
3.0448000431061	-1.1352489505359
3.0494999885559	-1.1472408627918
3.0541999340057	-1.1592172347941
3.0589001178741	-1.1710980925170
3.0636000633240	-1.1828545538121
3.0683000087738	-1.1945108181850
3.0729999542236	-1.2061308902891
3.0776998996735	-1.2178013454667
3.0824000835419	-1.2296014438810
3.0871000289917	-1.2415773538466
3.0917999744415	-1.2537245218097
3.0964999198914	-1.2659831805374
3.1012001037598	-1.2782520236059
3.1059000492096	-1.2904038155445
3.1105999946594	-1.3023216252461
3.1152999401093	-1.3139173461559
3.1199998855591	-1.3251542708387
3.1247000694275	-1.3360496545175
3.1294000148773	-1.3466612216885
3.1340999603271	-1.3570690920648
3.1387999057770	-1.3673442437573
3.1435000896454	-1.3775272961593
3.1482000350952	-1.3876031461618
3.1528999805450	-1.3975092407569
3.1575999259949	-1.4071352765019
3.1623001098633	-1.4163570357663
3.1670000553131	-1.4250579830007
3.1717000007629	-1.4331567710748
3.1763999462128	-1.4406261960131
3.1810998916626	-1.4474932299301
3.1858000755310	-1.4538323211584
3.1905000209808	-1.4597356617492
3.1951999664307	-1.4652895739973
3.1998999118805	-1.4705470400565
3.2046000957489	-1.4755118168712
3.2093000411987	-1.4801380837509
3.2139999866486	-1.4843397646845
3.2186999320984	-1.4880159034044
3.2234001159668	-1.4910820614592
3.2281000614166	-1.4934902901174
3.2328000068665	-1.4952515095893
3.2374999523163	-1.4964306774480
3.2421998977661	-1.4971404819886
3.2469000816345	-1.4975094756058
3.2516000270844	-1.4976632299506
3.2562999725342	-1.4976897837959
3.2609999179840	-1.4976324726368
3.2657001018524	-1.4974831370980
3.2704000473022	-1.4971990529132
3.2750999927521	-1.4967259569310
3.2797999382019	-1.4960255408791
3.2844998836517	-1.4951021723543
3.2892000675201	-1.4940129535718
3.2939000129700	-1.4928751955362
3.2985999584198	-1.4918494184793
3.3032999038696	-1.4911115952755
3.3080000877380	-1.4908358312270
3.3127000331879	-1.4911597101306
3.3173999786377	-1.4921805403079
3.3220999240875	-1.4939484833905
3.3268001079559	-1.4964818485591
3.3315000534058	-1.4997920433553
3.3361999988556	-1.5039133309811
3.3408999443054	-1.5089210405933
3.3455998897552	-1.5149531125668
3.3503000736237	-1.5222085058041
3.3550000190735	-1.5309350948943
3.3596999645233	-1.5414085512400
3.3643999099731	-1.5539077419029
3.3691000938416	-1.5686902532319
3.3738000392914	-1.5859788639045
3.3784999847412	-1.6059616388264
3.3831999301910	-1.6288041505076
3.3879001140594	-1.6546674944221
3.3926000595093	-1.6837376677741
3.3973000049591	-1.7162438048052
3.4019999504089	-1.7524743031987
3.4066998958588	-1.7927701460526
3.4114000797272	-1.8375115042998
3.4161000251770	-1.8870853474117
3.4207999706268	-1.9418469950450
3.4254999160767	-2.0020843033212
3.4302000999451	-2.0679716880816
3.4349000453949	-2.1395503723513
3.4395999908447	-2.2167051470130
3.4442999362946	-2.2991557962295
3.4489998817444	-2.3864555101544
3.4537000656128	-2.4779850786512
3.4584000110626	-2.5729505966600
3.4630999565125	-2.6703748814897
3.4677999019623	-2.7690834413738
3.4725000858307	-2.8676916850791
3.4772000312805	-2.9646111548238
3.4818999767303	-3.0580694461802
3.4865999221802	-3.1461653927774
3.4913001060486	-3.2269637270219
3.4960000514984	-3.2986146707361
3.5006999969482	-3.3595042206046
3.5053999423981	-3.4083906685831
3.5100998878479	-3.4445198535446
3.5148000717163	-3.4676787464670
3.5195000171661	-3.4781899028503
3.5241999626160	-3.4768387719325
3.5288999080658	-3.4647542508339
3.5336000919342	-3.4432662840178
3.5383000373840	-3.4137725560446
3.5429999828339	-3.3776432812248
3.5476999282837	-3.3361441134427
3.5524001121521	-3.2904274973630
3.5571000576019	-3.2415282642301
3.5618000030518	-3.1903945123449
3.5664999485016	-3.1379013533773
3.5711998939514	-3.0848654155016
3.5759000778198	-3.0320356821265
3.5806000232697	-2.9800792536380
3.5852999687195	-2.9295463259259
3.5899999141693	-2.8808536737645
3.5947000980377	-2.8342709623999
3.5994000434875	-2.7899258128766
3.6040999889374	-2.7478347962052
3.6087999343872	-2.7079346186558
3.6135001182556	-2.6701363939180
3.6182000637054	-2.6343639363759
3.6229000091553	-2.6005817886007
3.6275999546051	-2.5688158883525
3.6322999000549	-2.5391337107032
3.6370000839233	-2.5116310133697
3.6417000293732	-2.4863913348399
3.6463999748230	-2.4634573803091
3.6510999202728	-2.4428117671148
3.6558001041412	-2.4243659533710
3.6605000495911	-2.4079789464920
3.6651999950409	-2.3934773398742
3.6698999404907	-2.3806980568447
3.6745998859406	-2.3695150801546
3.6793000698090	-2.3598694251532
3.6840000152588	-2.3517714065303
3.6886999607086	-2.3452957281519
3.6933999061584	-2.3405545843611
3.6981000900269	-2.3376611034488
3.7028000354767	-2.3367020590624
3.7074999809265	-2.3377056846279
3.7121999263763	-2.3406405527390
3.7169001102448	-2.3454201253654
3.7216000556946	-2.3519310852978
3.7263000011444	-2.3600615115688
3.7309999465942	-2.3697420973769
3.7356998920441	-2.3809649270796
3.7404000759125	-2.3937955976392
3.7451000213623	-2.4083668274365
3.7497999668121	-2.4248532389577
3.7544999122620	-2.4434311591317
3.7592000961304	-2.4642523378636
3.7639000415802	-2.4874120002081
3.7685999870300	-2.5129352418437
3.7732999324799	-2.5407861092170
3.7780001163483	-2.5708914604042
3.7827000617981	-2.6031693240015
3.7874000072479	-2.6375709864974
3.7920999526978	-2.6741001859357
3.7967998981476	-2.7128289338689
3.8015000820160	-2.7538873440967
3.8062000274658	-2.7974352804508
3.8108999729156	-2.8436272574786
3.8155999183655	-2.8925606361295
3.8203001022339	-2.9442512570712
3.8250000476837	-2.9986057941393
3.8296999931335	-3.0554252755549
3.8343999385834	-3.1144269679087
3.8390998840332	-3.1752727387905
3.8438000679016	-3.2376197511258
3.8485000133514	-3.3011407366048
3.8531999588013	-3.3655499080684
3.8578999042511	-3.4305910465104
3.8626000881195	-3.4960175475888
3.8673000335693	-3.5615465114429
3.8719999790192	-3.6268223179428
3.8766999244690	-3.6913842779858
3.8814001083374	-3.7546524255647
3.8861000537872	-3.8159574613101
3.8907999992371	-3.8745797430587
3.8954999446869	-3.9298183838801
3.9001998901367	-3.9810673944421
3.9049000740051	-4.0278639693568
3.9096000194550	-4.0699300385159
3.9142999649048	-4.1071631671152
3.9189999103546	-4.1396082262311
3.9237000942230	-4.1674002960141
3.9284000396729	-4.1907075786112
3.9330999851227	-4.2096864766735
3.9377999305725	-4.2244625218611
3.9425001144409	-4.2351400118655
3.9472000598907	-4.2418410862374
3.9519000053406	-4.2447482422625
3.9565999507904	-4.2441531675288
3.9612998962402	-4.2404817868969
3.9660000801086	-4.2342840862174
3.9707000255585	-4.2262071901172
3.9753999710083	-4.2169285811810
3.9800999164581	-4.2070964345901
3.9848001003265	-4.1972693827623
3.9895000457764	-4.1878823622008
3.9941999912262	-4.1792371220235
3.9988999366760	-4.1715323579244
4.0036001205444	-4.1649118723999
4.0082998275757	-4.1595219327822
4.0130000114441	-4.1555687543823
4.0177001953125	-4.1533502441711
4.0223999023438	-4.1532612578679
4.0271000862122	-4.1557750424366
4.0317997932434	-4.1613980233809
4.0364999771118	-4.1706215053432
4.0412001609802	-4.1838688320532
4.0458998680115	-4.2014742278688
4.0506000518799	-4.2236776514601
4.0553002357483	-4.2506598867709
4.0599999427795	-4.2825814752128
4.0647001266479	-4.3196534353099
4.0693998336792	-4.3621942020929
4.0741000175476	-4.4106662865186
4.0788002014160	-4.4656970578196
4.0834999084473	-4.5280619225441
4.0882000923157	-4.5986521232299
4.0928997993469	-4.6784150911803
4.0975999832153	-4.7683075727823
4.1023001670837	-4.8692577348994
4.1069998741150	-4.9821410800386
4.1117000579834	-5.1077944641238
4.1163997650146	-5.2470369525888
4.1210999488831	-5.4007077270137
4.1258001327515	-5.5696961026453
4.1304998397827	-5.7549430673274
4.1352000236511	-5.9574018418103
4.1399002075195	-6.1779494370436
4.1445999145508	-6.4172375423661
4.1493000984192	-6.6755027426710
4.1539998054504	-6.9523330370273
4.1586999893188	-7.2464389362759
4.1634001731873	-7.5554444479964
4.1680998802185	-7.8757489178040
4.1728000640869	-8.2024901497287
4.1774997711182	-8.5296730881766
4.1821999549866	-8.8504392858054
4.1869001388550	-9.1575014932686
4.1915998458862	-9.4436727315254
4.1963000297546	-9.7023926612544
4.2010002136230	-9.9281701658079
4.2056999206543	-10.116843216746
4.2104001045227	-10.265671119999
4.2150998115540	-10.373273434612
4.2197999954224	-10.439518146941
4.2245001792908	-10.465400491784
4.2291998863220	-10.452960905994
4.2339000701904	-10.405177432654
4.2385997772217	-10.325813501497
4.2432999610901	-10.219170980583
4.2480001449585	-10.089767146105
4.2526998519897	-9.9419845429991
4.2574000358582	-9.7797712154240
4.2621002197266	-9.6064472687766
4.2667999267578	-9.4246584511852
4.2715001106262	-9.2364496269080
4.2761998176575	-9.0434481301100
4.2809000015259	-8.8470557057070
4.2856001853943	-8.6486357247119
4.2902998924255	-8.4496045283698
4.2950000762939	-8.2514462434872
4.2996997833252	-8.0556355383424
4.3043999671936	-7.8635139620574
4.3091001510620	-7.6761567990008
4.3137998580933	-7.4942766956622
4.3185000419617	-7.3181852394775
4.3232002258301	-7.1478275489735
4.3278999328613	-6.9828740541910
4.3326001167297	-6.8228645321157
4.3372998237610	-6.6673383888773
4.3420000076294	-6.5159586258396
4.3467001914978	-6.3685710057858
4.3513998985291	-6.2252067670009
4.3561000823975	-6.0860266349699
4.3607997894287	-5.9512295885797
4.3654999732971	-5.8209522796662
4.3702001571655	-5.6951876779205
4.3748998641968	-5.5737428864575
4.3796000480652	-5.4562544635446
4.3843002319336	-5.3422458311556
4.3889999389648	-5.2312168625492
4.3937001228333	-5.1227432555342
4.3983998298645	-5.0165567223878
4.4031000137329	-4.9125868373029
4.4078001976013	-4.8109501611506
4.4124999046326	-4.7119002022702
4.4172000885010	-4.6157431480509
4.4218997955322	-4.5227417497038
4.4265999794006	-4.4330406722463
4.4313001632690	-4.3466274216763
4.4359998703003	-4.2633274109487
4.4407000541687	-4.1828519909677
4.4454002380371	-4.1048710579013
4.4500999450684	-4.0291000602290
4.4548001289368	-3.9553645999256
4.4594998359680	-3.8836520805590
4.4642000198364	-3.8141077458610
4.4689002037048	-3.7469917641351
4.4735999107361	-3.6826173962605
4.4783000946045	-3.6212646385875
4.4829998016357	-3.5631137749978
4.4876999855042	-3.5081983994736
4.4924001693726	-3.4564068521205
4.4970998764038	-3.4075089574985
4.5018000602722	-3.3612237676212
4.5064997673035	-3.3173029315190
4.5111999511719	-3.2755961233146
4.5159001350403	-3.2361053690184
4.5205998420715	-3.1989954072902
4.5253000259399	-3.1645654668398
4.5300002098083	-3.1331918525445
4.5346999168396	-3.1052511853860
4.5394001007080	-3.0810458312024
4.5440998077393	-3.0607531286200
4.5487999916077	-3.0444026792464
4.5535001754761	-3.0318954738832
4.5581998825073	-3.0230609923899
4.5629000663757	-3.0177190042044
4.5675997734070	-3.0157573256424
4.5722999572754	-3.0171849790822
4.5770001411438	-3.0221508669900
4.5816998481750	-3.0309269030433
4.5864000320435	-3.0438501431574
4.5911002159119	-3.0612429389141
4.5957999229431	-3.0833232454512
4.6005001068115	-3.1101413185924
4.6051998138428	-3.1415376544188
4.6098999977112	-3.1771468738683
4.6146001815796	-3.2164502419553
4.6192998886108	-3.2588551013972
4.6240000724792	-3.3037861438991
4.6286997795105	-3.3507699055471
4.6333999633789	-3.3994791841605
4.6381001472473	-3.4497355899725
4.6427998542786	-3.5014518513123
4.6475000381470	-3.5545418866413
4.6522002220154	-3.6088083122763
4.6568999290466	-3.6638443321608
4.6616001129150	-3.7189784525188
4.6662998199463	-3.7732684691047
4.6710000038147	-3.8255716414610
4.6757001876831	-3.8746599232691
4.6803998947144	-3.9193637515082
4.6851000785828	-3.9587073340835
4.6897997856140	-3.9920065419420
4.6944999694824	-4.0188841283075
4.6992001533508	-4.0392368083018
4.7038998603821	-4.0531277891689
4.7086000442505	-4.0606742861822
4.7133002281189	-4.0619491901923
4.7179999351501	-4.0569376867080
4.7227001190186	-4.0455548633234
4.7273998260498	-4.0277317155617
4.7321000099182	-4.0035389745849
4.7368001937866	-3.9732940323676
4.7414999008179	-3.9376420426805
4.7462000846863	-3.8975658361315
4.7508997917175	-3.8543041219558
4.7555999755859	-3.8092282371317
4.7603001594543	-3.7636747911262
4.7649998664856	-3.7187890907540
4.7697000503540	-3.6754137855648
4.7744002342224	-3.6340444635429
4.7790999412537	-3.5948527613051
4.7838001251221	-3.5577809505342
4.7884998321533	-3.5226675313098
4.7932000160217	-3.4893823472656
4.7979001998901	-3.4579386698774
4.8025999069214	-3.4285421304584
4.8073000907898	-3.4015866805820
4.8119997978210	-3.3775729113393
4.8166999816895	-3.3570000054008
4.8214001655579	-3.3402368499989
4.8260998725891	-3.3274242779168
4.8308000564575	-3.3184243131621
4.8354997634888	-3.3128325867938
4.8401999473572	-3.3100507208443
4.8449001312256	-3.3094236410662
4.8495998382568	-3.3103711745905
4.8543000221252	-3.3125134022440
4.8590002059937	-3.3157574183363
4.8636999130249	-3.3202863178689
4.8684000968933	-3.3264995822901
4.8730998039246	-3.3348807129277
4.8777999877930	-3.3458585690379
4.8825001716614	-3.3596629199120
4.8871998786926	-3.3762437964274
4.8919000625610	-3.3952603219396
4.8965997695923	-3.4161411173309
4.9012999534607	-3.4382171583686
4.9060001373291	-3.4608834647257
4.9106998443604	-3.4837486384688
4.9154000282288	-3.5067446943118
4.9201002120972	-3.5301406196064
4.9247999191284	-3.5544892869675
4.9295001029968	-3.5804763044884
4.9341998100281	-3.6087500203096
4.9388999938965	-3.6397523076263
4.9436001777649	-3.6735909653715
4.9482998847961	-3.7100059607078
4.9530000686646	-3.7484315810128
4.9576997756958	-3.7881212632642
4.9623999595642	-3.8283527111071
4.9671001434326	-3.8686117020179
4.9717998504639	-3.9087457859074
4.9765000343323	-3.9490089040294
4.9812002182007	-3.9900075235602
4.9858999252319	-4.0325523775726
4.9906001091003	-4.0774509547197
4.9952998161316	-4.1252817685198
5.0000000000000	-4.1762392654936
#Parameters = {R_fat=48; R_glandular=38; R_skin_outer=50; T10=5; T15=7.5; T5=2.5; T_rad=4; T_x=10; T_y=0; T_z=75; Zc=65; skin_thickness=2; Mesh Pass=2}
#"Frequency / GHz"	"S1,1 (Mesh Pass=2) [Magnitude / dB]"
#-------------------------------------------------------
0.30000001192093	-7.8432912636239
0.30469998717308	-7.5108345756535
0.30939999222755	-7.2665703467747
0.31409999728203	-7.1730983512870
0.31880000233650	-7.2562133983827
0.32350000739098	-7.5091221340586
0.32820001244545	-7.8908618945606
0.33289998769760	-8.3167567215211
0.33759999275208	-8.6540681005360
0.34229999780655	-8.7577118869234
0.34700000286102	-8.5618812789616
0.35170000791550	-8.1448004300802
0.35640001296997	-7.6764080234629
0.36109998822212	-7.3190876103339
0.36579999327660	-7.1838262498739
0.37049999833107	-7.3417036656949
0.37520000338554	-7.8549268161767
0.37990000844002	-8.8138510478451
0.38460001349449	-10.393021552280
0.38929998874664	-12.988350309549
0.39399999380112	-17.772524636915
0.39869999885559	-32.143997052210
0.40340000391006	-19.485086244845
0.40810000896454	-12.706319662590
0.41280001401901	-9.0506401670602
0.41749998927116	-6.7528283022797
0.42219999432564	-5.2790086682757
0.42689999938011	-4.3756015082070
0.43160000443459	-3.8883290143669
0.43630000948906	-3.7114296790445
0.44100001454353	-3.7678397007854
0.44569998979568	-3.9963919108123
0.45039999485016	-4.3398816254474
0.45509999990463	-4.7340238471423
0.45980000495911	-5.1021335464361
0.46450001001358	-5.3646478593669
0.46919998526573	-5.4673221888690
0.47389999032021	-5.4100403798174
0.47859999537468	-5.2460325655607
0.48330000042915	-5.0500914528065
0.48800000548363	-4.8855010438113
0.49270001053810	-4.7893924971376
0.49739998579025	-4.7730347454744
0.50209999084473	-4.8271332328737
0.50679999589920	-4.9270551515666
0.51150000095367	-5.0381414314388
0.51620000600815	-5.1233579152473
0.52090001106262	-5.1539959097908
0.52560001611710	-5.1197230722266
0.53030002117157	-5.0316755038988
0.53500002622604	-4.9160695322538
0.53969997167587	-4.8028262612363
0.54439997673035	-4.7158386571269
0.54909998178482	-4.6679644354658
0.55379998683929	-4.6600797846959
0.55849999189377	-4.6825034265090
0.56319999694824	-4.7179693102933
0.56790000200272	-4.7461594674292
0.57260000705719	-4.7495012715682
0.57730001211166	-4.7186747079553
0.58200001716614	-4.6553782424669
0.58670002222061	-4.5708728569636
0.59140002727509	-4.4812344133143
0.59609997272491	-4.4018507386032
0.60079997777939	-4.3432818622092
0.60549998283386	-4.3092224759558
0.61019998788834	-4.2963301905856
0.61489999294281	-4.2955581198666
0.61959999799728	-4.2947548067413
0.62430000305176	-4.2821557928485
0.62900000810623	-4.2499291055730
0.63370001316071	-4.1964850535304
0.63840001821518	-4.1265871062997
0.64310002326965	-4.0492987415054
0.64780002832413	-3.9748236263220
0.65249997377396	-3.9114813303415
0.65719997882843	-3.8636617929246
0.66189998388290	-3.8310054525119
0.66659998893738	-3.8088035832467
0.67129999399185	-3.7894405872058
0.67599999904633	-3.7646518234881
0.68070000410080	-3.7279994965610
0.68540000915527	-3.6767946527195
0.69010001420975	-3.6127583302985
0.69480001926422	-3.5412116178606
0.69950002431870	-3.4691948026199
0.70420002937317	-3.4032979498718
0.70889997482300	-3.3478373049187
0.71359997987747	-3.3038296540389
0.71829998493195	-3.2688595273312
0.72299998998642	-3.2378834931279
0.72769999504089	-3.2047421421358
0.73240000009537	-3.1640423759665
0.73710000514984	-3.1127962022280
0.74180001020432	-3.0512793843176
0.74650001525879	-2.9828065419416
0.75120002031326	-2.9125667616102
0.75590002536774	-2.8459810299534
0.76059997081757	-2.7871188096839
0.76529997587204	-2.7376024813933
0.76999998092651	-2.6962351211588
0.77469998598099	-2.6594234834334
0.77939999103546	-2.6223054673984
0.78409999608994	-2.5802636173722
0.78880000114441	-2.5304004141109
0.79350000619888	-2.4724232825473
0.79820001125336	-2.4086835534407
0.80290001630783	-2.3433658060561
0.80760002136230	-2.2811416892241
0.81230002641678	-2.2257388677971
0.81699997186661	-2.1788577966464
0.82169997692108	-2.1397018637614
0.82639998197556	-2.1052777494487
0.83109998703003	-2.0713597414662
0.83579999208450	-2.0338851250721
0.84049999713898	-1.9903220513128
0.84520000219345	-1.9405354636161
0.84990000724792	-1.8868653582837
0.85460001230240	-1.8333625840197
0.85930001735687	-1.7845182816421
0.86400002241135	-1.7438332958679
0.86870002746582	-1.7127532220056
0.87339997291565	-1.6902073598703
0.87809997797012	-1.6729843801456
0.88279998302460	-1.6567743427455
0.88749998807907	-1.6376820561702
0.89219999313354	-1.6136288162192
0.89689999818802	-1.5852102136255
0.90160000324249	-1.5556560406758
0.90630000829697	-1.5298948009948
0.91100001335144	-1.5130576097128
0.91570001840591	-1.5088997572340
0.92040002346039	-1.5186517023400
0.92510002851486	-1.5406598515252
0.92979997396469	-1.5709708095161
0.93449997901917	-1.6047614334716
0.93919998407364	-1.6381981859290
0.94389998912811	-1.6701299137146
0.94859999418259	-1.7030208227280
0.95329999923706	-1.7426963828540
0.95800000429153	-1.7970209157852
0.96270000934601	-1.8738944163409
0.96740001440048	-1.9792765486094
0.97210001945496	-2.1158660982317
0.97680002450943	-2.2828802907004
0.98150002956390	-2.4771257674650
0.98619997501373	-2.6952261776526
0.99089998006821	-2.9364841599218
0.99559998512268	-3.2056300018481
1.0003000497818	-3.5145397053472
1.0049999952316	-3.8823767311187
1.0096999406815	-4.3342380146279
1.0144000053406	-4.8991120977294
1.0190999507904	-5.6082224137245
1.0238000154495	-6.4945329941685
1.0284999608994	-7.5931924082902
1.0332000255585	-8.9403146844927
1.0378999710083	-10.560145244486
1.0426000356674	-12.404764993888
1.0472999811172	-14.149855792539
1.0520000457764	-14.910806808721
1.0566999912262	-14.013719443803
1.0614000558853	-12.170411519499
1.0661000013351	-10.252123798050
1.0707999467850	-8.5713057025491
1.0755000114441	-7.1734805896974
1.0801999568939	-6.0346879771730
1.0849000215530	-5.1188296556209
1.0895999670029	-4.3897338710149
1.0943000316620	-3.8124097926743
1.0989999771118	-3.3530813803708
1.1037000417709	-2.9803024543199
1.1083999872208	-2.6671053946571
1.1131000518799	-2.3932641549594
1.1177999973297	-2.1465618664016
1.1224999427795	-1.9223889146941
1.1272000074387	-1.7217054050830
1.1318999528885	-1.5480672356943
1.1366000175476	-1.4046697272870
1.1412999629974	-1.2921621192065
1.1460000276566	-1.2076954721485
1.1506999731064	-1.1452037511055
1.1554000377655	-1.0967372849848
1.1600999832153	-1.0543230176693
1.1648000478745	-1.0118438272814
1.1694999933243	-0.96630959870197
1.1742000579834	-0.91817648801288
1.1789000034332	-0.87061286849216
1.1835999488831	-0.82803920353815
1.1883000135422	-0.79446539447126
1.1929999589920	-0.77215620882838
1.1977000236511	-0.76095374545968
1.2023999691010	-0.75839548956797
1.2071000337601	-0.76049852945840
1.2117999792099	-0.76296177115948
1.2165000438690	-0.76237567987795
1.2211999893188	-0.75715170286440
1.2259000539780	-0.74780518562387
1.2305999994278	-0.73662304612204
1.2352999448776	-0.72676669083240
1.2400000095367	-0.72122195510232
1.2446999549866	-0.72186567181290
1.2494000196457	-0.72895815201442
1.2540999650955	-0.74114916985601
1.2588000297546	-0.75597064201224
1.2634999752045	-0.77060132845902
1.2682000398636	-0.78273028487109
1.2728999853134	-0.79119799981300
1.2776000499725	-0.79628828899472
1.2822999954224	-0.79953526810171
1.2869999408722	-0.80316349554982
1.2917000055313	-0.80938042871745
1.2963999509811	-0.81968719518024
1.3011000156403	-0.83448531076280
1.3057999610901	-0.85301095997815
1.3105000257492	-0.87364417565367
1.3151999711990	-0.89441404568930
1.3199000358582	-0.91362053872973
1.3245999813080	-0.93031900138780
1.3293000459671	-0.94457658716904
1.3339999914169	-0.95740018495518
1.3387000560760	-0.97038186530656
1.3434000015259	-0.98519575009285
1.3480999469757	-1.0030949367201
1.3528000116348	-1.0245750661045
1.3574999570847	-1.0492779217256
1.3622000217438	-1.0761473833988
1.3668999671936	-1.1037851852687
1.3716000318527	-1.1308858935358
1.3762999773026	-1.1566267282747
1.3810000419617	-1.1809064064887
1.3856999874115	-1.2043504615104
1.3904000520706	-1.2281004084058
1.3950999975204	-1.2534653353862
1.3997999429703	-1.2815425515176
1.4045000076294	-1.3129191993807
1.4091999530792	-1.3475457322636
1.4139000177383	-1.3847931340423
1.4185999631882	-1.4236805123758
1.4233000278473	-1.4631858714182
1.4279999732971	-1.5025678325153
1.4327000379562	-1.5415900827339
1.4373999834061	-1.5805917815415
1.4421000480652	-1.6203886054477
1.4467999935150	-1.6620379746296
1.4515000581741	-1.7065459404575
1.4562000036240	-1.7546018979426
1.4608999490738	-1.8064252228836
1.4656000137329	-1.8617353819422
1.4702999591827	-1.9198783773441
1.4750000238419	-1.9800479892782
1.4796999692917	-2.0415528831415
1.4844000339508	-2.1040288771978
1.4890999794006	-2.1675808802464
1.4938000440598	-2.2327604756777
1.4984999895096	-2.3004381061528
1.5032000541687	-2.3715691066785
1.5078999996185	-2.4469616407173
1.5125999450684	-2.5270791581115
1.5173000097275	-2.6119492144845
1.5219999551773	-2.7011972347943
1.5267000198364	-2.7941870178135
1.5313999652863	-2.8902397801881
1.5361000299454	-2.9888622445815
1.5407999753952	-3.0899286015918
1.5455000400543	-3.1937527064712
1.5501999855042	-3.3010372950645
1.5549000501633	-3.4127114180002
1.5595999956131	-3.5297027440143
1.5642999410629	-3.6527128930558
1.5690000057220	-3.7820471718031
1.5736999511719	-3.9175632634089
1.5784000158310	-4.0587427363497
1.5830999612808	-4.2048628443778
1.5878000259399	-4.3552479899458
1.5924999713898	-4.5095057543751
1.5972000360489	-4.6676953078482
1.6018999814987	-4.8303636816582
1.6066000461578	-4.9984458624452
1.6112999916077	-5.1730400481771
1.6160000562668	-5.3551328095380
1.6207000017166	-5.5453468836001
1.6253999471664	-5.7437870667369
1.6301000118256	-5.9500195076588
1.6347999572754	-6.1632289348705
1.6395000219345	-6.3824811251355
1.6441999673843	-6.6070479888109
1.6489000320435	-6.8366978584030
1.6535999774933	-7.0718436693197
1.6583000421524	-7.3135057813553
1.6629999876022	-7.5630980498514
1.6677000522614	-7.8220696330942
1.6723999977112	-8.0915300171971
1.6770999431610	-8.3719676452168
1.6818000078201	-8.6631169240258
1.6864999532700	-8.9640799390971
1.6912000179291	-9.2736375071604
1.6958999633789	-9.5907065498388
1.7006000280380	-9.9147967429831
1.7052999734879	-10.246329901290
1.7100000381470	-10.586701674864
1.7146999835968	-10.938030103295
1.7194000482559	-11.302700741872
1.7240999937057	-11.682773996637
1.7288000583649	-12.079480035685
1.7335000038147	-12.492938914552
1.7381999492645	-12.922208224328
1.7429000139236	-13.365709761623
1.7475999593735	-13.821906631245
1.7523000240326	-14.290120097169
1.7569999694824	-14.771139025046
1.7617000341415	-15.267451244533
1.7663999795914	-15.782941280875
1.7711000442505	-16.322102555799
1.7757999897003	-16.888932373917
1.7805000543594	-17.485818368321
1.7851999998093	-18.112698635729
1.7898999452591	-18.766751059206
1.7946000099182	-19.442785300160
1.7992999553680	-20.134239573026
1.8040000200272	-20.834552213680
1.8086999654770	-21.538165370630
1.8134000301361	-22.240226094923
1.8180999755859	-22.934356557655
1.8228000402451	-23.608249570174
1.8274999856949	-24.238234966432
1.8322000503540	-24.785710562506
1.8368999958038	-25.200110768320
1.8415999412537	-25.432688632460
1.8463000059128	-25.457500714750
1.8509999513626	-25.285384032903
1.8557000160217	-24.958428028001
1.8603999614716	-24.530024265576
1.8651000261307	-24.046377142225
1.8697999715805	-23.538454836358
1.8745000362396	-23.022962435913
1.8791999816895	-22.507402806046
1.8839000463486	-21.995340699421
1.8885999917984	-21.490142741622
1.8933000564575	-20.996528753010
1.8980000019073	-20.520366459443
1.9026999473572	-20.067460036333
1.9074000120163	-19.642157746535
1.9120999574661	-19.246414051744
1.9168000221252	-18.879502608591
1.9214999675751	-18.538403667703
1.9262000322342	-18.218718958371
1.9308999776840	-17.915807710234
1.9356000423431	-17.625877276256
1.9402999877930	-17.346722302460
1.9450000524521	-17.077951666583
1.9496999979019	-16.820649779374
1.9543999433517	-16.576653309125
1.9591000080109	-16.347705683124
1.9637999534607	-16.134733302777
1.9685000181198	-15.937448668030
1.9731999635696	-15.754344329183
1.9779000282288	-15.583036207375
1.9825999736786	-15.420855531803
1.9873000383377	-15.265495535072
1.9919999837875	-15.115536895681
1.9967000484467	-14.970697571576
2.0013999938965	-14.831733505226
2.0060999393463	-14.700058536477
2.0107998847961	-14.577193548543
2.0155000686646	-14.464240775944
2.0202000141144	-14.361512911285
2.0248999595642	-14.268414065934
2.0295999050140	-14.183590822934
2.0343000888824	-14.105293923877
2.0390000343323	-14.031846586863
2.0436999797821	-13.962084899524
2.0483999252319	-13.895635764997
2.0531001091003	-13.832959830795
2.0578000545502	-13.775152367039
2.0625000000000	-13.723568658934
2.0671999454498	-13.679398158349
2.0718998908997	-13.643301532891
2.0766000747681	-13.615218106467
2.0813000202179	-13.594377294027
2.0859999656677	-13.579518026836
2.0906999111176	-13.569232343989
2.0954000949860	-13.562364479813
2.1001000404358	-13.558315863274
2.1047999858856	-13.557204525527
2.1094999313354	-13.559800207670
2.1142001152039	-13.567285366995
2.1189000606537	-13.580895284816
2.1236000061035	-13.601558744431
2.1282999515533	-13.629626923505
2.1329998970032	-13.664767288466
2.1377000808716	-13.706041157310
2.1424000263214	-13.752159993898
2.1470999717712	-13.801816410112
2.1517999172211	-13.854046419578
2.1565001010895	-13.908467448207
2.1612000465393	-13.965371537562
2.1658999919891	-14.025601379136
2.1705999374390	-14.090287798421
2.1752998828888	-14.160481751529
2.1800000667572	-14.236828552554
2.1847000122070	-14.319334054584
2.1893999576569	-14.407310279527
2.1940999031067	-14.499490655203
2.1988000869751	-14.594323688695
2.2035000324249	-14.690317410200
2.2081999778748	-14.786387790850
2.2128999233246	-14.882086175505
2.2176001071930	-14.977627409332
2.2223000526428	-15.073751282508
2.2269999980927	-15.171389000612
2.2316999435425	-15.271318477184
2.2363998889923	-15.373804971129
2.2411000728607	-15.478405405698
2.2458000183105	-15.583932211484
2.2504999637604	-15.688653899768
2.2551999092102	-15.790595168407
2.2599000930786	-15.887958304437
2.2646000385284	-15.979462063980
2.2692999839783	-16.064584996707
2.2739999294281	-16.143567405743
2.2787001132965	-16.217231586464
2.2834000587463	-16.286622174687
2.2881000041962	-16.352625420199
2.2927999496460	-16.415612907416
2.2974998950958	-16.475253879291
2.3022000789642	-16.530526175903
2.3069000244141	-16.579934708554
2.3115999698639	-16.621858177169
2.3162999153137	-16.654984404918
2.3210000991821	-16.678654083650
2.3257000446320	-16.693084446775
2.3303999900818	-16.699308068555
2.3350999355316	-16.698961599380
2.3397998809814	-16.693882795168
2.3445000648499	-16.685690021560
2.3492000102997	-16.675436848017
2.3538999557495	-16.663427511830
2.3585999011993	-16.649258642141
2.3633000850677	-16.632033002519
2.3680000305176	-16.610742370036
2.3726999759674	-16.584679515872
2.3773999214172	-16.553739086234
2.3821001052856	-16.518591210240
2.3868000507355	-16.480612505839
2.3914999961853	-16.441604522280
2.3961999416351	-16.403420474285
2.4008998870850	-16.367562431801
2.4056000709534	-16.334872032211
2.4103000164032	-16.305441253547
2.4149999618530	-16.278654582021
2.4196999073029	-16.253496456769
2.4244000911713	-16.228914301862
2.4291000366211	-16.204179158991
2.4337999820709	-16.179203820820
2.4384999275208	-16.154604140833
2.4432001113892	-16.131597243895
2.4479000568390	-16.111719148824
2.4526000022888	-16.096436256267
2.4572999477386	-16.086789573519
2.4619998931885	-16.083181871230
2.4667000770569	-16.085297058459
2.4714000225067	-16.092245978157
2.4760999679565	-16.102863946021
2.4807999134064	-16.116080996804
2.4855000972748	-16.131250848363
2.4902000427246	-16.148380128865
2.4948999881744	-16.168154983814
2.4995999336243	-16.191757727492
2.5043001174927	-16.220583458048
2.5090000629425	-16.255854198339
2.5137000083923	-16.298309776371
2.5183999538422	-16.348044531243
2.5230998992920	-16.404493820301
2.5278000831604	-16.466636681406
2.5325000286102	-16.533288990747
2.5371999740601	-16.603487197937
2.5418999195099	-16.676778129698
2.5466001033783	-16.753374926679
2.5513000488281	-16.834131601121
2.5559999942780	-16.920322720649
2.5606999397278	-17.013305570599
2.5653998851776	-17.114155232995
2.5701000690460	-17.223383575256
2.5748000144958	-17.340818977279
2.5794999599457	-17.465637260093
2.5841999053955	-17.596625085131
2.5889000892639	-17.732488439865
2.5936000347137	-17.872255589696
2.5982999801636	-18.015534582377
2.6029999256134	-18.162643056435
2.6077001094818	-18.314512664483
2.6124000549316	-18.472413533501
2.6171000003815	-18.637571728479
2.6217999458313	-18.810779329821
2.6264998912811	-18.992104126971
2.6312000751495	-19.180776944796
2.6359000205994	-19.375270985906
2.6405999660492	-19.573569165892
2.6452999114990	-19.773550477020
2.6500000953674	-19.973382051096
2.6547000408173	-20.171807555931
2.6593999862671	-20.368241208985
2.6640999317169	-20.562634777135
2.6688001155853	-20.755134383222
2.6735000610352	-20.945649306571
2.6782000064850	-21.133409942404
2.6828999519348	-21.316672528220
2.6875998973846	-21.492606518783
2.6923000812531	-21.657455506758
2.6970000267029	-21.806924116851
2.7016999721527	-21.936660465969
2.7063999176025	-22.042850521763
2.7111001014709	-22.122672375402
2.7158000469208	-22.174540115384
2.7204999923706	-22.198105658511
2.7251999378204	-22.193998410025
2.7298998832703	-22.163429767158
2.7346000671387	-22.107784814434
2.7393000125885	-22.028221335307
2.7439999580383	-21.925541091168
2.7486999034882	-21.800184255262
2.7534000873566	-21.652469833080
2.7581000328064	-21.482921615660
2.7627999782562	-21.292649339726
2.7674999237061	-21.083578470669
2.7722001075745	-20.858540095790
2.7769000530243	-20.621057028027
2.7815999984741	-20.374955971145
2.7862999439240	-20.123898530794
2.7909998893738	-19.870910919395
2.7957000732422	-19.618054540102
2.8004000186920	-19.366322053087
2.8050999641418	-19.115783256683
2.8097999095917	-18.865921675632
2.8145000934601	-18.616060546318
2.8192000389099	-18.365811002189
2.8238999843597	-18.115372850553
2.8285999298096	-17.865633330258
2.8333001136780	-17.618016551827
2.8380000591278	-17.374188932759
2.8427000045776	-17.135638253008
2.8473999500275	-16.903353592236
2.8520998954773	-16.677610291738
2.8568000793457	-16.457939039921
2.8615000247955	-16.243337805180
2.8661999702454	-16.032571069407
2.8708999156952	-15.824561633714
2.8756000995636	-15.618694992143
2.8803000450134	-15.414976801762
2.8849999904633	-15.214006479074
2.8896999359131	-15.016763538422
2.8943998813629	-14.824292701392
2.8991000652313	-14.637365277472
2.9038000106812	-14.456252668576
2.9084999561310	-14.280646999639
2.9131999015808	-14.109744149917
2.9179000854492	-13.942474317801
2.9226000308990	-13.777826841232
2.9272999763489	-13.615108614218
2.9319999217987	-13.454146721547
2.9367001056671	-13.295288321384
2.9414000511169	-13.139271723807
2.9460999965668	-12.986964319943
2.9507999420166	-12.839079720131
2.9554998874664	-12.695951663767
2.9602000713348	-12.557426045993
2.9649000167847	-12.422897270557
2.9695999622345	-12.291507508112
2.9742999076843	-12.162372580264
2.9790000915527	-12.034861343235
2.9837000370026	-11.908752393750
2.9883999824524	-11.784286829025
2.9930999279022	-11.662068037888
2.9978001117706	-11.542853609859
3.0025000572205	-11.427302948436
3.0072000026703	-11.315774423936
3.0118999481201	-11.208210776082
3.0165998935699	-11.104148521642
3.0213000774384	-11.002869085432
3.0260000228882	-10.903609324162
3.0306999683380	-10.805794315561
3.0353999137878	-10.709200600816
3.0401000976562	-10.614001948047
3.0448000431061	-10.520713276509
3.0494999885559	-10.429999476552
3.0541999340057	-10.342464508054
3.0589001178741	-10.258459594134
3.0636000633240	-10.177969114511
3.0683000087738	-10.100613942236
3.0729999542236	-10.025771705198
3.0776998996735	-9.9527660829983
3.0824000835419	-9.8810713690177
3.0871000289917	-9.8104684732084
3.0917999744415	-9.7411007593165
3.0964999198914	-9.6734204007372
3.1012001037598	-9.6080324819306
3.1059000492096	-9.5454925212122
3.1105999946594	-9.4861375173637
3.1152999401093	-9.4299640230566
3.1199998855591	-9.3766451755142
3.1247000694275	-9.3256111591965
3.1294000148773	-9.2762396024762
3.1340999603271	-9.2280390812200
3.1387999057770	-9.1807950809345
3.1435000896454	-9.1346355631353
3.1482000350952	-9.0899722494584
3.1528999805450	-9.0473647125415
3.1575999259949	-9.0073432086208
3.1623001098633	-8.9702167789323
3.1670000553131	-8.9359967457800
3.1717000007629	-8.9043683307330
3.1763999462128	-8.8747950159457
3.1810998916626	-8.8466794364311
3.1858000755310	-8.8195421920623
3.1905000209808	-8.7931740861216
3.1951999664307	-8.7676747388982
3.1998999118805	-8.7434274756747
3.2046000957489	-8.7209570838571
3.2093000411987	-8.7007528523966
3.2139999866486	-8.6830996481856
3.2186999320984	-8.6679859831711
3.2234001159668	-8.6550837548320
3.2281000614166	-8.6438416213664
3.2328000068665	-8.6336558688954
3.2374999523163	-8.6240247243144
3.2421998977661	-8.6147114796936
3.2469000816345	-8.6057758370859
3.2516000270844	-8.5975517312880
3.2562999725342	-8.5904964709247
3.2609999179840	-8.5850284335730
3.2657001018524	-8.5813477024855
3.2704000473022	-8.5793452979101
3.2750999927521	-8.5786007899081
3.2797999382019	-8.5784656608304
3.2844998836517	-8.5782334622548
3.2892000675201	-8.5773196327569
3.2939000129700	-8.5753823528123
3.2985999584198	-8.5723918660521
3.3032999038696	-8.5685710179954
3.3080000877380	-8.5642450665608
3.3127000331879	-8.5596655215525
3.3173999786377	-8.5548477826548
3.3220999240875	-8.5494694210208
3.3268001079559	-8.5428874952925
3.3315000534058	-8.5342462858089
3.3361999988556	-8.5226569873405
3.3408999443054	-8.5073752766991
3.3455998897552	-8.4879478972194
3.3503000736237	-8.4642442238081
3.3550000190735	-8.4363828940649
3.3596999645233	-8.4045773573091
3.3643999099731	-8.3689549656712
3.3691000938416	-8.3294008835740
3.3738000392914	-8.2854855036772
3.3784999847412	-8.2365194917124
3.3831999301910	-8.1817017590872
3.3879001140594	-8.1202970452671
3.3926000595093	-8.0518467638309
3.3973000049591	-7.9762531622870
3.4019999504089	-7.8937980710261
3.4066998958588	-7.8050378043828
3.4114000797272	-7.7106148513073
3.4161000251770	-7.6110982675709
3.4207999706268	-7.5068350588773
3.4254999160767	-7.3979460988306
3.4302000999451	-7.2843754839480
3.4349000453949	-7.1660506434502
3.4395999908447	-7.0430511308434
3.4442999362946	-6.9157223286753
3.4489998817444	-6.7847425539004
3.4537000656128	-6.6510622486377
3.4584000110626	-6.5157705165298
3.4630999565125	-6.3799266107083
3.4677999019623	-6.2444218022212
3.4725000858307	-6.1098742727366
3.4772000312805	-5.9766375103873
3.4818999767303	-5.8448774427482
3.4865999221802	-5.7146919521626
3.4913001060486	-5.5862518556758
3.4960000514984	-5.4598898879122
3.5006999969482	-5.3361224367208
3.5053999423981	-5.2156095329953
3.5100998878479	-5.0990510393777
3.5148000717163	-4.9870556568805
3.5195000171661	-4.8800427376991
3.5241999626160	-4.7781823061355
3.5288999080658	-4.6814056027047
3.5336000919342	-4.5894766977292
3.5383000373840	-4.5021044483414
3.5429999828339	-4.4190494160166
3.5476999282837	-4.3402073845732
3.5524001121521	-4.2656442201738
3.5571000576019	-4.1955560973054
3.5618000030518	-4.1301946977118
3.5664999485016	-4.0697765778164
3.5711998939514	-4.0143758563278
3.5759000778198	-3.9638889197568
3.5806000232697	-3.9180352411938
3.5852999687195	-3.8764030293456
3.5899999141693	-3.8385481637924
3.5947000980377	-3.8040914973669
3.5994000434875	-3.7727873202035
3.6040999889374	-3.7445594904414
3.6087999343872	-3.7194851602021
3.6135001182556	-3.6977221725722
3.6182000637054	-3.6794212366879
3.6229000091553	-3.6646409532524
3.6275999546051	-3.6532910234400
3.6322999000549	-3.6451263193356
3.6370000839233	-3.6397844374919
3.6417000293732	-3.6368701868053
3.6463999748230	-3.6360349114480
3.6510999202728	-3.6370605673662
3.6558001041412	-3.6398948640647
3.6605000495911	-3.6446382150693
3.6651999950409	-3.6514821232253
3.6698999404907	-3.6606347668043
3.6745998859406	-3.6722225165449
3.6793000698090	-3.6862346743603
3.6840000152588	-3.7025076021116
3.6886999607086	-3.7207539648631
3.6933999061584	-3.7406350577332
3.6981000900269	-3.7618551031058
3.7028000354767	-3.7842262854400
3.7074999809265	-3.8077283325107
3.7121999263763	-3.8324943363219
3.7169001102448	-3.8587620549261
3.7216000556946	-3.8867902355661
3.7263000011444	-3.9167683029705
3.7309999465942	-3.9487488141432
3.7356998920441	-3.9826258236223
3.7404000759125	-4.0181563225600
3.7451000213623	-4.0550291991231
3.7497999668121	-4.0929629958350
3.7544999122620	-4.1317817094248
3.7592000961304	-4.1714728634070
3.7639000415802	-4.2121891956041
3.7685999870300	-4.2541979292602
3.7732999324799	-4.2977995588187
3.7780001163483	-4.3432292785027
3.7827000617981	-4.3905788504487
3.7874000072479	-4.4397661922155
3.7920999526978	-4.4905575702747
3.7967998981476	-4.5426315829991
3.8015000820160	-4.5956803484194
3.8062000274658	-4.6495044889233
3.8108999729156	-4.7040713743913
3.8155999183655	-4.7595306918790
3.8203001022339	-4.8161636346816
3.8250000476837	-4.8742953124046
3.8296999931335	-4.9341830692159
3.8343999385834	-4.9959319860502
3.8390998840332	-5.0594541791192
3.8438000679016	-5.1244758868746
3.8485000133514	-5.1906200417442
3.8531999588013	-5.2575076412336
3.8578999042511	-5.3248685096309
3.8626000881195	-5.3926189423360
3.8673000335693	-5.4608753826272
3.8719999790192	-5.5299044554232
3.8766999244690	-5.6000282334395
3.8814001083374	-5.6714910108724
3.8861000537872	-5.7443668484191
3.8907999992371	-5.8184963539621
3.8954999446869	-5.8935104329837
3.9001998901367	-5.9689082454303
3.9049000740051	-6.0441869116706
3.9096000194550	-6.1189671113476
3.9142999649048	-6.1930882813318
3.9189999103546	-6.2666269464765
3.9237000942230	-6.3398357626317
3.9284000396729	-6.4130286652965
3.9330999851227	-6.4864325872843
3.9377999305725	-6.5600650039069
3.9425001144409	-6.6336748492379
3.9472000598907	-6.7067697876021
3.9519000053406	-6.7787222077395
3.9565999507904	-6.8489204107998
3.9612998962402	-6.9169302761203
3.9660000801086	-6.9825970031191
3.9707000255585	-7.0460576223919
3.9753999710083	-7.1076670536965
3.9800999164581	-7.1678457488055
3.9848001003265	-7.2269048763666
3.9895000457764	-7.2849109665523
3.9941999912262	-7.3416299965193
3.9988999366760	-7.3965743071525
4.0036001205444	-7.4491384485555
4.0082998275757	-7.4987842954170
4.0130000114441	-7.5452183275658
4.0177001953125	-7.5884917653266
4.0223999023438	-7.6289892496918
4.0271000862122	-7.6673247892735
4.0317997932434	-7.7041501354769
4.0364999771118	-7.7399645365119
4.0412001609802	-7.7749655957274
4.0458998680115	-7.8090191774094
4.0506000518799	-7.8417237645333
4.0553002357483	-7.8725823848677
4.0599999427795	-7.9012051590965
4.0647001266479	-7.9274830516090
4.0693998336792	-7.9516759823475
4.0741000175476	-7.9743785280164
4.0788002014160	-7.9963785960568
4.0834999084473	-8.0184467663235
4.0882000923157	-8.0411338672137
4.0928997993469	-8.0646413414397
4.0975999832153	-8.0887979132476
4.1023001670837	-8.1131582504000
4.1069998741150	-8.1371919594763
4.1117000579834	-8.1605018429913
4.1163997650146	-8.1829960404011
4.1210999488831	-8.2049690214432
4.1258001327515	-8.2270482874990
4.1304998397827	-8.2500297926537
4.1352000236511	-8.2746606578091
4.1399002075195	-8.3014286914149
4.1445999145508	-8.3304336720054
4.1493000984192	-8.3613759920212
4.1539998054504	-8.3936727163166
4.1586999893188	-8.4266617676822
4.1634001731873	-8.4598354028720
4.1680998802185	-8.4930243332084
4.1728000640869	-8.5264733582944
4.1774997711182	-8.5607825607175
4.1821999549866	-8.5967273796189
4.1869001388550	-8.6350255850570
4.1915998458862	-8.6761055668451
4.1963000297546	-8.7199744318105
4.2010002136230	-8.7662055990804
4.2056999206543	-8.8140657104898
4.2104001045227	-8.8627394388566
4.2150998115540	-8.9115837900984
4.2197999954224	-8.9603328746604
4.2245001792908	-9.0091724783034
4.2291998863220	-9.0586793970559
4.2339000701904	-9.1096165500132
4.2385997772217	-9.1626649865577
4.2432999610901	-9.2181756860133
4.2480001449585	-9.2760085475553
4.2526998519897	-9.3355338490572
4.2574000358582	-9.3957729686488
4.2621002197266	-9.4556612896550
4.2667999267578	-9.5143431951357
4.2715001106262	-9.5714003905614
4.2761998176575	-9.6269427133776
4.2809000015259	-9.6815256354533
4.2856001853943	-9.7359095898138
4.2902998924255	-9.7907534480753
4.2950000762939	-9.8463263797154
4.2996997833252	-9.9023445886847
4.3043999671936	-9.9579851994966
4.3091001510620	-10.012078893242
4.3137998580933	-10.063436474155
4.3185000419617	-10.111194815896
4.3232002258301	-10.155087693963
4.3278999328613	-10.195538715022
4.3326001167297	-10.233546075196
4.3372998237610	-10.270397792481
4.3420000076294	-10.307319803269
4.3467001914978	-10.345153157503
4.3513998985291	-10.384189811770
4.3561000823975	-10.424189838834
4.3607997894287	-10.464595666993
4.3654999732971	-10.504861348106
4.3702001571655	-10.544796631558
4.3748998641968	-10.584806466581
4.3796000480652	-10.625946001272
4.3843002319336	-10.669766461992
4.3889999389648	-10.717995232248
4.3937001228333	-10.772151428259
4.3983998298645	-10.833208056766
4.4031000137329	-10.901405077083
4.4078001976013	-10.976254230042
4.4124999046326	-11.056753402490
4.4172000885010	-11.141744153746
4.4218997955322	-11.230306203559
4.4265999794006	-11.322088022464
4.4313001632690	-11.417443119026
4.4359998703003	-11.517348994306
4.4407000541687	-11.623108909509
4.4454002380371	-11.735942078949
4.4500999450684	-11.856581608048
4.4548001289368	-11.984998534860
4.4594998359680	-12.120344013121
4.4642000198364	-12.261136706579
4.4689002037048	-12.405662229180
4.4735999107361	-12.552458790875
4.4783000946045	-12.700758524680
4.4829998016357	-12.850759927375
4.4876999855042	-13.003549880872
4.4924001693726	-13.160816429274
4.4970998764038	-13.324302556460
4.5018000602722	-13.495263422024
4.5064997673035	-13.674025464639
4.5111999511719	-13.859834865595
4.5159001350403	-14.051017625329
4.5205998420715	-14.245414481976
4.5253000259399	-14.441049381378
4.5300002098083	-14.636746590126
4.5346999168396	-14.832562656659
4.5394001007080	-15.029820241900
4.5440998077393	-15.230760270001
4.5487999916077	-15.437880410980
4.5535001754761	-15.653165221288
4.5581998825073	-15.877428588398
4.5629000663757	-16.109974369812
4.5675997734070	-16.348689695693
4.5722999572754	-16.590537346094
4.5770001411438	-16.832401525316
4.5816998481750	-17.071976632839
4.5864000320435	-17.308493541554
4.5911002159119	-17.542948985916
4.5957999229431	-17.777797344264
4.6005001068115	-18.016118538156
4.6051998138428	-18.260578059698
4.6098999977112	-18.512426347990
4.6146001815796	-18.770830760529
4.6192998886108	-19.032744313527
4.6240000724792	-19.293337675507
4.6286997795105	-19.546954444712
4.6333999633789	-19.788373077193
4.6381001472473	-20.013949362309
4.6427998542786	-20.222339801194
4.6475000381470	-20.414465634406
4.6522002220154	-20.592751502697
4.6568999290466	-20.759894552839
4.6616001129150	-20.917549597114
4.6662998199463	-21.065278994694
4.6710000038147	-21.200097409623
4.6757001876831	-21.316688091512
4.6803998947144	-21.408360792513
4.6851000785828	-21.468490554004
4.6897997856140	-21.492190398444
4.6944999694824	-21.477631865686
4.6992001533508	-21.426640081188
4.7038998603821	-21.344269560369
4.7086000442505	-21.237577422677
4.7133002281189	-21.113904426614
4.7179999351501	-20.979264432132
4.7227001190186	-20.837174999439
4.7273998260498	-20.688206192596
4.7321000099182	-20.530358386992
4.7368001937866	-20.360097485420
4.7414999008179	-20.173942732986
4.7462000846863	-19.970027066633
4.7508997917175	-19.749205806659
4.7555999755859	-19.515322341614
4.7603001594543	-19.274470375563
4.7649998664856	-19.033560977107
4.7697000503540	-18.798692415327
4.7744002342224	-18.573770935769
4.7790999412537	-18.359757115714
4.7838001251221	-18.154682171946
4.7884998321533	-17.954440276584
4.7932000160217	-17.754161900531
4.7979001998901	-17.549777986144
4.8025999069214	-17.339394401579
4.8073000907898	-17.123941382259
4.8119997978210	-16.906905611320
4.8166999816895	-16.693288493073
4.8214001655579	-16.488081896714
4.8260998725891	-16.294881967993
4.8308000564575	-16.114873535873
4.8354997634888	-15.946609263794
4.8401999473572	-15.786466392413
4.8449001312256	-15.629756675881
4.8495998382568	-15.472157925371
4.8543000221252	-15.311031824542
4.8590002059937	-15.146270062741
4.8636999130249	-14.980254642437
4.8684000968933	-14.817081018921
4.8730998039246	-14.661240774274
4.8777999877930	-14.516235128949
4.8825001716614	-14.383555630736
4.8871998786926	-14.262255621364
4.8919000625610	-14.149257661788
4.8965997695923	-14.040284278643
4.9012999534607	-13.931149730774
4.9060001373291	-13.819065024383
4.9106998443604	-13.703506926508
4.9154000282288	-13.586364014742
4.9201002120972	-13.471278559850
4.9247999191284	-13.362453866255
4.9295001029968	-13.263311974152
4.9341998100281	-13.175419656950
4.9388999938965	-13.097985553600
4.9436001777649	-13.028062778874
4.9482998847961	-12.961370874382
4.9530000686646	-12.893557900646
4.9576997756958	-12.821494760167
4.9623999595642	-12.744204181779
4.9671001434326	-12.663089739022
4.9717998504639	-12.581324012290
4.9765000343323	-12.502687727256
4.9812002182007	-12.430200028633
4.9858999252319	-12.365000209396
4.9906001091003	-12.305836518819
4.9952998161316	-12.249278231125
5.0000000000000	-12.190610466008
#Parameters = {R_fat=48; R_glandular=38; R_skin_outer=50; T10=5; T15=7.5; T5=2.5; T_rad=4; T_x=10; T_y=0; T_z=75; Zc=65; skin_thickness=2; Mesh Pass=3}
#"Frequency / GHz"	"S1,1 (Mesh Pass=3) [Magnitude / dB]"
#-------------------------------------------------------
0.30000001192093	-9.0020092605939
0.30469998717308	-9.3439678696597
0.30939999222755	-9.7258964205443
0.31409999728203	-10.053562626227
0.31880000233650	-10.224971896399
0.32350000739098	-10.181645672060
0.32820001244545	-9.9533482027950
0.33289998769760	-9.6471437487486
0.33759999275208	-9.3932218905802
0.34229999780655	-9.3020968087358
0.34700000286102	-9.4545975426754
0.35170000791550	-9.9122108657131
0.35640001296997	-10.733001244061
0.36109998822212	-11.982946382248
0.36579999327660	-13.715759863428
0.37049999833107	-15.782058538991
0.37520000338554	-17.079983409304
0.37990000844002	-15.868581961050
0.38460001349449	-13.230212304469
0.38929998874664	-10.759323499987
0.39399999380112	-8.8238151535617
0.39869999885559	-7.4053273347192
0.40340000391006	-6.4331548412825
0.40810000896454	-5.8393913866126
0.41280001401901	-5.5636649998529
0.41749998927116	-5.5520772212991
0.42219999432564	-5.7555277417688
0.42689999938011	-6.1262938767655
0.43160000443459	-6.6118910585012
0.43630000948906	-7.1473773341686
0.44100001454353	-7.6512983381589
0.44569998979568	-8.0355853513416
0.45039999485016	-8.2359829334607
0.45509999990463	-8.2465599001009
0.45980000495911	-8.1237297069716
0.46450001001358	-7.9529848053129
0.46919998526573	-7.8102622166458
0.47389999032021	-7.7429805399947
0.47859999537468	-7.7688495697076
0.48330000042915	-7.8813198916530
0.48800000548363	-8.0551395944719
0.49270001053810	-8.2514859286084
0.49739998579025	-8.4252496071659
0.50209999084473	-8.5366504750343
0.50679999589920	-8.5648974364976
0.51150000095367	-8.5161243970944
0.51620000600815	-8.4193492386888
0.52090001106262	-8.3131556501700
0.52560001611710	-8.2318716745982
0.53030002117157	-8.1973057745240
0.53500002622604	-8.2162248506770
0.53969997167587	-8.2813080092774
0.54439997673035	-8.3738248322740
0.54909998178482	-8.4679487742456
0.55379998683929	-8.5371081951101
0.55849999189377	-8.5617835647062
0.56319999694824	-8.5359549951548
0.56790000200272	-8.4687240905638
0.57260000705719	-8.3800302191189
0.57730001211166	-8.2930328791661
0.58200001716614	-8.2270206244594
0.58670002222061	-8.1930648029912
0.59140002727509	-8.1925241344855
0.59609997272491	-8.2176355301969
0.60079997777939	-8.2536895684408
0.60549998283386	-8.2826867613919
0.61019998788834	-8.2881929846627
0.61489999294281	-8.2602585491959
0.61959999799728	-8.1984500034440
0.62430000305176	-8.1115136803122
0.62900000810623	-8.0138905489267
0.63370001316071	-7.9208618782669
0.63840001821518	-7.8443202679167
0.64310002326965	-7.7901737109882
0.64780002832413	-7.7574963675816
0.65249997377396	-7.7391400111157
0.65719997882843	-7.7236299273988
0.66189998388290	-7.6981507336949
0.66659998893738	-7.6521227554413
0.67129999399185	-7.5803164540146
0.67599999904633	-7.4843051142677
0.68070000410080	-7.3716254345903
0.68540000915527	-7.2531099413344
0.69010001420975	-7.1395812376749
0.69480001926422	-7.0390340351108
0.69950002431870	-6.9549022239018
0.70420002937317	-6.8855240527204
0.70889997482300	-6.8247367015897
0.71359997987747	-6.7634977822584
0.71829998493195	-6.6923077572801
0.72299998998642	-6.6038968025857
0.72769999504089	-6.4953452505374
0.73240000009537	-6.3688471446724
0.73710000514984	-6.2308575741545
0.74180001020432	-6.0900197636527
0.74650001525879	-5.9547140888751
0.75120002031326	-5.8309465902118
0.75590002536774	-5.7210134780247
0.76059997081757	-5.6230891075075
0.76529997587204	-5.5317684374656
0.76999998092651	-5.4394890580867
0.77469998598099	-5.3385988241650
0.77939999103546	-5.2235629037381
0.78409999608994	-5.0926083399065
0.78880000114441	-4.9482215515979
0.79350000619888	-4.7963447939879
0.79820001125336	-4.6446295438899
0.80290001630783	-4.5003573105308
0.80760002136230	-4.3686112436913
0.81230002641678	-4.2510771653344
0.81699997186661	-4.1456708881366
0.82169997692108	-4.0470687472686
0.82639998197556	-3.9481111613755
0.83109998703003	-3.8418106043118
0.83579999208450	-3.7234309945238
0.84049999713898	-3.5919806917758
0.84520000219345	-3.4505587032001
0.84990000724792	-3.3054881041208
0.85460001230240	-3.1645515611670
0.85930001735687	-3.0349026015714
0.86400002241135	-2.9212159046736
0.86870002746582	-2.8244851004706
0.87339997291565	-2.7416972269571
0.87809997797012	-2.6665483716635
0.88279998302460	-2.5911333053242
0.88749998807907	-2.5082455207783
0.89219999313354	-2.4136389951932
0.89689999818802	-2.3075045129000
0.90160000324249	-2.1945808629949
0.90630000829697	-2.0828944896376
0.91100001335144	-1.9815770217570
0.91570001840591	-1.8983793314441
0.92040002346039	-1.8375850124463
0.92510002851486	-1.7987743261633
0.92979997396469	-1.7767613881483
0.93449997901917	-1.7628757163310
0.93919998407364	-1.7473948392869
0.94389998912811	-1.7225822160214
0.94859999418259	-1.6854316226287
0.95329999923706	-1.6390866043980
0.95800000429153	-1.5924058426820
0.96270000934601	-1.5577800443175
0.96740001440048	-1.5479274500314
0.97210001945496	-1.5726685607020
0.97680002450943	-1.6364473450769
0.98150002956390	-1.7372290548577
0.98619997501373	-1.8671142649798
0.99089998006821	-2.0148097268888
0.99559998512268	-2.1697185737758
1.0003000497818	-2.3268168994740
1.0049999952316	-2.4909338955883
1.0096999406815	-2.6788655957512
1.0144000053406	-2.9186382015823
1.0190999507904	-3.2465170782228
1.0238000154495	-3.7035542728922
1.0284999608994	-4.3337527238611
1.0332000255585	-5.1857183794097
1.0378999710083	-6.3197288772786
1.0426000356674	-7.8237826206412
1.0472999811172	-9.8484665405540
1.0520000457764	-12.692274355965
1.0566999912262	-17.038760308211
1.0614000558853	-23.632693803068
1.0661000013351	-20.388155737187
1.0707999467850	-14.604296421492
1.0755000114441	-10.977919084991
1.0801999568939	-8.4723593150263
1.0849000215530	-6.6294480417109
1.0895999670029	-5.2365548879413
1.0943000316620	-4.1788246145818
1.0989999771118	-3.3837739721088
1.1037000417709	-2.7974169015572
1.1083999872208	-2.3734604640290
1.1131000518799	-2.0693212197834
1.1177999973297	-1.8461582935538
1.1224999427795	-1.6710631142830
1.1272000074387	-1.5197250308970
1.1318999528885	-1.3780856661213
1.1366000175476	-1.2419865660859
1.1412999629974	-1.1147238454674
1.1460000276566	-1.0033324522248
1.1506999731064	-0.91477600455455
1.1554000377655	-0.85308371079346
1.1600999832153	-0.81792782283731
1.1648000478745	-0.80467184597467
1.1694999933243	-0.80562075749354
1.1742000579834	-0.81202676670442
1.1789000034332	-0.81627601695496
1.1835999488831	-0.81365836217801
1.1883000135422	-0.80325567180352
1.1929999589920	-0.78765716215341
1.1977000236511	-0.77171562479489
1.2023999691010	-0.76076109514712
1.2071000337601	-0.75893184521044
1.2117999792099	-0.76802904938659
1.2165000438690	-0.78716344858301
1.2211999893188	-0.81318936974249
1.2259000539780	-0.84170682687473
1.2305999994278	-0.86834424006466
1.2352999448776	-0.88998031602452
1.2400000095367	-0.90551147190897
1.2446999549866	-0.91600804532828
1.2494000196457	-0.92421864085996
1.2540999650955	-0.93360599898027
1.2588000297546	-0.94725951015119
1.2634999752045	-0.96704090500007
1.2682000398636	-0.99312357829180
1.2728999853134	-1.0240708724496
1.2776000499725	-1.0573428248072
1.2822999954224	-1.0900805019266
1.2869999408722	-1.1199360284110
1.2917000055313	-1.1457191979372
1.2963999509811	-1.1676726781743
1.3011000156403	-1.1873101772718
1.3057999610901	-1.2068956696637
1.3105000257492	-1.2287344567336
1.3151999711990	-1.2545099611117
1.3199000358582	-1.2848485597705
1.3245999813080	-1.3192197759526
1.3293000459671	-1.3561621468727
1.3339999914169	-1.3937536682829
1.3387000560760	-1.4301914055048
1.3434000015259	-1.4643093801414
1.3480999469757	-1.4958904380004
1.3528000116348	-1.5256878127310
1.3574999570847	-1.5551655702703
1.3622000217438	-1.5860461314394
1.3668999671936	-1.6198134378998
1.3716000318527	-1.6573262922153
1.3762999773026	-1.6986182014578
1.3810000419617	-1.7429578291807
1.3856999874115	-1.7891063277539
1.3904000520706	-1.8357038743975
1.3950999975204	-1.8816835582832
1.3997999429703	-1.9265723352824
1.4045000076294	-1.9706259323651
1.4091999530792	-2.0147402361103
1.4139000177383	-2.0601912961213
1.4185999631882	-2.1082798786227
1.4233000278473	-2.1599942133541
1.4279999732971	-2.2157694935818
1.4327000379562	-2.2754345760790
1.4373999834061	-2.3383041673651
1.4421000480652	-2.4034237560186
1.4467999935150	-2.4698715552980
1.4515000581741	-2.5370477154571
1.4562000036240	-2.6048644665518
1.4608999490738	-2.6737908833513
1.4656000137329	-2.7447362265570
1.4702999591827	-2.8188273763115
1.4750000238419	-2.8971294317899
1.4796999692917	-2.9804010223261
1.4844000339508	-3.0689386820550
1.4890999794006	-3.1625614880645
1.4938000440598	-3.2607129340932
1.4984999895096	-3.3626664780373
1.5032000541687	-3.4677744444164
1.5078999996185	-3.5756927253770
1.5125999450684	-3.6865266194071
1.5173000097275	-3.8008432412385
1.5219999551773	-3.9195734980710
1.5267000198364	-4.0438090615304
1.5313999652863	-4.1745664351020
1.5361000299454	-4.3125701487892
1.5407999753952	-4.4581243730731
1.5455000400543	-4.6110870421056
1.5501999855042	-4.7709699598793
1.5549000501633	-4.9371266436246
1.5595999956131	-5.1089873211691
1.5642999410629	-5.2862878350070
1.5690000057220	-5.4692102448747
1.5736999511719	-5.6584180535805
1.5784000158310	-5.8549588392348
1.5830999612808	-6.0600550215146
1.5878000259399	-6.2748566879855
1.5924999713898	-6.5001937868102
1.5972000360489	-6.7364239630072
1.6018999814987	-6.9833860129097
1.6066000461578	-7.2405100125516
1.6112999916077	-7.5070367489621
1.6160000562668	-7.7823125284156
1.6207000017166	-8.0660843709361
1.6253999471664	-8.3586999540712
1.6301000118256	-8.6611633068208
1.6347999572754	-8.9750099553955
1.6395000219345	-9.3020317897103
1.6441999673843	-9.6439258388679
1.6489000320435	-10.001956430190
1.6535999774933	-10.376724810943
1.6583000421524	-10.768123608760
1.6629999876022	-11.175504334490
1.6677000522614	-11.598040878329
1.6723999977112	-12.035219153750
1.6770999431610	-12.487313100369
1.6818000078201	-12.955725063416
1.6864999532700	-13.443066040564
1.6912000179291	-13.952924909854
1.6958999633789	-14.489419485908
1.7006000280380	-15.056581149631
1.7052999734879	-15.657807399274
1.7100000381470	-16.295505353674
1.7146999835968	-16.971072722191
1.7194000482559	-17.685320588428
1.7240999937057	-18.439297853705
1.7288000583649	-19.235431781154
1.7335000038147	-20.078698807124
1.7381999492645	-20.977488216716
1.7429000139236	-21.943795871068
1.7475999593735	-22.992332277080
1.7523000240326	-24.137992629771
1.7569999694824	-25.390434328294
1.7617000341415	-26.742732489618
1.7663999795914	-28.148260297488
1.7711000442505	-29.480674354261
1.7757999897003	-30.499647384987
1.7805000543594	-30.921444856339
1.7851999998093	-30.647553990317
1.7898999452591	-29.864538733420
1.7946000099182	-28.844421723122
1.7992999553680	-27.770661995452
1.8040000200272	-26.728660935189
1.8086999654770	-25.749570155271
1.8134000301361	-24.842217193825
1.8180999755859	-24.008045556229
1.8228000402451	-23.246358506884
1.8274999856949	-22.555456658264
1.8322000503540	-21.932311599838
1.8368999958038	-21.372213817939
1.8415999412537	-20.868756911885
1.8463000059128	-20.414254878334
1.8509999513626	-20.000502439224
1.8557000160217	-19.619774056203
1.8603999614716	-19.265660058328
1.8651000261307	-18.933728702974
1.8697999715805	-18.621700867724
1.8745000362396	-18.329114632161
1.8791999816895	-18.056672294906
1.8839000463486	-17.805397747039
1.8885999917984	-17.575870150297
1.8933000564575	-17.367715399392
1.8980000019073	-17.179436658709
1.9026999473572	-17.008608184034
1.9074000120163	-16.852297425950
1.9120999574661	-16.707657883532
1.9168000221252	-16.572491562493
1.9214999675751	-16.445629492037
1.9262000322342	-16.327028996863
1.9308999776840	-16.217567840759
1.9356000423431	-16.118622575209
1.9402999877930	-16.031555637287
1.9450000524521	-15.957236008646
1.9496999979019	-15.895748908338
1.9543999433517	-15.846333354767
1.9591000080109	-15.807546971417
1.9637999534607	-15.777630130850
1.9685000181198	-15.754928381648
1.9731999635696	-15.738303057121
1.9779000282288	-15.727392494249
1.9825999736786	-15.722652855814
1.9873000383377	-15.725184488895
1.9919999837875	-15.736394238892
1.9967000484467	-15.757584515577
2.0013999938965	-15.789604000707
2.0060999393463	-15.832615272381
2.0107998847961	-15.886055836263
2.0155000686646	-15.948788743934
2.0202000141144	-16.019390409563
2.0248999595642	-16.096524482353
2.0295999050140	-16.179276536070
2.0343000888824	-16.267381908942
2.0390000343323	-16.361268280644
2.0436999797821	-16.461910036324
2.0483999252319	-16.570528556305
2.0531001091003	-16.688228186782
2.0578000545502	-16.815655511556
2.0625000000000	-16.952756225046
2.0671999454498	-17.098697607727
2.0718998908997	-17.251970991368
2.0766000747681	-17.410624571716
2.0813000202179	-17.572596262430
2.0859999656677	-17.736068003847
2.0906999111176	-17.899684437139
2.0954000949860	-18.062682283129
2.1001000404358	-18.224774971094
2.1047999858856	-18.385896806433
2.1094999313354	-18.545871872728
2.1142001152039	-18.704045043655
2.1189000606537	-18.859011139687
2.1236000061035	-19.008499229471
2.1282999515533	-19.149450076814
2.1329998970032	-19.278271423070
2.1377000808716	-19.391238952594
2.1424000263214	-19.484956675516
2.1470999717712	-19.556794429505
2.1517999172211	-19.605169348691
2.1565001010895	-19.629656647482
2.1612000465393	-19.630883596707
2.1658999919891	-19.610223016807
2.1705999374390	-19.569451234452
2.1752998828888	-19.510338497865
2.1800000667572	-19.434394848983
2.1847000122070	-19.342706583681
2.1893999576569	-19.235973055835
2.1940999031067	-19.114724974608
2.1988000869751	-18.979550410370
2.2035000324249	-18.831428602874
2.2081999778748	-18.671943120742
2.2128999233246	-18.503313193714
2.2176001071930	-18.328306877410
2.2223000526428	-18.149950873973
2.2269999980927	-17.971147116338
2.2316999435425	-17.794336857042
2.2363998889923	-17.621206104053
2.2411000728607	-17.452601781204
2.2458000183105	-17.288548654444
2.2504999637604	-17.128528815243
2.2551999092102	-16.971787327534
2.2599000930786	-16.817705715795
2.2646000385284	-16.666082233918
2.2692999839783	-16.517299226023
2.2739999294281	-16.372270202810
2.2787001132965	-16.232265982724
2.2834000587463	-16.098624818843
2.2881000041962	-15.972403303855
2.2927999496460	-15.854163912060
2.2974998950958	-15.743840418712
2.3022000789642	-15.640788438490
2.3069000244141	-15.543967434751
2.3115999698639	-15.452239621783
2.3162999153137	-15.364641461527
2.3210000991821	-15.280663737170
2.3257000446320	-15.200348007070
2.3303999900818	-15.124242799883
2.3350999355316	-15.053229202412
2.3397998809814	-14.988251690687
2.3445000648499	-14.930022825389
2.3492000102997	-14.878848513781
2.3538999557495	-14.834499469634
2.3585999011993	-14.796287977581
2.3633000850677	-14.763243759275
2.3680000305176	-14.734359376768
2.3726999759674	-14.708855906391
2.3773999214172	-14.686379752283
2.3821001052856	-14.667079104832
2.3868000507355	-14.651536727144
2.3914999961853	-14.640585124502
2.3961999416351	-14.635060679926
2.4008998870850	-14.635561713989
2.4056000709534	-14.642269607353
2.4103000164032	-14.654900497444
2.4149999618530	-14.672781645992
2.4196999073029	-14.695029835134
2.4244000911713	-14.720796679184
2.4291000366211	-14.749485944289
2.4337999820709	-14.780932248270
2.4384999275208	-14.815428109381
2.4432001113892	-14.853628157436
2.4479000568390	-14.896378466638
2.4526000022888	-14.944468506419
2.4572999477386	-14.998402883309
2.4619998931885	-15.058267916986
2.4667000770569	-15.123721384527
2.4714000225067	-15.194059970071
2.4760999679565	-15.268422190317
2.4807999134064	-15.346034453526
2.4855000972748	-15.426395604651
2.4902000427246	-15.509438234719
2.4948999881744	-15.595523155072
2.4995999336243	-15.685339222853
2.5043001174927	-15.779707554406
2.5090000629425	-15.879333352218
2.5137000083923	-15.984590410236
2.5183999538422	-16.095415009902
2.5230998992920	-16.211278133019
2.5278000831604	-16.331300450580
2.5325000286102	-16.454443825258
2.5371999740601	-16.579756233799
2.5418999195099	-16.706571476731
2.5466001033783	-16.834634553318
2.5513000488281	-16.964100614676
2.5559999942780	-17.095421586734
2.5606999397278	-17.229112271691
2.5653998851776	-17.365514021984
2.5701000690460	-17.504568187233
2.5748000144958	-17.645685257673
2.5794999599457	-17.787726747926
2.5841999053955	-17.929123304566
2.5889000892639	-18.068078386314
2.5936000347137	-18.202815022378
2.5982999801636	-18.331811608783
2.6029999256134	-18.453943700073
2.6077001094818	-18.568513229570
2.6124000549316	-18.675136553882
2.6171000003815	-18.773551372545
2.6217999458313	-18.863381342219
2.6264998912811	-18.943925994730
2.6312000751495	-19.014032555049
2.6359000205994	-19.072134665616
2.6405999660492	-19.116345096307
2.6452999114990	-19.144750061758
2.6500000953674	-19.155652588957
2.6547000408173	-19.147882321489
2.6593999862671	-19.120982856049
2.6640999317169	-19.075225902738
2.6688001155853	-19.011581882826
2.6735000610352	-18.931450816383
2.6782000064850	-18.836407173053
2.6828999519348	-18.727931987380
2.6875998973846	-18.607204103852
2.6923000812531	-18.475027537621
2.6970000267029	-18.331860184133
2.7016999721527	-18.177972351657
2.7063999176025	-18.013663085446
2.7111001014709	-17.839490017426
2.7158000469208	-17.656388537566
2.7204999923706	-17.465735691609
2.7251999378204	-17.269256978300
2.7298998832703	-17.068813305848
2.7346000671387	-16.866191946553
2.7393000125885	-16.662840806158
2.7439999580383	-16.459725269363
2.7486999034882	-16.257283143084
2.7534000873566	-16.055490570182
2.7581000328064	-15.854039726210
2.7627999782562	-15.652580739750
2.7674999237061	-15.450925381870
2.7722001075745	-15.249218083903
2.7769000530243	-15.047966045154
2.7815999984741	-14.847978239616
2.7862999439240	-14.650193273991
2.7909998893738	-14.455478609484
2.7957000732422	-14.264430015047
2.8004000186920	-14.077262218804
2.8050999641418	-13.893789312318
2.8097999095917	-13.713506364676
2.8145000934601	-13.535764879514
2.8192000389099	-13.359969909679
2.8238999843597	-13.185754071200
2.8285999298096	-13.013082964614
2.8333001136780	-12.842258245352
2.8380000591278	-12.673823201041
2.8427000045776	-12.508388384935
2.8473999500275	-12.346467053808
2.8520998954773	-12.188313138336
2.8568000793457	-12.033854435988
2.8615000247955	-11.882714678773
2.8661999702454	-11.734327751887
2.8708999156952	-11.588086075770
2.8756000995636	-11.443516921747
2.8803000450134	-11.300412341784
2.8849999904633	-11.158856689238
2.8896999359131	-11.019205971685
2.8943998813629	-10.881955906136
2.8991000652313	-10.747586615891
2.9038000106812	-10.616417665863
2.9084999561310	-10.488508427546
2.9131999015808	-10.363640418753
2.9179000854492	-10.241379742164
2.9226000308990	-10.121205227610
2.9272999763489	-10.002646550691
2.9319999217987	-9.8854312645236
2.9367001056671	-9.7695401265551
2.9414000511169	-9.6552099166156
2.9460999965668	-9.5428441968169
2.9507999420166	-9.4328916770360
2.9554998874664	-9.3257040652586
2.9602000713348	-9.2214339242060
2.9649000167847	-9.1199772264662
2.9695999622345	-9.0210230170706
2.9742999076843	-8.9241247751681
2.9790000915527	-8.8288547599966
2.9837000370026	-8.7348995353851
2.9883999824524	-8.6421746113040
2.9930999279022	-8.5508189091606
2.9978001117706	-8.4611618390313
3.0025000572205	-8.3736014070001
3.0072000026703	-8.2884965722808
3.0118999481201	-8.2060409470213
3.0165998935699	-8.1262223691353
3.0213000774384	-8.0488053045239
3.0260000228882	-7.9734158937378
3.0306999683380	-7.8996514948324
3.0353999137878	-7.8271858526604
3.0401000976562	-7.7558796347844
3.0448000431061	-7.6857943366293
3.0494999885559	-7.6171852416219
3.0541999340057	-7.5503992195892
3.0589001178741	-7.4857821287983
3.0636000633240	-7.4235585939498
3.0683000087738	-7.3637604283262
3.0729999542236	-7.3062240332376
3.0776998996735	-7.2506243005642
3.0824000835419	-7.1965898797894
3.0871000289917	-7.1437901785264
3.0917999744415	-7.0920358095945
3.0964999198914	-7.0413387157182
3.1012001037598	-6.9918886730771
3.1059000492096	-6.9439931377526
3.1105999946594	-6.8979774650380
3.1152999401093	-6.8540808424919
3.1199998855591	-6.8123767446045
3.1247000694275	-6.7727531923763
3.1294000148773	-6.7349361565962
3.1340999603271	-6.6985711695407
3.1387999057770	-6.6633267025787
3.1435000896454	-6.6289889827872
3.1482000350952	-6.5955144212440
3.1528999805450	-6.5630502146249
3.1575999259949	-6.5318639673168
3.1623001098633	-6.5022682025293
3.1670000553131	-6.4745146573854
3.1717000007629	-6.4487066232565
3.1763999462128	-6.4247729490324
3.1810998916626	-6.4024807599825
3.1858000755310	-6.3814944034369
3.1905000209808	-6.3614742245106
3.1951999664307	-6.3421839176571
3.1998999118805	-6.3235365995942
3.2046000957489	-6.3056301302277
3.2093000411987	-6.2886997100416
3.2139999866486	-6.2730315679094
3.2186999320984	-6.2588829657542
3.2234001159668	-6.2463814630822
3.2281000614166	-6.2354732054119
3.2328000068665	-6.2259433213646
3.2374999523163	-6.2174608810280
3.2421998977661	-6.2096654847122
3.2469000816345	-6.2022755219730
3.2516000270844	-6.1951481111863
3.2562999725342	-6.1883122372226
3.2609999179840	-6.1819495093539
3.2657001018524	-6.1763054952403
3.2704000473022	-6.1716045680055
3.2750999927521	-6.1679532990894
3.2797999382019	-6.1652883307997
3.2844998836517	-6.1633653475631
3.2892000675201	-6.1618073343670
3.2939000129700	-6.1601865974591
3.2985999584198	-6.1581314695414
3.3032999038696	-6.1553923073503
3.3080000877380	-6.1518870904324
3.3127000331879	-6.1476844879093
3.3173999786377	-6.1429228973562
3.3220999240875	-6.1377330564507
3.3268001079559	-6.1321334170136
3.3315000534058	-6.1259642901231
3.3361999988556	-6.1188812391788
3.3408999443054	-6.1103873916316
3.3455998897552	-6.0999376753705
3.3503000736237	-6.0870146169181
3.3550000190735	-6.0712321477810
3.3596999645233	-6.0523805470233
3.3643999099731	-6.0304054177694
3.3691000938416	-6.0053580668174
3.3738000392914	-5.9772932885455
3.3784999847412	-5.9461821151860
3.3831999301910	-5.9118514617053
3.3879001140594	-5.8739722825507
3.3926000595093	-5.8321067052531
3.3973000049591	-5.7858011828723
3.4019999504089	-5.7346967866771
3.4066998958588	-5.6786136657230
3.4114000797272	-5.6175960912665
3.4161000251770	-5.5519090494515
3.4207999706268	-5.4819668387827
3.4254999160767	-5.4082499236627
3.4302000999451	-5.3312042914092
3.4349000453949	-5.2511822425056
3.4395999908447	-5.1684335643245
3.4442999362946	-5.0831370942683
3.4489998817444	-4.9954751696121
3.4537000656128	-4.9057240421219
3.4584000110626	-4.8143095487669
3.4630999565125	-4.7218324577025
3.4677999019623	-4.6290443870921
3.4725000858307	-4.5367748538745
3.4772000312805	-4.4458342647975
3.4818999767303	-4.3569337587064
3.4865999221802	-4.2706190299440
3.4913001060486	-4.1872548920203
3.4960000514984	-4.1070549901413
3.5006999969482	-4.0301447684909
3.5053999423981	-3.9566285193779
3.5100998878479	-3.8866554338109
3.5148000717163	-3.8204602739236
3.5195000171661	-3.7583410966710
3.5241999626160	-3.7006293846051
3.5288999080658	-3.6476244616456
3.5336000919342	-3.5995261389891
3.5383000373840	-3.5563919780780
3.5429999828339	-3.5181264483469
3.5476999282837	-3.4844976589605
3.5524001121521	-3.4551966292965
3.5571000576019	-3.4299089610225
3.5618000030518	-3.4083719233403
3.5664999485016	-3.3904295116266
3.5711998939514	-3.3760259516467
3.5759000778198	-3.3651923687851
3.5806000232697	-3.3579884831820
3.5852999687195	-3.3544432488352
3.5899999141693	-3.3545013030574
3.5947000980377	-3.3580006335561
3.5994000434875	-3.3646701651250
3.6040999889374	-3.3741776119599
3.6087999343872	-3.3861838711031
3.6135001182556	-3.4004058773468
3.6182000637054	-3.4166640299752
3.6229000091553	-3.4348974882195
3.6275999546051	-3.4551599019607
3.6322999000549	-3.4775514995247
3.6370000839233	-3.5021886348145
3.6417000293732	-3.5291095302473
3.6463999748230	-3.5582596767701
3.6510999202728	-3.5894791401418
3.6558001041412	-3.6225218389851
3.6605000495911	-3.6571129712459
3.6651999950409	-3.6930148608657
3.6698999404907	-3.7300786816629
3.6745998859406	-3.7682763140133
3.6793000698090	-3.8076961515027
3.6840000152588	-3.8485018307067
3.6886999607086	-3.8908751512807
3.6933999061584	-3.9349489712546
3.6981000900269	-3.9807539486580
3.7028000354767	-4.0282079913408
3.7074999809265	-4.0771191868665
3.7121999263763	-4.1272426902205
3.7169001102448	-4.1783475586294
3.7216000556946	-4.2302741805772
3.7263000011444	-4.2829839016421
3.7309999465942	-4.3365617491001
3.7356998920441	-4.3911858651261
3.7404000759125	-4.4470726751305
3.7451000213623	-4.5044011449516
3.7497999668121	-4.5632462093320
3.7544999122620	-4.6235551755677
3.7592000961304	-4.6851485505134
3.7639000415802	-4.7477623160902
3.7685999870300	-4.8111223672723
3.7732999324799	-4.8750137558468
3.7780001163483	-4.9393418186301
3.7827000617981	-5.0041473361798
3.7874000072479	-5.0695881861116
3.7920999526978	-5.1358719723203
3.7967998981476	-5.2031865150759
3.8015000820160	-5.2716117749114
3.8062000274658	-5.3410842755649
3.8108999729156	-5.4113854951434
3.8155999183655	-5.4821837269241
3.8203001022339	-5.5531118734038
3.8250000476837	-5.6238505717950
3.8296999931335	-5.6942060118406
3.8343999385834	-5.7641364696313
3.8390998840332	-5.8337426083552
3.8438000679016	-5.9032014908513
3.8485000133514	-5.9726777027313
3.8531999588013	-6.0422276398117
3.8578999042511	-6.1117446275063
3.8626000881195	-6.1809369986743
3.8673000335693	-6.2493778995092
3.8719999790192	-6.3165860897019
3.8766999244690	-6.3821317734216
3.8814001083374	-6.4457222650996
3.8861000537872	-6.5072650963771
3.8907999992371	-6.5668398273322
3.8954999446869	-6.6246382602986
3.9001998901367	-6.6808556478653
3.9049000740051	-6.7355898439166
3.9096000194550	-6.7887524745689
3.9142999649048	-6.8400616583831
3.9189999103546	-6.8890881294953
3.9237000942230	-6.9353453698444
3.9284000396729	-6.9784249580591
3.9330999851227	-7.0180962775502
3.9377999305725	-7.0543600200093
3.9425001144409	-7.0874412327182
3.9472000598907	-7.1177011232213
3.9519000053406	-7.1455196281728
3.9565999507904	-7.1711718166281
3.9612998962402	-7.1947378500344
3.9660000801086	-7.2160935687259
3.9707000255585	-7.2349552214415
3.9753999710083	-7.2509922668957
3.9800999164581	-7.2639605865628
3.9848001003265	-7.2738132000593
3.9895000457764	-7.2807507616125
3.9941999912262	-7.2851967240192
3.9988999366760	-7.2877137657719
4.0036001205444	-7.2888582423799
4.0082998275757	-7.2890615535931
4.0130000114441	-7.2885334709381
4.0177001953125	-7.2872537545595
4.0223999023438	-7.2850281030189
4.0271000862122	-7.2815992076444
4.0317997932434	-7.2767845939257
4.0364999771118	-7.2705884649742
4.0412001609802	-7.2632500852839
4.0458998680115	-7.2552272156899
4.0506000518799	-7.2470885457898
4.0553002357483	-7.2393992625018
4.0599999427795	-7.2325773809636
4.0647001266479	-7.2268136247455
4.0693998336792	-7.2220545593631
4.0741000175476	-7.2180516625147
4.0788002014160	-7.2144796629663
4.0834999084473	-7.2110776192550
4.0882000923157	-7.2077507458366
4.0928997993469	-7.2046447385936
4.0975999832153	-7.2021201523231
4.1023001670837	-7.2006679083143
4.1069998741150	-7.2007841773539
4.1117000579834	-7.2028355272447
4.1163997650146	-7.2069660301163
4.1210999488831	-7.2130676844890
4.1258001327515	-7.2208294471064
4.1304998397827	-7.2298410528967
4.1352000236511	-7.2397341111107
4.1399002075195	-7.2503049500299
4.1445999145508	-7.2615815308620
4.1493000984192	-7.2738339646715
4.1539998054504	-7.2874869982830
4.1586999893188	-7.3030000763837
4.1634001731873	-7.3207293707324
4.1680998802185	-7.3408160868371
4.1728000640869	-7.3631473155311
4.1774997711182	-7.3873815447090
4.1821999549866	-7.4130570422311
4.1869001388550	-7.4397272349131
4.1915998458862	-7.4670988209941
4.1963000297546	-7.4951240000128
4.2010002136230	-7.5240189775417
4.2056999206543	-7.5541987871446
4.2104001045227	-7.5861581729344
4.2150998115540	-7.6203206768519
4.2197999954224	-7.6569141447580
4.2245001792908	-7.6959097647980
4.2291998863220	-7.7370340225600
4.2339000701904	-7.7798688724832
4.2385997772217	-7.8239936426720
4.2432999610901	-7.8691407692385
4.2480001449585	-7.9153091980333
4.2526998519897	-7.9628010740660
4.2574000358582	-8.0121750973530
4.2621002197266	-8.0641122389892
4.2667999267578	-8.1192561626155
4.2715001106262	-8.1780548705029
4.2761998176575	-8.2406574657018
4.2809000015259	-8.3069025397022
4.2856001853943	-8.3763916662745
4.2902998924255	-8.4486283179625
4.2950000762939	-8.5231918716769
4.2996997833252	-8.5998768750409
4.3043999671936	-8.6787650176294
4.3091001510620	-8.7602032205777
4.3137998580933	-8.8446888887784
4.3185000419617	-8.9326946811141
4.3232002258301	-9.0244922432685
4.3278999328613	-9.1200264699962
4.3326001167297	-9.2188746143285
4.3372998237610	-9.3203249453398
4.3420000076294	-9.4235372463912
4.3467001914978	-9.5277584571837
4.3513998985291	-9.6325232408016
4.3561000823975	-9.7377716891030
4.3607997894287	-9.8438536417265
4.3654999732971	-9.9514037419766
4.3702001571655	-10.061126874288
4.3748998641968	-10.173560350454
4.3796000480652	-10.288876839600
4.3843002319336	-10.406802433943
4.3889999389648	-10.526668906315
4.3937001228333	-10.647601005582
4.3983998298645	-10.768775391620
4.4031000137329	-10.889689084510
4.4078001976013	-11.010336319186
4.4124999046326	-11.131244768663
4.4172000885010	-11.253344296854
4.4218997955322	-11.377710886757
4.4265999794006	-11.505263134755
4.4313001632690	-11.636499511819
4.4359998703003	-11.771371998816
4.4407000541687	-11.909329259976
4.4454002380371	-12.049534161437
4.4500999450684	-12.191193561758
4.4548001289368	-12.333913390175
4.4594998359680	-12.477955601328
4.4642000198364	-12.624316733512
4.4689002037048	-12.774598516891
4.4735999107361	-12.930695749901
4.4783000946045	-13.094404542537
4.4829998016357	-13.267056998248
4.4876999855042	-13.449300125317
4.4924001693726	-13.641077994733
4.4970998764038	-13.841832256662
4.5018000602722	-14.050869164168
4.5064997673035	-14.267784369165
4.5111999511719	-14.492818957140
4.5159001350403	-14.727016555028
4.5205998420715	-14.972110655353
4.5253000259399	-15.230161564308
4.5300002098083	-15.503028902086
4.5346999168396	-15.791820663310
4.5394001007080	-16.096490483207
4.5440998077393	-16.415698357003
4.5487999916077	-16.747026226269
4.5535001754761	-17.087527043015
4.5581998825073	-17.434495400895
4.5629000663757	-17.786234149617
4.5675997734070	-18.142547974728
4.5722999572754	-18.504742798754
4.5770001411438	-18.875055826569
4.5816998481750	-19.255637203359
4.5864000320435	-19.647372656379
4.5911002159119	-20.048890770064
4.5957999229431	-20.456119246035
4.6005001068115	-20.862613044580
4.6051998138428	-21.260728481103
4.6098999977112	-21.643372448413
4.6146001815796	-22.005694832470
4.6192998886108	-22.345969541981
4.6240000724792	-22.665055317291
4.6286997795105	-22.964488587812
4.6333999633789	-23.243862813273
4.6381001472473	-23.498617419893
4.6427998542786	-23.719335915927
4.6475000381470	-23.893267007507
4.6522002220154	-24.008014914253
4.6568999290466	-24.056058322980
4.6616001129150	-24.037962797027
4.6662998199463	-23.962339196036
4.6710000038147	-23.842653427049
4.6757001876831	-23.692462891399
4.6803998947144	-23.521546794530
4.6851000785828	-23.334209590825
4.6897997856140	-23.129949356081
4.6944999694824	-22.905952851520
4.6992001533508	-22.660215082504
4.7038998603821	-22.394004871261
4.7086000442505	-22.112724806348
4.7133002281189	-21.824897055844
4.7179999351501	-21.540007837904
4.7227001190186	-21.266075110940
4.7273998260498	-21.007933994882
4.7321000099182	-20.766523924275
4.7368001937866	-20.539384985491
4.7414999008179	-20.321982483605
4.7462000846863	-20.109544410600
4.7508997917175	-19.898849312997
4.7555999755859	-19.689359407426
4.7603001594543	-19.483442440105
4.7649998664856	-19.285508711493
4.7697000503540	-19.100618326587
4.7744002342224	-18.932894559223
4.7790999412537	-18.784343808102
4.7838001251221	-18.654346663197
4.7884998321533	-18.539898515288
4.7932000160217	-18.436518672544
4.7979001998901	-18.339612568846
4.8025999069214	-18.245837481285
4.8073000907898	-18.154080491861
4.8119997978210	-18.065698036088
4.8166999816895	-17.983880913361
4.8214001655579	-17.912480842346
4.8260998725891	-17.854538144170
4.8308000564575	-17.811114200082
4.8354997634888	-17.780635862433
4.8401999473572	-17.759011836607
4.8449001312256	-17.740486671985
4.8495998382568	-17.718996258583
4.8543000221252	-17.689720210331
4.8590002059937	-17.650229108157
4.8636999130249	-17.600823443963
4.8684000968933	-17.543899466579
4.8730998039246	-17.482538751318
4.8777999877930	-17.418903093425
4.8825001716614	-17.352925136065
4.8871998786926	-17.281832898199
4.8919000625610	-17.200624768777
4.8965997695923	-17.103441665432
4.9012999534607	-16.985378300575
4.9060001373291	-16.844175972925
4.9106998443604	-16.680994121862
4.9154000282288	-16.500096240948
4.9201002120972	-16.307445590264
4.9247999191284	-16.108906747501
4.9295001029968	-15.908623805768
4.9341998100281	-15.708176139395
4.9388999938965	-15.506628358358
4.9436001777649	-15.301387533348
4.9482998847961	-15.089595190721
4.9530000686646	-14.869530015291
4.9576997756958	-14.641546374629
4.9623999595642	-14.408280841028
4.9671001434326	-14.174009479740
4.9717998504639	-13.943491319993
4.9765000343323	-13.720701751907
4.9812002182007	-13.507880687350
4.9858999252319	-13.305110468726
4.9906001091003	-13.110550408511
4.9952998161316	-12.921177173888
5.0000000000000	-12.733864074932
#Parameters = {R_fat=48; R_glandular=38; R_skin_outer=50; T10=5; T15=7.5; T5=2.5; T_rad=4; T_x=10; T_y=0; T_z=75; Zc=65; skin_thickness=2; Mesh Pass=4}
#"Frequency / GHz"	"S1,1 (Mesh Pass=4) [Magnitude / dB]"
#-------------------------------------------------------
0.30000001192093	-14.156021970733
0.30469998717308	-14.181069733835
0.30939999222755	-14.601753327129
0.31409999728203	-15.423589427144
0.31880000233650	-16.539252024628
0.32350000739098	-17.609328794792
0.32820001244545	-18.051643660124
0.33289998769760	-17.627563300322
0.33759999275208	-16.852606908278
0.34229999780655	-16.351560073853
0.34700000286102	-16.496754531950
0.35170000791550	-17.577424340556
0.35640001296997	-20.133162046386
0.36109998822212	-26.147888949093
0.36579999327660	-36.486460954796
0.37049999833107	-21.012948667561
0.37520000338554	-15.323946148946
0.37990000844002	-11.835007409659
0.38460001349449	-9.4820632730388
0.38929998874664	-7.9186020735082
0.39399999380112	-6.9859575862761
0.39869999885559	-6.5813166079011
0.40340000391006	-6.6193183656946
0.40810000896454	-7.0262113189057
0.41280001401901	-7.7399165124713
0.41749998927116	-8.7010485292164
0.42219999432564	-9.8262672381034
0.42689999938011	-10.963685394973
0.43160000443459	-11.869968545314
0.43630000948906	-12.317156103426
0.44100001454353	-12.308288194508
0.44569998979568	-12.083178552870
0.45039999485016	-11.895535359776
0.45509999990463	-11.885721041627
0.45980000495911	-12.090038911097
0.46450001001358	-12.474344420642
0.46919998526573	-12.949865037148
0.47389999032021	-13.385576464958
0.47859999537468	-13.650626054413
0.48330000042915	-13.689887395672
0.48800000548363	-13.562366523141
0.49270001053810	-13.390834620457
0.49739998579025	-13.284189311091
0.50209999084473	-13.299946284847
0.50679999589920	-13.442452568123
0.51150000095367	-13.671354856357
0.51620000600815	-13.912993989918
0.52090001106262	-14.082983444314
0.52560001611710	-14.124061752480
0.53030002117157	-14.038003277679
0.53500002622604	-13.880925419457
0.53969997167587	-13.726557400728
0.54439997673035	-13.631143982461
0.54909998178482	-13.617888256037
0.55379998683929	-13.676009040755
0.55849999189377	-13.766931327732
0.56319999694824	-13.837023640770
0.56790000200272	-13.838402053062
0.57260000705719	-13.751304930007
0.57730001211166	-13.592940150528
0.58200001716614	-13.405382392843
0.58670002222061	-13.233122236136
0.59140002727509	-13.105459736910
0.59609997272491	-13.029149222128
0.60079997777939	-12.989134674559
0.60549998283386	-12.955070527140
0.61019998788834	-12.892944756794
0.61489999294281	-12.779328189627
0.61959999799728	-12.611598166822
0.62430000305176	-12.407621705747
0.62900000810623	-12.195524816527
0.63370001316071	-12.000779000188
0.63840001821518	-11.837146863492
0.64310002326965	-11.703495380083
0.64780002832413	-11.585783109303
0.65249997377396	-11.463150792340
0.65719997882843	-11.316515081621
0.66189998388290	-11.136585740078
0.66659998893738	-10.927287051709
0.67129999399185	-10.702874851500
0.67599999904633	-10.480850449598
0.68070000410080	-10.274730480839
0.68540000915527	-10.089543551635
0.69010001420975	-9.9209876976197
0.69480001926422	-9.7578999325494
0.69950002431870	-9.5870963503247
0.70420002937317	-9.3988917725252
0.70889997482300	-9.1909406953335
0.71359997987747	-8.9686870464927
0.71829998493195	-8.7423924818881
0.72299998998642	-8.5225602061656
0.72769999504089	-8.3159044409660
0.73240000009537	-8.1232571162247
0.73710000514984	-7.9398492447853
0.74180001020432	-7.7576033745466
0.74650001525879	-7.5685805498101
0.75120002031326	-7.3682057816858
0.75590002536774	-7.1569200224200
0.76059997081757	-6.9396321166282
0.76529997587204	-6.7233814160149
0.76999998092651	-6.5144451470251
0.77469998598099	-6.3160687464251
0.77939999103546	-6.1275648889300
0.78409999608994	-5.9449364939698
0.78880000114441	-5.7627098504372
0.79350000619888	-5.5762076714193
0.79820001125336	-5.3833956813470
0.80290001630783	-5.1855478570601
0.80760002136230	-4.9865298764633
0.81230002641678	-4.7911575538939
0.81699997186661	-4.6033296817016
0.82169997692108	-4.4247118151774
0.82639998197556	-4.2543524799272
0.83109998703003	-4.0892982185098
0.83579999208450	-3.9259141702943
0.84049999713898	-3.7614128286124
0.84520000219345	-3.5949407483124
0.84990000724792	-3.4278929674605
0.85460001230240	-3.2633265380554
0.85930001735687	-3.1047894664410
0.86400002241135	-2.9550773185610
0.86870002746582	-2.8153561066054
0.87339997291565	-2.6849122297230
0.87809997797012	-2.5616451091788
0.88279998302460	-2.4430108395068
0.88749998807907	-2.3271504760973
0.89219999313354	-2.2137225255194
0.89689999818802	-2.1041672007608
0.90160000324249	-2.0013240915631
0.90630000829697	-1.9085615934121
0.91100001335144	-1.8287400293395
0.91570001840591	-1.7634075987709
0.92040002346039	-1.7124677415169
0.92510002851486	-1.6744704038980
0.92979997396469	-1.6474550750020
0.93449997901917	-1.6300613207093
0.93919998407364	-1.6225724267473
0.94389998912811	-1.6274604161562
0.94859999418259	-1.6492657292249
0.95329999923706	-1.6937638797310
0.95800000429153	-1.7667985131367
0.96270000934601	-1.8731332484060
0.96740001440048	-2.0158855718587
0.97210001945496	-2.1968216789118
0.97680002450943	-2.4176731820957
0.98150002956390	-2.6822526497793
0.98619997501373	-2.9988966008902
0.99089998006821	-3.3825847203863
0.99559998512268	-3.8562596135524
1.0003000497818	-4.4514499654331
1.0049999952316	-5.2090082591348
1.0096999406815	-6.1817255537081
1.0144000053406	-7.4415474524508
1.0190999507904	-9.0965030135959
1.0238000154495	-11.328386995121
1.0284999608994	-14.472036801617
1.0332000255585	-18.998341872236
1.0378999710083	-21.779588307613
1.0426000356674	-17.209020520839
1.0472999811172	-13.049839020687
1.0520000457764	-10.151864613851
1.0566999912262	-8.0441336276747
1.0614000558853	-6.4575597647750
1.0661000013351	-5.2432719779921
1.0707999467850	-4.3086467362214
1.0755000114441	-3.5879460711948
1.0801999568939	-3.0294728451729
1.0849000215530	-2.5909693088192
1.0895999670029	-2.2389718765475
1.0943000316620	-1.9494002208146
1.0989999771118	-1.7074564865175
1.1037000417709	-1.5059523377759
1.1083999872208	-1.3423029319167
1.1131000518799	-1.2151797235468
1.1177999973297	-1.1218856076484
1.1224999427795	-1.0572118965517
1.1272000074387	-1.0138818960538
1.1318999528885	-0.98413389738544
1.1366000175476	-0.96168464793595
1.1412999629974	-0.94317687329740
1.1460000276566	-0.92848143222043
1.1506999731064	-0.91979281622825
1.1554000377655	-0.91992701956202
1.1600999832153	-0.93062287695946
1.1648000478745	-0.95150434435481
1.1694999933243	-0.98006780785271
1.1742000579834	-1.0125817177985
1.1789000034332	-1.0455052442421
1.1835999488831	-1.0767630902805
1.1883000135422	-1.1063638252753
1.1929999589920	-1.1361305851087
1.1977000236511	-1.1686739935673
1.2023999691010	-1.2061249467091
1.2071000337601	-1.2491673070058
1.2117999792099	-1.2967547323163
1.2165000438690	-1.3465804630344
1.2211999893188	-1.3960644599832
1.2259000539780	-1.4434021967243
1.2305999994278	-1.4882697354319
1.2352999448776	-1.5318453973534
1.2400000095367	-1.5761940213879
1.2446999549866	-1.6233137905140
1.2494000196457	-1.6742490783484
1.2540999650955	-1.7286903393678
1.2588000297546	-1.7851477782509
1.2634999752045	-1.8416184449437
1.2682000398636	-1.8964656848217
1.2728999853134	-1.9490958395980
1.2776000499725	-2.0001587721028
1.2822999954224	-2.0512258775561
1.2869999408722	-2.1040575757323
1.2917000055313	-2.1598570021657
1.2963999509811	-2.2187697520410
1.3011000156403	-2.2798828942866
1.3057999610901	-2.3416535324855
1.3105000257492	-2.4025987398273
1.3151999711990	-2.4619405298292
1.3199000358582	-2.5199233039205
1.3245999813080	-2.5776868368826
1.3293000459671	-2.6367533624087
1.3339999914169	-2.6983786986643
1.3387000560760	-2.7630431400241
1.3434000015259	-2.8303012220392
1.3480999469757	-2.8990160228070
1.3528000116348	-2.9678901012729
1.3574999570847	-3.0360382209762
1.3622000217438	-3.1033874234100
1.3668999671936	-3.1706973916105
1.3716000318527	-3.2392404305231
1.3762999773026	-3.3102698022003
1.3810000419617	-3.3845176540943
1.3856999874115	-3.4619382320089
1.3904000520706	-3.5417837661664
1.3950999975204	-3.6229746518791
1.3997999429703	-3.7046073184353
1.4045000076294	-3.7863631483279
1.4091999530792	-3.8686803341058
1.4139000177383	-3.9525874671672
1.4185999631882	-4.0392925419682
1.4233000278473	-4.1297265934583
1.4279999732971	-4.2241992373936
1.4327000379562	-4.3223380558810
1.4373999834061	-4.4233159660417
1.4421000480652	-4.5262527063757
1.4467999935150	-4.6306554671093
1.4515000581741	-4.7366741338894
1.4562000036240	-4.8451007349856
1.4608999490738	-4.9570931267994
1.4656000137329	-5.0737514761787
1.4702999591827	-5.1957421726642
1.4750000238419	-5.3230911849404
1.4796999692917	-5.4552543150807
1.4844000339508	-5.5914281646654
1.4890999794006	-5.7309582821034
1.4938000440598	-5.8737015253541
1.4984999895096	-6.0201733804452
1.5032000541687	-6.1714263112316
1.5078999996185	-6.3287120798982
1.5125999450684	-6.4930601459855
1.5173000097275	-6.6649548152209
1.5219999551773	-6.8442285942605
1.5267000198364	-7.0302217405010
1.5313999652863	-7.2221553079118
1.5361000299454	-7.4195518684872
1.5407999753952	-7.6225545225633
1.5455000400543	-7.8319942297420
1.5501999855042	-8.0491825866992
1.5549000501633	-8.2755012479649
1.5595999956131	-8.5119578883880
1.5642999410629	-8.7588900400389
1.5690000057220	-9.0159209888435
1.5736999511719	-9.2822195273037
1.5784000158310	-9.5569590984567
1.5830999612808	-9.8397897341033
1.5878000259399	-10.131149979820
1.5924999713898	-10.432261977325
1.5972000360489	-10.744801536727
1.6018999814987	-11.070366389511
1.6066000461578	-11.409955702180
1.6112999916077	-11.763660754509
1.6160000562668	-12.130714050067
1.6207000017166	-12.509888319336
1.6253999471664	-12.900116075822
1.6301000118256	-13.301085193525
1.6347999572754	-13.713549536015
1.6395000219345	-14.139191218180
1.6441999673843	-14.580061626488
1.6489000320435	-15.037800501788
1.6535999774933	-15.512909850137
1.6583000421524	-16.004353865925
1.6629999876022	-16.509669666634
1.6677000522614	-17.025508473169
1.6723999977112	-17.548455674221
1.6770999431610	-18.075692862244
1.6818000078201	-18.605225801454
1.6864999532700	-19.135416916040
1.6912000179291	-19.663905648882
1.6958999633789	-20.186367389733
1.7006000280380	-20.695369610407
1.7052999734879	-21.180004132716
1.7100000381470	-21.626378399081
1.7146999835968	-22.019258930003
1.7194000482559	-22.344357154708
1.7240999937057	-22.590906776641
1.7288000583649	-22.753631520251
1.7335000038147	-22.833535801533
1.7381999492645	-22.837213590220
1.7429000139236	-22.774970644949
1.7475999593735	-22.658486374756
1.7523000240326	-22.498743192282
1.7569999694824	-22.304881601420
1.7617000341415	-22.084138768088
1.7663999795914	-21.842600063129
1.7711000442505	-21.586226430204
1.7757999897003	-21.321526001418
1.7805000543594	-21.055596962713
1.7851999998093	-20.795365013779
1.7898999452591	-20.546538051688
1.7946000099182	-20.312659225080
1.7992999553680	-20.094732057836
1.8040000200272	-19.891553167503
1.8086999654770	-19.700666631165
1.8134000301361	-19.519684991891
1.8180999755859	-19.347361195398
1.8228000402451	-19.184148082411
1.8274999856949	-19.031978568160
1.8322000503540	-18.893383261527
1.8368999958038	-18.770404772444
1.8415999412537	-18.663746074618
1.8463000059128	-18.572443886117
1.8509999513626	-18.494245645287
1.8557000160217	-18.426469954092
1.8603999614716	-18.367055952149
1.8651000261307	-18.315329918895
1.8697999715805	-18.272192427457
1.8745000362396	-18.239692603264
1.8791999816895	-18.220090528909
1.8839000463486	-18.214921876098
1.8885999917984	-18.224397948871
1.8933000564575	-18.247326125304
1.8980000019073	-18.281666213340
1.9026999473572	-18.325393010479
1.9074000120163	-18.377408618810
1.9120999574661	-18.438055919005
1.9168000221252	-18.509053008553
1.9214999675751	-18.592884790500
1.9262000322342	-18.691900363440
1.9308999776840	-18.807500791640
1.9356000423431	-18.939766126143
1.9402999877930	-19.087622778056
1.9450000524521	-19.249493575291
1.9496999979019	-19.424222770341
1.9543999433517	-19.611859887707
1.9591000080109	-19.813961867197
1.9637999534607	-20.033355193055
1.9685000181198	-20.273394750105
1.9731999635696	-20.537051750295
1.9779000282288	-20.826214135177
1.9825999736786	-21.141433103916
1.9873000383377	-21.482248674476
1.9919999837875	-21.847978246493
1.9967000484467	-22.238657813209
2.0013999938965	-22.655752933706
2.0060999393463	-23.102344182274
2.0107998847961	-23.582583567243
2.0155000686646	-24.100605329654
2.0202000141144	-24.659046345503
2.0248999595642	-25.257552062315
2.0295999050140	-25.891251947140
2.0343000888824	-26.549214114451
2.0390000343323	-27.212509701664
2.0436999797821	-27.851727969754
2.0483999252319	-28.424527455212
2.0531001091003	-28.875768144880
2.0578000545502	-29.144671159704
2.0625000000000	-29.182037270953
2.0671999454498	-28.971132103432
2.0718998908997	-28.536537134266
2.0766000747681	-27.932450515690
2.0813000202179	-27.220561768382
2.0859999656677	-26.453275093379
2.0906999111176	-25.667872662396
2.0954000949860	-24.888189826409
2.1001000404358	-24.128722366537
2.1047999858856	-23.398370976648
2.1094999313354	-22.702685713122
2.1142001152039	-22.045000354961
2.1189000606537	-21.426681992722
2.1236000061035	-20.847252188047
2.1282999515533	-20.304586106060
2.1329998970032	-19.795407961864
2.1377000808716	-19.316024383044
2.1424000263214	-18.863054583380
2.1470999717712	-18.434049318506
2.1517999172211	-18.027680113706
2.1565001010895	-17.643556400640
2.1612000465393	-17.281729667529
2.1658999919891	-16.942087823426
2.1705999374390	-16.623932953388
2.1752998828888	-16.325823962868
2.1800000667572	-16.045774322623
2.1847000122070	-15.781677230496
2.1893999576569	-15.531777703502
2.1940999031067	-15.295037516983
2.1988000869751	-15.071181772766
2.2035000324249	-14.860491917567
2.2081999778748	-14.663368207888
2.2128999233246	-14.479914611050
2.2176001071930	-14.309665785225
2.2223000526428	-14.151574569487
2.2269999980927	-14.004260533930
2.2316999435425	-13.866387323375
2.2363998889923	-13.737039012051
2.2411000728607	-13.615915483064
2.2458000183105	-13.503267130186
2.2504999637604	-13.399629494912
2.2551999092102	-13.305440462164
2.2599000930786	-13.220730429362
2.2646000385284	-13.144992468965
2.2692999839783	-13.077303002080
2.2739999294281	-13.016601326464
2.2787001132965	-12.962040203720
2.2834000587463	-12.913246807511
2.2881000041962	-12.870384538645
2.2927999496460	-12.833975697107
2.2974998950958	-12.804611342169
2.3022000789642	-12.782619959365
2.3069000244141	-12.767883797782
2.3115999698639	-12.759828977419
2.3162999153137	-12.757637893308
2.3210000991821	-12.760559882633
2.3257000446320	-12.768182583467
2.3303999900818	-12.780577891797
2.3350999355316	-12.798229246420
2.3397998809814	-12.821790217418
2.3445000648499	-12.851788166593
2.3492000102997	-12.888368938321
2.3538999557495	-12.931245391715
2.3585999011993	-12.979811103751
2.3633000850677	-13.033401095839
2.3680000305176	-13.091598485720
2.3726999759674	-13.154420007117
2.3773999214172	-13.222314309200
2.3821001052856	-13.296010842795
2.3868000507355	-13.376201353256
2.3914999961853	-13.463294357385
2.3961999416351	-13.557264501902
2.4008998870850	-13.657699553018
2.4056000709534	-13.764039577126
2.4103000164032	-13.875856257901
2.4149999618530	-13.993108984158
2.4196999073029	-14.116242187309
2.4244000911713	-14.246060031989
2.4291000366211	-14.383475075524
2.4337999820709	-14.529209279349
2.4384999275208	-14.683564912597
2.4432001113892	-14.846418730076
2.4479000568390	-15.017351226279
2.4526000022888	-15.195971442427
2.4572999477386	-15.382204781963
2.4619998931885	-15.576484705084
2.4667000770569	-15.779733468957
2.4714000225067	-15.993149628876
2.4760999679565	-16.217871178387
2.4807999134064	-16.454697176361
2.4855000972748	-16.703929837532
2.4902000427246	-16.965448264565
2.4948999881744	-17.238973921409
2.4995999336243	-17.524418992496
2.5043001174927	-17.822187089431
2.5090000629425	-18.133260090252
2.5137000083923	-18.459087593818
2.5183999538422	-18.801227700317
2.5230998992920	-19.160938972563
2.5278000831604	-19.538841104769
2.5325000286102	-19.934767914303
2.5371999740601	-20.347834766751
2.5418999195099	-20.776687509050
2.5466001033783	-21.219727104209
2.5513000488281	-21.675187816815
2.5559999942780	-22.140878700952
2.5606999397278	-22.613526939801
2.5653998851776	-23.087853376593
2.5701000690460	-23.555473777178
2.5748000144958	-24.004047592484
2.5794999599457	-24.416893817520
2.5841999053955	-24.773543624617
2.5889000892639	-25.051583000445
2.5936000347137	-25.229808588040
2.5982999801636	-25.292290181556
2.6029999256134	-25.232030877751
2.6077001094818	-25.052673224169
2.6124000549316	-24.767419221868
2.6171000003815	-24.395706888309
2.6217999458313	-23.958976850409
2.6264998912811	-23.477303625185
2.6312000751495	-22.967517939322
2.6359000205994	-22.442700576941
2.6405999660492	-21.912674732973
2.6452999114990	-21.384811739282
2.6500000953674	-20.864759670700
2.6547000408173	-20.356878932077
2.6593999862671	-19.864383418266
2.6640999317169	-19.389335817821
2.6688001155853	-18.932627626392
2.6735000610352	-18.494093355998
2.6782000064850	-18.072819323840
2.6828999519348	-17.667522886689
2.6875998973846	-17.277004315380
2.6923000812531	-16.900434325367
2.6970000267029	-16.537438377001
2.7016999721527	-16.187981148600
2.7063999176025	-15.852088187971
2.7111001014709	-15.529590847516
2.7158000469208	-15.219924278802
2.7204999923706	-14.922157279732
2.7251999378204	-14.635134687354
2.7298998832703	-14.357747454905
2.7346000671387	-14.089175593191
2.7393000125885	-13.828993384665
2.7439999580383	-13.577129464170
2.7486999034882	-13.333685741553
2.7534000873566	-13.098699951236
2.7581000328064	-12.871955178054
2.7627999782562	-12.652926714438
2.7674999237061	-12.440862632525
2.7722001075745	-12.234973607101
2.7769000530243	-12.034638926236
2.7815999984741	-11.839535682848
2.7862999439240	-11.649652649158
2.7909998893738	-11.465156698119
2.7957000732422	-11.286206913397
2.8004000186920	-11.112782297945
2.8050999641418	-10.944610223913
2.8097999095917	-10.781182028525
2.8145000934601	-10.621919883688
2.8192000389099	-10.466348069442
2.8238999843597	-10.314217904987
2.8285999298096	-10.165538052071
2.8333001136780	-10.020497749486
2.8380000591278	-9.8793001039919
2.8427000045776	-9.7420205204972
2.8473999500275	-9.6085082462289
2.8520998954773	-9.4784156962186
2.8568000793457	-9.3513068229736
2.8615000247955	-9.2268096854392
2.8661999702454	-9.1047357061564
2.8708999156952	-8.9851241204388
2.8756000995636	-8.8681728850501
2.8803000450134	-8.7541040717797
2.8849999904633	-8.6430332056791
2.8896999359131	-8.5348866308056
2.8943998813629	-8.4293980953337
2.8991000652313	-8.3262167530441
2.9038000106812	-8.2250346883269
2.9084999561310	-8.1257125905792
2.9131999015808	-8.0282980260233
2.9179000854492	-7.9329957567155
2.9226000308990	-7.8400364657368
2.9272999763489	-7.7495582315683
2.9319999217987	-7.6615196027502
2.9367001056671	-7.5757093920092
2.9414000511169	-7.4918300557360
2.9460999965668	-7.4096173709527
2.9507999420166	-7.3289463629703
2.9554998874664	-7.2498811417685
2.9602000713348	-7.1726117066528
2.9649000167847	-7.0973729886438
2.9695999622345	-7.0242940578401
2.9742999076843	-6.9533575142103
2.9790000915527	-6.8843749989013
2.9837000370026	-6.8170815013973
2.9883999824524	-6.7512441611603
2.9930999279022	-6.6867575261735
2.9978001117706	-6.6236809065343
3.0025000572205	-6.5622109717662
3.0072000026703	-6.5025528267110
3.0118999481201	-6.4448407343911
3.0165998935699	-6.3890436493797
3.0213000774384	-6.3349854968229
3.0260000228882	-6.2824122901277
3.0306999683380	-6.2311087757446
3.0353999137878	-6.1809899094911
3.0401000976562	-6.1321300068424
3.0448000431061	-6.0847192189673
3.0494999885559	-6.0389596038763
3.0541999340057	-5.9949689309379
3.0589001178741	-5.9526986436459
3.0636000633240	-5.9119647840138
3.0683000087738	-5.8725078593513
3.0729999542236	-5.8341272910479
3.0776998996735	-5.7967533595565
3.0824000835419	-5.7604829845002
3.0871000289917	-5.7255183234838
3.0917999744415	-5.6920701982916
3.0964999198914	-5.6602403354942
3.1012001037598	-5.6299668265269
3.1059000492096	-5.6010360881870
3.1105999946594	-5.5731790968003
3.1152999401093	-5.5461904139718
3.1199998855591	-5.5200202801497
3.1247000694275	-5.4947859807164
3.1294000148773	-5.4707234270865
3.1340999603271	-5.4480497315260
3.1387999057770	-5.4268608347094
3.1435000896454	-5.4070761603569
3.1482000350952	-5.3884449223418
3.1528999805450	-5.3706773638668
3.1575999259949	-5.3535569376003
3.1623001098633	-5.3370510939418
3.1670000553131	-5.3213096077950
3.1717000007629	-5.3066043682487
3.1763999462128	-5.2931714159675
3.1810998916626	-5.2810998112303
3.1858000755310	-5.2702610888315
3.1905000209808	-5.2603581306212
3.1951999664307	-5.2510540301362
3.1998999118805	-5.2421131945956
3.2046000957489	-5.2335239646972
3.2093000411987	-5.2254885648804
3.2139999866486	-5.2183268690205
3.2186999320984	-5.2123116887349
3.2234001159668	-5.2075065686432
3.2281000614166	-5.2037195661331
3.2328000068665	-5.2005557246824
3.2374999523163	-5.1975854397813
3.2421998977661	-5.1945316087656
3.2469000816345	-5.1913915901614
3.2516000270844	-5.1884326500339
3.2562999725342	-5.1860574198804
3.2609999179840	-5.1845791814871
3.2657001018524	-5.1840310316858
3.2704000473022	-5.1841090546692
3.2750999927521	-5.1842508671156
3.2797999382019	-5.1838614519580
3.2844998836517	-5.1825701342251
3.2892000675201	-5.1803711227287
3.2939000129700	-5.1776297236143
3.2985999584198	-5.1748648712473
3.3032999038696	-5.1724632556670
3.3080000877380	-5.1704187611656
3.3127000331879	-5.1682380145469
3.3173999786377	-5.1650796502641
3.3220999240875	-5.1600755480747
3.3268001079559	-5.1526788474751
3.3315000534058	-5.1428971965923
3.3361999988556	-5.1312651895295
3.3408999443054	-5.1185569862913
3.3455998897552	-5.1053413074499
3.3503000736237	-5.0915986528328
3.3550000190735	-5.0765781490860
3.3596999645233	-5.0590117036265
3.3643999099731	-5.0375866463422
3.3691000938416	-5.0115282682329
3.3738000392914	-4.9809787563357
3.3784999847412	-4.9469825287425
3.3831999301910	-4.9110477556178
3.3879001140594	-4.8744020017756
3.3926000595093	-4.8373021669403
3.3973000049591	-4.7987174147502
3.4019999504089	-4.7565405577753
3.4066998958588	-4.7083916832780
3.4114000797272	-4.6526700024525
3.4161000251770	-4.5894835584030
3.4207999706268	-4.5209954192066
3.4254999160767	-4.4509898537171
3.4302000999451	-4.3837482252691
3.4349000453949	-4.3226763516817
3.4395999908447	-4.2691446009713
3.4442999362946	-4.2219812565009
3.4489998817444	-4.1777931820211
3.4537000656128	-4.1320327945870
3.4584000110626	-4.0804976528764
3.4630999565125	-4.0207607070500
3.4677999019623	-3.9529864944518
3.4725000858307	-3.8798443149862
3.4772000312805	-3.8055435039645
3.4818999767303	-3.7344341212815
3.4865999221802	-3.6697040227983
3.4913001060486	-3.6126172533716
3.4960000514984	-3.5625037998719
3.5006999969482	-3.5173785563866
3.5053999423981	-3.4749450406764
3.5100998878479	-3.4335507851978
3.5148000717163	-3.3927833792448
3.5195000171661	-3.3534880106557
3.5241999626160	-3.3172830155839
3.5288999080658	-3.2858086793167
3.5336000919342	-3.2600494803815
3.5383000373840	-3.2399904502869
3.5429999828339	-3.2247067969086
3.5476999282837	-3.2128223259343
3.5524001121521	-3.2030969530821
3.5571000576019	-3.1949130520254
3.5618000030518	-3.1884576892212
3.5664999485016	-3.1845343109439
3.5711998939514	-3.1841329077381
3.5759000778198	-3.1879456498440
3.5806000232697	-3.1960326214665
3.5852999687195	-3.2077957752185
3.5899999141693	-3.2222219882355
3.5947000980377	-3.2383015534872
3.5994000434875	-3.2554282840867
3.6040999889374	-3.2735988620818
3.6087999343872	-3.2933440125811
3.6135001182556	-3.3154426082378
3.6182000637054	-3.3405150070454
3.6229000091553	-3.3687309696464
3.6275999546051	-3.3997127771098
3.6322999000549	-3.4326908813688
3.6370000839233	-3.4668225361820
3.6417000293732	-3.5015468421266
3.6463999748230	-3.5367922909370
3.6510999202728	-3.5729740325071
3.6558001041412	-3.6107817032018
3.6605000495911	-3.6508303987557
3.6651999950409	-3.6933785784963
3.6698999404907	-3.7381964940129
3.6745998859406	-3.7846687357442
3.6793000698090	-3.8320552845467
3.6840000152588	-3.8798097629008
3.6886999607086	-3.9278145402135
3.6933999061584	-3.9764084015466
3.6981000900269	-4.0262168007666
3.7028000354767	-4.0778495800747
3.7074999809265	-4.1316201277420
3.7121999263763	-4.1873825346960
3.7169001102448	-4.2445974045287
3.7216000556946	-4.3025604271580
3.7263000011444	-4.3607130063432
3.7309999465942	-4.4188756830395
3.7356998920441	-4.4773225431120
3.7404000759125	-4.5366327730816
3.7451000213623	-4.5974110164352
3.7497999668121	-4.6599956089306
3.7544999122620	-4.7242707494162
3.7592000961304	-4.7897129114849
3.7639000415802	-4.8555871087351
3.7685999870300	-4.9212641954644
3.7732999324799	-4.9864743074128
3.7780001163483	-5.0514092421714
3.7827000617981	-5.1165948044969
3.7874000072479	-5.1826234822813
3.7920999526978	-5.2498382056553
3.7967998981476	-5.3181300583595
3.8015000820160	-5.3869448256690
3.8062000274658	-5.4554841317917
3.8108999729156	-5.5230164486044
3.8155999183655	-5.5891743042049
3.8203001022339	-5.6540628504761
3.8250000476837	-5.7181635130108
3.8296999931335	-5.7820527139315
3.8343999385834	-5.8460740984951
3.8390998840332	-5.9101067428910
3.8438000679016	-5.9735613903824
3.8485000133514	-6.0355798046839
3.8531999588013	-6.0953619789641
3.8578999042511	-6.1524885873118
3.8626000881195	-6.2070460368158
3.8673000335693	-6.2595361007720
3.8719999790192	-6.3105815819031
3.8766999244690	-6.3605754731009
3.8814001083374	-6.4094445374586
3.8861000537872	-6.4566311713959
3.8907999992371	-6.5013060404605
3.8954999446869	-6.5427284902614
3.9001998901367	-6.5805583502776
3.9049000740051	-6.6150017298333
3.9096000194550	-6.6467022265578
3.9142999649048	-6.6764245798703
3.9189999103546	-6.7046948450947
3.9237000942230	-6.7315538380069
3.9284000396729	-6.7565503899997
3.9330999851227	-6.7789725972490
3.9377999305725	-6.7982117917370
3.9425001144409	-6.8140863035127
3.9472000598907	-6.8269770236548
3.9519000053406	-6.8376937301016
3.9565999507904	-6.8471558644332
3.9612998962402	-6.8560113664502
3.9660000801086	-6.8644049982377
3.9707000255585	-6.8719725272400
3.9753999710083	-6.8780805970939
3.9800999164581	-6.8821976631766
3.9848001003265	-6.8842076411379
3.9895000457764	-6.8845495486956
3.9941999912262	-6.8840719549662
3.9988999366760	-6.8837219133723
4.0036001205444	-6.8841672684329
4.0082998275757	-6.8855654628707
4.0130000114441	-6.8875627497683
4.0177001953125	-6.8895205250059
4.0223999023438	-6.8908793325957
4.0271000862122	-6.8914815766510
4.0317997932434	-6.8916986701108
4.0364999771118	-6.8923125304004
4.0412001609802	-6.8942085326034
4.0458998680115	-6.8980189440563
4.0506000518799	-6.9038720334178
4.0553002357483	-6.9113889664473
4.0599999427795	-6.9198926424626
4.0647001266479	-6.9287618640280
4.0693998336792	-6.9377537043044
4.0741000175476	-6.9471453479601
4.0788002014160	-6.9576389600757
4.0834999084473	-6.9700644274989
4.0882000923157	-6.9850237617144
4.0928997993469	-7.0026384380517
4.0975999832153	-7.0225128734949
4.1023001670837	-7.0439364379973
4.1069998741150	-7.0662267401412
4.1117000579834	-7.0890584845845
4.1163997650146	-7.1126341633477
4.1210999488831	-7.1376116810676
4.1258001327515	-7.1648127397005
4.1304998397827	-7.1948620497383
4.1352000236511	-7.2279180807595
4.1399002075195	-7.2635958764204
4.1445999145508	-7.3011528612665
4.1493000984192	-7.3398351521522
4.1539998054504	-7.3792317229614
4.1586999893188	-7.4194823689463
4.1634001731873	-7.4612264897560
4.1680998802185	-7.5053371286980
4.1728000640869	-7.5525309677050
4.1774997711182	-7.6030635644727
4.1821999549866	-7.6566174571321
4.1869001388550	-7.7124658670672
4.1915998458862	-7.7698162346457
4.1963000297546	-7.8282029267875
4.2010002136230	-7.8877310802751
4.2056999206543	-7.9490773177192
4.2104001045227	-8.0132192977456
4.2150998115540	-8.0810256502393
4.2197999954224	-8.1529007919364
4.2245001792908	-8.2286196164145
4.2291998863220	-8.3074558719506
4.2339000701904	-8.3885353355405
4.2385997772217	-8.4712615610663
4.2432999610901	-8.5556239416706
4.2480001449585	-8.6422313249851
4.2526998519897	-8.7320483504267
4.2574000358582	-8.8259533377584
4.2621002197266	-8.9243014058011
4.2667999267578	-9.0267076929281
4.2715001106262	-9.1321452372679
4.2761998176575	-9.2393278195690
4.2809000015259	-9.3472183961752
4.2856001853943	-9.4554454894408
4.2902998924255	-9.5644074515568
4.2950000762939	-9.6750293146930
4.2996997833252	-9.7882600328984
4.3043999671936	-9.9045564254524
4.3091001510620	-10.023581430478
4.3137998580933	-10.144273072524
4.3185000419617	-10.265273039825
4.3232002258301	-10.385532357378
4.3278999328613	-10.504802797818
4.3326001167297	-10.623794153275
4.3372998237610	-10.743885804765
4.3420000076294	-10.866514302005
4.3467001914978	-10.992530226357
4.3513998985291	-11.121793954426
4.3561000823975	-11.253236372686
4.3607997894287	-11.385348812771
4.3654999732971	-11.516915343367
4.3702001571655	-11.647634964342
4.3748998641968	-11.778340287966
4.3796000480652	-11.910669997718
4.3843002319336	-12.046347139825
4.3889999389648	-12.186383704376
4.3937001228333	-12.330581122392
4.3983998298645	-12.477582567527
4.4031000137329	-12.625464625957
4.4078001976013	-12.772636557637
4.4124999046326	-12.918627875037
4.4172000885010	-13.064367592339
4.4218997955322	-13.211801494526
4.4265999794006	-13.362984775573
4.4313001632690	-13.519091520179
4.4359998703003	-13.679786380168
4.4407000541687	-13.843282251937
4.4454002380371	-14.007089743940
4.4500999450684	-14.169158450500
4.4548001289368	-14.328864586773
4.4594998359680	-14.487349579921
4.4642000198364	-14.646996006282
4.4689002037048	-14.810249801754
4.4735999107361	-14.978348950331
4.4783000946045	-15.150561241204
4.4829998016357	-15.324323843673
4.4876999855042	-15.496267667565
4.4924001693726	-15.663721215027
4.4970998764038	-15.825949639589
4.5018000602722	-15.984488624443
4.5064997673035	-16.142315244457
4.5111999511719	-16.302235829385
4.5159001350403	-16.465259003984
4.5205998420715	-16.629759007235
4.5253000259399	-16.791860522622
4.5300002098083	-16.946994626815
4.5346999168396	-17.091882823550
4.5394001007080	-17.226024615256
4.5440998077393	-17.351764315186
4.5487999916077	-17.472870091377
4.5535001754761	-17.592311055580
4.5581998825073	-17.710336927926
4.5629000663757	-17.823837496849
4.5675997734070	-17.927431666881
4.5722999572754	-18.015777386893
4.5770001411438	-18.086076737784
4.5816998481750	-18.139358741085
4.5864000320435	-18.179810166079
4.5911002159119	-18.212415911275
4.5957999229431	-18.240227004206
4.6005001068115	-18.262626280832
4.6051998138428	-18.275501451805
4.6098999977112	-18.273252228412
4.6146001815796	-18.251736368783
4.6192998886108	-18.210565227443
4.6240000724792	-18.153475712939
4.6286997795105	-18.086572620231
4.6333999633789	-18.015412342086
4.6381001472473	-17.942479218579
4.6427998542786	-17.866298611122
4.6475000381470	-17.782564190502
4.6522002220154	-17.686653110133
4.6568999290466	-17.576370216054
4.6616001129150	-17.453396235998
4.6662998199463	-17.322743668170
4.6710000038147	-17.190509390401
4.6757001876831	-17.061207378733
4.6803998947144	-16.935969918064
4.6851000785828	-16.812406234990
4.6897997856140	-16.686147873422
4.6944999694824	-16.553314758822
4.6992001533508	-16.412651721672
4.7038998603821	-16.266400571169
4.7086000442505	-16.119324045009
4.7133002281189	-15.976574086961
4.7179999351501	-15.841466636226
4.7227001190186	-15.714168269679
4.7273998260498	-15.591882695172
4.7321000099182	-15.470405428053
4.7368001937866	-15.346270295201
4.7414999008179	-15.218545237119
4.7462000846863	-15.089370016511
4.7508997917175	-14.962994213304
4.7555999755859	-14.843848497505
4.7603001594543	-14.734624078443
4.7649998664856	-14.635187509059
4.7697000503540	-14.542825099875
4.7744002342224	-14.453654625063
4.7790999412537	-14.364548074056
4.7838001251221	-14.274726094967
4.7884998321533	-14.186195717135
4.7932000160217	-14.102887133069
4.7979001998901	-14.028894484879
4.8025999069214	-13.966680649242
4.8073000907898	-13.916058017420
4.8119997978210	-13.874375225781
4.8166999816895	-13.837800606263
4.8214001655579	-13.803173818884
4.8260998725891	-13.769542561010
4.8308000564575	-13.738679940250
4.8354997634888	-13.714275631518
4.8401999473572	-13.700211916513
4.8449001312256	-13.698703299131
4.8495998382568	-13.709137686199
4.8543000221252	-13.728134870883
4.8590002059937	-13.750781039730
4.8636999130249	-13.772557232483
4.8684000968933	-13.791065088129
4.8730998039246	-13.806686904188
4.8777999877930	-13.821781905353
4.8825001716614	-13.838772812703
4.8871998786926	-13.858017209834
4.8919000625610	-13.876511127310
4.8965997695923	-13.888079657260
4.9012999534607	-13.885113700238
4.9060001373291	-13.861140248392
4.9106998443604	-13.813062805172
4.9154000282288	-13.741842832329
4.9201002120972	-13.651303988469
4.9247999191284	-13.545718148822
4.9295001029968	-13.427573563808
4.9341998100281	-13.296666199631
4.9388999938965	-13.150990670610
4.9436001777649	-12.988870861522
4.9482998847961	-12.811205784790
4.9530000686646	-12.622514348864
4.9576997756958	-12.430239049870
4.9623999595642	-12.242570390775
4.9671001434326	-12.065919113894
4.9717998504639	-11.903089978598
4.9765000343323	-11.752851352403
4.9812002182007	-11.610946043029
4.9858999252319	-11.472073282877
4.9906001091003	-11.332045971850
4.9952998161316	-11.189203177903
5.0000000000000	-11.044507719844
#Parameters = {R_fat=48; R_glandular=38; R_skin_outer=50; T10=5; T15=7.5; T5=2.5; T_rad=4; T_x=10; T_y=0; T_z=75; Zc=65; skin_thickness=2; Mesh Pass=5}
#"Frequency / GHz"	"S1,1 (Mesh Pass=5) [Magnitude / dB]"
#-------------------------------------------------------
0.30000001192093	-26.035880614957
0.30469998717308	-24.720402264182
0.30939999222755	-23.302352355251
0.31409999728203	-22.268636246405
0.31880000233650	-21.753763859061
0.32350000739098	-21.806027774610
0.32820001244545	-22.489110267417
0.33289998769760	-23.918471215629
0.33759999275208	-26.183464698880
0.34229999780655	-28.326383744685
0.34700000286102	-26.661482734658
0.35170000791550	-22.657473204235
0.35640001296997	-19.152347909646
0.36109998822212	-16.377472713311
0.36579999327660	-14.167522818429
0.37049999833107	-12.395853935162
0.37520000338554	-10.986639268746
0.37990000844002	-9.8951831185750
0.38460001349449	-9.0924990735457
0.38929998874664	-8.5553318403911
0.39399999380112	-8.2608597302093
0.39869999885559	-8.1852869234802
0.40340000391006	-8.3051032851154
0.40810000896454	-8.5993639976768
0.41280001401901	-9.0515852770331
0.41749998927116	-9.6504249287024
0.42219999432564	-10.388641751197
0.42689999938011	-11.259646478775
0.43160000443459	-12.250186918041
0.43630000948906	-13.326689734854
0.44100001454353	-14.413874593735
0.44569998979568	-15.375070448715
0.45039999485016	-16.031729896268
0.45509999990463	-16.262187051244
0.45980000495911	-16.106443747941
0.46450001001358	-15.732906003436
0.46919998526573	-15.316125136823
0.47389999032021	-14.970103296066
0.47859999537468	-14.750316664085
0.48330000042915	-14.675182971017
0.48800000548363	-14.742004707195
0.49270001053810	-14.933990612638
0.49739998579025	-15.220741383064
0.50209999084473	-15.555504183946
0.50679999589920	-15.873982365693
0.51150000095367	-16.101907186745
0.51620000600815	-16.176509061765
0.52090001106262	-16.073977119327
0.52560001611710	-15.820970663788
0.53030002117157	-15.478694821865
0.53500002622604	-15.114602413026
0.53969997167587	-14.782477059863
0.54439997673035	-14.516159976224
0.54909998178482	-14.331131876954
0.55379998683929	-14.227876233188
0.55849999189377	-14.194338180058
0.56319999694824	-14.207375942877
0.56790000200272	-14.234647028329
0.57260000705719	-14.238856392927
0.57730001211166	-14.185613604458
0.58200001716614	-14.053226033859
0.58670002222061	-13.839686324783
0.59140002727509	-13.562302090139
0.59609997272491	-13.250275148180
0.60079997777939	-12.934994764336
0.60549998283386	-12.642650181712
0.61019998788834	-12.390593048469
0.61489999294281	-12.186454495962
0.61959999799728	-12.028665210968
0.62430000305176	-11.907524732139
0.62900000810623	-11.806887351150
0.63370001316071	-11.706801476572
0.63840001821518	-11.587361035978
0.64310002326965	-11.433243137633
0.64780002832413	-11.237539380391
0.65249997377396	-11.003190156582
0.65719997882843	-10.741405446629
0.66189998388290	-10.467955805496
0.66659998893738	-10.198987520315
0.67129999399185	-9.9477372606527
0.67599999904633	-9.7225813664706
0.68070000410080	-9.5262753870885
0.68540000915527	-9.3560722333237
0.69010001420975	-9.2045338813047
0.69480001926422	-9.0609925790651
0.69950002431870	-8.9136565823525
0.70420002937317	-8.7520799941144
0.70889997482300	-8.5694663286843
0.71359997987747	-8.3640925721800
0.71829998493195	-8.1394028176093
0.72299998998642	-7.9027709709165
0.72769999504089	-7.6634904186486
0.73240000009537	-7.4306571271501
0.73710000514984	-7.2114368815902
0.74180001020432	-7.0099664421591
0.74650001525879	-6.8268916012842
0.75120002031326	-6.6594862636520
0.75590002536774	-6.5023156342458
0.76059997081757	-6.3483559975846
0.76529997587204	-6.1904444202102
0.76999998092651	-6.0227925709346
0.77469998598099	-5.8422040358320
0.77939999103546	-5.6486706824296
0.78409999608994	-5.4452091466943
0.78880000114441	-5.2370323437807
0.79350000619888	-5.0303239866027
0.79820001125336	-4.8309639512977
0.80290001630783	-4.6434523191124
0.80760002136230	-4.4701877121843
0.81230002641678	-4.3111541519893
0.81699997186661	-4.1640419240502
0.82169997692108	-4.0247625091555
0.82639998197556	-3.8883078214614
0.83109998703003	-3.7497940597135
0.83579999208450	-3.6055171261329
0.84049999713898	-3.4537550162084
0.84520000219345	-3.2951275326519
0.84990000724792	-3.1324498993420
0.85460001230240	-2.9701277928403
0.85930001735687	-2.8132692996962
0.86400002241135	-2.6667156962246
0.86870002746582	-2.5341857629635
0.87339997291565	-2.4176684043179
0.87809997797012	-2.3171207741126
0.88279998302460	-2.2305511940615
0.88749998807907	-2.1544578348393
0.89219999313354	-2.0845735986606
0.89689999818802	-2.0168160458291
0.90160000324249	-1.9482346740024
0.90630000829697	-1.8777731179392
0.91100001335144	-1.8066563978429
0.91570001840591	-1.7383041012486
0.92040002346039	-1.6778049690473
0.92510002851486	-1.6310601800324
0.92979997396469	-1.6038138128496
0.93449997901917	-1.6007176533932
0.93919998407364	-1.6246449259196
0.94389998912811	-1.6763099443499
0.94859999418259	-1.7543196720332
0.95329999923706	-1.8556400935311
0.95800000429153	-1.9764831520078
0.96270000934601	-2.1134890960512
0.96740001440048	-2.2650556199364
0.97210001945496	-2.4325501109221
0.97680002450943	-2.6211965805646
0.98150002956390	-2.8404040095298
0.98619997501373	-3.1035496577058
0.99089998006821	-3.4273679740050
0.99559998512268	-3.8312726621076
1.0003000497818	-4.3370249082325
1.0049999952316	-4.9691764465512
1.0096999406815	-5.7567797910100
1.0144000053406	-6.7370562844239
1.0190999507904	-7.9623403877391
1.0238000154495	-9.5133199681418
1.0284999608994	-11.526028592036
1.0332000255585	-14.250378097302
1.0378999710083	-18.150033398052
1.0426000356674	-23.015536449803
1.0472999811172	-21.174907054020
1.0520000457764	-16.246018925738
1.0566999912262	-12.735201271027
1.0614000558853	-10.198547904175
1.0661000013351	-8.2663821923815
1.0707999467850	-6.7451383467658
1.0755000114441	-5.5271849335025
1.0801999568939	-4.5472993922963
1.0849000215530	-3.7620892236388
1.0895999670029	-3.1394877986006
1.0943000316620	-2.6530942569931
1.0989999771118	-2.2792278834924
1.1037000417709	-1.9956895224005
1.1083999872208	-1.7816753033148
1.1131000518799	-1.6183718612167
1.1177999973297	-1.4898691216116
1.1224999427795	-1.3839947919385
1.1272000074387	-1.2927782596329
1.1318999528885	-1.2123311122230
1.1366000175476	-1.1421621694335
1.1412999629974	-1.0840368727420
1.1460000276566	-1.0406463219004
1.1506999731064	-1.0144055930548
1.1554000377655	-1.0065136146963
1.1600999832153	-1.0164716799146
1.1648000478745	-1.0420270234619
1.1694999933243	-1.0795113101130
1.1742000579834	-1.1244496268840
1.1789000034332	-1.1723421378887
1.1835999488831	-1.2194307092133
1.1883000135422	-1.2632990817376
1.1929999589920	-1.3031899402714
1.1977000236511	-1.3399665620319
1.2023999691010	-1.3757262994781
1.2071000337601	-1.4132063469725
1.2117999792099	-1.4550660472237
1.2165000438690	-1.5032934489699
1.2211999893188	-1.5587876775271
1.2259000539780	-1.6211999358780
1.2305999994278	-1.6890506945975
1.2352999448776	-1.7600676907145
1.2400000095367	-1.8316680996681
1.2446999549866	-1.9015016606396
1.2494000196457	-1.9679141432142
1.2540999650955	-2.0302701559644
1.2588000297546	-2.0890366518526
1.2634999752045	-2.1456088990761
1.2682000398636	-2.2019673281132
1.2728999853134	-2.2601963499025
1.2776000499725	-2.3220369955190
1.2822999954224	-2.3885159985542
1.2869999408722	-2.4597785794342
1.2917000055313	-2.5350824602507
1.2963999509811	-2.6130020912919
1.3011000156403	-2.6917370279791
1.3057999610901	-2.7695198459145
1.3105000257492	-2.8449941733848
1.3151999711990	-2.9174920219187
1.3199000358582	-2.9871698339725
1.3245999813080	-3.0549475561334
1.3293000459671	-3.1222849819346
1.3339999914169	-3.1908510643197
1.3387000560760	-3.2621665744543
1.3434000015259	-3.3372813969105
1.3480999469757	-3.4165940648585
1.3528000116348	-3.4997953978589
1.3574999570847	-3.5859618170363
1.3622000217438	-3.6737819402900
1.3668999671936	-3.7618491188423
1.3716000318527	-3.8489767020482
1.3762999773026	-3.9344606749423
1.3810000419617	-4.0182316740807
1.3856999874115	-4.1008696533190
1.3904000520706	-4.1834795116718
1.3950999975204	-4.2674518506477
1.3997999429703	-4.3541711796720
1.4045000076294	-4.4447480994888
1.4091999530792	-4.5398037576728
1.4139000177383	-4.6393831119123
1.4185999631882	-4.7429674516353
1.4233000278473	-4.8496227483003
1.4279999732971	-4.9582078899565
1.4327000379562	-5.0676427041727
1.4373999834061	-5.1771585325693
1.4421000480652	-5.2864770435496
1.4467999935150	-5.3958908261445
1.4515000581741	-5.5062238857741
1.4562000036240	-5.6186691612681
1.4608999490738	-5.7345675332342
1.4656000137329	-5.8551535765920
1.4702999591827	-5.9813376129049
1.4750000238419	-6.1135466276857
1.4796999692917	-6.2516828201349
1.4844000339508	-6.3951672512491
1.4890999794006	-6.5430942110605
1.4938000440598	-6.6944373690756
1.4984999895096	-6.8482999796407
1.5032000541687	-7.0041285123538
1.5078999996185	-7.1618735094688
1.5125999450684	-7.3220364223241
1.5173000097275	-7.4856087621255
1.5219999551773	-7.6539124884694
1.5267000198364	-7.8283668200274
1.5313999652863	-8.0102465936271
1.5361000299454	-8.2004628641989
1.5407999753952	-8.3994163660949
1.5455000400543	-8.6069428844891
1.5501999855042	-8.8223704980762
1.5549000501633	-9.0446705503388
1.5595999956131	-9.2726879594569
1.5642999410629	-9.5054041735013
1.5690000057220	-9.7421894300046
1.5736999511719	-9.9829821488710
1.5784000158310	-10.228352401381
1.5830999612808	-10.479445538938
1.5878000259399	-10.737786879869
1.5924999713898	-11.005021357657
1.5972000360489	-11.282601167188
1.6018999814987	-11.571513827309
1.6066000461578	-11.872071087692
1.6112999916077	-12.183817573765
1.6160000562668	-12.505563998555
1.6207000017166	-12.835566811622
1.6253999471664	-13.171812102377
1.6301000118256	-13.512361813406
1.6347999572754	-13.855712288260
1.6395000219345	-14.201047576962
1.6441999673843	-14.548355906237
1.6489000320435	-14.898356345124
1.6535999774933	-15.252232583900
1.6583000421524	-15.611260622482
1.6629999876022	-15.976322527862
1.6677000522614	-16.347493617545
1.6723999977112	-16.723710067138
1.6770999431610	-17.102552303271
1.6818000078201	-17.480303289836
1.6864999532700	-17.852145836095
1.6912000179291	-18.212552131988
1.6958999633789	-18.555925414492
1.7006000280380	-18.877134577794
1.7052999734879	-19.172125746128
1.7100000381470	-19.438274482888
1.7146999835968	-19.674540794281
1.7194000482559	-19.881292366165
1.7240999937057	-20.059997852386
1.7288000583649	-20.212719696732
1.7335000038147	-20.341624559332
1.7381999492645	-20.448539887319
1.7429000139236	-20.534643998658
1.7475999593735	-20.600345337600
1.7523000240326	-20.645380744268
1.7569999694824	-20.669081171162
1.7617000341415	-20.670864098320
1.7663999795914	-20.650748581051
1.7711000442505	-20.609844424431
1.7757999897003	-20.550657921990
1.7805000543594	-20.477103034228
1.7851999998093	-20.394214184712
1.7898999452591	-20.307567699971
1.7946000099182	-20.222631146776
1.7992999553680	-20.144082862669
1.8040000200272	-20.075282921716
1.8086999654770	-20.017965420856
1.8134000301361	-19.972176933036
1.8180999755859	-19.936508593979
1.8228000402451	-19.908533734712
1.8274999856949	-19.885467790809
1.8322000503540	-19.864859395062
1.8368999958038	-19.845209807106
1.8415999412537	-19.826420209884
1.8463000059128	-19.809901783404
1.8509999513626	-19.798332407265
1.8557000160217	-19.795207474520
1.8603999614716	-19.804129555146
1.8651000261307	-19.828190652458
1.8697999715805	-19.869457734767
1.8745000362396	-19.928622812544
1.8791999816895	-20.004971659183
1.8839000463486	-20.096592118823
1.8885999917984	-20.200811119951
1.8933000564575	-20.314774383275
1.8980000019073	-20.436157538560
1.9026999473572	-20.563736736848
1.9074000120163	-20.697755548795
1.9120999574661	-20.840039055962
1.9168000221252	-20.993713712678
1.9214999675751	-21.162740099844
1.9262000322342	-21.351233328377
1.9308999776840	-21.562830230259
1.9356000423431	-21.800190335472
1.9402999877930	-22.064657789962
1.9450000524521	-22.356196429118
1.9496999979019	-22.673544225552
1.9543999433517	-23.014670283834
1.9591000080109	-23.377265477326
1.9637999534607	-23.759441247995
1.9685000181198	-24.160251347682
1.9731999635696	-24.580048781906
1.9779000282288	-25.020406230252
1.9825999736786	-25.483598804129
1.9873000383377	-25.971599435419
1.9919999837875	-26.484584670882
1.9967000484467	-27.019041292784
2.0013999938965	-27.565464293034
2.0060999393463	-28.105873527964
2.0107998847961	-28.611641112475
2.0155000686646	-29.043071970038
2.0202000141144	-29.352775682261
2.0248999595642	-29.494851059955
2.0295999050140	-29.438172233517
2.0343000888824	-29.177510352023
2.0390000343323	-28.734782316640
2.0436999797821	-28.149984764770
2.0483999252319	-27.468402896411
2.0531001091003	-26.731134405496
2.0578000545502	-25.970898903888
2.0625000000000	-25.211606077362
2.0671999454498	-24.469656596374
2.0718998908997	-23.755509100629
2.0766000747681	-23.075096295968
2.0813000202179	-22.430872051268
2.0859999656677	-21.822721659349
2.0906999111176	-21.248686971220
2.0954000949860	-20.705671774584
2.1001000404358	-20.190047721261
2.1047999858856	-19.698259465137
2.1094999313354	-19.227284378115
2.1142001152039	-18.774968121787
2.1189000606537	-18.340131990392
2.1236000061035	-17.922547692100
2.1282999515533	-17.522667268144
2.1329998970032	-17.141321590008
2.1377000808716	-16.779315779120
2.1424000263214	-16.437126449527
2.1470999717712	-16.114687191213
2.1517999172211	-15.811260795846
2.1565001010895	-15.525492627950
2.1612000465393	-15.255574069725
2.1658999919891	-14.999485289181
2.1705999374390	-14.755292767685
2.1752998828888	-14.521416737647
2.1800000667572	-14.296835121622
2.1847000122070	-14.081165329084
2.1893999576569	-13.874627994209
2.1940999031067	-13.677883976447
2.1988000869751	-13.491782246127
2.2035000324249	-13.317126398331
2.2081999778748	-13.154395568748
2.2128999233246	-13.003629266976
2.2176001071930	-12.864339576144
2.2223000526428	-12.735579978398
2.2269999980927	-12.616082927026
2.2316999435425	-12.504487025704
2.2363998889923	-12.399561654530
2.2411000728607	-12.300422759096
2.2458000183105	-12.206662879438
2.2504999637604	-12.118374527196
2.2551999092102	-12.036083100622
2.2599000930786	-11.960566572015
2.2646000385284	-11.892652075516
2.2692999839783	-11.832991627131
2.2739999294281	-11.781882244630
2.2787001132965	-11.739185670675
2.2834000587463	-11.704325322142
2.2881000041962	-11.676385675605
2.2927999496460	-11.654290034958
2.2974998950958	-11.636999679140
2.3022000789642	-11.623730881979
2.3069000244141	-11.614093030927
2.3115999698639	-11.608157576436
2.3162999153137	-11.606412097653
2.3210000991821	-11.609643245388
2.3257000446320	-11.618729717528
2.3303999900818	-11.634454783619
2.3350999355316	-11.657303770839
2.3397998809814	-11.687371639064
2.3445000648499	-11.724322762640
2.3492000102997	-11.767472265591
2.3538999557495	-11.815928300910
2.3585999011993	-11.868795997125
2.3633000850677	-11.925371010355
2.3680000305176	-11.985309573099
2.3726999759674	-12.048711406487
2.3773999214172	-12.116116383575
2.3821001052856	-12.188384421034
2.3868000507355	-12.266530972080
2.3914999961853	-12.351509850104
2.3961999416351	-12.444030885224
2.4008998870850	-12.544416692317
2.4056000709534	-12.652562164439
2.4103000164032	-12.767984331894
2.4149999618530	-12.889945986303
2.4196999073029	-13.017672770992
2.4244000911713	-13.150553451208
2.4291000366211	-13.288334506443
2.4337999820709	-13.431242269449
2.4384999275208	-13.579991122021
2.4432001113892	-13.735698626624
2.4479000568390	-13.899712363065
2.4526000022888	-14.073388057663
2.4572999477386	-14.257861791834
2.4619998931885	-14.453889987236
2.4667000770569	-14.661768641817
2.4714000225067	-14.881350587873
2.4760999679565	-15.112191948938
2.4807999134064	-15.353756147383
2.4855000972748	-15.605694530596
2.4902000427246	-15.868102835124
2.4948999881744	-16.141687686639
2.4995999336243	-16.427868332527
2.5043001174927	-16.728721898937
2.5090000629425	-17.046788160664
2.5137000083923	-17.384848225544
2.5183999538422	-17.745600233162
2.5230998992920	-18.131458406659
2.5278000831604	-18.544373212529
2.5325000286102	-18.985839078171
2.5371999740601	-19.457040241044
2.5418999195099	-19.959168168265
2.5466001033783	-20.493894276936
2.5513000488281	-21.063841372470
2.5559999942780	-21.673156075376
2.5606999397278	-22.327863263185
2.5653998851776	-23.036104610912
2.5701000690460	-23.807967902746
2.5748000144958	-24.654986802741
2.5794999599457	-25.588791110799
2.5841999053955	-26.618359605016
2.5889000892639	-27.744022609405
2.5936000347137	-28.944682387896
2.5982999801636	-30.152457796245
2.6029999256134	-31.215200298194
2.6077001094818	-31.885048685068
2.6124000549316	-31.930281401831
2.6171000003815	-31.339992307952
2.6217999458313	-30.331541745432
2.6264998912811	-29.148989877792
2.6312000751495	-27.944775756400
2.6359000205994	-26.788302565633
2.6405999660492	-25.703724178143
2.6452999114990	-24.695585993935
2.6500000953674	-23.761280090429
2.6547000408173	-22.896263823983
2.6593999862671	-22.095771593474
2.6640999317169	-21.355199226759
2.6688001155853	-20.669958547432
2.6735000610352	-20.035323415018
2.6782000064850	-19.446296421879
2.6828999519348	-18.897689884447
2.6875998973846	-18.384294176431
2.6923000812531	-17.901151878872
2.6970000267029	-17.443855966262
2.7016999721527	-17.008787568524
2.7063999176025	-16.593265521686
2.7111001014709	-16.195550797450
2.7158000469208	-15.814720537928
2.7204999923706	-15.450418210168
2.7251999378204	-15.102558505987
2.7298998832703	-14.771029661079
2.7346000671387	-14.455467149993
2.7393000125885	-14.155114328053
2.7439999580383	-13.868806847887
2.7486999034882	-13.595051567893
2.7534000873566	-13.332212134433
2.7581000328064	-13.078699879193
2.7627999782562	-12.833189356130
2.7674999237061	-12.594762737033
2.7722001075745	-12.362965362814
2.7769000530243	-12.137782871809
2.7815999984741	-11.919502176274
2.7862999439240	-11.708549542185
2.7909998893738	-11.505279836488
2.7957000732422	-11.309837663706
2.8004000186920	-11.122036247080
2.8050999641418	-10.941354526770
2.8097999095917	-10.766990652617
2.8145000934601	-10.597993888919
2.8192000389099	-10.433422587573
2.8238999843597	-10.272513207476
2.8285999298096	-10.114777458097
2.8333001136780	-9.9600800355233
2.8380000591278	-9.8085970512545
2.8427000045776	-9.6607330964197
2.8473999500275	-9.5169685480873
2.8520998954773	-9.3777193531108
2.8568000793457	-9.2432027545168
2.8615000247955	-9.1133632028950
2.8661999702454	-8.9878578794803
2.8708999156952	-8.8661170238258
2.8756000995636	-8.7474541954376
2.8803000450134	-8.6311963201408
2.8849999904633	-8.5168227489223
2.8896999359131	-8.4040552216756
2.8943998813629	-8.2928989630388
2.8991000652313	-8.1836095807017
2.9038000106812	-8.0766206748162
2.9084999561310	-7.9724066869592
2.9131999015808	-7.8713614827353
2.9179000854492	-7.7736964898173
2.9226000308990	-7.6793703759473
2.9272999763489	-7.5881066552728
2.9319999217987	-7.4994317569359
2.9367001056671	-7.4127901947105
2.9414000511169	-7.3276608443055
2.9460999965668	-7.2436664722661
2.9507999420166	-7.1606488024633
2.9554998874664	-7.0786986072074
2.9602000713348	-6.9981151848928
2.9649000167847	-6.9193238122402
2.9695999622345	-6.8427680882165
2.9742999076843	-6.7687977650676
2.9790000915527	-6.6975732434639
2.9837000370026	-6.6290369828637
2.9883999824524	-6.5629161414734
2.9930999279022	-6.4987822537535
2.9978001117706	-6.4361508904690
3.0025000572205	-6.3745884999972
3.0072000026703	-6.3138166665289
3.0118999481201	-6.2537557535666
3.0165998935699	-6.1945466415391
3.0213000774384	-6.1365093518904
3.0260000228882	-6.0800485108811
3.0306999683380	-6.0255688687648
3.0353999137878	-5.9733513571131
3.0401000976562	-5.9235066694922
3.0448000431061	-5.8759342995005
3.0494999885559	-5.8303420287652
3.0541999340057	-5.7863159022432
3.0589001178741	-5.7434165805622
3.0636000633240	-5.7012767758529
3.0683000087738	-5.6596822994326
3.0729999542236	-5.6186174910965
3.0776998996735	-5.5782637632121
3.0824000835419	-5.5389463432167
3.0871000289917	-5.5010561730749
3.0917999744415	-5.4649496036152
3.0964999198914	-5.4308561120786
3.1012001037598	-5.3988228152730
3.1059000492096	-5.3687041868276
3.1105999946594	-5.3401907985812
3.1152999401093	-5.3128720075063
3.1199998855591	-5.2863444305054
3.1247000694275	-5.2602908121314
3.1294000148773	-5.2345552407449
3.1340999603271	-5.2091776021852
3.1387999057770	-5.1843702463566
3.1435000896454	-5.1604750739664
3.1482000350952	-5.1378549565026
3.1528999805450	-5.1168316897223
3.1575999259949	-5.0975767278423
3.1623001098633	-5.0800861952278
3.1670000553131	-5.0641640602458
3.1717000007629	-5.0494853898986
3.1763999462128	-5.0356436263757
3.1810998916626	-5.0222652177269
3.1858000755310	-5.0090822272180
3.1905000209808	-4.9959909111238
3.1951999664307	-4.9830789741074
3.1998999118805	-4.9705960591351
3.2046000957489	-4.9588778760635
3.2093000411987	-4.9482760290893
3.2139999866486	-4.9390549430931
3.2186999320984	-4.9313322448944
3.2234001159668	-4.9250360271643
3.2281000614166	-4.9199300194779
3.2328000068665	-4.9156456322433
3.2374999523163	-4.9117782473638
3.2421998977661	-4.9079766310085
3.2469000816345	-4.9040057607556
3.2516000270844	-4.8998138762030
3.2562999725342	-4.8955225912574
3.2609999179840	-4.8913950864509
3.2657001018524	-4.8877590137727
3.2704000473022	-4.8849208096076
3.2750999927521	-4.8830771568839
3.2797999382019	-4.8822589223873
3.2844998836517	-4.8823105659046
3.2892000675201	-4.8829110392066
3.2939000129700	-4.8836431846119
3.2985999584198	-4.8840752658335
3.3032999038696	-4.8838471762054
3.3080000877380	-4.8827431710539
3.3127000331879	-4.8807285825601
3.3173999786377	-4.8779328574815
3.3220999240875	-4.8746016627044
3.3268001079559	-4.8710114242469
3.3315000534058	-4.8673843179353
3.3361999988556	-4.8638048077038
3.3408999443054	-4.8601752666396
3.3455998897552	-4.8562112570402
3.3503000736237	-4.8514866775600
3.3550000190735	-4.8455027492930
3.3596999645233	-4.8377897337446
3.3643999099731	-4.8279792667240
3.3691000938416	-4.8158824260856
3.3738000392914	-4.8014927950109
3.3784999847412	-4.7849581395637
3.3831999301910	-4.7665297951943
3.3879001140594	-4.7464540528674
3.3926000595093	-4.7249013669906
3.3973000049591	-4.7018960279385
3.4019999504089	-4.6772847384631
3.4066998958588	-4.6507654527067
3.4114000797272	-4.6219475686737
3.4161000251770	-4.5904368909482
3.4207999706268	-4.5559325965965
3.4254999160767	-4.5183045525135
3.4302000999451	-4.4776305813679
3.4349000453949	-4.4341926456689
3.4395999908447	-4.3884254374913
3.4442999362946	-4.3408386252943
3.4489998817444	-4.2919275851995
3.4537000656128	-4.2420891395580
3.4584000110626	-4.1915783035292
3.4630999565125	-4.1404984569322
3.4677999019623	-4.0888396233160
3.4725000858307	-4.0365476990942
3.4772000312805	-3.9835956443808
3.4818999767303	-3.9300718559393
3.4865999221802	-3.8762119483258
3.4913001060486	-3.8224294211797
3.4960000514984	-3.7692611710155
3.5006999969482	-3.7173238219770
3.5053999423981	-3.6672178177183
3.5100998878479	-3.6194553670120
3.5148000717163	-3.5743911197376
3.5195000171661	-3.5322029500921
3.5241999626160	-3.4928964719514
3.5288999080658	-3.4563512316147
3.5336000919342	-3.4223873234316
3.5383000373840	-3.3908439429242
3.5429999828339	-3.3616407933373
3.5476999282837	-3.3348162550018
3.5524001121521	-3.3105341352322
3.5571000576019	-3.2890523828295
3.5618000030518	-3.2706693882451
3.5664999485016	-3.2556494726386
3.5711998939514	-3.2441670512240
3.5759000778198	-3.2362546297092
3.5806000232697	-3.2317877413039
3.5852999687195	-3.2305092816838
3.5899999141693	-3.2320711807742
3.5947000980377	-3.2361038528466
3.5994000434875	-3.2422826826197
3.6040999889374	-3.2503931757797
3.6087999343872	-3.2603578355488
3.6135001182556	-3.2722372924399
3.6182000637054	-3.2861987559176
3.6229000091553	-3.3024585238397
3.6275999546051	-3.3212089770673
3.6322999000549	-3.3425661899632
3.6370000839233	-3.3665155314970
3.6417000293732	-3.3929043832650
3.6463999748230	-3.4214577786910
3.6510999202728	-3.4518320800427
3.6558001041412	-3.4836777698486
3.6605000495911	-3.5167069254255
3.6651999950409	-3.5507522917099
3.6698999404907	-3.5857979683306
3.6745998859406	-3.6219646147915
3.6793000698090	-3.6594846655211
3.6840000152588	-3.6986263279674
3.6886999607086	-3.7396343821442
3.6933999061584	-3.7826552092621
3.6981000900269	-3.8276994210248
3.7028000354767	-3.8746298445062
3.7074999809265	-3.9231818430555
3.7121999263763	-3.9730267395877
3.7169001102448	-4.0238339231340
3.7216000556946	-4.0753474613818
3.7263000011444	-4.1274445665005
3.7309999465942	-4.1801576166512
3.7356998920441	-4.2336670685593
3.7404000759125	-4.2882525710034
3.7451000213623	-4.3442281724110
3.7497999668121	-4.4018523633763
3.7544999122620	-4.4612732781193
3.7592000961304	-4.5224724611523
3.7639000415802	-4.5852707722790
3.7685999870300	-4.6493496122954
3.7732999324799	-4.7143240489437
3.7780001163483	-4.7798231939999
3.7827000617981	-4.8455660251578
3.7874000072479	-4.9114220140337
3.7920999526978	-4.9774399249954
3.7967998981476	-5.0438137705680
3.8015000820160	-5.1108418817868
3.8062000274658	-5.1788247385614
3.8108999729156	-5.2479862017083
3.8155999183655	-5.3183925784334
3.8203001022339	-5.3899184049591
3.8250000476837	-5.4622439951540
3.8296999931335	-5.5349050885901
3.8343999385834	-5.6073776466775
3.8390998840332	-5.6791789453580
3.8438000679016	-5.7499534212557
3.8485000133514	-5.8195362371778
3.8531999588013	-5.8879664322941
3.8578999042511	-5.9554531637632
3.8626000881195	-6.0222832100432
3.8673000335693	-6.0887283149768
3.8719999790192	-6.1549282679669
3.8766999244690	-6.2208279007960
3.8814001083374	-6.2861329771175
3.8861000537872	-6.3503490046045
3.8907999992371	-6.4128554312257
3.8954999446869	-6.4730216792694
3.9001998901367	-6.5303266441721
3.9049000740051	-6.5844652863408
3.9096000194550	-6.6353855416893
3.9142999649048	-6.6832935311662
3.9189999103546	-6.7285678116969
3.9237000942230	-6.7716490573866
3.9284000396729	-6.8129082723795
3.9330999851227	-6.8525320985637
3.9377999305725	-6.8904672027217
3.9425001144409	-6.9264142173637
3.9472000598907	-6.9598952145116
3.9519000053406	-6.9903782039833
3.9565999507904	-7.0174088882726
3.9612998962402	-7.0407412820356
3.9660000801086	-7.0604204889929
3.9707000255585	-7.0767931790318
3.9753999710083	-7.0904423712169
3.9800999164581	-7.1020795102670
3.9848001003265	-7.1123895492873
3.9895000457764	-7.1218933503062
3.9941999912262	-7.1308573278317
3.9988999366760	-7.1392638880531
4.0036001205444	-7.1468478985692
4.0082998275757	-7.1532079576001
4.0130000114441	-7.1579440004247
4.0177001953125	-7.1608007340894
4.0223999023438	-7.1617771960554
4.0271000862122	-7.1611681050319
4.0317997932434	-7.1595313744064
4.0364999771118	-7.1575968284130
4.0412001609802	-7.1561234668034
4.0458998680115	-7.1557478883806
4.0506000518799	-7.1568700693039
4.0553002357483	-7.1595882592872
4.0599999427795	-7.1637057855459
4.0647001266479	-7.1688125050412
4.0693998336792	-7.1744069881567
4.0741000175476	-7.1800518225100
4.0788002014160	-7.1855001232742
4.0834999084473	-7.1907860562151
4.0882000923157	-7.1962344072187
4.0928997993469	-7.2024096665244
4.0975999832153	-7.2099893938918
4.1023001670837	-7.2196191461496
4.1069998741150	-7.2317757657511
4.1117000579834	-7.2466539476190
4.1163997650146	-7.2641430728208
4.1210999488831	-7.2838461299152
4.1258001327515	-7.3051889628627
4.1304998397827	-7.3275632336743
4.1352000236511	-7.3504753668964
4.1399002075195	-7.3736717588675
4.1445999145508	-7.3972125152329
4.1493000984192	-7.4214572854332
4.1539998054504	-7.4469858410956
4.1586999893188	-7.4744615772869
4.1634001731873	-7.5044692984590
4.1680998802185	-7.5373740009043
4.1728000640869	-7.5732275214768
4.1774997711182	-7.6117515371373
4.1821999549866	-7.6523909692989
4.1869001388550	-7.6944400083749
4.1915998458862	-7.7372000596540
4.1963000297546	-7.7801469797753
4.2010002136230	-7.8230568891041
4.2056999206543	-7.8660561923270
4.2104001045227	-7.9095953883970
4.2150998115540	-7.9543328812522
4.2197999954224	-8.0009772261311
4.2245001792908	-8.0501047585976
4.2291998863220	-8.1020200502691
4.2339000701904	-8.1566586246518
4.2385997772217	-8.2136002551327
4.2432999610901	-8.2721466927141
4.2480001449585	-8.3314889072231
4.2526998519897	-8.3908891542757
4.2574000358582	-8.4498677942872
4.2621002197266	-8.5083336871913
4.2667999267578	-8.5666146152213
4.2715001106262	-8.6254067151739
4.2761998176575	-8.6856179739045
4.2809000015259	-8.7481749842369
4.2856001853943	-8.8138297725011
4.2902998924255	-8.8829959289770
4.2950000762939	-8.9556852833483
4.2996997833252	-9.0315314938009
4.3043999671936	-9.1099178429195
4.3091001510620	-9.1901671995871
4.3137998580933	-9.2717601971231
4.3185000419617	-9.3545264841819
4.3232002258301	-9.4387514109595
4.3278999328613	-9.5251831558601
4.3326001167297	-9.6149133450733
4.3372998237610	-9.7091782337191
4.3420000076294	-9.8091061463771
4.3467001914978	-9.9154814887857
4.3513998985291	-10.028567893846
4.3561000823975	-10.148043365785
4.3607997894287	-10.273053497919
4.3654999732971	-10.402383613476
4.3702001571655	-10.534713195597
4.3748998641968	-10.668906201716
4.3796000480652	-10.804269163603
4.3843002319336	-10.940689455794
4.3889999389648	-11.078652672141
4.3937001228333	-11.219086810123
4.3983998298645	-11.363091478433
4.4031000137329	-11.511611582006
4.4078001976013	-11.665127738387
4.4124999046326	-11.823449962452
4.4172000885010	-11.985659189222
4.4218997955322	-12.150235160835
4.4265999794006	-12.315340382962
4.4313001632690	-12.479219096825
4.4359998703003	-12.640610333305
4.4407000541687	-12.799062229150
4.4454002380371	-12.955064082772
4.4500999450684	-13.109924333472
4.4548001289368	-13.265432778389
4.4594998359680	-13.423381958577
4.4642000198364	-13.585058467252
4.4689002037048	-13.750836652734
4.4735999107361	-13.919984284014
4.4783000946045	-14.090723489841
4.4829998016357	-14.260570616421
4.4876999855042	-14.426887740266
4.4924001693726	-14.587522187394
4.4970998764038	-14.741368631805
4.5018000602722	-14.888669086179
4.5064997673035	-15.030954141991
4.5111999511719	-15.170605900291
4.5159001350403	-15.310160498506
4.5205998420715	-15.451551411183
4.5253000259399	-15.595448030889
4.5300002098083	-15.740910906175
4.5346999168396	-15.885416459550
4.5394001007080	-16.025332698212
4.5440998077393	-16.156716993099
4.5487999916077	-16.276281268524
4.5535001754761	-16.382263542348
4.5581998825073	-16.474885194311
4.5629000663757	-16.556261108403
4.5675997734070	-16.629720241544
4.5722999572754	-16.698795035514
4.5770001411438	-16.766104403308
4.5816998481750	-16.832523492057
4.5864000320435	-16.896777493967
4.5911002159119	-16.955619150989
4.5957999229431	-17.004587670376
4.6005001068115	-17.039177761530
4.6051998138428	-17.056090279448
4.6098999977112	-17.054244070734
4.6146001815796	-17.035149504689
4.6192998886108	-17.002497585516
4.6240000724792	-16.961143669360
4.6286997795105	-16.915768083533
4.6333999633789	-16.869659902889
4.6381001472473	-16.823936793468
4.6427998542786	-16.777328699417
4.6475000381470	-16.726641650040
4.6522002220154	-16.667713936309
4.6568999290466	-16.596692211038
4.6616001129150	-16.511237384500
4.6662998199463	-16.411334585827
4.6710000038147	-16.299408754451
4.6757001876831	-16.179733089102
4.6803998947144	-16.057347458605
4.6851000785828	-15.936800550805
4.6897997856140	-15.821122690215
4.6944999694824	-15.711208698182
4.6992001533508	-15.605780131827
4.7038998603821	-15.501831619070
4.7086000442505	-15.395540930658
4.7133002281189	-15.283353373282
4.7179999351501	-15.163034164306
4.7227001190186	-15.034340183504
4.7273998260498	-14.899117810044
4.7321000099182	-14.760868837019
4.7368001937866	-14.623838584496
4.7414999008179	-14.491983825366
4.7462000846863	-14.368063943352
4.7508997917175	-14.253059541889
4.7555999755859	-14.146045943873
4.7603001594543	-14.044500803580
4.7649998664856	-13.944985198371
4.7697000503540	-13.844062317879
4.7744002342224	-13.739199017711
4.7790999412537	-13.629470150948
4.7838001251221	-13.515815164543
4.7884998321533	-13.400805842433
4.7932000160217	-13.288002048575
4.7979001998901	-13.181067217632
4.8025999069214	-13.082918985888
4.8073000907898	-12.995059994543
4.8119997978210	-12.917308414982
4.8166999816895	-12.847873711662
4.8214001655579	-12.783827619042
4.8260998725891	-12.721829029257
4.8308000564575	-12.658973636545
4.8354997634888	-12.593557925169
4.8401999473572	-12.525528927950
4.8449001312256	-12.456516244904
4.8495998382568	-12.389438118526
4.8543000221252	-12.327761703024
4.8590002059937	-12.274652243717
4.8636999130249	-12.232217463665
4.8684000968933	-12.200991665217
4.8730998039246	-12.179779832399
4.8777999877930	-12.165875067560
4.8825001716614	-12.155621068287
4.8871998786926	-12.145207843416
4.8919000625610	-12.131527187050
4.8965997695923	-12.112874270074
4.9012999534607	-12.089278160027
4.9060001373291	-12.062362298487
4.9106998443604	-12.034761657127
4.9154000282288	-12.009245770670
4.9201002120972	-11.987791334049
4.9247999191284	-11.970837598906
4.9295001029968	-11.956891298491
4.9341998100281	-11.942597729704
4.9388999938965	-11.923288877292
4.9436001777649	-11.893901960890
4.9482998847961	-11.850111846167
4.9530000686646	-11.789335334828
4.9576997756958	-11.711353599521
4.9623999595642	-11.618287676105
4.9671001434326	-11.513965785096
4.9717998504639	-11.402870041461
4.9765000343323	-11.289008396595
4.9812002182007	-11.174987179538
4.9858999252319	-11.061546569752
4.9906001091003	-10.947583360327
4.9952998161316	-10.830684808018
5.0000000000000	-10.707986349394
#Parameters = {R_fat=48; R_glandular=38; R_skin_outer=50; T10=5; T15=7.5; T5=2.5; T_rad=4; T_x=10; T_y=0; T_z=75; Zc=65; skin_thickness=2; Mesh Pass=6}
#"Frequency / GHz"	"S1,1 (Mesh Pass=6) [Magnitude / dB]"
#-------------------------------------------------------
0.30000001192093	-23.014808618828
0.30469998717308	-23.719857470965
0.30939999222755	-24.987605311832
0.31409999728203	-26.934148057951
0.31880000233650	-29.315986362798
0.32350000739098	-29.909791911794
0.32820001244545	-27.035622177011
0.33289998769760	-23.592129606329
0.33759999275208	-20.744243362809
0.34229999780655	-18.462629129888
0.34700000286102	-16.603633039944
0.35170000791550	-15.058047136061
0.35640001296997	-13.752777258255
0.36109998822212	-12.640939090452
0.36579999327660	-11.694464735847
0.37049999833107	-10.899015523000
0.37520000338554	-10.249791893011
0.37990000844002	-9.7473207210896
0.38460001349449	-9.3929284479171
0.38929998874664	-9.1846412559654
0.39399999380112	-9.1147150358849
0.39869999885559	-9.1698115171445
0.40340000391006	-9.3335280294674
0.40810000896454	-9.5901100598809
0.41280001401901	-9.9277579852538
0.41749998927116	-10.340669206397
0.42219999432564	-10.829614245711
0.42689999938011	-11.401128276275
0.43160000443459	-12.065271734357
0.43630000948906	-12.831224575408
0.44100001454353	-13.698894952021
0.44569998979568	-14.643516369467
0.45039999485016	-15.591247835091
0.45509999990463	-16.396571071630
0.45980000495911	-16.866291381066
0.46450001001358	-16.876198875055
0.46919998526573	-16.485033979048
0.47389999032021	-15.882322818915
0.47859999537468	-15.250639862901
0.48330000042915	-14.702987286723
0.48800000548363	-14.292181097845
0.49270001053810	-14.035111671241
0.49739998579025	-13.928634048986
0.50209999084473	-13.955768506791
0.50679999589920	-14.085577131558
0.51150000095367	-14.270518326129
0.51620000600815	-14.446349922695
0.52090001106262	-14.541369860501
0.52560001611710	-14.498274131535
0.53030002117157	-14.298840802404
0.53500002622604	-13.971390815329
0.53969997167587	-13.573900679674
0.54439997673035	-13.168281088668
0.54909998178482	-12.803242593362
0.55379998683929	-12.509040881813
0.55849999189377	-12.298748461162
0.56319999694824	-12.170875685819
0.56790000200272	-12.111304824308
0.57260000705719	-12.094844466741
0.57730001211166	-12.087886714155
0.58200001716614	-12.053967846690
0.58670002222061	-11.962529683949
0.59140002727509	-11.798036808080
0.59609997272491	-11.564584225677
0.60079997777939	-11.282972764796
0.60549998283386	-10.982432853153
0.61019998788834	-10.691788707336
0.61489999294281	-10.433484602995
0.61959999799728	-10.220910157314
0.62430000305176	-10.057859262450
0.62900000810623	-9.9390353065698
0.63370001316071	-9.8512724325312
0.63840001821518	-9.7756712551660
0.64310002326965	-9.6910933945162
0.64780002832413	-9.5788140633182
0.65249997377396	-9.4272456105933
0.65719997882843	-9.2348262600915
0.66189998388290	-9.0098192880345
0.66659998893738	-8.7671743381774
0.67129999399185	-8.5241151448857
0.67599999904633	-8.2961066610865
0.68070000410080	-8.0941110240560
0.68540000915527	-7.9232138877389
0.69010001420975	-7.7822896097235
0.69480001926422	-7.6645340492379
0.69950002431870	-7.5588129049869
0.70420002937317	-7.4518582072087
0.70889997482300	-7.3311175052856
0.71359997987747	-7.1876633448379
0.71829998493195	-7.0182755954780
0.72299998998642	-6.8259617530393
0.72769999504089	-6.6187753754836
0.73240000009537	-6.4074931593919
0.73710000514984	-6.2030048456275
0.74180001020432	-6.0141097929156
0.74650001525879	-5.8460354156859
0.75120002031326	-5.6997329894922
0.75590002536774	-5.5719196457067
0.76059997081757	-5.4558103688533
0.76529997587204	-5.3425243970617
0.76999998092651	-5.2229791650603
0.77469998598099	-5.0899332672199
0.77939999103546	-4.9396402233092
0.78409999608994	-4.7726324323613
0.78880000114441	-4.5934071316426
0.79350000619888	-4.4091697189053
0.79820001125336	-4.2281012821912
0.80290001630783	-4.0576162576410
0.80760002136230	-3.9029493061921
0.81230002641678	-3.7662687603257
0.81699997186661	-3.6463911210428
0.82169997692108	-3.5390921732225
0.82639998197556	-3.4379945100790
0.83109998703003	-3.3359542137487
0.83579999208450	-3.2266435709434
0.84049999713898	-3.1060309155980
0.84520000219345	-2.9733163779950
0.84990000724792	-2.8311083979339
0.85460001230240	-2.6847626336304
0.85930001735687	-2.5411721485854
0.86400002241135	-2.4072991624303
0.86870002746582	-2.2888025240578
0.87339997291565	-2.1889937147024
0.87809997797012	-2.1082752483133
0.88279998302460	-2.0441364524883
0.88749998807907	-1.9917122750850
0.89219999313354	-1.9448579270614
0.89689999818802	-1.8975542696547
0.90160000324249	-1.8453918590933
0.90630000829697	-1.7867309168692
0.91100001335144	-1.7232756533789
0.91570001840591	-1.6598613603954
0.92040002346039	-1.6035720997917
0.92510002851486	-1.5623876711930
0.92979997396469	-1.5437207724307
0.93449997901917	-1.5531459179656
0.93919998407364	-1.5935348425266
0.94389998912811	-1.6647392495653
0.94859999418259	-1.7638987608882
0.95329999923706	-1.8863463604957
0.95800000429153	-2.0270361776093
0.96270000934601	-2.1822935068500
0.96740001440048	-2.3515485981454
0.97210001945496	-2.5387124373568
0.97680002450943	-2.7528226535465
0.98150002956390	-3.0078873121991
0.98619997501373	-3.3220743675025
0.99089998006821	-3.7166647468783
0.99559998512268	-4.2153189113894
1.0003000497818	-4.8442120576143
1.0049999952316	-5.6335673467537
1.0096999406815	-6.6213110912191
1.0144000053406	-7.8600659282639
1.0190999507904	-9.4304593118221
1.0238000154495	-11.467606429159
1.0284999608994	-14.216073317319
1.0332000255585	-18.100495461953
1.0378999710083	-22.623585486504
1.0426000356674	-20.645021329650
1.0472999811172	-15.983420279708
1.0520000457764	-12.601304375074
1.0566999912262	-10.139465543024
1.0614000558853	-8.2595793971896
1.0661000013351	-6.7778560559708
1.0707999467850	-5.5898050160814
1.0755000114441	-4.6309968910809
1.0801999568939	-3.8580787413013
1.0849000215530	-3.2390268751163
1.0895999670029	-2.7479362063057
1.0943000316620	-2.3623319396045
1.0989999771118	-2.0619740829582
1.1037000417709	-1.8286140452110
1.1083999872208	-1.6462651467292
1.1131000518799	-1.5016543601585
1.1177999973297	-1.3845975660414
1.1224999427795	-1.2880843622017
1.1272000074387	-1.2080306719024
1.1318999528885	-1.1426848769960
1.1366000175476	-1.0918492595102
1.1412999629974	-1.0560398376318
1.1460000276566	-1.0357408512455
1.1506999731064	-1.0308884966557
1.1554000377655	-1.0405870879089
1.1600999832153	-1.0631009016747
1.1648000478745	-1.0960401702831
1.1694999933243	-1.1366957648047
1.1742000579834	-1.1824118798719
1.1789000034332	-1.2309551507836
1.1835999488831	-1.2807716307725
1.1883000135422	-1.3311054632292
1.1929999589920	-1.3819623938823
1.1977000236511	-1.4339520100623
1.2023999691010	-1.4880096795805
1.2071000337601	-1.5451285737881
1.2117999792099	-1.6060917637654
1.2165000438690	-1.6712891446259
1.2211999893188	-1.7406552589999
1.2259000539780	-1.8136740833202
1.2305999994278	-1.8895025058878
1.2352999448776	-1.9671270229906
1.2400000095367	-2.0455621819560
1.2446999549866	-2.1240133705277
1.2494000196457	-2.2019991130715
1.2540999650955	-2.2794034029471
1.2588000297546	-2.3564668206667
1.2634999752045	-2.4336820794966
1.2682000398636	-2.5116869044870
1.2728999853134	-2.5911039934319
1.2776000499725	-2.6724248073089
1.2822999954224	-2.7559221929378
1.2869999408722	-2.8415963077561
1.2917000055313	-2.9292044209768
1.2963999509811	-3.0183188375061
1.3011000156403	-3.1084129130416
1.3057999610901	-3.1989751750364
1.3105000257492	-3.2896052290363
1.3151999711990	-3.3800865398324
1.3199000358582	-3.4704175042340
1.3245999813080	-3.5608096313320
1.3293000459671	-3.6516344218620
1.3339999914169	-3.7433515486566
1.3387000560760	-3.8364191985230
1.3434000015259	-3.9312146593274
1.3480999469757	-4.0279726409043
1.3528000116348	-4.1267506399942
1.3574999570847	-4.2274402311491
1.3622000217438	-4.3297970234762
1.3668999671936	-4.4335018768929
1.3716000318527	-4.5382368547289
1.3762999773026	-4.6437497356869
1.3810000419617	-4.7499184074011
1.3856999874115	-4.8567790021670
1.3904000520706	-4.9645231227225
1.3950999975204	-5.0734770000311
1.3997999429703	-5.1840419214183
1.4045000076294	-5.2966382881491
1.4091999530792	-5.4116290419769
1.4139000177383	-5.5292746377458
1.4185999631882	-5.6496982950580
1.4233000278473	-5.7728793445270
1.4279999732971	-5.8986802235288
1.4327000379562	-6.0268848806224
1.4373999834061	-6.1572608337029
1.4421000480652	-6.2896240179731
1.4467999935150	-6.4238884814512
1.4515000581741	-6.5601065213571
1.4562000036240	-6.6984728194618
1.4608999490738	-6.8393122545717
1.4656000137329	-6.9830354536619
1.4702999591827	-7.1300843685124
1.4750000238419	-7.2808668814303
1.4796999692917	-7.4356985761998
1.4844000339508	-7.5947711261903
1.4890999794006	-7.7581258862753
1.4938000440598	-7.9256693073680
1.4984999895096	-8.0972096076567
1.5032000541687	-8.2725063550753
1.5078999996185	-8.4513370052402
1.5125999450684	-8.6335563559200
1.5173000097275	-8.8191414115199
1.5219999551773	-9.0082177387079
1.5267000198364	-9.2010501678104
1.5313999652863	-9.3980060418732
1.5361000299454	-9.5995023486344
1.5407999753952	-9.8059334363669
1.5455000400543	-10.017597095412
1.5501999855042	-10.234637980043
1.5549000501633	-10.457009528513
1.5595999956131	-10.684465085525
1.5642999410629	-10.916582827816
1.5690000057220	-11.152814989120
1.5736999511719	-11.392558642347
1.5784000158310	-11.635232994912
1.5830999612808	-11.880343454789
1.5878000259399	-12.127530977083
1.5924999713898	-12.376578855347
1.5972000360489	-12.627389083065
1.6018999814987	-12.879920901937
1.6066000461578	-13.134099944440
1.6112999916077	-13.389731677852
1.6160000562668	-13.646394985040
1.6207000017166	-13.903397867066
1.6253999471664	-14.159725349708
1.6301000118256	-14.414078411893
1.6347999572754	-14.664927390446
1.6395000219345	-14.910607182927
1.6441999673843	-15.149456774181
1.6489000320435	-15.379936640472
1.6535999774933	-15.600756080413
1.6583000421524	-15.810916395910
1.6629999876022	-16.009781634956
1.6677000522614	-16.196994640400
1.6723999977112	-16.372454339346
1.6770999431610	-16.536185803778
1.6818000078201	-16.688235246051
1.6864999532700	-16.828589898171
1.6912000179291	-16.957126136145
1.6958999633789	-17.073597130814
1.7006000280380	-17.177681138387
1.7052999734879	-17.269087052475
1.7100000381470	-17.347668665362
1.7146999835968	-17.413560679822
1.7194000482559	-17.467273418305
1.7240999937057	-17.509769864824
1.7288000583649	-17.542427853736
1.7335000038147	-17.566975977528
1.7381999492645	-17.585350486228
1.7429000139236	-17.599508532557
1.7475999593735	-17.611253176135
1.7523000240326	-17.622071226394
1.7569999694824	-17.633031052573
1.7617000341415	-17.644753609207
1.7663999795914	-17.657465680338
1.7711000442505	-17.671099806468
1.7757999897003	-17.685486727008
1.7805000543594	-17.700508170954
1.7851999998093	-17.716288056311
1.7898999452591	-17.733290674790
1.7946000099182	-17.752348004309
1.7992999553680	-17.774627629333
1.8040000200272	-17.801478678202
1.8086999654770	-17.834291111371
1.8134000301361	-17.874293054310
1.8180999755859	-17.922386821805
1.8228000402451	-17.979068588047
1.8274999856949	-18.044399359455
1.8322000503540	-18.118059317479
1.8368999958038	-18.199493028398
1.8415999412537	-18.288107273958
1.8463000059128	-18.383455821900
1.8509999513626	-18.485440068637
1.8557000160217	-18.594417652441
1.8603999614716	-18.711220289634
1.8651000261307	-18.837116255552
1.8697999715805	-18.973647488615
1.8745000362396	-19.122430399811
1.8791999816895	-19.284976472611
1.8839000463486	-19.462505765639
1.8885999917984	-19.655853799654
1.8933000564575	-19.865468857481
1.8980000019073	-20.091498811284
1.9026999473572	-20.333970554618
1.9074000120163	-20.593031398424
1.9120999574661	-20.869213586397
1.9168000221252	-21.163669208152
1.9214999675751	-21.478324092282
1.9262000322342	-21.815995886820
1.9308999776840	-22.180345802819
1.9356000423431	-22.575765770002
1.9402999877930	-23.007261692553
1.9450000524521	-23.480322271038
1.9496999979019	-24.000902192718
1.9543999433517	-24.575492425091
1.9591000080109	-25.211490856543
1.9637999534607	-25.917789415057
1.9685000181198	-26.705766937326
1.9731999635696	-27.590817582569
1.9779000282288	-28.594694407881
1.9825999736786	-29.749059000027
1.9873000383377	-31.101249826246
1.9919999837875	-32.724181541693
1.9967000484467	-34.732901058902
2.0013999938965	-37.304517450108
2.0060999393463	-40.599650267072
2.0107998847961	-43.581296060839
2.0155000686646	-42.171480978557
2.0202000141144	-38.484414733090
2.0248999595642	-35.362999444225
2.0295999050140	-32.915974131919
2.0343000888824	-30.945424287637
2.0390000343323	-29.307831823991
2.0436999797821	-27.911081919408
2.0483999252319	-26.694637544686
2.0531001091003	-25.616998815571
2.0578000545502	-24.648759719514
2.0625000000000	-23.768585399623
2.0671999454498	-22.960842675170
2.0718998908997	-22.214039922786
2.0766000747681	-21.519786407092
2.0813000202179	-20.871896430863
2.0859999656677	-20.265793403027
2.0906999111176	-19.697911547429
2.0954000949860	-19.165314749938
2.1001000404358	-18.665368072659
2.1047999858856	-18.195555213780
2.1094999313354	-17.753369409565
2.1142001152039	-17.336349320432
2.1189000606537	-16.942099626111
2.1236000061035	-16.568409977464
2.1282999515533	-16.213356393963
2.1329998970032	-15.875366437022
2.1377000808716	-15.553288165427
2.1424000263214	-15.246346593323
2.1470999717712	-14.954093710209
2.1517999172211	-14.676305639282
2.1565001010895	-14.412859847186
2.1612000465393	-14.163604593229
2.1658999919891	-13.928276374824
2.1705999374390	-13.706442643695
2.1752998828888	-13.497483872783
2.1800000667572	-13.300633382655
2.1847000122070	-13.115053385838
2.1893999576569	-12.939905005203
2.1940999031067	-12.774467359531
2.1988000869751	-12.618180749196
2.2035000324249	-12.470698968746
2.2081999778748	-12.331880264094
2.2128999233246	-12.201746913680
2.2176001071930	-12.080414668885
2.2223000526428	-11.968003529200
2.2269999980927	-11.864554228139
2.2316999435425	-11.769982280946
2.2363998889923	-11.684026904232
2.2411000728607	-11.606285637106
2.2458000183105	-11.536234692618
2.2504999637604	-11.473318316292
2.2551999092102	-11.417016363462
2.2599000930786	-11.366913750559
2.2646000385284	-11.322763350883
2.2692999839783	-11.284491222476
2.2739999294281	-11.252179183817
2.2787001132965	-11.226016264313
2.2834000587463	-11.206227266488
2.2881000041962	-11.192986358675
2.2927999496460	-11.186365201696
2.2974998950958	-11.186293728628
2.3022000789642	-11.192543059229
2.3069000244141	-11.204764438230
2.3115999698639	-11.222549980068
2.3162999153137	-11.245496412330
2.3210000991821	-11.273284892001
2.3257000446320	-11.305746233416
2.3303999900818	-11.342872965966
2.3350999355316	-11.384825762022
2.3397998809814	-11.431892879735
2.3445000648499	-11.484419868463
2.3492000102997	-11.542732496734
2.3538999557495	-11.607070926018
2.3585999011993	-11.677536072221
2.3633000850677	-11.754078730828
2.3680000305176	-11.836504377451
2.3726999759674	-11.924540113253
2.3773999214172	-12.017902803994
2.3821001052856	-12.116363081400
2.3868000507355	-12.219842591090
2.3914999961853	-12.328437691577
2.3961999416351	-12.442429083813
2.4008998870850	-12.562246484540
2.4056000709534	-12.688426877661
2.4103000164032	-12.821508845851
2.4149999618530	-12.961976136461
2.4196999073029	-13.110172529921
2.4244000911713	-13.266289363077
2.4291000366211	-13.430362890304
2.4337999820709	-13.602318674698
2.4384999275208	-13.782056662460
2.4432001113892	-13.969544352999
2.4479000568390	-14.164895471576
2.4526000022888	-14.368443180257
2.4572999477386	-14.580762456730
2.4619998931885	-14.802656010291
2.4667000770569	-15.035093248077
2.4714000225067	-15.279123816951
2.4760999679565	-15.535772776125
2.4807999134064	-15.805961289946
2.4855000972748	-16.090455819214
2.4902000427246	-16.389850098738
2.4948999881744	-16.704620570649
2.4995999336243	-17.035224390195
2.5043001174927	-17.382214255622
2.5090000629425	-17.746377973428
2.5137000083923	-18.128869891711
2.5183999538422	-18.531253665248
2.5230998992920	-18.955522211908
2.5278000831604	-19.404017024282
2.5325000286102	-19.879247163644
2.5371999740601	-20.383677947303
2.5418999195099	-20.919405905926
2.5466001033783	-21.487849363069
2.5513000488281	-22.089276891306
2.5559999942780	-22.722298031432
2.5606999397278	-23.383097042809
2.5653998851776	-24.064406611514
2.5701000690460	-24.753896547463
2.5748000144958	-25.432023011326
2.5794999599457	-26.069570171475
2.5841999053955	-26.625918832651
2.5889000892639	-27.050634639884
2.5936000347137	-27.291664132294
2.5982999801636	-27.310662949356
2.6029999256134	-27.098698005646
2.6077001094818	-26.681057820221
2.6124000549316	-26.106923584280
2.6171000003815	-25.432064791780
2.6217999458313	-24.705384349499
2.6264998912811	-23.963332930864
2.6312000751495	-23.229999319344
2.6359000205994	-22.519655183782
2.6405999660492	-21.839595749945
2.6452999114990	-21.192586475690
2.6500000953674	-20.578607204493
2.6547000408173	-19.996164440454
2.6593999862671	-19.443103150641
2.6640999317169	-18.917197147152
2.6688001155853	-18.416442038956
2.6735000610352	-17.939197138213
2.6782000064850	-17.484190253402
2.6828999519348	-17.050420064350
2.6875998973846	-16.637030600564
2.6923000812531	-16.243191076330
2.6970000267029	-15.867961290083
2.7016999721527	-15.510268037568
2.7063999176025	-15.168888309335
2.7111001014709	-14.842484048514
2.7158000469208	-14.529707183510
2.7204999923706	-14.229288245635
2.7251999378204	-13.940122511611
2.7298998832703	-13.661337093800
2.7346000671387	-13.392306718224
2.7393000125885	-13.132639894304
2.7439999580383	-12.882112318050
2.7486999034882	-12.640585597630
2.7534000873566	-12.407921551123
2.7581000328064	-12.183902877783
2.7627999782562	-11.968186989373
2.7674999237061	-11.760300795681
2.7722001075745	-11.559652854289
2.7769000530243	-11.365604876051
2.7815999984741	-11.177528660319
2.7862999439240	-10.994883177624
2.7909998893738	-10.817255249693
2.7957000732422	-10.644401894687
2.8004000186920	-10.476220701105
2.8050999641418	-10.312726730931
2.8097999095917	-10.153990564604
2.8145000934601	-10.000064547094
2.8192000389099	-9.8509326972962
2.8238999843597	-9.7064698375735
2.8285999298096	-9.5664358568681
2.8333001136780	-9.4304831955967
2.8380000591278	-9.2982224290591
2.8427000045776	-9.1692503062885
2.8473999500275	-9.0432346642668
2.8520998954773	-8.9199451268492
2.8568000793457	-8.7992767581836
2.8615000247955	-8.6812377217702
2.8661999702454	-8.5659399675111
2.8708999156952	-8.4535167071616
2.8756000995636	-8.3440998333172
2.8803000450134	-8.2377430490650
2.8849999904633	-8.1344058757916
2.8896999359131	-8.0339446937682
2.8943998813629	-7.9361276296017
2.8991000652313	-7.8406755428806
2.9038000106812	-7.7473032864586
2.9084999561310	-7.6557818803464
2.9131999015808	-7.5659720252439
2.9179000854492	-7.4778400866562
2.9226000308990	-7.3914502565270
2.9272999763489	-7.3069478493274
2.9319999217987	-7.2244985417845
2.9367001056671	-7.1442501697907
2.9414000511169	-7.0662858724081
2.9460999965668	-6.9906001844680
2.9507999420166	-6.9170853589576
2.9554998874664	-6.8455647861614
2.9602000713348	-6.7758112115825
2.9649000167847	-6.7076075686432
2.9695999622345	-6.6407779613505
2.9742999076843	-6.5752321431483
2.9790000915527	-6.5109707521559
2.9837000370026	-6.4480863047348
2.9883999824524	-6.3867272220291
2.9930999279022	-6.3270599745347
2.9978001117706	-6.2692311964385
3.0025000572205	-6.2133177164665
3.0072000026703	-6.1593152957429
3.0118999481201	-6.1071296924764
3.0165998935699	-6.0565956876112
3.0213000774384	-6.0075161153693
3.0260000228882	-5.9596986179252
3.0306999683380	-5.9130011944664
3.0353999137878	-5.8673532379733
3.0401000976562	-5.8227756866493
3.0448000431061	-5.7793666660160
3.0494999885559	-5.7372728798527
3.0541999340057	-5.6966503547766
3.0589001178741	-5.6576276639663
3.0636000633240	-5.6202688483853
3.0683000087738	-5.5845574400227
3.0729999542236	-5.5503923965875
3.0776998996735	-5.5176164602497
3.0824000835419	-5.4860356988924
3.0871000289917	-5.4554794293130
3.0917999744415	-5.4258198749763
3.0964999198914	-5.3970066970104
3.1012001037598	-5.3690705871236
3.1059000492096	-5.3421146703283
3.1105999946594	-5.3162787406916
3.1152999401093	-5.2917129665657
3.1199998855591	-5.2685235662074
3.1247000694275	-5.2467614180234
3.1294000148773	-5.2263944646584
3.1340999603271	-5.2073114167938
3.1387999057770	-5.1893484550664
3.1435000896454	-5.1723289092337
3.1482000350952	-5.1560798017886
3.1528999805450	-5.1404967847107
3.1575999259949	-5.1255396846574
3.1623001098633	-5.1112536766897
3.1670000553131	-5.0977426801060
3.1717000007629	-5.0851477386300
3.1763999462128	-5.0736091686364
3.1810998916626	-5.0632180216512
3.1858000755310	-5.0540094991082
3.1905000209808	-5.0459299154510
3.1951999664307	-5.0388576972176
3.1998999118805	-5.0326213234799
3.2046000957489	-5.0270367962136
3.2093000411987	-5.0219477674263
3.2139999866486	-5.0172512933226
3.2186999320984	-5.0129161626736
3.2234001159668	-5.0089946752106
3.2281000614166	-5.0055919631925
3.2328000068665	-5.0028389163991
3.2374999523163	-5.0008607246300
3.2421998977661	-4.9997222578431
3.2469000816345	-4.9994298296482
3.2516000270844	-4.9999033163568
3.2562999725342	-5.0009882421086
3.2609999179840	-5.0024965298508
3.2657001018524	-5.0042206584681
3.2704000473022	-5.0059928089561
3.2750999927521	-5.0077006584359
3.2797999382019	-5.0093076941764
3.2844998836517	-5.0108517285122
3.2892000675201	-5.0124130114188
3.2939000129700	-5.0140952075913
3.2985999584198	-5.0159748386823
3.3032999038696	-5.0180727160238
3.3080000877380	-5.0203293351776
3.3127000331879	-5.0226010793193
3.3173999786377	-5.0246805136172
3.3220999240875	-5.0263153507360
3.3268001079559	-5.0272575389550
3.3315000534058	-5.0272941549055
3.3361999988556	-5.0262804954510
3.3408999443054	-5.0241400039144
3.3455998897552	-5.0208766460160
3.3503000736237	-5.0165261672960
3.3550000190735	-5.0111336755803
3.3596999645233	-5.0047129241353
3.3643999099731	-4.9972100439892
3.3691000938416	-4.9885012174437
3.3738000392914	-4.9783762322855
3.3784999847412	-4.9665744654927
3.3831999301910	-4.9528245357129
3.3879001140594	-4.9368671334391
3.3926000595093	-4.9185142070219
3.3973000049591	-4.8976662695156
3.4019999504089	-4.8743089909151
3.4066998958588	-4.8485152866702
3.4114000797272	-4.8204076525781
3.4161000251770	-4.7901282142681
3.4207999706268	-4.7577926034874
3.4254999160767	-4.7234765198698
3.4302000999451	-4.6871977235818
3.4349000453949	-4.6489359924016
3.4395999908447	-4.6086548931641
3.4442999362946	-4.5663385234002
3.4489998817444	-4.5220355592953
3.4537000656128	-4.4758847537122
3.4584000110626	-4.4281273811362
3.4630999565125	-4.3791013466051
3.4677999019623	-4.3292115820507
3.4725000858307	-4.2789072162253
3.4772000312805	-4.2286207303425
3.4818999767303	-4.1787457613348
3.4865999221802	-4.1296037976830
3.4913001060486	-4.0814478861386
3.4960000514984	-4.0344610738060
3.5006999969482	-3.9887914218422
3.5053999423981	-3.9445726724479
3.5100998878479	-3.9019638813458
3.5148000717163	-3.8611647203039
3.5195000171661	-3.8224164029799
3.5241999626160	-3.7860026236961
3.5288999080658	-3.7522195824966
3.5336000919342	-3.7213436405628
3.5383000373840	-3.6936018945139
3.5429999828339	-3.6691431824585
3.5476999282837	-3.6480309382432
3.5524001121521	-3.6302363193782
3.5571000576019	-3.6156619184295
3.5618000030518	-3.6041672426870
3.5664999485016	-3.5956066978147
3.5711998939514	-3.5898517777149
3.5759000778198	-3.5868261120965
3.5806000232697	-3.5865011628000
3.5852999687195	-3.5888996331198
3.5899999141693	-3.5940753006047
3.5947000980377	-3.6020793794715
3.5994000434875	-3.6129417563389
3.6040999889374	-3.6266340902996
3.6087999343872	-3.6430713890233
3.6135001182556	-3.6621029250073
3.6182000637054	-3.6835331049830
3.6229000091553	-3.7071458143346
3.6275999546051	-3.7327355673342
3.6322999000549	-3.7601416080516
3.6370000839233	-3.7892600064268
3.6417000293732	-3.8200582038866
3.6463999748230	-3.8525625138393
3.6510999202728	-3.8868392065255
3.6558001041412	-3.9229672281915
3.6605000495911	-3.9610007711972
3.6651999950409	-4.0009487491119
3.6698999404907	-4.0427560838846
3.6745998859406	-4.0863093093668
3.6793000698090	-4.1314471046581
3.6840000152588	-4.1779958786173
3.6886999607086	-4.2257847407439
3.6933999061584	-4.2746967947378
3.6981000900269	-4.3246712035544
3.7028000354767	-4.3757284983791
3.7074999809265	-4.4279432667321
3.7121999263763	-4.4814316111329
3.7169001102448	-4.5363177877722
3.7216000556946	-4.5926943631038
3.7263000011444	-4.6505986012001
3.7309999465942	-4.7099966262248
3.7356998920441	-4.7707803574624
3.7404000759125	-4.8327906531644
3.7451000213623	-4.8958413921310
3.7497999668121	-4.9597667483701
3.7544999122620	-5.0244378253903
3.7592000961304	-5.0897996172264
3.7639000415802	-5.1558756906250
3.7685999870300	-5.2227483903546
3.7732999324799	-5.2905443709030
3.7780001163483	-5.3593788856246
3.7827000617981	-5.4293330689821
3.7874000072479	-5.5004131785024
3.7920999526978	-5.5725360010771
3.7967998981476	-5.6455323781998
3.8015000820160	-5.7191696726818
3.8062000274658	-5.7931856545097
3.8108999729156	-5.8673347526228
3.8155999183655	-5.9414244356742
3.8203001022339	-6.0153445970829
3.8250000476837	-6.0890676536984
3.8296999931335	-6.1626367516452
3.8343999385834	-6.2361316876922
3.8390998840332	-6.3096143926544
3.8438000679016	-6.3830936017257
3.8485000133514	-6.4564862311461
3.8531999588013	-6.5296006732432
3.8578999042511	-6.6021460498139
3.8626000881195	-6.6737710625029
3.8673000335693	-6.7441026496279
3.8719999790192	-6.8128091183440
3.8766999244690	-6.8796431481917
3.8814001083374	-6.9444638394877
3.8861000537872	-7.0072444000598
3.8907999992371	-7.0680416007675
3.8954999446869	-7.1269508592513
3.9001998901367	-7.1840491592678
3.9049000740051	-7.2393497426899
3.9096000194550	-7.2927578166992
3.9142999649048	-7.3440748722626
3.9189999103546	-7.3930207365736
3.9237000942230	-7.4392747634209
3.9284000396729	-7.4825503383136
3.9330999851227	-7.5226473926050
3.9377999305725	-7.5595000848322
3.9425001144409	-7.5931905080962
3.9472000598907	-7.6239357405816
3.9519000053406	-7.6520418080460
3.9565999507904	-7.6778331024185
3.9612998962402	-7.7015957349609
3.9660000801086	-7.7235183122060
3.9707000255585	-7.7436673206281
3.9753999710083	-7.7620000503342
3.9800999164581	-7.7784000000899
3.9848001003265	-7.7927377974566
3.9895000457764	-7.8049395918251
3.9941999912262	-7.8150451210863
3.9988999366760	-7.8232328067677
4.0036001205444	-7.8298248710272
4.0082998275757	-7.8352457163654
4.0130000114441	-7.8399616288451
4.0177001953125	-7.8444088874127
4.0223999023438	-7.8489287363299
4.0271000862122	-7.8537214412336
4.0317997932434	-7.8588448498728
4.0364999771118	-7.8642323883759
4.0412001609802	-7.8697420821537
4.0458998680115	-7.8752355892212
4.0506000518799	-7.8806382685891
4.0553002357483	-7.8859950550446
4.0599999427795	-7.8914857392529
4.0647001266479	-7.8974188306583
4.0693998336792	-7.9041785863536
4.0741000175476	-7.9121601098199
4.0788002014160	-7.9217057527446
4.0834999084473	-7.9330284770335
4.0882000923157	-7.9461976370222
4.0928997993469	-7.9611300028439
4.0975999832153	-7.9776242986252
4.1023001670837	-7.9954226178387
4.1069998741150	-8.0142885624449
4.1117000579834	-8.0340673312674
4.1163997650146	-8.0547370624077
4.1210999488831	-8.0764231646641
4.1258001327515	-8.0993740060568
4.1304998397827	-8.1239115187239
4.1352000236511	-8.1503558423292
4.1399002075195	-8.1789536746077
4.1445999145508	-8.2098249588098
4.1493000984192	-8.2429251007833
4.1539998054504	-8.2780627797602
4.1586999893188	-8.3149335881960
4.1634001731873	-8.3532000921019
4.1680998802185	-8.3925514827545
4.1728000640869	-8.4327963109150
4.1774997711182	-8.4738872636794
4.1821999549866	-8.5159418764706
4.1869001388550	-8.5592097848023
4.1915998458862	-8.6040038244301
4.1963000297546	-8.6506240098259
4.2010002136230	-8.6992786717343
4.2056999206543	-8.7500273931841
4.2104001045227	-8.8027484496769
4.2150998115540	-8.8571665035496
4.2197999954224	-8.9128977145655
4.2245001792908	-8.9695409007885
4.2291998863220	-9.0267596526979
4.2339000701904	-9.0843678398889
4.2385997772217	-9.1423708313057
4.2432999610901	-9.2009668380039
4.2480001449585	-9.2605098683067
4.2526998519897	-9.3214289187033
4.2574000358582	-9.3841342155079
4.2621002197266	-9.4489334332120
4.2667999267578	-9.5159643671431
4.2715001106262	-9.5851910964836
4.2761998176575	-9.6564189114691
4.2809000015259	-9.7293793766250
4.2856001853943	-9.8038239142901
4.2902998924255	-9.8796346619045
4.2950000762939	-9.9568980605032
4.2996997833252	-10.035953044361
4.3043999671936	-10.117371582313
4.3091001510620	-10.201893429244
4.3137998580933	-10.290314336987
4.3185000419617	-10.383363660579
4.3232002258301	-10.481589767390
4.3278999328613	-10.585281736783
4.3326001167297	-10.694428912258
4.3372998237610	-10.808764206628
4.3420000076294	-10.927833887259
4.3467001914978	-11.051113738869
4.3513998985291	-11.178137034211
4.3561000823975	-11.308591848549
4.3607997894287	-11.442385539085
4.3654999732971	-11.579631864352
4.3702001571655	-11.720592292046
4.3748998641968	-11.865552659101
4.3796000480652	-12.014691640335
4.3843002319336	-12.167950884355
4.3889999389648	-12.324955209741
4.3937001228333	-12.485005812937
4.3983998298645	-12.647145499382
4.4031000137329	-12.810297878925
4.4078001976013	-12.973454725739
4.4124999046326	-13.135856356439
4.4172000885010	-13.297127095414
4.4218997955322	-13.457337499157
4.4265999794006	-13.616944182898
4.4313001632690	-13.776637545341
4.4359998703003	-13.937119634405
4.4407000541687	-14.098878586183
4.4454002380371	-14.261988185154
4.4500999450684	-14.426016410879
4.4548001289368	-14.590055833264
4.4594998359680	-14.752867723275
4.4642000198364	-14.913132256147
4.4689002037048	-15.069735942172
4.4735999107361	-15.222033169395
4.4783000946045	-15.369966587516
4.4829998016357	-15.514068488684
4.4876999855042	-15.655273300219
4.4924001693726	-15.794617362327
4.4970998764038	-15.932885869711
4.5018000602722	-16.070312091086
4.5064997673035	-16.206380887171
4.5111999511719	-16.339849312232
4.5159001350403	-16.468913496652
4.5205998420715	-16.591586080192
4.5253000259399	-16.706117928957
4.5300002098083	-16.811378778429
4.5346999168396	-16.907112010637
4.5394001007080	-16.993941811611
4.5440998077393	-17.073116028179
4.5487999916077	-17.146080491660
4.5535001754761	-17.214000916509
4.5581998825073	-17.277331506603
4.5629000663757	-17.335570603246
4.5675997734070	-17.387318692512
4.5722999572754	-17.430533082994
4.5770001411438	-17.463036752532
4.5816998481750	-17.483099821580
4.5864000320435	-17.489894667863
4.5911002159119	-17.483752405715
4.5957999229431	-17.466098161794
4.6005001068115	-17.439075809440
4.6051998138428	-17.404995174285
4.6098999977112	-17.365736403592
4.6146001815796	-17.322319863934
4.6192998886108	-17.274686195497
4.6240000724792	-17.221824224226
4.6286997795105	-17.162108017979
4.6333999633789	-17.093858603547
4.6381001472473	-17.015906909434
4.6427998542786	-16.928019915716
4.6475000381470	-16.831088248091
4.6522002220154	-16.726984122466
4.6568999290466	-16.618142755182
4.6616001129150	-16.507054123125
4.6662998199463	-16.395695951777
4.6710000038147	-16.285163362990
4.6757001876831	-16.175513810764
4.6803998947144	-16.065883169174
4.6851000785828	-15.954809627790
4.6897997856140	-15.840717098243
4.6944999694824	-15.722425247985
4.6992001533508	-15.599526213082
4.7038998603821	-15.472553856978
4.7086000442505	-15.342926881776
4.7133002281189	-15.212616558997
4.7179999351501	-15.083709237102
4.7227001190186	-14.957943538195
4.7273998260498	-14.836359813638
4.7321000099182	-14.719102801067
4.7368001937866	-14.605469656800
4.7414999008179	-14.494137573890
4.7462000846863	-14.383550971665
4.7508997917175	-14.272333841963
4.7555999755859	-14.159690113337
4.7603001594543	-14.045617397559
4.7649998664856	-13.930948858509
4.7697000503540	-13.817143717559
4.7744002342224	-13.705961645944
4.7790999412537	-13.599060421758
4.7838001251221	-13.497615062721
4.7884998321533	-13.402088780683
4.7932000160217	-13.312146327386
4.7979001998901	-13.226775523452
4.8025999069214	-13.144556179098
4.8073000907898	-13.064024632018
4.8119997978210	-12.984049368878
4.8166999816895	-12.904125392852
4.8214001655579	-12.824513304487
4.8260998725891	-12.746185855620
4.8308000564575	-12.670607358789
4.8354997634888	-12.599384582620
4.8401999473572	-12.533892358401
4.8449001312256	-12.474971714485
4.8495998382568	-12.422744964381
4.8543000221252	-12.376599121763
4.8590002059937	-12.335338570075
4.8636999130249	-12.297488515854
4.8684000968933	-12.261642351883
4.8730998039246	-12.226828963094
4.8777999877930	-12.192744349415
4.8825001716614	-12.159854843419
4.8871998786926	-12.129288612472
4.8919000625610	-12.102560092631
4.8965997695923	-12.081209272726
4.9012999534607	-12.066422879003
4.9060001373291	-12.058740021901
4.9106998443604	-12.057883849049
4.9154000282288	-12.062784565095
4.9201002120972	-12.071765281974
4.9247999191284	-12.082867399622
4.9295001029968	-12.094235861793
4.9341998100281	-12.104474671083
4.9388999938965	-12.112860053869
4.9436001777649	-12.119379006140
4.9482998847961	-12.124530283067
4.9530000686646	-12.128967510285
4.9576997756958	-12.133041397657
4.9623999595642	-12.136380118291
4.9671001434326	-12.137599269077
4.9717998504639	-12.134252630413
4.9765000343323	-12.123029384204
4.9812002182007	-12.100231389128
4.9858999252319	-12.062384779230
4.9906001091003	-12.006907592962
4.9952998161316	-11.932610297364
5.0000000000000	-11.839891620592
