#Parameters = {R_fat=48; R_glandular=38; R_skin_outer=50; T10=5; T15=7.5; T5=2.5; T_rad=4; T_x=10; T_y=0; T_z=75; Zc=65; skin_thickness=2; Mesh Pass=1}
#"Frequency / GHz"	"S1,1 (Mesh Pass=1) [Magnitude / dB]"
#-------------------------------------------------------
0.30000001192093	-2.6941262217149
0.30469998717308	-2.5639581006087
0.30939999222755	-2.5329380910515
0.31409999728203	-2.6023409863639
0.31880000233650	-2.7597206875598
0.32350000739098	-2.9772990937256
0.32820001244545	-3.2088689298098
0.33289998769760	-3.3905101183322
0.33759999275208	-3.4539958686647
0.34229999780655	-3.3559566286428
0.34700000286102	-3.1052618857811
0.35170000791550	-2.7614110118067
0.35640001296997	-2.4043207481662
0.36109998822212	-2.1040525024773
0.36579999327660	-1.9091778508860
0.37049999833107	-1.8506762818795
0.37520000338554	-1.9518752554564
0.37990000844002	-2.2391000882362
0.38460001349449	-2.7525291603348
0.38929998874664	-3.5599688755776
0.39399999380112	-4.7800914832177
0.39869999885559	-6.6318936764639
0.40340000391006	-9.5634514327399
0.40810000896454	-14.601775740359
0.41280001401901	-19.490533374381
0.41749998927116	-12.810950230111
0.42219999432564	-8.1819104798079
0.42689999938011	-5.4133732076261
0.43160000443459	-3.6616979921083
0.43630000948906	-2.5397666040047
0.44100001454353	-1.8385471680522
0.44569998979568	-1.4325433039374
0.45039999485016	-1.2418025402836
0.45509999990463	-1.2122613804559
0.45980000495911	-1.3031614517783
0.46450001001358	-1.4777009511251
0.46919998526573	-1.6960892289278
0.47389999032021	-1.9124004708707
0.47859999537468	-2.0782681485195
0.48330000042915	-2.1547758905551
0.48800000548363	-2.1270834573667
0.49270001053810	-2.0104004027656
0.49739998579025	-1.8414775514272
0.50209999084473	-1.6624900748752
0.50679999589920	-1.5082584732809
0.51150000095367	-1.4010430052908
0.51620000600815	-1.3506844631717
0.52090001106262	-1.3565312452282
0.52560001611710	-1.4092148113798
0.53030002117157	-1.4920721617906
0.53500002622604	-1.5830953702173
0.53969997167587	-1.6585136235118
0.54439997673035	-1.6982067874274
0.54909998178482	-1.6913884393973
0.55379998683929	-1.6396907295659
0.55849999189377	-1.5558179372477
0.56319999694824	-1.4586393120827
0.56790000200272	-1.3674941032033
0.57260000705719	-1.2979343585519
0.57730001211166	-1.2595334854839
0.58200001716614	-1.2552050999346
0.58670002222061	-1.2813616256602
0.59140002727509	-1.3286639938824
0.59609997272491	-1.3835455985756
0.60079997777939	-1.4307893542013
0.60549998283386	-1.4570149032601
0.61019998788834	-1.4541853358083
0.61489999294281	-1.4217191788245
0.61959999799728	-1.3662692714737
0.62430000305176	-1.2993677798478
0.62900000810623	-1.2341270705586
0.63370001316071	-1.1822160929187
0.63840001821518	-1.1517553710021
0.64310002326965	-1.1461789224567
0.64780002832413	-1.1638659414414
0.65249997377396	-1.1984784609511
0.65719997882843	-1.2400781884019
0.66189998388290	-1.2771210275320
0.66659998893738	-1.2991054971133
0.67129999399185	-1.2992483067624
0.67599999904633	-1.2762270982721
0.68070000410080	-1.2343309486978
0.68540000915527	-1.1820442922261
0.69010001420975	-1.1297287855560
0.69480001926422	-1.0872140700972
0.69950002431870	-1.0618716296092
0.70420002937317	-1.0573392678023
0.70889997482300	-1.0729339949804
0.71359997987747	-1.1037530716936
0.71829998493195	-1.1415400160086
0.72299998998642	-1.1763698063496
0.72769999504089	-1.1989263985443
0.73240000009537	-1.2028377615786
0.73710000514984	-1.1863137764892
0.74180001020432	-1.1525062530136
0.74650001525879	-1.1085391807616
0.75120002031326	-1.0636288628118
0.75590002536774	-1.0269560260744
0.76059997081757	-1.0057872309166
0.76529997587204	-1.0040902758167
0.76999998092651	-1.0217900439824
0.77469998598099	-1.0546947969184
0.77939999103546	-1.0952207107508
0.78409999608994	-1.1339337792613
0.78880000114441	-1.1617017900660
0.79350000619888	-1.1719658824398
0.79820001125336	-1.1624403420990
0.80290001630783	-1.1356754779103
0.80760002136230	-1.0983225849364
0.81230002641678	-1.0594626590595
0.81699997186661	-1.0285099856348
0.82169997692108	-1.0132529106513
0.82639998197556	-1.0182949513782
0.83109998703003	-1.0441187992249
0.83579999208450	-1.0868672078571
0.84049999713898	-1.1389559164158
0.84520000219345	-1.1906079644376
0.84990000724792	-1.2320349575145
0.85460001230240	-1.2558842404563
0.85930001735687	-1.2591667082002
0.86400002241135	-1.2440849666559
0.86870002746582	-1.2174968819175
0.87339997291565	-1.1892696060303
0.87809997797012	-1.1700489174265
0.88279998302460	-1.1690144098833
0.88749998807907	-1.1920261282395
0.89219999313354	-1.2404126252466
0.89689999818802	-1.3105495114254
0.90160000324249	-1.3943933652069
0.90630000829697	-1.4810380204244
0.91100001335144	-1.5591151252720
0.91570001840591	-1.6196183275889
0.92040002346039	-1.6583760270111
0.92510002851486	-1.6773808453484
0.92979997396469	-1.6845600893802
0.93449997901917	-1.6920780597728
0.93919998407364	-1.7137448957030
0.94389998912811	-1.7622379779476
0.94859999418259	-1.8467137501149
0.95329999923706	-1.9711530803421
0.95800000429153	-2.1336418895895
0.96270000934601	-2.3267357532425
0.96740001440048	-2.5389502531539
0.97210001945496	-2.7573996250683
0.97680002450943	-2.9712425915722
0.98150002956390	-3.1752650159511
0.98619997501373	-3.3726291036260
0.99089998006821	-3.5757692691129
0.99559998512268	-3.8051364342298
1.0003000497818	-4.0862347902990
1.0049999952316	-4.4460209411055
1.0096999406815	-4.9097341147541
1.0144000053406	-5.4986655100640
1.0190999507904	-6.2287907301624
1.0238000154495	-7.1090237176704
1.0284999608994	-8.1364722854511
1.0332000255585	-9.2833019787432
1.0378999710083	-10.466411619928
1.0426000356674	-11.498048417153
1.0472999811172	-12.072899595115
1.0520000457764	-11.933780372112
1.0566999912262	-11.132832855299
1.0614000558853	-9.9698433198094
1.0661000013351	-8.7193370377960
1.0707999467850	-7.5307742611328
1.0755000114441	-6.4652255671266
1.0801999568939	-5.5411563225810
1.0849000215530	-4.7590928208771
1.0895999670029	-4.1118500360681
1.0943000316620	-3.5880018883874
1.0989999771118	-3.1728873214154
1.1037000417709	-2.8490803053089
1.1083999872208	-2.5972471019076
1.1131000518799	-2.3976255929803
1.1177999973297	-2.2318952505052
1.1224999427795	-2.0850748571220
1.1272000074387	-1.9468929222824
1.1318999528885	-1.8122888265319
1.1366000175476	-1.6809048364809
1.1412999629974	-1.5557621660066
1.1460000276566	-1.4415288606987
1.1506999731064	-1.3427975770420
1.1554000377655	-1.2627490992491
1.1600999832153	-1.2023649540944
1.1648000478745	-1.1602516085075
1.1694999933243	-1.1329666095311
1.1742000579834	-1.1157466636926
1.1789000034332	-1.1034283845843
1.1835999488831	-1.0913870490429
1.1883000135422	-1.0763035976965
1.1929999589920	-1.0566154748029
1.1977000236511	-1.0325692246233
1.2023999691010	-1.0058932814399
1.2071000337601	-0.97919562163388
1.2117999792099	-0.95525105762274
1.2165000438690	-0.93635844713288
1.2211999893188	-0.92386902765768
1.2259000539780	-0.91799203815968
1.2305999994278	-0.91784307726694
1.2352999448776	-0.92172498797529
1.2400000095367	-0.92751242425047
1.2446999549866	-0.93311614233361
1.2494000196457	-0.93689367507480
1.2540999650955	-0.93792423817411
1.2588000297546	-0.93612517613085
1.2634999752045	-0.93217992726758
1.2682000398636	-0.92731113705782
1.2728999853134	-0.92296372133366
1.2776000499725	-0.92047336872464
1.2822999954224	-0.92079498000308
1.2869999408722	-0.92434259788372
1.2917000055313	-0.93094684007530
1.2963999509811	-0.93994727358138
1.3011000156403	-0.95036305970557
1.3057999610901	-0.96111692523592
1.3105000257492	-0.97126326977637
1.3151999711990	-0.98017129251152
1.3199000358582	-0.98762691943583
1.3245999813080	-0.99384960584689
1.3293000459671	-0.99940626995117
1.3339999914169	-1.0050733944264
1.3387000560760	-1.0116573348747
1.3434000015259	-1.0198277915444
1.3480999469757	-1.0299988016744
1.3528000116348	-1.0422627945867
1.3574999570847	-1.0564011644584
1.3622000217438	-1.0719536565787
1.3668999671936	-1.0883349333428
1.3716000318527	-1.1049612424514
1.3762999773026	-1.1213732196236
1.3810000419617	-1.1373299579837
1.3856999874115	-1.1528440943481
1.3904000520706	-1.1681750654760
1.3950999975204	-1.1837568932130
1.3997999429703	-1.2001142107902
1.4045000076294	-1.2177442722731
1.4091999530792	-1.2370336289342
1.4139000177383	-1.2581836981466
1.4185999631882	-1.2811929910321
1.4233000278473	-1.3058721328280
1.4279999732971	-1.3318976565138
1.4327000379562	-1.3588922390155
1.4373999834061	-1.3865089912045
1.4421000480652	-1.4145096446593
1.4467999935150	-1.4428159299260
1.4515000581741	-1.4715254920377
1.4562000036240	-1.5008960174676
1.4608999490738	-1.5312907562977
1.4656000137329	-1.5631128657736
1.4702999591827	-1.5967260169429
1.4750000238419	-1.6323932194136
1.4796999692917	-1.6702358201958
1.4844000339508	-1.7102198809528
1.4890999794006	-1.7521790841153
1.4938000440598	-1.7958578728088
1.4984999895096	-1.8409836702900
1.5032000541687	-1.8873214882832
1.5078999996185	-1.9347415636898
1.5125999450684	-1.9832492021544
1.5173000097275	-2.0329989284846
1.5219999551773	-2.0842606965031
1.5267000198364	-2.1373830362063
1.5313999652863	-2.1927248494904
1.5361000299454	-2.2505900726636
1.5407999753952	-2.3111816741990
1.5455000400543	-2.3745666056912
1.5501999855042	-2.4406742661910
1.5549000501633	-2.5093219373573
1.5595999956131	-2.5802673617913
1.5642999410629	-2.6532699442445
1.5690000057220	-2.7281527015138
1.5736999511719	-2.8048538358572
1.5784000158310	-2.8834541239338
1.5830999612808	-2.9641700129654
1.5878000259399	-3.0473206600768
1.5924999713898	-3.1332768623889
1.5972000360489	-3.2223828808164
1.6018999814987	-3.3149070636077
1.6066000461578	-3.4109825342616
1.6112999916077	-3.5105935315266
1.6160000562668	-3.6135929328054
1.6207000017166	-3.7197336337779
1.6253999471664	-3.8287442065879
1.6301000118256	-3.9403926478481
1.6347999572754	-4.0545604259655
1.6395000219345	-4.1712785628445
1.6441999673843	-4.2907407394983
1.6489000320435	-4.4132785594536
1.6535999774933	-4.5392968115553
1.6583000421524	-4.6692070483093
1.6629999876022	-4.8033449094766
1.6677000522614	-4.9419002862517
1.6723999977112	-5.0848969950837
1.6770999431610	-5.2321860255386
1.6818000078201	-5.3834947282365
1.6864999532700	-5.5384995432040
1.6912000179291	-5.6969170844635
1.6958999633789	-5.8585891140655
1.7006000280380	-6.0235433253500
1.7052999734879	-6.1920110274560
1.7100000381470	-6.3644041546652
1.7146999835968	-6.5412392183727
1.7194000482559	-6.7230534836316
1.7240999937057	-6.9102973533075
1.7288000583649	-7.1032445467003
1.7335000038147	-7.3019557927084
1.7381999492645	-7.5062759831185
1.7429000139236	-7.7158921024644
1.7475999593735	-7.9304282884521
1.7523000240326	-8.1495667362321
1.7569999694824	-8.3731633212289
1.7617000341415	-8.6013245266737
1.7663999795914	-8.8344344952627
1.7711000442505	-9.0731250505619
1.7757999897003	-9.3181664242768
1.7805000543594	-9.5703500900454
1.7851999998093	-9.8303379292425
1.7898999452591	-10.098551321701
1.7946000099182	-10.375109312255
1.7992999553680	-10.659833009821
1.8040000200272	-10.952339273573
1.8086999654770	-11.252171089056
1.8134000301361	-11.558975041953
1.8180999755859	-11.872663890774
1.8228000402451	-12.193520919956
1.8274999856949	-12.522232277457
1.8322000503540	-12.859802853560
1.8368999958038	-13.207384650792
1.8415999412537	-13.566065787312
1.8463000059128	-13.936617806495
1.8509999513626	-14.319298085654
1.8557000160217	-14.713749274685
1.8603999614716	-15.118967467366
1.8651000261307	-15.533434284932
1.8697999715805	-15.955324098647
1.8745000362396	-16.382732788761
1.8791999816895	-16.813873021978
1.8839000463486	-17.247113779070
1.8885999917984	-17.680848600407
1.8933000564575	-18.113042540045
1.8980000019073	-18.540653991374
1.9026999473572	-18.958928630208
1.9074000120163	-19.360783956864
1.9120999574661	-19.736553463442
1.9168000221252	-20.074334613761
1.9214999675751	-20.361095839607
1.9262000322342	-20.584508094484
1.9308999776840	-20.735073689809
1.9356000423431	-20.807830780294
1.9402999877930	-20.803031339061
1.9450000524521	-20.725488474213
1.9496999979019	-20.583065945244
1.9543999433517	-20.384896530019
1.9591000080109	-20.140056259850
1.9637999534607	-19.856909552283
1.9685000181198	-19.543022233334
1.9731999635696	-19.205396143965
1.9779000282288	-18.850680202343
1.9825999736786	-18.485247084206
1.9873000383377	-18.115060361240
1.9919999837875	-17.745429468116
1.9967000484467	-17.380712559256
2.0013999938965	-17.024148476649
2.0060999393463	-16.677778836169
2.0107998847961	-16.342551334839
2.0155000686646	-16.018526240172
2.0202000141144	-15.705180527854
2.0248999595642	-15.401724281549
2.0295999050140	-15.107390500565
2.0343000888824	-14.821643179670
2.0390000343323	-14.544284417606
2.0436999797821	-14.275444436691
2.0483999252319	-14.015491826099
2.0531001091003	-13.764876562317
2.0578000545502	-13.523978078766
2.0625000000000	-13.292965725549
2.0671999454498	-13.071727468374
2.0718998908997	-12.859860264731
2.0766000747681	-12.656725479821
2.0813000202179	-12.461555339380
2.0859999656677	-12.273576666471
2.0906999111176	-12.092134596160
2.0954000949860	-11.916786989760
2.1001000404358	-11.747341485997
2.1047999858856	-11.583840857035
2.1094999313354	-11.426504228544
2.1142001152039	-11.275628289611
2.1189000606537	-11.131486647032
2.1236000061035	-10.994237360627
2.1282999515533	-10.863870432093
2.1329998970032	-10.740189554450
2.1377000808716	-10.622833931507
2.1424000263214	-10.511355028237
2.1470999717712	-10.405289730160
2.1517999172211	-10.304245368428
2.1565001010895	-10.207974423338
2.1612000465393	-10.116406574993
2.1658999919891	-10.029644062946
2.1705999374390	-9.9479305887859
2.1752998828888	-9.8715816824776
2.1800000667572	-9.8009046412675
2.1847000122070	-9.7361314456041
2.1893999576569	-9.6773662973904
2.1940999031067	-9.6245556863865
2.1988000869751	-9.5775143874434
2.2035000324249	-9.5359615199378
2.2081999778748	-9.4995838440448
2.2128999233246	-9.4681106433254
2.2176001071930	-9.4413753516558
2.2223000526428	-9.4193592255546
2.2269999980927	-9.4021939738850
2.2316999435425	-9.3901414335004
2.2363998889923	-9.3835453910386
2.2411000728607	-9.3827562960183
2.2458000183105	-9.3880691829512
2.2504999637604	-9.3996693164061
2.2551999092102	-9.4175967264093
2.2599000930786	-9.4417533730127
2.2646000385284	-9.4719335337927
2.2692999839783	-9.5078845841905
2.2739999294281	-9.5493733418476
2.2787001132965	-9.5962585472709
2.2834000587463	-9.6485322381812
2.2881000041962	-9.7063413442748
2.2927999496460	-9.7699826692593
2.2974998950958	-9.8398395314649
2.3022000789642	-9.9163306022197
2.3069000244141	-9.9998272084992
2.3115999698639	-10.090591396333
2.3162999153137	-10.188733977462
2.3210000991821	-10.294213688782
2.3257000446320	-10.406858298699
2.3303999900818	-10.526424619365
2.3350999355316	-10.652689068625
2.3397998809814	-10.785506497896
2.3445000648499	-10.924895795117
2.3492000102997	-11.071055341724
2.3538999557495	-11.224369996116
2.3585999011993	-11.385352989500
2.3633000850677	-11.554580822686
2.3680000305176	-11.732599196048
2.3726999759674	-11.919843080070
2.3773999214172	-12.116576289029
2.3821001052856	-12.322882723906
2.3868000507355	-12.538684801100
2.3914999961853	-12.763819881616
2.3961999416351	-12.998134815382
2.4008998870850	-13.241598616302
2.4056000709534	-13.494386138287
2.4103000164032	-13.756942046496
2.4149999618530	-14.029984438158
2.4196999073029	-14.314458539420
2.4244000911713	-14.611438493665
2.4291000366211	-14.922015128464
2.4337999820709	-15.247188379967
2.4384999275208	-15.587751934194
2.4432001113892	-15.944295846808
2.4479000568390	-16.317201789254
2.4526000022888	-16.706747621972
2.4572999477386	-17.113253027106
2.4619998931885	-17.537250359514
2.4667000770569	-17.979645924539
2.4714000225067	-18.441819222562
2.4760999679565	-18.925668570051
2.4807999134064	-19.433544497507
2.4855000972748	-19.968039307011
2.4902000427246	-20.531741936000
2.4948999881744	-21.126862780302
2.4995999336243	-21.754781290512
2.5043001174927	-22.415601866388
2.5090000629425	-23.107496150679
2.5137000083923	-23.825996196740
2.5183999538422	-24.562915224984
2.5230998992920	-25.304975596984
2.5278000831604	-26.031842520539
2.5325000286102	-26.714096689748
2.5371999740601	-27.311956964399
2.5418999195099	-27.777147985743
2.5466001033783	-28.060736744052
2.5513000488281	-28.127149534544
2.5559999942780	-27.968404799224
2.5606999397278	-27.608452994427
2.5653998851776	-27.094047248208
2.5701000690460	-26.478740824710
2.5748000144958	-25.810298313888
2.5794999599457	-25.124861994898
2.5841999053955	-24.446681480479
2.5889000892639	-23.790255716257
2.5936000347137	-23.163032702205
2.5982999801636	-22.567739906739
2.6029999256134	-22.004213561610
2.6077001094818	-21.470710685822
2.6124000549316	-20.964844275917
2.6171000003815	-20.484206267989
2.6217999458313	-20.026711806139
2.6264998912811	-19.590775742350
2.6312000751495	-19.175260667057
2.6359000205994	-18.779391833382
2.6405999660492	-18.402544736551
2.6452999114990	-18.044102822818
2.6500000953674	-17.703282079405
2.6547000408173	-17.379077248335
2.6593999862671	-17.070253042440
2.6640999317169	-16.775397843309
2.6688001155853	-16.493041127383
2.6735000610352	-16.221785805151
2.6782000064850	-15.960434370284
2.6828999519348	-15.708067693209
2.6875998973846	-15.464086752138
2.6923000812531	-15.228186296008
2.6970000267029	-15.000276401509
2.7016999721527	-14.780377576127
2.7063999176025	-14.568500934788
2.7111001014709	-14.364543742400
2.7158000469208	-14.168229562755
2.7204999923706	-13.979097351489
2.7251999378204	-13.796508735459
2.7298998832703	-13.619753989188
2.7346000671387	-13.448110856203
2.7393000125885	-13.280969344806
2.7439999580383	-13.117880070872
2.7486999034882	-12.958603493944
2.7534000873566	-12.803098220870
2.7581000328064	-12.651477705886
2.7627999782562	-12.503926321356
2.7674999237061	-12.360609046468
2.7722001075745	-12.221602595906
2.7769000530243	-12.086830795360
2.7815999984741	-11.956051345697
2.7862999439240	-11.828872532907
2.7909998893738	-11.704822554251
2.7957000732422	-11.583426901637
2.8004000186920	-11.464263885769
2.8050999641418	-11.347065183405
2.8097999095917	-11.231711398610
2.8145000934601	-11.118257071282
2.8192000389099	-11.006878933028
2.8238999843597	-10.897806438237
2.8285999298096	-10.791251470901
2.8333001136780	-10.687335542373
2.8380000591278	-10.586049316567
2.8427000045776	-10.487226884302
2.8473999500275	-10.390584093414
2.8520998954773	-10.295757502609
2.8568000793457	-10.202377118011
2.8615000247955	-10.110142813265
2.8661999702454	-10.018866793186
2.8708999156952	-9.9285210716264
2.8756000995636	-9.8392077436123
2.8803000450134	-9.7511428418189
2.8849999904633	-9.6645753941975
2.8896999359131	-9.5797317752046
2.8943998813629	-9.4967513353122
2.8991000652313	-9.4156415798523
2.9038000106812	-9.3362744993033
2.9084999561310	-9.2584138929570
2.9131999015808	-9.1817595846275
2.9179000854492	-9.1060128166657
2.9226000308990	-9.0309494989889
2.9272999763489	-8.9564569073361
2.9319999217987	-8.8825580783972
2.9367001056671	-8.8094024823620
2.9414000511169	-8.7372248334283
2.9460999965668	-8.6662829085795
2.9507999420166	-8.5968020913266
2.9554998874664	-8.5289066275112
2.9602000713348	-8.4625988249205
2.9649000167847	-8.3977583244811
2.9695999622345	-8.3341696468414
2.9742999076843	-8.2715626143586
2.9790000915527	-8.2096955070313
2.9837000370026	-8.1483868843375
2.9883999824524	-8.0875830046136
2.9930999279022	-8.0273446306039
2.9978001117706	-7.9678460925288
3.0025000572205	-7.9093280308857
3.0072000026703	-7.8520378869102
3.0118999481201	-7.7961707073887
3.0165998935699	-7.7418257321533
3.0213000774384	-7.6889733965344
3.0260000228882	-7.6374833080949
3.0306999683380	-7.5871306519260
3.0353999137878	-7.5376670079615
3.0401000976562	-7.4888726951459
3.0448000431061	-7.4406146127311
3.0494999885559	-7.3928637363321
3.0541999340057	-7.3457124631427
3.0589001178741	-7.2993478995912
3.0636000633240	-7.2540020850872
3.0683000087738	-7.2098966011701
3.0729999542236	-7.1671875964701
3.0776998996735	-7.1259321287329
3.0824000835419	-7.0860670780058
3.0871000289917	-7.0474274715235
3.0917999744415	-7.0097846305658
3.0964999198914	-6.9728986226565
3.1012001037598	-6.9365783483659
3.1059000492096	-6.9007142569882
3.1105999946594	-6.8653126221425
3.1152999401093	-6.8304891154426
3.1199998855591	-6.7964301893889
3.1247000694275	-6.7633569269354
3.1294000148773	-6.7314548130893
3.1340999603271	-6.7008385241517
3.1387999057770	-6.6715161610308
3.1435000896454	-6.6433857133716
3.1482000350952	-6.6162569586300
3.1528999805450	-6.5898921883055
3.1575999259949	-6.5640627062860
3.1623001098633	-6.5386023995942
3.1670000553131	-6.5134351537131
3.1717000007629	-6.4886014889773
3.1763999462128	-6.4642297168471
3.1810998916626	-6.4405073488146
3.1858000755310	-6.4176333411089
3.1905000209808	-6.3957557400587
3.1951999664307	-6.3749407211979
3.1998999118805	-6.3551409739650
3.2046000957489	-6.3362127465248
3.2093000411987	-6.3179314211567
3.2139999866486	-6.3000599971004
3.2186999320984	-6.2823783247610
3.2234001159668	-6.2647446076568
3.2281000614166	-6.2471128407063
3.2328000068665	-6.2295461159755
3.2374999523163	-6.2121817717911
3.2421998977661	-6.1952000690426
3.2469000816345	-6.1787588491730
3.2516000270844	-6.1629543541339
3.2562999725342	-6.1477850567676
3.2609999179840	-6.1331401736977
3.2657001018524	-6.1188220987373
3.2704000473022	-6.1045710665342
3.2750999927521	-6.0901303739747
3.2797999382019	-6.0752889646598
3.2844998836517	-6.0599166920688
3.2892000675201	-6.0439963095266
3.2939000129700	-6.0275905339066
3.2985999584198	-6.0108319463343
3.3032999038696	-5.9938691558867
3.3080000877380	-5.9767959509384
3.3127000331879	-5.9596432723832
3.3173999786377	-5.9423217181522
3.3220999240875	-5.9246483183207
3.3268001079559	-5.9063608856476
3.3315000534058	-5.8871708389205
3.3361999988556	-5.8668108181235
3.3408999443054	-5.8450787484546
3.3455998897552	-5.8218736444662
3.3503000736237	-5.7971996409071
3.3550000190735	-5.7711438088351
3.3596999645233	-5.7438287354815
3.3643999099731	-5.7153722400076
3.3691000938416	-5.6858383724461
3.3738000392914	-5.6551983171646
3.3784999847412	-5.6233257711084
3.3831999301910	-5.5900126468590
3.3879001140594	-5.5550154083462
3.3926000595093	-5.5180883742717
3.3973000049591	-5.4790501622160
3.4019999504089	-5.4378166371936
3.4066998958588	-5.3944155988692
3.4114000797272	-5.3489738475682
3.4161000251770	-5.3017017664572
3.4207999706268	-5.2528232331567
3.4254999160767	-5.2025456380521
3.4302000999451	-5.1510111394674
3.4349000453949	-5.0982817643833
3.4395999908447	-5.0443451844946
3.4442999362946	-4.9891423063155
3.4489998817444	-4.9326014298711
3.4537000656128	-4.8747005060562
3.4584000110626	-4.8154929071459
3.4630999565125	-4.7551333994607
3.4677999019623	-4.6938839857024
3.4725000858307	-4.6320768432987
3.4772000312805	-4.5700851176312
3.4818999767303	-4.5082698465583
3.4865999221802	-4.4469393830173
3.4913001060486	-4.3863193880442
3.4960000514984	-4.3265525849458
3.5006999969482	-4.2677017354486
3.5053999423981	-4.2097915947369
3.5100998878479	-4.1528421110245
3.5148000717163	-4.0969149333213
3.5195000171661	-4.0421264965360
3.5241999626160	-3.9886694068197
3.5288999080658	-3.9367968244167
3.5336000919342	-3.8867926363364
3.5383000373840	-3.8389357877480
3.5429999828339	-3.7934598908760
3.5476999282837	-3.7505197930791
3.5524001121521	-3.7101841662919
3.5571000576019	-3.6724313119980
3.5618000030518	-3.6371747864312
3.5664999485016	-3.6042967802217
3.5711998939514	-3.5736846377277
3.5759000778198	-3.5452650706230
3.5806000232697	-3.5190291693466
3.5852999687195	-3.4950243881992
3.5899999141693	-3.4733508489570
3.5947000980377	-3.4541334911525
3.5994000434875	-3.4374844858894
3.6040999889374	-3.4234692227850
3.6087999343872	-3.4120895309797
3.6135001182556	-3.4032684650784
3.6182000637054	-3.3968632603058
3.6229000091553	-3.3926866478962
3.6275999546051	-3.3905485701806
3.6322999000549	-3.3902743918085
3.6370000839233	-3.3917491801056
3.6417000293732	-3.3949242803675
3.6463999748230	-3.3998163080560
3.6510999202728	-3.4064987639300
3.6558001041412	-3.4150623023123
3.6605000495911	-3.4255850150028
3.6651999950409	-3.4381037613689
3.6698999404907	-3.4525898917788
3.6745998859406	-3.4689519296361
3.6793000698090	-3.4870404698354
3.6840000152588	-3.5066731514959
3.6886999607086	-3.5276741831120
3.6933999061584	-3.5499011045979
3.6981000900269	-3.5732747655505
3.7028000354767	-3.5977854220792
3.7074999809265	-3.6234938819245
3.7121999263763	-3.6505000364796
3.7169001102448	-3.6789249445125
3.7216000556946	-3.7088645862782
3.7263000011444	-3.7403667199284
3.7309999465942	-3.7734128715985
3.7356998920441	-3.8079141210612
3.7404000759125	-3.8437282771200
3.7451000213623	-3.8806944071915
3.7497999668121	-3.9186578088558
3.7544999122620	-3.9575092220432
3.7592000961304	-3.9972068557196
3.7639000415802	-4.0377847437296
3.7685999870300	-4.0793396403451
3.7732999324799	-4.1220058315051
3.7780001163483	-4.1659205156409
3.7827000617981	-4.2111875751957
3.7874000072479	-4.2578495855670
3.7920999526978	-4.3058679881580
3.7967998981476	-4.3551315975801
3.8015000820160	-4.4054800519933
3.8062000274658	-4.4567321304724
3.8108999729156	-4.5087269279249
3.8155999183655	-4.5613589063452
3.8203001022339	-4.6146017185303
3.8250000476837	-4.6685004279545
3.8296999931335	-4.7231655693705
3.8343999385834	-4.7787352583024
3.8390998840332	-4.8353328585505
3.8438000679016	-4.8930247853477
3.8485000133514	-4.9518020051813
3.8531999588013	-5.0115559562929
3.8578999042511	-5.0720968352021
3.8626000881195	-5.1331845964860
3.8673000335693	-5.1945675800247
3.8719999790192	-5.2560261809959
3.8766999244690	-5.3174144003465
3.8814001083374	-5.3786715775320
3.8861000537872	-5.4398196308941
3.8907999992371	-5.5009368633197
3.8954999446869	-5.5621119725401
3.9001998901367	-5.6233952804941
3.9049000740051	-5.6847588970066
3.9096000194550	-5.7460698011336
3.9142999649048	-5.8070836038593
3.9189999103546	-5.8674768289419
3.9237000942230	-5.9268861392944
3.9284000396729	-5.9849622842535
3.9330999851227	-6.0414260223097
3.9377999305725	-6.0960991533707
3.9425001144409	-6.1489161492369
3.9472000598907	-6.1999049847617
3.9519000053406	-6.2491475611321
3.9565999507904	-6.2967228694162
3.9612998962402	-6.3426461587802
3.9660000801086	-6.3868399973252
3.9707000255585	-6.4291141334156
3.9753999710083	-6.4691852326894
3.9800999164581	-6.5067233210026
3.9848001003265	-6.5414133188939
3.9895000457764	-6.5730151789999
3.9941999912262	-6.6014215488019
3.9988999366760	-6.6266720277115
4.0036001205444	-6.6489416750227
4.0082998275757	-6.6685045253829
4.0130000114441	-6.6856609316489
4.0177001953125	-6.7006798135747
4.0223999023438	-6.7137395882258
4.0271000862122	-6.7249058437198
4.0317997932434	-6.7341339732800
4.0364999771118	-6.7413114576051
4.0412001609802	-6.7463157544909
4.0458998680115	-6.7490797089694
4.0506000518799	-6.7496527939382
4.0553002357483	-6.7482225036138
4.0599999427795	-6.7451142467738
4.0647001266479	-6.7407503110473
4.0693998336792	-6.7355875302984
4.0741000175476	-6.7300484628730
4.0788002014160	-6.7244586106037
4.0834999084473	-6.7190079074234
4.0882000923157	-6.7137471235139
4.0928997993469	-6.7086141739662
4.0975999832153	-6.7034938565183
4.1023001670837	-6.6982777427975
4.1069998741150	-6.6929343875030
4.1117000579834	-6.6875455720546
4.1163997650146	-6.6823217924502
4.1210999488831	-6.6775827270302
4.1258001327515	-6.6737011397205
4.1304998397827	-6.6710392107633
4.1352000236511	-6.6698853441609
4.1399002075195	-6.6704013656432
4.1445999145508	-6.6726032011306
4.1493000984192	-6.6763739074220
4.1539998054504	-6.6815056454103
4.1586999893188	-6.6877625647972
4.1634001731873	-6.6949506535909
4.1680998802185	-6.7029745782819
4.1728000640869	-6.7118703226337
4.1774997711182	-6.7218062941735
4.1821999549866	-6.7330455142944
4.1869001388550	-6.7458911036272
4.1915998458862	-6.7606133900292
4.1963000297546	-6.7773904062482
4.2010002136230	-6.7962630029251
4.2056999206543	-6.8171267163113
4.2104001045227	-6.8397538682299
4.2150998115540	-6.8638513231767
4.2197999954224	-6.8891249830752
4.2245001792908	-6.9153539002778
4.2291998863220	-6.9424412550859
4.2339000701904	-6.9704456329687
4.2385997772217	-6.9995599465585
4.2432999610901	-7.0300699998040
4.2480001449585	-7.0622839107212
4.2526998519897	-7.0964593204885
4.2574000358582	-7.1327346861867
4.2621002197266	-7.1710996942375
4.2667999267578	-7.2113859608282
4.2715001106262	-7.2533116045993
4.2761998176575	-7.2965410380616
4.2809000015259	-7.3407699461691
4.2856001853943	-7.3857981109904
4.2902998924255	-7.4315792238797
4.2950000762939	-7.4782456949512
4.2996997833252	-7.5260716542998
4.3043999671936	-7.5754226793080
4.3091001510620	-7.6266628935943
4.3137998580933	-7.6800824355515
4.3185000419617	-7.7358200388582
4.3232002258301	-7.7938351766248
4.3278999328613	-7.8539221623168
4.3326001167297	-7.9157561650910
4.3372998237610	-7.9789793347855
4.3420000076294	-8.0432930570808
4.3467001914978	-8.1085394481541
4.3513998985291	-8.1747553249661
4.3561000823975	-8.2421762337632
4.3607997894287	-8.3111948493617
4.3654999732971	-8.3822784892683
4.3702001571655	-8.4558717530568
4.3748998641968	-8.5322906318500
4.3796000480652	-8.6116582289233
4.3843002319336	-8.6938699473790
4.3889999389648	-8.7786195232410
4.3937001228333	-8.8654708679297
4.3983998298645	-8.9539594133853
4.4031000137329	-9.0437045430394
4.4078001976013	-9.1345109023415
4.4124999046326	-9.2264089125264
4.4172000885010	-9.3196622424224
4.4218997955322	-9.4146958267959
4.4265999794006	-9.5120024787389
4.4313001632690	-9.6120005206250
4.4359998703003	-9.7149348792827
4.4407000541687	-9.8207857649733
4.4454002380371	-9.9292634615961
4.4500999450684	-10.039849680257
4.4548001289368	-10.151898758576
4.4594998359680	-10.264788363472
4.4642000198364	-10.378061288242
4.4689002037048	-10.491537250067
4.4735999107361	-10.605362470434
4.4783000946045	-10.719994943615
4.4829998016357	-10.836093219000
4.4876999855042	-10.954371172013
4.4924001693726	-11.075430058569
4.4970998764038	-11.199611051131
4.5018000602722	-11.326910227124
4.5064997673035	-11.456970831524
4.5111999511719	-11.589155703195
4.5159001350403	-11.722697759437
4.5205998420715	-11.856892326436
4.5253000259399	-11.991267563867
4.5300002098083	-12.125735116375
4.5346999168396	-12.260612465087
4.5394001007080	-12.396584059626
4.5440998077393	-12.534553602353
4.5487999916077	-12.675431625655
4.5535001754761	-12.819923560911
4.5581998825073	-12.968339002639
4.5629000663757	-13.120517432418
4.5675997734070	-13.275814564917
4.5722999572754	-13.433230823211
4.5770001411438	-13.591618851848
4.5816998481750	-13.749930317712
4.5864000320435	-13.907453227665
4.5911002159119	-14.063979765724
4.5957999229431	-14.219862578035
4.6005001068115	-14.375893814254
4.6051998138428	-14.533136643768
4.6098999977112	-14.692620262792
4.6146001815796	-14.855056588449
4.6192998886108	-15.020614354858
4.6240000724792	-15.188785154043
4.6286997795105	-15.358418114825
4.6333999633789	-15.527850162915
4.6381001472473	-15.695211165366
4.6427998542786	-15.858735883472
4.6475000381470	-16.017112268057
4.6522002220154	-16.169661726487
4.6568999290466	-16.316453088283
4.6616001129150	-16.458162430828
4.6662998199463	-16.595817202957
4.6710000038147	-16.730439350296
4.6757001876831	-16.862666911945
4.6803998947144	-16.992457515959
4.6851000785828	-17.118920927708
4.6897997856140	-17.240342636973
4.6944999694824	-17.354373706616
4.6992001533508	-17.458384217496
4.7038998603821	-17.549893804071
4.7086000442505	-17.627020856036
4.7133002281189	-17.688799442908
4.7179999351501	-17.735293250861
4.7227001190186	-17.767540740633
4.7273998260498	-17.787230928514
4.7321000099182	-17.796281174394
4.7368001937866	-17.796383939861
4.7414999008179	-17.788615767592
4.7462000846863	-17.773203577757
4.7508997917175	-17.749473510552
4.7555999755859	-17.716036610525
4.7603001594543	-17.671131827663
4.7649998664856	-17.613105154272
4.7697000503540	-17.540881579590
4.7744002342224	-17.454338548979
4.7790999412537	-17.354474570584
4.7838001251221	-17.243339717032
4.7884998321533	-17.123707065542
4.7932000160217	-16.998593486687
4.7979001998901	-16.870754192854
4.8025999069214	-16.742206007392
4.8073000907898	-16.613950148072
4.8119997978210	-16.485892544315
4.8166999816895	-16.356999740114
4.8214001655579	-16.225644344813
4.8260998725891	-16.090112412450
4.8308000564575	-15.949097108950
4.8354997634888	-15.802125117118
4.8401999473572	-15.649768765851
4.8449001312256	-15.493595160495
4.8495998382568	-15.335893307375
4.8543000221252	-15.179207290485
4.8590002059937	-15.025812863727
4.8636999130249	-14.877300895434
4.8684000968933	-14.734251753656
4.8730998039246	-14.596186497192
4.8777999877930	-14.461729596800
4.8825001716614	-14.328952157356
4.8871998786926	-14.195862156231
4.8919000625610	-14.060901182245
4.8965997695923	-13.923350505753
4.9012999534607	-13.783515043657
4.9060001373291	-13.642663635458
4.9106998443604	-13.502743906361
4.9154000282288	-13.365923286830
4.9201002120972	-13.234095403721
4.9247999191284	-13.108456261033
4.9295001029968	-12.989246381202
4.9341998100281	-12.875722661536
4.9388999938965	-12.766329789576
4.9436001777649	-12.659075760043
4.9482998847961	-12.552010019356
4.9530000686646	-12.443692868386
4.9576997756958	-12.333540064715
4.9623999595642	-12.221976962071
4.9671001434326	-12.110318460848
4.9717998504639	-12.000446503624
4.9765000343323	-11.894361385605
4.9812002182007	-11.793689719823
4.9858999252319	-11.699316563793
4.9906001091003	-11.611172891964
4.9952998161316	-11.528265487358
5.0000000000000	-11.448898885390
#Parameters = {R_fat=48; R_glandular=38; R_skin_outer=50; T10=5; T15=7.5; T5=2.5; T_rad=4; T_x=10; T_y=0; T_z=75; Zc=65; skin_thickness=2; Mesh Pass=2}
#"Frequency / GHz"	"S1,1 (Mesh Pass=2) [Magnitude / dB]"
#-------------------------------------------------------
0.30000001192093	-6.3677546607047
0.30469998717308	-6.5561727097279
0.30939999222755	-6.8643731233800
0.31409999728203	-7.2354630099848
0.31880000233650	-7.5760725597447
0.32350000739098	-7.7689109393219
0.32820001244545	-7.7232342059075
0.33289998769760	-7.4405133783084
0.33759999275208	-7.0233678057908
0.34229999780655	-6.6136884587469
0.34700000286102	-6.3309742783584
0.35170000791550	-6.2544370489909
0.35640001296997	-6.4358728612597
0.36109998822212	-6.9223671146674
0.36579999327660	-7.7823858170113
0.37049999833107	-9.1431389042097
0.37520000338554	-11.271142954605
0.37990000844002	-14.831395917675
0.38460001349449	-22.274799429901
0.38929998874664	-24.580710339607
0.39399999380112	-14.845283052132
0.39869999885559	-10.248623492845
0.40340000391006	-7.4522221502727
0.40810000896454	-5.6455294143984
0.41280001401901	-4.4970194769718
0.41749998927116	-3.8216140884572
0.42219999432564	-3.4968161928173
0.42689999938011	-3.4352285377960
0.43160000443459	-3.5710600842763
0.43630000948906	-3.8492619316313
0.44100001454353	-4.2147182115832
0.44569998979568	-4.6029575813589
0.45039999485016	-4.9382126769065
0.45509999990463	-5.1473366815211
0.45980000495911	-5.1892422494313
0.46450001001358	-5.0779382504198
0.46919998526573	-4.8739397960173
0.47389999032021	-4.6512586126975
0.47859999537468	-4.4688489779867
0.48330000042915	-4.3602419446248
0.48800000548363	-4.3355455616658
0.49270001053810	-4.3866866648716
0.49739998579025	-4.4917012392426
0.50209999084473	-4.6182773371469
0.50679999589920	-4.7289444609699
0.51150000095367	-4.7898375612696
0.51620000600815	-4.7814775718027
0.52090001106262	-4.7057797193014
0.52560001611710	-4.5840827506587
0.53030002117157	-4.4474077963221
0.53500002622604	-4.3253864700278
0.53969997167587	-4.2389976873390
0.54439997673035	-4.1978824431931
0.54909998178482	-4.2005231137012
0.55379998683929	-4.2357269448683
0.55849999189377	-4.2850772448355
0.56319999694824	-4.3267852395335
0.56790000200272	-4.3411068752735
0.57260000705719	-4.3161380023690
0.57730001211166	-4.2514559746505
0.58200001716614	-4.1576061543972
0.58670002222061	-4.0517795194130
0.59140002727509	-3.9521135151583
0.59609997272491	-3.8730213921076
0.60079997777939	-3.8225184391315
0.60549998283386	-3.8013204462840
0.61019998788834	-3.8032264169473
0.61489999294281	-3.8165687738809
0.61959999799728	-3.8268380089734
0.62430000305176	-3.8203152541680
0.62900000810623	-3.7879038505784
0.63370001316071	-3.7277562900646
0.63840001821518	-3.6454980334642
0.64310002326965	-3.5520623067954
0.64780002832413	-3.4602293343375
0.65249997377396	-3.3812695134785
0.65719997882843	-3.3225216663778
0.66189998388290	-3.2861220290313
0.66659998893738	-3.2687703854797
0.67129999399185	-3.2625141595814
0.67599999904633	-3.2565522669028
0.68070000410080	-3.2399127512724
0.68540000915527	-3.2044470579446
0.69010001420975	-3.1471255549727
0.69480001926422	-3.0707782743708
0.69950002431870	-2.9830326663353
0.70420002937317	-2.8939695898319
0.70889997482300	-2.8134456285382
0.71359997987747	-2.7488000989297
0.71829998493195	-2.7033338256020
0.72299998998642	-2.6756651383231
0.72769999504089	-2.6600248896752
0.73240000009537	-2.6475484719152
0.73710000514984	-2.6284573072051
0.74180001020432	-2.5946727202113
0.74650001525879	-2.5421098384662
0.75120002031326	-2.4718085502587
0.75590002536774	-2.3895265641998
0.76059997081757	-2.3040352710630
0.76529997587204	-2.2247588909069
0.76999998092651	-2.1594849839091
0.77469998598099	-2.1125855241961
0.77939999103546	-2.0840326728673
0.78409999608994	-2.0693334728897
0.78880000114441	-2.0605155831055
0.79350000619888	-2.0480519309621
0.79820001125336	-2.0234144999209
0.80290001630783	-1.9814924236477
0.80760002136230	-1.9220838786366
0.81230002641678	-1.8499706846817
0.81699997186661	-1.7735377450817
0.82169997692108	-1.7025265269810
0.82639998197556	-1.6455882861187
0.83109998703003	-1.6082107240150
0.83579999208450	-1.5913770612351
0.84049999713898	-1.5912365312583
0.84520000219345	-1.5998897380243
0.84990000724792	-1.6072800853223
0.85460001230240	-1.6038618942685
0.85930001735687	-1.5833349037287
0.86400002241135	-1.5445594496187
0.86870002746582	-1.4920139768469
0.87339997291565	-1.4346097727175
0.87809997797012	-1.3833262414077
0.88279998302460	-1.3484144736255
0.88749998807907	-1.3368730177162
0.89219999313354	-1.3507062778355
0.89689999818802	-1.3862866108255
0.90160000324249	-1.4350418032479
0.90630000829697	-1.4854335396766
0.91100001335144	-1.5259827233809
0.91570001840591	-1.5486144766009
0.92040002346039	-1.5513030085762
0.92510002851486	-1.5390950816474
0.92979997396469	-1.5230519155312
0.93449997901917	-1.5175468742050
0.93919998407364	-1.5367583885060
0.94389998912811	-1.5913630756555
0.94859999418259	-1.6861107752798
0.95329999923706	-1.8187549081820
0.95800000429153	-1.9805115431028
0.96270000934601	-2.1581916041747
0.96740001440048	-2.3379034357395
0.97210001945496	-2.5098133771187
0.97680002450943	-2.6728133697635
0.98150002956390	-2.8375242514651
0.98619997501373	-3.0264600500009
0.99089998006821	-3.2713992709423
0.99559998512268	-3.6093825875554
1.0003000497818	-4.0793714746483
1.0049999952316	-4.7212539327808
1.0096999406815	-5.5785057485189
1.0144000053406	-6.7056963894964
1.0190999507904	-8.1837635532843
1.0238000154495	-10.151443839622
1.0284999608994	-12.878819782485
1.0332000255585	-16.957387315296
1.0378999710083	-23.067937603842
1.0426000356674	-21.205325804665
1.0472999811172	-15.399964635653
1.0520000457764	-11.650735015088
1.0566999912262	-9.0495119171486
1.0614000558853	-7.1274892157285
1.0661000013351	-5.6656454172489
1.0707999467850	-4.5472903890083
1.0755000114441	-3.7005220403468
1.0801999568939	-3.0729609119540
1.0849000215530	-2.6198557898904
1.0895999670029	-2.2991553925050
1.0943000316620	-2.0708054302575
1.0989999771118	-1.8986377182379
1.1037000417709	-1.7533949954038
1.1083999872208	-1.6154530850422
1.1131000518799	-1.4759270762145
1.1177999973297	-1.3355451396502
1.1224999427795	-1.2015345493071
1.1272000074387	-1.0835673889040
1.1318999528885	-0.99001910418590
1.1366000175476	-0.92536394740640
1.1412999629974	-0.88907972104718
1.1460000276566	-0.87593666263201
1.1506999731064	-0.87740811032983
1.1554000377655	-0.88373755432176
1.1600999832153	-0.88623217113660
1.1648000478745	-0.87920461182554
1.1694999933243	-0.86107733127929
1.1742000579834	-0.83432571737433
1.1789000034332	-0.80432053990286
1.1835999488831	-0.77750107628183
1.1883000135422	-0.75946790632709
1.1929999589920	-0.75355665610660
1.1977000236511	-0.76013633684889
1.2023999691010	-0.77674790023034
1.2071000337601	-0.79890915408982
1.2117999792099	-0.82136599664529
1.2165000438690	-0.83947866109618
1.2211999893188	-0.85037673852000
1.2259000539780	-0.85359668763954
1.2305999994278	-0.85105622783699
1.2352999448776	-0.84632142099210
1.2400000095367	-0.84351563799700
1.2446999549866	-0.84615565031166
1.2494000196457	-0.85626146275009
1.2540999650955	-0.87394578000273
1.2588000297546	-0.89751456590649
1.2634999752045	-0.92402897931735
1.2682000398636	-0.95012346364845
1.2728999853134	-0.97292361926875
1.2776000499725	-0.99077449575331
1.2822999954224	-1.0036312909701
1.2869999408722	-1.0129788709588
1.2917000055313	-1.0213427807997
1.2963999509811	-1.0315366980621
1.3011000156403	-1.0459005173637
1.3057999610901	-1.0657174644975
1.3105000257492	-1.0909602163704
1.3151999711990	-1.1203863060925
1.3199000358582	-1.1519247193330
1.3245999813080	-1.1832777988427
1.3293000459671	-1.2125280963014
1.3339999914169	-1.2386485381102
1.3387000560760	-1.2617404115978
1.3434000015259	-1.2829635869221
1.3480999469757	-1.3041789557855
1.3528000116348	-1.3274265544079
1.3574999570847	-1.3543885879128
1.3622000217438	-1.3859831887141
1.3668999671936	-1.4221911869756
1.3716000318527	-1.4621186090496
1.3762999773026	-1.5042798117904
1.3810000419617	-1.5470286993067
1.3856999874115	-1.5890000242399
1.3904000520706	-1.6294802375538
1.3950999975204	-1.6685872723440
1.3997999429703	-1.7072265537094
1.4045000076294	-1.7468402025195
1.4091999530792	-1.7890265301629
1.4139000177383	-1.8351387574181
1.4185999631882	-1.8859795655388
1.4233000278473	-1.9416307353001
1.4279999732971	-2.0014963778822
1.4327000379562	-2.0644861182919
1.4373999834061	-2.1293389356680
1.4421000480652	-2.1949731825112
1.4467999935150	-2.2607866166025
1.4515000581741	-2.3268336576893
1.4562000036240	-2.3938298064230
1.4608999490738	-2.4629735672490
1.4656000137329	-2.5356661859205
1.4702999591827	-2.6131739785156
1.4750000238419	-2.6963487676554
1.4796999692917	-2.7854468009668
1.4844000339508	-2.8801091802341
1.4890999794006	-2.9794831332587
1.4938000440598	-3.0824733703982
1.4984999895096	-3.1880521153084
1.5032000541687	-3.2955607946498
1.5078999996185	-3.4049224538541
1.5125999450684	-3.5167006097844
1.5173000097275	-3.6319981024679
1.5219999551773	-3.7522089096331
1.5267000198364	-3.8787051357208
1.5313999652863	-4.0125198170902
1.5361000299454	-4.1541189628326
1.5407999753952	-4.3033046410986
1.5455000400543	-4.4592857596226
1.5501999855042	-4.6209002486355
1.5549000501633	-4.7869432026917
1.5595999956131	-4.9565239877284
1.5642999410629	-5.1293614863772
1.5690000057220	-5.3059202607638
1.5736999511719	-5.4873636775694
1.5784000158310	-5.6753085478826
1.5830999612808	-5.8714520201652
1.5878000259399	-6.0771744820931
1.5924999713898	-6.2932047347322
1.5972000360489	-6.5194363470277
1.6018999814987	-6.7549577410412
1.6066000461578	-6.9982986985340
1.6112999916077	-7.2478450247448
1.6160000562668	-7.5023306943811
1.6207000017166	-7.7612807343407
1.6253999471664	-8.0252494637828
1.6301000118256	-8.2958055822887
1.6347999572754	-8.5752203666345
1.6395000219345	-8.8659682725274
1.6441999673843	-9.1701469477421
1.6489000320435	-9.4889696362335
1.6535999774933	-9.8224816688740
1.6583000421524	-10.169561787492
1.6629999876022	-10.528262064209
1.6677000522614	-10.896414146747
1.6723999977112	-11.272377712756
1.6770999431610	-11.655739595469
1.6818000078201	-12.047715462088
1.6864999532700	-12.451151307289
1.6912000179291	-12.870086673856
1.6958999633789	-13.308982555612
1.7006000280380	-13.771847231877
1.7052999734879	-14.261445084453
1.7100000381470	-14.778816439616
1.7146999835968	-15.323273589266
1.7194000482559	-15.892842816986
1.7240999937057	-16.485255573983
1.7288000583649	-17.099185766869
1.7335000038147	-17.735503604475
1.7381999492645	-18.398156580747
1.7429000139236	-19.094402587524
1.7475999593735	-19.834250248654
1.7523000240326	-20.629374399084
1.7569999694824	-21.491596100016
1.7617000341415	-22.431256060803
1.7663999795914	-23.455490318066
1.7711000442505	-24.566000730484
1.7757999897003	-25.755374395597
1.7805000543594	-26.999843193795
1.7851999998093	-28.245262542701
1.7898999452591	-29.384956930809
1.7946000099182	-30.243961299439
1.7992999553680	-30.620205707377
1.8040000200272	-30.414655415773
1.8086999654770	-29.723825411553
1.8134000301361	-28.756088234079
1.8180999755859	-27.695492987778
1.8228000402451	-26.653059221826
1.8274999856949	-25.680908920047
1.8322000503540	-24.796421343977
1.8368999958038	-23.998640067008
1.8415999412537	-23.277724757910
1.8463000059128	-22.620340024691
1.8509999513626	-22.013098660658
1.8557000160217	-21.444913040820
1.8603999614716	-20.908328651286
1.8651000261307	-20.399876429342
1.8697999715805	-19.919424577801
1.8745000362396	-19.468850034271
1.8791999816895	-19.050487754902
1.8839000463486	-18.665736352771
1.8885999917984	-18.314166949023
1.8933000564575	-17.993201152276
1.8980000019073	-17.698386396461
1.9026999473572	-17.424133198166
1.9074000120163	-17.164743284319
1.9120999574661	-16.915492373120
1.9168000221252	-16.673446749871
1.9214999675751	-16.437830763122
1.9262000322342	-16.209824990332
1.9308999776840	-15.991873464142
1.9356000423431	-15.786731139027
1.9402999877930	-15.596557944861
1.9450000524521	-15.422230315162
1.9496999979019	-15.263072158467
1.9543999433517	-15.116974596433
1.9591000080109	-14.980882991157
1.9637999534607	-14.851522845784
1.9685000181198	-14.726154424759
1.9731999635696	-14.603198929837
1.9779000282288	-14.482516844702
1.9825999736786	-14.365308732419
1.9873000383377	-14.253659891637
1.9919999837875	-14.149878546017
1.9967000484467	-14.055831448226
2.0013999938965	-13.972433405543
2.0060999393463	-13.899419107871
2.0107998847961	-13.835417480300
2.0155000686646	-13.778305961191
2.0202000141144	-13.725754543799
2.0248999595642	-13.675808794028
2.0295999050140	-13.627378586745
2.0343000888824	-13.580486406667
2.0390000343323	-13.536206022611
2.0436999797821	-13.496333888715
2.0483999252319	-13.462882233579
2.0531001091003	-13.437540341393
2.0578000545502	-13.421247053987
2.0625000000000	-13.413966275972
2.0671999454498	-13.414712226021
2.0718998908997	-13.421808849991
2.0766000747681	-13.433325296573
2.0813000202179	-13.447572211626
2.0859999656677	-13.463540055019
2.0906999111176	-13.481156741090
2.0954000949860	-13.501294889509
2.1001000404358	-13.525530023160
2.1047999858856	-13.555726342071
2.1094999313354	-13.593553562935
2.1142001152039	-13.640066186086
2.1189000606537	-13.695436196433
2.1236000061035	-13.758909254771
2.1282999515533	-13.828966816849
2.1329998970032	-13.903695136033
2.1377000808716	-13.981250472868
2.1424000263214	-14.060292198796
2.1470999717712	-14.140334600386
2.1517999172211	-14.221817264958
2.1565001010895	-14.305984359368
2.1612000465393	-14.394516728105
2.1658999919891	-14.489068977154
2.1705999374390	-14.590790414941
2.1752998828888	-14.699987265693
2.1800000667572	-14.815960277679
2.1847000122070	-14.937071296804
2.1893999576569	-15.061048489401
2.1940999031067	-15.185428561847
2.1988000869751	-15.308076085492
2.2035000324249	-15.427614143057
2.2081999778748	-15.543655473280
2.2128999233246	-15.656802261370
2.2176001071930	-15.768363526954
2.2223000526428	-15.879881955013
2.2269999980927	-15.992609478221
2.2316999435425	-16.107066599838
2.2363998889923	-16.222742466619
2.2411000728607	-16.338047151192
2.2458000183105	-16.450549688821
2.2504999637604	-16.557393558788
2.2551999092102	-16.655878283146
2.2599000930786	-16.744008162831
2.2646000385284	-16.820908259265
2.2692999839783	-16.886955920631
2.2739999294281	-16.943623498512
2.2787001132965	-16.993053322996
2.2834000587463	-17.037493315282
2.2881000041962	-17.078715836376
2.2927999496460	-17.117600000741
2.2974998950958	-17.153919943807
2.3022000789642	-17.186450635288
2.3069000244141	-17.213292911413
2.3115999698639	-17.232421776294
2.3162999153137	-17.242269672128
2.3210000991821	-17.242237091952
2.3257000446320	-17.232958081857
2.3303999900818	-17.216271490658
2.3350999355316	-17.194855853088
2.3397998809814	-17.171687063008
2.3445000648499	-17.149432727587
2.3492000102997	-17.129905350977
2.3538999557495	-17.113770980522
2.3585999011993	-17.100510832798
2.3633000850677	-17.088665936976
2.3680000305176	-17.076332351526
2.3726999759674	-17.061725007769
2.3773999214172	-17.043761410939
2.3821001052856	-17.022424784068
2.3868000507355	-16.998859256194
2.3914999961853	-16.975140492711
2.3961999416351	-16.953822533234
2.4008998870850	-16.937320701556
2.4056000709534	-16.927415711846
2.4103000164032	-16.924821215991
2.4149999618530	-16.929131723693
2.4196999073029	-16.938915196464
2.4244000911713	-16.952172541771
2.4291000366211	-16.966843973605
2.4337999820709	-16.981398470862
2.4384999275208	-16.995229491362
2.4432001113892	-17.008876118711
2.4479000568390	-17.023853750541
2.4526000022888	-17.042290532381
2.4572999477386	-17.066382255536
2.4619998931885	-17.097836334414
2.4667000770569	-17.137459679543
2.4714000225067	-17.184973897320
2.4760999679565	-17.239066431273
2.4807999134064	-17.297740129677
2.4855000972748	-17.358785026190
2.4902000427246	-17.420346738523
2.4948999881744	-17.481383869848
2.4995999336243	-17.541914281901
2.5043001174927	-17.602989333141
2.5090000629425	-17.666383411704
2.5137000083923	-17.734084460261
2.5183999538422	-17.807752822286
2.5230998992920	-17.888245824630
2.5278000831604	-17.975343192978
2.5325000286102	-18.067740669363
2.5371999740601	-18.163264299495
2.5418999195099	-18.259328357072
2.5466001033783	-18.353461729577
2.5513000488281	-18.443829734596
2.5559999942780	-18.529580089229
2.5606999397278	-18.610911654332
2.5653998851776	-18.688880184846
2.5701000690460	-18.764943170544
2.5748000144958	-18.840428071993
2.5794999599457	-18.916003321382
2.5841999053955	-18.991328361741
2.5889000892639	-19.064924843900
2.5936000347137	-19.134311692197
2.5982999801636	-19.196389431561
2.6029999256134	-19.247961251749
2.6077001094818	-19.286317358144
2.6124000549316	-19.309707852173
2.6171000003815	-19.317576121095
2.6217999458313	-19.310519261621
2.6264998912811	-19.289976960315
2.6312000751495	-19.257729097178
2.6359000205994	-19.215355022544
2.6405999660492	-19.163809496110
2.6452999114990	-19.103150969114
2.6500000953674	-19.032537476409
2.6547000408173	-18.950474541455
2.6593999862671	-18.855239598981
2.6640999317169	-18.745406270045
2.6688001155853	-18.620333831610
2.6735000610352	-18.480474637343
2.6782000064850	-18.327419420375
2.6828999519348	-18.163691802115
2.6875998973846	-17.992265825922
2.6923000812531	-17.816072131739
2.6970000267029	-17.637429789332
2.7016999721527	-17.457767506242
2.7063999176025	-17.277441947038
2.7111001014709	-17.095904727096
2.7158000469208	-16.912046638903
2.7204999923706	-16.724651149606
2.7251999378204	-16.532900145755
2.7298998832703	-16.336740905183
2.7346000671387	-16.137019179805
2.7393000125885	-15.935368928035
2.7439999580383	-15.733907013946
2.7486999034882	-15.534729074133
2.7534000873566	-15.339504707033
2.7581000328064	-15.149110333219
2.7627999782562	-14.963519176182
2.7674999237061	-14.781870246649
2.7722001075745	-14.602790171122
2.7769000530243	-14.424792875035
2.7815999984741	-14.246735826384
2.7862999439240	-14.068129485642
2.7909998893738	-13.889305604754
2.7957000732422	-13.711303357759
2.8004000186920	-13.535591490461
2.8050999641418	-13.363665853208
2.8097999095917	-13.196643278337
2.8145000934601	-13.034986214165
2.8192000389099	-12.878394351013
2.8238999843597	-12.725900492138
2.8285999298096	-12.576150057431
2.8333001136780	-12.427774814468
2.8380000591278	-12.279769161537
2.8427000045776	-12.131755352606
2.8473999500275	-11.984064851977
2.8520998954773	-11.837619550372
2.8568000793457	-11.693649060810
2.8615000247955	-11.553328036208
2.8661999702454	-11.417444144439
2.8708999156952	-11.286172710838
2.8756000995636	-11.159041402636
2.8803000450134	-11.035063167146
2.8849999904633	-10.913008699374
2.8896999359131	-10.791758849742
2.8943998813629	-10.670600696015
2.8991000652313	-10.549419561992
2.9038000106812	-10.428709289687
2.9084999561310	-10.309404725058
2.9131999015808	-10.192603556839
2.9179000854492	-10.079235991460
2.9226000308990	-9.9698015872970
2.9272999763489	-9.8642287206892
2.9319999217987	-9.7619008442541
2.9367001056671	-9.6618366437983
2.9414000511169	-9.5629669849493
2.9460999965668	-9.4644426433142
2.9507999420166	-9.3658644037529
2.9554998874664	-9.2673859943010
2.9602000713348	-9.1696634143297
2.9649000167847	-9.0736325526594
2.9695999622345	-8.9802444919548
2.9742999076843	-8.8901780221409
2.9790000915527	-8.8036541042639
2.9837000370026	-8.7203691922910
2.9883999824524	-8.6395966255701
2.9930999279022	-8.5603898087826
2.9978001117706	-8.4818585837542
3.0025000572205	-8.4034246149507
3.0072000026703	-8.3249852132091
3.0118999481201	-8.2469201971738
3.0165998935699	-8.1699804181789
3.0213000774384	-8.0950564577022
3.0260000228882	-8.0229084074845
3.0306999683380	-7.9539573507875
3.0353999137878	-7.8881503704845
3.0401000976562	-7.8249923794750
3.0448000431061	-7.7636914026790
3.0494999885559	-7.7033702201742
3.0541999340057	-7.6433525022002
3.0589001178741	-7.5833231716764
3.0636000633240	-7.5234332180208
3.0683000087738	-7.4642346352754
3.0729999542236	-7.4065113350253
3.0776998996735	-7.3510444101789
3.0824000835419	-7.2983804024134
3.0871000289917	-7.2486714742231
3.0917999744415	-7.2016270779467
3.0964999198914	-7.1566098254376
3.1012001037598	-7.1128140519376
3.1059000492096	-7.0694985339791
3.1105999946594	-7.0262073201648
3.1152999401093	-6.9828817753428
3.1199998855591	-6.9398858366875
3.1247000694275	-6.8978819092670
3.1294000148773	-6.8576221642555
3.1340999603271	-6.8197379994475
3.1387999057770	-6.7845328972205
3.1435000896454	-6.7519098984249
3.1482000350952	-6.7213825740618
3.1528999805450	-6.6922339609847
3.1575999259949	-6.6637070229235
3.1623001098633	-6.6352339671986
3.1670000553131	-6.6065937086640
3.1717000007629	-6.5779680886081
3.1763999462128	-6.5498861381338
3.1810998916626	-6.5230488735033
3.1858000755310	-6.4981239748425
3.1905000209808	-6.4755365961227
3.1951999664307	-6.4553471576612
3.1998999118805	-6.4372231002957
3.2046000957489	-6.4205414827186
3.2093000411987	-6.4045539306255
3.2139999866486	-6.3886171379651
3.2186999320984	-6.3723668228150
3.2234001159668	-6.3558183103085
3.2281000614166	-6.3393537025323
3.2328000068665	-6.3236015793615
3.2374999523163	-6.3092264822533
3.2421998977661	-6.2967379348813
3.2469000816345	-6.2863211798569
3.2516000270844	-6.2777718200686
3.2562999725342	-6.2705502865726
3.2609999179840	-6.2639294913460
3.2657001018524	-6.2571948102912
3.2704000473022	-6.2498489617867
3.2750999927521	-6.2417373789375
3.2797999382019	-6.2330919161916
3.2844998836517	-6.2244256753650
3.2892000675201	-6.2163745518257
3.2939000129700	-6.2094864797587
3.2985999584198	-6.2040195417429
3.3032999038696	-6.1998665227749
3.3080000877380	-6.1965444194520
3.3127000331879	-6.1933286076904
3.3173999786377	-6.1894244856195
3.3220999240875	-6.1841939425687
3.3268001079559	-6.1773114652991
3.3315000534058	-6.1688273727186
3.3361999988556	-6.1591261928152
3.3408999443054	-6.1487669672498
3.3455998897552	-6.1382812694531
3.3503000736237	-6.1279721614062
3.3550000190735	-6.1177791382007
3.3596999645233	-6.1072644980965
3.3643999099731	-6.0956916042474
3.3691000938416	-6.0822094948329
3.3738000392914	-6.0660697520863
3.3784999847412	-6.0468088175435
3.3831999301910	-6.0243472742846
3.3879001140594	-5.9989697188105
3.3926000595093	-5.9711957297566
3.3973000049591	-5.9415848059284
3.4019999504089	-5.9105230909057
3.4066998958588	-5.8780725230809
3.4114000797272	-5.8439313828694
3.4161000251770	-5.8074947746839
3.4207999706268	-5.7680278656817
3.4254999160767	-5.7248767655359
3.4302000999451	-5.6776590599502
3.4349000453949	-5.6263884254713
3.4395999908447	-5.5714653979550
3.4442999362946	-5.5135746450894
3.4489998817444	-5.4534922127156
3.4537000656128	-5.3918801474853
3.4584000110626	-5.3291298957602
3.4630999565125	-5.2652973715589
3.4677999019623	-5.2001440562544
3.4725000858307	-5.1332864025808
3.4772000312805	-5.0643725801421
3.4818999767303	-4.9932786288503
3.4865999221802	-4.9202154502799
3.4913001060486	-4.8457398097233
3.4960000514984	-4.7706767553635
3.5006999969482	-4.6959427941589
3.5053999423981	-4.6223687621987
3.5100998878479	-4.5505322402960
3.5148000717163	-4.4806908288589
3.5195000171661	-4.4127857485417
3.5241999626160	-4.3465575162244
3.5288999080658	-4.2816949232520
3.5336000919342	-4.2180083717728
3.5383000373840	-4.1555441208434
3.5429999828339	-4.0946292244793
3.5476999282837	-4.0358269469665
3.5524001121521	-3.9798035735442
3.5571000576019	-3.9271938718778
3.5618000030518	-3.8784361242807
3.5664999485016	-3.8336872350498
3.5711998939514	-3.7928041675630
3.5759000778198	-3.7554191357813
3.5806000232697	-3.7210528698841
3.5852999687195	-3.6892743854796
3.5899999141693	-3.6598203029949
3.5947000980377	-3.6326801838162
3.5994000434875	-3.6080917162174
3.6040999889374	-3.5864551978590
3.6087999343872	-3.5682178434717
3.6135001182556	-3.5537297364187
3.6182000637054	-3.5431298762199
3.6229000091553	-3.5362959384048
3.6275999546051	-3.5328719283625
3.6322999000549	-3.5323439880370
3.6370000839233	-3.5341887874445
3.6417000293732	-3.5379903541264
3.6463999748230	-3.5435565322201
3.6510999202728	-3.5509478851394
3.6558001041412	-3.5604468577994
3.6605000495911	-3.5724595927049
3.6651999950409	-3.5873765837334
3.6698999404907	-3.6054512835548
3.6745998859406	-3.6267097602090
3.6793000698090	-3.6509296397567
3.6840000152588	-3.6776863106963
3.6886999607086	-3.7064676001669
3.6933999061584	-3.7368080156652
3.6981000900269	-3.7684106695539
3.7028000354767	-3.8012266781477
3.7074999809265	-3.8354625534889
3.7121999263763	-3.8715137462386
3.7169001102448	-3.9098405786237
3.7216000556946	-3.9508330916841
3.7263000011444	-3.9946884342410
3.7309999465942	-4.0413457234271
3.7356998920441	-4.0904993844229
3.7404000759125	-4.1416767412043
3.7451000213623	-4.1943685122238
3.7497999668121	-4.2481774400940
3.7544999122620	-4.3029294358090
3.7592000961304	-4.3587254305745
3.7639000415802	-4.4159193861661
3.7685999870300	-4.4750048477632
3.7732999324799	-4.5364803632630
3.7780001163483	-4.6006929826160
3.7827000617981	-4.6677341904965
3.7874000072479	-4.7373975745679
3.7920999526978	-4.8092339994264
3.7967998981476	-4.8826666987198
3.8015000820160	-4.9571511990864
3.8062000274658	-5.0323310187627
3.8108999729156	-5.1081384153813
3.8155999183655	-5.1848078490842
3.8203001022339	-5.2628064868293
3.8250000476837	-5.3426823064974
3.8296999931335	-5.4248845935787
3.8343999385834	-5.5096086719993
3.8390998840332	-5.5967080796238
3.8438000679016	-5.6856987427114
3.8485000133514	-5.7758613576231
3.8531999588013	-5.8664249278411
3.8578999042511	-5.9567501044461
3.8626000881195	-6.0464972418942
3.8673000335693	-6.1356954187631
3.8719999790192	-6.2246958845941
3.8766999244690	-6.3140296246180
3.8814001083374	-6.4041893021379
3.8861000537872	-6.4954238428666
3.8907999992371	-6.5875846570625
3.8954999446869	-6.6800952182762
3.9001998901367	-6.7720374746264
3.9049000740051	-6.8623479683147
3.9096000194550	-6.9500719612256
3.9142999649048	-7.0345845294912
3.9189999103546	-7.1157261919083
3.9237000942230	-7.1937866423728
3.9284000396729	-7.2693573571775
3.9330999851227	-7.3430756545624
3.9377999305725	-7.4153549439991
3.9425001144409	-7.4861813836661
3.9472000598907	-7.5550339369769
3.9519000053406	-7.6209844764834
3.9565999507904	-7.6829165556662
3.9612998962402	-7.7398330761524
3.9660000801086	-7.7911402357668
3.9707000255585	-7.8368295828559
3.9753999710083	-7.8774650544375
3.9800999164581	-7.9140195667724
3.9848001003265	-7.9475719635394
3.9895000457764	-7.9789851735539
3.9941999912262	-8.0086464107754
3.9988999366760	-8.0363854725926
4.0036001205444	-8.0615479317736
4.0082998275757	-8.0832514076839
4.0130000114441	-8.1007103469140
4.0177001953125	-8.1135532614362
4.0223999023438	-8.1220056953456
4.0271000862122	-8.1269028895343
4.0317997932434	-8.1294998879111
4.0364999771118	-8.1311596408527
4.0412001609802	-8.1330095796122
4.0458998680115	-8.1356684511452
4.0506000518799	-8.1391326038408
4.0553002357483	-8.1428535833756
4.0599999427795	-8.1459695249711
4.0647001266479	-8.1476422691994
4.0693998336792	-8.1473828646587
4.0741000175476	-8.1452693436816
4.0788002014160	-8.1419830102570
4.0834999084473	-8.1386630066333
4.0882000923157	-8.1366031172630
4.0928997993469	-8.1369156961853
4.0975999832153	-8.1402332547725
4.1023001670837	-8.1465625437223
4.1069998741150	-8.1553096957326
4.1117000579834	-8.1654882101793
4.1163997650146	-8.1760407929454
4.1210999488831	-8.1861735843501
4.1258001327515	-8.1956327272782
4.1304998397827	-8.2047898138199
4.1352000236511	-8.2145565171795
4.1399002075195	-8.2261159425387
4.1445999145508	-8.2405741575921
4.1493000984192	-8.2586343311669
4.1539998054504	-8.2803810699559
4.1586999893188	-8.3052496004181
4.1634001731873	-8.3321689612529
4.1680998802185	-8.3598759862261
4.1728000640869	-8.3872719322906
4.1774997711182	-8.4137476221081
4.1821999549866	-8.4393602366962
4.1869001388550	-8.4648051297841
4.1915998458862	-8.4911978507561
4.1963000297546	-8.5197127273450
4.2010002136230	-8.5512131101989
4.2056999206543	-8.5859660619694
4.2104001045227	-8.6235204297364
4.2150998115540	-8.6628084738374
4.2197999954224	-8.7024199804823
4.2245001792908	-8.7410004590553
4.2291998863220	-8.7776354472529
4.2339000701904	-8.8121226711518
4.2385997772217	-8.8450303006359
4.2432999610901	-8.8775236120473
4.2480001449585	-8.9110215758265
4.2526998519897	-8.9467793210636
4.2574000358582	-8.9855264228548
4.2621002197266	-9.0272722521673
4.2667999267578	-9.0713368094399
4.2715001106262	-9.1165917440358
4.2761998176575	-9.1618654430948
4.2809000015259	-9.2063803099207
4.2856001853943	-9.2501026886358
4.2902998924255	-9.2938841239040
4.2950000762939	-9.3393513683517
4.2996997833252	-9.3885723722473
4.3043999671936	-9.4435986706556
4.3091001510620	-9.5060163762288
4.3137998580933	-9.5766276218583
4.3185000419617	-9.6553334550783
4.3232002258301	-9.7412728900594
4.3278999328613	-9.8331527572678
4.3326001167297	-9.9297024685997
4.3372998237610	-10.030117558886
4.3420000076294	-10.134369601965
4.3467001914978	-10.243265657386
4.3513998985291	-10.358245095818
4.3561000823975	-10.480968357882
4.3607997894287	-10.612794395956
4.3654999732971	-10.754328067752
4.3702001571655	-10.905135614183
4.3748998641968	-11.063735952109
4.3796000480652	-11.227892656654
4.3843002319336	-11.395147954080
4.3889999389648	-11.563468288627
4.3937001228333	-11.731824342695
4.3983998298645	-11.900498431669
4.4031000137329	-12.071015333703
4.4078001976013	-12.245690771715
4.4124999046326	-12.426924714191
4.4172000885010	-12.616450232693
4.4218997955322	-12.814751003183
4.4265999794006	-13.020813730398
4.4313001632690	-13.232329047382
4.4359998703003	-13.446298276278
4.4407000541687	-13.659936102962
4.4454002380371	-13.871591777599
4.4500999450684	-14.081399167986
4.4548001289368	-14.291401407830
4.4594998359680	-14.505084957454
4.4642000198364	-14.726432759856
4.4689002037048	-14.958801092734
4.4735999107361	-15.203925333429
4.4783000946045	-15.461360665517
4.4829998016357	-15.728517433112
4.4876999855042	-16.001356613062
4.4924001693726	-16.275622664167
4.4970998764038	-16.548312308486
4.5018000602722	-16.818909832778
4.5064997673035	-17.089903490683
4.5111999511719	-17.366364474063
4.5159001350403	-17.654669175562
4.5205998420715	-17.960782451224
4.5253000259399	-18.288559800065
4.5300002098083	-18.638589653785
4.5346999168396	-19.007851188473
4.5394001007080	-19.390426569342
4.5440998077393	-19.779244256448
4.5487999916077	-20.168559456795
4.5535001754761	-20.556419828431
4.5581998825073	-20.946154793450
4.5629000663757	-21.346201232461
4.5675997734070	-21.768158503642
4.5722999572754	-22.223736927766
4.5770001411438	-22.721435861432
4.5816998481750	-23.263736173839
4.5864000320435	-23.845459578299
4.5911002159119	-24.453857034493
4.5957999229431	-25.071199536809
4.6005001068115	-25.680054141123
4.6051998138428	-26.269954254471
4.6098999977112	-26.842350757786
4.6146001815796	-27.410208705942
4.6192998886108	-27.990912745824
4.6240000724792	-28.593956756809
4.6286997795105	-29.206231011363
4.6333999633789	-29.778997457607
4.6381001472473	-30.226074246788
4.6427998542786	-30.449400774015
4.6475000381470	-30.393156910365
4.6522002220154	-30.084003678980
4.6568999290466	-29.611018914843
4.6616001129150	-29.069151012808
4.6662998199463	-28.520418194494
4.6710000038147	-27.987028351320
4.6757001876831	-27.462221670004
4.6803998947144	-26.926413752413
4.6851000785828	-26.362814062080
4.6897997856140	-25.767795710743
4.6944999694824	-25.153349059848
4.6992001533508	-24.541690793121
4.7038998603821	-23.956638729993
4.7086000442505	-23.416321977904
4.7133002281189	-22.929356493266
4.7179999351501	-22.494120710552
4.7227001190186	-22.100523693970
4.7273998260498	-21.733187037362
4.7321000099182	-21.375858440539
4.7368001937866	-21.015949045789
4.7414999008179	-20.647946465669
4.7462000846863	-20.274414464555
4.7508997917175	-19.904177650962
4.7555999755859	-19.548730415789
4.7603001594543	-19.218289475537
4.7649998664856	-18.918837074072
4.7697000503540	-18.650633856466
4.7744002342224	-18.408401847827
4.7790999412537	-18.182814945155
4.7838001251221	-17.963090328308
4.7884998321533	-17.740062202334
4.7932000160217	-17.508804240824
4.7979001998901	-17.269940227640
4.8025999069214	-17.029108225397
4.8073000907898	-16.794824049690
4.8119997978210	-16.575657444391
4.8166999816895	-16.377646854024
4.8214001655579	-16.202691649065
4.8260998725891	-16.048117949954
4.8308000564575	-15.907464290240
4.8354997634888	-15.772289050413
4.8401999473572	-15.634593146943
4.8449001312256	-15.489213421472
4.8495998382568	-15.335351645255
4.8543000221252	-15.176725576680
4.8590002059937	-15.020215364150
4.8636999130249	-14.873625538290
4.8684000968933	-14.743290063261
4.8730998039246	-14.632280831523
4.8777999877930	-14.539592086415
4.8825001716614	-14.460424603249
4.8871998786926	-14.387488310463
4.8919000625610	-14.313093832112
4.8965997695923	-14.231432031487
4.9012999534607	-14.140377810977
4.9060001373291	-14.042138772006
4.9106998443604	-13.942473762253
4.9154000282288	-13.848796118734
4.9201002120972	-13.767858449648
4.9247999191284	-13.703741025566
4.9295001029968	-13.656664878807
4.9341998100281	-13.622893695502
4.9388999938965	-13.595697835685
4.9436001777649	-13.567211422535
4.9482998847961	-13.530781480549
4.9530000686646	-13.483044768980
4.9576997756958	-13.425038285077
4.9623999595642	-13.361830549564
4.9671001434326	-13.300845149022
4.9717998504639	-13.249448676096
4.9765000343323	-13.212688616885
4.9812002182007	-13.191742326086
4.9858999252319	-13.183454903633
4.9906001091003	-13.181080084247
4.9952998161316	-13.176069574098
5.0000000000000	-13.160550074815
#Parameters = {R_fat=48; R_glandular=38; R_skin_outer=50; T10=5; T15=7.5; T5=2.5; T_rad=4; T_x=10; T_y=0; T_z=75; Zc=65; skin_thickness=2; Mesh Pass=3}
#"Frequency / GHz"	"S1,1 (Mesh Pass=3) [Magnitude / dB]"
#-------------------------------------------------------
0.30000001192093	-11.859332002944
0.30469998717308	-11.668710044234
0.30939999222755	-11.353022310188
0.31409999728203	-11.032738116406
0.31880000233650	-10.816776503906
0.32350000739098	-10.786556320532
0.32820001244545	-11.001341636147
0.33289998769760	-11.511495834505
0.33759999275208	-12.373424752643
0.34229999780655	-13.664264428691
0.34700000286102	-15.485793534037
0.35170000791550	-17.869403628093
0.35640001296997	-20.066933408048
0.36109998822212	-19.505842581038
0.36579999327660	-16.552135095499
0.37049999833107	-13.650203710166
0.37520000338554	-11.353302534690
0.37990000844002	-9.6083806954526
0.38460001349449	-8.3173014591086
0.38929998874664	-7.4039654741586
0.39399999380112	-6.8105877906890
0.39869999885559	-6.4902180677397
0.40340000391006	-6.4026240563753
0.40810000896454	-6.5123665566850
0.41280001401901	-6.7873079561286
0.41749998927116	-7.1962316603285
0.42219999432564	-7.7049682806952
0.42689999938011	-8.2712922628091
0.43160000443459	-8.8404550758817
0.43630000948906	-9.3460185017827
0.44100001454353	-9.7221786189583
0.44569998979568	-9.9276102441795
0.45039999485016	-9.9661431985575
0.45509999990463	-9.8849438496048
0.45980000495911	-9.7509288663793
0.46450001001358	-9.6252965196813
0.46919998526573	-9.5502762862807
0.47389999032021	-9.5473388371164
0.47859999537468	-9.6204862916114
0.48330000042915	-9.7600923479510
0.48800000548363	-9.9459183816694
0.49270001053810	-10.149857031901
0.49739998579025	-10.339844698485
0.50209999084473	-10.485973035730
0.50679999589920	-10.568033620133
0.51150000095367	-10.581415022964
0.51620000600815	-10.537826762524
0.52090001106262	-10.460241168462
0.52560001611710	-10.375010739933
0.53030002117157	-10.304998715105
0.53500002622604	-10.265637634808
0.53969997167587	-10.263677859399
0.54439997673035	-10.297574943694
0.54909998178482	-10.358698978613
0.55379998683929	-10.433093826170
0.55849999189377	-10.503915258271
0.56319999694824	-10.554631712057
0.56790000200272	-10.572610684832
0.57260000705719	-10.552055820964
0.57730001211166	-10.495152662934
0.58200001716614	-10.410874060616
0.58670002222061	-10.312050296657
0.59140002727509	-10.211937709548
0.59609997272491	-10.121419681270
0.60079997777939	-10.047319839867
0.60549998283386	-9.9917651880473
0.61019998788834	-9.9523523501881
0.61489999294281	-9.9229018902088
0.61959999799728	-9.8946951779460
0.62430000305176	-9.8581416947792
0.62900000810623	-9.8046805584485
0.63370001316071	-9.7285529443303
0.63840001821518	-9.6279602508434
0.64310002326965	-9.5052308056797
0.64780002832413	-9.3659863168251
0.65249997377396	-9.2176267107341
0.65719997882843	-9.0676560082694
0.66189998388290	-8.9222621136512
0.66659998893738	-8.7853871323487
0.67129999399185	-8.6582889016346
0.67599999904633	-8.5395946414205
0.68070000410080	-8.4257156258470
0.68540000915527	-8.3116074044763
0.69010001420975	-8.1917651702689
0.69480001926422	-8.0613269795456
0.69950002431870	-7.9170468496988
0.70420002937317	-7.7579297455972
0.70889997482300	-7.5853601122427
0.71359997987747	-7.4027030153263
0.71829998493195	-7.2145426942453
0.72299998998642	-7.0257483590680
0.72769999504089	-6.8406091760137
0.73240000009537	-6.6621633275732
0.73710000514984	-6.4917912122821
0.74180001020432	-6.3291146839016
0.74650001525879	-6.1721550604883
0.75120002031326	-6.0177648859584
0.75590002536774	-5.8622661848960
0.76059997081757	-5.7021887560717
0.76529997587204	-5.5350010914827
0.76999998092651	-5.3596372753610
0.77469998598099	-5.1767442028783
0.77939999103546	-4.9885574031609
0.78409999608994	-4.7984596887981
0.78880000114441	-4.6103611178929
0.79350000619888	-4.4279944079151
0.79820001125336	-4.2542944212538
0.80290001630783	-4.0909236899130
0.80760002136230	-3.9380173146694
0.81230002641678	-3.7941950214880
0.81699997186661	-3.6568406619914
0.82169997692108	-3.5226186218929
0.82639998197556	-3.3881917523687
0.83109998703003	-3.2509604838903
0.83579999208450	-3.1096851670884
0.84049999713898	-2.9648648680162
0.84520000219345	-2.8187224527813
0.84990000724792	-2.6748459354732
0.85460001230240	-2.5375328406537
0.85930001735687	-2.4110108733058
0.86400002241135	-2.2986511671344
0.86870002746582	-2.2023217769690
0.87339997291565	-2.1220281569114
0.87809997797012	-2.0558724865966
0.88279998302460	-2.0003973673779
0.88749998807907	-1.9513194353285
0.89219999313354	-1.9044968658210
0.89689999818802	-1.8569815508665
0.90160000324249	-1.8078803553392
0.90630000829697	-1.7588235844425
0.91100001335144	-1.7138633216280
0.91570001840591	-1.6788526237492
0.92040002346039	-1.6604037458280
0.92510002851486	-1.6646704983560
0.92979997396469	-1.6962358254354
0.93449997901917	-1.7572623267975
0.93919998407364	-1.8471476720845
0.94389998912811	-1.9627376786666
0.94859999418259	-2.0991818013371
0.95329999923706	-2.2513498743718
0.95800000429153	-2.4156419834619
0.96270000934601	-2.5918661341946
0.96740001440048	-2.7847334035806
0.97210001945496	-3.0046420587055
0.97680002450943	-3.2675234243906
0.98150002956390	-3.5939886928983
0.98619997501373	-4.0082384888240
0.99089998006821	-4.5374552224179
0.99559998512268	-5.2123809298678
1.0003000497818	-6.0699418340187
1.0049999952316	-7.1591754168039
1.0096999406815	-8.5533660251592
1.0144000053406	-10.376169131053
1.0190999507904	-12.867231220925
1.0238000154495	-16.594936186260
1.0284999608994	-23.559795536721
1.0332000255585	-31.544236589866
1.0378999710083	-19.300682728413
1.0426000356674	-14.219494040854
1.0472999811172	-11.050441205947
1.0520000457764	-8.7841004755055
1.0566999912262	-7.0612135067953
1.0614000558853	-5.7142913363202
1.0661000013351	-4.6516587767941
1.0707999467850	-3.8161355463175
1.0755000114441	-3.1669425609088
1.0801999568939	-2.6709327191843
1.0849000215530	-2.2983441937935
1.0895999670029	-2.0212761034965
1.0943000316620	-1.8138138009040
1.0989999771118	-1.6531182180760
1.1037000417709	-1.5208194658738
1.1083999872208	-1.4040944929619
1.1131000518799	-1.2960203147089
1.1177999973297	-1.1949653344075
1.1224999427795	-1.1031246243306
1.1272000074387	-1.0246322058827
1.1318999528885	-0.96364862601707
1.1366000175476	-0.92287096564161
1.1412999629974	-0.90266190138469
1.1460000276566	-0.90086721287523
1.1506999731064	-0.91320661375515
1.1554000377655	-0.93413184169680
1.1600999832153	-0.95791370027677
1.1648000478745	-0.97972228004685
1.1694999933243	-0.99650891988067
1.1742000579834	-1.0074327968813
1.1789000034332	-1.0137835850680
1.1835999488831	-1.0184209869636
1.1883000135422	-1.0249019399152
1.1929999589920	-1.0365379360711
1.1977000236511	-1.0556192783470
1.2023999691010	-1.0829338825378
1.2071000337601	-1.1176946827022
1.2117999792099	-1.1577824521551
1.2165000438690	-1.2002856203441
1.2211999893188	-1.2421611129367
1.2259000539780	-1.2809211925784
1.2305999994278	-1.3151499637532
1.2352999448776	-1.3447514507681
1.2400000095367	-1.3708875181000
1.2446999549866	-1.3956177574220
1.2494000196457	-1.4213550057335
1.2540999650955	-1.4502780638903
1.2588000297546	-1.4838476865596
1.2634999752045	-1.5225303528061
1.2682000398636	-1.5657446530883
1.2728999853134	-1.6120691395667
1.2776000499725	-1.6595915971755
1.2822999954224	-1.7063687929228
1.2869999408722	-1.7508706675849
1.2917000055313	-1.7923183741722
1.2963999509811	-1.8308221509242
1.3011000156403	-1.8673293578384
1.3057999610901	-1.9033555398895
1.3105000257492	-1.9406159228501
1.3151999711990	-1.9806335039682
1.3199000358582	-2.0244053596522
1.3245999813080	-2.0722278601025
1.3293000459671	-2.1236716403278
1.3339999914169	-2.1777287469446
1.3387000560760	-2.2330673044484
1.3434000015259	-2.2883588323870
1.3480999469757	-2.3425829715078
1.3528000116348	-2.3952641263927
1.3574999570847	-2.4465664012578
1.3622000217438	-2.4972521384223
1.3668999671936	-2.5484864804631
1.3716000318527	-2.6015837165684
1.3762999773026	-2.6577158384039
1.3810000419617	-2.7176805817962
1.3856999874115	-2.7817669711369
1.3904000520706	-2.8497251911899
1.3950999975204	-2.9208745324594
1.3997999429703	-2.9942766945713
1.4045000076294	-3.0689768363185
1.4091999530792	-3.1442392785096
1.4139000177383	-3.2197201226683
1.4185999631882	-3.2955635822143
1.4233000278473	-3.3723812776729
1.4279999732971	-3.4511279328131
1.4327000379562	-3.5329097730177
1.4373999834061	-3.6187704940991
1.4421000480652	-3.7095011284762
1.4467999935150	-3.8055058662300
1.4515000581741	-3.9067619714052
1.4562000036240	-4.0128699637936
1.4608999490738	-4.1231745942181
1.4656000137329	-4.2369421212431
1.4702999591827	-4.3535584222757
1.4750000238419	-4.4726937470912
1.4796999692917	-4.5944131708242
1.4844000339508	-4.7191941915829
1.4890999794006	-4.8478707314082
1.4938000440598	-4.9814855971434
1.4984999895096	-5.1211147133986
1.5032000541687	-5.2676806931859
1.5078999996185	-5.4218044576403
1.5125999450684	-5.5837177330465
1.5173000097275	-5.7532570340085
1.5219999551773	-5.9299335456551
1.5267000198364	-6.1130801141238
1.5313999652863	-6.3020323192305
1.5361000299454	-6.4963242381995
1.5407999753952	-6.6958419276598
1.5455000400543	-6.9009135948168
1.5501999855042	-7.1123032345848
1.5549000501633	-7.3311145786049
1.5595999956131	-7.5586165028477
1.5642999410629	-7.7960337954195
1.5690000057220	-8.0443392895972
1.5736999511719	-8.3040948886824
1.5784000158310	-8.5753678574481
1.5830999612808	-8.8577520851700
1.5878000259399	-9.1504911678991
1.5924999713898	-9.4526870913984
1.5972000360489	-9.7635635093520
1.6018999814987	-10.082718943966
1.6066000461578	-10.410332852867
1.6112999916077	-10.747241509152
1.6160000562668	-11.094893305138
1.6207000017166	-11.455156880942
1.6253999471664	-11.830046047361
1.6301000118256	-12.221393124912
1.6347999572754	-12.630560694521
1.6395000219345	-13.058225280651
1.6441999673843	-13.504300739787
1.6489000320435	-13.968047397454
1.6535999774933	-14.448291549312
1.6583000421524	-14.943806768028
1.6629999876022	-15.453758321745
1.6677000522614	-15.978077844836
1.6723999977112	-16.517722789188
1.6770999431610	-17.074683355958
1.6818000078201	-17.651763063127
1.6864999532700	-18.252114197126
1.6912000179291	-18.878586666436
1.6958999633789	-19.532986263428
1.7006000280380	-20.215304465303
1.7052999734879	-20.922949409942
1.7100000381470	-21.650028964935
1.7146999835968	-22.386619764566
1.7194000482559	-23.118106216032
1.7240999937057	-23.824626137923
1.7288000583649	-24.480944175667
1.7335000038147	-25.057343714266
1.7381999492645	-25.522419477538
1.7429000139236	-25.848228664940
1.7475999593735	-26.017108426477
1.7523000240326	-26.027228685806
1.7569999694824	-25.893751593411
1.7617000341415	-25.644486568322
1.7663999795914	-25.312418778449
1.7711000442505	-24.928803877157
1.7757999897003	-24.518883966271
1.7805000543594	-24.100532884641
1.7851999998093	-23.684873029442
1.7898999452591	-23.277862299212
1.7946000099182	-22.882113932607
1.7992999553680	-22.498635817281
1.8040000200272	-22.128096098208
1.8086999654770	-21.771608269443
1.8134000301361	-21.431048534636
1.8180999755859	-21.108899848035
1.8228000402451	-20.807771714414
1.8274999856949	-20.529914310516
1.8322000503540	-20.276692330870
1.8368999958038	-20.048271439435
1.8415999412537	-19.843524712652
1.8463000059128	-19.660178980247
1.8509999513626	-19.495144668472
1.8557000160217	-19.345046751841
1.8603999614716	-19.206772614942
1.8651000261307	-19.077972464583
1.8697999715805	-18.957424938709
1.8745000362396	-18.845134880772
1.8791999816895	-18.742175144458
1.8839000463486	-18.650328964358
1.8885999917984	-18.571588989562
1.8933000564575	-18.507680392538
1.8980000019073	-18.459627542477
1.9026999473572	-18.427556115168
1.9074000120163	-18.410626829702
1.9120999574661	-18.407234510888
1.9168000221252	-18.415268197055
1.9214999675751	-18.432590921515
1.9262000322342	-18.457423144186
1.9308999776840	-18.488728030327
1.9356000423431	-18.526399953143
1.9402999877930	-18.571246343425
1.9450000524521	-18.624832780372
1.9496999979019	-18.689083279332
1.9543999433517	-18.765903792280
1.9591000080109	-18.856782771941
1.9637999534607	-18.962493608409
1.9685000181198	-19.082950639565
1.9731999635696	-19.217207399369
1.9779000282288	-19.363626403905
1.9825999736786	-19.520163167173
1.9873000383377	-19.684710041142
1.9919999837875	-19.855439492509
1.9967000484467	-20.031068128963
2.0013999938965	-20.210973546966
2.0060999393463	-20.395124055672
2.0107998847961	-20.583846824945
2.0155000686646	-20.777463355826
2.0202000141144	-20.975875161993
2.0248999595642	-21.178158334183
2.0295999050140	-21.382253453875
2.0343000888824	-21.584783965726
2.0390000343323	-21.781068122194
2.0436999797821	-21.965260558370
2.0483999252319	-22.130728256917
2.0531001091003	-22.270571945860
2.0578000545502	-22.378184624819
2.0625000000000	-22.447909912906
2.0671999454498	-22.475573594051
2.0718998908997	-22.458912835174
2.0766000747681	-22.397675388542
2.0813000202179	-22.293608504164
2.0859999656677	-22.150076658978
2.0906999111176	-21.971607470107
2.0954000949860	-21.763285842885
2.1001000404358	-21.530278206763
2.1047999858856	-21.277325031775
2.1094999313354	-21.008539993039
2.1142001152039	-20.727319822155
2.1189000606537	-20.436430113132
2.1236000061035	-20.138232897900
2.1282999515533	-19.834927442153
2.1329998970032	-19.528784209841
2.1377000808716	-19.222276833446
2.1424000263214	-18.918073420312
2.1470999717712	-18.618936961103
2.1517999172211	-18.327517094325
2.1565001010895	-18.046104677366
2.1612000465393	-17.776406324144
2.1658999919891	-17.519421901994
2.1705999374390	-17.275374101778
2.1752998828888	-17.043773964672
2.1800000667572	-16.823618473785
2.1847000122070	-16.613618146474
2.1893999576569	-16.412491585054
2.1940999031067	-16.219217807163
2.1988000869751	-16.033232314462
2.2035000324249	-15.854499668801
2.2081999778748	-15.683480326871
2.2128999233246	-15.520957406611
2.2176001071930	-15.367834946003
2.2223000526428	-15.224892482960
2.2269999980927	-15.092573519677
2.2316999435425	-14.970857342726
2.2363998889923	-14.859239622446
2.2411000728607	-14.756798384373
2.2458000183105	-14.662350821900
2.2504999637604	-14.574688715144
2.2551999092102	-14.492774235903
2.2599000930786	-14.415942635793
2.2646000385284	-14.343975357122
2.2692999839783	-14.277120960775
2.2739999294281	-14.215977875240
2.2787001132965	-14.161313711497
2.2834000587463	-14.113866442462
2.2881000041962	-14.074145496404
2.2927999496460	-14.042294717753
2.2974998950958	-14.018038837526
2.3022000789642	-14.000731445382
2.3069000244141	-13.989478464643
2.3115999698639	-13.983312028161
2.3162999153137	-13.981399904128
2.3210000991821	-13.983206055854
2.3257000446320	-13.988591486357
2.3303999900818	-13.997837630145
2.3350999355316	-14.011549175406
2.3397998809814	-14.030523547899
2.3445000648499	-14.055542524644
2.3492000102997	-14.087200907904
2.3538999557495	-14.125771928147
2.3585999011993	-14.171141680123
2.3633000850677	-14.222837358455
2.3680000305176	-14.280136100031
2.3726999759674	-14.342223445271
2.3773999214172	-14.408383972604
2.3821001052856	-14.478169441895
2.3868000507355	-14.551491999992
2.3914999961853	-14.628682102898
2.3961999416351	-14.710384548107
2.4008998870850	-14.797456855798
2.4056000709534	-14.890766907086
2.4103000164032	-14.991024938978
2.4149999618530	-15.098633788996
2.4196999073029	-15.213610640430
2.4244000911713	-15.335595396296
2.4291000366211	-15.463938828145
2.4337999820709	-15.597855076731
2.4384999275208	-15.736596550662
2.4432001113892	-15.879633571621
2.4479000568390	-16.026773501340
2.4526000022888	-16.178226994246
2.4572999477386	-16.334542206715
2.4619998931885	-16.496486716933
2.4667000770569	-16.664885410501
2.4714000225067	-16.840401954355
2.4760999679565	-17.023363072257
2.4807999134064	-17.213646973282
2.4855000972748	-17.410646253335
2.4902000427246	-17.613298432924
2.4948999881744	-17.820202827587
2.4995999336243	-18.029786414194
2.5043001174927	-18.240472056737
2.5090000629425	-18.450821513394
2.5137000083923	-18.659618638687
2.5183999538422	-18.865837983991
2.5230998992920	-19.068561446187
2.5278000831604	-19.266792468902
2.5325000286102	-19.459251322105
2.5371999740601	-19.644180012368
2.5418999195099	-19.819208503684
2.5466001033783	-19.981302159297
2.5513000488281	-20.126835955337
2.5559999942780	-20.251788632504
2.5606999397278	-20.352020580552
2.5653998851776	-20.423645173081
2.5701000690460	-20.463393477167
2.5748000144958	-20.468944515076
2.5794999599457	-20.439159207459
2.5841999053955	-20.374161804385
2.5889000892639	-20.275278790151
2.5936000347137	-20.144832982376
2.5982999801636	-19.985848339479
2.6029999256134	-19.801711676905
2.6077001094818	-19.595852921470
2.6124000549316	-19.371495218835
2.6171000003815	-19.131494634164
2.6217999458313	-18.878295486734
2.6264998912811	-18.613978018656
2.6312000751495	-18.340394661653
2.6359000205994	-18.059276206319
2.6405999660492	-17.772397775687
2.6452999114990	-17.481629484934
2.6500000953674	-17.188963822350
2.6547000408173	-16.896416088614
2.6593999862671	-16.605938918288
2.6640999317169	-16.319233401372
2.6688001155853	-16.037645532723
2.6735000610352	-15.762057669360
2.6782000064850	-15.492878703184
2.6828999519348	-15.230057032025
2.6875998973846	-14.973220689476
2.6923000812531	-14.721822777743
2.6970000267029	-14.475303606132
2.7016999721527	-14.233264798121
2.7063999176025	-13.995546341020
2.7111001014709	-13.762290804344
2.7158000469208	-13.533866374319
2.7204999923706	-13.310810305628
2.7251999378204	-13.093664814916
2.7298998832703	-12.882844129997
2.7346000671387	-12.678536579699
2.7393000125885	-12.480637972331
2.7439999580383	-12.288762423176
2.7486999034882	-12.102308290124
2.7534000873566	-11.920570216770
2.7581000328064	-11.742876600411
2.7627999782562	-11.568705599105
2.7674999237061	-11.397776559185
2.7722001075745	-11.230068772518
2.7769000530243	-11.065797535862
2.7815999984741	-10.905314030798
2.7862999439240	-10.749008027869
2.7909998893738	-10.597169013961
2.7957000732422	-10.449897735271
2.8004000186920	-10.307070033405
2.8050999641418	-10.168334052773
2.8097999095917	-10.033169329418
2.8145000934601	-9.9009973341614
2.8192000389099	-9.7712829035157
2.8238999843597	-9.6436458141418
2.8285999298096	-9.5179190839065
2.8333001136780	-9.3941620984215
2.8380000591278	-9.2726220825804
2.8427000045776	-9.1536451528788
2.8473999500275	-9.0375799073232
2.8520998954773	-8.9246667522788
2.8568000793457	-8.8149753216597
2.8615000247955	-8.7083615463176
2.8661999702454	-8.6045086783635
2.8708999156952	-8.5029678870079
2.8756000995636	-8.4032779971036
2.8803000450134	-8.3050427728536
2.8849999904633	-8.2080282533143
2.8896999359131	-8.1121962745522
2.8943998813629	-8.0176955076966
2.8991000652313	-7.9248214870307
2.9038000106812	-7.8339242712834
2.9084999561310	-7.7453146486034
2.9131999015808	-7.6591794277237
2.9179000854492	-7.5755352660108
2.9226000308990	-7.4942140984685
2.9272999763489	-7.4149001213314
2.9319999217987	-7.3372027773777
2.9367001056671	-7.2607528069021
2.9414000511169	-7.1852726902028
2.9460999965668	-7.1106418810125
2.9507999420166	-7.0369298549458
2.9554998874664	-6.9643528772015
2.9602000713348	-6.8932236745864
2.9649000167847	-6.8238688063010
2.9695999622345	-6.7565411834267
2.9742999076843	-6.6913568235618
2.9790000915527	-6.6282655466246
2.9837000370026	-6.5670540763953
2.9883999824524	-6.5074104465229
2.9930999279022	-6.4489872986569
2.9978001117706	-6.3914842479396
3.0025000572205	-6.3347256827328
3.0072000026703	-6.2786908576837
3.0118999481201	-6.2235144581719
3.0165998935699	-6.1694519060329
3.0213000774384	-6.1168128298240
3.0260000228882	-6.0658683272377
3.0306999683380	-6.0168012315645
3.0353999137878	-5.9696374356689
3.0401000976562	-5.9242592064552
3.0448000431061	-5.8804185963787
3.0494999885559	-5.8377983008432
3.0541999340057	-5.7960928572991
3.0589001178741	-5.7550796865583
3.0636000633240	-5.7146643719142
3.0683000087738	-5.6749065316903
3.0729999542236	-5.6359948248638
3.0776998996735	-5.5981981808852
3.0824000835419	-5.5617969237867
3.0871000289917	-5.5270018356991
3.0917999744415	-5.4939111959645
3.0964999198914	-5.4624742533873
3.1012001037598	-5.4325071633556
3.1059000492096	-5.4037330779585
3.1105999946594	-5.3758525787817
3.1152999401093	-5.3486096543054
3.1199998855591	-5.3218529308402
3.1247000694275	-5.2955712178963
3.1294000148773	-5.2698895424316
3.1340999603271	-5.2450390770305
3.1387999057770	-5.2212823056757
3.1435000896454	-5.1988566079080
3.1482000350952	-5.1779084383121
3.1528999805450	-5.1584472257319
3.1575999259949	-5.1403491675487
3.1623001098633	-5.1233846553793
3.1670000553131	-5.1072594477554
3.1717000007629	-5.0916985284493
3.1763999462128	-5.0765075222320
3.1810998916626	-5.0616065320236
3.1858000755310	-5.0470604341829
3.1905000209808	-5.0330473807119
3.1951999664307	-5.0198043489672
3.1998999118805	-5.0075846785935
3.2046000957489	-4.9965595584746
3.2093000411987	-4.9867958152133
3.2139999866486	-4.9782199184615
3.2186999320984	-4.9706350933433
3.2234001159668	-4.9637655776027
3.2281000614166	-4.9573196219178
3.2328000068665	-4.9510467391176
3.2374999523163	-4.9448090971131
3.2421998977661	-4.9385918492148
3.2469000816345	-4.9325059368808
3.2516000270844	-4.9267504561978
3.2562999725342	-4.9215509259073
3.2609999179840	-4.9170963725641
3.2657001018524	-4.9134731032232
3.2704000473022	-4.9106353922533
3.2750999927521	-4.9084085404313
3.2797999382019	-4.9065128074259
3.2844998836517	-4.9046224595757
3.2892000675201	-4.9024269450896
3.2939000129700	-4.8997022928871
3.2985999584198	-4.8963404919661
3.3032999038696	-4.8923567781866
3.3080000877380	-4.8878729452243
3.3127000331879	-4.8830551010454
3.3173999786377	-4.8780521708322
3.3220999240875	-4.8729328262524
3.3268001079559	-4.8676426132503
3.3315000534058	-4.8619876701065
3.3361999988556	-4.8556518233897
3.3408999443054	-4.8482569830182
3.3455998897552	-4.8394177526375
3.3503000736237	-4.8288146459497
3.3550000190735	-4.8162390592413
3.3596999645233	-4.8016154067923
3.3643999099731	-4.7849854332614
3.3691000938416	-4.7664686485211
3.3738000392914	-4.7461938726292
3.3784999847412	-4.7242402384798
3.3831999301910	-4.7005866172835
3.3879001140594	-4.6750876740152
3.3926000595093	-4.6474942167360
3.3973000049591	-4.6174929974491
3.4019999504089	-4.5847755749817
3.4066998958588	-4.5491064463740
3.4114000797272	-4.5103799959937
3.4161000251770	-4.4686495126230
3.4207999706268	-4.4241192645087
3.4254999160767	-4.3771105955407
3.4302000999451	-4.3280013410187
3.4349000453949	-4.2771549014497
3.4395999908447	-4.2248780862473
3.4442999362946	-4.1713830635709
3.4489998817444	-4.1167898177420
3.4537000656128	-4.0611606880751
3.4584000110626	-4.0045515128778
3.4630999565125	-3.9470704411989
3.4677999019623	-3.8889269072623
3.4725000858307	-3.8304538168559
3.4772000312805	-3.7721034929041
3.4818999767303	-3.7144134458556
3.4865999221802	-3.6579483647537
3.4913001060486	-3.6032399565637
3.4960000514984	-3.5507310919193
3.5006999969482	-3.5007334215552
3.5053999423981	-3.4534251318957
3.5100998878479	-3.4088758403736
3.5148000717163	-3.3670706715078
3.5195000171661	-3.3279839383525
3.5241999626160	-3.2916119896693
3.5288999080658	-3.2580181396684
3.5336000919342	-3.2273431212419
3.5383000373840	-3.1997881932633
3.5429999828339	-3.1755891560563
3.5476999282837	-3.1549590854188
3.5524001121521	-3.1380462310629
3.5571000576019	-3.1249021111111
3.5618000030518	-3.1154587314315
3.5664999485016	-3.1095424430152
3.5711998939514	-3.1069055257590
3.5759000778198	-3.1072704073521
3.5806000232697	-3.1103795477442
3.5852999687195	-3.1160438770897
3.5899999141693	-3.1241628267034
3.5947000980377	-3.1347339933080
3.5994000434875	-3.1478225860630
3.6040999889374	-3.1635343845341
3.6087999343872	-3.1819595427274
3.6135001182556	-3.2031300618486
3.6182000637054	-3.2269961141432
3.6229000091553	-3.2534077982545
3.6275999546051	-3.2821400690730
3.6322999000549	-3.3129196233072
3.6370000839233	-3.3454768011156
3.6417000293732	-3.3795932765472
3.6463999748230	-3.4151371921116
3.6510999202728	-3.4520774519838
3.6558001041412	-3.4904825932732
3.6605000495911	-3.5304847728741
3.6651999950409	-3.5722318602170
3.6698999404907	-3.6158467607069
3.6745998859406	-3.6613733304374
3.6793000698090	-3.7087564979569
3.6840000152588	-3.7578448089947
3.6886999607086	-3.8084136988546
3.6933999061584	-3.8602017615028
3.6981000900269	-3.9129761332804
3.7028000354767	-3.9665667905903
3.7074999809265	-4.0209058471055
3.7121999263763	-4.0760315665795
3.7169001102448	-4.1320728670143
3.7216000556946	-4.1892025856348
3.7263000011444	-4.2475821187715
3.7309999465942	-4.3073142807450
3.7356998920441	-4.3683975007676
3.7404000759125	-4.4307103258304
3.7451000213623	-4.4940305720453
3.7497999668121	-4.5580606906720
3.7544999122620	-4.6224957859747
3.7592000961304	-4.6870748549071
3.7639000415802	-4.7516319773466
3.7685999870300	-4.8161133484032
3.7732999324799	-4.8805817819448
3.7780001163483	-4.9451731941969
3.7827000617981	-5.0100387121302
3.7874000072479	-5.0752828838579
3.7920999526978	-5.1409107308483
3.7967998981476	-5.2067904193075
3.8015000820160	-5.2726585883431
3.8062000274658	-5.3381484932793
3.8108999729156	-5.4028505373670
3.8155999183655	-5.4663857611955
3.8203001022339	-5.5284653575005
3.8250000476837	-5.5889335035762
3.8296999931335	-5.6477823600504
3.8343999385834	-5.7051121434162
3.8390998840332	-5.7610774379907
3.8438000679016	-5.8158131232582
3.8485000133514	-5.8693630994164
3.8531999588013	-5.9216288369846
3.8578999042511	-5.9723703342152
3.8626000881195	-6.0212238077631
3.8673000335693	-6.0677703248003
3.8719999790192	-6.1116211562347
3.8766999244690	-6.1524895334833
3.8814001083374	-6.1902608245724
3.8861000537872	-6.2249948798343
3.8907999992371	-6.2569148494050
3.8954999446869	-6.2863318328114
3.9001998901367	-6.3135626852464
3.9049000740051	-6.3388468740519
3.9096000194550	-6.3622842383371
3.9142999649048	-6.3838113018279
3.9189999103546	-6.4032302602591
3.9237000942230	-6.4202750200662
3.9284000396729	-6.4346898103943
3.9330999851227	-6.4463319279261
3.9377999305725	-6.4552211479950
3.9425001144409	-6.4615790439167
3.9472000598907	-6.4657908953787
3.9519000053406	-6.4683462046681
3.9565999507904	-6.4697451124677
3.9612998962402	-6.4704013973932
3.9660000801086	-6.4705815699456
3.9707000255585	-6.4703617935899
3.9753999710083	-6.4696554810888
3.9800999164581	-6.4682715075215
3.9848001003265	-6.4659986657993
3.9895000457764	-6.4627013993822
3.9941999912262	-6.4583910497416
3.9988999366760	-6.4532586600842
4.0036001205444	-6.4476674628118
4.0082998275757	-6.4420869344767
4.0130000114441	-6.4370069494336
4.0177001953125	-6.4328504141176
4.0223999023438	-6.4298871221301
4.0271000862122	-6.4282006741567
4.0317997932434	-6.4276870231812
4.0364999771118	-6.4281129975270
4.0412001609802	-6.4291928637764
4.0458998680115	-6.4306804457438
4.0506000518799	-6.4324602716056
4.0553002357483	-6.4345888123628
4.0599999427795	-6.4372977607901
4.0647001266479	-6.4409543196042
4.0693998336792	-6.4459845254760
4.0741000175476	-6.4527687599593
4.0788002014160	-6.4615695204172
4.0834999084473	-6.4724668572040
4.0882000923157	-6.4853466412585
4.0928997993469	-6.4999390809683
4.0975999832153	-6.5158867494203
4.1023001670837	-6.5328436011219
4.1069998741150	-6.5505625525788
4.1117000579834	-6.5689645677932
4.1163997650146	-6.5881667814897
4.1210999488831	-6.6084515518528
4.1258001327515	-6.6301984972045
4.1304998397827	-6.6537975427065
4.1352000236511	-6.6795418749903
4.1399002075195	-6.7075619334284
4.1445999145508	-6.7377834326039
4.1493000984192	-6.7699423549718
4.1539998054504	-6.8036482265845
4.1586999893188	-6.8384758333765
4.1634001731873	-6.8740710933953
4.1680998802185	-6.9102364351598
4.1728000640869	-6.9469825740997
4.1774997711182	-6.9845290193428
4.1821999549866	-7.0232485973253
4.1869001388550	-7.0635795967179
4.1915998458862	-7.1059118544008
4.1963000297546	-7.1504955802868
4.2010002136230	-7.1973782702656
4.2056999206543	-7.2463919455182
4.2104001045227	-7.2972051673915
4.2150998115540	-7.3494094700518
4.2197999954224	-7.4026330859898
4.2245001792908	-7.4566622805861
4.2291998863220	-7.5115121021534
4.2339000701904	-7.5674638036916
4.2385997772217	-7.6250296829149
4.2432999610901	-7.6848601531276
4.2480001449585	-7.7476299338801
4.2526998519897	-7.8139093586785
4.2574000358582	-7.8840638342849
4.2621002197266	-7.9582019776685
4.2667999267578	-8.0361819429219
4.2715001106262	-8.1176788527034
4.2761998176575	-8.2022937918700
4.2809000015259	-8.2896745399198
4.2856001853943	-8.3796288618109
4.2902998924255	-8.4721810677277
4.2950000762939	-8.5675753445194
4.2996997833252	-8.6662115029885
4.3043999671936	-8.7685239492183
4.3091001510620	-8.8748448324784
4.3137998580933	-8.9852743494290
4.3185000419617	-9.0995989818337
4.3232002258301	-9.2172826448579
4.3278999328613	-9.3375266801729
4.3326001167297	-9.4594099050211
4.3372998237610	-9.5820649703645
4.3420000076294	-9.7048507185821
4.3467001914978	-9.8274838421305
4.3513998985291	-9.9500845145506
4.3561000823975	-10.073130919564
4.3607997894287	-10.197310365576
4.3654999732971	-10.323324493593
4.3702001571655	-10.451684367390
4.3748998641968	-10.582546155319
4.3796000480652	-10.715639446176
4.3843002319336	-10.850303475342
4.3889999389648	-10.985632170304
4.3937001228333	-11.120685862553
4.3983998298645	-11.254743375076
4.4031000137329	-11.387490076225
4.4078001976013	-11.519126449613
4.4124999046326	-11.650330526723
4.4172000885010	-11.782090636689
4.4218997955322	-11.915448900011
4.4265999794006	-12.051217997874
4.4313001632690	-12.189740800640
4.4359998703003	-12.330759650115
4.4407000541687	-12.473439770947
4.4454002380371	-12.616539324689
4.4500999450684	-12.758699014253
4.4548001289368	-12.898783696755
4.4594998359680	-13.036174558925
4.4642000198364	-13.170946084220
4.4689002037048	-13.303837288008
4.4735999107361	-13.436050184913
4.4783000946045	-13.568893159904
4.4829998016357	-13.703383177101
4.4876999855042	-13.839897594269
4.4924001693726	-13.977983496946
4.4970998764038	-14.116371346096
4.5018000602722	-14.253206583144
4.5064997673035	-14.386458798834
4.5111999511719	-14.514406597434
4.5159001350403	-14.636060589733
4.5205998420715	-14.751402313260
4.5253000259399	-14.861337519332
4.5300002098083	-14.967393432129
4.5346999168396	-15.071199693363
4.5394001007080	-15.173927141859
4.5440998077393	-15.275843942805
4.5487999916077	-15.376078138080
4.5535001754761	-15.472708174848
4.5581998825073	-15.563154904308
4.5629000663757	-15.644776816074
4.5675997734070	-15.715552874688
4.5722999572754	-15.774600679917
4.5770001411438	-15.822399363900
4.5816998481750	-15.860609183736
4.5864000320435	-15.891537613984
4.5911002159119	-15.917430818589
4.5957999229431	-15.939769987205
4.6005001068115	-15.958812504580
4.6051998138428	-15.973476490240
4.6098999977112	-15.981612090232
4.6146001815796	-15.980609036778
4.6192998886108	-15.968177728035
4.6240000724792	-15.943066691924
4.6286997795105	-15.905502570694
4.6333999633789	-15.857212812415
4.6381001472473	-15.800988905043
4.6427998542786	-15.739994451116
4.6475000381470	-15.676944372772
4.6522002220154	-15.613478413804
4.6568999290466	-15.549837339612
4.6616001129150	-15.484941684006
4.6662998199463	-15.416789451377
4.6710000038147	-15.343161963773
4.6757001876831	-15.262365326503
4.6803998947144	-15.173831453208
4.6851000785828	-15.078396510685
4.6897997856140	-14.978179817897
4.6944999694824	-14.876079233134
4.6992001533508	-14.775116281785
4.7038998603821	-14.677708968730
4.7086000442505	-14.585190807425
4.7133002281189	-14.497576880824
4.7179999351501	-14.413683521240
4.7227001190186	-14.331566195666
4.7273998260498	-14.249108847320
4.7321000099182	-14.164684628901
4.7368001937866	-14.077674938760
4.7414999008179	-13.988691212290
4.7462000846863	-13.899493261356
4.7508997917175	-13.812545582488
4.7555999755859	-13.730442822395
4.7603001594543	-13.655295910213
4.7649998664856	-13.588246852288
4.7697000503540	-13.529248026740
4.7744002342224	-13.477127073722
4.7790999412537	-13.429905999528
4.7838001251221	-13.385346429308
4.7884998321533	-13.341528907099
4.7932000160217	-13.297389474695
4.7979001998901	-13.252990145864
4.8025999069214	-13.209528754146
4.8073000907898	-13.168998730694
4.8119997978210	-13.133654166795
4.8166999816895	-13.105429766506
4.8214001655579	-13.085388314233
4.8260998725891	-13.073420626785
4.8308000564575	-13.068210364725
4.8354997634888	-13.067484359758
4.8401999473572	-13.068510662453
4.8449001312256	-13.068715560247
4.8495998382568	-13.066289860660
4.8543000221252	-13.060622350438
4.8590002059937	-13.052371932009
4.8636999130249	-13.043249226422
4.8684000968933	-13.035451323034
4.8730998039246	-13.031028228211
4.8777999877930	-13.031235422135
4.8825001716614	-13.036127338459
4.8871998786926	-13.044428240058
4.8919000625610	-13.053785952312
4.8965997695923	-13.061283872689
4.9012999534607	-13.064170256931
4.9060001373291	-13.060570400139
4.9106998443604	-13.049996622602
4.9154000282288	-13.033503067629
4.9201002120972	-13.013412612087
4.9247999191284	-12.992702122831
4.9295001029968	-12.974202429211
4.9341998100281	-12.959893360386
4.9388999938965	-12.950381074667
4.9436001777649	-12.944756822624
4.9482998847961	-12.940823833911
4.9530000686646	-12.935689959366
4.9576997756958	-12.926499957148
4.9623999595642	-12.911251033616
4.9671001434326	-12.889319252777
4.9717998504639	-12.861623027828
4.9765000343323	-12.830311163721
4.9812002182007	-12.798072240267
4.9858999252319	-12.767259189059
4.9906001091003	-12.739066652276
4.9952998161316	-12.712961721908
5.0000000000000	-12.686541816737
#Parameters = {R_fat=48; R_glandular=38; R_skin_outer=50; T10=5; T15=7.5; T5=2.5; T_rad=4; T_x=10; T_y=0; T_z=75; Zc=65; skin_thickness=2; Mesh Pass=4}
#"Frequency / GHz"	"S1,1 (Mesh Pass=4) [Magnitude / dB]"
#-------------------------------------------------------
0.30000001192093	-19.694923356515
0.30469998717308	-19.270954004919
0.30939999222755	-18.592981396788
0.31409999728203	-17.945566667543
0.31880000233650	-17.514053503204
0.32350000739098	-17.400766441151
0.32820001244545	-17.673088566532
0.33289998769760	-18.401066801119
0.33759999275208	-19.683800896811
0.34229999780655	-21.641291343841
0.34700000286102	-24.106049918234
0.35170000791550	-24.980221623480
0.35640001296997	-22.142478057961
0.36109998822212	-18.563926376654
0.36579999327660	-15.613163130101
0.37049999833107	-13.296129022098
0.37520000338554	-11.488056340412
0.37990000844002	-10.097838021976
0.38460001349449	-9.0647298350098
0.38929998874664	-8.3440474434117
0.39399999380112	-7.8982877654569
0.39869999885559	-7.6936370500787
0.40340000391006	-7.6998355827138
0.40810000896454	-7.8911997567423
0.41280001401901	-8.2472239814623
0.41749998927116	-8.7518098966105
0.42219999432564	-9.3903915133541
0.42689999938011	-10.144091588525
0.43160000443459	-10.979690310730
0.43630000948906	-11.835470511639
0.44100001454353	-12.609598991865
0.44569998979568	-13.171976514286
0.45039999485016	-13.421598403124
0.45509999990463	-13.358046164540
0.45980000495911	-13.084438680512
0.46450001001358	-12.737023798537
0.46919998526573	-12.423229107687
0.47389999032021	-12.205637454692
0.47859999537468	-12.111356836813
0.48330000042915	-12.144333763060
0.48800000548363	-12.292709001533
0.49270001053810	-12.530937925962
0.49739998579025	-12.818964387992
0.50209999084473	-13.102267416138
0.50679999589920	-13.318258633173
0.51150000095367	-13.412807946904
0.51620000600815	-13.361662826814
0.52090001106262	-13.181395674409
0.52560001611710	-12.919790861713
0.53030002117157	-12.634149594224
0.53500002622604	-12.373302861588
0.53969997167587	-12.169934057462
0.54439997673035	-12.040263899303
0.54909998178482	-11.986264469642
0.55379998683929	-11.997651346097
0.55849999189377	-12.053220064364
0.56319999694824	-12.122621190005
0.56790000200272	-12.170375614044
0.57260000705719	-12.163325697733
0.57730001211166	-12.080115931370
0.58200001716614	-11.918192875197
0.58670002222061	-11.693871091854
0.59140002727509	-11.435409959427
0.59609997272491	-11.173611113856
0.60079997777939	-10.934442958943
0.60549998283386	-10.735276594807
0.61019998788834	-10.583853476678
0.61489999294281	-10.478600118245
0.61959999799728	-10.409526217111
0.62430000305176	-10.359714653914
0.62900000810623	-10.307950891351
0.63370001316071	-10.232823210785
0.63840001821518	-10.117816676451
0.64310002326965	-9.9557277283656
0.64780002832413	-9.7503747389296
0.65249997377396	-9.5147765773601
0.65719997882843	-9.2668621754053
0.66189998388290	-9.0247261424169
0.66659998893738	-8.8029975942486
0.67129999399185	-8.6107471089147
0.67599999904633	-8.4506903910129
0.68070000410080	-8.3192598158362
0.68540000915527	-8.2074250368424
0.69010001420975	-8.1022900850117
0.69480001926422	-7.9895900542677
0.69950002431870	-7.8567946294917
0.70420002937317	-7.6960812282441
0.70889997482300	-7.5061846251416
0.71359997987747	-7.2923781680886
0.71829998493195	-7.0647202487831
0.72299998998642	-6.8353246910228
0.72769999504089	-6.6156371896151
0.73240000009537	-6.4143289263207
0.73710000514984	-6.2360043091600
0.74180001020432	-6.0806933840583
0.74650001525879	-5.9440315064140
0.75120002031326	-5.8181366928186
0.75590002536774	-5.6931607508668
0.76059997081757	-5.5593640054146
0.76529997587204	-5.4093232578557
0.76999998092651	-5.2396476834655
0.77469998598099	-5.0516845881694
0.77939999103546	-4.8510038454670
0.78409999608994	-4.6459109635699
0.78880000114441	-4.4455086620244
0.79350000619888	-4.2578441452923
0.79820001125336	-4.0884544700507
0.80290001630783	-3.9394747229782
0.80760002136230	-3.8093628129230
0.81230002641678	-3.6932423182093
0.81699997186661	-3.5838860610763
0.82169997692108	-3.4732420682821
0.82639998197556	-3.3542237047897
0.83109998703003	-3.2223933420241
0.83579999208450	-3.0770237610750
0.84049999713898	-2.9212623698585
0.84520000219345	-2.7613779157230
0.84990000724792	-2.6053285397060
0.85460001230240	-2.4610965922156
0.85930001735687	-2.3351192562751
0.86400002241135	-2.2311040115296
0.86870002746582	-2.1493827978337
0.87339997291565	-2.0868794544337
0.87809997797012	-2.0377414345382
0.88279998302460	-1.9945882312233
0.88749998807907	-1.9501972245919
0.89219999313354	-1.8992725917331
0.89689999818802	-1.8398769614578
0.90160000324249	-1.7740897736101
0.90630000829697	-1.7077311895495
0.91100001335144	-1.6492185025035
0.91570001840591	-1.6078981088662
0.92040002346039	-1.5922566159672
0.92510002851486	-1.6084029744200
0.92979997396469	-1.6590475613500
0.93449997901917	-1.7431820313008
0.93919998407364	-1.8565016455776
0.94389998912811	-1.9925797522550
0.94859999418259	-2.1446880777711
0.95329999923706	-2.3079907483949
0.95800000429153	-2.4817130802869
0.96270000934601	-2.6707320829085
0.96740001440048	-2.8862039832194
0.97210001945496	-3.1451082491749
0.97680002450943	-3.4689785738796
0.98150002956390	-3.8825129795808
0.98619997501373	-4.4127645449568
0.99089998006821	-5.0896128217760
0.99559998512268	-5.9483102661301
1.0003000497818	-7.0351338312558
1.0049999952316	-8.4186828107499
1.0096999406815	-10.213608996056
1.0144000053406	-12.638535593196
1.0190999507904	-16.195562792661
1.0238000154495	-22.512173654103
1.0284999608994	-33.111403544564
1.0332000255585	-20.301899588630
1.0378999710083	-14.922227440800
1.0426000356674	-11.644695253462
1.0472999811172	-9.3254184750617
1.0520000457764	-7.5691329669043
1.0566999912262	-6.1939736832946
1.0614000558853	-5.1011440134737
1.0661000013351	-4.2298104223306
1.0707999467850	-3.5379305436467
1.0755000114441	-2.9930349233378
1.0801999568939	-2.5676929299397
1.0849000215530	-2.2375305869216
1.0895999670029	-1.9806962398502
1.0943000316620	-1.7781642898021
1.0989999771118	-1.6143219708684
1.1037000417709	-1.4774683077013
1.1083999872208	-1.3599167555871
1.1131000518799	-1.2576198066245
1.1177999973297	-1.1693386563424
1.1224999427795	-1.0955656308854
1.1272000074387	-1.0374100098107
1.1318999528885	-0.99567404341115
1.1366000175476	-0.97024301135432
1.1412999629974	-0.95984698430642
1.1460000276566	-0.96216911629947
1.1506999731064	-0.97418391736779
1.1554000377655	-0.99265985383552
1.1600999832153	-1.0146767028034
1.1648000478745	-1.0380238730111
1.1694999933243	-1.0614677798535
1.1742000579834	-1.0847707271594
1.1789000034332	-1.1085125663124
1.1835999488831	-1.1337754960832
1.1883000135422	-1.1617681439789
1.1929999589920	-1.1934772214973
1.1977000236511	-1.2294363168314
1.2023999691010	-1.2695991294843
1.2071000337601	-1.3133927756113
1.2117999792099	-1.3598626313440
1.2165000438690	-1.4078907797066
1.2211999893188	-1.4564302520311
1.2259000539780	-1.5047013345346
1.2305999994278	-1.5523143135649
1.2352999448776	-1.5992936517193
1.2400000095367	-1.6460088978755
1.2446999549866	-1.6930447767568
1.2494000196457	-1.7410352491955
1.2540999650955	-1.7905088146652
1.2588000297546	-1.8417781329325
1.2634999752045	-1.8948921694323
1.2682000398636	-1.9496502335297
1.2728999853134	-2.0056694567544
1.2776000499725	-2.0624929249064
1.2822999954224	-2.1196924377145
1.2869999408722	-2.1769636124505
1.2917000055313	-2.2341826243161
1.2963999509811	-2.2914100015022
1.3011000156403	-2.3488661296832
1.3057999610901	-2.4068607126592
1.3105000257492	-2.4657259665214
1.3151999711990	-2.5257374706693
1.3199000358582	-2.5870713846620
1.3245999813080	-2.6497814084797
1.3293000459671	-2.7138090682273
1.3339999914169	-2.7790202806927
1.3387000560760	-2.8452523062272
1.3434000015259	-2.9123704588419
1.3480999469757	-2.9803001463446
1.3528000116348	-3.0490548862306
1.3574999570847	-3.1187302907597
1.3622000217438	-3.1894933416452
1.3668999671936	-3.2615417434029
1.3716000318527	-3.3350748482434
1.3762999773026	-3.4102605529286
1.3810000419617	-3.4872173500185
1.3856999874115	-3.5660079391455
1.3904000520706	-3.6466533586276
1.3950999975204	-3.7291546807959
1.3997999429703	-3.8135139737456
1.4045000076294	-3.8997602686674
1.4091999530792	-3.9879661819477
1.4139000177383	-4.0782512418514
1.4185999631882	-4.1707706690701
1.4233000278473	-4.2657072229611
1.4279999732971	-4.3632495038818
1.4327000379562	-4.4635653467348
1.4373999834061	-4.5668007245795
1.4421000480652	-4.6730713641901
1.4467999935150	-4.7824626939087
1.4515000581741	-4.8950505478656
1.4562000036240	-5.0109168829070
1.4608999490738	-5.1301643809613
1.4656000137329	-5.2529333254593
1.4702999591827	-5.3794045335258
1.4750000238419	-5.5097927888449
1.4796999692917	-5.6443386925658
1.4844000339508	-5.7832874835135
1.4890999794006	-5.9268689284552
1.4938000440598	-6.0752809941218
1.4984999895096	-6.2286841049436
1.5032000541687	-6.3871995458996
1.5078999996185	-6.5509193645105
1.5125999450684	-6.7199280531442
1.5173000097275	-6.8943238103176
1.5219999551773	-7.0742396619110
1.5267000198364	-7.2598602803578
1.5313999652863	-7.4514235421623
1.5361000299454	-7.6492199312094
1.5407999753952	-7.8535671164707
1.5455000400543	-8.0647854395632
1.5501999855042	-8.2831707681859
1.5549000501633	-8.5089606976014
1.5595999956131	-8.7423225558609
1.5642999410629	-8.9833459287741
1.5690000057220	-9.2320561557707
1.5736999511719	-9.4884409288857
1.5784000158310	-9.7524827606924
1.5830999612808	-10.024202488790
1.5878000259399	-10.303690256574
1.5924999713898	-10.591125852253
1.5972000360489	-10.886779197745
1.6018999814987	-11.190985098981
1.6066000461578	-11.504103663250
1.6112999916077	-11.826466575440
1.6160000562668	-12.158314058614
1.6207000017166	-12.499744766366
1.6253999471664	-12.850682563083
1.6301000118256	-13.210871258754
1.6347999572754	-13.579888326270
1.6395000219345	-13.957184949961
1.6441999673843	-14.342150941313
1.6489000320435	-14.734164303976
1.6535999774933	-15.132632820085
1.6583000421524	-15.537006134920
1.6629999876022	-15.946737155452
1.6677000522614	-16.361217104656
1.6723999977112	-16.779643610373
1.6770999431610	-17.200897764930
1.6818000078201	-17.623386029158
1.6864999532700	-18.044938537571
1.6912000179291	-18.462708686351
1.6958999633789	-18.873162396871
1.7006000280380	-19.272148316670
1.7052999734879	-19.655008478897
1.7100000381470	-20.016828553179
1.7146999835968	-20.352683449746
1.7194000482559	-20.657973391648
1.7240999937057	-20.928737134541
1.7288000583649	-21.161933013418
1.7335000038147	-21.355658118898
1.7381999492645	-21.509259554529
1.7429000139236	-21.623323989611
1.7475999593735	-21.699545677558
1.7523000240326	-21.740490078326
1.7569999694824	-21.749338199282
1.7617000341415	-21.729582748916
1.7663999795914	-21.684832159400
1.7711000442505	-21.618646448089
1.7757999897003	-21.534461875278
1.7805000543594	-21.435608044704
1.7851999998093	-21.325334048673
1.7898999452591	-21.206850275887
1.7946000099182	-21.083321008368
1.7992999553680	-20.957833031020
1.8040000200272	-20.833270988422
1.8086999654770	-20.712234394636
1.8134000301361	-20.596877238972
1.8180999755859	-20.488817900253
1.8228000402451	-20.389097133757
1.8274999856949	-20.298176086543
1.8322000503540	-20.216030484123
1.8368999958038	-20.142316448362
1.8415999412537	-20.076520633126
1.8463000059128	-20.018190488861
1.8509999513626	-19.967072431117
1.8557000160217	-19.923238536469
1.8603999614716	-19.887103803422
1.8651000261307	-19.859418992775
1.8697999715805	-19.841106378239
1.8745000362396	-19.833127759181
1.8791999816895	-19.836320152275
1.8839000463486	-19.851253751704
1.8885999917984	-19.878152557536
1.8933000564575	-19.916864171987
1.8980000019073	-19.966909767309
1.9026999473572	-20.027626530617
1.9074000120163	-20.098285633841
1.9120999574661	-20.178283691985
1.9168000221252	-20.267275124975
1.9214999675751	-20.365272127394
1.9262000322342	-20.472641325297
1.9308999776840	-20.590083735535
1.9356000423431	-20.718458503380
1.9402999877930	-20.858666540087
1.9450000524521	-21.011434421652
1.9496999979019	-21.177162081940
1.9543999433517	-21.355810964232
1.9591000080109	-21.546831622657
1.9637999534607	-21.749154297776
1.9685000181198	-21.961241296298
1.9731999635696	-22.181166414416
1.9779000282288	-22.406697015735
1.9825999736786	-22.635349431921
1.9873000383377	-22.864416548113
1.9919999837875	-23.090904120031
1.9967000484467	-23.311413999459
2.0013999938965	-23.521987125550
2.0060999393463	-23.717961164804
2.0107998847961	-23.893872234490
2.0155000686646	-24.043487494920
2.0202000141144	-24.160041221740
2.0248999595642	-24.236646537617
2.0295999050140	-24.266897929713
2.0343000888824	-24.245602647487
2.0390000343323	-24.169394535714
2.0436999797821	-24.037257035757
2.0483999252319	-23.850667529133
2.0531001091003	-23.613444138964
2.0578000545502	-23.331312193319
2.0625000000000	-23.011330406582
2.0671999454498	-22.661196303364
2.0718998908997	-22.288631289475
2.0766000747681	-21.900978646185
2.0813000202179	-21.504744333507
2.0859999656677	-21.105473208721
2.0906999111176	-20.707620813996
2.0954000949860	-20.314563136994
2.1001000404358	-19.928683208278
2.1047999858856	-19.551548020046
2.1094999313354	-19.184070823210
2.1142001152039	-18.826727832801
2.1189000606537	-18.479756120701
2.1236000061035	-18.143311461840
2.1282999515533	-17.817598140717
2.1329998970032	-17.502920195070
2.1377000808716	-17.199699011829
2.1424000263214	-16.908398760849
2.1470999717712	-16.629479829765
2.1517999172211	-16.363283655807
2.1565001010895	-16.109961208845
2.1612000465393	-15.869431110097
2.1658999919891	-15.641348520422
2.1705999374390	-15.425152428782
2.1752998828888	-15.220127936013
2.1800000667572	-15.025498271518
2.1847000122070	-14.840534961827
2.1893999576569	-14.664639807900
2.1940999031067	-14.497413406018
2.1988000869751	-14.338673541767
2.2035000324249	-14.188423083335
2.2081999778748	-14.046806157865
2.2128999233246	-13.914012562763
2.2176001071930	-13.790180511389
2.2223000526428	-13.675337952528
2.2269999980927	-13.569325017051
2.2316999435425	-13.471810907195
2.2363998889923	-13.382299483832
2.2411000728607	-13.300212287555
2.2458000183105	-13.224941774089
2.2504999637604	-13.155968445342
2.2551999092102	-13.092914792707
2.2599000930786	-13.035592630435
2.2646000385284	-12.983996516148
2.2692999839783	-12.938289154621
2.2739999294281	-12.898713857597
2.2787001132965	-12.865518601179
2.2834000587463	-12.838889217956
2.2881000041962	-12.818865411123
2.2927999496460	-12.805330489881
2.2974998950958	-12.798007093163
2.3022000789642	-12.796504526890
2.3069000244141	-12.800388899546
2.3115999698639	-12.809264688203
2.3162999153137	-12.822849945149
2.3210000991821	-12.841019851212
2.3257000446320	-12.863841310041
2.3303999900818	-12.891545503904
2.3350999355316	-12.924467253039
2.3397998809814	-12.962988466160
2.3445000648499	-13.007439150231
2.3492000102997	-13.058044735639
2.3538999557495	-13.114876373095
2.3585999011993	-13.177837134845
2.3633000850677	-13.246718883055
2.3680000305176	-13.321230104850
2.3726999759674	-13.401101770435
2.3773999214172	-13.486148390642
2.3821001052856	-13.576353296595
2.3868000507355	-13.671881743208
2.3914999961853	-13.773086989661
2.3961999416351	-13.880467453133
2.4008998870850	-13.994600590659
2.4056000709534	-14.116054980699
2.4103000164032	-14.245313850177
2.4149999618530	-14.382715995136
2.4196999073029	-14.528442357412
2.4244000911713	-14.682527683076
2.4291000366211	-14.844922168335
2.4337999820709	-15.015555971207
2.4384999275208	-15.194457602510
2.4432001113892	-15.381815211965
2.4479000568390	-15.578058810251
2.4526000022888	-15.783857584833
2.4572999477386	-16.000111214026
2.4619998931885	-16.227895549823
2.4667000770569	-16.468368839231
2.4714000225067	-16.722679320863
2.4760999679565	-16.991896868540
2.4807999134064	-17.276979410863
2.4855000972748	-17.578753111888
2.4902000427246	-17.897970968564
2.4948999881744	-18.235406002745
2.4995999336243	-18.591966313881
2.5043001174927	-18.968838448194
2.5090000629425	-19.367599340504
2.5137000083923	-19.790299410034
2.5183999538422	-20.239535460519
2.5230998992920	-20.718400388614
2.5278000831604	-21.230440735493
2.5325000286102	-21.779539556295
2.5371999740601	-22.369742105352
2.5418999195099	-23.005062197260
2.5466001033783	-23.689143827273
2.5513000488281	-24.424721036602
2.5559999942780	-25.212654943645
2.5606999397278	-26.050089936543
2.5653998851776	-26.927034569859
2.5701000690460	-27.820495135074
2.5748000144958	-28.685449672106
2.5794999599457	-29.445094029339
2.5841999053955	-29.990481090357
2.5889000892639	-30.208072345104
2.5936000347137	-30.037525439921
2.5982999801636	-29.513000714242
2.6029999256134	-28.739589808997
2.6077001094818	-27.833364891646
2.6124000549316	-26.882429486835
2.6171000003815	-25.940590670370
2.6217999458313	-25.035787875759
2.6264998912811	-24.180043631836
2.6312000751495	-23.376557517313
2.6359000205994	-22.624005006254
2.6405999660492	-21.919024208040
2.6452999114990	-21.257584299536
2.6500000953674	-20.635696961690
2.6547000408173	-20.049764669803
2.6593999862671	-19.496725248513
2.6640999317169	-18.974037818709
2.6688001155853	-18.479590829375
2.6735000610352	-18.011544398511
2.6782000064850	-17.568238478845
2.6828999519348	-17.148040265078
2.6875998973846	-16.749303946228
2.6923000812531	-16.370321793831
2.6970000267029	-16.009365185238
2.7016999721527	-15.664754755089
2.7063999176025	-15.334912143655
2.7111001014709	-15.018459864878
2.7158000469208	-14.714277778608
2.7204999923706	-14.421509324155
2.7251999378204	-14.139566184119
2.7298998832703	-13.868069632321
2.7346000671387	-13.606752850960
2.7393000125885	-13.355391363639
2.7439999580383	-13.113715065021
2.7486999034882	-12.881337462817
2.7534000873566	-12.657747515021
2.7581000328064	-12.442312209126
2.7627999782562	-12.234326382971
2.7674999237061	-12.033077891508
2.7722001075745	-11.837922099674
2.7769000530243	-11.648334741485
2.7815999984741	-11.463961787149
2.7862999439240	-11.284609921715
2.7909998893738	-11.110230752097
2.7957000732422	-10.940856239617
2.8004000186920	-10.776540294485
2.8050999641418	-10.617282350957
2.8097999095917	-10.462987969085
2.8145000934601	-10.313436988522
2.8192000389099	-10.168304413644
2.8238999843597	-10.027170672162
2.8285999298096	-9.8896083385128
2.8333001136780	-9.7552171006889
2.8380000591278	-9.6236960764322
2.8427000045776	-9.4948665096390
2.8473999500275	-9.3686831412833
2.8520998954773	-9.2452127864376
2.8568000793457	-9.1245850926349
2.8615000247955	-9.0069385683865
2.8661999702454	-8.8923632101035
2.8708999156952	-8.7808599827415
2.8756000995636	-8.6723188509940
2.8803000450134	-8.5665306783542
2.8849999904633	-8.4632102200986
2.8896999359131	-8.3620562997836
2.8943998813629	-8.2627966338599
2.8991000652313	-8.1652418426284
2.9038000106812	-8.0693110108073
2.9084999561310	-7.9750311260532
2.9131999015808	-7.8825254641245
2.9179000854492	-7.7919630314695
2.9226000308990	-7.7035133274207
2.9272999763489	-7.6172942085195
2.9319999217987	-7.5333355022020
2.9367001056671	-7.4515705244345
2.9414000511169	-7.3718384563932
2.9460999965668	-7.2939188838824
2.9507999420166	-7.2175730454459
2.9554998874664	-7.1426005584239
2.9602000713348	-7.0688709693951
2.9649000167847	-6.9963558057973
2.9695999622345	-6.9251207880530
2.9742999076843	-6.8553082232372
2.9790000915527	-6.7870943559746
2.9837000370026	-6.7206495026919
2.9883999824524	-6.6560876550486
2.9930999279022	-6.5934366791684
2.9978001117706	-6.5326325185197
3.0025000572205	-6.4735322127871
3.0072000026703	-6.4159370425922
3.0118999481201	-6.3596462451062
3.0165998935699	-6.3044926617512
3.0213000774384	-6.2503841388165
3.0260000228882	-6.1973146138474
3.0306999683380	-6.1453691833111
3.0353999137878	-6.0946942651725
3.0401000976562	-6.0454594248818
3.0448000431061	-5.9978173222629
3.0494999885559	-5.9518611472290
3.0541999340057	-5.9076025656366
3.0589001178741	-5.8649678414232
3.0636000633240	-5.8238102340171
3.0683000087738	-5.7839435627579
3.0729999542236	-5.7451789080154
3.0776998996735	-5.7073737418505
3.0824000835419	-5.6704608824061
3.0871000289917	-5.6344525766648
3.0917999744415	-5.5994412965321
3.0964999198914	-5.5655739466095
3.1012001037598	-5.5330068076253
3.1059000492096	-5.5018775214446
3.1105999946594	-5.4722592143118
3.1152999401093	-5.4441457466525
3.1199998855591	-5.4174436360944
3.1247000694275	-5.3920018700280
3.1294000148773	-5.3676357127145
3.1340999603271	-5.3441757595509
3.1387999057770	-5.3214932503127
3.1435000896454	-5.2995404346686
3.1482000350952	-5.2783412116750
3.1528999805450	-5.2579994053518
3.1575999259949	-5.2386593967414
3.1623001098633	-5.2204713170747
3.1670000553131	-5.2035509193694
3.1717000007629	-5.1879493226284
3.1763999462128	-5.1736385974067
3.1810998916626	-5.1605106793541
3.1858000755310	-5.1484032337386
3.1905000209808	-5.1371365577076
3.1951999664307	-5.1265465703253
3.1998999118805	-5.1165160530429
3.2046000957489	-5.1070130252773
3.2093000411987	-5.0980740041825
3.2139999866486	-5.0898011406948
3.2186999320984	-5.0823351969933
3.2234001159668	-5.0758059212680
3.2281000614166	-5.0702973187592
3.2328000068665	-5.0658309701049
3.2374999523163	-5.0623389124100
3.2421998977661	-5.0596850052371
3.2469000816345	-5.0576828050789
3.2516000270844	-5.0561333753091
3.2562999725342	-5.0548602293876
3.2609999179840	-5.0537424540837
3.2657001018524	-5.0527423173719
3.2704000473022	-5.0518886398758
3.2750999927521	-5.0512614519183
3.2797999382019	-5.0509662530507
3.2844998836517	-5.0510786329147
3.2892000675201	-5.0516302606553
3.2939000129700	-5.0525593963967
3.2985999584198	-5.0537301640866
3.3032999038696	-5.0549255915492
3.3080000877380	-5.0558886378451
3.3127000331879	-5.0563600135532
3.3173999786377	-5.0561074343098
3.3220999240875	-5.0549617584005
3.3268001079559	-5.0528374015371
3.3315000534058	-5.0497046247244
3.3361999988556	-5.0455779707664
3.3408999443054	-5.0404875281823
3.3455998897552	-5.0344109494068
3.3503000736237	-5.0272710518416
3.3550000190735	-5.0189028159119
3.3596999645233	-5.0090563366194
3.3643999099731	-4.9974238970360
3.3691000938416	-4.9836731453834
3.3738000392914	-4.9674959698229
3.3784999847412	-4.9486426203489
3.3831999301910	-4.9269448224791
3.3879001140594	-4.9023428220233
3.3926000595093	-4.8748442135153
3.3973000049591	-4.8445207139343
3.4019999504089	-4.8114540624833
3.4066998958588	-4.7757099710273
3.4114000797272	-4.7373027883949
3.4161000251770	-4.6962014583321
3.4207999706268	-4.6523360558571
3.4254999160767	-4.6056264761853
3.4302000999451	-4.5560310406471
3.4349000453949	-4.5035764487401
3.4395999908447	-4.4483983170527
3.4442999362946	-4.3907474507014
3.4489998817444	-4.3309796291736
3.4537000656128	-4.2695378988980
3.4584000110626	-4.2069046875011
3.4630999565125	-4.1435577765441
3.4677999019623	-4.0799331270222
3.4725000858307	-4.0164081464333
3.4772000312805	-3.9532849279696
3.4818999767303	-3.8908154983251
3.4865999221802	-3.8292134795858
3.4913001060486	-3.7686978746781
3.4960000514984	-3.7095084815368
3.5006999969482	-3.6519316640680
3.5053999423981	-3.5962962215169
3.5100998878479	-3.5429621911820
3.5148000717163	-3.4922954829990
3.5195000171661	-3.4446267664903
3.5241999626160	-3.4002268398481
3.5288999080658	-3.3592806926605
3.5336000919342	-3.3218755944637
3.5383000373840	-3.2880081963626
3.5429999828339	-3.2576052632669
3.5476999282837	-3.2305578036333
3.5524001121521	-3.2067484623922
3.5571000576019	-3.1860858890479
3.5618000030518	-3.1685182647051
3.5664999485016	-3.1540481398139
3.5711998939514	-3.1427101505931
3.5759000778198	-3.1345614989603
3.5806000232697	-3.1296438648908
3.5852999687195	-3.1279679908377
3.5899999141693	-3.1294824390812
3.5947000980377	-3.1340767152309
3.5994000434875	-3.1415792600442
3.6040999889374	-3.1517820902749
3.6087999343872	-3.1644668079831
3.6135001182556	-3.1794333862021
3.6182000637054	-3.1965349504577
3.6229000091553	-3.2156757170177
3.6275999546051	-3.2368356180379
3.6322999000549	-3.2600400634540
3.6370000839233	-3.2853445440725
3.6417000293732	-3.3128086480631
3.6463999748230	-3.3424553876389
3.6510999202728	-3.3742639828496
3.6558001041412	-3.4081537772513
3.6605000495911	-3.4439896275507
3.6651999950409	-3.4815969902486
3.6698999404907	-3.5208024850420
3.6745998859406	-3.5614534785501
3.6793000698090	-3.6034433767207
3.6840000152588	-3.6467372296198
3.6886999607086	-3.6913577302619
3.6933999061584	-3.7373876123305
3.6981000900269	-3.7849272810676
3.7028000354767	-3.8340819585876
3.7074999809265	-3.8849120982956
3.7121999263763	-3.9374244589743
3.7169001102448	-3.9915512268227
3.7216000556946	-4.0471711761378
3.7263000011444	-4.1041187751834
3.7309999465942	-4.1622201300303
3.7356998920441	-4.2213220881353
3.7404000759125	-4.2813307392191
3.7451000213623	-4.3422097132769
3.7497999668121	-4.4039950291368
3.7544999122620	-4.4667692176886
3.7592000961304	-4.5306384164473
3.7639000415802	-4.5956868473556
3.7685999870300	-4.6619504035493
3.7732999324799	-4.7293876303944
3.7780001163483	-4.7978795710720
3.7827000617981	-4.8672293151829
3.7874000072479	-4.9371959151004
3.7920999526978	-5.0075269113870
3.7967998981476	-5.0780003434838
3.8015000820160	-5.1484531898124
3.8062000274658	-5.2187982049306
3.8108999729156	-5.2890193079259
3.8155999183655	-5.3591489448041
3.8203001022339	-5.4292297573143
3.8250000476837	-5.4992741609954
3.8296999931335	-5.5692227691926
3.8343999385834	-5.6389233142941
3.8390998840332	-5.7081273453306
3.8438000679016	-5.7765112156335
3.8485000133514	-5.8437101081814
3.8531999588013	-5.9093712423254
3.8578999042511	-5.9731982544615
3.8626000881195	-6.0349891928696
3.8673000335693	-6.0946436058426
3.8719999790192	-6.1521583334675
3.8766999244690	-6.2075852649984
3.8814001083374	-6.2609887665760
3.8861000537872	-6.3123916608983
3.8907999992371	-6.3617364579512
3.8954999446869	-6.4088714739398
3.9001998901367	-6.4535559417012
3.9049000740051	-6.4954995931710
3.9096000194550	-6.5344101092838
3.9142999649048	-6.5700630112594
3.9189999103546	-6.6023400025341
3.9237000942230	-6.6312656433998
3.9284000396729	-6.6569938390325
3.9330999851227	-6.6797884024676
3.9377999305725	-6.6999595050071
3.9425001144409	-6.7178100319014
3.9472000598907	-6.7335684279850
3.9519000053406	-6.7473648958173
3.9565999507904	-6.7592199859616
3.9612998962402	-6.7690690637624
3.9660000801086	-6.7768151674687
3.9707000255585	-6.7823854694389
3.9753999710083	-6.7857901870518
3.9800999164581	-6.7871631338422
3.9848001003265	-6.7867651024221
3.9895000457764	-6.7849699130324
3.9941999912262	-6.7822094818383
3.9988999366760	-6.7789119711565
4.0036001205444	-6.7754430231964
4.0082998275757	-6.7720515850361
4.0130000114441	-6.7688571182824
4.0177001953125	-6.7658511855737
4.0223999023438	-6.7629479636580
4.0271000862122	-6.7600331613768
4.0317997932434	-6.7570292771395
4.0364999771118	-6.7539515177082
4.0412001609802	-6.7509280304697
4.0458998680115	-6.7482066375267
4.0506000518799	-6.7461097500255
4.0553002357483	-6.7449963351676
4.0599999427795	-6.7451824068797
4.0647001266479	-6.7468984733365
4.0693998336792	-6.7502428362135
4.0741000175476	-6.7551790427526
4.0788002014160	-6.7615610679038
4.0834999084473	-6.7691740735784
4.0882000923157	-6.7778040149225
4.0928997993469	-6.7872992493768
4.0975999832153	-6.7976117596192
4.1023001670837	-6.8088200418386
4.1069998741150	-6.8211153063827
4.1117000579834	-6.8347680828065
4.1163997650146	-6.8500550395235
4.1210999488831	-6.8672065967714
4.1258001327515	-6.8863434893917
4.1304998397827	-6.9074515079896
4.1352000236511	-6.9303825733572
4.1399002075195	-6.9548851926611
4.1445999145508	-6.9806576157996
4.1493000984192	-7.0074194639032
4.1539998054504	-7.0349758666149
4.1586999893188	-7.0632572149005
4.1634001731873	-7.0923336933185
4.1680998802185	-7.1223982947103
4.1728000640869	-7.1537113443222
4.1774997711182	-7.1865313886833
4.1821999549866	-7.2210528423394
4.1869001388550	-7.2573438802415
4.1915998458862	-7.2953295997529
4.1963000297546	-7.3347877288426
4.2010002136230	-7.3754049383211
4.2056999206543	-7.4168369888160
4.2104001045227	-7.4587848495322
4.2150998115540	-7.5010694055905
4.2197999954224	-7.5436679068050
4.2245001792908	-7.5867290116884
4.2291998863220	-7.6305336821320
4.2339000701904	-7.6754450783179
4.2385997772217	-7.7218237959940
4.2432999610901	-7.7699643605115
4.2480001449585	-7.8200252915570
4.2526998519897	-7.8720303732956
4.2574000358582	-7.9258761592110
4.2621002197266	-7.9813943035676
4.2667999267578	-8.0384266391860
4.2715001106262	-8.0969117054747
4.2761998176575	-8.1569478587342
4.2809000015259	-8.2188310080523
4.2856001853943	-8.2830345850794
4.2902998924255	-8.3501645553015
4.2950000762939	-8.4208629080800
4.2996997833252	-8.4957110568910
4.3043999671936	-8.5751304800780
4.3091001510620	-8.6593182112573
4.3137998580933	-8.7482174582979
4.3185000419617	-8.8415415024852
4.3232002258301	-8.9388370603299
4.3278999328613	-9.0395789669458
4.3326001167297	-9.1432746365368
4.3372998237610	-9.2495519182038
4.3420000076294	-9.3582142066207
4.3467001914978	-9.4692435477628
4.3513998985291	-9.5827549931188
4.3561000823975	-9.6989086697205
4.3607997894287	-9.8178068630998
4.3654999732971	-9.9393961603708
4.3702001571655	-10.063406128509
4.3748998641968	-10.189337336666
4.3796000480652	-10.316515218918
4.3843002319336	-10.444187795685
4.3889999389648	-10.571660479931
4.3937001228333	-10.698439077640
4.3983998298645	-10.824309467012
4.4031000137329	-10.949392483116
4.4078001976013	-11.074084293423
4.4124999046326	-11.198963091069
4.4172000885010	-11.324616263697
4.4218997955322	-11.451484394029
4.4265999794006	-11.579721962752
4.4313001632690	-11.709135091075
4.4359998703003	-11.839194133051
4.4407000541687	-11.969145298699
4.4454002380371	-12.098175028338
4.4500999450684	-12.225605966568
4.4548001289368	-12.351069337262
4.4594998359680	-12.474598202642
4.4642000198364	-12.596625806643
4.4689002037048	-12.717874070111
4.4735999107361	-12.839159171216
4.4783000946045	-12.961157783575
4.4829998016357	-13.084200517670
4.4876999855042	-13.208141266684
4.4924001693726	-13.332336621332
4.4970998764038	-13.455746376789
4.5018000602722	-13.577151549296
4.5064997673035	-13.695419016745
4.5111999511719	-13.809760356015
4.5159001350403	-13.919918223691
4.5205998420715	-14.026202674197
4.5253000259399	-14.129383273168
4.5300002098083	-14.230439130092
4.5346999168396	-14.330255322274
4.5394001007080	-14.429306787957
4.5440998077393	-14.527456454051
4.5487999916077	-14.623887555393
4.5535001754761	-14.717226180868
4.5581998825073	-14.805797847162
4.5629000663757	-14.888001634673
4.5675997734070	-14.962678644126
4.5722999572754	-15.029378211488
4.5770001411438	-15.088432238955
4.5816998481750	-15.140831951294
4.5864000320435	-15.187907685835
4.5911002159119	-15.230915317744
4.5957999229431	-15.270642148917
4.6005001068115	-15.307136512083
4.6051998138428	-15.339627699256
4.6098999977112	-15.366678784007
4.6146001815796	-15.386542493497
4.6192998886108	-15.397602540165
4.6240000724792	-15.398820162925
4.6286997795105	-15.390038629670
4.6333999633789	-15.372053128779
4.6381001472473	-15.346417772841
4.6427998542786	-15.315062684358
4.6475000381470	-15.279798640082
4.6522002220154	-15.241899363301
4.6568999290466	-15.201796067308
4.6616001129150	-15.159050797347
4.6662998199463	-15.112521371502
4.6710000038147	-15.060741976123
4.6757001876831	-15.002396449558
4.6803998947144	-14.936758187773
4.6851000785828	-14.863966233910
4.6897997856140	-14.785080603009
4.6944999694824	-14.701882859501
4.6992001533508	-14.616483867140
4.7038998603821	-14.530869941173
4.7086000442505	-14.446473548728
4.7133002281189	-14.363910869174
4.7179999351501	-14.282932133389
4.7227001190186	-14.202583158516
4.7273998260498	-14.121526129517
4.7321000099182	-14.038468691449
4.7368001937866	-13.952590811878
4.7414999008179	-13.863807955847
4.7462000846863	-13.772871086632
4.7508997917175	-13.681243171470
4.7555999755859	-13.590780635005
4.7603001594543	-13.503313686678
4.7649998664856	-13.420267563699
4.7697000503540	-13.342371384921
4.7744002342224	-13.269542416039
4.7790999412537	-13.200963500665
4.7838001251221	-13.135325764006
4.7884998321533	-13.071205876462
4.7932000160217	-13.007435666504
4.7979001998901	-12.943428316211
4.8025999069214	-12.879369750540
4.8073000907898	-12.816171511821
4.8119997978210	-12.755262660590
4.8166999816895	-12.698241546896
4.8214001655579	-12.646504581881
4.8260998725891	-12.600890405482
4.8308000564575	-12.561490871487
4.8354997634888	-12.527602880113
4.8401999473572	-12.497882670927
4.8449001312256	-12.470656666849
4.8495998382568	-12.444288069049
4.8543000221252	-12.417559714338
4.8590002059937	-12.389954547092
4.8636999130249	-12.361750318807
4.8684000968933	-12.333932772698
4.8730998039246	-12.307914200604
4.8777999877930	-12.285131599767
4.8825001716614	-12.266677548464
4.8871998786926	-12.252982102040
4.8919000625610	-12.243667521294
4.8965997695923	-12.237600168264
4.9012999534607	-12.233131685981
4.9060001373291	-12.228467587757
4.9106998443604	-12.222102916186
4.9154000282288	-12.213193330638
4.9201002120972	-12.201766243899
4.9247999191284	-12.188732473082
4.9295001029968	-12.175658109642
4.9341998100281	-12.164357925122
4.9388999938965	-12.156437108163
4.9436001777649	-12.152888231617
4.9482998847961	-12.153782301472
4.9530000686646	-12.158232101789
4.9576997756958	-12.164518190885
4.9623999595642	-12.170432827547
4.9671001434326	-12.173727749291
4.9717998504639	-12.172568753030
4.9765000343323	-12.165874115758
4.9812002182007	-12.153415299300
4.9858999252319	-12.135665163469
4.9906001091003	-12.113428636265
4.9952998161316	-12.087328436499
5.0000000000000	-12.057310701126
#Parameters = {R_fat=48; R_glandular=38; R_skin_outer=50; T10=5; T15=7.5; T5=2.5; T_rad=4; T_x=10; T_y=0; T_z=75; Zc=65; skin_thickness=2; Mesh Pass=5}
#"Frequency / GHz"	"S1,1 (Mesh Pass=5) [Magnitude / dB]"
#-------------------------------------------------------
0.30000001192093	-26.173161820295
0.30469998717308	-24.687716267481
0.30939999222755	-23.421362159276
0.31409999728203	-22.651474982578
0.31880000233650	-22.456523272201
0.32350000739098	-22.902051519348
0.32820001244545	-24.116623611023
0.33289998769760	-26.331526057759
0.33759999275208	-29.474533144373
0.34229999780655	-29.604996009441
0.34700000286102	-25.060013417323
0.35170000791550	-20.930569742473
0.35640001296997	-17.775021395498
0.36109998822212	-15.310975118620
0.36579999327660	-13.344974544785
0.37049999833107	-11.768453629270
0.37520000338554	-10.520994482589
0.37990000844002	-9.5676523071153
0.38460001349449	-8.8852185162358
0.38929998874664	-8.4539215275590
0.39399999380112	-8.2533767401244
0.39869999885559	-8.2619467240337
0.40340000391006	-8.4583532459212
0.40810000896454	-8.8240188680324
0.41280001401901	-9.3449405914527
0.41749998927116	-10.012328022913
0.42219999432564	-10.821555028532
0.42689999938011	-11.768617642161
0.43160000443459	-12.842248606556
0.43630000948906	-14.008411453067
0.44100001454353	-15.184563083420
0.44569998979568	-16.214082447593
0.45039999485016	-16.889589166634
0.45509999990463	-17.078928202991
0.45980000495911	-16.849059646153
0.46450001001358	-16.404778251221
0.46919998526573	-15.937595604926
0.47389999032021	-15.562077722223
0.47859999537468	-15.329256965739
0.48330000042915	-15.253687862353
0.48800000548363	-15.330544528892
0.49270001053810	-15.542124952587
0.49739998579025	-15.857139910933
0.50209999084473	-16.226137441691
0.50679999589920	-16.578150451567
0.51150000095367	-16.827548369725
0.51620000600815	-16.899296923241
0.52090001106262	-16.764300321412
0.52560001611710	-16.455205807182
0.53030002117157	-16.045848308151
0.53500002622604	-15.615326494969
0.53969997167587	-15.224581809818
0.54439997673035	-14.910710707384
0.54909998178482	-14.690216857172
0.55379998683929	-14.563491960099
0.55849999189377	-14.517547067751
0.56319999694824	-14.527137487527
0.56790000200272	-14.556055591492
0.57260000705719	-14.561261957742
0.57730001211166	-14.501778780076
0.58200001716614	-14.350925584985
0.58670002222061	-14.105646828828
0.59140002727509	-13.786526263651
0.59609997272491	-13.428471293442
0.60079997777939	-13.068580761481
0.60549998283386	-12.737309807375
0.61019998788834	-12.454485975625
0.61489999294281	-12.228710601539
0.61959999799728	-12.058049265155
0.62430000305176	-11.931250962017
0.62900000810623	-11.829405512033
0.63370001316071	-11.728835750143
0.63840001821518	-11.605595975494
0.64310002326965	-11.441174709394
0.64780002832413	-11.227395532032
0.65249997377396	-10.968325482368
0.65719997882843	-10.678143885839
0.66189998388290	-10.376278464476
0.66659998893738	-10.082182062227
0.67129999399185	-9.8113779977288
0.67599999904633	-9.5733255904246
0.68070000410080	-9.3706580413363
0.68540000915527	-9.1993954967327
0.69010001420975	-9.0499114462497
0.69480001926422	-8.9087190974517
0.69950002431870	-8.7611144154273
0.70420002937317	-8.5943830192931
0.70889997482300	-8.4007730531597
0.71359997987747	-8.1792410135712
0.71829998493195	-7.9352872148026
0.72299998998642	-7.6790738499488
0.72769999504089	-7.4226343611626
0.73240000009537	-7.1771388935571
0.73710000514984	-6.9508401412298
0.74180001020432	-6.7478525187766
0.74650001525879	-6.5677567479690
0.75120002031326	-6.4058962039116
0.75590002536774	-6.2543783651504
0.76059997081757	-6.1036782987575
0.76529997587204	-5.9446855532826
0.76999998092651	-5.7707438099534
0.77469998598099	-5.5791358277758
0.77939999103546	-5.3715820557129
0.78409999608994	-5.1535890626590
0.78880000114441	-4.9329859144316
0.79350000619888	-4.7180893170737
0.79820001125336	-4.5160224881764
0.80290001630783	-4.3314272500843
0.80760002136230	-4.1657515665553
0.81230002641678	-4.0171068901777
0.81699997186661	-3.8807406097651
0.82169997692108	-3.7500484696857
0.82639998197556	-3.6179932161259
0.83109998703003	-3.4787039844162
0.83579999208450	-3.3288240650722
0.84049999713898	-3.1683073061178
0.84520000219345	-3.0003763508161
0.84990000724792	-2.8307692657981
0.85460001230240	-2.6664419118180
0.85930001735687	-2.5141466760122
0.86400002241135	-2.3791192575127
0.86870002746582	-2.2641659062203
0.87339997291565	-2.1692066799633
0.87809997797012	-2.0913934820895
0.88279998302460	-2.0257606631062
0.88749998807907	-1.9663551318714
0.89219999313354	-1.9076382671338
0.89689999818802	-1.8458893630452
0.90160000324249	-1.7802323425017
0.90630000829697	-1.7130289085370
0.91100001335144	-1.6495475239367
0.91570001840591	-1.5969713404678
0.92040002346039	-1.5630536279713
0.92510002851486	-1.5547238703815
0.92979997396469	-1.5769197642880
0.93449997901917	-1.6318863969323
0.93919998407364	-1.7190118663787
0.94389998912811	-1.8353029638070
0.94859999418259	-1.9763960983392
0.95329999923706	-2.1380429547841
0.95800000429153	-2.3177990328955
0.96270000934601	-2.5166093343184
0.96740001440048	-2.7399343370583
0.97210001945496	-2.9981928710310
0.97680002450943	-3.3064576919008
0.98150002956390	-3.6836852958539
0.98619997501373	-4.1519341065601
0.99089998006821	-4.7361187484859
0.99559998512268	-5.4648996596146
1.0003000497818	-6.3733941975257
1.0049999952316	-7.5087651166207
1.0096999406815	-8.9411219033870
1.0144000053406	-10.785614600319
1.0190999507904	-13.251929947592
1.0238000154495	-16.762579538230
1.0284999608994	-22.009272899356
1.0332000255585	-23.983798998193
1.0378999710083	-18.325041006776
1.0426000356674	-14.155223191616
1.0472999811172	-11.278479887916
1.0520000457764	-9.1474780083937
1.0566999912262	-7.4950497034779
1.0614000558853	-6.1806614800375
1.0661000013351	-5.1223576636971
1.0707999467850	-4.2675620501649
1.0755000114441	-3.5791692058171
1.0801999568939	-3.0284626797534
1.0849000215530	-2.5914261074323
1.0895999670029	-2.2470009902164
1.0943000316620	-1.9764692655557
1.0989999771118	-1.7634780466587
1.1037000417709	-1.5943363798160
1.1083999872208	-1.4582777912623
1.1131000518799	-1.3475167439922
1.1177999973297	-1.2570111526983
1.1224999427795	-1.1839503929927
1.1272000074387	-1.1270539668285
1.1318999528885	-1.0858404160455
1.1366000175476	-1.0599764521759
1.1412999629974	-1.0488179634848
1.1460000276566	-1.0511783479853
1.1506999731064	-1.0653051441424
1.1554000377655	-1.0890384746352
1.1600999832153	-1.1200870284520
1.1648000478745	-1.1562957148576
1.1694999933243	-1.1959169655930
1.1742000579834	-1.2377527749882
1.1789000034332	-1.2812142741084
1.1835999488831	-1.3262306249225
1.1883000135422	-1.3731009901855
1.1929999589920	-1.4222937185262
1.1977000236511	-1.4742496279394
1.2023999691010	-1.5292376352535
1.2071000337601	-1.5872641951660
1.2117999792099	-1.6480787847115
1.2165000438690	-1.7112291950358
1.2211999893188	-1.7761427606983
1.2259000539780	-1.8422592483589
1.2305999994278	-1.9091047941779
1.2352999448776	-1.9763713034885
1.2400000095367	-2.0439319494020
1.2446999549866	-2.1118180201781
1.2494000196457	-2.1801804180369
1.2540999650955	-2.2492195678212
1.2588000297546	-2.3191255865464
1.2634999752045	-2.3900360570721
1.2682000398636	-2.4620083494091
1.2728999853134	-2.5350225751386
1.2776000499725	-2.6090039000084
1.2822999954224	-2.6838488444158
1.2869999408722	-2.7594566165704
1.2917000055313	-2.8357557404601
1.2963999509811	-2.9127078202484
1.3011000156403	-2.9903172973670
1.3057999610901	-3.0686105772919
1.3105000257492	-3.1476276860296
1.3151999711990	-3.2274035239016
1.3199000358582	-3.3079739255270
1.3245999813080	-3.3893563266004
1.3293000459671	-3.4715766195637
1.3339999914169	-3.5546685131632
1.3387000560760	-3.6386881330928
1.3434000015259	-3.7237209043645
1.3480999469757	-3.8098748613014
1.3528000116348	-3.8972714054872
1.3574999570847	-3.9860280142440
1.3622000217438	-4.0762416736110
1.3668999671936	-4.1679746372946
1.3716000318527	-4.2612422238515
1.3762999773026	-4.3560283017039
1.3810000419617	-4.4522936605505
1.3856999874115	-4.5500005398797
1.3904000520706	-4.6491415772724
1.3950999975204	-4.7497619896925
1.3997999429703	-4.8519733679543
1.4045000076294	-4.9559518518851
1.4091999530792	-5.0619278324305
1.4139000177383	-5.1701537225281
1.4185999631882	-5.2808800273810
1.4233000278473	-5.3943150373336
1.4279999732971	-5.5106046847282
1.4327000379562	-5.6298190232011
1.4373999834061	-5.7519616544472
1.4421000480652	-5.8769863589957
1.4467999935150	-6.0048342635311
1.4515000581741	-6.1354751184558
1.4562000036240	-6.2689361852086
1.4608999490738	-6.4053381133448
1.4656000137329	-6.5448966967394
1.4702999591827	-6.6879124063576
1.4750000238419	-6.8347467662401
1.4796999692917	-6.9857744923697
1.4844000339508	-7.1413430852771
1.4890999794006	-7.3017276883914
1.4938000440598	-7.4671060452738
1.4984999895096	-7.6375467418467
1.5032000541687	-7.8130266274504
1.5078999996185	-7.9934590281275
1.5125999450684	-8.1787436579739
1.5173000097275	-8.3688164159283
1.5219999551773	-8.5637004352246
1.5267000198364	-8.7635303849273
1.5313999652863	-8.9685682466886
1.5361000299454	-9.1791797361410
1.5407999753952	-9.3957950008790
1.5455000400543	-9.6188480996370
1.5501999855042	-9.8487151438737
1.5549000501633	-10.085651600035
1.5595999956131	-10.329745125702
1.5642999410629	-10.580907620955
1.5690000057220	-10.838879567871
1.5736999511719	-11.103271298312
1.5784000158310	-11.373628848584
1.5830999612808	-11.649500655671
1.5878000259399	-11.930508404731
1.5924999713898	-12.216391945404
1.5972000360489	-12.507020223121
1.6018999814987	-12.802367948167
1.6066000461578	-13.102446165130
1.6112999916077	-13.407219179311
1.6160000562668	-13.716483455959
1.6207000017166	-14.029764812800
1.6253999471664	-14.346247977106
1.6301000118256	-14.664711282566
1.6347999572754	-14.983550707081
1.6395000219345	-15.300819513067
1.6441999673843	-15.614324708829
1.6489000320435	-15.921763044502
1.6535999774933	-16.220849679272
1.6583000421524	-16.509432373220
1.6629999876022	-16.785591076348
1.6677000522614	-17.047675911586
1.6723999977112	-17.294290582237
1.6770999431610	-17.524250654384
1.6818000078201	-17.736525271381
1.6864999532700	-17.930173150839
1.6912000179291	-18.104294319795
1.6958999633789	-18.258023720158
1.7006000280380	-18.390587338656
1.7052999734879	-18.501380843804
1.7100000381470	-18.590078823568
1.7146999835968	-18.656795031614
1.7194000482559	-18.702153606865
1.7240999937057	-18.727408435994
1.7288000583649	-18.734432314335
1.7335000038147	-18.725617064716
1.7381999492645	-18.703774238964
1.7429000139236	-18.671886678189
1.7475999593735	-18.632881591131
1.7523000240326	-18.589411224165
1.7569999694824	-18.543660071720
1.7617000341415	-18.497257973035
1.7663999795914	-18.451241515944
1.7711000442505	-18.406141048281
1.7757999897003	-18.362123628531
1.7805000543594	-18.319209242007
1.7851999998093	-18.277463273129
1.7898999452591	-18.237184480823
1.7946000099182	-18.199022727042
1.7992999553680	-18.163997853927
1.8040000200272	-18.133418971063
1.8086999654770	-18.108755685343
1.8134000301361	-18.091415199718
1.8180999755859	-18.082588490975
1.8228000402451	-18.083052138191
1.8274999856949	-18.093134094256
1.8322000503540	-18.112681409596
1.8368999958038	-18.141165683637
1.8415999412537	-18.177857606452
1.8463000059128	-18.222036836440
1.8509999513626	-18.273204450645
1.8557000160217	-18.331256465480
1.8603999614716	-18.396584123821
1.8651000261307	-18.470071985045
1.8697999715805	-18.552982342092
1.8745000362396	-18.646809853906
1.8791999816895	-18.753035887245
1.8839000463486	-18.872962084922
1.8885999917984	-19.007518525712
1.8933000564575	-19.157221638012
1.8980000019073	-19.322183667914
1.9026999473572	-19.502226436812
1.9074000120163	-19.697107035487
1.9120999574661	-19.906739106095
1.9168000221252	-20.131455048665
1.9214999675751	-20.372188960164
1.9262000322342	-20.630626033671
1.9308999776840	-20.909182403921
1.9356000423431	-21.210965867430
1.9402999877930	-21.539567180960
1.9450000524521	-21.898933026514
1.9496999979019	-22.293165638689
1.9543999433517	-22.726503208900
1.9591000080109	-23.203307588977
1.9637999534607	-23.728336423994
1.9685000181198	-24.307109238333
1.9731999635696	-24.946614269840
1.9779000282288	-25.656107475761
1.9825999736786	-26.448488633119
1.9873000383377	-27.341972096487
1.9919999837875	-28.362734312903
1.9967000484467	-29.549064229091
2.0013999938965	-30.958725032014
2.0060999393463	-32.682896614940
2.0107998847961	-34.874960038236
2.0155000686646	-37.808308688048
2.0202000141144	-41.897180983777
2.0248999595642	-45.671172953180
2.0295999050140	-42.415255748544
2.0343000888824	-37.988312871689
2.0390000343323	-34.753288538373
2.0436999797821	-32.312966394290
2.0483999252319	-30.370816028646
2.0531001091003	-28.761292584372
2.0578000545502	-27.386991615909
2.0625000000000	-26.186830960080
2.0671999454498	-25.120541758897
2.0718998908997	-24.160641531006
2.0766000747681	-23.287905037520
2.0813000202179	-22.488653416857
2.0859999656677	-21.752906943438
2.0906999111176	-21.073165829061
2.0954000949860	-20.443531870620
2.1001000404358	-19.859082522648
2.1047999858856	-19.315469326777
2.1094999313354	-18.808710703691
2.1142001152039	-18.335055359520
2.1189000606537	-17.891016291980
2.1236000061035	-17.473417246637
2.1282999515533	-17.079487279901
2.1329998970032	-16.706938390663
2.1377000808716	-16.354006562144
2.1424000263214	-16.019447375207
2.1470999717712	-15.702452745217
2.1517999172211	-15.402540130186
2.1565001010895	-15.119406797233
2.1612000465393	-14.852775260860
2.1658999919891	-14.602277364401
2.1705999374390	-14.367352002500
2.1752998828888	-14.147248371896
2.1800000667572	-13.941018900030
2.1847000122070	-13.747598545400
2.1893999576569	-13.565927862571
2.1940999031067	-13.395030791933
2.1988000869751	-13.234128328317
2.2035000324249	-13.082692246147
2.2081999778748	-12.940451159171
2.2128999233246	-12.807362496962
2.2176001071930	-12.683528259690
2.2223000526428	-12.569096041927
2.2269999980927	-12.464150386936
2.2316999435425	-12.368641704386
2.2363998889923	-12.282332930844
2.2411000728607	-12.204788069086
2.2458000183105	-12.135421150105
2.2504999637604	-12.073574968575
2.2551999092102	-12.018599117572
2.2599000930786	-11.969953656595
2.2646000385284	-11.927284383301
2.2692999839783	-11.890444795380
2.2739999294281	-11.859493983233
2.2787001132965	-11.834640522048
2.2834000587463	-11.816175310924
2.2881000041962	-11.804361292790
2.2927999496460	-11.799362070321
2.2974998950958	-11.801172804725
2.3022000789642	-11.809615245760
2.3069000244141	-11.824342684704
2.3115999698639	-11.844905727424
2.3162999153137	-11.870836368250
2.3210000991821	-11.901745577860
2.3257000446320	-11.937384645758
2.3303999900818	-11.977702105494
2.3350999355316	-12.022856403701
2.3397998809814	-12.073172220352
2.3445000648499	-12.129069077216
2.3492000102997	-12.190985890393
2.3538999557495	-12.259269454031
2.3585999011993	-12.334133034129
2.3633000850677	-12.415604752886
2.3680000305176	-12.503538268345
2.3726999759674	-12.597665902069
2.3773999214172	-12.697678911009
2.3821001052856	-12.803312040755
2.3868000507355	-12.914445108433
2.3914999961853	-13.031152191077
2.3961999416351	-13.153741457740
2.4008998870850	-13.282716888182
2.4056000709534	-13.418734337908
2.4103000164032	-13.562498387774
2.4149999618530	-13.714674070735
2.4196999073029	-13.875800360841
2.4244000911713	-14.046237489266
2.4291000366211	-14.226173303270
2.4337999820709	-14.415643394465
2.4384999275208	-14.614623262445
2.4432001113892	-14.823147124600
2.4479000568390	-15.041397223086
2.4526000022888	-15.269812095817
2.4572999477386	-15.509152481186
2.4619998931885	-15.760493122170
2.4667000770569	-16.025191223372
2.4714000225067	-16.304793347121
2.4760999679565	-16.600941107559
2.4807999134064	-16.915278581258
2.4855000972748	-17.249357902007
2.4902000427246	-17.604653565909
2.4948999881744	-17.982595845428
2.4995999336243	-18.384694319036
2.5043001174927	-18.812717497672
2.5090000629425	-19.268934664096
2.5137000083923	-19.756353474667
2.5183999538422	-20.278995389423
2.5230998992920	-20.842132922117
2.5278000831604	-21.452554951540
2.5325000286102	-22.118838284989
2.5371999740601	-22.851700627658
2.5418999195099	-23.664610895640
2.5466001033783	-24.574721926150
2.5513000488281	-25.604511885351
2.5559999942780	-26.784633308119
2.5606999397278	-28.158831365017
2.5653998851776	-29.792827476213
2.5701000690460	-31.790418470417
2.5748000144958	-34.319418647631
2.5794999599457	-37.606727876662
2.5841999053955	-41.288470630263
2.5889000892639	-41.322400729133
2.5936000347137	-37.605347315986
2.5982999801636	-34.248352381812
2.6029999256134	-31.652952431793
2.6077001094818	-29.592579326431
2.6124000549316	-27.897792706747
2.6171000003815	-26.463883329980
2.6217999458313	-25.224677135684
2.6264998912811	-24.136317803329
2.6312000751495	-23.168183319352
2.6359000205994	-22.297902748638
2.6405999660492	-21.508439987346
2.6452999114990	-20.786421643749
2.6500000953674	-20.121143926234
2.6547000408173	-19.504008766009
2.6593999862671	-18.928125535561
2.6640999317169	-18.388061291769
2.6688001155853	-17.879629467912
2.6735000610352	-17.399636338073
2.6782000064850	-16.945665497201
2.6828999519348	-16.515832585386
2.6875998973846	-16.108578155017
2.6923000812531	-15.722467282047
2.6970000267029	-15.356063239630
2.7016999721527	-15.007885061547
2.7063999176025	-14.676363972747
2.7111001014709	-14.359927913072
2.7158000469208	-14.057063986934
2.7204999923706	-13.766406568592
2.7251999378204	-13.486820348633
2.7298998832703	-13.217447391783
2.7346000671387	-12.957699927973
2.7393000125885	-12.707235742328
2.7439999580383	-12.465860580055
2.7486999034882	-12.233452317158
2.7534000873566	-12.009852332494
2.7581000328064	-11.794805030042
2.7627999782562	-11.587904653162
2.7674999237061	-11.388609681702
2.7722001075745	-11.196272866312
2.7769000530243	-11.010205634605
2.7815999984741	-10.829762029262
2.7862999439240	-10.654407934370
2.7909998893738	-10.483765528742
2.7957000732422	-10.317637396929
2.8004000186920	-10.155978695424
2.8050999641418	-9.9988589835956
2.8097999095917	-9.8463737881706
2.8145000934601	-9.6985900123572
2.8192000389099	-9.5554791237090
2.8238999843597	-9.4168792847762
2.8285999298096	-9.2825069845448
2.8333001136780	-9.1519705505457
2.8380000591278	-9.0248390896917
2.8427000045776	-8.9007019495268
2.8473999500275	-8.7792287331853
2.8520998954773	-8.6602116572068
2.8568000793457	-8.5435909095078
2.8615000247955	-8.4294307013158
2.8661999702454	-8.3178739386161
2.8708999156952	-8.2090960322413
2.8756000995636	-8.1032260740157
2.8803000450134	-8.0003159113097
2.8849999904633	-7.9002907455831
2.8896999359131	-7.8029693773331
2.8943998813629	-7.7080745806531
2.8991000652313	-7.6152968327255
2.9038000106812	-7.5243374676901
2.9084999561310	-7.4349760384045
2.9131999015808	-7.3470988972476
2.9179000854492	-7.2607150476273
2.9226000308990	-7.1759378628335
2.9272999763489	-7.0929496578020
2.9319999217987	-7.0119464253000
2.9367001056671	-6.9330796657354
2.9414000511169	-6.8564237260951
2.9460999965668	-6.7819372120097
2.9507999420166	-6.7094802574757
2.9554998874664	-6.6388276967178
2.9602000713348	-6.5697308158943
2.9649000167847	-6.5019602145851
2.9695999622345	-6.4353505332910
2.9742999076843	-6.3698364574831
2.9790000915527	-6.3054668603854
2.9837000370026	-6.2423743458776
2.9883999824524	-6.1807509443939
2.9930999279022	-6.1207909756659
2.9978001117706	-6.0626372675050
3.0025000572205	-6.0063595924163
3.0072000026703	-5.9519203126116
3.0118999481201	-5.8991842291961
3.0165998935699	-5.8479565667393
3.0213000774384	-5.7980096224208
3.0260000228882	-5.7491474688522
3.0306999683380	-5.7012369098236
3.0353999137878	-5.6542422009832
3.0401000976562	-5.6082245895400
3.0448000431061	-5.5633227468953
3.0494999885559	-5.5197256277695
3.0541999340057	-5.4776033118541
3.0589001178741	-5.4370935344982
3.0636000633240	-5.3982368350598
3.0683000087738	-5.3609875305715
3.0729999542236	-5.3252074131482
3.0776998996735	-5.2906993548093
3.0824000835419	-5.2572588940532
3.0871000289917	-5.2247037999269
3.0917999744415	-5.1929215930052
3.0964999198914	-5.1618964774341
3.1012001037598	-5.1316981507684
3.1059000492096	-5.1024685997925
3.1105999946594	-5.0743809731760
3.1152999401093	-5.0476002136629
3.1199998855591	-5.0222299034631
3.1247000694275	-4.9983020637288
3.1294000148773	-4.9757475111009
3.1340999603271	-4.9544225764643
3.1387999057770	-4.9341318462069
3.1435000896454	-4.9146804975630
3.1482000350952	-4.8958996509519
3.1528999805450	-4.8777012087931
3.1575999259949	-4.8600832744204
3.1623001098633	-4.8431258275131
3.1670000553131	-4.8269731109373
3.1717000007629	-4.8117924905872
3.1763999462128	-4.7977288377626
3.1810998916626	-4.7848697087176
3.1858000755310	-4.7732208749527
3.1905000209808	-4.7626949932159
3.1951999664307	-4.7531328424354
3.1998999118805	-4.7443425877584
3.2046000957489	-4.7361225405591
3.2093000411987	-4.7283243158248
3.2139999866486	-4.7208684991378
3.2186999320984	-4.7137665377541
3.2234001159668	-4.7071056612122
3.2281000614166	-4.7010259779904
3.2328000068665	-4.6956867758935
3.2374999523163	-4.6912049755078
3.2421998977661	-4.6876404979740
3.2469000816345	-4.6849641071772
3.2516000270844	-4.6830559448847
3.2562999725342	-4.6817364164241
3.2609999179840	-4.6807825355168
3.2657001018524	-4.6799901309781
3.2704000473022	-4.6791970760480
3.2750999927521	-4.6783290402230
3.2797999382019	-4.6773845661316
3.2844998836517	-4.6764424668686
3.2892000675201	-4.6756217852625
3.2939000129700	-4.6750366149686
3.2985999584198	-4.6747623730801
3.3032999038696	-4.6747988836519
3.3080000877380	-4.6750457193417
3.3127000331879	-4.6753276323039
3.3173999786377	-4.6753908015019
3.3220999240875	-4.6749713249197
3.3268001079559	-4.6738142056296
3.3315000534058	-4.6717267056758
3.3361999988556	-4.6685943301065
3.3408999443054	-4.6643888561677
3.3455998897552	-4.6591440023358
3.3503000736237	-4.6529250943865
3.3550000190735	-4.6457834365343
3.3596999645233	-4.6377215813215
3.3643999099731	-4.6286487271966
3.3691000938416	-4.6183989991479
3.3738000392914	-4.6067166023804
3.3784999847412	-4.5933095143944
3.3831999301910	-4.5778775846735
3.3879001140594	-4.5601713910605
3.3926000595093	-4.5400251518874
3.3973000049591	-4.5173711808650
3.4019999504089	-4.4922432600326
3.4066998958588	-4.4647478822712
3.4114000797272	-4.4350350621055
3.4161000251770	-4.4032467241392
3.4207999706268	-4.3694866593501
3.4254999160767	-4.3337958916476
3.4302000999451	-4.2961628547573
3.4349000453949	-4.2565327844558
3.4395999908447	-4.2148552860040
3.4442999362946	-4.1711207361694
3.4489998817444	-4.1254004723624
3.4537000656128	-4.0778805981200
3.4584000110626	-4.0288546520704
3.4630999565125	-3.9787153276878
3.4677999019623	-3.9279154746248
3.4725000858307	-3.8769228140584
3.4772000312805	-3.8261775110997
3.4818999767303	-3.7760553226928
3.4865999221802	-3.7268498512366
3.4913001060486	-3.6787752181638
3.4960000514984	-3.6319828433623
3.5006999969482	-3.5866013216160
3.5053999423981	-3.5427582067482
3.5100998878479	-3.5006262225100
3.5148000717163	-3.4604199349473
3.5195000171661	-3.4224144697798
3.5241999626160	-3.3869072311129
3.5288999080658	-3.3542019804684
3.5336000919342	-3.3245626367640
3.5383000373840	-3.2981893474429
3.5429999828339	-3.2751832867833
3.5476999282837	-3.2555486745089
3.5524001121521	-3.2392040203328
3.5571000576019	-3.2260052837907
3.5618000030518	-3.2157805371044
3.5664999485016	-3.2083707627571
3.5711998939514	-3.2036573122317
3.5759000778198	-3.2015825105280
3.5806000232697	-3.2021481271731
3.5852999687195	-3.2054030936870
3.5899999141693	-3.2114170502305
3.5947000980377	-3.2202402814056
3.5994000434875	-3.2318872373780
3.6040999889374	-3.2463035579810
3.6087999343872	-3.2633638257777
3.6135001182556	-3.2828772388543
3.6182000637054	-3.3046237624280
3.6229000091553	-3.3283705849435
3.6275999546051	-3.3539214983494
3.6322999000549	-3.3811365088306
3.6370000839233	-3.4099477316091
3.6417000293732	-3.4403649838326
3.6463999748230	-3.4724533776896
3.6510999202728	-3.5063045361602
3.6558001041412	-3.5420037144788
3.6605000495911	-3.5795954139973
3.6651999950409	-3.6190608209018
3.6698999404907	-3.6603103577211
3.6745998859406	-3.7031907070558
3.6793000698090	-3.7475170313865
3.6840000152588	-3.7930939754576
3.6886999607086	-3.8397673261367
3.6933999061584	-3.8874382126537
3.6981000900269	-3.9360887664539
3.7028000354767	-3.9857733330689
3.7074999809265	-4.0366052788006
3.7121999263763	-4.0887180439881
3.7169001102448	-4.1422315952061
3.7216000556946	-4.1972178819184
3.7263000011444	-4.2536682448026
3.7309999465942	-4.3114961133567
3.7356998920441	-4.3705445698902
3.7404000759125	-4.4306112794104
3.7451000213623	-4.4914932245427
3.7497999668121	-4.5530204154023
3.7544999122620	-4.6150898661097
3.7592000961304	-4.6776802423029
3.7639000415802	-4.7408494891225
3.7685999870300	-4.8047101826748
3.7732999324799	-4.8693886295917
3.7780001163483	-4.9349877002858
3.7827000617981	-5.0015364015616
3.7874000072479	-5.0689767384182
3.7920999526978	-5.1371467120694
3.7967998981476	-5.2058048679597
3.8015000820160	-5.2746619566111
3.8062000274658	-5.3434274084164
3.8108999729156	-5.4118568623443
3.8155999183655	-5.4797842354119
3.8203001022339	-5.5471408043562
3.8250000476837	-5.6139426602510
3.8296999931335	-5.6802675363160
3.8343999385834	-5.7461926685533
3.8390998840332	-5.8117598468906
3.8438000679016	-5.8769207053694
3.8485000133514	-5.9415168086232
3.8531999588013	-6.0052784056533
3.8578999042511	-6.0678545514216
3.8626000881195	-6.1288624685043
3.8673000335693	-6.1879428411761
3.8719999790192	-6.2448176109746
3.8766999244690	-6.2993249671320
3.8814001083374	-6.3514367258827
3.8861000537872	-6.4012250159519
3.8907999992371	-6.4488320859890
3.8954999446869	-6.4944043594322
3.9001998901367	-6.5380300740713
3.9049000740051	-6.5797006642885
3.9096000194550	-6.6192911878935
3.9142999649048	-6.6565778944597
3.9189999103546	-6.6912775760767
3.9237000942230	-6.7231212397076
3.9284000396729	-6.7519057300013
3.9330999851227	-6.7775633700206
3.9377999305725	-6.8001790086379
3.9425001144409	-6.8199855264800
3.9472000598907	-6.8373214261158
3.9519000053406	-6.8525719925553
3.9565999507904	-6.8660890937020
3.9612998962402	-6.8781370447471
3.9660000801086	-6.8888522215150
3.9707000255585	-6.8982411463028
3.9753999710083	-6.9062113257993
3.9800999164581	-6.9126302611265
3.9848001003265	-6.9173934124189
3.9895000457764	-6.9204890435235
3.9941999912262	-6.9220441151488
3.9988999366760	-6.9223284427324
4.0036001205444	-6.9217297509499
4.0082998275757	-6.9207019588212
4.0130000114441	-6.9196872864433
4.0177001953125	-6.9190534401749
4.0223999023438	-6.9190302841558
4.0271000862122	-6.9197006511899
4.0317997932434	-6.9210039281500
4.0364999771118	-6.9227885083566
4.0412001609802	-6.9248749249993
4.0458998680115	-6.9271306174025
4.0506000518799	-6.9295280219757
4.0553002357483	-6.9321753605305
4.0599999427795	-6.9353221412129
4.0647001266479	-6.9393114823694
4.0693998336792	-6.9445277789055
4.0741000175476	-6.9513203541851
4.0788002014160	-6.9599303667866
4.0834999084473	-6.9704609971923
4.0882000923157	-6.9828530302943
4.0928997993469	-6.9969180087573
4.0975999832153	-7.0123898315218
4.1023001670837	-7.0289939521441
4.1069998741150	-7.0465245939622
4.1117000579834	-7.0649033976653
4.1163997650146	-7.0841983664502
4.1210999488831	-7.1046186797324
4.1258001327515	-7.1264704354397
4.1304998397827	-7.1500849980492
4.1352000236511	-7.1757441036180
4.1399002075195	-7.2036139305511
4.1445999145508	-7.2337014978700
4.1493000984192	-7.2658556712408
4.1539998054504	-7.2997946626139
4.1586999893188	-7.3351728087849
4.1634001731873	-7.3716556707658
4.1680998802185	-7.4089972108055
4.1728000640869	-7.4471017306689
4.1774997711182	-7.4860382449349
4.1821999549866	-7.5260247050520
4.1869001388550	-7.5673782557250
4.1915998458862	-7.6104328151970
4.1963000297546	-7.6554532585847
4.2010002136230	-7.7025722640780
4.2056999206543	-7.7517484335567
4.2104001045227	-7.8027684003522
4.2150998115540	-7.8552923858160
4.2197999954224	-7.9089362785857
4.2245001792908	-7.9633484874648
4.2291998863220	-8.0183092455215
4.2339000701904	-8.0737808287337
4.2385997772217	-8.1299361365329
4.2432999610901	-8.1871183805557
4.2480001449585	-8.2457821597718
4.2526998519897	-8.3064016951129
4.2574000358582	-8.3693744487051
4.2621002197266	-8.4349487956469
4.2667999267578	-8.5031881143333
4.2715001106262	-8.5739848564546
4.2761998176575	-8.6471130804361
4.2809000015259	-8.7223180820380
4.2856001853943	-8.7994161700816
4.2902998924255	-8.8783852511117
4.2950000762939	-8.9594076128996
4.2996997833252	-9.0428751001433
4.3043999671936	-9.1293394139769
4.3091001510620	-9.2194015191538
4.3137998580933	-9.3136019222932
4.3185000419617	-9.4122971328077
4.3232002258301	-9.5155642904960
4.3278999328613	-9.6231727588319
4.3326001167297	-9.7345996042555
4.3372998237610	-9.8491091361387
4.3420000076294	-9.9658820300271
4.3467001914978	-10.084159811797
4.3513998985291	-10.203372414725
4.3561000823975	-10.323226581908
4.3607997894287	-10.443716723119
4.3654999732971	-10.565077696919
4.3702001571655	-10.687660780075
4.3748998641968	-10.811786119691
4.3796000480652	-10.937594712667
4.3843002319336	-11.064941667916
4.3889999389648	-11.193363128630
4.3937001228333	-11.322124223957
4.3983998298645	-11.450343736673
4.4031000137329	-11.577171966505
4.4078001976013	-11.701972618571
4.4124999046326	-11.824470349684
4.4172000885010	-11.944807851229
4.4218997955322	-12.063517107066
4.4265999794006	-12.181364172675
4.4313001632690	-12.299157170513
4.4359998703003	-12.417514520934
4.4407000541687	-12.536680466987
4.4454002380371	-12.656422191491
4.4500999450684	-12.776046961600
4.4548001289368	-12.894536096378
4.4594998359680	-13.010762816733
4.4642000198364	-13.123760457139
4.4689002037048	-13.232953478180
4.4735999107361	-13.338300740697
4.4783000946045	-13.440299675319
4.4829998016357	-13.539854696383
4.4876999855042	-13.638007792144
4.4924001693726	-13.735643797132
4.4970998764038	-13.833217255452
4.5018000602722	-13.930567395349
4.5064997673035	-14.026899319816
4.5111999511719	-14.120908958470
4.5159001350403	-14.211065523136
4.5205998420715	-14.295956948021
4.5253000259399	-14.374624150544
4.5300002098083	-14.446793718811
4.5346999168396	-14.512929335293
4.5394001007080	-14.574077844891
4.5440998077393	-14.631574317563
4.5487999916077	-14.686625649851
4.5535001754761	-14.739961691529
4.5581998825073	-14.791578783938
4.5629000663757	-14.840675164027
4.5675997734070	-14.885801622446
4.5722999572754	-14.925193636400
4.5770001411438	-14.957211505058
4.5816998481750	-14.980752734479
4.5864000320435	-14.995551955065
4.5911002159119	-15.002258522640
4.5957999229431	-15.002263656939
4.6005001068115	-14.997334109504
4.6051998138428	-14.989133456356
4.6098999977112	-14.978796000519
4.6146001815796	-14.966630994184
4.6192998886108	-14.952056420342
4.6240000724792	-14.933756300919
4.6286997795105	-14.910057263464
4.6333999633789	-14.879393150890
4.6381001472473	-14.840772260804
4.6427998542786	-14.794097463657
4.6475000381470	-14.740237873618
4.6522002220154	-14.680846746304
4.6568999290466	-14.617988648931
4.6616001129150	-14.553636573402
4.6662998199463	-14.489227823263
4.6710000038147	-14.425361184803
4.6757001876831	-14.361725931541
4.6803998947144	-14.297215883259
4.6851000785828	-14.230310982366
4.6897997856140	-14.159496730287
4.6944999694824	-14.083760785595
4.6992001533508	-14.002879689650
4.7038998603821	-13.917551655393
4.7086000442505	-13.829277844670
4.7133002281189	-13.740023752515
4.7179999351501	-13.651752073302
4.7227001190186	-13.566031653020
4.7273998260498	-13.483672668099
4.7321000099182	-13.404618638754
4.7368001937866	-13.328014429406
4.7414999008179	-13.252479006895
4.7462000846863	-13.176504332797
4.7508997917175	-13.098866622686
4.7555999755859	-13.018999306864
4.7603001594543	-12.937162536789
4.7649998664856	-12.854436768486
4.7697000503540	-12.772453496160
4.7744002342224	-12.693061123040
4.7790999412537	-12.617879505485
4.7838001251221	-12.547959888521
4.7884998321533	-12.483581109106
4.7932000160217	-12.424205428486
4.7979001998901	-12.368647433511
4.8025999069214	-12.315399593672
4.8073000907898	-12.262993727304
4.8119997978210	-12.210419598718
4.8166999816895	-12.157374223647
4.8214001655579	-12.104346153629
4.8260998725891	-12.052539778371
4.8308000564575	-12.003552942916
4.8354997634888	-11.959016830036
4.8401999473572	-11.920199333719
4.8449001312256	-11.887699778312
4.8495998382568	-11.861307887248
4.8543000221252	-11.840036898927
4.8590002059937	-11.822338777075
4.8636999130249	-11.806474018406
4.8684000968933	-11.790889392040
4.8730998039246	-11.774618543805
4.8777999877930	-11.757480081215
4.8825001716614	-11.740141803568
4.8871998786926	-11.723922201036
4.8919000625610	-11.710464068499
4.8965997695923	-11.701302393619
4.9012999534607	-11.697475294708
4.9060001373291	-11.699247864942
4.9106998443604	-11.706005037109
4.9154000282288	-11.716372899356
4.9201002120972	-11.728506145577
4.9247999191284	-11.740504905565
4.9295001029968	-11.750870588737
4.9341998100281	-11.758863687141
4.9388999938965	-11.764673500912
4.9436001777649	-11.769353589209
4.9482998847961	-11.774506926889
4.9530000686646	-11.781844824561
4.9576997756958	-11.792645334697
4.9623999595642	-11.807322526873
4.9671001434326	-11.825163353998
4.9717998504639	-11.844291421017
4.9765000343323	-11.861871636957
4.9812002182007	-11.874574467378
4.9858999252319	-11.879115514150
4.9906001091003	-11.872830493739
4.9952998161316	-11.854070396348
5.0000000000000	-11.822330344452
#Parameters = {R_fat=48; R_glandular=38; R_skin_outer=50; T10=5; T15=7.5; T5=2.5; T_rad=4; T_x=10; T_y=0; T_z=75; Zc=65; skin_thickness=2; Mesh Pass=6}
#"Frequency / GHz"	"S1,1 (Mesh Pass=6) [Magnitude / dB]"
#-------------------------------------------------------
0.30000001192093	-26.699957117985
0.30469998717308	-28.142617542058
0.30939999222755	-30.909642315957
0.31409999728203	-36.851027985453
0.31880000233650	-43.262167735374
0.32350000739098	-31.499075961331
0.32820001244545	-25.912789413515
0.33289998769760	-22.259153747718
0.33759999275208	-19.538768525265
0.34229999780655	-17.379210299648
0.34700000286102	-15.600780823988
0.35170000791550	-14.104973072053
0.35640001296997	-12.835249783417
0.36109998822212	-11.760112804343
0.36579999327660	-10.864190668751
0.37049999833107	-10.142225326335
0.37520000338554	-9.5939439003418
0.37990000844002	-9.2192495923526
0.38460001349449	-9.0143389801186
0.38929998874664	-8.9696523739034
0.39399999380112	-9.0702513661178
0.39869999885559	-9.2982262354121
0.40340000391006	-9.6359359653930
0.40810000896454	-10.068912739048
0.41280001401901	-10.587729484392
0.41749998927116	-11.188615924657
0.42219999432564	-11.872866467318
0.42689999938011	-12.644825210176
0.43160000443459	-13.507760948571
0.43630000948906	-14.455999976388
0.44100001454353	-15.460971012604
0.44569998979568	-16.450220364380
0.45039999485016	-17.289900624660
0.45509999990463	-17.807876267881
0.45980000495911	-17.891935921034
0.46450001001358	-17.586633785297
0.46919998526573	-17.056694146572
0.47389999032021	-16.471010779439
0.47859999537468	-15.940888391385
0.48330000042915	-15.522163289744
0.48800000548363	-15.235307630267
0.49270001053810	-15.080552055546
0.49739998579025	-15.045062289297
0.50209999084473	-15.104599543066
0.50679999589920	-15.222669919269
0.51150000095367	-15.350546988066
0.51620000600815	-15.432299793155
0.52090001106262	-15.417572060339
0.52560001611710	-15.278655105495
0.53030002117157	-15.021137894456
0.53500002622604	-14.679344858922
0.53969997167587	-14.300459052306
0.54439997673035	-13.928711784673
0.54909998178482	-13.596668536553
0.55379998683929	-13.323104843121
0.55849999189377	-13.114099849164
0.56319999694824	-12.964904513323
0.56790000200272	-12.861726116753
0.57260000705719	-12.783787765189
0.57730001211166	-12.706385093974
0.58200001716614	-12.605477662132
0.58670002222061	-12.463138258130
0.59140002727509	-12.271990595369
0.59609997272491	-12.036546095195
0.60079997777939	-11.770776870145
0.60549998283386	-11.493285420484
0.61019998788834	-11.222337939616
0.61489999294281	-10.972278006024
0.61959999799728	-10.751660815444
0.62430000305176	-10.562764192736
0.62900000810623	-10.401989337589
0.63370001316071	-10.260947120762
0.63840001821518	-10.128152580718
0.64310002326965	-9.9913020229600
0.64780002832413	-9.8398165962593
0.65249997377396	-9.6671376645974
0.65719997882843	-9.4719770946857
0.66189998388290	-9.2581832587794
0.66659998893738	-9.0333243797841
0.67129999399185	-8.8065609714472
0.67599999904633	-8.5865385776374
0.68070000410080	-8.3797440877589
0.68540000915527	-8.1895631165124
0.69010001420975	-8.0159867496125
0.69480001926422	-7.8559118188894
0.69950002431870	-7.7039330289868
0.70420002937317	-7.5535366932653
0.70889997482300	-7.3984802137020
0.71359997987747	-7.2341092186834
0.71829998493195	-7.0582848081740
0.72299998998642	-6.8716818784716
0.72769999504089	-6.6774102059908
0.73240000009537	-6.4801083307839
0.73710000514984	-6.2848336814985
0.74180001020432	-6.0959634584368
0.74650001525879	-5.9164033775154
0.75120002031326	-5.7471434947343
0.75590002536774	-5.5872132852478
0.76059997081757	-5.4340189944256
0.76529997587204	-5.2839716991218
0.76999998092651	-5.1333180917247
0.77469998598099	-4.9789495903420
0.77939999103546	-4.8190874282493
0.78409999608994	-4.6536058555274
0.78880000114441	-4.4839851459979
0.79350000619888	-4.3128975632684
0.79820001125336	-4.1435580247535
0.80290001630783	-3.9790298275124
0.80760002136230	-3.8215907739384
0.81230002641678	-3.6723302725001
0.81699997186661	-3.5310134890920
0.82169997692108	-3.3962066810359
0.82639998197556	-3.2656730152620
0.83109998703003	-3.1369408060200
0.83579999208450	-3.0079137271191
0.84049999713898	-2.8773835002707
0.84520000219345	-2.7453729074772
0.84990000724792	-2.6131386633078
0.85460001230240	-2.4829418569853
0.85930001735687	-2.3575638649574
0.86400002241135	-2.2397420614527
0.86870002746582	-2.1316373899306
0.87339997291565	-2.0344238856524
0.87809997797012	-1.9481188727636
0.88279998302460	-1.8716686565853
0.88749998807907	-1.8032837285799
0.89219999313354	-1.7409646773914
0.89689999818802	-1.6831155381645
0.90160000324249	-1.6290956281978
0.90630000829697	-1.5795846738274
0.91100001335144	-1.5366751137265
0.91570001840591	-1.5036399444456
0.92040002346039	-1.4844526061872
0.92510002851486	-1.4831539546367
0.92979997396469	-1.5032189509260
0.93449997901917	-1.5470657999022
0.93919998407364	-1.6158032328000
0.94389998912811	-1.7093126190974
0.94859999418259	-1.8266646422399
0.95329999923706	-1.9668497090490
0.95800000429153	-2.1296959882610
0.96270000934601	-2.3168373777871
0.96740001440048	-2.5325329971850
0.97210001945496	-2.7842144562031
0.97680002450943	-3.0826394338649
0.98150002956390	-3.4417505008868
0.98619997501373	-3.8784175686429
0.99089998006821	-4.4123847539117
0.99559998512268	-5.0667794100664
1.0003000497818	-5.8697055203249
1.0049999952316	-6.8575827029973
1.0096999406815	-8.0815053681011
1.0144000053406	-9.6194637090071
1.0190999507904	-11.600951435005
1.0238000154495	-14.259197876426
1.0284999608994	-18.015614202783
1.0332000255585	-22.759922491617
1.0378999710083	-21.623070472248
1.0426000356674	-16.785538100270
1.0472999811172	-13.237847172507
1.0520000457764	-10.671944896008
1.0566999912262	-8.7192044911087
1.0614000558853	-7.1811622685829
1.0661000013351	-5.9465256364819
1.0707999467850	-4.9475627848342
1.0755000114441	-4.1392962384454
1.0801999568939	-3.4888989097509
1.0849000215530	-2.9700547680610
1.0895999670029	-2.5599693156493
1.0943000316620	-2.2380303332357
1.0989999771118	-1.9854938579644
1.1037000417709	-1.7857830577475
1.1083999872208	-1.6250427598294
1.1131000518799	-1.4926310007709
1.1177999973297	-1.3813378665314
1.1224999427795	-1.2871764265651
1.1272000074387	-1.2087814397012
1.1318999528885	-1.1465204921320
1.1366000175476	-1.1015004797419
1.1412999629974	-1.0746629679066
1.1460000276566	-1.0661236393258
1.1506999731064	-1.0748111311134
1.1554000377655	-1.0984523204386
1.1600999832153	-1.1338241309529
1.1648000478745	-1.1772082454013
1.1694999933243	-1.2249643680892
1.1742000579834	-1.2740653134991
1.1789000034332	-1.3225243418012
1.1835999488831	-1.3696004135263
1.1883000135422	-1.4157486931207
1.1929999589920	-1.4623641738797
1.1977000236511	-1.5113252221981
1.2023999691010	-1.5645134799041
1.2071000337601	-1.6233625176013
1.2117999792099	-1.6885494461738
1.2165000438690	-1.7598643266211
1.2211999893188	-1.8362639989901
1.2259000539780	-1.9160917684191
1.2305999994278	-1.9974070059481
1.2352999448776	-2.0783551908496
1.2400000095367	-2.1575290787812
1.2446999549866	-2.2342095425894
1.2494000196457	-2.3084580724081
1.2540999650955	-2.3810714090134
1.2588000297546	-2.4533589816935
1.2634999752045	-2.5268404231683
1.2682000398636	-2.6029207070037
1.2728999853134	-2.6826021749049
1.2776000499725	-2.7663092105568
1.2822999954224	-2.8538131878424
1.2869999408722	-2.9443214135597
1.2917000055313	-3.0366387326943
1.2963999509811	-3.1294259727002
1.3011000156403	-3.2214703670893
1.3057999610901	-3.3119294221841
1.3105000257492	-3.4004861108307
1.3151999711990	-3.4874101223044
1.3199000358582	-3.5734737423495
1.3245999813080	-3.6597926847106
1.3293000459671	-3.7475914482040
1.3339999914169	-3.8379569531682
1.3387000560760	-3.9316411176735
1.3434000015259	-4.0289291062023
1.3480999469757	-4.1296140325502
1.3528000116348	-4.2330558282339
1.3574999570847	-4.3383314932967
1.3622000217438	-4.4444283679828
1.3668999671936	-4.5504653125487
1.3716000318527	-4.6558591677369
1.3762999773026	-4.7604662546638
1.3810000419617	-4.8646017929203
1.3856999874115	-4.9689814154233
1.3904000520706	-5.0745879301391
1.3950999975204	-5.1824834643557
1.3997999429703	-5.2936162954686
1.4045000076294	-5.4086561801333
1.4091999530792	-5.5278932506760
1.4139000177383	-5.6512064376550
1.4185999631882	-5.7781073974116
1.4233000278473	-5.9078669054500
1.4279999732971	-6.0396666978944
1.4327000379562	-6.1727792364283
1.4373999834061	-6.3067287521764
1.4421000480652	-6.4414009699179
1.4467999935150	-6.5770895751496
1.4515000581741	-6.7144509956472
1.4562000036240	-6.8544012376846
1.4608999490738	-6.9979651564233
1.4656000137329	-7.1461038899924
1.4702999591827	-7.2995565341417
1.4750000238419	-7.4587358861533
1.4796999692917	-7.6236730644570
1.4844000339508	-7.7940362863838
1.4890999794006	-7.9692090540350
1.4938000440598	-8.1484302839644
1.4984999895096	-8.3309486817342
1.5032000541687	-8.5161903295315
1.5078999996185	-8.7038852810295
1.5125999450684	-8.8941445220631
1.5173000097275	-9.0874681222053
1.5219999551773	-9.2846660773527
1.5267000198364	-9.4867389779372
1.5313999652863	-9.6947012528999
1.5361000299454	-9.9094164009127
1.5407999753952	-10.131441156429
1.5455000400543	-10.360926359482
1.5501999855042	-10.597577987831
1.5549000501633	-10.840682717442
1.5595999956131	-11.089214594496
1.5642999410629	-11.341978943796
1.5690000057220	-11.597797321420
1.5736999511719	-11.855682845370
1.5784000158310	-12.114981303677
1.5830999612808	-12.375445194616
1.5878000259399	-12.637218077310
1.5924999713898	-12.900746731402
1.5972000360489	-13.166602135107
1.6018999814987	-13.435277632436
1.6066000461578	-13.706974886013
1.6112999916077	-13.981422347145
1.6160000562668	-14.257736791509
1.6207000017166	-14.534406126720
1.6253999471664	-14.809312718839
1.6301000118256	-15.079902762651
1.6347999572754	-15.343379192509
1.6395000219345	-15.596990808145
1.6441999673843	-15.838295804694
1.6489000320435	-16.065374844154
1.6535999774933	-16.276999180138
1.6583000421524	-16.472650440576
1.6629999876022	-16.652444374355
1.6677000522614	-16.816968051585
1.6723999977112	-16.967046533678
1.6770999431610	-17.103516827615
1.6818000078201	-17.226995283560
1.6864999532700	-17.337763113471
1.6912000179291	-17.435700566222
1.6958999633789	-17.520336254320
1.7006000280380	-17.591001543761
1.7052999734879	-17.647055706558
1.7100000381470	-17.688121135874
1.7146999835968	-17.714360919821
1.7194000482559	-17.726632663446
1.7240999937057	-17.726576072104
1.7288000583649	-17.716524186324
1.7335000038147	-17.699320167720
1.7381999492645	-17.678024036491
1.7429000139236	-17.655582389248
1.7475999593735	-17.634519536102
1.7523000240326	-17.616684010731
1.7569999694824	-17.603125234801
1.7617000341415	-17.594067561997
1.7663999795914	-17.589045339160
1.7711000442505	-17.587131199642
1.7757999897003	-17.587233470514
1.7805000543594	-17.588445240786
1.7851999998093	-17.590324091095
1.7898999452591	-17.593092322399
1.7946000099182	-17.597698192089
1.7992999553680	-17.605713925091
1.8040000200272	-17.619120027013
1.8086999654770	-17.640022988509
1.8134000301361	-17.670288231301
1.8180999755859	-17.711308782734
1.8228000402451	-17.763792701828
1.8274999856949	-17.827691494574
1.8322000503540	-17.902284754915
1.8368999958038	-17.986364005500
1.8415999412537	-18.078520072640
1.8463000059128	-18.177482457057
1.8509999513626	-18.282450402382
1.8557000160217	-18.393322961334
1.8603999614716	-18.510839144721
1.8651000261307	-18.636524482240
1.8697999715805	-18.772518040015
1.8745000362396	-18.921278288186
1.8791999816895	-19.085234653045
1.8839000463486	-19.266494950974
1.8885999917984	-19.466572339909
1.8933000564575	-19.686291161764
1.8980000019073	-19.925798115032
1.9026999473572	-20.184719329396
1.9074000120163	-20.462473412516
1.9120999574661	-20.758647941759
1.9168000221252	-21.073431423095
1.9214999675751	-21.408015910209
1.9262000322342	-21.764870502025
1.9308999776840	-22.147890121496
1.9356000423431	-22.562379740319
1.9402999877930	-23.014917453599
1.9450000524521	-23.513155821869
1.9496999979019	-24.065666346163
1.9543999433517	-24.681873911703
1.9591000080109	-25.372296405974
1.9637999534607	-26.149129968505
1.9685000181198	-27.027329841992
1.9731999635696	-28.026496111101
1.9779000282288	-29.174074031080
1.9825999736786	-30.510572975273
1.9873000383377	-32.098497984720
1.9919999837875	-34.037366509519
1.9967000484467	-36.483938186624
2.0013999938965	-39.618249685791
2.0060999393463	-42.898129178361
2.0107998847961	-42.586134021512
2.0155000686646	-39.013832987372
2.0202000141144	-35.725133147938
2.0248999595642	-33.129324326815
2.0295999050140	-31.043332081747
2.0343000888824	-29.315794455647
2.0390000343323	-27.849215050807
2.0436999797821	-26.580091448181
2.0483999252319	-25.464915150854
2.0531001091003	-24.472435488743
2.0578000545502	-23.579129735393
2.0625000000000	-22.766801822813
2.0671999454498	-22.021119542827
2.0718998908997	-21.330831045334
2.0766000747681	-20.687241272134
2.0813000202179	-20.083815231574
2.0859999656677	-19.515843049428
2.0906999111176	-18.980053492735
2.0954000949860	-18.474240877213
2.1001000404358	-17.996881374835
2.1047999858856	-17.546797601784
2.1094999313354	-17.122864420421
2.1142001152039	-16.723835157332
2.1189000606537	-16.348220699476
2.1236000061035	-15.994294470361
2.1282999515533	-15.660156373391
2.1329998970032	-15.343849554437
2.1377000808716	-15.043528071828
2.1424000263214	-14.757590211549
2.1470999717712	-14.484796193920
2.1517999172211	-14.224328336397
2.1565001010895	-13.975777379863
2.1612000465393	-13.739078563290
2.1658999919891	-13.514379253175
2.1705999374390	-13.301914968916
2.1752998828888	-13.101841913424
2.1800000667572	-12.914135465174
2.1847000122070	-12.738520014450
2.1893999576569	-12.574445619372
2.1940999031067	-12.421138058717
2.1988000869751	-12.277681291402
2.2035000324249	-12.143126175526
2.2081999778748	-12.016623565384
2.2128999233246	-11.897517608593
2.2176001071930	-11.785410836602
2.2223000526428	-11.680189954211
2.2269999980927	-11.581979407160
2.2316999435425	-11.491070781127
2.2363998889923	-11.407810819080
2.2411000728607	-11.332491122357
2.2458000183105	-11.265251045543
2.2504999637604	-11.206013760006
2.2551999092102	-11.154475620022
2.2599000930786	-11.110123140134
2.2646000385284	-11.072322146031
2.2692999839783	-11.040390760751
2.2739999294281	-11.013729727493
2.2787001132965	-10.991899826298
2.2834000587463	-10.974679575536
2.2881000041962	-10.962094088743
2.2927999496460	-10.954374765275
2.2974998950958	-10.951897577015
2.3022000789642	-10.955075697730
2.3069000244141	-10.964273234175
2.3115999698639	-10.979711445819
2.3162999153137	-11.001413179296
2.3210000991821	-11.029191944471
2.3257000446320	-11.062674329626
2.3303999900818	-11.101378593067
2.3350999355316	-11.144799320723
2.3397998809814	-11.192509428171
2.3445000648499	-11.244244885281
2.3492000102997	-11.299961586962
2.3538999557495	-11.359837248842
2.3585999011993	-11.424247072754
2.3633000850677	-11.493696406462
2.3680000305176	-11.568721195441
2.3726999759674	-11.649785305495
2.3773999214172	-11.737209097304
2.3821001052856	-11.831113353875
2.3868000507355	-11.931407712184
2.3914999961853	-12.037846290089
2.3961999416351	-12.150067749198
2.4008998870850	-12.267723088282
2.4056000709534	-12.390563222782
2.4103000164032	-12.518529277795
2.4149999618530	-12.651804251395
2.4196999073029	-12.790811688022
2.4244000911713	-12.936196948591
2.4291000366211	-13.088721521260
2.4337999820709	-13.249181356838
2.4384999275208	-13.418286572076
2.4432001113892	-13.596592119378
2.4479000568390	-13.784426824164
2.4526000022888	-13.981912518263
2.4572999477386	-14.188998314206
2.4619998931885	-14.405559562741
2.4667000770569	-14.631516821355
2.4714000225067	-14.866951722713
2.4760999679565	-15.112232205375
2.4807999134064	-15.368054234399
2.4855000972748	-15.635480499823
2.4902000427246	-15.915858795344
2.4948999881744	-16.210751662849
2.4995999336243	-16.521782078022
2.5043001174927	-16.850513993204
2.5090000629425	-17.198310923491
2.5137000083923	-17.566292285718
2.5183999538422	-17.955297355920
2.5230998992920	-18.365951829846
2.5278000831604	-18.798800370965
2.5325000286102	-19.254431183709
2.5371999740601	-19.733680604361
2.5418999195099	-20.237717686170
2.5466001033783	-20.768065329164
2.5513000488281	-21.326405521924
2.5559999942780	-21.914139088903
2.5606999397278	-22.531554053127
2.5653998851776	-23.176554107545
2.5701000690460	-23.842720794647
2.5748000144958	-24.516752804656
2.5794999599457	-25.175295688711
2.5841999053955	-25.782323094656
2.5889000892639	-26.289093382740
2.5936000347137	-26.640394143513
2.5982999801636	-26.788773478690
2.6029999256134	-26.712078744009
2.6077001094818	-26.422666855897
2.6124000549316	-25.960777399730
2.6171000003815	-25.377858801811
2.6217999458313	-24.721678549052
2.6264998912811	-24.029279049196
2.6312000751495	-23.326290358963
2.6359000205994	-22.629309845149
2.6405999660492	-21.948712064236
2.6452999114990	-21.290857269094
2.6500000953674	-20.659589435124
2.6547000408173	-20.057063063708
2.6593999862671	-19.484253300717
2.6640999317169	-18.941209108505
2.6688001155853	-18.427190610418
2.6735000610352	-17.940831148303
2.6782000064850	-17.480280020018
2.6828999519348	-17.043398592625
2.6875998973846	-16.627934633134
2.6923000812531	-16.231720466373
2.6970000267029	-15.852825944149
2.7016999721527	-15.489677958439
2.7063999176025	-15.141098017550
2.7111001014709	-14.806295826916
2.7158000469208	-14.484785830504
2.7204999923706	-14.176268750821
2.7251999378204	-13.880520151770
2.7298998832703	-13.597256541854
2.7346000671387	-13.326053682367
2.7393000125885	-13.066311375341
2.7439999580383	-12.817238737245
2.7486999034882	-12.577932166783
2.7534000873566	-12.347432813801
2.7581000328064	-12.124830367378
2.7627999782562	-11.909350831386
2.7674999237061	-11.700414082629
2.7722001075745	-11.497662348330
2.7769000530243	-11.300942709605
2.7815999984741	-11.110260239266
2.7862999439240	-10.925699172738
2.7909998893738	-10.747334053142
2.7957000732422	-10.575155784902
2.8004000186920	-10.409023917063
2.8050999641418	-10.248637050199
2.8097999095917	-10.093559272391
2.8145000934601	-9.9432647595493
2.8192000389099	-9.7971993759158
2.8238999843597	-9.6548538228556
2.8285999298096	-9.5158441999806
2.8333001136780	-9.3799294128632
2.8380000591278	-9.2470391661942
2.8427000045776	-9.1172366015163
2.8473999500275	-8.9906820459437
2.8520998954773	-8.8675576687136
2.8568000793457	-8.7480042507137
2.8615000247955	-8.6320704410369
2.8661999702454	-8.5196716468666
2.8708999156952	-8.4105932260490
2.8756000995636	-8.3045149895256
2.8803000450134	-8.2010629592366
2.8849999904633	-8.0998658959477
2.8896999359131	-8.0006160827699
2.8943998813629	-7.9031209340241
2.8991000652313	-7.8073233616680
2.9038000106812	-7.7132886487892
2.9084999561310	-7.6211865443380
2.9131999015808	-7.5312324102961
2.9179000854492	-7.4436269853961
2.9226000308990	-7.3585094769695
2.9272999763489	-7.2759110937139
2.9319999217987	-7.1957483372233
2.9367001056671	-7.1178274842896
2.9414000511169	-7.0418774652608
2.9460999965668	-6.9676098227044
2.9507999420166	-6.8947608837939
2.9554998874664	-6.8231512081575
2.9602000713348	-6.7527060253996
2.9649000167847	-6.6834756050157
2.9695999622345	-6.6156019917574
2.9742999076843	-6.5492911238535
2.9790000915527	-6.4847591047159
2.9837000370026	-6.4221854990513
2.9883999824524	-6.3616607516304
2.9930999279022	-6.3031771131271
2.9978001117706	-6.2466134529891
3.0025000572205	-6.1917713182790
3.0072000026703	-6.1384029155205
3.0118999481201	-6.0862731499585
3.0165998935699	-6.0351911770453
3.0213000774384	-5.9850628684541
3.0260000228882	-5.9358926691839
3.0306999683380	-5.8877889112463
3.0353999137878	-5.8409253260946
3.0401000976562	-5.7955091646269
3.0448000431061	-5.7517261783447
3.0494999885559	-5.7097016512215
3.0541999340057	-5.6694644814587
3.0589001178741	-5.6309509893871
3.0636000633240	-5.5940043665174
3.0683000087738	-5.5584100829294
3.0729999542236	-5.5239425617392
3.0776998996735	-5.4904033056384
3.0824000835419	-5.4576667438306
3.0871000289917	-5.4257054590975
3.0917999744415	-5.3945780997657
3.0964999198914	-5.3644247956929
3.1012001037598	-5.3354387214313
3.1059000492096	-5.3078038161035
3.1105999946594	-5.2816522204749
3.1152999401093	-5.2570588949202
3.1199998855591	-5.2339853997622
3.1247000694275	-5.2123166486115
3.1294000148773	-5.1918637273569
3.1340999603271	-5.1724089584823
3.1387999057770	-5.1537503972200
3.1435000896454	-5.1357338897391
3.1482000350952	-5.1182931673204
3.1528999805450	-5.1014562671806
3.1575999259949	-5.0853285589656
3.1623001098633	-5.0700755104322
3.1670000553131	-5.0558738468082
3.1717000007629	-5.0428814815321
3.1763999462128	-5.0311828978289
3.1810998916626	-5.0207814274188
3.1858000755310	-5.0115865313708
3.1905000209808	-5.0034356888273
3.1951999664307	-4.9961192712579
3.1998999118805	-4.9894267348761
3.2046000957489	-4.9831812244738
3.2093000411987	-4.9772816839183
3.2139999866486	-4.9717101123201
3.2186999320984	-4.9665430562980
3.2234001159668	-4.9619100974130
3.2281000614166	-4.9579801008928
3.2328000068665	-4.9549038631091
3.2374999523163	-4.9527852344802
3.2421998977661	-4.9516403118670
3.2469000816345	-4.9513994705796
3.2516000270844	-4.9519077006804
3.2562999725342	-4.9529513218748
3.2609999179840	-4.9543013756273
3.2657001018524	-4.9557443490477
3.2704000473022	-4.9571260486831
3.2750999927521	-4.9583773578718
3.2797999382019	-4.9595159438744
3.2844998836517	-4.9606247513257
3.2892000675201	-4.9618304484939
3.2939000129700	-4.9632553391186
3.2985999584198	-4.9649824364750
3.3032999038696	-4.9670178198215
3.3080000877380	-4.9692685248306
3.3127000331879	-4.9715608324682
3.3173999786377	-4.9736387595893
3.3220999240875	-4.9752173174253
3.3268001079559	-4.9760166756693
3.3315000534058	-4.9758107257703
3.3361999988556	-4.9744367008876
3.3408999443054	-4.9718293294887
3.3455998897552	-4.9679944389385
3.3503000736237	-4.9629965167056
3.3550000190735	-4.9568969834426
3.3596999645233	-4.9497408431175
3.3643999099731	-4.9414989184133
3.3691000938416	-4.9320553096127
3.3738000392914	-4.9212066343867
3.3784999847412	-4.9086826958926
3.3831999301910	-4.8941760170489
3.3879001140594	-4.8773918498677
3.3926000595093	-4.8580868248645
3.3973000049591	-4.8361103551187
3.4019999504089	-4.8114251900649
3.4066998958588	-4.7840838255673
3.4114000797272	-4.7542325188161
3.4161000251770	-4.7220600264549
3.4207999706268	-4.6877563620742
3.4254999160767	-4.6514805042462
3.4302000999451	-4.6133391481449
3.4349000453949	-4.5733809467523
3.4395999908447	-4.5316082809088
3.4442999362946	-4.4880157868982
3.4489998817444	-4.4426201778305
3.4537000656128	-4.3955088680857
3.4584000110626	-4.3468648397465
3.4630999565125	-4.2969757578908
3.4677999019623	-4.2462337391379
3.4725000858307	-4.1951016546945
3.4772000312805	-4.1440834468702
3.4818999767303	-4.0936693221416
3.4865999221802	-4.0442997695076
3.4913001060486	-3.9963373811125
3.4960000514984	-3.9500521013933
3.5006999969482	-3.9056255923424
3.5053999423981	-3.8631771795731
3.5100998878479	-3.8227894680640
3.5148000717163	-3.7845448338094
3.5195000171661	-3.7485539988792
3.5241999626160	-3.7149720670667
3.5288999080658	-3.6840013654660
3.5336000919342	-3.6558770445438
3.5383000373840	-3.6308419506065
3.5429999828339	-3.6091129080231
3.5476999282837	-3.5908500411266
3.5524001121521	-3.5761350957649
3.5571000576019	-3.5649590378944
3.5618000030518	-3.5572198597234
3.5664999485016	-3.5527520338677
3.5711998939514	-3.5513481611903
3.5759000778198	-3.5527970393043
3.5806000232697	-3.5569145103217
3.5852999687195	-3.5635716825208
3.5899999141693	-3.5727081645962
3.5947000980377	-3.5843213746632
3.5994000434875	-3.5984597943556
3.6040999889374	-3.6151860795301
3.6087999343872	-3.6345579135452
3.6135001182556	-3.6565837242494
3.6182000637054	-3.6812120113267
3.6229000091553	-3.7083281356160
3.6275999546051	-3.7377513893402
3.6322999000549	-3.7692659008450
3.6370000839233	-3.8026438286026
3.6417000293732	-3.8376848163750
3.6463999748230	-3.8742393159452
3.6510999202728	-3.9122303789446
3.6558001041412	-3.9516603084294
3.6605000495911	-3.9925925981932
3.6651999950409	-4.0351362391122
3.6698999404907	-4.0794059369794
3.6745998859406	-4.1254935532141
3.6793000698090	-4.1734382463243
3.6840000152588	-4.2232069794278
3.6886999607086	-4.2746993366971
3.6933999061584	-4.3277512116260
3.6981000900269	-4.3821752922989
3.7028000354767	-4.4377825922972
3.7074999809265	-4.4944249635794
3.7121999263763	-4.5520214471012
3.7169001102448	-4.6105629870809
3.7216000556946	-4.6701255991995
3.7263000011444	-4.7308385829928
3.7309999465942	-4.7928539325668
3.7356998920441	-4.8563104057878
3.7404000759125	-4.9213032920062
3.7451000213623	-4.9878420724582
3.7497999668121	-5.0558586503912
3.7544999122620	-5.1251986425196
3.7592000961304	-5.1956504828862
3.7639000415802	-5.2669824814316
3.7685999870300	-5.3389816895789
3.7732999324799	-5.4114894499563
3.7780001163483	-5.4844277544397
3.7827000617981	-5.5578023203188
3.7874000072479	-5.6316972934510
3.7920999526978	-5.7062324154190
3.7967998981476	-5.7815299691724
3.8015000820160	-5.8576688725495
3.8062000274658	-5.9346425239503
3.8108999729156	-6.0123404667268
3.8155999183655	-6.0905458683093
3.8203001022339	-6.1689557511262
3.8250000476837	-6.2472174169038
3.8296999931335	-6.3249797640609
3.8343999385834	-6.4019438176434
3.8390998840332	-6.4778904880717
3.8438000679016	-6.5527091141075
3.8485000133514	-6.6263862875482
3.8531999588013	-6.6989762847579
3.8578999042511	-6.7705554289314
3.8626000881195	-6.8411681067440
3.8673000335693	-6.9107739846556
3.8719999790192	-6.9792224165408
3.8766999244690	-7.0462440609744
3.8814001083374	-7.1114679776677
3.8861000537872	-7.1744737977555
3.8907999992371	-7.2348447788092
3.8954999446869	-7.2922370676187
3.9001998901367	-7.3464267335433
3.9049000740051	-7.3973406551365
3.9096000194550	-7.4450479431232
3.9142999649048	-7.4897320282410
3.9189999103546	-7.5316319182774
3.9237000942230	-7.5709731405610
3.9284000396729	-7.6079126716226
3.9330999851227	-7.6424957769466
3.9377999305725	-7.6746438154863
3.9425001144409	-7.7041786786883
3.9472000598907	-7.7308707254121
3.9519000053406	-7.7545105637716
3.9565999507904	-7.7749716491100
3.9612998962402	-7.7922678151332
3.9660000801086	-7.8065797897666
3.9707000255585	-7.8182458237352
3.9753999710083	-7.8277198031576
3.9800999164581	-7.8355030669926
3.9848001003265	-7.8420713912416
3.9895000457764	-7.8478062466865
3.9941999912262	-7.8529494169617
3.9988999366760	-7.8575886865070
4.0036001205444	-7.8616764406564
4.0082998275757	-7.8650923801160
4.0130000114441	-7.8676965007826
4.0177001953125	-7.8694157465173
4.0223999023438	-7.8702909909068
4.0271000862122	-7.8705096747717
4.0317997932434	-7.8704031850209
4.0364999771118	-7.8704086185764
4.0412001609802	-7.8710024061106
4.0458998680115	-7.8726238158515
4.0506000518799	-7.8756167033827
4.0553002357483	-7.8801722978061
4.0599999427795	-7.8863122524559
4.0647001266479	-7.8939116414569
4.0693998336792	-7.9027385659251
4.0741000175476	-7.9125320295609
4.0788002014160	-7.9230713371371
4.0834999084473	-7.9342403802437
4.0882000923157	-7.9460681978698
4.0928997993469	-7.9587365860482
4.0975999832153	-7.9725523000306
4.1023001670837	-7.9878815161442
4.1069998741150	-8.0050855229047
4.1117000579834	-8.0244448537302
4.1163997650146	-8.0460962132022
4.1210999488831	-8.0700071350193
4.1258001327515	-8.0959847473151
4.1304998397827	-8.1237104127758
4.1352000236511	-8.1528091141926
4.1399002075195	-8.1829266696993
4.1445999145508	-8.2138036795393
4.1493000984192	-8.2453322679666
4.1539998054504	-8.2775702906037
4.1586999893188	-8.3107314171401
4.1634001731873	-8.3451277412015
4.1680998802185	-8.3810983512392
4.1728000640869	-8.4189224084891
4.1774997711182	-8.4587554416619
4.1821999549866	-8.5005686904665
4.1869001388550	-8.5441637525901
4.1915998458862	-8.5891800601130
4.1963000297546	-8.6351761626521
4.2010002136230	-8.6817082774107
4.2056999206543	-8.7284183727455
4.2104001045227	-8.7751079226466
4.2150998115540	-8.8217758752732
4.2197999954224	-8.8686214601688
4.2245001792908	-8.9159898952602
4.2291998863220	-8.9643035631885
4.2339000701904	-9.0139716744938
4.2385997772217	-9.0653007981924
4.2432999610901	-9.1184366142510
4.2480001449585	-9.1733382858630
4.2526998519897	-9.2298106533812
4.2574000358582	-9.2875617075031
4.2621002197266	-9.3463018002336
4.2667999267578	-9.4058441675688
4.2715001106262	-9.4661908401118
4.2761998176575	-9.5275992151155
4.2809000015259	-9.5905740410595
4.2856001853943	-9.6558391286607
4.2902998924255	-9.7242352458653
4.2950000762939	-9.7966134894108
4.2996997833252	-9.8737124733846
4.3043999671936	-9.9560653941293
4.3091001510620	-10.043929258384
4.3137998580933	-10.137278215838
4.3185000419617	-10.235840431088
4.3232002258301	-10.339178825462
4.3278999328613	-10.446793515973
4.3326001167297	-10.558240576397
4.3372998237610	-10.673213966281
4.3420000076294	-10.791599161655
4.3467001914978	-10.913463810990
4.3513998985291	-11.039006260498
4.3561000823975	-11.168438751298
4.3607997894287	-11.301880930811
4.3654999732971	-11.439232927390
4.3702001571655	-11.580097399670
4.3748998641968	-11.723758805548
4.3796000480652	-11.869232180251
4.3843002319336	-12.015367346796
4.3889999389648	-12.161021423589
4.3937001228333	-12.305226380405
4.3983998298645	-12.447353799904
4.4031000137329	-12.587193369170
4.4078001976013	-12.724970439660
4.4124999046326	-12.861237464512
4.4172000885010	-12.996711525784
4.4218997955322	-13.132052824462
4.4265999794006	-13.267657858977
4.4313001632690	-13.403509447286
4.4359998703003	-13.539110769148
4.4407000541687	-13.673539594796
4.4454002380371	-13.805598991870
4.4500999450684	-13.934057724696
4.4548001289368	-14.057905215778
4.4594998359680	-14.176578646075
4.4642000198364	-14.290078595354
4.4689002037048	-14.398967584003
4.4735999107361	-14.504205773221
4.4783000946045	-14.606902653966
4.4829998016357	-14.708000946714
4.4876999855042	-14.808002810407
4.4924001693726	-14.906786329931
4.4970998764038	-15.003555662252
4.5018000602722	-15.096963454793
4.5064997673035	-15.185370886017
4.5111999511719	-15.267181352639
4.5159001350403	-15.341218961028
4.5205998420715	-15.406971879083
4.5253000259399	-15.464714389231
4.5300002098083	-15.515437081287
4.5346999168396	-15.560534303754
4.5394001007080	-15.601484569364
4.5440998077393	-15.639400671232
4.5487999916077	-15.674746224789
4.5535001754761	-15.707184370777
4.5581998825073	-15.735594777515
4.5629000663757	-15.758345375620
4.5675997734070	-15.773643875169
4.5722999572754	-15.780009673516
4.5770001411438	-15.776632237812
4.5816998481750	-15.763621108792
4.5864000320435	-15.741980566364
4.5911002159119	-15.713413987547
4.5957999229431	-15.679896272345
4.6005001068115	-15.643233420399
4.6051998138428	-15.604660625762
4.6098999977112	-15.564569662436
4.6146001815796	-15.522479300552
4.6192998886108	-15.477180710796
4.6240000724792	-15.427092472926
4.6286997795105	-15.370684257523
4.6333999633789	-15.306932237183
4.6381001472473	-15.235611772938
4.6427998542786	-15.157425773562
4.6475000381470	-15.073897844266
4.6522002220154	-14.987024898375
4.6568999290466	-14.898894020901
4.6616001129150	-14.811215670145
4.6662998199463	-14.725020138298
4.6710000038147	-14.640464071102
4.6757001876831	-14.556894668282
4.6803998947144	-14.473036993912
4.6851000785828	-14.387378618837
4.6897997856140	-14.298558174131
4.6944999694824	-14.205756825606
4.6992001533508	-14.108928650773
4.7038998603821	-14.008861682014
4.7086000442505	-13.907025288351
4.7133002281189	-13.805262086153
4.7179999351501	-13.705402999918
4.7227001190186	-13.608905425231
4.7273998260498	-13.516556687372
4.7321000099182	-13.428365565000
4.7368001937866	-13.343602013191
4.7414999008179	-13.261014705289
4.7462000846863	-13.179141041028
4.7508997917175	-13.096686514760
4.7555999755859	-13.012844440435
4.7603001594543	-12.927514774878
4.7649998664856	-12.841347949951
4.7697000503540	-12.755626032803
4.7744002342224	-12.671988451677
4.7790999412537	-12.592073715278
4.7838001251221	-12.517199810656
4.7884998321533	-12.448087416857
4.7932000160217	-12.384734047154
4.7979001998901	-12.326440667747
4.8025999069214	-12.271977366260
4.8073000907898	-12.219870682036
4.8119997978210	-12.168748924252
4.8166999816895	-12.117648348649
4.8214001655579	-12.066256917821
4.8260998725891	-12.014981277872
4.8308000564575	-11.964860165005
4.8354997634888	-11.917337207269
4.8401999473572	-11.873939278361
4.8449001312256	-11.835916619193
4.8495998382568	-11.803983795995
4.8543000221252	-11.778146287534
4.8590002059937	-11.757671662181
4.8636999130249	-11.741247003546
4.8684000968933	-11.727217584572
4.8730998039246	-11.713958432165
4.8777999877930	-11.700202835999
4.8825001716614	-11.685317185642
4.8871998786926	-11.669453497412
4.8919000625610	-11.653486671361
4.8965997695923	-11.638813092781
4.9012999534607	-11.627023010543
4.9060001373291	-11.619523910840
4.9106998443604	-11.617190219902
4.9154000282288	-11.620161540117
4.9201002120972	-11.627761286584
4.9247999191284	-11.638606783220
4.9295001029968	-11.650853593298
4.9341998100281	-11.662572953594
4.9388999938965	-11.672131723099
4.9436001777649	-11.678525898920
4.9482998847961	-11.681549556356
4.9530000686646	-11.681761903201
4.9576997756958	-11.680267004176
4.9623999595642	-11.678299467599
4.9671001434326	-11.676771089139
4.9717998504639	-11.675861055914
4.9765000343323	-11.674698814221
4.9812002182007	-11.671301597988
4.9858999252319	-11.662712400116
4.9906001091003	-11.645387803659
4.9952998161316	-11.615758047638
5.0000000000000	-11.570843579655
