#Parameters = {R_fat=48; R_glandular=38; R_skin_outer=50; T10=5; T15=7.5; T5=2.5; T_rad=4; T_x=10; T_y=0; T_z=75; Zc=65; skin_thickness=2}
#"Frequency / GHz"	"S1,1 [Magnitude / dB]"
#-----------------------------------------
0.30000001192093	-26.484945932250
0.30469998717308	-27.443861661911
0.30939999222755	-29.472584671747
0.31409999728203	-33.533656777257
0.31880000233650	-41.293414478525
0.32350000739098	-33.678295814234
0.32820001244545	-27.133843124426
0.33289998769760	-23.017544911359
0.33759999275208	-20.028250911564
0.34229999780655	-17.691855875524
0.34700000286102	-15.788918887445
0.35170000791550	-14.202288690134
0.35640001296997	-12.865430935094
0.36109998822212	-11.740872255309
0.36579999327660	-10.809336798337
0.37049999833107	-10.062897778395
0.37520000338554	-9.4994078423655
0.37990000844002	-9.1175658814624
0.38460001349449	-8.9129031414814
0.38929998874664	-8.8755606049094
0.39399999380112	-8.9904638585057
0.39869999885559	-9.2394736356247
0.40340000391006	-9.6045219555217
0.40810000896454	-10.070501123852
0.41280001401901	-10.627285323323
0.41749998927116	-11.270598299852
0.42219999432564	-12.001779186746
0.42689999938011	-12.826261793482
0.43160000443459	-13.750031044707
0.43630000948906	-14.772312389269
0.44100001454353	-15.871267201726
0.44569998979568	-16.979306057717
0.45039999485016	-17.954433852759
0.45509999990463	-18.589521509554
0.45980000495911	-18.724407833315
0.46450001001358	-18.391061129192
0.46919998526573	-17.786182280020
0.47389999032021	-17.115149533222
0.47859999537468	-16.508526443253
0.48330000042915	-16.028364263758
0.48800000548363	-15.696231645936
0.49270001053810	-15.512644694424
0.49739998579025	-15.465762195502
0.50209999084473	-15.533058909053
0.50679999589920	-15.679301047614
0.51150000095367	-15.854166369840
0.51620000600815	-15.994271610502
0.52090001106262	-16.034965560796
0.52560001611710	-15.931731777183
0.53030002117157	-15.679228871887
0.53500002622604	-15.311981374681
0.53969997167587	-14.886070069205
0.54439997673035	-14.457223631813
0.54909998178482	-14.067846936834
0.55379998683929	-13.743743166746
0.55849999189377	-13.495726937041
0.56319999694824	-13.322155746716
0.56790000200272	-13.210937237745
0.57260000705719	-13.141141286229
0.57730001211166	-13.085322626960
0.58200001716614	-13.013641771733
0.58670002222061	-12.900022748260
0.59140002727509	-12.728750669561
0.59609997272491	-12.498541438653
0.60079997777939	-12.221774346333
0.60549998283386	-11.919460083330
0.61019998788834	-11.614731939211
0.61489999294281	-11.327589675736
0.61959999799728	-11.071883720604
0.62430000305176	-10.854254467246
0.62900000810623	-10.674263730573
0.63370001316071	-10.525175377154
0.63840001821518	-10.395377980236
0.64310002326965	-10.270433568265
0.64780002832413	-10.135824879692
0.65249997377396	-9.9799504662888
0.65719997882843	-9.7966278875028
0.66189998388290	-9.5861976373467
0.66659998893738	-9.3548659379453
0.67129999399185	-9.1126174310396
0.67599999904633	-8.8705872384774
0.68070000410080	-8.6386828871092
0.68540000915527	-8.4239239122765
0.69010001420975	-8.2295926591460
0.69480001926422	-8.0550787903441
0.69950002431870	-7.8963302906363
0.70420002937317	-7.7467874541410
0.70889997482300	-7.5987176950643
0.71359997987747	-7.4447861165845
0.71829998493195	-7.2795429316312
0.72299998998642	-7.1004472680436
0.72769999504089	-6.9082206526930
0.73240000009537	-6.7063837731979
0.73710000514984	-6.5002536652581
0.74180001020432	-6.2956590348344
0.74650001525879	-6.0977516790355
0.75120002031326	-5.9101107499398
0.75590002536774	-5.7342531706547
0.76059997081757	-5.5695482122144
0.76529997587204	-5.4135254991775
0.76999998092651	-5.2624857405637
0.77469998598099	-5.1123148581241
0.77939999103546	-4.9593452437753
0.78409999608994	-4.8011058238207
0.78880000114441	-4.6367492714230
0.79350000619888	-4.4671302559466
0.79820001125336	-4.2944845089559
0.80290001630783	-4.1218597187038
0.80760002136230	-3.9524377796798
0.81230002641678	-3.7889087151241
0.81699997186661	-3.6330062151583
0.82169997692108	-3.4852857225825
0.82639998197556	-3.3451587038877
0.83109998703003	-3.2111492255787
0.83579999208450	-3.0813219594710
0.84049999713898	-2.9537876497989
0.84520000219345	-2.8271569007634
0.84990000724792	-2.7008830432016
0.85460001230240	-2.5753645260322
0.85930001735687	-2.4518562759739
0.86400002241135	-2.3321727875892
0.86870002746582	-2.2183041717812
0.87339997291565	-2.1120214640107
0.87809997797012	-2.0145715108499
0.88279998302460	-1.9265217100702
0.88749998807907	-1.8477899307975
0.89219999313354	-1.7778583115603
0.89689999818802	-1.7160961835569
0.90160000324249	-1.6621259966267
0.90630000829697	-1.6161550458059
0.91100001335144	-1.5791697182783
0.91570001840591	-1.5529379850541
0.92040002346039	-1.5398392223242
0.92510002851486	-1.5425350080679
0.92979997396469	-1.5635910086271
0.93449997901917	-1.6051298429620
0.93919998407364	-1.6686232875554
0.94389998912811	-1.7549017072223
0.94859999418259	-1.8643922122407
0.95329999923706	-1.9976079335010
0.95800000429153	-2.1557909682935
0.96270000934601	-2.3416198291107
0.96740001440048	-2.5598575485013
0.97210001945496	-2.8178042679387
0.97680002450943	-3.1255378697833
0.98150002956390	-3.4959304107924
0.98619997501373	-3.9446471741166
0.99089998006821	-4.4903017609434
0.99559998512268	-5.1551781058911
1.0003000497818	-5.9669104846558
1.0049999952316	-6.9618534145579
1.0096999406815	-8.1915011397573
1.0144000053406	-9.7347426414941
1.0190999507904	-11.722815517234
1.0238000154495	-14.392470560278
1.0284999608994	-18.171872755449
1.0332000255585	-22.919246343676
1.0378999710083	-21.624874338719
1.0426000356674	-16.773575918442
1.0472999811172	-13.232543869491
1.0520000457764	-10.668476046632
1.0566999912262	-8.7143131742880
1.0614000558853	-7.1733222427482
1.0661000013351	-5.9353727654732
1.0707999467850	-4.9335751379237
1.0755000114441	-4.1235765658734
1.0801999568939	-3.4729938815469
1.0849000215530	-2.9557153049624
1.0895999670029	-2.5488593930588
1.0943000316620	-2.2314262990149
1.0989999771118	-1.9840055207033
1.1037000417709	-1.7891679961615
1.1083999872208	-1.6321728862930
1.1131000518799	-1.5016438479889
1.1177999973297	-1.3899400388553
1.1224999427795	-1.2930685105136
1.1272000074387	-1.2100852942638
1.1318999528885	-1.1421321651605
1.1366000175476	-1.0912755918442
1.1412999629974	-1.0594332639191
1.1460000276566	-1.0475210832867
1.1506999731064	-1.0549724437654
1.1554000377655	-1.0796140343000
1.1600999832153	-1.1179193613049
1.1648000478745	-1.1655108631301
1.1694999933243	-1.2178519861544
1.1742000579834	-1.2709432420406
1.1789000034332	-1.3219468078972
1.1835999488831	-1.3695593748584
1.1883000135422	-1.4140914961558
1.1929999589920	-1.4572195882573
1.1977000236511	-1.5014809041132
1.2023999691010	-1.5496378782662
1.2071000337601	-1.6040526097890
1.2117999792099	-1.6662024854772
1.2165000438690	-1.7363890264992
1.2211999893188	-1.8137182235887
1.2259000539780	-1.8962860548904
1.2305999994278	-1.9815614806005
1.2352999448776	-2.0668673516195
1.2400000095367	-2.1498885339690
1.2446999549866	-2.2290995135743
1.2494000196457	-2.3040385785692
1.2540999650955	-2.3753397020562
1.2588000297546	-2.4445589752425
1.2634999752045	-2.5138125010061
1.2682000398636	-2.5853171311105
1.2728999853134	-2.6609452370036
1.2776000499725	-2.7418661788493
1.2822999954224	-2.8283546693951
1.2869999408722	-2.9197680887588
1.2917000055313	-3.0147001151249
1.2963999509811	-3.1112700647462
1.3011000156403	-3.2074996847207
1.3057999610901	-3.3016935789992
1.3105000257492	-3.3927812245922
1.3151999711990	-3.4805146108262
1.3199000358582	-3.5655006583953
1.3245999813080	-3.6490670331295
1.3293000459671	-3.7329765625139
1.3339999914169	-3.8190736414480
1.3387000560760	-3.9089274551217
1.3434000015259	-4.0035510662049
1.3480999469757	-4.1032367971671
1.3528000116348	-4.2075281717312
1.3574999570847	-4.3153357711588
1.3622000217438	-4.4251688510869
1.3668999671936	-4.5354226403334
1.3716000318527	-4.6447093766593
1.3762999773026	-4.7521325529634
1.3810000419617	-4.8574712860369
1.3856999874115	-4.9612255297735
1.3904000520706	-5.0645248564217
1.3950999975204	-5.1689013225291
1.3997999429703	-5.2760101284028
1.4045000076294	-5.3873224102771
1.4091999530792	-5.5038749895446
1.4139000177383	-5.6261038238622
1.4185999631882	-5.7537943429893
1.4233000278473	-5.8861467427433
1.4279999732971	-6.0219463624903
1.4327000379562	-6.1598008636830
1.4373999834061	-6.2984342612910
1.4421000480652	-6.4369350525366
1.4467999935150	-6.5749613656791
1.4515000581741	-6.7128227865412
1.4562000036240	-6.8514489423562
1.4608999490738	-6.9922318008087
1.4656000137329	-7.1367846496142
1.4702999591827	-7.2866693553151
1.4750000238419	-7.4431414010279
1.4796999692917	-7.6069474257790
1.4844000339508	-7.7782234161276
1.4890999794006	-7.9564841904078
1.4938000440598	-8.1407322076193
1.4984999895096	-8.3296416565523
1.5032000541687	-8.5218166436138
1.5078999996185	-8.7160659262784
1.5125999450684	-8.9116451697699
1.5173000097275	-9.1084344730990
1.5219999551773	-9.3069844891931
1.5267000198364	-9.5084533879515
1.5313999652863	-9.7144156364282
1.5361000299454	-9.9266052053010
1.5407999753952	-10.146616547352
1.5455000400543	-10.375639179735
1.5501999855042	-10.614240259769
1.5549000501633	-10.862252078156
1.5595999956131	-11.118759755537
1.5642999410629	-11.382211507229
1.5690000057220	-11.650628220570
1.5736999511719	-11.921899529189
1.5784000158310	-12.194107513083
1.5830999612808	-12.465828875602
1.5878000259399	-12.736346193278
1.5924999713898	-13.005728649771
1.5972000360489	-13.274745044508
1.6018999814987	-13.544643251797
1.6066000461578	-13.816811888575
1.6112999916077	-14.092406245087
1.6160000562668	-14.371994368914
1.6207000017166	-14.655262223267
1.6253999471664	-14.940845449061
1.6301000118256	-15.226310835762
1.6347999572754	-15.508264343473
1.6395000219345	-15.782665327736
1.6441999673843	-16.045225006892
1.6489000320435	-16.291911723308
1.6535999774933	-16.519426365519
1.6583000421524	-16.725602666355
1.6629999876022	-16.909625371858
1.6677000522614	-17.072009173627
1.6723999977112	-17.214393580534
1.6770999431610	-17.339159831933
1.6818000078201	-17.448951525329
1.6864999532700	-17.546209033366
1.6912000179291	-17.632785943792
1.6958999633789	-17.709668646829
1.7006000280380	-17.776882871729
1.7052999734879	-17.833573758235
1.7100000381470	-17.878257110302
1.7146999835968	-17.909241203703
1.7194000482559	-17.925105857597
1.7240999937057	-17.925225895706
1.7288000583649	-17.910144285376
1.7335000038147	-17.881737842041
1.7381999492645	-17.843155535358
1.7429000139236	-17.798470021696
1.7475999593735	-17.752163356519
1.7523000240326	-17.708569595070
1.7569999694824	-17.671301504031
1.7617000341415	-17.642837231963
1.7663999795914	-17.624266677178
1.7711000442505	-17.615268286638
1.7757999897003	-17.614290872009
1.7805000543594	-17.618921584495
1.7851999998093	-17.626448731375
1.7898999452591	-17.634417176822
1.7946000099182	-17.641230215625
1.7992999553680	-17.646527588037
1.8040000200272	-17.651352756593
1.8086999654770	-17.658012646677
1.8134000301361	-17.669709155163
1.8180999755859	-17.689974280928
1.8228000402451	-17.722084430650
1.8274999856949	-17.768527029636
1.8322000503540	-17.830632732070
1.8368999958038	-17.908387032184
1.8415999412537	-18.000496739433
1.8463000059128	-18.104652284706
1.8509999513626	-18.218002349128
1.8557000160217	-18.337739554601
1.8603999614716	-18.461717902352
1.8651000261307	-18.588989252828
1.8697999715805	-18.720103717035
1.8745000362396	-18.857155162460
1.8791999816895	-19.003497145083
1.8839000463486	-19.163260657643
1.8885999917984	-19.340702078234
1.8933000564575	-19.539616842388
1.8980000019073	-19.762836498717
1.9026999473572	-20.011891681277
1.9074000120163	-20.286946214502
1.9120999574661	-20.586959642551
1.9168000221252	-20.910087079025
1.9214999675751	-21.254330088377
1.9262000322342	-21.618305779540
1.9308999776840	-22.002075667870
1.9356000423431	-22.407841962595
1.9402999877930	-22.840422410938
1.9450000524521	-23.307384822352
1.9496999979019	-23.818899150919
1.9543999433517	-24.387444991094
1.9591000080109	-25.027498878526
1.9637999534607	-25.755545905952
1.9685000181198	-26.590531884557
1.9731999635696	-27.555147967154
1.9779000282288	-28.678456957548
1.9825999736786	-30.000902847675
1.9873000383377	-31.583758221527
1.9919999837875	-33.528497306966
1.9967000484467	-36.019017378736
2.0013999938965	-39.417648549672
2.0060999393463	-44.310717112711
2.0107998847961	-47.144912361355
2.0155000686646	-41.974750785688
2.0202000141144	-37.602682180073
2.0248999595642	-34.490317131389
2.0295999050140	-32.105155291862
2.0343000888824	-30.172739368147
2.0390000343323	-28.549748424952
2.0436999797821	-27.154409319210
2.0483999252319	-25.935898862681
2.0531001091003	-24.860043321437
2.0578000545502	-23.901923719605
2.0625000000000	-23.042041296780
2.0671999454498	-22.264224261978
2.0718998908997	-21.554669008788
2.0766000747681	-20.901412923576
2.0813000202179	-20.294278279946
2.0859999656677	-19.724946268527
2.0906999111176	-19.187029799989
2.0954000949860	-18.676064781279
2.1001000404358	-18.189359018213
2.1047999858856	-17.725682943176
2.1094999313354	-17.284822434097
2.1142001152039	-16.867114986018
2.1189000606537	-16.472962825421
2.1236000061035	-16.102469376325
2.1282999515533	-15.755192714574
2.1329998970032	-15.430022808251
2.1377000808716	-15.125242552323
2.1424000263214	-14.838654504736
2.1470999717712	-14.567841680700
2.1517999172211	-14.310459791288
2.1565001010895	-14.064507134153
2.1612000465393	-13.828553578206
2.1658999919891	-13.601857945140
2.1705999374390	-13.384364292446
2.1752998828888	-13.176567675002
2.1800000667572	-12.979315022121
2.1847000122070	-12.793535546037
2.1893999576569	-12.619987680918
2.1940999031067	-12.459055689944
2.1988000869751	-12.310615716007
2.2035000324249	-12.174028593265
2.2081999778748	-12.048195423281
2.2128999233246	-11.931728823632
2.2176001071930	-11.823161640821
2.2223000526428	-11.721176226984
2.2269999980927	-11.624804309210
2.2316999435425	-11.533551579452
2.2363998889923	-11.447448421707
2.2411000728607	-11.366979614879
2.2458000183105	-11.292940873628
2.2504999637604	-11.226235287637
2.2551999092102	-11.167656916114
2.2599000930786	-11.117711114456
2.2646000385284	-11.076493283469
2.2692999839783	-11.043634308527
2.2739999294281	-11.018354626338
2.2787001132965	-10.999605769019
2.2834000587463	-10.986222762902
2.2881000041962	-10.977153746252
2.2927999496460	-10.971636297050
2.2974998950958	-10.969324518126
2.3022000789642	-10.970335894687
2.3069000244141	-10.975216252095
2.3115999698639	-10.984800141766
2.3162999153137	-11.000035332463
2.3210000991821	-11.021787069546
2.3257000446320	-11.050653310819
2.3303999900818	-11.086845162918
2.3350999355316	-11.130142008450
2.3397998809814	-11.179927681872
2.3445000648499	-11.235314784559
2.3492000102997	-11.295314256299
2.3538999557495	-11.359040541378
2.3585999011993	-11.425879527902
2.3633000850677	-11.495632408856
2.3680000305176	-11.568569462083
2.3726999759674	-11.645377094283
2.3773999214172	-11.727040525726
2.3821001052856	-11.814669186536
2.3868000507355	-11.909271393795
2.3914999961853	-12.011607381468
2.3961999416351	-12.122027671333
2.4008998870850	-12.240444839887
2.4056000709534	-12.366370703692
2.4103000164032	-12.499023330990
2.4149999618530	-12.637532522250
2.4196999073029	-12.781136590902
2.4244000911713	-12.929384510121
2.4291000366211	-13.082295745038
2.4337999820709	-13.240401559270
2.4384999275208	-13.404723780422
2.4432001113892	-13.576635599068
2.4479000568390	-13.757648758765
2.4526000022888	-13.949214230837
2.4572999477386	-14.152484211591
2.4619998931885	-14.368167239629
2.4667000770569	-14.596482939535
2.4714000225067	-14.837164964315
2.4760999679565	-15.089642546378
2.4807999134064	-15.353228269021
2.4855000972748	-15.627419784786
2.4902000427246	-15.912140767513
2.4948999881744	-16.207974333292
2.4995999336243	-16.516261595692
2.5043001174927	-16.839075607017
2.5090000629425	-17.179082617106
2.5137000083923	-17.539238897676
2.5183999538422	-17.922519156961
2.5230998992920	-18.331534386483
2.5278000831604	-18.768303680927
2.5325000286102	-19.234023146933
2.5371999740601	-19.729063864824
2.5418999195099	-20.253007139903
2.5466001033783	-20.804908383221
2.5513000488281	-21.383545766397
2.5559999942780	-21.987683851422
2.5606999397278	-22.616113723556
2.5653998851776	-23.267179680010
2.5701000690460	-23.937533885862
2.5748000144958	-24.619719315193
2.5794999599457	-25.298285204548
2.5841999053955	-25.944818146604
2.5889000892639	-26.513460537199
2.5936000347137	-26.941586081586
2.5982999801636	-27.162063428286
2.6029999256134	-27.128501204616
2.6077001094818	-26.839182649321
2.6124000549316	-26.338792888119
2.6171000003815	-25.696051959157
2.6217999458313	-24.977349718729
2.6264998912811	-24.232422334089
2.6312000751495	-23.492352051401
2.6359000205994	-22.773607764393
2.6405999660492	-22.083081904137
2.6452999114990	-21.422285035096
2.6500000953674	-20.790270823039
2.6547000408173	-20.185431491300
2.6593999862671	-19.606469043510
2.6640999317169	-19.052724908807
2.6688001155853	-18.524160732479
2.6735000610352	-18.021052016669
2.6782000064850	-17.543660002728
2.6828999519348	-17.091910838910
2.6875998973846	-16.665162983413
2.6923000812531	-16.262137690333
2.6970000267029	-15.880959076834
2.7016999721527	-15.519313232678
2.7063999176025	-15.174688306329
2.7111001014709	-14.844657884531
2.7158000469208	-14.527112996535
2.7204999923706	-14.220485061520
2.7251999378204	-13.923824434701
2.7298998832703	-13.636771767844
2.7346000671387	-13.359459684584
2.7393000125885	-13.092295171528
2.7439999580383	-12.835734230929
2.7486999034882	-12.590081270741
2.7534000873566	-12.355316212658
2.7581000328064	-12.131026085619
2.7627999782562	-11.916400391827
2.7674999237061	-11.710326212034
2.7722001075745	-11.511542329458
2.7769000530243	-11.318814998915
2.7815999984741	-11.131108027945
2.7862999439240	-10.947724251438
2.7909998893738	-10.768367666122
2.7957000732422	-10.593117009166
2.8004000186920	-10.422356765558
2.8050999641418	-10.256612198612
2.8097999095917	-10.096402599303
2.8145000934601	-9.9420811002309
2.8192000389099	-9.7937298913480
2.8238999843597	-9.6511042974621
2.8285999298096	-9.5136563383834
2.8333001136780	-9.3806223885462
2.8380000591278	-9.2511383483642
2.8427000045776	-9.1244038577943
2.8473999500275	-8.9997924684286
2.8520998954773	-8.8769682791942
2.8568000793457	-8.7559125522919
2.8615000247955	-8.6368882358990
2.8661999702454	-8.5203674829760
2.8708999156952	-8.4068829660102
2.8756000995636	-8.2969189819585
2.8803000450134	-8.1907870532572
2.8849999904633	-8.0885248757922
2.8896999359131	-7.9899076739988
2.8943998813629	-7.8944676637019
2.8991000652313	-7.8015772391864
2.9038000106812	-7.7105792492442
2.9084999561310	-7.6209021021674
2.9131999015808	-7.5321657588784
2.9179000854492	-7.4442505440527
2.9226000308990	-7.3573027475605
2.9272999763489	-7.2716903281327
2.9319999217987	-7.1879085742564
2.9367001056671	-7.1064665166867
2.9414000511169	-7.0277779969318
2.9460999965668	-6.9520553380455
2.9507999420166	-6.8792756288899
2.9554998874664	-6.8091725962490
2.9602000713348	-6.7412946989996
2.9649000167847	-6.6750935332705
2.9695999622345	-6.6100291858984
2.9742999076843	-6.5456963004480
2.9790000915527	-6.4818734984784
2.9837000370026	-6.4185889633087
2.9883999824524	-6.3560922226470
2.9930999279022	-6.2947969202313
2.9978001117706	-6.2351899866234
3.0025000572205	-6.1777194923683
3.0072000026703	-6.1226945366466
3.0118999481201	-6.0702312694362
3.0165998935699	-6.0202118773558
3.0213000774384	-5.9723173343622
3.0260000228882	-5.9260926892989
3.0306999683380	-5.8810370970000
3.0353999137878	-5.8367046070144
3.0401000976562	-5.7928008930924
3.0448000431061	-5.7492384516740
3.0494999885559	-5.7061415022825
3.0541999340057	-5.6638271275044
3.0589001178741	-5.6227192884984
3.0636000633240	-5.5832721405331
3.0683000087738	-5.5458461735192
3.0729999542236	-5.5106568384015
3.0776998996735	-5.4777008439249
3.0824000835419	-5.4467797899398
3.0871000289917	-5.4175219796029
3.0917999744415	-5.3894679481082
3.0964999198914	-5.3621609542494
3.1012001037598	-5.3352434347536
3.1059000492096	-5.3085216897908
3.1105999946594	-5.2820125569709
3.1152999401093	-5.2559256253665
3.1199998855591	-5.2306190508896
3.1247000694275	-5.2065183092078
3.1294000148773	-5.1840207133884
3.1340999603271	-5.1634034238042
3.1387999057770	-5.1447758256733
3.1435000896454	-5.1280342957072
3.1482000350952	-5.1128999098729
3.1528999805450	-5.0989672894047
3.1575999259949	-5.0857802849060
3.1623001098633	-5.0729378855853
3.1670000553131	-5.0601671728934
3.1717000007629	-5.0473727639786
3.1763999462128	-5.0346700748075
3.1810998916626	-5.0223361766280
3.1858000755310	-5.0107571402038
3.1905000209808	-5.0003362168811
3.1951999664307	-4.9914092369578
3.1998999118805	-4.9841558643795
3.2046000957489	-4.9785800592327
3.2093000411987	-4.9744791097346
3.2139999866486	-4.9715044258128
3.2186999320984	-4.9692139423624
3.2234001159668	-4.9671701114491
3.2281000614166	-4.9650303709867
3.2328000068665	-4.9626004229080
3.2374999523163	-4.9598917316038
3.2421998977661	-4.9570865925813
3.2469000816345	-4.9545129133539
3.2516000270844	-4.9525545903942
3.2562999725342	-4.9515646804431
3.2609999179840	-4.9517865634457
3.2657001018524	-4.9532759456599
3.2704000473022	-4.9559066390516
3.2750999927521	-4.9593616945075
3.2797999382019	-4.9632021592302
3.2844998836517	-4.9669507233416
3.2892000675201	-4.9701770557504
3.2939000129700	-4.9725767574859
3.2985999584198	-4.9740310813106
3.3032999038696	-4.9746091916879
3.3080000877380	-4.9745403739111
3.3127000331879	-4.9741480486805
3.3173999786377	-4.9737602507106
3.3220999240875	-4.9736217743447
3.3268001079559	-4.9738216291689
3.3315000534058	-4.9742427954654
3.3361999988556	-4.9745793324802
3.3408999443054	-4.9743680820097
3.3455998897552	-4.9730661738616
3.3503000736237	-4.9701500315778
3.3550000190735	-4.9651944793948
3.3596999645233	-4.9579463771961
3.3643999099731	-4.9483538711721
3.3691000938416	-4.9365441854732
3.3738000392914	-4.9227836586858
3.3784999847412	-4.9073756374875
3.3831999301910	-4.8905892072833
3.3879001140594	-4.8725580505799
3.3926000595093	-4.8532463795865
3.3973000049591	-4.8324253393096
3.4019999504089	-4.8097230668362
3.4066998958588	-4.7846804970033
3.4114000797272	-4.7568478648991
3.4161000251770	-4.7258901608808
3.4207999706268	-4.6916480433178
3.4254999160767	-4.6541909726262
3.4302000999451	-4.6138067547924
3.4349000453949	-4.5709605723443
3.4395999908447	-4.5262163405923
3.4442999362946	-4.4801352526012
3.4489998817444	-4.4332080216855
3.4537000656128	-4.3857755311996
3.4584000110626	-4.3380118091219
3.4630999565125	-4.2899518130669
3.4677999019623	-4.2415257085790
3.4725000858307	-4.1926510720125
3.4772000312805	-4.1433056938335
3.4818999767303	-4.0935971980715
3.4865999221802	-4.0438082984156
3.4913001060486	-3.9943922960589
3.4960000514984	-3.9459381656440
3.5006999969482	-3.8990993204029
3.5053999423981	-3.8545226865424
3.5100998878479	-3.8127537798010
3.5148000717163	-3.7741799423859
3.5195000171661	-3.7389957128368
3.5241999626160	-3.7072009449314
3.5288999080658	-3.6786467735827
3.5336000919342	-3.6530878578529
3.5383000373840	-3.6302608540699
3.5429999828339	-3.6099664167040
3.5476999282837	-3.5921072607675
3.5524001121521	-3.5767331704414
3.5571000576019	-3.5640201245073
3.5618000030518	-3.5542393726346
3.5664999485016	-3.5476976838915
3.5711998939514	-3.5446627333308
3.5759000778198	-3.5453042180709
3.5806000232697	-3.5496421439012
3.5852999687195	-3.5575374115263
3.5899999141693	-3.5686985585232
3.5947000980377	-3.5827367968003
3.5994000434875	-3.5992161004632
3.6040999889374	-3.6177382424088
3.6087999343872	-3.6380006393545
3.6135001182556	-3.6598463116775
3.6182000637054	-3.6832768770882
3.6229000091553	-3.7084362131548
3.6275999546051	-3.7355666269002
3.6322999000549	-3.7649393442920
3.6370000839233	-3.7967858742746
3.6417000293732	-3.8312356403128
3.6463999748230	-3.8682725164966
3.6510999202728	-3.9077234923013
3.6558001041412	-3.9492910645576
3.6605000495911	-3.9925860386033
3.6651999950409	-4.0372116541018
3.6698999404907	-4.0828321413918
3.6745998859406	-4.1292310514174
3.6793000698090	-4.1763536011834
3.6840000152588	-4.2243127094052
3.6886999607086	-4.2733584620189
3.6933999061584	-4.3238221956537
3.6981000900269	-4.3760407004429
3.7028000354767	-4.4302761653646
3.7074999809265	-4.4866614078335
3.7121999263763	-4.5451594709295
3.7169001102448	-4.6055663368153
3.7216000556946	-4.6675435102124
3.7263000011444	-4.7306835798653
3.7309999465942	-4.7945882386038
3.7356998920441	-4.8589491035205
3.7404000759125	-4.9236056994164
3.7451000213623	-4.9885835903244
3.7497999668121	-5.0540792044033
3.7544999122620	-5.1204212108523
3.7592000961304	-5.1879891070346
3.7639000415802	-5.2571305209547
3.7685999870300	-5.3280713763346
3.7732999324799	-5.4008593625653
3.7780001163483	-5.4753378992225
3.7827000617981	-5.5511612555202
3.7874000072479	-5.6278458044925
3.7920999526978	-5.7048639940937
3.7967998981476	-5.7817281109875
3.8015000820160	-5.8580918221156
3.8062000274658	-5.9338004676813
3.8108999729156	-6.0089160482411
3.8155999183655	-6.0836840733483
3.8203001022339	-6.1584611443255
3.8250000476837	-6.2336129270850
3.8296999931335	-6.3094117220490
3.8343999385834	-6.3859381646350
3.8390998840332	-6.4630355722796
3.8438000679016	-6.5402961816551
3.8485000133514	-6.6171135911858
3.8531999588013	-6.6927749629039
3.8578999042511	-6.7665751504254
3.8626000881195	-6.8379450032298
3.8673000335693	-6.9065348722658
3.8719999790192	-6.9722747923340
3.8766999244690	-7.0353535650743
3.8814001083374	-7.0961505437581
3.8861000537872	-7.1551195328690
3.8907999992371	-7.2126544544155
3.8954999446869	-7.2689709478533
3.9001998901367	-7.3240216555078
3.9049000740051	-7.3774737679383
3.9096000194550	-7.4287582051810
3.9142999649048	-7.4771649493135
3.9189999103546	-7.5219892526091
3.9237000942230	-7.5626756230745
3.9284000396729	-7.5989459701052
3.9330999851227	-7.6308585193586
3.9377999305725	-7.6588122057100
3.9425001144409	-7.6834599224000
3.9472000598907	-7.7055754635534
3.9519000053406	-7.7258985774373
3.9565999507904	-7.7449872674003
3.9612998962402	-7.7631125593762
3.9660000801086	-7.7802247352106
3.9707000255585	-7.7959884237397
3.9753999710083	-7.8098958206422
3.9800999164581	-7.8214013258369
3.9848001003265	-7.8300960280143
3.9895000457764	-7.8358266602319
3.9941999912262	-7.8387838963775
3.9988999366760	-7.8394966046924
4.0036001205444	-7.8387545859236
4.0082998275757	-7.8374819889420
4.0130000114441	-7.8365674792735
4.0177001953125	-7.8367059006631
4.0223999023438	-7.8382919455656
4.0271000862122	-7.8413694448676
4.0317997932434	-7.8456526230403
4.0364999771118	-7.8506210937571
4.0412001609802	-7.8556717871842
4.0458998680115	-7.8602717495999
4.0506000518799	-7.8641069845754
4.0553002357483	-7.8671856197877
4.0599999427795	-7.8698536293721
4.0647001266479	-7.8727481406219
4.0693998336792	-7.8766816006813
4.0741000175476	-7.8824796753495
4.0788002014160	-7.8908236282657
4.0834999084473	-7.9021161744959
4.0882000923157	-7.9164116559251
4.0928997993469	-7.9334038897709
4.0975999832153	-7.9525089999405
4.1023001670837	-7.9729890730698
4.1069998741150	-7.9941148951907
4.1117000579834	-8.0153312396507
4.1163997650146	-8.0363817035872
4.1210999488831	-8.0573751761418
4.1258001327515	-8.0787573839244
4.1304998397827	-8.1012285186736
4.1352000236511	-8.1255861408130
4.1399002075195	-8.1525534319598
4.1445999145508	-8.1826229311648
4.1493000984192	-8.2159378586706
4.1539998054504	-8.2522606459443
4.1586999893188	-8.2910017891380
4.1634001731873	-8.3313385694366
4.1680998802185	-8.3723756560185
4.1728000640869	-8.4133282291469
4.1774997711182	-8.4536885005902
4.1821999549866	-8.4933315245688
4.1869001388550	-8.5325367262268
4.1915998458862	-8.5719357591848
4.1963000297546	-8.6123530863375
4.2010002136230	-8.6546351602015
4.2056999206543	-8.6994559104527
4.2104001045227	-8.7471541446469
4.2150998115540	-8.7976549488442
4.2197999954224	-8.8504676676919
4.2245001792908	-8.9047764379629
4.2291998863220	-8.9596078030278
4.2339000701904	-9.0140385461746
4.2385997772217	-9.0673976172184
4.2432999610901	-9.1194376955772
4.2480001449585	-9.1704086152152
4.2526998519897	-9.2210312143849
4.2574000358582	-9.2723767358371
4.2621002197266	-9.3256676829480
4.2667999267578	-9.3820574821294
4.2715001106262	-9.4424257943381
4.2761998176575	-9.5072340041630
4.2809000015259	-9.5764805320684
4.2856001853943	-9.6497462641370
4.2902998924255	-9.7263356504563
4.2950000762939	-9.8054802336747
4.2996997833252	-9.8865733338694
4.3043999671936	-9.9693601866480
4.3091001510620	-10.054063481426
4.3137998580933	-10.141407626347
4.3185000419617	-10.232506749699
4.3232002258301	-10.328675359974
4.3278999328613	-10.431171940755
4.3326001167297	-10.540929985921
4.3372998237610	-10.658344171036
4.3420000076294	-10.783139314614
4.3467001914978	-10.914355260334
4.3513998985291	-11.050469100240
4.3561000823975	-11.189619638415
4.3607997894287	-11.329929548751
4.3654999732971	-11.469828959409
4.3702001571655	-11.608353942879
4.3748998641968	-11.745297208178
4.3796000480652	-11.881213726595
4.3843002319336	-12.017232544000
4.3889999389648	-12.154741288767
4.3937001228333	-12.294998330172
4.3983998298645	-12.438753898364
4.4031000137329	-12.585984579509
4.4078001976013	-12.735778343748
4.4124999046326	-12.886423037512
4.4172000885010	-13.035685014306
4.4218997955322	-13.181245284678
4.4265999794006	-13.321187334178
4.4313001632690	-13.454453407774
4.4359998703003	-13.581093466021
4.4407000541687	-13.702282811996
4.4454002380371	-13.820045598613
4.4500999450684	-13.936768866585
4.4548001289368	-14.054622514570
4.4594998359680	-14.174989320826
4.4642000198364	-14.298090504956
4.4689002037048	-14.422812066316
4.4735999107361	-14.546879584784
4.4783000946045	-14.667260114054
4.4829998016357	-14.780816075774
4.4876999855042	-14.885024803007
4.4924001693726	-14.978601727617
4.4970998764038	-15.061836521153
4.5018000602722	-15.136544925356
4.5064997673035	-15.205602704583
4.5111999511719	-15.272244327187
4.5159001350403	-15.339216574296
4.5205998420715	-15.408089976133
4.5253000259399	-15.478799373326
4.5300002098083	-15.549561186588
4.5346999168396	-15.617185570651
4.5394001007080	-15.677742811499
4.5440998077393	-15.727471948700
4.5487999916077	-15.763708409235
4.5535001754761	-15.785572910378
4.5581998825073	-15.794248053291
4.5629000663757	-15.792683502250
4.5675997734070	-15.784858518249
4.5722999572754	-15.774803762740
4.5770001411438	-15.765632194847
4.5816998481750	-15.758812646464
4.5864000320435	-15.753823864580
4.5911002159119	-15.748291554780
4.5957999229431	-15.738509482572
4.6005001068115	-15.720358837819
4.6051998138428	-15.690328461611
4.6098999977112	-15.646466329530
4.6146001815796	-15.588927418715
4.6192998886108	-15.519989345584
4.6240000724792	-15.443534984002
4.6286997795105	-15.364110735274
4.6333999633789	-15.285897401106
4.6381001472473	-15.211798797287
4.6427998542786	-15.142880842963
4.6475000381470	-15.078204219227
4.6522002220154	-15.015118081948
4.6568999290466	-14.949907206385
4.6616001129150	-14.878733128364
4.6662998199463	-14.798579869812
4.6710000038147	-14.708072571507
4.6757001876831	-14.607841980919
4.6803998947144	-14.500426991167
4.6851000785828	-14.389670264307
4.6897997856140	-14.279846036434
4.6944999694824	-14.174716981017
4.6992001533508	-14.076772538638
4.7038998603821	-13.986759807649
4.7086000442505	-13.903611410417
4.7133002281189	-13.824732733655
4.7179999351501	-13.746623659034
4.7227001190186	-13.665706702480
4.7273998260498	-13.579169619128
4.7321000099182	-13.485680066306
4.7368001937866	-13.385704915289
4.7414999008179	-13.281447039126
4.7462000846863	-13.176311655068
4.7508997917175	-13.074156436167
4.7555999755859	-12.978449806132
4.7603001594543	-12.891563610054
4.7649998664856	-12.814322466732
4.7697000503540	-12.745888672881
4.7744002342224	-12.683973825169
4.7790999412537	-12.625337023422
4.7838001251221	-12.566529762116
4.7884998321533	-12.504658184011
4.7932000160217	-12.438067491924
4.7979001998901	-12.366747669109
4.8025999069214	-12.292352245554
4.8073000907898	-12.217815075498
4.8119997978210	-12.146696128452
4.8166999816895	-12.082403029379
4.8214001655579	-12.027464586151
4.8260998725891	-11.983030031592
4.8308000564575	-11.948631881246
4.8354997634888	-11.922277264017
4.8401999473572	-11.900866493574
4.8449001312256	-11.880798282265
4.8495998382568	-11.858763404815
4.8543000221252	-11.832474090181
4.8590002059937	-11.801186632175
4.8636999130249	-11.765893276608
4.8684000968933	-11.729068363618
4.8730998039246	-11.694115537134
4.8777999877930	-11.664576347989
4.8825001716614	-11.643347850279
4.8871998786926	-11.632054090257
4.8919000625610	-11.630663479100
4.8965997695923	-11.637469943828
4.9012999534607	-11.649391596330
4.9060001373291	-11.662558874573
4.9106998443604	-11.673138536441
4.9154000282288	-11.678156509718
4.9201002120972	-11.676226494287
4.9247999191284	-11.667862983785
4.9295001029968	-11.655367011727
4.9341998100281	-11.642279233309
4.9388999938965	-11.632545499351
4.9436001777649	-11.629537446539
4.9482998847961	-11.635277049184
4.9530000686646	-11.649852815254
4.9576997756958	-11.671255063502
4.9623999595642	-11.695596852512
4.9671001434326	-11.717701874902
4.9717998504639	-11.732055215703
4.9765000343323	-11.733849126576
4.9812002182007	-11.719929727276
4.9858999252319	-11.689399154127
4.9906001091003	-11.643582142542
4.9952998161316	-11.585471883247
5.0000000000000	-11.518719418709
#Parameters = {R_fat=48; R_glandular=38; R_skin_outer=50; T10=5; T15=7.5; T5=2.5; T_rad=4; T_x=10; T_y=0; T_z=75; Zc=65; skin_thickness=2; Mesh Pass=1}
#"Frequency / GHz"	"S1,1 (Mesh Pass=1) [Magnitude / dB]"
#-------------------------------------------------------
0.30000001192093	-2.6829408461716
0.30469998717308	-2.5541363295269
0.30939999222755	-2.5239441506853
0.31409999728203	-2.5935925517081
0.31880000233650	-2.7506188927299
0.32350000739098	-2.9672637106713
0.32820001244545	-3.1974332771780
0.33289998769760	-3.3774981914819
0.33759999275208	-3.4397280809907
0.34229999780655	-3.3412429780530
0.34700000286102	-3.0910876460367
0.35170000791550	-2.7485088040822
0.35640001296997	-2.3929939452943
0.36109998822212	-2.0942648569874
0.36579999327660	-1.9007254957021
0.37049999833107	-1.8433139669574
0.37520000338554	-1.9453764598180
0.37990000844002	-2.2332743862372
0.38460001349449	-2.7472215598439
0.38929998874664	-3.5550558653077
0.39399999380112	-4.7755043446460
0.39869999885559	-6.6277074499917
0.40340000391006	-9.5603725998097
0.40810000896454	-14.604511586945
0.41280001401901	-19.511546156131
0.41749998927116	-12.808938081372
0.42219999432564	-8.1753228694658
0.42689999938011	-5.4053519881220
0.43160000443459	-3.6530598939274
0.43630000948906	-2.5308976780142
0.44100001454353	-1.8296803057566
0.44569998979568	-1.4238374720214
0.45039999485016	-1.2333813968474
0.45509999990463	-1.2042433917676
0.45980000495911	-1.2956726234624
0.46450001001358	-1.4708826381517
0.46919998526573	-1.6900677056158
0.47389999032021	-1.9072213653587
0.47859999537468	-2.0738150177340
0.48330000042915	-2.1507357618777
0.48800000548363	-2.1230139430546
0.49270001053810	-2.0058904299903
0.49739998579025	-1.8362817291441
0.50209999084473	-1.6565672672786
0.50679999589920	-1.5017297698975
0.51150000095367	-1.3941312825997
0.51620000600815	-1.3436636746544
0.52090001106262	-1.3496931911444
0.52560001611710	-1.4028424213088
0.53030002117157	-1.4863988316886
0.53500002622604	-1.5782506242198
0.53969997167587	-1.6544668869959
0.54439997673035	-1.6947484316692
0.54909998178482	-1.6881669408308
0.55379998683929	-1.6363197675973
0.55849999189377	-1.5519826614418
0.56319999694824	-1.4541768345380
0.56790000200272	-1.3624003105336
0.57260000705719	-1.2923484670238
0.57730001211166	-1.2536942023461
0.58200001716614	-1.2494041225129
0.58670002222061	-1.2759028184242
0.59140002727509	-1.3238073994621
0.59609997272491	-1.3794497741460
0.60079997777939	-1.4274576819625
0.60549998283386	-1.4542838755298
0.61019998788834	-1.4517542288216
0.61489999294281	-1.4192304157003
0.61959999799728	-1.3634036098263
0.62430000305176	-1.2959250638331
0.62900000810623	-1.2300541058908
0.63370001316071	-1.1776052341864
0.63840001821518	-1.1468181453527
0.64310002326965	-1.1411993852862
0.64780002832413	-1.1591525349243
0.65249997377396	-1.1943046117161
0.65719997882843	-1.2366197215345
0.66189998388290	-1.2744060215867
0.66659998893738	-1.2969980484030
0.67129999399185	-1.2974728709730
0.67599999904633	-1.2744409208424
0.68070000410080	-1.2322145758243
0.68540000915527	-1.1793753451992
0.69010001420975	-1.1264250932952
0.69480001926422	-1.0833442083889
0.69950002431870	-1.0576270461318
0.70420002937317	-1.0530013378532
0.70889997482300	-1.0688186244875
0.71359997987747	-1.1001432845376
0.71829998493195	-1.1386262384029
0.72299998998642	-1.1741958549794
0.72769999504089	-1.1973692562443
0.73240000009537	-1.2016328015355
0.73710000514984	-1.1851197456395
0.74180001020432	-1.1509952633484
0.74650001525879	-1.1064694906278
0.75120002031326	-1.0608986606791
0.75590002536774	-1.0236193219112
0.76059997081757	-1.0020284798219
0.76529997587204	-1.0001982594904
0.76999998092651	-1.0180910842555
0.77469998598099	-1.0514903362198
0.77939999103546	-1.0927182659403
0.78409999608994	-1.1321940167067
0.78880000114441	-1.1606108483237
0.79350000619888	-1.1712627660427
0.79820001125336	-1.1617823892683
0.80290001630783	-1.1347204866916
0.80760002136230	-1.0968147236136
0.81230002641678	-1.0572842814552
0.81699997186661	-1.0257066907200
0.82169997692108	-1.0100107520553
0.82639998197556	-1.0149134999494
0.83109998703003	-1.0409386544839
0.83579999208450	-1.0842057462556
0.84049999713898	-1.1370392817989
0.84520000219345	-1.1895065714890
0.84990000724792	-1.2316441002280
0.85460001230240	-1.2559439750696
0.85930001735687	-1.2593275137425
0.86400002241135	-1.2439905804637
0.86870002746582	-1.2168803483404
0.87339997291565	-1.1880090486650
0.87809997797012	-1.1681829265490
0.88279998302460	-1.1667373596728
0.88749998807907	-1.1896465208834
0.89219999313354	-1.2382853213411
0.89689999818802	-1.3090109838613
0.90160000324249	-1.3936881580377
0.90630000829697	-1.4812542824944
0.91100001335144	-1.5601730542075
0.91570001840591	-1.6212801534318
0.92040002346039	-1.6603021707178
0.92510002851486	-1.6792326371403
0.92979997396469	-1.6860716456429
0.93449997901917	-1.6931281444081
0.93919998407364	-1.7143704749804
0.94389998912811	-1.7626237467855
0.94859999418259	-1.8471590915768
0.95329999923706	-1.9720019607047
0.95800000429153	-2.1352321640595
0.96270000934601	-2.3293267911200
0.96740001440048	-2.5426961391149
0.97210001945496	-2.7623168437372
0.97680002450943	-2.9772177373003
0.98150002956390	-3.1821082735555
0.98619997501373	-3.3801278230153
0.99089998006821	-3.5837646295705
0.99559998512268	-3.8135663018798
1.0003000497818	-4.0951456197648
1.0049999952316	-4.4555593260159
1.0096999406815	-4.9200845676882
1.0144000053406	-5.5100164255647
1.0190999507904	-6.2412729351711
1.0238000154495	-7.1226267511593
1.0284999608994	-8.1509179214996
1.0332000255585	-9.2977843297532
1.0378999710083	-10.479157554799
1.0426000356674	-11.506008876122
1.0472999811172	-12.072944298051
1.0520000457764	-11.925946714046
1.0566999912262	-11.120945739488
1.0614000558853	-9.9578610279565
1.0661000013351	-8.7093172208973
1.0707999467850	-7.5233359034409
1.0755000114441	-6.4603116394348
1.0801999568939	-5.5384383721352
1.0849000215530	-4.7581342556365
1.0895999670029	-4.1121455700040
1.0943000316620	-3.5890219231198
1.0989999771118	-3.1741054907049
1.1037000417709	-2.8500387312487
1.1083999872208	-2.5976116095803
1.1131000518799	-2.3972287634236
1.1177999973297	-2.2307789922460
1.1224999427795	-2.0834591404369
1.1272000074387	-1.9451314155555
1.1318999528885	-1.8107674121267
1.1366000175476	-1.6799539773398
1.1412999629974	-1.5555808636521
1.1460000276566	-1.4421432097984
1.1506999731064	-1.3440608498098
1.1554000377655	-1.2643826889802
1.1600999832153	-1.2040208005711
1.1648000478745	-1.1615870834491
1.1694999933243	-1.1337161755254
1.1742000579834	-1.1157772014691
1.1789000034332	-1.1027679807141
1.1835999488831	-1.0902062047016
1.1883000135422	-1.0748847046403
1.1929999589920	-1.0552795665335
1.1977000236511	-1.0316069195777
1.2023999691010	-1.0054971501616
1.2071000337601	-0.97941898818810
1.2117999792099	-0.95601193298704
1.2165000438690	-0.93744936350334
1.2211999893188	-0.92502085440821
1.2259000539780	-0.91893237272243
1.2305999994278	-0.91835277372111
1.2352999448776	-0.92167738649994
1.2400000095367	-0.92690937356386
1.2446999549866	-0.93207753624089
1.2494000196457	-0.93562392540494
1.2540999650955	-0.93666538388458
1.2588000297546	-0.93510623257557
1.2634999752045	-0.93156096518259
1.2682000398636	-0.92715540793000
1.2728999853134	-0.92322299667820
1.2776000499725	-0.92100626038070
1.2822999954224	-0.92140347267009
1.2869999408722	-0.92481359024639
1.2917000055313	-0.93110646148202
1.2963999509811	-0.93968952114474
1.3011000156403	-0.94967226437839
1.3057999610901	-0.96007042649777
1.3105000257492	-0.97000860703416
1.3151999711990	-0.97889321027703
1.3199000358582	-0.98650215027258
1.3245999813080	-0.99301129127670
1.3293000459671	-0.99891472179742
1.3339999914169	-1.0049039945284
1.3387000560760	-1.0117098615239
1.3434000015259	-1.0199507940209
1.3480999469757	-1.0300236025442
1.3528000116348	-1.0420411293882
1.3574999570847	-1.0558337023398
1.3622000217438	-1.0710132716848
1.3668999671936	-1.0870658129244
1.3716000318527	-1.1034689413284
1.3762999773026	-1.1198007274843
1.3810000419617	-1.1358227864192
1.3856999874115	-1.1515227924001
1.3904000520706	-1.1671013323474
1.3950999975204	-1.1829294429398
1.3997999429703	-1.1994631544998
1.4045000076294	-1.2171537905601
1.4091999530792	-1.2363599821720
1.4139000177383	-1.2572942541141
1.4185999631882	-1.2799870611033
1.4233000278473	-1.3043054310708
1.4279999732971	-1.3299859933358
1.4327000379562	-1.3567097808887
1.4373999834061	-1.3841680684777
1.4421000480652	-1.4121370726231
1.4467999935150	-1.4405220941029
1.4515000581741	-1.4693826163150
1.4562000036240	-1.4989199196061
1.4608999490738	-1.5294391564928
1.4656000137329	-1.5612909830370
1.4702999591827	-1.5948113790540
1.4750000238419	-1.6302581558216
1.4796999692917	-1.6677752153693
1.4844000339508	-1.7073733405973
1.4890999794006	-1.7489431383625
1.4938000440598	-1.7922869692703
1.4984999895096	-1.8371741613139
1.5032000541687	-1.8833958172574
1.5078999996185	-1.9308160221460
1.5125999450684	-1.9794135882207
1.5173000097275	-2.0292906304537
1.5219999551773	-2.0806618173129
1.5267000198364	-2.1338207005741
1.5313999652863	-2.1890871441283
1.5361000299454	-2.2467543934410
1.5407999753952	-2.3070381919698
1.5455000400543	-2.3700457561717
1.5501999855042	-2.4357632893498
1.5549000501633	-2.5040701477989
1.5595999956131	-2.5747775489954
1.5642999410629	-2.6476783486062
1.5690000057220	-2.7225983935003
1.5736999511719	-2.7994556367866
1.5784000158310	-2.8782771275964
1.5830999612808	-2.9592178226476
1.5878000259399	-3.0425332189889
1.5924999713898	-3.1285447071289
1.5972000360489	-3.2175783681218
1.6018999814987	-3.3099085040474
1.6066000461578	-3.4057126798333
1.6112999916077	-3.5050426976153
1.6160000562668	-3.6078222900850
1.6207000017166	-3.7138759161650
1.6253999471664	-3.8229777767484
1.6301000118256	-3.9349082385896
1.6347999572754	-4.0495222394172
1.6395000219345	-4.1667939716226
1.6441999673843	-4.2868382924642
1.6489000320435	-4.4099030985969
1.6535999774933	-4.5363314482408
1.6583000421524	-4.6665001899377
1.6629999876022	-4.8007536148451
1.6677000522614	-4.9393337582633
1.6723999977112	-5.0823473435274
1.6770999431610	-5.2297392854209
1.6818000078201	-5.3813247881042
1.6864999532700	-5.5368425775058
1.6912000179291	-5.6960228375513
1.6958999633789	-5.8586737375960
1.7006000280380	-6.0247421803390
1.7052999734879	-6.1943560617944
1.7100000381470	-6.3678140908704
1.7146999835968	-6.5455532922352
1.7194000482559	-6.7280685620217
1.7240999937057	-6.9158233409521
1.7288000583649	-7.1091638906950
1.7335000038147	-7.3082669228169
1.7381999492645	-7.5131012604633
1.7429000139236	-7.7234679254214
1.7475999593735	-7.9390640002376
1.7523000240326	-8.1595786437492
1.7569999694824	-8.3848031815608
1.7617000341415	-8.6147247672333
1.7663999795914	-8.8495733537537
1.7711000442505	-9.0898327067943
1.7757999897003	-9.3361626363886
1.7805000543594	-9.5893141756197
1.7851999998093	-9.8499853874692
1.7898999452591	-10.118721311472
1.7946000099182	-10.395802490765
1.7992999553680	-10.681242412677
1.8040000200272	-10.974796944395
1.8086999654770	-11.276088707413
1.8134000301361	-11.584742416222
1.8180999755859	-11.900534773976
1.8228000402451	-12.223548902280
1.8274999856949	-12.554215421563
1.8322000503540	-12.893317072191
1.8368999958038	-13.241864132273
1.8415999412537	-13.600909884440
1.8463000059128	-13.971333665343
1.8509999513626	-14.353612271124
1.8557000160217	-14.747654276065
1.8603999614716	-15.152726730874
1.8651000261307	-15.567477221386
1.8697999715805	-15.990084513132
1.8745000362396	-16.418440038773
1.8791999816895	-16.850368017282
1.8839000463486	-17.283730659333
1.8885999917984	-17.716387507302
1.8933000564575	-18.145920342746
1.8980000019073	-18.569135383639
1.9026999473572	-18.981449184678
1.9074000120163	-19.376240148697
1.9120999574661	-19.744539794446
1.9168000221252	-20.075128726828
1.9214999675751	-20.355502349829
1.9262000322342	-20.573465999871
1.9308999776840	-20.719283596801
1.9356000423431	-20.787521768110
1.9402999877930	-20.778019096998
1.9450000524521	-20.695507534400
1.9496999979019	-20.548187093562
1.9543999433517	-20.345835346892
1.9591000080109	-20.098240647634
1.9637999534607	-19.814269459219
1.9685000181198	-19.501616715646
1.9731999635696	-19.166985041432
1.9779000282288	-18.816426968818
1.9825999736786	-18.455580254503
1.9873000383377	-18.089734846013
1.9919999837875	-17.723721080839
1.9967000484467	-17.361706589594
2.0013999938965	-17.006988362314
2.0060999393463	-16.661864457810
2.0107998847961	-16.327627621185
2.0155000686646	-16.004679826647
2.0202000141144	-15.692746344796
2.0248999595642	-15.391145854283
2.0295999050140	-15.099062877986
2.0343000888824	-14.815790252081
2.0390000343323	-14.540880007839
2.0436999797821	-14.274210342076
2.0483999252319	-14.015949033216
2.0531001091003	-13.766441380317
2.0578000545502	-13.526078408262
2.0625000000000	-13.295144264149
2.0671999454498	-13.073712390955
2.0718998908997	-12.861589244573
2.0766000747681	-12.658325810965
2.0813000202179	-12.463280880710
2.0859999656677	-12.275725195919
2.0906999111176	-12.094961373682
2.0954000949860	-11.920429701407
2.1001000404358	-11.751778293599
2.1047999858856	-11.588891740163
2.1094999313354	-11.431865129557
2.1142001152039	-11.280933077608
2.1189000606537	-11.136379230403
2.1236000061035	-10.998444374466
2.1282999515533	-10.867244054699
2.1329998970032	-10.742728706088
2.1377000808716	-10.624674212016
2.1424000263214	-10.512722853768
2.1470999717712	-10.406445045803
2.1517999172211	-10.305415649334
2.1565001010895	-10.209300675158
2.1612000465393	-10.117908962547
2.1658999919891	-10.031218576631
2.1705999374390	-9.9493683630358
2.1752998828888	-9.8726169490666
2.1800000667572	-9.8012745279234
2.1847000122070	-9.7356297591978
2.1893999576569	-9.6758866371230
2.1940999031067	-9.6221204687667
2.1988000869751	-9.5742604275667
2.2035000324249	-9.5321105707039
2.2081999778748	-9.4953987751413
2.2128999233246	-9.4638362945339
2.2176001071930	-9.4371869725252
2.2223000526428	-9.4153266433071
2.2269999980927	-9.3982707827069
2.2316999435425	-9.3861797192222
2.2363998889923	-9.3793305880882
2.2411000728607	-9.3780656242389
2.2458000183105	-9.3827221523460
2.2504999637604	-9.3935751779803
2.2551999092102	-9.4107825500342
2.2599000930786	-9.4343667033119
2.2646000385284	-9.4642145678112
2.2692999839783	-9.5001245487033
2.2739999294281	-9.5418594278167
2.2787001132965	-9.5892093068136
2.2834000587463	-9.6420648038592
2.2881000041962	-9.7004516771525
2.2927999496460	-9.7645474115429
2.2974998950958	-9.8346590238927
2.3022000789642	-9.9111809707513
2.3069000244141	-9.9945194498374
2.3115999698639	-10.085030435407
2.3162999153137	-10.182955793931
2.3210000991821	-10.288386102028
2.3257000446320	-10.401266889504
2.3303999900818	-10.521424453482
2.3350999355316	-10.648636112710
2.3397998809814	-10.782695044792
2.3445000648499	-10.923503309168
2.3492000102997	-11.071109139827
2.3538999557495	-11.225756172867
2.3585999011993	-11.387861433990
2.3633000850677	-11.557953240331
2.3680000305176	-11.736615729683
2.3726999759674	-11.924392388410
2.3773999214172	-12.121710682236
2.3821001052856	-12.328826251063
2.3868000507355	-12.545814834130
2.3914999961853	-12.772615460331
2.3961999416351	-13.009090431976
2.4008998870850	-13.255131247820
2.4056000709534	-13.510766227143
2.4103000164032	-13.776243531345
2.4149999618530	-14.052096156549
2.4196999073029	-14.339114464958
2.4244000911713	-14.638321034061
2.4291000366211	-14.950858587626
2.4337999820709	-15.277878521555
2.4384999275208	-15.620424247559
2.4432001113892	-15.979356278519
2.4479000568390	-16.355308526808
2.4526000022888	-16.748735403934
2.4572999477386	-17.160002310276
2.4619998931885	-17.589548067647
2.4667000770569	-18.038033735188
2.4714000225067	-18.506531349333
2.4760999679565	-18.996604577756
2.4807999134064	-19.510319493830
2.4855000972748	-20.050167681167
2.4902000427246	-20.618796373281
2.4948999881744	-21.218691843971
2.4995999336243	-21.851659486976
2.5043001174927	-22.518235152221
2.5090000629425	-23.216886062629
2.5137000083923	-23.943000177350
2.5183999538422	-24.687578656448
2.5230998992920	-25.435467434972
2.5278000831604	-26.163391964955
2.5325000286102	-26.838052588706
2.5371999740601	-27.415964070342
2.5418999195099	-27.847285326332
2.5466001033783	-28.085762384654
2.5513000488281	-28.103148194755
2.5559999942780	-27.900495972043
2.5606999397278	-27.508116250649
2.5653998851776	-26.974049936581
2.5701000690460	-26.349432740972
2.5748000144958	-25.678214511571
2.5794999599457	-24.993365672125
2.5841999053955	-24.317133566170
2.5889000892639	-23.663154830409
2.5936000347137	-23.038726104639
2.5982999801636	-22.446782143166
2.6029999256134	-21.887412720288
2.6077001094818	-21.359022965605
2.6124000549316	-20.859165519774
2.6171000003815	-20.385187286958
2.6217999458313	-19.934608056344
2.6264998912811	-19.505383913380
2.6312000751495	-19.095992994659
2.6359000205994	-18.705364404364
2.6405999660492	-18.332779591403
2.6452999114990	-17.977684179580
2.6500000953674	-17.639506522462
2.6547000408173	-17.317543706952
2.6593999862671	-17.010872758846
2.6640999317169	-16.718357752502
2.6688001155853	-16.438704095997
2.6735000610352	-16.170553257042
2.6782000064850	-15.912623128879
2.6828999519348	-15.663816446436
2.6875998973846	-15.423295200996
2.6923000812531	-15.190527169724
2.6970000267029	-14.965257684123
2.7016999721527	-14.747429479874
2.7063999176025	-14.537077005112
2.7111001014709	-14.334231355389
2.7158000469208	-14.138805213534
2.7204999923706	-13.950541679891
2.7251999378204	-13.769001942325
2.7298998832703	-13.593587582229
2.7346000671387	-13.423612516556
2.7393000125885	-13.258402100984
2.7439999580383	-13.097371432007
2.7486999034882	-12.940099005683
2.7534000873566	-12.786371670682
2.7581000328064	-12.636158204209
2.7627999782562	-12.489581930414
2.7674999237061	-12.346829802407
2.7722001075745	-12.208070657905
2.7769000530243	-12.073378036186
2.7815999984741	-11.942688528046
2.7862999439240	-11.815758261782
2.7909998893738	-11.692216030403
2.7957000732422	-11.571607235289
2.8004000186920	-11.453469165407
2.8050999641418	-11.337401069394
2.8097999095917	-11.223137118544
2.8145000934601	-11.110581878943
2.8192000389099	-10.999790221644
2.8238999843597	-10.890943787791
2.8285999298096	-10.784270130849
2.8333001136780	-10.679986072678
2.8380000591278	-10.578215589965
2.8427000045776	-10.478946052146
2.8473999500275	-10.382030049677
2.8520998954773	-10.287185109437
2.8568000793457	-10.194060182844
2.8615000247955	-10.102299633526
2.8661999702454	-10.011608531240
2.8708999156952	-9.9218135751685
2.8756000995636	-9.8328863633832
2.8803000450134	-9.7449362827194
2.8849999904633	-9.6581783709590
2.8896999359131	-9.5728642348003
2.8943998813629	-9.4892238062858
2.8991000652313	-9.4073932811631
2.9038000106812	-9.3273861221802
2.9084999561310	-9.2490829123403
2.9131999015808	-9.1722518379900
2.9179000854492	-9.0966009069423
2.9226000308990	-9.0218461173068
2.9272999763489	-8.9477584770001
2.9319999217987	-8.8742346667129
2.9367001056671	-8.8013002939505
2.9414000511169	-8.7291020943298
2.9460999965668	-8.6578756582185
2.9507999420166	-8.5878790603874
2.9554998874664	-8.5193356568497
2.9602000713348	-8.4523737799748
2.9649000167847	-8.3870006189227
2.9695999622345	-8.3231031127987
2.9742999076843	-8.2604630065681
2.9790000915527	-8.1988242932638
2.9837000370026	-8.1379407845296
2.9883999824524	-8.0776356461021
2.9930999279022	-8.0178504998206
2.9978001117706	-7.9586406119700
3.0025000572205	-7.9001823845516
3.0072000026703	-7.8427102322195
3.0118999481201	-7.7864686309770
3.0165998935699	-7.7316530271807
3.0213000774384	-7.6783648431721
3.0260000228882	-7.6265846340575
3.0306999683380	-7.5761799019165
3.0353999137878	-7.5269304887218
3.0401000976562	-7.4785904605422
3.0448000431061	-7.4309414734786
3.0494999885559	-7.3838420552452
3.0541999340057	-7.3372592180420
3.0589001178741	-7.2912845387750
3.0636000633240	-7.2460899253100
3.0683000087738	-7.2019112959146
3.0729999542236	-7.1589656794462
3.0776998996735	-7.1174126595677
3.0824000835419	-7.0773115598530
3.0871000289917	-7.0386051526966
3.0917999744415	-7.0011319011123
3.0964999198914	-6.9646656573900
3.1012001037598	-6.9289666830949
3.1059000492096	-6.8938384258806
3.1105999946594	-6.8591630879721
3.1152999401093	-6.8249438452397
3.1199998855591	-6.7912820139473
3.1247000694275	-6.7583661882807
3.1294000148773	-6.7264094872401
3.1340999603271	-6.6956025170623
3.1387999057770	-6.6660674969417
3.1435000896454	-6.6378153264076
3.1482000350952	-6.6107532200316
3.1528999805450	-6.5846899460212
3.1575999259949	-6.5593899304032
3.1623001098633	-6.5346277729387
3.1670000553131	-6.5102233436801
3.1717000007629	-6.4860942621772
3.1763999462128	-6.4622702086346
3.1810998916626	-6.4388726636229
3.1858000755310	-6.4160860597777
3.1905000209808	-6.3941065617222
3.1951999664307	-6.3730923785243
3.1998999118805	-6.3531054367422
3.2046000957489	-6.3341165636127
3.2093000411987	-6.3159828634009
3.2139999866486	-6.2984856466140
3.2186999320984	-6.2813838374006
3.2234001159668	-6.2644493168751
3.2281000614166	-6.2475295467021
3.2328000068665	-6.2305721197675
3.2374999523163	-6.2136263857527
3.2421998977661	-6.1968191330255
3.2469000816345	-6.1803298216116
3.2516000270844	-6.1643169474964
3.2562999725342	-6.1488835115212
3.2609999179840	-6.1340388006666
3.2657001018524	-6.1196753963415
3.2704000473022	-6.1056036626918
3.2750999927521	-6.0915663382688
3.2797999382019	-6.0772922035851
3.2844998836517	-6.0625647392957
3.2892000675201	-6.0472428850943
3.2939000129700	-6.0312867671918
3.2985999584198	-6.0147521370289
3.3032999038696	-5.9977615679300
3.3080000877380	-5.9804590976953
3.3127000331879	-5.9629522595679
3.3173999786377	-5.9452703062365
3.3220999240875	-5.9273378202072
3.3268001079559	-5.9089796640293
3.3315000534058	-5.8899404097168
3.3361999988556	-5.8699269770406
3.3408999443054	-5.8486658662203
3.3455998897552	-5.8259437511643
3.3503000736237	-5.8016508514912
3.3550000190735	-5.7757746064750
3.3596999645233	-5.7483980054340
3.3643999099731	-5.7196450813865
3.3691000938416	-5.6896428625381
3.3738000392914	-5.6584669800589
3.3784999847412	-5.6261036381711
3.3831999301910	-5.5924525552318
3.3879001140594	-5.5573190469176
3.3926000595093	-5.5204676824119
3.3973000049591	-5.4816653889467
3.4019999504089	-5.4407340205840
3.4066998958588	-5.3975887508723
3.4114000797272	-5.3522579182363
3.4161000251770	-5.3048792797849
3.4207999706268	-5.2556664931625
3.4254999160767	-5.2048664608326
3.4302000999451	-5.1527126576850
3.4349000453949	-5.0993764244077
3.4395999908447	-5.0449537665978
3.4442999362946	-4.9894585353780
3.4489998817444	-4.9328516547618
3.4537000656128	-4.8750841368370
3.4584000110626	-4.8161346146184
3.4630999565125	-4.7560589420868
3.4677999019623	-4.6950138799420
3.4725000858307	-4.6332530083738
3.4772000312805	-4.5711133752770
3.4818999767303	-4.5089739862466
3.4865999221802	-4.4472002557733
3.4913001060486	-4.3861206162578
3.4960000514984	-4.3259752187474
3.5006999969482	-4.2669138118688
3.5053999423981	-4.2090107036524
3.5100998878479	-4.1522852903432
3.5148000717163	-4.0967467002113
3.5195000171661	-4.0424293022968
3.5241999626160	-3.9894277595393
3.5288999080658	-3.9379037086663
3.5336000919342	-3.8880816888224
3.5383000373840	-3.8402270990147
3.5429999828339	-3.7945994885020
3.5476999282837	-3.7514280600345
3.5524001121521	-3.7108696176337
3.5571000576019	-3.6729902319865
3.5618000030518	-3.6377664937202
3.5664999485016	-3.6051093950888
3.5711998939514	-3.5748839864385
3.5759000778198	-3.5469641545461
3.5806000232697	-3.5212485162998
3.5852999687195	-3.4976995563742
3.5899999141693	-3.4763410735737
3.5947000980377	-3.4572559766917
3.5994000434875	-3.4405593756348
3.6040999889374	-3.4263571598132
3.6087999343872	-3.4147268242400
3.6135001182556	-3.4056747046258
3.6182000637054	-3.3991419349532
3.6229000091553	-3.3949956184176
3.6275999546051	-3.3930504953713
3.6322999000549	-3.3931089481207
3.6370000839233	-3.3949914465559
3.6417000293732	-3.3985616887765
3.6463999748230	-3.4037572564713
3.6510999202728	-3.4105833782173
3.6558001041412	-3.4191032050876
3.6605000495911	-3.4294101911956
3.6651999950409	-3.4415920608302
3.6698999404907	-3.4557020550927
3.6745998859406	-3.4717354293692
3.6793000698090	-3.4896144593552
3.6840000152588	-3.5092063514086
3.6886999607086	-3.5303346318739
3.6933999061584	-3.5528183269434
3.6981000900269	-3.5765044421574
3.7028000354767	-3.6012980379808
3.7074999809265	-3.6271722727240
3.7121999263763	-3.6541748523478
3.7169001102448	-3.6824065099557
3.7216000556946	-3.7119897606699
3.7263000011444	-3.7430371042373
3.7309999465942	-3.7756162776857
3.7356998920441	-3.8097297196142
3.7404000759125	-3.8453100620251
3.7451000213623	-3.8822266928173
3.7497999668121	-3.9203185366904
3.7544999122620	-3.9594210837857
3.7592000961304	-3.9994120983866
3.7639000415802	-4.0402243186352
3.7685999870300	-4.0818716340930
3.7732999324799	-4.1244380936803
3.7780001163483	-4.1680515861795
3.7827000617981	-4.2128604401176
3.7874000072479	-4.2589796715078
3.7920999526978	-4.3064759561208
3.7967998981476	-4.3553350689938
3.8015000820160	-4.4054624988423
3.8062000274658	-4.4567072495483
3.8108999729156	-4.5088819093526
3.8155999183655	-4.5618112223465
3.8203001022339	-4.6153652307867
3.8250000476837	-4.6694854749085
3.8296999931335	-4.7241944983079
3.8343999385834	-4.7795839336664
3.8390998840332	-4.8357846704205
3.8438000679016	-4.8929271521235
3.8485000133514	-4.9510969053694
3.8531999588013	-5.0103016836266
3.8578999042511	-5.0704556059635
3.8626000881195	-5.1313830817152
3.8673000335693	-5.1928428048211
3.8719999790192	-5.2545684028988
3.8766999244690	-5.3163156660872
3.8814001083374	-5.3779025434743
3.8861000537872	-5.4392333796982
3.8907999992371	-5.5003008028731
3.8954999446869	-5.5611629511515
3.9001998901367	-5.6219071714277
3.9049000740051	-5.6825978546514
3.9096000194550	-5.7432290130028
3.9142999649048	-5.8036888208044
3.9189999103546	-5.8637583325287
3.9237000942230	-5.9231229237739
3.9284000396729	-5.9814110325911
3.9330999851227	-6.0382581280358
3.9377999305725	-6.0933503667136
3.9425001144409	-6.1464780472108
3.9472000598907	-6.1975474600288
3.9519000053406	-6.2465712125322
3.9565999507904	-6.2936373205396
3.9612998962402	-6.3388463040465
3.9660000801086	-6.3822577258222
3.9707000255585	-6.4238418609186
3.9753999710083	-6.4634568484613
3.9800999164581	-6.5008616922550
3.9848001003265	-6.5357452543498
3.9895000457764	-6.5677965687075
3.9941999912262	-6.5967673027599
3.9988999366760	-6.6225272184484
4.0036001205444	-6.6450957303025
4.0082998275757	-6.6646423358344
4.0130000114441	-6.6814496449893
4.0177001953125	-6.6958521397743
4.0223999023438	-6.7081670945114
4.0271000862122	-6.7186364257723
4.0317997932434	-6.7273867794578
4.0364999771118	-6.7344223823649
4.0412001609802	-6.7396606672962
4.0458998680115	-6.7429838688436
4.0506000518799	-6.7443052667930
4.0553002357483	-6.7436343541209
4.0599999427795	-6.7411164205544
4.0647001266479	-6.7370349998127
4.0693998336792	-6.7317928655343
4.0741000175476	-6.7258456131587
4.0788002014160	-6.7196391542496
4.0834999084473	-6.7135383334781
4.0882000923157	-6.7077782929951
4.0928997993469	-6.7024501481589
4.0975999832153	-6.6975145048529
4.1023001670837	-6.6928519594699
4.1069998741150	-6.6883251673176
4.1117000579834	-6.6838493478580
4.1163997650146	-6.6794428628338
4.1210999488831	-6.6752580783409
4.1258001327515	-6.6715640645256
4.1304998397827	-6.6687119007822
4.1352000236511	-6.6670701620841
4.1399002075195	-6.6669560580728
4.1445999145508	-6.6685777767933
4.1493000984192	-6.6719992775767
4.1539998054504	-6.6771406218743
4.1586999893188	-6.6838081120499
4.1634001731873	-6.6917504378461
4.1680998802185	-6.7007350569878
4.1728000640869	-6.7106060170849
4.1774997711182	-6.7213324396152
4.1821999549866	-6.7330247189378
4.1869001388550	-6.7459100010816
4.1915998458862	-6.7602852350261
4.1963000297546	-6.7764461611899
4.2010002136230	-6.7946209304258
4.2056999206543	-6.8149129117651
4.2104001045227	-6.8372758142980
4.2150998115540	-6.8615266739616
4.2197999954224	-6.8873821802738
4.2245001792908	-6.9145297906280
4.2291998863220	-6.9426999238918
4.2339000701904	-6.9717284073309
4.2385997772217	-7.0016011030804
4.2432999610901	-7.0324577887447
4.2480001449585	-7.0645537911722
4.2526998519897	-7.0982099610422
4.2574000358582	-7.1337208063228
4.2621002197266	-7.1712963948647
4.2667999267578	-7.2109996728882
4.2715001106262	-7.2527331576187
4.2761998176575	-7.2962574671838
4.2809000015259	-7.3412460154080
4.2856001853943	-7.3873657135048
4.2902998924255	-7.4343524099568
4.2950000762939	-7.4820854919915
4.2996997833252	-7.5306179361844
4.3043999671936	-7.5801723739133
4.3091001510620	-7.6310947420179
4.3137998580933	-7.6837743961833
4.3185000419617	-7.7385613242316
4.3232002258301	-7.7956794421784
4.3278999328613	-7.8551815102094
4.3326001167297	-7.9169348282001
4.3372998237610	-7.9806561320018
4.3420000076294	-8.0459833625573
4.3467001914978	-8.1125681764937
4.3513998985291	-8.1801722433350
4.3561000823975	-8.2487312791946
4.3607997894287	-8.3183955736511
4.3654999732971	-8.3894975511982
4.3702001571655	-8.4624983159806
4.3748998641968	-8.5378756449126
4.3796000480652	-8.6160303650001
4.3843002319336	-8.6971857400150
4.3889999389648	-8.7813380358846
4.3937001228333	-8.8682516191724
4.3983998298645	-8.9575138141077
4.4031000137329	-9.0486201992157
4.4078001976013	-9.1411026565061
4.4124999046326	-9.2346330797953
4.4172000885010	-9.3291083469568
4.4218997955322	-9.4246742799435
4.4265999794006	-9.5216971883524
4.4313001632690	-9.6206655221805
4.4359998703003	-9.7220705382119
4.4407000541687	-9.8262812869897
4.4454002380371	-9.9334253086966
4.4500999450684	-10.043353754075
4.4548001289368	-10.155638751622
4.4594998359680	-10.269670438011
4.4642000198364	-10.384771160991
4.4689002037048	-10.500369150203
4.4735999107361	-10.616124504231
4.4783000946045	-10.732027600072
4.4829998016357	-10.848415812478
4.4876999855042	-10.965895520804
4.4924001693726	-11.085227582259
4.4970998764038	-11.207138759232
4.5018000602722	-11.332159404607
4.5064997673035	-11.460491783701
4.5111999511719	-11.591955412223
4.5159001350403	-11.726020253091
4.5205998420715	-11.861926964144
4.5253000259399	-11.998855606306
4.5300002098083	-12.136143651327
4.5346999168396	-12.273456109255
4.5394001007080	-12.410867003431
4.5440998077393	-12.548893086011
4.5487999916077	-12.688372929633
4.5535001754761	-12.830274634026
4.5581998825073	-12.975482720139
4.5629000663757	-13.124561763641
4.5675997734070	-13.277626995374
4.5722999572754	-13.434260991821
4.5770001411438	-13.593584385985
4.5816998481750	-13.754426769716
4.5864000320435	-13.915557873000
4.5911002159119	-14.075973320371
4.5957999229431	-14.235105976947
4.6005001068115	-14.392947037748
4.6051998138428	-14.550053847430
4.6098999977112	-14.707389517968
4.6146001815796	-14.866069546164
4.6192998886108	-15.027048544033
4.6240000724792	-15.190844548082
4.6286997795105	-15.357322843963
4.6333999633789	-15.525632218307
4.6381001472473	-15.694275104107
4.6427998542786	-15.861329573009
4.6475000381470	-16.024777533075
4.6522002220154	-16.182858956230
4.6568999290466	-16.334371056866
4.6616001129150	-16.478864914478
4.6662998199463	-16.616652761849
4.6710000038147	-16.748596353193
4.6757001876831	-16.875822364603
4.6803998947144	-16.999297884781
4.6851000785828	-17.119485163728
4.6897997856140	-17.236057540695
4.6944999694824	-17.347808678974
4.6992001533508	-17.452725503975
4.7038998603821	-17.548273732891
4.7086000442505	-17.631785694121
4.7133002281189	-17.700948203563
4.7179999351501	-17.754219699478
4.7227001190186	-17.791097453680
4.7273998260498	-17.812197384097
4.7321000099182	-17.819046193601
4.7368001937866	-17.813736412261
4.7414999008179	-17.798436183172
4.7462000846863	-17.774934808575
4.7508997917175	-17.744262061646
4.7555999755859	-17.706525770983
4.7603001594543	-17.660905042723
4.7649998664856	-17.605936064348
4.7697000503540	-17.539876858560
4.7744002342224	-17.461235167695
4.7790999412537	-17.369236299062
4.7838001251221	-17.264137659879
4.7884998321533	-17.147335188533
4.7932000160217	-17.021202686841
4.7979001998901	-16.888689375718
4.8025999069214	-16.752823842934
4.8073000907898	-16.616173865425
4.8119997978210	-16.480445702430
4.8166999816895	-16.346234524557
4.8214001655579	-16.213039159222
4.8260998725891	-16.079490121842
4.8308000564575	-15.943771457178
4.8354997634888	-15.804132005147
4.8401999473572	-15.659390947695
4.8449001312256	-15.509321849388
4.8495998382568	-15.354770899024
4.8543000221252	-15.197548799137
4.8590002059937	-15.040062033565
4.8636999130249	-14.884819562616
4.8684000968933	-14.733905744105
4.8730998039246	-14.588591151971
4.8777999877930	-14.449083741775
4.8825001716614	-14.314546558814
4.8871998786926	-14.183319510419
4.8919000625610	-14.053339627767
4.8965997695923	-13.922641001383
4.9012999534607	-13.789849619512
4.9060001373291	-13.654525927723
4.9106998443604	-13.517283930818
4.9154000282288	-13.379654201118
4.9201002120972	-13.243724691400
4.9247999191284	-13.111644883055
4.9295001029968	-12.985144624270
4.9341998100281	-12.865144501227
4.9388999938965	-12.751562524221
4.9436001777649	-12.643343623352
4.9482998847961	-12.538716572666
4.9530000686646	-12.435613104531
4.9576997756958	-12.332157320542
4.9623999595642	-12.227122537703
4.9671001434326	-12.120224697894
4.9717998504639	-12.012191687174
4.9765000343323	-11.904583667089
4.9812002182007	-11.799399613931
4.9858999252319	-11.698602589517
4.9906001091003	-11.603647319623
4.9952998161316	-11.515142386938
5.0000000000000	-11.432712286077
#Parameters = {R_fat=48; R_glandular=38; R_skin_outer=50; T10=5; T15=7.5; T5=2.5; T_rad=4; T_x=10; T_y=0; T_z=75; Zc=65; skin_thickness=2; Mesh Pass=2}
#"Frequency / GHz"	"S1,1 (Mesh Pass=2) [Magnitude / dB]"
#-------------------------------------------------------
0.30000001192093	-6.3751975801095
0.30469998717308	-6.5639856122329
0.30939999222755	-6.8716394678786
0.31409999728203	-7.2412219983104
0.31880000233650	-7.5795468112447
0.32350000739098	-7.7699536921554
0.32820001244545	-7.7227013591116
0.33289998769760	-7.4399475765090
0.33759999275208	-7.0241363875344
0.34229999780655	-6.6164696417330
0.34700000286102	-6.3358538015899
0.35170000791550	-6.2612359074813
0.35640001296997	-6.4444007104516
0.36109998822212	-6.9325661919586
0.36579999327660	-7.7944412839954
0.37049999833107	-9.1576510764043
0.37520000338554	-11.289647073071
0.37990000844002	-14.858575095392
0.38460001349449	-22.337272913393
0.38929998874664	-24.550038861521
0.39399999380112	-14.831780284146
0.39869999885559	-10.242447352496
0.40340000391006	-7.4492193636984
0.40810000896454	-5.6441124855916
0.41280001401901	-4.4964358989081
0.41749998927116	-3.8214956460280
0.42219999432564	-3.4970037464303
0.42689999938011	-3.4356917759534
0.43160000443459	-3.5718661885744
0.43630000948906	-3.8505509745367
0.44100001454353	-4.2166830099464
0.44569998979568	-4.6057889562375
0.45039999485016	-4.9419909812937
0.45509999990463	-5.1518849708567
0.45980000495911	-5.1941056830290
0.46450001001358	-5.0825417942330
0.46919998526573	-4.8778529462307
0.47389999032021	-4.6543092059681
0.47859999537468	-4.4711099181302
0.48330000042915	-4.3619508722308
0.48800000548363	-4.3370255972748
0.49270001053810	-4.3883004867588
0.49739998579025	-4.4938061630528
0.50209999084473	-4.6211521909254
0.50679999589920	-4.7326981384945
0.51150000095367	-4.7943399363108
0.51620000600815	-4.7863588118627
0.52090001106262	-4.7105550183247
0.52560001611710	-4.5883233891968
0.53030002117157	-4.4508693919981
0.53500002622604	-4.3280467577631
0.53969997167587	-4.2410227346809
0.54439997673035	-4.1995683052929
0.54909998178482	-4.2022258445494
0.55379998683929	-4.2378031827129
0.55849999189377	-4.2878038712254
0.56319999694824	-4.3302741012495
0.56790000200272	-4.3452619135809
0.57260000705719	-4.3206605306400
0.57730001211166	-4.2559413124468
0.58200001716614	-4.1616724499526
0.58670002222061	-4.0551785443008
0.59140002727509	-3.9547820204629
0.59609997272491	-3.8750715177033
0.60079997777939	-3.8241963167035
0.60549998283386	-3.8029523997066
0.61019998788834	-3.8051409484238
0.61489999294281	-3.8190277993114
0.61959999799728	-3.8299605793965
0.62430000305176	-3.8240315735527
0.62900000810623	-3.7919693965573
0.63370001316071	-3.7318183454563
0.63840001821518	-3.6492060307730
0.64310002326965	-3.5551645165827
0.64780002832413	-3.4626292012937
0.65249997377396	-3.3830374520171
0.65719997882843	-3.3238636924790
0.66189998388290	-3.2873287610661
0.66659998893738	-3.2701554210479
0.67129999399185	-3.2643332168873
0.67599999904633	-3.2589378806430
0.68070000410080	-3.2428297900545
0.68540000915527	-3.2076960381263
0.69010001420975	-3.1503948221802
0.69480001926422	-3.0737426043166
0.69950002431870	-2.9854393103392
0.70420002937317	-2.8957034721462
0.70889997482300	-2.8145467240491
0.71359997987747	-2.7494483927236
0.71829998493195	-2.7038056204135
0.72299998998642	-2.6762614871641
0.72769999504089	-2.6610018721487
0.73240000009537	-2.6490501637958
0.73710000514984	-2.6304634440128
0.74180001020432	-2.5970038505112
0.74650001525879	-2.5444727487376
0.75120002031326	-2.4738815379718
0.75590002536774	-2.3910572797764
0.76059997081757	-2.3048977820325
0.76529997587204	-2.2249867824779
0.76999998092651	-2.1592559488119
0.77469998598099	-2.1121775527909
0.77939999103546	-2.0837512514434
0.78409999608994	-2.0694431027819
0.78880000114441	-2.0611562967493
0.79350000619888	-2.0492020809847
0.79820001125336	-2.0248916563059
0.80290001630783	-1.9829930984758
0.80760002136230	-1.9232921055070
0.81230002641678	-1.8506285512882
0.81699997186661	-1.7735298599627
0.82169997692108	-1.7019001057029
0.82639998197556	-1.6445476342384
0.83109998703003	-1.6070492227375
0.83579999208450	-1.5904146081171
0.84049999713898	-1.5907336786546
0.84520000219345	-1.5999717423081
0.84990000724792	-1.6079064150741
0.85460001230240	-1.6048280229316
0.85930001735687	-1.5843303216921
0.86400002241135	-1.5452664280165
0.86870002746582	-1.4922001311293
0.87339997291565	-1.4341911575789
0.87809997797012	-1.3823911328333
0.88279998302460	-1.3471994075233
0.88749998807907	-1.3356909561425
0.89219999313354	-1.3498681748728
0.89689999818802	-1.3860265612053
0.90160000324249	-1.4354459408804
0.90630000829697	-1.4864230858841
0.91100001335144	-1.5273328558642
0.91570001840591	-1.5500167749725
0.92040002346039	-1.5524763989782
0.92510002851486	-1.5398631693822
0.92979997396469	-1.5234105551253
0.93449997901917	-1.5176498682945
0.93919998407364	-1.5368868791133
0.94389998912811	-1.5918350188574
0.94859999418259	-1.6872198365392
0.95329999923706	-1.8206900740481
0.95800000429153	-1.9833206228861
0.96270000934601	-2.1617830038523
0.96740001440048	-2.3420779757372
0.97210001945496	-2.5143434911485
0.97680002450943	-2.6775411398075
0.98150002956390	-2.8424408707132
0.98619997501373	-3.0317383968487
0.99089998006821	-3.2773665377327
0.99559998512268	-3.6164766502190
1.0003000497818	-4.0880739282483
1.0049999952316	-4.7320717789859
1.0096999406815	-5.5919772280865
1.0144000053406	-6.7224993489484
1.0190999507904	-8.2049211971194
1.0238000154495	-10.178774507307
1.0284999608994	-12.916100592972
1.0332000255585	-17.013466743797
1.0378999710083	-23.135842643434
1.0426000356674	-21.154613531221
1.0472999811172	-15.366598566275
1.0520000457764	-11.631113845905
1.0566999912262	-9.0376460800185
1.0614000558853	-7.1204929804536
1.0661000013351	-5.6618954461258
1.0707999467850	-4.5457029401206
1.0755000114441	-3.7002612443707
1.0801999568939	-3.0733431777611
1.0849000215530	-2.6203436256465
1.0895999670029	-2.2993800809800
1.0943000316620	-2.0705899711477
1.0989999771118	-1.8980137870366
1.1037000417709	-1.7525600271113
1.1083999872208	-1.6146853829935
1.1131000518799	-1.4754928906508
1.1177999973297	-1.3356079988322
1.1224999427795	-1.2021025243324
1.1272000074387	-1.0845087265857
1.1318999528885	-0.99110149388161
1.1366000175476	-0.92632270903111
1.1412999629974	-0.88969780985438
1.1460000276566	-0.87609966116423
1.1506999731064	-0.87712710303827
1.1554000377655	-0.88315315140838
1.1600999832153	-0.88556367229198
1.1648000478745	-0.87869522744088
1.1694999933243	-0.86091357109646
1.1742000579834	-0.83459235862493
1.1789000034332	-0.80497047117446
1.1835999488831	-0.77837887579716
1.1883000135422	-0.76036833030159
1.1929999589920	-0.75427002658452
1.1977000236511	-0.76051338532366
1.2023999691010	-0.77674060193062
1.2071000337601	-0.79857718539798
1.2117999792099	-0.82086250145127
1.2165000438690	-0.83899771550485
1.2211999893188	-0.85010370632170
1.2259000539780	-0.85365990978432
1.2305999994278	-0.85147780194805
1.2352999448776	-0.84702709368274
1.2400000095367	-0.84435543589154
1.2446999549866	-0.84694867458127
1.2494000196457	-0.85685106994791
1.2540999650955	-0.87423464202326
1.2588000297546	-0.89749945247606
1.2634999752045	-0.92378764602218
1.2682000398636	-0.94980070486726
1.2728999853134	-0.97268236000001
1.2776000499725	-0.99075251058099
1.2822999954224	-1.0039011254253
1.2869999408722	-1.0135290771858
1.2917000055313	-1.0220822090039
1.2963999509811	-1.0323251154623
1.3011000156403	-1.0465859138432
1.3057999610901	-1.0661802907130
1.3105000257492	-1.0911422101412
1.3151999711990	-1.1203027158754
1.3199000358582	-1.1516628553915
1.3245999813080	-1.1829641378334
1.3293000459671	-1.2122959133605
1.3339999914169	-1.2386004005909
1.3387000560760	-1.2619188503502
1.3434000015259	-1.2833391943567
1.3480999469757	-1.3046624968389
1.3528000116348	-1.3278908068207
1.3574999570847	-1.3547072173726
1.3622000217438	-1.3860619942443
1.3668999671936	-1.4219901409284
1.3716000318527	-1.4616589868366
1.3762999773026	-1.5036417116083
1.3810000419617	-1.5463202323500
1.3856999874115	-1.5883299226112
1.3904000520706	-1.6289246608465
1.3950999975204	-1.6681693813273
1.3997999429703	-1.7069087686813
1.4045000076294	-1.7465312996548
1.4091999530792	-1.7886083915088
1.4139000177383	-1.8344964694232
1.4185999631882	-1.8850231966405
1.4233000278473	-1.9403250698943
1.4279999732971	-1.9998592009597
1.4327000379562	-2.0625864309860
1.4373999834061	-2.1272746144167
1.4421000480652	-2.1928421617817
1.4467999935150	-2.2586598699863
1.4515000581741	-2.3247338288103
1.4562000036240	-2.3917219834579
1.4608999490738	-2.4607762776703
1.4656000137329	-2.5332660096843
1.4702999591827	-2.6104568490108
1.4750000238419	-2.6932238497780
1.4796999692917	-2.7818715900735
1.4844000339508	-2.8760947997451
1.4890999794006	-2.9750928067989
1.4938000440598	-3.0778027227669
1.4984999895096	-3.1832075651757
1.5032000541687	-3.2906267082061
1.5078999996185	-3.3999348674533
1.5125999450684	-3.5116408855972
1.5173000097275	-3.6267914940357
1.5219999551773	-3.7467455577957
1.5267000198364	-3.8728695151947
1.5313999652863	-4.0062165588215
1.5361000299454	-4.1473036184365
1.5407999753952	-4.2959991824852
1.5455000400543	-4.4515754184358
1.5501999855042	-4.6129178524509
1.5549000501633	-4.7788388144180
1.5595999956131	-4.9484286404267
1.5642999410629	-5.1213523952498
1.5690000057220	-5.2980063620948
1.5736999511719	-5.4794792129150
1.5784000158310	-5.6673375200125
1.5830999612808	-5.8632631471114
1.5878000259399	-6.0686645873598
1.5924999713898	-6.2843367066557
1.5972000360489	-6.5102624024396
1.6018999814987	-6.7456249304187
1.6066000461578	-6.9890238871788
1.6112999916077	-7.2388718203967
1.6160000562668	-7.4938803075293
1.6207000017166	-7.7534915862368
1.6253999471664	-8.0181557006472
1.6301000118256	-8.2893269878728
1.6347999572754	-8.5692024074364
1.6395000219345	-8.8602334071253
1.6441999673843	-9.1645558449867
1.6489000320435	-9.4834928338403
1.6535999774933	-9.8172245135981
1.6583000421524	-10.164786061060
1.6629999876022	-10.524327500983
1.6677000522614	-10.893726079994
1.6723999977112	-11.271292527706
1.6770999431610	-11.656473300613
1.6818000078201	-12.050301514529
1.6864999532700	-12.455445943134
1.6912000179291	-12.875818941906
1.6958999633789	-13.315856256356
1.7006000280380	-13.779653422227
1.7052999734879	-14.270159684254
1.7100000381470	-14.788688249548
1.7146999835968	-15.334801350390
1.7194000482559	-15.906739098059
1.7240999937057	-16.502309383198
1.7288000583649	-17.120097669886
1.7335000038147	-17.760730631137
1.7381999492645	-18.427790516777
1.7429000139236	-19.128164038309
1.7475999593735	-19.871569285367
1.7523000240326	-20.669529051246
1.7569999694824	-21.533862887025
1.7617000341415	-22.475048098704
1.7663999795914	-23.500301334413
1.7711000442505	-24.611170903961
1.7757999897003	-25.799441616449
1.7805000543594	-27.039297464606
1.7851999998093	-28.272711524088
1.7898999452591	-29.387562470203
1.7946000099182	-30.205973672474
1.7992999553680	-30.533375515500
1.8040000200272	-30.288607851039
1.8086999654770	-29.579720177798
1.8134000301361	-28.611690646831
1.8180999755859	-27.559622220784
1.8228000402451	-26.528096253306
1.8274999856949	-25.566379329244
1.8322000503540	-24.691069718103
1.8368999958038	-23.901462380968
1.8415999412537	-23.188166786712
1.8463000059128	-22.538284147811
1.8509999513626	-21.938659264009
1.8557000160217	-21.378133242272
1.8603999614716	-20.848988944081
1.8651000261307	-20.347374175500
1.8697999715805	-19.872820825549
1.8745000362396	-19.426997568055
1.8791999816895	-19.012241302827
1.8839000463486	-18.630137927139
1.8885999917984	-18.280561145828
1.8933000564575	-17.961315599241
1.8980000019073	-17.668294165643
1.9026999473572	-17.396151077129
1.9074000120163	-17.139301253128
1.9120999574661	-16.892945551888
1.9168000221252	-16.653949229333
1.9214999675751	-16.421274491641
1.9262000322342	-16.195838729093
1.9308999776840	-15.979917055783
1.9356000423431	-15.776223157165
1.9402999877930	-15.586996229380
1.9450000524521	-15.413303832591
1.9496999979019	-15.254699080279
1.9543999433517	-15.109287611927
1.9591000080109	-14.974175739093
1.9637999534607	-14.846134114493
1.9685000181198	-14.722365091190
1.9731999635696	-14.601130906612
1.9779000282288	-14.482093206481
1.9825999736786	-14.366262286273
1.9873000383377	-14.255599422758
1.9919999837875	-14.152379544597
1.9967000484467	-14.058534556795
2.0013999938965	-13.975120963339
2.0060999393463	-13.902053285606
2.0107998847961	-13.838122847645
2.0155000686646	-13.781326776583
2.0202000141144	-13.729367147345
2.0248999595642	-13.680239430625
2.0295999050140	-13.632726371837
2.0343000888824	-13.586687345025
2.0390000343323	-13.543041436906
2.0436999797821	-13.503480500342
2.0483999252319	-13.469987219367
2.0531001091003	-13.444302367536
2.0578000545502	-13.427480717743
2.0625000000000	-13.419635780427
2.0671999454498	-13.419928239870
2.0718998908997	-13.426787135426
2.0766000747681	-13.438320021632
2.0813000202179	-13.452798403851
2.0859999656677	-13.469107073037
2.0906999111176	-13.487027042243
2.0954000949860	-13.507285847949
2.1001000404358	-13.531351406124
2.1047999858856	-13.561046336618
2.1094999313354	-13.598073949073
2.1142001152039	-13.643587762857
2.1189000606537	-13.697901056333
2.1236000061035	-13.760404134980
2.1282999515533	-13.829698653553
2.1329998970032	-13.903935610148
2.1377000808716	-13.981244126632
2.1424000263214	-14.060208115866
2.1470999717712	-14.140195802889
2.1517999172211	-14.221493397214
2.1565001010895	-14.305214250917
2.1612000465393	-14.392970661778
2.1658999919891	-14.486416000038
2.1705999374390	-14.586784924700
2.1752998828888	-14.694521535584
2.1800000667572	-14.809085180468
2.1847000122070	-14.928990672039
2.1893999576569	-15.052060834792
2.1940999031067	-15.175853199527
2.1988000869751	-15.298165175134
2.2035000324249	-15.417480965013
2.2081999778748	-15.533235475766
2.2128999233246	-15.645865422924
2.2176001071930	-15.756545344322
2.2223000526428	-15.866784913733
2.2269999980927	-15.977896353065
2.2316999435425	-16.090524194486
2.2363998889923	-16.204350648191
2.2411000728607	-16.317972588357
2.2458000183105	-16.429115918854
2.2504999637604	-16.535009165957
2.2551999092102	-16.632931754754
2.2599000930786	-16.720765601743
2.2646000385284	-16.797455722485
2.2692999839783	-16.863167389143
2.2739999294281	-16.919199102185
2.2787001132965	-16.967594720103
2.2834000587463	-17.010600633242
2.2881000041962	-17.050106601389
2.2927999496460	-17.087172192127
2.2974998950958	-17.121795868754
2.3022000789642	-17.152961118838
2.3069000244141	-17.178905217477
2.3115999698639	-17.197642150891
2.3162999153137	-17.207530274711
2.3210000991821	-17.207801643550
2.3257000446320	-17.198856538128
2.3303999900818	-17.182322854620
2.3350999355316	-17.160718252993
2.3397998809814	-17.136961142115
2.3445000648499	-17.113773807750
2.3492000102997	-17.093122573586
2.3538999557495	-17.075886290576
2.3585999011993	-17.061759030181
2.3633000850677	-17.049465265707
2.3680000305176	-17.037170203157
2.3726999759674	-17.023067492089
2.3773999214172	-17.005929736988
2.3821001052856	-16.985535004132
2.3868000507355	-16.962789119247
2.3914999961853	-16.939590760408
2.3961999416351	-16.918385487292
2.4008998870850	-16.901617242581
2.4056000709534	-16.891170064941
2.4103000164032	-16.887972494572
2.4149999618530	-16.891816429474
2.4196999073029	-16.901471494522
2.4244000911713	-16.915041405786
2.4291000366211	-16.930472679732
2.4337999820709	-16.946125964792
2.4384999275208	-16.961201749280
2.4432001113892	-16.976003818961
2.4479000568390	-16.991857996246
2.4526000022888	-17.010763015066
2.4572999477386	-17.034901803309
2.4619998931885	-17.066076362908
2.4667000770569	-17.105282609463
2.4714000225067	-17.152445268457
2.4760999679565	-17.206468777674
2.4807999134064	-17.265481694737
2.4855000972748	-17.327311064446
2.4902000427246	-17.390019423912
2.4948999881744	-17.452374823148
2.4995999336243	-17.514176469954
2.5043001174927	-17.576251860413
2.5090000629425	-17.640214314146
2.5137000083923	-17.708014656742
2.5183999538422	-17.781374126469
2.5230998992920	-17.861317302107
2.5278000831604	-17.947850281455
2.5325000286102	-18.039882906936
2.5371999740601	-18.135417410598
2.5418999195099	-18.231935742455
2.5466001033783	-18.326915948893
2.5513000488281	-18.418365939093
2.5559999942780	-18.505195029587
2.5606999397278	-18.587359267674
2.5653998851776	-18.665712582372
2.5701000690460	-18.741621831593
2.5748000144958	-18.816433450161
2.5794999599457	-18.890960932671
2.5841999053955	-18.965083282116
2.5889000892639	-19.037572019876
2.5936000347137	-19.106168504402
2.5982999801636	-19.167903105584
2.6029999256134	-19.219607369104
2.6077001094818	-19.258466454280
2.6124000549316	-19.282527637683
2.6171000003815	-19.290992201912
2.6217999458313	-19.284232145769
2.6264998912811	-19.263543550194
2.6312000751495	-19.230676727473
2.6359000205994	-19.187314631368
2.6405999660492	-19.134600640952
2.6452999114990	-19.072849243606
2.6500000953674	-19.001465655347
2.6547000408173	-18.919140961237
2.6593999862671	-18.824229229814
2.6640999317169	-18.715264916437
2.6688001155853	-18.591440349364
2.6735000610352	-18.452970912652
2.6782000064850	-18.301209337028
2.6828999519348	-18.138466827296
2.6875998973846	-17.967624881777
2.6923000812531	-17.791623771991
2.6970000267029	-17.612909339470
2.7016999721527	-17.433090101694
2.7063999176025	-17.252747439676
2.7111001014709	-17.071514575656
2.7158000469208	-16.888367441833
2.7204999923706	-16.702103878842
2.7251999378204	-16.511778690805
2.7298998832703	-16.317157335971
2.7346000671387	-16.118860879901
2.7393000125885	-15.918354942471
2.7439999580383	-15.717630537733
2.7486999034882	-15.518786424886
2.7534000873566	-15.323580976262
2.7581000328064	-15.133048525698
2.7627999782562	-14.947351269789
2.7674999237061	-14.765799689074
2.7722001075745	-14.587108811951
2.7769000530243	-14.409805295358
2.7815999984741	-14.232651866512
2.7862999439240	-14.055017448410
2.7909998893738	-13.877046687412
2.7957000732422	-13.699633709993
2.8004000186920	-13.524156412053
2.8050999641418	-13.352112471379
2.8097999095917	-13.184711181297
2.8145000934601	-13.022559403610
2.8192000389099	-12.865524417793
2.8238999843597	-12.712768776153
2.8285999298096	-12.563024581110
2.8333001136780	-12.414914691052
2.8380000591278	-12.267348225895
2.8427000045776	-12.119811277664
2.8473999500275	-11.972481677403
2.8520998954773	-11.826162292725
2.8568000793457	-11.682027240553
2.8615000247955	-11.541271879772
2.8661999702454	-11.404778872228
2.8708999156952	-11.272858415564
2.8756000995636	-11.145185620940
2.8803000450134	-11.020873700306
2.8849999904633	-10.898750215857
2.8896999359131	-10.777659242628
2.8943998813629	-10.656798534638
2.8991000652313	-10.535922209427
2.9038000106812	-10.415394976577
2.9084999561310	-10.296066930118
2.9131999015808	-10.179005728495
2.9179000854492	-10.065189202450
2.9226000308990	-9.9552171825037
2.9272999763489	-9.8491454727797
2.9319999217987	-9.7464743674628
2.9367001056671	-9.6462979578721
2.9414000511169	-9.5475612695840
2.9460999965668	-9.4493543674592
2.9507999420166	-9.3511802269221
2.9554998874664	-9.2530727549818
2.9602000713348	-9.1555718816064
2.9649000167847	-9.0595667517506
2.9695999622345	-8.9660139045218
2.9742999076843	-8.8756569185591
2.9790000915527	-8.7888259067040
2.9837000370026	-8.7053310869827
2.9883999824524	-8.6245395117219
2.9930999279022	-8.5455422794397
2.9978001117706	-8.4674306560844
3.0025000572205	-8.3895493716528
3.0072000026703	-8.3116823866964
3.0118999481201	-8.2341047298513
3.0165998935699	-8.1574866535091
3.0213000774384	-8.0826956303664
3.0260000228882	-8.0105299978025
3.0306999683380	-7.9414930818246
3.0353999137878	-7.8756412565256
3.0401000976562	-7.8125784936468
3.0448000431061	-7.7515641931107
3.0494999885559	-7.6917435410518
3.0541999340057	-7.6323774552355
3.0589001178741	-7.5730629646602
3.0636000633240	-7.5138416362492
3.0683000087738	-7.4551729016530
3.0729999542236	-7.3977997200384
3.0776998996735	-7.3425098208161
3.0824000835419	-7.2899108996952
3.0871000289917	-7.2402490065748
3.0917999744415	-7.1933363765887
3.0964999198914	-7.1486134557339
3.1012001037598	-7.1053040007832
3.1059000492096	-7.0626408745752
3.1105999946594	-7.0200912022577
3.1152999401093	-6.9775030958750
3.1199998855591	-6.9351420366741
3.1247000694275	-6.8936050259064
3.1294000148773	-6.8536306526727
3.1340999603271	-6.8158863713096
3.1387999057770	-6.7807580804847
3.1435000896454	-6.7482471968287
3.1482000350952	-6.7179525844726
3.1528999805450	-6.6892076417533
3.1575999259949	-6.6612520913096
3.1623001098633	-6.6334675198233
3.1670000553131	-6.6055460323049
3.1717000007629	-6.5775728618683
3.1763999462128	-6.5499991330196
3.1810998916626	-6.5234877364865
3.1858000755310	-6.4987255304656
3.1905000209808	-6.4762026176217
3.1951999664307	-6.4560713082497
3.1998999118805	-6.4380892625416
3.2046000957489	-6.4216965504013
3.2093000411987	-6.4061667560311
3.2139999866486	-6.3908211193357
3.2186999320984	-6.3752162699767
3.2234001159668	-6.3592770308762
3.2281000614166	-6.3432970037493
3.2328000068665	-6.3278493285777
3.2374999523163	-6.3136060056059
3.2421998977661	-6.3011205507926
3.2469000816345	-6.2906591824343
3.2516000270844	-6.2821159061628
3.2562999725342	-6.2750246112174
3.2609999179840	-6.2686972844149
3.2657001018524	-6.2624022994444
3.2704000473022	-6.2555805898281
3.2750999927521	-6.2479842603365
3.2797999382019	-6.2397535038934
3.2844998836517	-6.2313374428318
3.2892000675201	-6.2233507987484
3.2939000129700	-6.2163629073257
3.2985999584198	-6.2107210486437
3.3032999038696	-6.2063987851785
3.3080000877380	-6.2030092021879
3.3127000331879	-6.1998690760052
3.3173999786377	-6.1961929352120
3.3220999240875	-6.1912903323931
3.3268001079559	-6.1847495316873
3.3315000534058	-6.1765256445529
3.3361999988556	-6.1669245339156
3.3408999443054	-6.1564671514485
3.3455998897552	-6.1457019349974
3.3503000736237	-6.1349965454240
3.3550000190735	-6.1243829437984
3.3596999645233	-6.1135099119410
3.3643999099731	-6.1017122884609
3.3691000938416	-6.0881498236780
3.3738000392914	-6.0720417767687
3.3784999847412	-6.0528454660642
3.3831999301910	-6.0303819727023
3.3879001140594	-6.0048532989885
3.3926000595093	-5.9767337449589
3.3973000049591	-5.9465862823396
3.4019999504089	-5.9148548978376
3.4066998958588	-5.8816903377134
3.4114000797272	-5.8468904869138
3.4161000251770	-5.8099261407047
3.4207999706268	-5.7700968689260
3.4254999160767	-5.7267224287226
3.4302000999451	-5.6793564990678
3.4349000453949	-5.6279219592967
3.4395999908447	-5.5727327879164
3.4442999362946	-5.5144246562664
3.4489998817444	-5.4537649734052
3.4537000656128	-5.3914708527532
3.4584000110626	-5.3280163449748
3.4630999565125	-5.2635500883923
3.4677999019623	-5.1979176797213
3.4725000858307	-5.1307707128312
3.4772000312805	-5.0617575767429
3.4818999767303	-4.9906894417396
3.4865999221802	-4.9176986688087
3.4913001060486	-4.8432594462134
3.4960000514984	-4.7681317897372
3.5006999969482	-4.6932211273414
3.5053999423981	-4.6193824778569
3.5100998878479	-4.5472634156817
3.5148000717163	-4.4771958480142
3.5195000171661	-4.4092012057017
3.5241999626160	-4.3430570353505
3.5288999080658	-4.2784529300638
3.5336000919342	-4.2151561039074
3.5383000373840	-4.1531381692054
3.5429999828339	-4.0926424891586
3.5476999282837	-4.0341679033909
3.5524001121521	-3.9783524022938
3.5571000576019	-3.9258353090231
3.5618000030518	-3.8771019584346
3.5664999485016	-3.8323780070375
3.5711998939514	-3.7915955293942
3.5759000778198	-3.7544294143145
3.5806000232697	-3.7204178783398
3.5852999687195	-3.6891003591607
3.5899999141693	-3.6601649404489
3.5947000980377	-3.6335211289077
3.5994000434875	-3.6093347330694
3.6040999889374	-3.5879710156193
3.6087999343872	-3.5698655256643
3.6135001182556	-3.5553992004400
3.6182000637054	-3.5447695405043
3.6229000091553	-3.5379274771968
3.6275999546051	-3.5345739160064
3.6322999000549	-3.5342333802318
3.6370000839233	-3.5363729554138
3.6417000293732	-3.5405421368465
3.6463999748230	-3.5464815613151
3.6510999202728	-3.5541837141736
3.6558001041412	-3.5638742089703
3.6605000495911	-3.5759346132167
3.6651999950409	-3.5907700915187
3.6698999404907	-3.6086821338150
3.6745998859406	-3.6297630506625
3.6793000698090	-3.6538613166531
3.6840000152588	-3.6806039240850
3.6886999607086	-3.7094975654409
3.6933999061584	-3.7400542689143
3.6981000900269	-3.7719249673979
3.7028000354767	-3.8049876534237
3.7074999809265	-3.8393806051163
3.7121999263763	-3.8754527914356
3.7169001102448	-3.9136582922322
3.7216000556946	-3.9544175173914
3.7263000011444	-3.9979882013964
3.7309999465942	-4.0443872666534
3.7356998920441	-4.0933758928100
3.7404000759125	-4.1445215568175
3.7451000213623	-4.1973157342051
3.7497999668121	-4.2513233104794
3.7544999122620	-4.3062969773619
3.7592000961304	-4.3622610598357
3.7639000415802	-4.4195017833659
3.7685999870300	-4.4784831868226
3.7732999324799	-4.5397113830388
3.7780001163483	-4.6035878237638
3.7827000617981	-4.6702792964542
3.7874000072479	-4.7396662816595
3.7920999526978	-4.8113588863021
3.7967998981476	-4.8848061997607
3.8015000820160	-4.9594386770422
3.8062000274658	-5.0348370650020
3.8108999729156	-5.1108414540219
3.8155999183655	-5.1876041597533
3.8203001022339	-5.2655308521528
3.8250000476837	-5.3451574625112
3.8296999931335	-5.4269738078803
3.8343999385834	-5.5112557399426
3.8390998840332	-5.5979532958818
3.8438000679016	-5.6866712895829
3.8485000133514	-5.7767412463381
3.8531999588013	-5.8673867451583
3.8578999042511	-5.9579087172607
3.8626000881195	-6.0478690271802
3.8673000335693	-6.1371833602934
3.8719999790192	-6.2261170914842
3.8766999244690	-6.3151596747103
3.8814001083374	-6.4048320719147
3.8861000537872	-6.4954663558328
3.8907999992371	-6.5870331339012
3.8954999446869	-6.6790755292752
3.9001998901367	-6.7707573183529
3.9049000740051	-6.8610351323283
3.9096000194550	-6.9489000316790
3.9142999649048	-7.0336164261928
3.9189999103546	-7.1148840494129
3.9237000942230	-7.1928731500055
3.9284000396729	-7.2681074964134
3.9330999851227	-7.3412409918335
3.9377999305725	-7.4127758105265
3.9425001144409	-7.4828408134795
3.9472000598907	-7.5510697005218
3.9519000053406	-7.6166491284178
3.9565999507904	-7.6785021097472
3.9612998962402	-7.7355842100648
3.9660000801086	-7.7871793339232
3.9707000255585	-7.8331091335678
3.9753999710083	-7.8737939348985
3.9800999164581	-7.9101171926993
3.9848001003265	-7.9431636339920
3.9895000457764	-7.9738902715478
3.9941999912262	-8.0028490416886
3.9988999366760	-8.0300394711066
4.0036001205444	-8.0549454695389
4.0082998275757	-8.0767346222164
4.0130000114441	-8.0945729670982
4.0177001953125	-8.1079493574686
4.0223999023438	-8.1169110285668
4.0271000862122	-8.1221153501380
4.0317997932434	-8.1247157789358
4.0364999771118	-8.1260681145678
4.0412001609802	-8.1273927256801
4.0458998680115	-8.1294731669352
4.0506000518799	-8.1324940910765
4.0553002357483	-8.1360556722215
4.0599999427795	-8.1393669510113
4.0647001266479	-8.1415530022501
4.0693998336792	-8.1419915941327
4.0741000175476	-8.1405719762009
4.0788002014160	-8.1377873072538
4.0834999084473	-8.1346480056020
4.0882000923157	-8.1324175293010
4.0928997993469	-8.1322817453082
4.0975999832153	-8.1350324623310
4.1023001670837	-8.1408702715273
4.1069998741150	-8.1493755065442
4.1117000579834	-8.1596608855907
4.1163997650146	-8.1706605537453
4.1210999488831	-8.1814750460534
4.1258001327515	-8.1916609471523
4.1304998397827	-8.2013919102210
4.1352000236511	-8.2114200964400
4.1399002075195	-8.2228616103558
4.1445999145508	-8.2368702023548
4.1493000984192	-8.2542945409748
4.1539998054504	-8.2754200223477
4.1586999893188	-8.2998780682012
4.1634001731873	-8.3267389744729
4.1680998802185	-8.3547709256143
4.1728000640869	-8.3827940306401
4.1774997711182	-8.4100226365349
4.1821999549866	-8.4362939928915
4.1869001388550	-8.4621107347716
4.1915998458862	-8.4884753904998
4.1963000297546	-8.5165754175939
4.2010002136230	-8.5473976342143
4.2056999206543	-8.5814153224502
4.2104001045227	-8.6184081826264
4.2150998115540	-8.6574903964704
4.2197999954224	-8.6973330661591
4.2245001792908	-8.7365358837736
4.2291998863220	-8.7740178708730
4.2339000701904	-8.8093395993723
4.2385997772217	-8.8428322479559
4.2432999610901	-8.8755019334521
4.2480001449585	-8.9087294540036
4.2526998519897	-8.9438690452304
4.2574000358582	-8.9818589958110
4.2621002197266	-9.0229674026650
4.2667999267578	-9.0667472894829
4.2715001106262	-9.1122079564881
4.2761998176575	-9.1581759988736
4.2809000015259	-9.2037303281657
4.2856001853943	-9.2485901911648
4.2902998924255	-9.2933310307000
4.2950000762939	-9.3393524814041
4.2996997833252	-9.3886220240149
4.3043999671936	-9.4432375189961
4.3091001510620	-9.5049723480812
4.3137998580933	-9.5749003402084
4.3185000419617	-9.6532072377121
4.3232002258301	-9.7392465959181
4.3278999328613	-9.8318006013946
4.3326001167297	-9.9295142243714
4.3372998237610	-10.031350243143
4.3420000076294	-10.136958855016
4.3467001914978	-10.246834119755
4.3513998985291	-10.362200055916
4.3561000823975	-10.484664836075
4.3607997894287	-10.615722999504
4.3654999732971	-10.756262264964
4.3702001571655	-10.906212862839
4.3748998641968	-11.064432623235
4.3796000480652	-11.228900942539
4.3843002319336	-11.397174856325
4.3889999389648	-11.567018918552
4.3937001228333	-11.737024066029
4.3983998298645	-11.907029182520
4.4031000137329	-12.078183622431
4.4078001976013	-12.252618532616
4.4124999046326	-12.432804500312
4.4172000885010	-12.620793983349
4.4218997955322	-12.817555676845
4.4265999794006	-13.022601081828
4.4313001632690	-13.234023072867
4.4359998703003	-13.448980503104
4.4407000541687	-13.664512787154
4.4454002380371	-13.878496897560
4.4500999450684	-14.090422313043
4.4548001289368	-14.301711142094
4.4594998359680	-14.515453615207
4.4642000198364	-14.735598871682
4.4689002037048	-14.965854332781
4.4735999107361	-15.208613800450
4.4783000946045	-15.464221331824
4.4829998016357	-15.730784652094
4.4876999855042	-16.004650535815
4.4924001693726	-16.281478342040
4.4970998764038	-16.557678860587
4.5018000602722	-16.831781050617
4.5064997673035	-17.105256619405
4.5111999511719	-17.382417315239
4.5159001350403	-17.669413511557
4.5205998420715	-17.972591668405
4.5253000259399	-18.296741031279
4.5300002098083	-18.643696828371
4.5346999168396	-19.011670812265
4.5394001007080	-19.395582816059
4.5440998077393	-19.788476770089
4.5487999916077	-20.183818562980
4.5535001754761	-20.578091475714
4.5581998825073	-20.972761277986
4.5629000663757	-21.374724300405
4.5675997734070	-21.794948160346
4.5722999572754	-22.245645941258
4.5770001411438	-22.736926856810
4.5816998481750	-23.273653570837
4.5864000320435	-23.853269854711
4.5911002159119	-24.465120468246
4.5957999229431	-25.092092762221
4.6005001068115	-25.715078432942
4.6051998138428	-26.319626164982
4.6098999977112	-26.902112746813
4.6146001815796	-27.471485468408
4.6192998886108	-28.044054519120
4.6240000724792	-28.631983674512
4.6286997795105	-29.228277295729
4.6333999633789	-29.792343642159
4.6381001472473	-30.244731324504
4.6427998542786	-30.486627718598
4.6475000381470	-30.451111168949
4.6522002220154	-30.150771683063
4.6568999290466	-29.669057608184
4.6616001129150	-29.105501919540
4.6662998199463	-28.531119163899
4.6710000038147	-27.976595110044
4.6757001876831	-27.440676621667
4.6803998947144	-26.905440607551
4.6851000785828	-26.351534932265
4.6897997856140	-25.769927153631
4.6944999694824	-25.166730244042
4.6992001533508	-24.560229301259
4.7038998603821	-23.973207861366
4.7086000442505	-23.425234626690
4.7133002281189	-22.927794913326
4.7179999351501	-22.482519592529
4.7227001190186	-22.082103960184
4.7273998260498	-21.712917239965
4.7321000099182	-21.358944183563
4.7368001937866	-21.006229798197
4.7414999008179	-20.646714691380
4.7462000846863	-20.280196059008
4.7508997917175	-19.913425797621
4.7555999755859	-19.557141482144
4.7603001594543	-19.222150985685
4.7649998664856	-18.916031511290
4.7697000503540	-18.641102495193
4.7744002342224	-18.394040480930
4.7790999412537	-18.166897807088
4.7838001251221	-17.949296328488
4.7884998321533	-17.731342975837
4.7932000160217	-17.506489844121
4.7979001998901	-17.273347080963
4.8025999069214	-17.035837761137
4.8073000907898	-16.801605231802
4.8119997978210	-16.579365690374
4.8166999816895	-16.376203468465
4.8214001655579	-16.195598039479
4.8260998725891	-16.036528867546
4.8308000564575	-15.893849591597
4.8354997634888	-15.759719246651
4.8401999473572	-15.625822677222
4.8449001312256	-15.485823759293
4.8495998382568	-15.337254249441
4.8543000221252	-15.182221849379
4.8590002059937	-15.026570039636
4.8636999130249	-14.877937908713
4.8684000968933	-14.743337882943
4.8730998039246	-14.627138240204
4.8777999877930	-14.529849863262
4.8825001716614	-14.448024931714
4.8871998786926	-14.375171977530
4.8919000625610	-14.303600795575
4.8965997695923	-14.226636522678
4.9012999534607	-14.140697984450
4.9060001373291	-14.046387721344
4.9106998443604	-13.948259469181
4.9154000282288	-13.853282814282
4.9201002120972	-13.768621378647
4.9247999191284	-13.699456596882
4.9295001029968	-13.647495106592
4.9341998100281	-13.610417647316
4.9388999938965	-13.582485538176
4.9436001777649	-13.556071620523
4.9482998847961	-13.523875944551
4.9530000686646	-13.481165521307
4.9576997756958	-13.427316254119
4.9623999595642	-13.365994364435
4.9671001434326	-13.303941110954
4.9717998504639	-13.248750823541
4.9765000343323	-13.206491951127
4.9812002182007	-13.179859316472
4.9858999252319	-13.167272770371
4.9906001091003	-13.163194661880
4.9952998161316	-13.159527730447
5.0000000000000	-13.147893834630
#Parameters = {R_fat=48; R_glandular=38; R_skin_outer=50; T10=5; T15=7.5; T5=2.5; T_rad=4; T_x=10; T_y=0; T_z=75; Zc=65; skin_thickness=2; Mesh Pass=3}
#"Frequency / GHz"	"S1,1 (Mesh Pass=3) [Magnitude / dB]"
#-------------------------------------------------------
0.30000001192093	-11.860761226002
0.30469998717308	-11.673895232229
0.30939999222755	-11.360563465638
0.31409999728203	-11.040676507849
0.31880000233650	-10.823248736335
0.32350000739098	-10.790024460860
0.32820001244545	-11.000508462579
0.33289998769760	-11.505083395691
0.33759999275208	-12.359873443689
0.34229999780655	-13.641402727698
0.34700000286102	-15.450831978796
0.35170000791550	-17.822752088749
0.35640001296997	-20.037513558287
0.36109998822212	-19.543196929116
0.36579999327660	-16.611015872850
0.37049999833107	-13.701985559558
0.37520000338554	-11.394857479575
0.37990000844002	-9.6407328838786
0.38460001349449	-8.3416414636218
0.38929998874664	-7.4212624896436
0.39399999380112	-6.8216747104269
0.39869999885559	-6.4958707597990
0.40340000391006	-6.4035818401944
0.40810000896454	-6.5093604663359
0.41280001401901	-6.7810839760801
0.41749998927116	-7.1876218665447
0.42219999432564	-7.6950004377816
0.42689999938011	-8.2612989596619
0.43160000443459	-8.8321034716054
0.43630000948906	-9.3410863849737
0.44100001454353	-9.7219731000423
0.44569998979568	-9.9322910406636
0.45039999485016	-9.9745359798308
0.45509999990463	-9.8950884309138
0.45980000495911	-9.7609175445085
0.46450001001358	-9.6337971793380
0.46919998526573	-9.5566520783393
0.47389999032021	-9.5515492530696
0.47859999537468	-9.6229442420881
0.48330000042915	-9.7615438027871
0.48800000548363	-9.9473266096449
0.49270001053810	-10.152271341924
0.49739998579025	-10.344189125961
0.50209999084473	-10.492799552424
0.50679999589920	-10.577321076961
0.51150000095367	-10.592558271223
0.51620000600815	-10.549845238306
0.52090001106262	-10.472098464361
0.52560001611710	-10.385896825612
0.53030002117157	-10.314474529381
0.53500002622604	-10.273649354967
0.53969997167587	-10.270512389731
0.54439997673035	-10.303769881884
0.54909998178482	-10.364938130978
0.55379998683929	-10.440085278489
0.55849999189377	-10.512240111880
0.56319999694824	-10.564607151227
0.56790000200272	-10.584189684962
0.57260000705719	-10.564835860566
0.57730001211166	-10.508484166170
0.58200001716614	-10.424045720425
0.58670002222061	-10.324463424009
0.59140002727509	-10.223226694777
0.59609997272491	-10.131497511164
0.60079997777939	-10.056352308501
0.60549998283386	-10.000113420855
0.61019998788834	-9.9604907099289
0.61489999294281	-9.9313142863733
0.61959999799728	-9.9037778128529
0.62430000305176	-9.8681073957561
0.62900000810623	-9.8155039675081
0.63370001316071	-9.7399686839482
0.63840001821518	-9.6395278423883
0.64310002326965	-9.5164454445950
0.64780002832413	-9.3763945149015
0.65249997377396	-9.2269234978348
0.65719997882843	-9.0757303810000
0.66189998388290	-8.9292014130977
0.66659998893738	-8.7914314888976
0.67129999399185	-8.6637799311138
0.67599999904633	-8.5448901643927
0.68070000410080	-8.4311233006507
0.68540000915527	-8.3173131310010
0.69010001420975	-8.1977927316535
0.69480001926422	-8.0675306995096
0.69950002431870	-7.9231476838313
0.70420002937317	-7.7635796421571
0.70889997482300	-7.5902207120970
0.71359997987747	-7.4065274487535
0.71829998493195	-7.2172161744291
0.72299998998642	-7.0273070862885
0.72769999504089	-6.8412206856381
0.73240000009537	-6.6620819061113
0.73710000514984	-6.4913094355112
0.74180001020432	-6.3284933575336
0.74650001525879	-6.1715776654400
0.75120002031326	-6.0172993441689
0.75590002536774	-5.8618505822797
0.76059997081757	-5.7016485779406
0.76529997587204	-5.5340873923609
0.76999998092651	-5.3580949684609
0.77469998598099	-5.1743678760409
0.77939999103546	-4.9852359819679
0.78409999608994	-4.7942089336904
0.78880000114441	-4.6053083325172
0.79350000619888	-4.4223647932068
0.79820001125336	-4.2483490573792
0.80290001630783	-4.0849181733300
0.80760002136230	-3.9321493233496
0.81230002641678	-3.7885651376999
0.81699997186661	-3.6514327456330
0.82169997692108	-3.5173116089559
0.82639998197556	-3.3827859554916
0.83109998703003	-3.2452293848325
0.83579999208450	-3.1034427755932
0.84049999713898	-2.9580089819884
0.84520000219345	-2.8112719311123
0.84990000724792	-2.6669316967836
0.85460001230240	-2.5293926463474
0.85930001735687	-2.4029277474643
0.86400002241135	-2.2909067918644
0.86870002746582	-2.1951384647171
0.87339997291565	-2.1155230684335
0.87809997797012	-2.0500375447304
0.88279998302460	-1.9951113748406
0.88749998807907	-1.9463718074063
0.89219999313354	-1.8996534568591
0.89689999818802	-1.8520476387691
0.90160000324249	-1.8027736420288
0.90630000829697	-1.7536006721783
0.91100001335144	-1.7087348652366
0.91570001840591	-1.6741459734439
0.92040002346039	-1.6564998487618
0.92510002851486	-1.6619433117335
0.92979997396469	-1.6949719662899
0.93449997901917	-1.7576180367969
0.93919998407364	-1.8491290717525
0.94389998912811	-1.9662078057993
0.94859999418259	-2.1039242639077
0.95329999923706	-2.2571465956528
0.95800000429153	-2.4223787145185
0.96270000934601	-2.5996244432319
0.96740001440048	-2.7938640209403
0.97210001945496	-3.0157771737919
0.97680002450943	-3.2815494549700
0.98150002956390	-3.6119739997066
0.98619997501373	-4.0313913311072
0.99089998006821	-4.5670884004142
0.99559998512268	-5.2499786840794
1.0003000497818	-6.1173350259418
1.0049999952316	-7.2189341800132
1.0096999406815	-8.6295880300435
1.0144000053406	-10.476280174718
1.0190999507904	-13.006968711117
1.0238000154495	-16.817316314208
1.0284999608994	-24.070870750411
1.0332000255585	-30.714201862707
1.0378999710083	-19.019190189561
1.0426000356674	-14.062343786809
1.0472999811172	-10.944756582847
1.0520000457764	-8.7071786801787
1.0566999912262	-7.0031785540701
1.0614000558853	-5.6699645431769
1.0661000013351	-4.6179148234310
1.0707999467850	-3.7908107525611
1.0755000114441	-3.1483497565375
1.0801999568939	-2.6576153598624
1.0849000215530	-2.2889895244719
1.0895999670029	-2.0147061243230
1.0943000316620	-1.8090292139439
1.0989999771118	-1.6493538211532
1.1037000417709	-1.5175734878796
1.1083999872208	-1.4011397724331
1.1131000518799	-1.2933577605618
1.1177999973297	-1.1927420766010
1.1224999427795	-1.1015507109351
1.1272000074387	-1.0238897517397
1.1318999528885	-0.96383075121391
1.1366000175476	-0.92395762164125
1.1412999629974	-0.90452608370098
1.1460000276566	-0.90329755236270
1.1506999731064	-0.91596063570870
1.1554000377655	-0.93698479917424
1.1600999832153	-0.96069743178123
1.1648000478745	-0.98236398924070
1.1694999933243	-0.99902559643490
1.1742000579834	-1.0099222878787
1.1789000034332	-1.0163909200839
1.1835999488831	-1.0212978257268
1.1883000135422	-1.0281596513860
1.1929999589920	-1.0402361168891
1.1977000236511	-1.0597387321434
1.2023999691010	-1.0874071790538
1.2071000337601	-1.1224030522092
1.2117999792099	-1.1626010020577
1.2165000438690	-1.2051037700248
1.2211999893188	-1.2469099617917
1.2259000539780	-1.2855905865944
1.2305999994278	-1.3197742122688
1.2352999448776	-1.3494088004523
1.2400000095367	-1.3756742614751
1.2446999549866	-1.4006256004545
1.2494000196457	-1.4266462504006
1.2540999650955	-1.4558724364123
1.2588000297546	-1.4897272641243
1.2634999752045	-1.5286392391046
1.2682000398636	-1.5720101013841
1.2728999853134	-1.6184152887159
1.2776000499725	-1.6659596920902
1.2822999954224	-1.7127307616582
1.2869999408722	-1.7572338994737
1.2917000055313	-1.7987203854077
1.2963999509811	-1.8373230259087
1.3011000156403	-1.8739930867885
1.3057999610901	-1.9102377901152
1.3105000257492	-1.9477509259139
1.3151999711990	-1.9880259842114
1.3199000358582	-2.0320321700810
1.3245999813080	-2.0800467254844
1.3293000459671	-2.1316331680037
1.3339999914169	-2.1857861403920
1.3387000560760	-2.2411887950131
1.3434000015259	-2.2965347548273
1.3480999469757	-2.3508293926490
1.3528000116348	-2.4036154998036
1.3574999570847	-2.4550713581720
1.3622000217438	-2.5059567502219
1.3668999671936	-2.5574294912140
1.3716000318527	-2.6107823739245
1.3762999773026	-2.6671714550555
1.3810000419617	-2.7273723720863
1.3856999874115	-2.7916622757006
1.3904000520706	-2.8597894693956
1.3950999975204	-2.9310737138229
1.3997999429703	-3.0045922482658
1.4045000076294	-3.0794089660976
1.4091999530792	-3.1548024442461
1.4139000177383	-3.2304465921139
1.4185999631882	-3.3064941658922
1.4233000278473	-3.3835544439646
1.4279999732971	-3.4625737778283
1.4327000379562	-3.5446485557560
1.4373999834061	-3.6308044045965
1.4421000480652	-3.7218166588371
1.4467999935150	-3.8180833545017
1.4515000581741	-3.9195805113480
1.4562000036240	-4.0259099534039
1.4608999490738	-4.1364269435791
1.4656000137329	-4.2504158490509
1.4702999591827	-4.3672748241632
1.4750000238419	-4.4866885937089
1.4796999692917	-4.6087296046157
1.4844000339508	-4.7338788449604
1.4890999794006	-4.8629656484219
1.4938000440598	-4.9970210806569
1.4984999895096	-5.1371127284890
1.5032000541687	-5.2841520086615
1.5078999996185	-5.4387529094593
1.5125999450684	-5.6011457365201
1.5173000097275	-5.7711727651746
1.5219999551773	-5.9483570510209
1.5267000198364	-6.1320461792057
1.5313999652863	-6.3215935196621
1.5361000299454	-6.5165483523107
1.5407999753952	-6.7168072908460
1.5455000400543	-6.9227042513507
1.5501999855042	-7.1350030216905
1.5549000501633	-7.3547974657892
1.5595999956131	-7.5833502159698
1.5642999410629	-7.8218760033501
1.5690000057220	-8.0713448210999
1.5736999511719	-8.3323179544798
1.5784000158310	-8.6048724571534
1.5830999612808	-8.8886200323957
1.5878000259399	-9.1828224948301
1.5924999713898	-9.4866057971424
1.5972000360489	-9.7992128265687
1.6018999814987	-10.120257489236
1.6066000461578	-10.449920334908
1.6112999916077	-10.789036103856
1.6160000562668	-11.139037774835
1.6207000017166	-11.501781691213
1.6253999471664	-11.879265190175
1.6301000118256	-12.273312205912
1.6347999572754	-12.685283431585
1.6395000219345	-13.115865125558
1.6441999673843	-13.564999230200
1.6489000320435	-14.031947953950
1.6535999774933	-14.515560428965
1.6583000421524	-15.014606357951
1.6629999876022	-15.528216022329
1.6677000522614	-16.056248557077
1.6723999977112	-16.599538990991
1.6770999431610	-17.159904948729
1.6818000078201	-17.739923575734
1.6864999532700	-18.342454717778
1.6912000179291	-18.969970308424
1.6958999633789	-19.623787991770
1.7006000280380	-20.303279415042
1.7052999734879	-21.005034198852
1.7100000381470	-21.722074439894
1.7146999835968	-22.443134682438
1.7194000482559	-23.151985126597
1.7240999937057	-23.827123049260
1.7288000583649	-24.442057624856
1.7335000038147	-24.967013432587
1.7381999492645	-25.372568886702
1.7429000139236	-25.635325905726
1.7475999593735	-25.744008641157
1.7523000240326	-25.703169127570
1.7569999694824	-25.532209888792
1.7617000341415	-25.260034432736
1.7663999795914	-24.918076895504
1.7711000442505	-24.534668287053
1.7757999897003	-24.131932017169
1.7805000543594	-23.725145695313
1.7851999998093	-23.323531488812
1.7898999452591	-22.931775277009
1.7946000099182	-22.551725184048
1.7992999553680	-22.183914223468
1.8040000200272	-21.828714037742
1.8086999654770	-21.487049914508
1.8134000301361	-21.160642695736
1.8180999755859	-20.851831428816
1.8228000402451	-20.563131443195
1.8274999856949	-20.296730264930
1.8322000503540	-20.053963015399
1.8368999958038	-19.835046768306
1.8415999412537	-19.638944623566
1.8463000059128	-19.463488737673
1.8509999513626	-19.305757362539
1.8557000160217	-19.162517062022
1.8603999614716	-19.030786567197
1.8651000261307	-18.908328841886
1.8697999715805	-18.793963068654
1.8745000362396	-18.687707425925
1.8791999816895	-18.590604317047
1.8839000463486	-18.504391290780
1.8885999917984	-18.430993141916
1.8933000564575	-18.372090386873
1.8980000019073	-18.328696530096
1.9026999473572	-18.300947154859
1.9074000120163	-18.288048152245
1.9120999574661	-18.288455995643
1.9168000221252	-18.300143270116
1.9214999675751	-18.321047288324
1.9262000322342	-18.349444489150
1.9308999776840	-18.384334159929
1.9356000423431	-18.425605042276
1.9402999877930	-18.474047230187
1.9450000524521	-18.531164587838
1.9496999979019	-18.598830299524
1.9543999433517	-18.678894574117
1.9591000080109	-18.772810157631
1.9637999534607	-18.881339628666
1.9685000181198	-19.004406173938
1.9731999635696	-19.141091617455
1.9779000282288	-19.289805312413
1.9825999736786	-19.448541486039
1.9873000383377	-19.615224418223
1.9919999837875	-19.788036374988
1.9967000484467	-19.965677062842
2.0013999938965	-20.147466766989
2.0060999393463	-20.333297851060
2.0107998847961	-20.523399466300
2.0155000686646	-20.717988262271
2.0202000141144	-20.916861427571
2.0248999595642	-21.119009883267
2.0295999050140	-21.322309989667
2.0343000888824	-21.523350932388
2.0390000343323	-21.717436660770
2.0436999797821	-21.898753664588
2.0483999252319	-22.060734484013
2.0531001091003	-22.196553314025
2.0578000545502	-22.299725588641
2.0625000000000	-22.364747845491
2.0671999454498	-22.387621159077
2.0718998908997	-22.366232299842
2.0766000747681	-22.300528388204
2.0813000202179	-22.192406761523
2.0859999656677	-22.045359719967
2.0906999111176	-21.864005061192
2.0954000949860	-21.653502704409
2.1001000404358	-21.419016607408
2.1047999858856	-21.165290722613
2.1094999313354	-20.896416869106
2.1142001152039	-20.615737005011
2.1189000606537	-20.325972497574
2.1236000061035	-20.029418724397
2.1282999515533	-19.728207923137
2.1329998970032	-19.424532458944
2.1377000808716	-19.120773462073
2.1424000263214	-18.819516805064
2.1470999717712	-18.523426075359
2.1517999172211	-18.235068218332
2.1565001010895	-17.956666916800
2.1612000465393	-17.689887745289
2.1658999919891	-17.435689959416
2.1705999374390	-17.194295417547
2.1752998828888	-16.965228769934
2.1800000667572	-16.747498013073
2.1847000122070	-16.539849024044
2.1893999576569	-16.341025719844
2.1940999031067	-16.150023162521
2.1988000869751	-15.966283276444
2.2035000324249	-15.789766504837
2.2081999778748	-15.620908329678
2.2128999233246	-15.460474645186
2.2176001071930	-15.309343645756
2.2223000526428	-15.168267421355
2.2269999980927	-15.037677614230
2.2316999435425	-14.917555704403
2.2363998889923	-14.807410614742
2.2411000728607	-14.706334244706
2.2458000183105	-14.613178643286
2.2504999637604	-14.526756993849
2.2551999092102	-14.446056306040
2.2599000930786	-14.370421852642
2.2646000385284	-14.299643806607
2.2692999839783	-14.233962588513
2.2739999294281	-14.173957775335
2.2787001132965	-14.120382483307
2.2834000587463	-14.073956435047
2.2881000041962	-14.035177403677
2.2927999496460	-14.004181235070
2.2974998950958	-13.980699758118
2.3022000789642	-13.964105039894
2.3069000244141	-13.953519414874
2.3115999698639	-13.947999189783
2.3162999153137	-13.946732104754
2.3210000991821	-13.949192958739
2.3257000446320	-13.955253952690
2.3303999900818	-13.965185486209
2.3350999355316	-13.979582932840
2.3397998809814	-13.999219146113
2.3445000648499	-14.024870358785
2.3492000102997	-14.057108198081
2.3538999557495	-14.096210006542
2.3585999011993	-14.142059303456
2.3633000850677	-14.194198252252
2.3680000305176	-14.251918143364
2.3726999759674	-14.314434560138
2.3773999214172	-14.381041601533
2.3821001052856	-14.451304068562
2.3868000507355	-14.525147999465
2.3914999961853	-14.602888518960
2.3961999416351	-14.685159929971
2.4008998870850	-14.772806492178
2.4056000709534	-14.866673321631
2.4103000164032	-14.967458720182
2.4149999618530	-15.075552219931
2.4196999073029	-15.190975061669
2.4244000911713	-15.313381175889
2.4291000366211	-15.442128074639
2.4337999820709	-15.576453419950
2.4384999275208	-15.715627899496
2.4432001113892	-15.859134613389
2.4479000568390	-16.006790984914
2.4526000022888	-16.158793287488
2.4572999477386	-16.315685364446
2.4619998931885	-16.478216319988
2.4667000770569	-16.647189711413
2.4714000225067	-16.823243773648
2.4760999679565	-17.006694824058
2.4807999134064	-17.197423054145
2.4855000972748	-17.394815343349
2.4902000427246	-17.597819202043
2.4948999881744	-17.805045463790
2.4995999336243	-18.014934629062
2.5043001174927	-18.225917400115
2.5090000629425	-18.436558144522
2.5137000083923	-18.645622769233
2.5183999538422	-18.852073343137
2.5230998992920	-19.054961197191
2.5278000831604	-19.253254054377
2.5325000286102	-19.445644544474
2.5371999740601	-19.630351902371
2.5418999195099	-19.804985515503
2.5466001033783	-19.966511409160
2.5513000488281	-20.111317031192
2.5559999942780	-20.235399663228
2.5606999397278	-20.334657059913
2.5653998851776	-20.405241441658
2.5701000690460	-20.443923292770
2.5748000144958	-20.448428376147
2.5794999599457	-20.417638763849
2.5841999053955	-20.351715563030
2.5889000892639	-20.252000926859
2.5936000347137	-20.120821654062
2.5982999801636	-19.961210459334
2.6029999256134	-19.776557071289
2.6077001094818	-19.570289052751
2.6124000549316	-19.345633450948
2.6171000003815	-19.105447393146
2.6217999458313	-18.852185193420
2.6264998912811	-18.587940837537
2.6312000751495	-18.314553312841
2.6359000205994	-18.033763471794
2.6405999660492	-17.747337344970
2.6452999114990	-17.457130970587
2.6500000953674	-17.165106347730
2.6547000408173	-16.873263326078
2.6593999862671	-16.583510756332
2.6640999317169	-16.297534081230
2.6688001155853	-16.016656025538
2.6735000610352	-15.741748774552
2.6782000064850	-15.473208553062
2.6828999519348	-15.210999041472
2.6875998973846	-14.954751895680
2.6923000812531	-14.703922530487
2.6970000267029	-14.457973030638
2.7016999721527	-14.216508193222
2.7063999176025	-13.979367621335
2.7111001014709	-13.746685445924
2.7158000469208	-13.518836380698
2.7204999923706	-13.296328245060
2.7251999378204	-13.079699360177
2.7298998832703	-12.869347983285
2.7346000671387	-12.665461839198
2.7393000125885	-12.467931552454
2.7439999580383	-12.276378986188
2.7486999034882	-12.090209167854
2.7534000873566	-11.908732693121
2.7581000328064	-11.731283257314
2.7627999782562	-11.557352399645
2.7674999237061	-11.386657867172
2.7722001075745	-11.219181565623
2.7769000530243	-11.055131591532
2.7815999984741	-10.894857878531
2.7862999439240	-10.738729220108
2.7909998893738	-10.587031566097
2.7957000732422	-10.439869750971
2.8004000186920	-10.297112282615
2.8050999641418	-10.158414954436
2.8097999095917	-10.023269041189
2.8145000934601	-9.8911026447097
2.8192000389099	-9.7613985282810
2.8238999843597	-9.6337790557883
2.8285999298096	-9.5080831852158
2.8333001136780	-9.3843638329031
2.8380000591278	-9.2628692677613
2.8427000045776	-9.1439381131821
2.8473999500275	-9.0279105957139
2.8520998954773	-8.9150239800895
2.8568000793457	-8.8053432433287
2.8615000247955	-8.6987305679848
2.8661999702454	-8.5948682974651
2.8708999156952	-8.4933245405930
2.8756000995636	-8.3936428569643
2.8803000450134	-8.2954372959991
2.8849999904633	-8.1984792831765
2.8896999359131	-8.1027318223211
2.8943998813629	-8.0083410008266
2.8991000652313	-7.9156029048595
2.9038000106812	-7.8248526680810
2.9084999561310	-7.7363968182937
2.9131999015808	-7.6504239000185
2.9179000854492	-7.5669432736393
2.9226000308990	-7.4857914357275
2.9272999763489	-7.4066594442301
2.9319999217987	-7.3291670881550
2.9367001056671	-7.2529470423959
2.9414000511169	-7.1777289006722
2.9460999965668	-7.1033961430034
2.9507999420166	-7.0300151427526
2.9554998874664	-6.9577963729938
2.9602000713348	-6.8870490150745
2.9649000167847	-6.8180922755568
2.9695999622345	-6.7511727082763
2.9742999076843	-6.6864032299314
2.9790000915527	-6.6237313029526
2.9837000370026	-6.5629518323300
2.9883999824524	-6.5037560205777
2.9930999279022	-6.4458012604463
2.9978001117706	-6.3887944272460
3.0025000572205	-6.3325632058791
3.0072000026703	-6.2770820650775
3.0118999481201	-6.2224852218595
3.0165998935699	-6.1690242468309
3.0213000774384	-6.1169945164344
3.0260000228882	-6.0666682828641
3.0306999683380	-6.0182169000212
3.0353999137878	-5.9716726465748
3.0401000976562	-5.9269166410212
3.0448000431061	-5.8837010155284
3.0494999885559	-5.8417173017006
3.0541999340057	-5.8006647228308
3.0589001178741	-5.7603221709350
3.0636000633240	-5.7205998166348
3.0683000087738	-5.6815506241596
3.0729999542236	-5.6433624383828
3.0776998996735	-5.6062926032104
3.0824000835419	-5.5706188718678
3.0871000289917	-5.5365489950418
3.0917999744415	-5.5041735809992
3.0964999198914	-5.4734459180520
3.1012001037598	-5.4441839637119
3.1059000492096	-5.4161174304077
3.1105999946594	-5.3889488366798
3.1152999401093	-5.3624248448680
3.1199998855591	-5.3364012983317
3.1247000694275	-5.3108671210055
3.1294000148773	-5.2859399288141
3.1340999603271	-5.2618447266834
3.1387999057770	-5.2388420830398
3.1435000896454	-5.2171633087631
3.1482000350952	-5.1969519734106
3.1528999805450	-5.1782188764329
3.1575999259949	-5.1608415185931
3.1623001098633	-5.1445891577524
3.1670000553131	-5.1291771243855
3.1717000007629	-5.1143348337511
3.1763999462128	-5.0998686117093
3.1810998916626	-5.0857002141353
3.1858000755310	-5.0718914674097
3.1905000209808	-5.0586131074314
3.1951999664307	-5.0461081336618
3.1998999118805	-5.0346131323732
3.2046000957489	-5.0243026200593
3.2093000411987	-5.0152409896127
3.2139999866486	-5.0073531829376
3.2186999320984	-5.0004472966104
3.2234001159668	-4.9942525354014
3.2281000614166	-4.9884745488878
3.2328000068665	-4.9828714084821
3.2374999523163	-4.9773011691595
3.2421998977661	-4.9717525835072
3.2469000816345	-4.9663271741375
3.2516000270844	-4.9612253641506
3.2562999725342	-4.9566620816499
3.2609999179840	-4.9528188688516
3.2657001018524	-4.9497812470306
3.2704000473022	-4.9475004552611
3.2750999927521	-4.9458011351100
3.2797999382019	-4.9444046007409
3.2844998836517	-4.9429855330403
3.2892000675201	-4.9412372577960
3.2939000129700	-4.9389320854569
3.2985999584198	-4.9359552328811
3.3032999038696	-4.9323221138863
3.3080000877380	-4.9281483397604
3.3127000331879	-4.9235865859496
3.3173999786377	-4.9187803369552
3.3220999240875	-4.9137905256073
3.3268001079559	-4.9085511405532
3.3315000534058	-4.9028699564297
3.3361999988556	-4.8964250742010
3.3408999443054	-4.8888362162042
3.3455998897552	-4.8797178679392
3.3503000736237	-4.8687461546562
3.3550000190735	-4.8557116768885
3.3596999645233	-4.8405290760134
3.3643999099731	-4.8232396092291
3.3691000938416	-4.8039534536611
3.3738000392914	-4.7827939314745
3.3784999847412	-4.7598343343023
3.3831999301910	-4.7350517376503
3.3879001140594	-4.7082996382017
3.3926000595093	-4.6793357877618
3.3973000049591	-4.6478547325048
3.4019999504089	-4.6135556492781
3.4066998958588	-4.5762192522817
3.4114000797272	-4.5357523674050
3.4161000251770	-4.4922221645626
3.4207999706268	-4.4458468973861
3.4254999160767	-4.3969616773506
3.4302000999451	-4.3459572802594
3.4349000453949	-4.2932140494043
3.4395999908447	-4.2390544958809
3.4442999362946	-4.1837062023692
3.4489998817444	-4.1273112884272
3.4537000656128	-4.0699526480974
3.4584000110626	-4.0117094296258
3.4630999565125	-3.9527113325910
3.4677999019623	-3.8931821820950
3.4725000858307	-3.8334689364659
3.4772000312805	-3.7740332928139
3.4818999767303	-3.7154149837762
3.4865999221802	-3.6581799072537
3.4913001060486	-3.6028525605043
3.4960000514984	-3.5498700307790
3.5006999969482	-3.4995409714856
3.5053999423981	-3.4520368241773
3.5100998878479	-3.4074166802758
3.5148000717163	-3.3656661625683
3.5195000171661	-3.3267473322978
3.5241999626160	-3.2906508994037
3.5288999080658	-3.2574307419964
3.5336000919342	-3.2272103367460
3.5383000373840	-3.2001816909694
3.5429999828339	-3.1765602189378
3.5476999282837	-3.1565446153275
3.5524001121521	-3.1402728354091
3.5571000576019	-3.1277800121957
3.5618000030518	-3.1189920713940
3.5664999485016	-3.1137295935670
3.5711998939514	-3.1117425821405
3.5759000778198	-3.1127487544254
3.5806000232697	-3.1164903154774
3.5852999687195	-3.1227783496653
3.5899999141693	-3.1315089500176
3.5947000980377	-3.1426734333036
3.5994000434875	-3.1563356441039
3.6040999889374	-3.1725938130822
3.6087999343872	-3.1915371619606
3.6135001182556	-3.2131938690777
3.6182000637054	-3.2375128188123
3.6229000091553	-3.2643473188171
3.6275999546051	-3.2934756962075
3.6322999000549	-3.3246259825492
3.6370000839233	-3.3575386914301
3.6417000293732	-3.3919942053830
3.6463999748230	-3.4278673518068
3.6510999202728	-3.4651272696666
3.6558001041412	-3.5038414116710
3.6605000495911	-3.5441397405296
3.6651999950409	-3.5861727410372
3.6698999404907	-3.6300573372154
3.6745998859406	-3.6758372264349
3.6793000698090	-3.7234632167605
3.6840000152588	-3.7727852628316
3.6886999607086	-3.8235807260875
3.6933999061584	-3.8755998573283
3.6981000900269	-3.9286092679896
3.7028000354767	-3.9824457678810
3.7074999809265	-4.0370411027439
3.7121999263763	-4.0924364877749
3.7169001102448	-4.1487584855071
3.7216000556946	-4.2061770768508
3.7263000011444	-4.2648534924540
3.7309999465942	-4.3248902149521
3.7356998920441	-4.3862862190399
3.7404000759125	-4.4489256184803
3.7451000213623	-4.5125859118363
3.7497999668121	-4.5769815313754
3.7544999122620	-4.6418107870356
3.7592000961304	-4.7068173902016
3.7639000415802	-4.7718391027711
3.7685999870300	-4.8368229228427
3.7732999324799	-4.9018284688254
3.7780001163483	-4.9669900101720
3.7827000617981	-5.0324533674642
3.7874000072479	-5.0983253110933
3.7920999526978	-5.1646057042570
3.7967998981476	-5.2311672394855
3.8015000820160	-5.2977474665061
3.8062000274658	-5.3639859994733
3.8108999729156	-5.4294807822540
3.8155999183655	-5.4938548229637
3.8203001022339	-5.5568225548035
3.8250000476837	-5.6182320651247
3.8296999931335	-5.6780663927585
3.8343999385834	-5.7364235367134
3.8390998840332	-5.7934521148606
3.8438000679016	-5.8492770868020
3.8485000133514	-5.9039401163530
3.8531999588013	-5.9573409731733
3.8578999042511	-6.0092371436681
3.8626000881195	-6.0592641423468
3.8673000335693	-6.1070068691382
3.8719999790192	-6.1520748091642
3.8766999244690	-6.1941832529021
3.8814001083374	-6.2332094616923
3.8861000537872	-6.2692107228106
3.8907999992371	-6.3023986691141
3.8954999446869	-6.3330756174598
3.9001998901367	-6.3615487929494
3.9049000740051	-6.3880497869948
3.9096000194550	-6.4126705513781
3.9142999649048	-6.4353475913521
3.9189999103546	-6.4558784635506
3.9237000942230	-6.4739969437323
3.9284000396729	-6.4894515802777
3.9330999851227	-6.5020961607930
3.9377999305725	-6.5119515496340
3.9425001144409	-6.5192346601494
3.9472000598907	-6.5243278653423
3.9519000053406	-6.5277144516125
3.9565999507904	-6.5298896584692
3.9612998962402	-6.5312654570070
3.9660000801086	-6.5320996194399
3.9707000255585	-6.5324716391688
3.9753999710083	-6.5322965539914
3.9800999164581	-6.5313806413745
3.9848001003265	-6.5295219121244
3.9895000457764	-6.5265839581594
3.9941999912262	-6.5225869902763
3.9988999366760	-6.5177240747079
4.0036001205444	-6.5123575769637
4.0082998275757	-6.5069609029902
4.0130000114441	-6.5020243471898
4.0177001953125	-6.4979682814792
4.0223999023438	-6.4950630391996
4.0271000862122	-6.4933925261501
4.0317997932434	-6.4928556547046
4.0364999771118	-6.4932208547360
4.0412001609802	-6.4942038009091
4.0458998680115	-6.4955658540212
4.0506000518799	-6.4971934194597
4.0553002357483	-6.4991442213048
4.0599999427795	-6.5016549247739
4.0647001266479	-6.5050928392650
4.0693998336792	-6.5098808430310
4.0741000175476	-6.5164047261707
4.0788002014160	-6.5249202297064
4.0834999084473	-6.5355078765800
4.0882000923157	-6.5480557155460
4.0928997993469	-6.5622920519987
4.0975999832153	-6.5778617188826
4.1023001670837	-6.5944197286397
4.1069998741150	-6.6117231937613
4.1117000579834	-6.6296903611139
4.1163997650146	-6.6484405982648
4.1210999488831	-6.6682516318783
4.1258001327515	-6.6895036390438
4.1304998397827	-6.7125802516422
4.1352000236511	-6.7377733614878
4.1399002075195	-6.7652070495365
4.1445999145508	-6.7948073335982
4.1493000984192	-6.8263100082347
4.1539998054504	-6.8593249684495
4.1586999893188	-6.8934298882669
4.1634001731873	-6.9282740907921
4.1680998802185	-6.9636602862955
4.1728000640869	-6.9996004291841
4.1774997711182	-7.0363115549895
4.1821999549866	-7.0741632968271
4.1869001388550	-7.1135842356243
4.1915998458862	-7.1549619217160
4.1963000297546	-7.1985388572370
4.2010002136230	-7.2443592663540
4.2056999206543	-7.2922561034477
4.2104001045227	-7.3419025667259
4.2150998115540	-7.3928987400577
4.2197999954224	-7.4448848534638
4.2245001792908	-7.4976600459572
4.2291998863220	-7.5512536928940
4.2339000701904	-7.6059575252770
4.2385997772217	-7.6622884857272
4.2432999610901	-7.7209038780116
4.2480001449585	-7.7824805038315
4.2526998519897	-7.8475901958572
4.2574000358582	-7.9165992514402
4.2621002197266	-7.9896225548403
4.2667999267578	-8.0665262297287
4.2715001106262	-8.1469961430241
4.2761998176575	-8.2306451680656
4.2809000015259	-8.3171326968374
4.2856001853943	-8.4062693330896
4.2902998924255	-8.4980805729590
4.2950000762939	-8.5928019858894
4.2996997833252	-8.6908120937235
4.3043999671936	-8.7925233257273
4.3091001510620	-8.8982358188569
4.3137998580933	-9.0080210859690
4.3185000419617	-9.1216425500064
4.3232002258301	-9.2385399724180
4.3278999328613	-9.3579081877924
4.3326001167297	-9.4788206018049
4.3372998237610	-9.6004143598554
4.3420000076294	-9.7220539852819
4.3467001914978	-9.8434622669941
4.3513998985291	-9.9647590230751
4.3561000823975	-10.086416101092
4.3607997894287	-10.209105545996
4.3654999732971	-10.333510105987
4.3702001571655	-10.460116933620
4.3748998641968	-10.589062780917
4.3796000480652	-10.720067611434
4.3843002319336	-10.852468974915
4.3889999389648	-10.985369779609
4.3937001228333	-11.117854451577
4.3983998298645	-11.249224996291
4.4031000137329	-11.379194855028
4.4078001976013	-11.507979243107
4.4124999046326	-11.636259633843
4.4172000885010	-11.765014209423
4.4218997955322	-11.895261617427
4.4265999794006	-12.027784615002
4.4313001632690	-12.162898501922
4.4359998703003	-12.300330893329
4.4407000541687	-12.439244394953
4.4454002380371	-12.578416530123
4.4500999450684	-12.716520370495
4.4548001289368	-12.852462743755
4.4594998359680	-12.985667618070
4.4642000198364	-13.116231721616
4.4689002037048	-13.244900076188
4.4735999107361	-13.372854550590
4.4783000946045	-13.501366592382
4.4829998016357	-13.631410449048
4.4876999855042	-13.763329109439
4.4924001693726	-13.896657487715
4.4970998764038	-14.030141668696
4.5018000602722	-14.161980904009
4.5064997673035	-14.290220038102
4.5111999511719	-14.413222714761
4.5159001350403	-14.530074364940
4.5205998420715	-14.640800458525
4.5253000259399	-14.746316219366
4.5300002098083	-14.848113141889
4.5346999168396	-14.947769009762
4.5394001007080	-15.046402582467
4.5440998077393	-15.144247824192
4.5487999916077	-15.240449647105
4.5535001754761	-15.333148729285
4.5581998825073	-15.419867576410
4.5629000663757	-15.498094126014
4.5675997734070	-15.565921756055
4.5722999572754	-15.622547278495
4.5770001411438	-15.668465874150
4.5816998481750	-15.705295525726
4.5864000320435	-15.735259021990
4.5911002159119	-15.760507228594
4.5957999229431	-15.782449105162
4.6005001068115	-15.801316399102
4.6051998138428	-15.816056349511
4.6098999977112	-15.824595435790
4.6146001815796	-15.824419102591
4.6192998886108	-15.813328090415
4.6240000724792	-15.790103545381
4.6286997795105	-15.754947902908
4.6333999633789	-15.709497312736
4.6381001472473	-15.656412912485
4.6427998542786	-15.598712368269
4.6475000381470	-15.538995796432
4.6522002220154	-15.478839323999
4.6568999290466	-15.418485091146
4.6616001129150	-15.356882590778
4.6662998199463	-15.292109241145
4.6710000038147	-15.222026042759
4.6757001876831	-15.144971778961
4.6803998947144	-15.060381669998
4.6851000785828	-14.969026289565
4.6897997856140	-14.872929244893
4.6944999694824	-14.774894161162
4.6992001533508	-14.677826026774
4.7038998603821	-14.584096265978
4.7086000442505	-14.495011654953
4.7133002281189	-14.410617291162
4.7179999351501	-14.329808509252
4.7227001190186	-14.250703737051
4.7273998260498	-14.171274050770
4.7321000099182	-14.089939118050
4.7368001937866	-14.006090933302
4.7414999008179	-13.920321230357
4.7462000846863	-13.834330219382
4.7508997917175	-13.750519462074
4.7555999755859	-13.671424602324
4.7603001594543	-13.599124737422
4.7649998664856	-13.534762161441
4.7697000503540	-13.478336433329
4.7744002342224	-13.428724528620
4.7790999412537	-13.384025955407
4.7838001251221	-13.342070440785
4.7884998321533	-13.300989192579
4.7932000160217	-13.259721001979
4.7979001998901	-13.218318190613
4.8025999069214	-13.177925127419
4.8073000907898	-13.140469464979
4.8119997978210	-13.108165639808
4.8166999816895	-13.082895547189
4.8214001655579	-13.065719808394
4.8260998725891	-13.056547249764
4.8308000564575	-13.054109283579
4.8354997634888	-13.056183588666
4.8401999473572	-13.060085651467
4.8449001312256	-13.063271756764
4.8495998382568	-13.063942641498
4.8543000221252	-13.061442619497
4.8590002059937	-13.056390085491
4.8636999130249	-13.050420089669
4.8684000968933	-13.045674900650
4.8730998039246	-13.044161232512
4.8777999877930	-13.047111220318
4.8825001716614	-13.054595721062
4.8871998786926	-13.065366927746
4.8919000625610	-13.077114256072
4.8965997695923	-13.086959595803
4.9012999534607	-13.092166801745
4.9060001373291	-13.090867363806
4.9106998443604	-13.082543834395
4.9154000282288	-13.068207421658
4.9201002120972	-13.050131520144
4.9247999191284	-13.031243529546
4.9295001029968	-13.014359934240
4.9341998100281	-13.001451471514
4.9388999938965	-12.993141805097
4.9436001777649	-12.988565719240
4.9482998847961	-12.985578562701
4.9530000686646	-12.981324772425
4.9576997756958	-12.972987801353
4.9623999595642	-12.958578229986
4.9671001434326	-12.937454561133
4.9717998504639	-12.910503920609
4.9765000343323	-12.879835006526
4.9812002182007	-12.848081274211
4.9858999252319	-12.817567609977
4.9906001091003	-12.789469766939
4.9952998161316	-12.763266193067
5.0000000000000	-12.736583776656
#Parameters = {R_fat=48; R_glandular=38; R_skin_outer=50; T10=5; T15=7.5; T5=2.5; T_rad=4; T_x=10; T_y=0; T_z=75; Zc=65; skin_thickness=2; Mesh Pass=4}
#"Frequency / GHz"	"S1,1 (Mesh Pass=4) [Magnitude / dB]"
#-------------------------------------------------------
0.30000001192093	-19.685733067807
0.30469998717308	-19.257946152155
0.30939999222755	-18.581184443044
0.31409999728203	-17.938225380213
0.31880000233650	-17.512799688559
0.32350000739098	-17.406600260229
0.32820001244545	-17.687180688864
0.33289998769760	-18.425419137998
0.33759999275208	-19.722065209430
0.34229999780655	-21.699305380594
0.34700000286102	-24.181752589929
0.35170000791550	-25.009754212992
0.35640001296997	-22.110802998686
0.36109998822212	-18.524580862426
0.36579999327660	-15.579339535282
0.37049999833107	-13.268945661823
0.37520000338554	-11.466910871230
0.37990000844002	-10.082042362808
0.38460001349449	-9.0536917618474
0.38929998874664	-8.3372413867672
0.39399999380112	-7.8952326737880
0.39869999885559	-7.6938951987955
0.40340000391006	-7.7030370568338
0.40810000896454	-7.8970474493121
0.41280001401901	-8.2554927740731
0.41749998927116	-8.7623158293044
0.42219999432564	-9.4029266982830
0.42689999938011	-10.158305363911
0.43160000443459	-10.994908951431
0.43630000948906	-11.850483402958
0.44100001454353	-12.622611914577
0.44569998979568	-13.181118110112
0.45039999485016	-13.426062388210
0.45509999990463	-13.358775143685
0.45980000495911	-13.083428626239
0.46450001001358	-12.736150594116
0.46919998526573	-12.423710679024
0.47389999032021	-12.208069658905
0.47859999537468	-12.115911441912
0.48330000042915	-12.150909034117
0.48800000548363	-12.300986346427
0.49270001053810	-12.540390903537
0.49739998579025	-12.828839197744
0.50209999084473	-13.111634952259
0.50679999589920	-13.326200134770
0.51150000095367	-13.418736809114
0.51620000600815	-13.365600032140
0.52090001106262	-13.183947522624
0.52560001611710	-12.921850159566
0.53030002117157	-12.636553886172
0.53500002622604	-12.376650598299
0.53969997167587	-12.174548087049
0.54439997673035	-12.046221578026
0.54909998178482	-11.993433912230
0.55379998683929	-12.005716923279
0.55849999189377	-12.061706957752
0.56319999694824	-12.130941912078
0.56790000200272	-12.177932452364
0.57260000705719	-12.169667737022
0.57730001211166	-12.085079780451
0.58200001716614	-11.921962989493
0.58670002222061	-11.696889349600
0.59140002727509	-11.438218695600
0.59609997272491	-11.176702835908
0.60079997777939	-10.938172157226
0.60549998283386	-10.739825020629
0.61019998788834	-10.589231752930
0.61489999294281	-10.484672599080
0.61959999799728	-10.416017686751
0.62430000305176	-10.366261357965
0.62900000810623	-10.314151627453
0.63370001316071	-10.238332276338
0.63840001821518	-10.122430279749
0.64310002326965	-9.9594389864500
0.64780002832413	-9.7533598059767
0.65249997377396	-9.5173361320974
0.65719997882843	-9.2693306984776
0.66189998388290	-9.0273911721653
0.66659998893738	-8.8060577636983
0.67129999399185	-8.6142873065849
0.67599999904633	-8.4546765538543
0.68070000410080	-8.3235560988996
0.68540000915527	-8.2118137310633
0.69010001420975	-8.1065156028020
0.69480001926422	-7.9934096929095
0.69950002431870	-7.8600373721915
0.70420002937317	-7.6986882083386
0.70889997482300	-7.5082164745290
0.71359997987747	-7.2939975043142
0.71829998493195	-7.0661406784804
0.72299998998642	-6.8367593905765
0.72769999504089	-6.6172539469247
0.73240000009537	-6.4162196041999
0.73710000514984	-6.2381814675297
0.74180001020432	-6.0830846190185
0.74650001525879	-5.9464978274602
0.75120002031326	-5.8204997449574
0.75590002536774	-5.6952395796668
0.76059997081757	-5.5610188981568
0.76529997587204	-5.4104828535295
0.76999998092651	-5.2403308653738
0.77469998598099	-5.0519938370903
0.77939999103546	-4.8510990972591
0.78409999608994	-4.6459598829520
0.78880000114441	-4.4456654741785
0.79350000619888	-4.2582083030006
0.79820001125336	-4.0890602547701
0.80290001630783	-3.9402838022464
0.80760002136230	-3.8102764051188
0.81230002641678	-3.6941128557150
0.81699997186661	-3.5845567323686
0.82169997692108	-3.4735733745118
0.82639998197556	-3.3541339153897
0.83109998703003	-3.2218721602842
0.83579999208450	-3.0761401861265
0.84049999713898	-2.9201504290037
0.84520000219345	-2.7602014424398
0.84990000724792	-2.6042512549954
0.85460001230240	-2.4602466858875
0.85930001735687	-2.3345628322145
0.86400002241135	-2.2308465311217
0.86870002746582	-2.1493563476639
0.87339997291565	-2.0869616638809
0.87809997797012	-2.0377815121876
0.88279998302460	-1.9944433559703
0.88749998807907	-1.9497600648752
0.89219999313354	-1.8985092785309
0.89689999818802	-1.8388324352718
0.90160000324249	-1.7728854550155
0.90630000829697	-1.7065399322375
0.91100001335144	-1.6482326263035
0.91570001840591	-1.6072890848050
0.92040002346039	-1.5921517992704
0.92510002851486	-1.6088580063085
0.92979997396469	-1.6600483309249
0.93449997901917	-1.7446489108150
0.93919998407364	-1.8583143320693
0.94389998912811	-1.9946097176140
0.94859999418259	-2.1468377078722
0.95329999923706	-2.3102343850788
0.95800000429153	-2.4841186116168
0.96270000934601	-2.6734786355926
0.96740001440048	-2.8895636963114
0.97210001945496	-3.1494183295655
0.97680002450943	-3.4746118262365
0.98150002956390	-3.8898591775021
0.98619997501373	-4.4222065794014
0.99089998006821	-5.1015662627675
0.99559998512268	-5.9632672035917
1.0003000497818	-7.0537728805129
1.0049999952316	-8.4420796209210
1.0096999406815	-10.243672513560
1.0144000053406	-12.679138210605
1.0190999507904	-16.256370113211
1.0238000154495	-22.628323197851
1.0284999608994	-32.762164108627
1.0332000255585	-20.199217320870
1.0378999710083	-14.870018749894
1.0426000356674	-11.611208429343
1.0472999811172	-9.3018166364834
1.0520000457764	-7.5517514398031
1.0566999912262	-6.1809257788768
1.0614000558853	-5.0913038347519
1.0661000013351	-4.2224264834411
1.0707999467850	-3.5324373135388
1.0755000114441	-2.9889817630000
1.0801999568939	-2.5647139165954
1.0849000215530	-2.2353187085312
1.0895999670029	-1.9790159872305
1.0943000316620	-1.7768386526179
1.0989999771118	-1.6132398680746
1.1037000417709	-1.4765710185730
1.1083999872208	-1.3591866208814
1.1131000518799	-1.2570557592141
1.1177999973297	-1.1689506133020
1.1224999427795	-1.0953542330932
1.1272000074387	-1.0373637583668
1.1318999528885	-0.99576184336481
1.1366000175476	-0.97042915018688
1.1412999629974	-0.96009154107762
1.1460000276566	-0.96243598416591
1.1506999731064	-0.97445088291675
1.1554000377655	-0.99291461787774
1.1600999832153	-1.0149210512040
1.1648000478745	-1.0382717223978
1.1694999933243	-1.0617375393616
1.1742000579834	-1.0850756480429
1.1789000034332	-1.1088624849882
1.1835999488831	-1.1341717918596
1.1883000135422	-1.1621974465158
1.1929999589920	-1.1939269824392
1.1977000236511	-1.2298826082887
1.2023999691010	-1.2700253588938
1.2071000337601	-1.3137882449489
1.2117999792099	-1.3602282752864
1.2165000438690	-1.4082316149308
1.2211999893188	-1.4567626745012
1.2259000539780	-1.5050424483101
1.2305999994278	-1.5526820839302
1.2352999448776	-1.5996967246403
1.2400000095367	-1.6464486084235
1.2446999549866	-1.6935144220048
1.2494000196457	-1.7415179458254
1.2540999650955	-1.7909862914111
1.2588000297546	-1.8422322088975
1.2634999752045	-1.8953130389573
1.2682000398636	-1.9500318048100
1.2728999853134	-2.0060155320482
1.2776000499725	-2.0628189272651
1.2822999954224	-2.1200157285870
1.2869999408722	-2.1773033700938
1.2917000055313	-2.2345545387891
1.2963999509811	-2.2918208408938
1.3011000156403	-2.3493137854433
1.3057999610901	-2.4073345799384
1.3105000257492	-2.4662095595107
1.3151999711990	-2.5262102625736
1.3199000358582	-2.5875156265290
1.3245999813080	-2.6501819100372
1.3293000459671	-2.7141605798892
1.3339999914169	-2.7793267899190
1.3387000560760	-2.8455262786386
1.3434000015259	-2.9126281163024
1.3480999469757	-2.9805583386549
1.3528000116348	-3.0493256984942
1.3574999570847	-3.1190221160520
1.3622000217438	-3.1898041540323
1.3668999671936	-3.2618607395411
1.3716000318527	-3.3353815526614
1.3762999773026	-3.4105318067837
1.3810000419617	-3.4874308794697
1.3856999874115	-3.5661427268071
1.3904000520706	-3.6466983172336
1.3950999975204	-3.7291031294879
1.3997999429703	-3.8133684659863
1.4045000076294	-3.8995290019639
1.4091999530792	-3.9876583843688
1.4139000177383	-4.0778709525333
1.4185999631882	-4.1703208901197
1.4233000278473	-4.2651809499680
1.4279999732971	-4.3626287621420
1.4327000379562	-4.4628294595296
1.4373999834061	-4.5659210296763
1.4421000480652	-4.6720147631577
1.4467999935150	-4.7812008824445
1.4515000581741	-4.8935604691895
1.4562000036240	-5.0091812234352
1.4608999490738	-5.1281742384983
1.4656000137329	-5.2506825956479
1.4702999591827	-5.3768908721167
1.4750000238419	-5.5070122094969
1.4796999692917	-5.6412829113623
1.4844000339508	-5.7799384092968
1.4890999794006	-5.9231984814909
1.4938000440598	-6.0712540244431
1.4984999895096	-6.2242547000390
1.5032000541687	-6.3823216166515
1.5078999996185	-6.5455459454015
1.5125999450684	-6.7140184121426
1.5173000097275	-6.8878432800336
1.5219999551773	-7.0671658968502
1.5267000198364	-7.2521789989801
1.5313999652863	-7.4431272376920
1.5361000299454	-7.6403028829584
1.5407999753952	-7.8440207253885
1.5455000400543	-8.0545939399187
1.5501999855042	-8.2723054530581
1.5549000501633	-8.4973811237974
1.5595999956131	-8.7299741511413
1.5642999410629	-8.9701675503899
1.5690000057220	-9.2179842122571
1.5736999511719	-9.4734138719907
1.5784000158310	-9.7364521490146
1.5830999612808	-10.007134677077
1.5878000259399	-10.285570982357
1.5924999713898	-10.571956351646
1.5972000360489	-10.866575828515
1.6018999814987	-11.169765579360
1.6066000461578	-11.481883890957
1.6112999916077	-11.803249865883
1.6160000562668	-12.134085186105
1.6207000017166	-12.474464103614
1.6253999471664	-12.824299198149
1.6301000118256	-13.183315329040
1.6347999572754	-13.551085491881
1.6395000219345	-13.927073813944
1.6441999673843	-14.310694696808
1.6489000320435	-14.701354099271
1.6535999774933	-15.098505924975
1.6583000421524	-15.501630474042
1.6629999876022	-15.910222459882
1.6677000522614	-16.323685026000
1.6723999977112	-16.741241870782
1.6770999431610	-17.161763650947
1.6818000078201	-17.583660644512
1.6864999532700	-18.004742796719
1.6912000179291	-18.422174262287
1.6958999633789	-18.832423180557
1.7006000280380	-19.231359689596
1.7052999734879	-19.614381569314
1.7100000381470	-19.976615919076
1.7146999835968	-20.313214308353
1.7194000482559	-20.619639551911
1.7240999937057	-20.891960892149
1.7288000583649	-21.127160691361
1.7335000038147	-21.323305139880
1.7381999492645	-21.479683288891
1.7429000139236	-21.596772627679
1.7475999593735	-21.676137396929
1.7523000240326	-21.720214316190
1.7569999694824	-21.732043429310
1.7617000341415	-21.715028936786
1.7663999795914	-21.672692964900
1.7711000442505	-21.608568819148
1.7757999897003	-21.526097043467
1.7805000543594	-21.428642509008
1.7851999998093	-21.319524593573
1.7898999452591	-21.202019292522
1.7946000099182	-21.079365465524
1.7992999553680	-20.954696049580
1.8040000200272	-20.830941953096
1.8086999654770	-20.710697320103
1.8134000301361	-20.596102574098
1.8180999755859	-20.488740472345
1.8228000402451	-20.389606576335
1.8274999856949	-20.299135870069
1.8322000503540	-20.217274200272
1.8368999958038	-20.143667469199
1.8415999412537	-20.077827335142
1.8463000059128	-20.019339139249
1.8509999513626	-19.967991844933
1.8557000160217	-19.923923462287
1.8603999614716	-19.887605619875
1.8651000261307	-19.859815044226
1.8697999715805	-19.841495750475
1.8745000362396	-19.833595287229
1.8791999816895	-19.836931020498
1.8839000463486	-19.852023197936
1.8885999917984	-19.879038499857
1.8933000564575	-19.917781650623
1.8980000019073	-19.967734573692
1.9026999473572	-20.028208623644
1.9074000120163	-20.098490434989
1.9120999574661	-20.177994991378
1.9168000221252	-20.266415078095
1.9214999675751	-20.363804312478
1.9262000322342	-20.470585528681
1.9308999776840	-20.587473701526
1.9356000423431	-20.715353082613
1.9402999877930	-20.855101361771
1.9450000524521	-21.007413149640
1.9496999979019	-21.172650454455
1.9543999433517	-21.350708242799
1.9591000080109	-21.540975056291
1.9637999534607	-21.742327797481
1.9685000181198	-21.953202725443
1.9731999635696	-22.171650053256
1.9779000282288	-22.395444167399
1.9825999736786	-22.622130082618
1.9873000383377	-22.849036857518
1.9919999837875	-23.073204789463
1.9967000484467	-23.291284023701
2.0013999938965	-23.499354376245
2.0060999393463	-23.692780128138
2.0107998847961	-23.866126275556
2.0155000686646	-24.013192115399
2.0202000141144	-24.127244783603
2.0248999595642	-24.201447654876
2.0295999050140	-24.229464696309
2.0343000888824	-24.206150891166
2.0390000343323	-24.128223590845
2.0436999797821	-23.994696535340
2.0483999252319	-23.807085781320
2.0531001091003	-23.569210337664
2.0578000545502	-23.286800186197
2.0625000000000	-22.966869587999
2.0671999454498	-22.617064609228
2.0718998908997	-22.245071695512
2.0766000747681	-21.858156187666
2.0813000202179	-21.462764925994
2.0859999656677	-21.064383730318
2.0906999111176	-20.667390542379
2.0954000949860	-20.275112507548
2.1001000404358	-19.889899739381
2.1047999858856	-19.513279966675
2.1094999313354	-19.146160756077
2.1142001152039	-18.789028718909
2.1189000606537	-18.442141668772
2.1236000061035	-18.105692477634
2.1282999515533	-17.779919960265
2.1329998970032	-17.465170984171
2.1377000808716	-17.161880530552
2.1424000263214	-16.870542015272
2.1470999717712	-16.591616730658
2.1517999172211	-16.325429924641
2.1565001010895	-16.072117658430
2.1612000465393	-15.831571125323
2.1658999919891	-15.603427775517
2.1705999374390	-15.387107829025
2.1752998828888	-15.181890436790
2.1800000667572	-14.987011676375
2.1847000122070	-14.801754967286
2.1893999576569	-14.625549294749
2.1940999031067	-14.458022572673
2.1988000869751	-14.299018124845
2.2035000324249	-14.148557605777
2.2081999778748	-14.006794493487
2.2128999233246	-13.873912434251
2.2176001071930	-13.750042173657
2.2223000526428	-13.635181788124
2.2269999980927	-13.529160192535
2.2316999435425	-13.431617513905
2.2363998889923	-13.342049430754
2.2411000728607	-13.259864196286
2.2458000183105	-13.184474012103
2.2504999637604	-13.115366456699
2.2551999092102	-13.052185529770
2.2599000930786	-12.994765895829
2.2646000385284	-12.943126358692
2.2692999839783	-12.897433447256
2.2739999294281	-12.857936357597
2.2787001132965	-12.824877337457
2.2834000587463	-12.798423246111
2.2881000041962	-12.778596765380
2.2927999496460	-12.765259120554
2.2974998950958	-12.758119966091
2.3022000789642	-12.756778878765
2.3069000244141	-12.760804487762
2.3115999698639	-12.769811153909
2.3162999153137	-12.783531115091
2.3210000991821	-12.801864590100
2.3257000446320	-12.824888419218
2.3303999900818	-12.852849035756
2.3350999355316	-12.886087695124
2.3397998809814	-12.924983270479
2.3445000648499	-12.969849786508
2.3492000102997	-13.020895723319
2.3538999557495	-13.078174199333
2.3585999011993	-13.141576648995
2.3633000850677	-13.210880527118
2.3680000305176	-13.285801283429
2.3726999759674	-13.366066004273
2.3773999214172	-13.451522585335
2.3821001052856	-13.542162824449
2.3868000507355	-13.638166307416
2.3914999961853	-13.739913116611
2.3961999416351	-13.847900605525
2.4008998870850	-13.962703455143
2.4056000709534	-14.084877911018
2.4103000164032	-14.214888624497
2.4149999618530	-14.353060096820
2.4196999073029	-14.499553384819
2.4244000911713	-14.654386967180
2.4291000366211	-14.817509778225
2.4337999820709	-14.988866448258
2.4384999275208	-15.168500271828
2.4432001113892	-15.356621159965
2.4479000568390	-15.553679119450
2.4526000022888	-15.760369347838
2.4572999477386	-15.977605084747
2.4619998931885	-16.206456449864
2.4667000770569	-16.448073342603
2.4714000225067	-16.703586123873
2.4760999679565	-16.974040075072
2.4807999134064	-17.260353325429
2.4855000972748	-17.563343322862
2.4902000427246	-17.883741373235
2.4948999881744	-18.222307443259
2.4995999336243	-18.579970012801
2.5043001174927	-18.957929933749
2.5090000629425	-19.357781538037
2.5137000083923	-19.781616585033
2.5183999538422	-20.232015688524
2.5230998992920	-20.712088485630
2.5278000831604	-21.225326146789
2.5325000286102	-21.775555649032
2.5371999740601	-22.366710473182
2.5418999195099	-23.002647527895
2.5466001033783	-23.686774965379
2.5513000488281	-24.421513761063
2.5559999942780	-25.207248949880
2.5606999397278	-26.040462388934
2.5653998851776	-26.910219747716
2.5701000690460	-27.792283021804
2.5748000144958	-28.640352835424
2.5794999599457	-29.377163387706
2.5841999053955	-29.895820709603
2.5889000892639	-30.088553076543
2.5936000347137	-29.902095052391
2.5982999801636	-29.373793748393
2.6029999256134	-28.606421354574
2.6077001094818	-27.711482239798
2.6124000549316	-26.773450314006
2.6171000003815	-25.844087568924
2.6217999458313	-24.950516957916
2.6264998912811	-24.104555090476
2.6312000751495	-23.309439319372
2.6359000205994	-22.564014391553
2.6405999660492	-21.865129565046
2.6452999114990	-21.208922167544
2.6500000953674	-20.591579465293
2.6547000408173	-20.009654870022
2.6593999862671	-19.460210110802
2.6640999317169	-18.940793986744
2.6688001155853	-18.449350097370
2.6735000610352	-17.984087607112
2.6782000064850	-17.543357336841
2.6828999519348	-17.125521210196
2.6875998973846	-16.728935396622
2.6923000812531	-16.351882104383
2.6970000267029	-15.992638749927
2.7016999721527	-15.649528183840
2.7063999176025	-15.321000856409
2.7111001014709	-15.005707533840
2.7158000469208	-14.702551968852
2.7204999923706	-14.410724706496
2.7251999378204	-14.129668960899
2.7298998832703	-13.859015095362
2.7346000671387	-13.598512716063
2.7393000125885	-13.347929228275
2.7439999580383	-13.106980028761
2.7486999034882	-12.875259171942
2.7534000873566	-12.652237217549
2.7581000328064	-12.437269578122
2.7627999782562	-12.229641350175
2.7674999237061	-12.028645401992
2.7722001075745	-11.833649193708
2.7769000530243	-11.644156876861
2.7815999984741	-11.459831392381
2.7862999439240	-11.280506730810
2.7909998893738	-11.106152899549
2.7957000732422	-10.936810770011
2.8004000186920	-10.772530729047
2.8050999641418	-10.613305726553
2.8097999095917	-10.459028074790
2.8145000934601	-10.309462838784
2.8192000389099	-10.164263497163
2.8238999843597	-10.023016086959
2.8285999298096	-9.8852862939630
2.8333001136780	-9.7506899316331
2.8380000591278	-9.6189394639448
2.8427000045776	-9.4898756436237
2.8473999500275	-9.3634677726802
2.8520998954773	-9.2398020453456
2.8568000793457	-9.1190118883049
2.8615000247955	-9.0012295208366
2.8661999702454	-8.8865443948035
2.8708999156952	-8.7749393771333
2.8756000995636	-8.6662944234090
2.8803000450134	-8.5603849834849
2.8849999904633	-8.4569253910247
2.8896999359131	-8.3556160671718
2.8943998813629	-8.2561897173768
2.8991000652313	-8.1584731414709
2.9038000106812	-8.0624006427608
2.9084999561310	-7.9680117939232
2.9131999015808	-7.8754405431552
2.9179000854492	-7.7848579040326
2.9226000308990	-7.6964270922144
2.9272999763489	-7.6102578706969
2.9319999217987	-7.5263683084265
2.9367001056671	-7.4446752975264
2.9414000511169	-7.3650064573131
2.9460999965668	-7.2871357177898
2.9507999420166	-7.2108300849413
2.9554998874664	-7.1358948576928
2.9602000713348	-7.0622130815498
2.9649000167847	-6.9897670596584
2.9695999622345	-6.9186321337204
2.9742999076843	-6.8489627319655
2.9790000915527	-6.7809366709365
2.9837000370026	-6.7147140897404
2.9883999824524	-6.6503993802314
2.9930999279022	-6.5880086481968
2.9978001117706	-6.5274621995932
3.0025000572205	-6.4686088159791
3.0072000026703	-6.4112408060977
3.0118999481201	-6.3551617972870
3.0165998935699	-6.3002097094540
3.0213000774384	-6.2463042547075
3.0260000228882	-6.1934487557662
3.0306999683380	-6.1417357620120
3.0353999137878	-6.0913197187560
3.0401000976562	-6.0423695390286
3.0448000431061	-5.9950284772997
3.0494999885559	-5.9493849661324
3.0541999340057	-5.9054374332067
3.0589001178741	-5.8630979702152
3.0636000633240	-5.8222095983001
3.0683000087738	-5.7825857833768
3.0729999542236	-5.7440397411831
3.0776998996735	-5.7064392226561
3.0824000835419	-5.6697194280832
3.0871000289917	-5.6339055290585
3.0917999744415	-5.5990998011817
3.0964999198914	-5.5654509267638
3.1012001037598	-5.5331179864668
3.1059000492096	-5.5022262944302
3.1105999946594	-5.4728417465519
3.1152999401093	-5.4449404366283
3.1199998855591	-5.4184247514682
3.1247000694275	-5.3931373515197
3.1294000148773	-5.3688922325926
3.1340999603271	-5.3455229936187
3.1387999057770	-5.3229089805380
3.1435000896454	-5.3010091929510
3.1482000350952	-5.2798687122307
3.1528999805450	-5.2595898885479
3.1575999259949	-5.2403265179419
3.1623001098633	-5.2222192730608
3.1670000553131	-5.2053793037388
3.1717000007629	-5.1898487102720
3.1763999462128	-5.1755877189782
3.1810998916626	-5.1624757969375
3.1858000755310	-5.1503511743805
3.1905000209808	-5.1390282499327
3.1951999664307	-5.1283492596772
3.1998999118805	-5.1182103968904
3.2046000957489	-5.1085853089353
3.2093000411987	-5.0995256028928
3.2139999866486	-5.0911397463317
3.2186999320984	-5.0835721554609
3.2234001159668	-5.0769421792675
3.2281000614166	-5.0713377532251
3.2328000068665	-5.0667579293596
3.2374999523163	-5.0631328695485
3.2421998977661	-5.0603144640571
3.2469000816345	-5.0581150860612
3.2516000270844	-5.0563336214118
3.2562999725342	-5.0548026708386
3.2609999179840	-5.0534150989940
3.2657001018524	-5.0521408649215
3.2704000473022	-5.0510176301952
3.2750999927521	-5.0501335101297
3.2797999382019	-5.0495923722295
3.2844998836517	-5.0494716740887
3.2892000675201	-5.0497851106331
3.2939000129700	-5.0504725176334
3.2985999584198	-5.0513836626352
3.3032999038696	-5.0522957032261
3.3080000877380	-5.0529538852283
3.3127000331879	-5.0531000362087
3.3173999786377	-5.0525147671621
3.3220999240875	-5.0510472457915
3.3268001079559	-5.0486120660433
3.3315000534058	-5.0451963458774
3.3361999988556	-5.0408225984805
3.3408999443054	-5.0355085011074
3.3455998897552	-5.0292348396956
3.3503000736237	-5.0219145377728
3.3550000190735	-5.0133687446622
3.3596999645233	-5.0033411223795
3.3643999099731	-4.9915194597741
3.3691000938416	-4.9775751411533
3.3738000392914	-4.9612060205069
3.3784999847412	-4.9421732454963
3.3831999301910	-4.9203278551407
3.3879001140594	-4.8956123451419
3.3926000595093	-4.8680480783570
3.3973000049591	-4.8377045567627
3.4019999504089	-4.8046607697136
3.4066998958588	-4.7689687105350
3.4114000797272	-4.7306339205824
3.4161000251770	-4.6896108617740
3.4207999706268	-4.6458229354264
3.4254999160767	-4.5991834582911
3.4302000999451	-4.5496522605670
3.4349000453949	-4.4972641550159
3.4395999908447	-4.4421635963787
3.4442999362946	-4.3846087928532
3.4489998817444	-4.3249656462696
3.4537000656128	-4.2636753148466
3.4584000110626	-4.2012180370362
3.4630999565125	-4.1380585116283
3.4677999019623	-4.0746257952379
3.4725000858307	-4.0112816532095
3.4772000312805	-3.9483196562263
3.4818999767303	-3.8859832958352
3.4865999221802	-3.8244862492724
3.4913001060486	-3.7640504987371
3.4960000514984	-3.7049243370168
3.5006999969482	-3.6474039874545
3.5053999423981	-3.5918269917966
3.5100998878479	-3.5385615315355
3.5148000717163	-3.4879723720298
3.5195000171661	-3.4403862805025
3.5241999626160	-3.3960670246629
3.5288999080658	-3.3551885422482
3.5336000919342	-3.3178273505145
3.5383000373840	-3.2839722521324
3.5429999828339	-3.2535480090519
3.5476999282837	-3.2264435053451
3.5524001121521	-3.2025466503811
3.5571000576019	-3.1817789350041
3.5618000030518	-3.1640959009932
3.5664999485016	-3.1495095706184
3.5711998939514	-3.1380617516213
3.5759000778198	-3.1298065234444
3.5806000232697	-3.1247900947713
3.5852999687195	-3.1230087836868
3.5899999141693	-3.1244050549313
3.5947000980377	-3.1288573144625
3.5994000434875	-3.1361893332775
3.6040999889374	-3.1461853509011
3.6087999343872	-3.1586322209882
3.6135001182556	-3.1733362670945
3.6182000637054	-3.1901517581980
3.6229000091553	-3.2090024361630
3.6275999546051	-3.2298731018594
3.6322999000549	-3.2527922028284
3.6370000839233	-3.2778245787399
3.6417000293732	-3.3050199126081
3.6463999748230	-3.3343994594063
3.6510999202728	-3.3659317661416
3.6558001041412	-3.3995279022080
3.6605000495911	-3.4350466907575
3.6651999950409	-3.4723171197071
3.6698999404907	-3.5111631611692
3.6745998859406	-3.5514417164232
3.6793000698090	-3.5930572182350
3.6840000152588	-3.6359823197679
3.6886999607086	-3.6802564097813
3.6933999061584	-3.7259617146813
3.6981000900269	-3.7732058444117
3.7028000354767	-3.8220849068393
3.7074999809265	-3.8726533847823
3.7121999263763	-3.9249074114419
3.7169001102448	-3.9787771572860
3.7216000556946	-4.0341278329035
3.7263000011444	-4.0907968564382
3.7309999465942	-4.1486155097094
3.7356998920441	-4.2074406566953
3.7404000759125	-4.2671862425608
3.7451000213623	-4.3278323840047
3.7497999668121	-4.3894277712851
3.7544999122620	-4.4520572883210
3.7592000961304	-4.5158292446013
3.7639000415802	-4.5808221236697
3.7685999870300	-4.6470623968577
3.7732999324799	-4.7145014956256
3.7780001163483	-4.7830050251980
3.7827000617981	-4.8523742712458
3.7874000072479	-4.9223655597958
3.7920999526978	-4.9927334704938
3.7967998981476	-5.0632683620923
3.8015000820160	-5.1338185212609
3.8062000274658	-5.2043105958752
3.8108999729156	-5.2747395323252
3.8155999183655	-5.3451418622722
3.8203001022339	-5.4155576093194
3.8250000476837	-5.4859887451032
3.8296999931335	-5.5563618063232
3.8343999385834	-5.6265120024680
3.8390998840332	-5.6961765983448
3.8438000679016	-5.7650250785588
3.8485000133514	-5.8326912147001
3.8531999588013	-5.8988278254485
3.8578999042511	-5.9631502370305
3.8626000881195	-6.0254659895356
3.8673000335693	-6.0856884545248
3.8719999790192	-6.1438159482418
3.8766999244690	-6.1998971642755
3.8814001083374	-6.2539861711905
3.8861000537872	-6.3060866192400
3.8907999992371	-6.3561195305680
3.8954999446869	-6.4039118577132
3.9001998901367	-6.4492104936299
3.9049000740051	-6.4917142224018
3.9096000194550	-6.5311393484964
3.9142999649048	-6.5672698554648
3.9189999103546	-6.6000048742066
3.9237000942230	-6.6293837762960
3.9284000396729	-6.6555772634623
3.9330999851227	-6.6788505749303
3.9377999305725	-6.6995105210885
3.9425001144409	-6.7178392029025
3.9472000598907	-6.7340521645925
3.9519000053406	-6.7482523335756
3.9565999507904	-6.7604473038278
3.9612998962402	-6.7705608859510
3.9660000801086	-6.7784978040439
3.9707000255585	-6.7841988200185
3.9753999710083	-6.7876977674810
3.9800999164581	-6.7891471748472
3.9848001003265	-6.7888354094542
3.9895000457764	-6.7871477356677
3.9941999912262	-6.7845220894517
3.9988999366760	-6.7813788702540
4.0036001205444	-6.7780676056775
4.0082998275757	-6.7748165915344
4.0130000114441	-6.7717199912756
4.0177001953125	-6.7687602190492
4.0223999023438	-6.7658424865725
4.0271000862122	-6.7628610398144
4.0317997932434	-6.7597559214145
4.0364999771118	-6.7565631739772
4.0412001609802	-6.7534405627727
4.0458998680115	-6.7506533098804
4.0506000518799	-6.7485381256532
4.0553002357483	-6.7474529360388
4.0599999427795	-6.7477039070186
4.0647001266479	-6.7495015247783
4.0693998336792	-6.7529222982254
4.0741000175476	-6.7579092129044
4.0788002014160	-6.7643023621299
4.0834999084473	-6.7718850191960
4.0882000923157	-6.7804514629213
4.0928997993469	-6.7898674512265
4.0975999832153	-6.8001064368823
4.1023001670837	-6.8112731482104
4.1069998741150	-6.8235751419490
4.1117000579834	-6.8372880835555
4.1163997650146	-6.8526853366333
4.1210999488831	-6.8699790954970
4.1258001327515	-6.8892704115418
4.1304998397827	-6.9105206347747
4.1352000236511	-6.9335612509584
4.1399002075195	-6.9581272006765
4.1445999145508	-6.9839187907033
4.1493000984192	-7.0106690514837
4.1539998054504	-7.0382010876371
4.1586999893188	-7.0664756220098
4.1634001731873	-7.0955816016080
4.1680998802185	-7.1257284675379
4.1728000640869	-7.1571801208043
4.1774997711182	-7.1901863722682
4.1821999549866	-7.2249211270576
4.1869001388550	-7.2614265761410
4.1915998458862	-7.2995972187341
4.1963000297546	-7.3391938173292
4.2010002136230	-7.3798911770766
4.2056999206543	-7.4213505589175
4.2104001045227	-7.4632891475423
4.2150998115540	-7.5055549788465
4.2197999954224	-7.5481541385807
4.2245001792908	-7.5912608352560
4.2291998863220	-7.6351744542439
4.2339000701904	-7.6802553035590
4.2385997772217	-7.7268528776920
4.2432999610901	-7.7752287378630
4.2480001449585	-7.8255166178313
4.2526998519897	-7.8777070180831
4.2574000358582	-7.9316719918951
4.2621002197266	-7.9872360053261
4.2667999267578	-8.0442472919352
4.2715001106262	-8.1026649383795
4.2761998176575	-8.1626211995036
4.2809000015259	-8.2244434776680
4.2856001853943	-8.2886359614912
4.2902998924255	-8.3558148034153
4.2950000762939	-8.4266229139325
4.2996997833252	-8.5016260764438
4.3043999671936	-8.5812143017403
4.3091001510620	-8.6655489101330
4.3137998580933	-8.7545414703300
4.3185000419617	-8.8478838066980
4.3232002258301	-8.9451196283581
4.3278999328613	-9.0457393527005
4.3326001167297	-9.1492826221373
4.3372998237610	-9.2554191018570
4.3420000076294	-9.3639944083121
4.3467001914978	-9.4750234498976
4.3513998985291	-9.5886323502918
4.3561000823975	-9.7049747420696
4.3607997894287	-9.8241197533360
4.3654999732971	-9.9459663085758
4.3702001571655	-10.070192217771
4.3748998641968	-10.196248698952
4.3796000480652	-10.323433104631
4.3843002319336	-10.450989899401
4.3889999389648	-10.578251419085
4.3937001228333	-10.704763580225
4.3983998298645	-10.830378399323
4.4031000137329	-10.955266235166
4.4078001976013	-11.079867439982
4.4124999046326	-11.204765761387
4.4172000885010	-11.330529932753
4.4218997955322	-11.457550470483
4.4265999794006	-11.585913709221
4.4313001632690	-11.715355302771
4.4359998703003	-11.845296776057
4.4407000541687	-11.974960829763
4.4454002380371	-12.103547761617
4.4500999450684	-12.230433670230
4.4548001289368	-12.355326655542
4.4594998359680	-12.478340882952
4.4642000198364	-12.599977989779
4.4689002037048	-12.720993762362
4.4735999107361	-12.842194503889
4.4783000946045	-12.964204024620
4.4829998016357	-13.087271939237
4.4876999855042	-13.211158176652
4.4924001693726	-13.335137067021
4.4970998764038	-13.458127692410
4.5018000602722	-13.578913228894
4.5064997673035	-13.696417578696
4.5111999511719	-13.809951971661
4.5159001350403	-13.919372675237
4.5205998420715	-14.025092594161
4.5253000259399	-14.127939472680
4.5300002098083	-14.228903607835
4.5346999168396	-14.328804595756
4.5394001007080	-14.428021972855
4.5440998077393	-14.526291089503
4.5487999916077	-14.622689673626
4.5535001754761	-14.715766239090
4.5581998825073	-14.803849069009
4.5629000663757	-14.885406896593
4.5675997734070	-14.959403896212
4.5722999572754	-15.025533340962
4.5770001411438	-15.084266491256
4.5816998481750	-15.136676845267
4.5864000320435	-15.184101723651
4.5911002159119	-15.227725024743
4.5957999229431	-15.268204761698
4.6005001068115	-15.305425319888
4.6051998138428	-15.338473724811
4.6098999977112	-15.365829782394
4.6146001815796	-15.385734857745
4.6192998886108	-15.396651578590
4.6240000724792	-15.397688699455
4.6286997795105	-15.388869721622
4.6333999633789	-15.371131921602
4.6381001472473	-15.346125993128
4.6427998542786	-15.315771319970
4.6475000381470	-15.281806968513
4.6522002220154	-15.245323780802
4.6568999290466	-15.206589767251
4.6616001129150	-15.164986974803
4.6662998199463	-15.119266365290
4.6710000038147	-15.067951829732
4.6757001876831	-15.009793033489
4.6803998947144	-14.944210329081
4.6851000785828	-14.871516726792
4.6897997856140	-14.792932382073
4.6944999694824	-14.710337964693
4.6992001533508	-14.625862080642
4.7038998603821	-14.541403024874
4.7086000442505	-14.458264850574
4.7133002281189	-14.376888406420
4.7179999351501	-14.296871185773
4.7227001190186	-14.217141600150
4.7273998260498	-14.136328431496
4.7321000099182	-14.053200225988
4.7368001937866	-13.967060247063
4.7414999008179	-13.877985094635
4.7462000846863	-13.786891314136
4.7508997917175	-13.695360491472
4.7555999755859	-13.605267805161
4.7603001594543	-13.518409426918
4.7649998664856	-13.436097173306
4.7697000503540	-13.358899038111
4.7744002342224	-13.286586145825
4.7790999412537	-13.218211683377
4.7838001251221	-13.152420830684
4.7884998321533	-13.087804200658
4.7932000160217	-13.023296427239
4.7979001998901	-12.958476241159
4.8025999069214	-12.893680188727
4.8073000907898	-12.829959878427
4.8119997978210	-12.768826095640
4.8166999816895	-12.711873124124
4.8214001655579	-12.660415881844
4.8260998725891	-12.615163771657
4.8308000564575	-12.576035408664
4.8354997634888	-12.542195303957
4.8401999473572	-12.512203518389
4.8449001312256	-12.484365926001
4.8495998382568	-12.457112314728
4.8543000221252	-12.429355884522
4.8590002059937	-12.400751012441
4.8636999130249	-12.371747744606
4.8684000968933	-12.343445378445
4.8730998039246	-12.317299745321
4.8777999877930	-12.294707527722
4.8825001716614	-12.276641882611
4.8871998786926	-12.263362467535
4.8919000625610	-12.254321351255
4.8965997695923	-12.248245492390
4.9012999534607	-12.243414667824
4.9060001373291	-12.238055467017
4.9106998443604	-12.230763654287
4.9154000282288	-12.220857965388
4.9201002120972	-12.208565685166
4.9247999191284	-12.194950034984
4.9295001029968	-12.181664393214
4.9341998100281	-12.170516999456
4.9388999938965	-12.163027106856
4.9436001777649	-12.160011843755
4.9482998847961	-12.161360735960
4.9530000686646	-12.166005520300
4.9576997756958	-12.172115714248
4.9623999595642	-12.177458070101
4.9671001434326	-12.179876024090
4.9717998504639	-12.177707824089
4.9765000343323	-12.170076905750
4.9812002182007	-12.156961114110
4.9858999252319	-12.138976034949
4.9906001091003	-12.116948511454
4.9952998161316	-12.091411771142
5.0000000000000	-12.062137153045
#Parameters = {R_fat=48; R_glandular=38; R_skin_outer=50; T10=5; T15=7.5; T5=2.5; T_rad=4; T_x=10; T_y=0; T_z=75; Zc=65; skin_thickness=2; Mesh Pass=5}
#"Frequency / GHz"	"S1,1 (Mesh Pass=5) [Magnitude / dB]"
#-------------------------------------------------------
0.30000001192093	-26.191812399663
0.30469998717308	-24.701899332382
0.30939999222755	-23.428202420352
0.31409999728203	-22.651454572200
0.31880000233650	-22.450580429167
0.32350000739098	-22.891122677716
0.32820001244545	-24.102389822199
0.33289998769760	-26.320878328688
0.33759999275208	-29.505186630846
0.34229999780655	-29.711860946865
0.34700000286102	-25.126695828300
0.35170000791550	-20.966736656313
0.35640001296997	-17.795961448451
0.36109998822212	-15.323124732091
0.36579999327660	-13.351253783722
0.37049999833107	-11.770347435763
0.37520000338554	-10.519332612785
0.37990000844002	-9.5629696146712
0.38460001349449	-8.8779269318307
0.38929998874664	-8.4444018632776
0.39399999380112	-8.2419900160381
0.39869999885559	-8.2490371433637
0.40340000391006	-8.4442189356553
0.40810000896454	-8.8089011169981
0.41280001401901	-9.3290166114923
0.41749998927116	-9.9957214216515
0.42219999432564	-10.804387773342
0.42689999938011	-11.751073088467
0.43160000443459	-12.824709561323
0.43630000948906	-13.991696381747
0.44100001454353	-15.170195316117
0.44569998979568	-16.204283509131
0.45039999485016	-16.886251585485
0.45509999990463	-17.081846091863
0.45980000495911	-16.855889888238
0.46450001001358	-16.412945472574
0.46919998526573	-15.945527370207
0.47389999032021	-15.569140146681
0.47859999537468	-15.335352824116
0.48330000042915	-15.258970899149
0.48800000548363	-15.335302178623
0.49270001053810	-15.546748033877
0.49739998579025	-15.862139589839
0.50209999084473	-16.232161827078
0.50679999589920	-16.585926910540
0.51150000095367	-16.837676439860
0.51620000600815	-16.911939510413
0.52090001106262	-16.779015417250
0.52560001611710	-16.471147607019
0.53030002117157	-16.062158869324
0.53500002622604	-15.631396548347
0.53969997167587	-15.240098560036
0.54439997673035	-14.925588732292
0.54909998178482	-14.704531202927
0.55379998683929	-14.577420137281
0.55849999189377	-14.531343151399
0.56319999694824	-14.541105194266
0.56790000200272	-14.570512901085
0.57260000705719	-14.576468637388
0.57730001211166	-14.517854451097
0.58200001716614	-14.367786176149
0.58670002222061	-14.123036864065
0.59140002727509	-13.804097707496
0.59609997272491	-13.445909632476
0.60079997777939	-13.085670823525
0.60549998283386	-12.753936341405
0.61019998788834	-12.470647827907
0.61489999294281	-12.244475221273
0.61959999799728	-12.073547953310
0.62430000305176	-11.946642012955
0.62900000810623	-11.844856813742
0.63370001316071	-11.744486760594
0.63840001821518	-11.621534594188
0.64310002326965	-11.457403426491
0.64780002832413	-11.243841479121
0.65249997377396	-10.984856967710
0.65719997882843	-10.694613386762
0.66189998388290	-10.392564153724
0.66659998893738	-10.098196149627
0.67129999399185	-9.8270926024284
0.67599999904633	-9.5887538176580
0.68070000410080	-9.3858454580378
0.68540000915527	-9.2144108753498
0.69010001420975	-9.0648289563760
0.69480001926422	-8.9236073721918
0.69950002431870	-8.7760157590069
0.70420002937317	-8.6093102961508
0.70889997482300	-8.4157024437917
0.71359997987747	-8.1941190775204
0.71829998493195	-7.9500494422070
0.72299998998642	-7.6936620131179
0.72769999504089	-7.4369990425370
0.73240000009537	-7.1912573093417
0.73710000514984	-6.9647126360258
0.74180001020432	-6.7615013732374
0.74650001525879	-6.5812118991381
0.75120002031326	-6.4192027016792
0.75590002536774	-6.2675761380573
0.76059997081757	-6.1168005846651
0.76529997587204	-5.9577477322823
0.76999998092651	-5.7837399830978
0.77469998598099	-5.5920445130192
0.77939999103546	-5.3843614138430
0.78409999608994	-5.1661952377956
0.78880000114441	-4.9453716559780
0.79350000619888	-4.7302245023370
0.79820001125336	-4.5278857758372
0.80290001630783	-4.3430105791041
0.80760002136230	-4.1770611578267
0.81230002641678	-4.0281645609328
0.81699997186661	-3.8915731371532
0.82169997692108	-3.7606820016091
0.82639998197556	-3.6284533761058
0.83109998703003	-3.4890042941151
0.83579999208450	-3.3389664978890
0.84049999713898	-3.1782702627711
0.84520000219345	-3.0101331257103
0.84990000724792	-2.8402757726716
0.85460001230240	-2.6756636794879
0.85930001735687	-2.5230464044034
0.86400002241135	-2.3876772615173
0.86870002746582	-2.2723732047731
0.87339997291565	-2.1770757228910
0.87809997797012	-2.0989520440608
0.88279998302460	-2.0330437409305
0.88749998807907	-1.9734025549303
0.89219999313354	-1.9144840548020
0.89689999818802	-1.8525500515018
0.90160000324249	-1.7866970960116
0.90630000829697	-1.7192663545109
0.91100001335144	-1.6555032932318
0.91570001840591	-1.6025787139218
0.92040002346039	-1.5682453645172
0.92510002851486	-1.5594426333770
0.92979997396469	-1.5811285802110
0.93449997901917	-1.6355722734405
0.93919998407364	-1.7221887593888
0.94389998912811	-1.8379974571351
0.94859999418259	-1.9786403056745
0.95329999923706	-2.1398538409587
0.95800000429153	-2.3191528873202
0.96270000934601	-2.5174251384123
0.96740001440048	-2.7400633300084
0.97210001945496	-2.9974084107431
0.97680002450943	-3.3044603317288
0.98150002956390	-3.6801156522352
0.98619997501373	-4.1463681527639
0.99089998006821	-4.7280576704596
0.99559998512268	-5.4537375171417
1.0003000497818	-6.3583204468657
1.0049999952316	-7.4886170055471
1.0096999406815	-8.9140232200366
1.0144000053406	-10.748209804975
1.0190999507904	-13.197338799986
1.0238000154495	-16.674075636409
1.0284999608994	-21.849328299831
1.0332000255585	-23.968429951272
1.0378999710083	-18.391091091399
1.0426000356674	-14.207560836091
1.0472999811172	-11.318673220907
1.0520000457764	-9.1791656764011
1.0566999912262	-7.5204796630638
1.0614000558853	-6.2011847841943
1.0661000013351	-5.1388606358725
1.0707999467850	-4.2806746470635
1.0755000114441	-3.5893974853193
1.0801999568939	-3.0362576156489
1.0849000215530	-2.5972254032449
1.0895999670029	-2.2512282431328
1.0943000316620	-1.9795218267732
1.0989999771118	-1.7657139221941
1.1037000417709	-1.5960474337767
1.1083999872208	-1.4596722108466
1.1131000518799	-1.3487155741293
1.1177999973297	-1.2580555024043
1.1224999427795	-1.1848181304517
1.1272000074387	-1.1276876684508
1.1318999528885	-1.0861735947272
1.1366000175476	-1.0599607365669
1.1412999629974	-1.0484404134863
1.1460000276566	-1.0504638727745
1.1506999731064	-1.0643153432408
1.1554000377655	-1.0878657275153
1.1600999832153	-1.1188245019214
1.1648000478745	-1.1550330389440
1.1694999933243	-1.1947118013996
1.1742000579834	-1.2366357221839
1.1789000034332	-1.2801710454940
1.1835999488831	-1.3252184375000
1.1883000135422	-1.3720583247930
1.1929999589920	-1.4211549954760
1.1977000236511	-1.4729611840558
1.2023999691010	-1.5277659858206
1.2071000337601	-1.5856077957402
1.2117999792099	-1.6462666613736
1.2165000438690	-1.7093056425633
1.2211999893188	-1.7741688642761
1.2259000539780	-1.8402878595600
1.2305999994278	-1.9071756811693
1.2352999448776	-1.9744992904288
1.2400000095367	-2.0421057639505
1.2446999549866	-2.1100049389369
1.2494000196457	-2.1783315720864
1.2540999650955	-2.2472770860181
1.2588000297546	-2.3170454325818
1.2634999752045	-2.3877852643079
1.2682000398636	-2.4595778989292
1.2728999853134	-2.5324288239127
1.2776000499725	-2.6062780330938
1.2822999954224	-2.6810323730934
1.2869999408722	-2.7565943866036
1.2917000055313	-2.8328780600210
1.2963999509811	-2.9098323866532
1.3011000156403	-2.9874352040873
1.3057999610901	-3.0656964655908
1.3105000257492	-3.1446367457827
1.3151999711990	-3.2242905635504
1.3199000358582	-3.3046898274688
1.3245999813080	-3.3858669897927
1.3293000459671	-3.4678637925149
1.3339999914169	-3.5507328535093
1.3387000560760	-3.6345504364131
1.3434000015259	-3.7194078025190
1.3480999469757	-3.8054183419103
1.3528000116348	-3.8926961500670
1.3574999570847	-3.9813466971773
1.3622000217438	-4.0714471604712
1.3668999671936	-4.1630403391905
1.3716000318527	-4.2561291137663
1.3762999773026	-4.3506854957813
1.3810000419617	-4.4466696329724
1.3856999874115	-4.5440514243799
1.3904000520706	-4.6428397958749
1.3950999975204	-4.7430915142155
1.3997999429703	-4.8449385979244
1.4045000076294	-4.9485702083626
1.4091999530792	-5.0542185942254
1.4139000177383	-5.1621383055973
1.4185999631882	-5.2725683145276
1.4233000278473	-5.3857020970204
1.4279999732971	-5.5016675792954
1.4327000379562	-5.6205182712664
1.4373999834061	-5.7422462634801
1.4421000480652	-5.8667972736068
1.4467999935150	-5.9941168624646
1.4515000581741	-6.1241811085350
1.4562000036240	-6.2570369243983
1.4608999490738	-6.3928180006175
1.4656000137329	-6.5317553674434
1.4702999591827	-6.6741611189664
1.4750000238419	-6.8203993805222
1.4796999692917	-6.9708414355726
1.4844000339508	-7.1258246300329
1.4890999794006	-7.2856060086893
1.4938000440598	-7.4503485057136
1.4984999895096	-7.6201039984531
1.5032000541687	-7.7948390114157
1.5078999996185	-7.9744663479876
1.5125999450684	-8.1588884127469
1.5173000097275	-8.3480577305672
1.5219999551773	-8.5420121999512
1.5267000198364	-8.7409083322331
1.5313999652863	-8.9450253818699
1.5361000299454	-9.1547410216739
1.5407999753952	-9.3704886763193
1.5455000400543	-9.5926989971524
1.5501999855042	-9.8217335226249
1.5549000501633	-10.057828048434
1.5595999956131	-10.301055338917
1.5642999410629	-10.551306328311
1.5690000057220	-10.808314737915
1.5736999511719	-11.071690986631
1.5784000158310	-11.340990923303
1.5830999612808	-11.615785897217
1.5878000259399	-11.895725848714
1.5924999713898	-12.180581118242
1.5972000360489	-12.470252046423
1.6018999814987	-12.764733990645
1.6066000461578	-13.064052452928
1.6112999916077	-13.368166182566
1.6160000562668	-13.676864410626
1.6207000017166	-13.989654891909
1.6253999471664	-14.305693590178
1.6301000118256	-14.623750482028
1.6347999572754	-14.942200913479
1.6395000219345	-15.259108841251
1.6441999673843	-15.572298600142
1.6489000320435	-15.879502811399
1.6535999774933	-16.178479676808
1.6583000421524	-16.467129908019
1.6629999876022	-16.743586554598
1.6677000522614	-17.006230483615
1.6723999977112	-17.253685320080
1.6770999431610	-17.484774236043
1.6818000078201	-17.698436569104
1.6864999532700	-17.893687405385
1.6912000179291	-18.069571108462
1.6958999633789	-18.225166294559
1.7006000280380	-18.359632245941
1.7052999734879	-18.472320690172
1.7100000381470	-18.562884978792
1.7146999835968	-18.631407293454
1.7194000482559	-18.678546429023
1.7240999937057	-18.705567271858
1.7288000583649	-18.714365143828
1.7335000038147	-18.707367661553
1.7381999492645	-18.687391297762
1.7429000139236	-18.657415877543
1.7475999593735	-18.620353362316
1.7523000240326	-18.578820309791
1.7569999694824	-18.534959834004
1.7617000341415	-18.490358198482
1.7663999795914	-18.446014797390
1.7711000442505	-18.402431652919
1.7757999897003	-18.359783607430
1.7805000543594	-18.318097585891
1.7851999998093	-18.277474746167
1.7898999452591	-18.238272024857
1.7946000099182	-18.201177604895
1.7992999553680	-18.167263063520
1.8040000200272	-18.137868543481
1.8086999654770	-18.114470897634
1.8134000301361	-18.098475624333
1.8180999755859	-18.091038954176
1.8228000402451	-18.092911063036
1.8274999856949	-18.104370261920
1.8322000503540	-18.125227746059
1.8368999958038	-18.154935651710
1.8415999412537	-18.192756464104
1.8463000059128	-18.237986430774
1.8509999513626	-18.290155648312
1.8557000160217	-18.349200557837
1.8603999614716	-18.415554634770
1.8651000261307	-18.490139929784
1.8697999715805	-18.574242398259
1.8745000362396	-18.669353841466
1.8791999816895	-18.776955668536
1.8839000463486	-18.898299391689
1.8885999917984	-19.034282541658
1.8933000564575	-19.185379272145
1.8980000019073	-19.351663480765
1.9026999473572	-19.532947724006
1.9074000120163	-19.728989201457
1.9120999574661	-19.939720065371
1.9168000221252	-20.165523234728
1.9214999675751	-20.407395133868
1.9262000322342	-20.667064757295
1.9308999776840	-20.947012681142
1.9356000423431	-21.250364297028
1.9402999877930	-21.580738383836
1.9450000524521	-21.942054490396
1.9496999979019	-22.338417075072
1.9543999433517	-22.773999761422
1.9591000080109	-23.253165513920
1.9637999534607	-23.780641626105
1.9685000181198	-24.361988012975
1.9731999635696	-25.004232548697
1.9779000282288	-25.716788494790
1.9825999736786	-26.512726462810
1.9873000383377	-27.410575242659
1.9919999837875	-28.436920704264
1.9967000484467	-29.630621743195
2.0013999938965	-31.050298261644
2.0060999393463	-32.788534125317
2.0107998847961	-35.000769990576
2.0155000686646	-37.961859091412
2.0202000141144	-42.059767642486
2.0248999595642	-45.546086545890
2.0295999050140	-42.145601437921
2.0343000888824	-37.821830761473
2.0390000343323	-34.646231087385
2.0436999797821	-32.238847024667
2.0483999252319	-30.316815955464
2.0531001091003	-28.720430587223
2.0578000545502	-27.355149716574
2.0625000000000	-26.161399554109
2.0671999454498	-25.099786677882
2.0718998908997	-24.143404901476
2.0766000747681	-23.273427757089
2.0813000202179	-22.476403626445
2.0859999656677	-21.742539498615
2.0906999111176	-21.064417054015
2.0954000949860	-20.436191647520
2.1001000404358	-19.852948856479
2.1047999858856	-19.310333182557
2.1094999313354	-18.804348092341
2.1142001152039	-18.331232609659
2.1189000606537	-17.887508862685
2.1236000061035	-17.470007874910
2.1282999515533	-17.076001414961
2.1329998970032	-16.703241846032
2.1377000808716	-16.350016938888
2.1424000263214	-16.015128556427
2.1470999717712	-15.697805354319
2.1517999172211	-15.397589801462
2.1565001010895	-15.114184703773
2.1612000465393	-14.847303951028
2.1658999919891	-14.596557429225
2.1705999374390	-14.361370931448
2.1752998828888	-14.140959420312
2.1800000667572	-13.934355111058
2.1847000122070	-13.740495070189
2.1893999576569	-13.558315440747
2.1940999031067	-13.386865463712
2.1988000869751	-13.225387283105
2.2035000324249	-13.073380016346
2.2081999778748	-12.930600102716
2.2128999233246	-12.797026310414
2.2176001071930	-12.672767217990
2.2223000526428	-12.557967209378
2.2269999980927	-12.452700959944
2.2316999435425	-12.356902853171
2.2363998889923	-12.270306608717
2.2411000728607	-12.192464939526
2.2458000183105	-12.122777617443
2.2504999637604	-12.060585454449
2.2551999092102	-12.005245600424
2.2599000930786	-11.956241494715
2.2646000385284	-11.913230529472
2.2692999839783	-11.876092283954
2.2739999294281	-11.844900953409
2.2787001132965	-11.819878412057
2.2834000587463	-11.801310448704
2.2881000041962	-11.789448310527
2.2927999496460	-11.784439751301
2.2974998950958	-11.786262165779
2.3022000789642	-11.794711337712
2.3069000244141	-11.809429148510
2.3115999698639	-11.829966251890
2.3162999153137	-11.855859691864
2.3210000991821	-11.886729234918
2.3257000446320	-11.922351494692
2.3303999900818	-11.962698618452
2.3350999355316	-12.007948600877
2.3397998809814	-12.058436016180
2.3445000648499	-12.114584696955
2.3492000102997	-12.176820239886
2.3538999557495	-12.245485666370
2.3585999011993	-12.320765788008
2.3633000850677	-12.402667758121
2.3680000305176	-12.491029941057
2.3726999759674	-12.585578913011
2.3773999214172	-12.686004396851
2.3821001052856	-12.792050443827
2.3868000507355	-12.903617704839
2.3914999961853	-13.020806528928
2.3961999416351	-13.143940611032
2.4008998870850	-13.273552852363
2.4056000709534	-13.410295285377
2.4103000164032	-13.554879815255
2.4149999618530	-13.707959576938
2.4196999073029	-13.870057049955
2.4244000911713	-14.041516838208
2.4291000366211	-14.222505700051
2.4337999820709	-14.413051296305
2.4384999275208	-14.613135730450
2.4432001113892	-14.822798065784
2.4479000568390	-15.042242967842
2.4526000022888	-15.271943085923
2.4572999477386	-15.512686915168
2.4619998931885	-15.765575807549
2.4667000770569	-16.031990673810
2.4714000225067	-16.313489961171
2.4760999679565	-16.611719517328
2.4807999134064	-16.928310597259
2.4855000972748	-17.264814750765
2.4902000427246	-17.622704698280
2.4948999881744	-18.003411048155
2.4995999336243	-18.408473518372
2.5043001174927	-18.839704820481
2.5090000629425	-19.299444853361
2.5137000083923	-19.790796940160
2.5183999538422	-20.317897802486
2.5230998992920	-20.886175836267
2.5278000831604	-21.502600827823
2.5325000286102	-22.175949321278
2.5371999740601	-22.917245550032
2.5418999195099	-23.740327446583
2.5466001033783	-24.662941352905
2.5513000488281	-25.708429711689
2.5559999942780	-26.908886809498
2.5606999397278	-28.310604862984
2.5653998851776	-29.983963274313
2.5701000690460	-32.042204326096
2.5748000144958	-34.673648582605
2.5794999599457	-38.145681385266
2.5841999053955	-41.994593606848
2.5889000892639	-41.423031520299
2.5936000347137	-37.406210721638
2.5982999801636	-34.041597581533
2.6029999256134	-31.473516948972
2.6077001094818	-29.438945587368
2.6124000549316	-27.764999839000
2.6171000003815	-26.347763713926
2.6217999458313	-25.122100225741
2.6264998912811	-24.044902607390
2.6312000751495	-23.086117710334
2.6359000205994	-22.223741390244
2.6405999660492	-21.441003890858
2.6452999114990	-20.724747756681
2.6500000953674	-20.064448111723
2.6547000408173	-19.451641956420
2.6593999862671	-18.879567098090
2.6640999317169	-18.342918966573
2.6688001155853	-17.837590015673
2.6735000610352	-17.360475529271
2.6782000064850	-16.909198213747
2.6828999519348	-16.481910400376
2.6875998973846	-16.077050281667
2.6923000812531	-15.693187968626
2.6970000267029	-15.328869124500
2.7016999721527	-14.982598605836
2.7063999176025	-14.652804210145
2.7111001014709	-14.337910116377
2.7158000469208	-14.036417650917
2.7204999923706	-13.746982565030
2.7251999378204	-13.468498991239
2.7298998832703	-13.200137608389
2.7346000671387	-12.941345532987
2.7393000125885	-12.691793638298
2.7439999580383	-12.451299720933
2.7486999034882	-12.219735985763
2.7534000873566	-11.996940512407
2.7581000328064	-11.782630427230
2.7627999782562	-11.576391947410
2.7674999237061	-11.377660990646
2.7722001075745	-11.185788889598
2.7769000530243	-11.000083854444
2.7815999984741	-10.819915562786
2.7862999439240	-10.644768130759
2.7909998893738	-10.474280441950
2.7957000732422	-10.308280910458
2.8004000186920	-10.146740969037
2.8050999641418	-9.9897324940614
2.8097999095917	-9.8373548301425
2.8145000934601	-9.6896673124761
2.8192000389099	-9.5466227686705
2.8238999843597	-9.4080503606431
2.8285999298096	-9.2736508908076
2.8333001136780	-9.1430263080284
2.8380000591278	-9.0157460497425
2.8427000045776	-8.8914133531650
2.8473999500275	-8.7697087598778
2.8520998954773	-8.6504501321946
2.8568000793457	-8.5335916671781
2.8615000247955	-8.4192097661927
2.8661999702454	-8.3074585593045
2.8708999156952	-8.1985115044588
2.8756000995636	-8.0924909080313
2.8803000450134	-7.9894324970314
2.8849999904633	-7.8892517511130
2.8896999359131	-7.7917477287366
2.8943998813629	-7.6966486294081
2.8991000652313	-7.6036379333850
2.9038000106812	-7.5124271119352
2.9084999561310	-7.4228062557249
2.9131999015808	-7.3346845356537
2.9179000854492	-7.2480776988285
2.9226000308990	-7.1631171878409
2.9272999763489	-7.0799876113869
2.9319999217987	-6.9988810167799
2.9367001056671	-6.9199463968506
2.9414000511169	-6.8432408581700
2.9460999965668	-6.7687129790693
2.9507999420166	-6.6962070964690
2.9554998874664	-6.6255037776897
2.9602000713348	-6.5563447510575
2.9649000167847	-6.4885077860356
2.9695999622345	-6.4218383253037
2.9742999076843	-6.3562925043680
2.9790000915527	-6.2919187947637
2.9837000370026	-6.2288648092912
2.9883999824524	-6.1673258516700
2.9930999279022	-6.1074863013058
2.9978001117706	-6.0494889060212
3.0025000572205	-5.9933828434137
3.0072000026703	-5.9391206583848
3.0118999481201	-5.8865595421266
3.0165998935699	-5.8354960139708
3.0213000774384	-5.7857049714797
3.0260000228882	-5.7369954582043
3.0306999683380	-5.6892452777522
3.0353999137878	-5.6424296643347
3.0401000976562	-5.5966239583471
3.0448000431061	-5.5519677539140
3.0494999885559	-5.5086500875326
3.0541999340057	-5.4668410932828
3.0589001178741	-5.4266642393177
3.0636000633240	-5.3881480159534
3.0683000087738	-5.3512334043052
3.0729999542236	-5.3157729851791
3.0776998996735	-5.2815710171366
3.0824000835419	-5.2484152387572
3.0871000289917	-5.2161364000105
3.0917999744415	-5.1846343335895
3.0964999198914	-5.1538948466469
3.1012001037598	-5.1240081185458
3.1059000492096	-5.0951180545345
3.1105999946594	-5.0673955571141
3.1152999401093	-5.0409988734303
3.1199998855591	-5.0160301988674
3.1247000694275	-4.9924955297559
3.1294000148773	-4.9703253225582
3.1340999603271	-4.9493615173226
3.1387999057770	-4.9294083796370
3.1435000896454	-4.9102676671980
3.1482000350952	-4.8917841388998
3.1528999805450	-4.8738744986829
3.1575999259949	-4.8565492839316
3.1623001098633	-4.8399025340113
3.1670000553131	-4.8240787334218
3.1717000007629	-4.8092452029457
3.1763999462128	-4.7955424492188
3.1810998916626	-4.7830500062439
3.1858000755310	-4.7717605442316
3.1905000209808	-4.7615755555570
3.1951999664307	-4.7523328847426
3.1998999118805	-4.7438329575569
3.2046000957489	-4.7358791467826
3.2093000411987	-4.7283301140747
3.2139999866486	-4.7211191571993
3.2186999320984	-4.7142634722833
3.2234001159668	-4.7078606941772
3.2281000614166	-4.7020598086751
3.2328000068665	-4.6970049753230
3.2374999523163	-4.6928200422739
3.2421998977661	-4.6895513501903
3.2469000816345	-4.6871525947076
3.2516000270844	-4.6855025431463
3.2562999725342	-4.6844080351721
3.2609999179840	-4.6836491233183
3.2657001018524	-4.6830243201780
3.2704000473022	-4.6823854897774
3.2750999927521	-4.6816580352414
3.2797999382019	-4.6808620596027
3.2844998836517	-4.6800751934716
3.2892000675201	-4.6794219865123
3.2939000129700	-4.6790164817416
3.2985999584198	-4.6789246555091
3.3032999038696	-4.6791318976358
3.3080000877380	-4.6795345375042
3.3127000331879	-4.6799392022140
3.3173999786377	-4.6800938688267
3.3220999240875	-4.6797303801893
3.3268001079559	-4.6785974883071
3.3315000534058	-4.6765136556927
3.3361999988556	-4.6733774805886
3.3408999443054	-4.6691612093317
3.3455998897552	-4.6639102551837
3.3503000736237	-4.6576888998203
3.3550000190735	-4.6505465662616
3.3596999645233	-4.6424715970463
3.3643999099731	-4.6333719897168
3.3691000938416	-4.6230629707119
3.3738000392914	-4.6112883668133
3.3784999847412	-4.5977478514483
3.3831999301910	-4.5821522621190
3.3879001140594	-4.5642584981811
3.3926000595093	-4.5439069148099
3.3973000049591	-4.5210492172950
3.4019999504089	-4.4957212329141
3.4066998958588	-4.4680413332192
3.4114000797272	-4.4381551340700
3.4161000251770	-4.4061997470336
3.4207999706268	-4.3722714837007
3.4254999160767	-4.3364052843895
3.4302000999451	-4.2985774934240
3.4349000453949	-4.2587337270352
3.4395999908447	-4.2168249751709
3.4442999362946	-4.1728520827606
3.4489998817444	-4.1269002010816
3.4537000656128	-4.0791684769347
3.4584000110626	-4.0299622099743
3.4630999565125	-3.9796829468554
3.4677999019623	-3.9287875289344
3.4725000858307	-3.8777433938911
3.4772000312805	-3.8269802685657
3.4818999767303	-3.7768638523034
3.4865999221802	-3.7276782032584
3.4913001060486	-3.6796272685359
3.4960000514984	-3.6328606346099
3.5006999969482	-3.5875046893098
3.5053999423981	-3.5436967938826
3.5100998878479	-3.5016114629808
3.5148000717163	-3.4614802492971
3.5195000171661	-3.4235765078298
3.5241999626160	-3.3882043185927
3.5288999080658	-3.3556662002162
3.5336000919342	-3.3262202682106
3.5383000373840	-3.3000494312897
3.5429999828339	-3.2772453512567
3.5476999282837	-3.2578012637874
3.5524001121521	-3.2416261342118
3.5571000576019	-3.2285692682681
3.5618000030518	-3.2184620851403
3.5664999485016	-3.2111484912625
3.5711998939514	-3.2065209955186
3.5759000778198	-3.2045284335491
3.5806000232697	-3.2051821695282
3.5852999687195	-3.2085365512977
3.5899999141693	-3.2146596028319
3.5947000980377	-3.2235997207053
3.5994000434875	-3.2353593644566
3.6040999889374	-3.2498763571030
3.6087999343872	-3.2670143246658
3.6135001182556	-3.2865797293777
3.6182000637054	-3.3083448610323
3.6229000091553	-3.3320835616522
3.6275999546051	-3.3576041203519
3.6322999000549	-3.3847781941817
3.6370000839233	-3.4135482122719
3.6417000293732	-3.4439340159572
3.6463999748230	-3.4760033105988
3.6510999202728	-3.5098515353572
3.6558001041412	-3.5455551860016
3.6605000495911	-3.5831541405659
3.6651999950409	-3.6226165422280
3.6698999404907	-3.6638417411687
3.6745998859406	-3.7066747587228
3.6793000698090	-3.7509235477938
3.6840000152588	-3.7964022471424
3.6886999607086	-3.8429585991589
3.6933999061584	-3.8905067797736
3.6981000900269	-3.9390379546513
3.7028000354767	-3.9886202130431
3.7074999809265	-4.0393676391752
3.7121999263763	-4.0914161557663
3.7169001102448	-4.1448787209645
3.7216000556946	-4.1998155780307
3.7263000011444	-4.2562095029036
3.7309999465942	-4.3139612151520
3.7356998920441	-4.3729068248961
3.7404000759125	-4.4328421119054
3.7451000213623	-4.4935687887122
3.7497999668121	-4.5549236296131
3.7544999122620	-4.6168187392539
3.7592000961304	-4.6792460588615
3.7639000415802	-4.7422679203349
3.7685999870300	-4.8060068682873
3.7732999324799	-4.8705850320820
3.7780001163483	-4.9360945737677
3.7827000617981	-5.0025534753234
3.7874000072479	-5.0698891675595
3.7920999526978	-5.1379289512083
3.7967998981476	-5.2064225595415
3.8015000820160	-5.2750808312124
3.8062000274658	-5.3436195872806
3.8108999729156	-5.4118071188650
3.8155999183655	-5.4794923288415
3.8203001022339	-5.5466222933581
3.8250000476837	-5.6132256733109
3.8296999931335	-5.6793798943763
3.8343999385834	-5.7451620200317
3.8390998840332	-5.8106001479948
3.8438000679016	-5.8756308167868
3.8485000133514	-5.9400770638767
3.8531999588013	-6.0036560312281
3.8578999042511	-6.0660120392571
3.8626000881195	-6.1267620662955
3.8673000335693	-6.1855569727757
3.8719999790192	-6.2421377883460
3.8766999244690	-6.2963633365065
3.8814001083374	-6.3482201182412
3.8861000537872	-6.3977953177538
3.8907999992371	-6.4452340248054
3.8954999446869	-6.4906729078209
3.9001998901367	-6.5341873305256
3.9049000740051	-6.5757500661007
3.9096000194550	-6.6152177907933
3.9142999649048	-6.6523514821576
3.9189999103546	-6.6868697254611
3.9237000942230	-6.7185064473671
3.9284000396729	-6.7470771147275
3.9330999851227	-6.7725354364181
3.9377999305725	-6.7949889285394
3.9425001144409	-6.8146879974997
3.9472000598907	-6.8319811007827
3.9519000053406	-6.8472461792114
3.9565999507904	-6.8608263710775
3.9612998962402	-6.8729647666575
3.9660000801086	-6.8837747667176
3.9707000255585	-6.8932425169363
3.9753999710083	-6.9012632248346
3.9800999164581	-6.9077051481234
3.9848001003265	-6.9124728378913
3.9895000457764	-6.9155721995566
3.9941999912262	-6.9171503759835
3.9988999366760	-6.9174979875371
4.0036001205444	-6.9170137410810
4.0082998275757	-6.9161548486098
4.0130000114441	-6.9153543130067
4.0177001953125	-6.9149593846044
4.0223999023438	-6.9151810254308
4.0271000862122	-6.9160756412574
4.0317997932434	-6.9175686436962
4.0364999771118	-6.9195009466259
4.0412001609802	-6.9216979755105
4.0458998680115	-6.9240404806007
4.0506000518799	-6.9265226801284
4.0553002357483	-6.9292757446713
4.0599999427795	-6.9325637057767
4.0647001266479	-6.9367434599349
4.0693998336792	-6.9421945818560
4.0741000175476	-6.9492505046315
4.0788002014160	-6.9581367736337
4.0834999084473	-6.9689244327906
4.0882000923157	-6.9815367552840
4.0928997993469	-6.9957712743682
4.0975999832153	-7.0113542354920
4.1023001670837	-7.0280229894712
4.1069998741150	-7.0455921551139
4.1117000579834	-7.0640070676578
4.1163997650146	-7.0833621272404
4.1210999488831	-7.1038836227113
4.1258001327515	-7.1258895582470
4.1304998397827	-7.1497041222514
4.1352000236511	-7.1755930692640
4.1399002075195	-7.2036975281129
4.1445999145508	-7.2339978575804
4.1493000984192	-7.2663202208206
4.1539998054504	-7.3003664004412
4.1586999893188	-7.3357887340264
4.1634001731873	-7.3722667813559
4.1680998802185	-7.4095798849337
4.1728000640869	-7.4476593494343
4.1774997711182	-7.4866037700046
4.1821999549866	-7.5266572654446
4.1869001388550	-7.5681402177322
4.1915998458862	-7.6113843002361
4.1963000297546	-7.6566332597186
4.2010002136230	-7.7039915095922
4.2056999206543	-7.7533854505245
4.2104001045227	-7.8045765532207
4.2150998115540	-7.8572079203340
4.2197999954224	-7.9108923723322
4.2245001792908	-7.9652959622697
4.2291998863220	-8.0202229180580
4.2339000701904	-8.0756751296565
4.2385997772217	-8.1318491789059
4.2432999610901	-8.1891153894024
4.2480001449585	-8.2479392851418
4.2526998519897	-8.3087820859101
4.2574000358582	-8.3720193867328
4.2621002197266	-8.4378658621502
4.2667999267578	-8.5063519374562
4.2715001106262	-8.5773353243772
4.2761998176575	-8.6505795495043
4.2809000015259	-8.7258273389007
4.2856001853943	-8.8029144593133
4.2902998924255	-8.8818483334528
4.2950000762939	-8.9628505936160
4.2996997833252	-9.0463471370939
4.3043999671936	-9.1329101152218
4.3091001510620	-9.2231476533772
4.3137998580933	-9.3175863141213
4.3185000419617	-9.4165484091724
4.3232002258301	-9.5200752335095
4.3278999328613	-9.6278909484320
4.3326001167297	-9.7394398116150
4.3372998237610	-9.8539703198518
4.3420000076294	-9.9706725361355
4.3467001914978	-10.088813135597
4.3513998985291	-10.207868156101
4.3561000823975	-10.327589579252
4.3607997894287	-10.448020754842
4.3654999732971	-10.569421981828
4.3702001571655	-10.692147768819
4.3748998641968	-10.816494301090
4.3796000480652	-10.942559425088
4.3843002319336	-11.070141810328
4.3889999389648	-11.198727013519
4.3937001228333	-11.327541897888
4.3983998298645	-11.455693326549
4.4031000137329	-11.582350006545
4.4078001976013	-11.706921538192
4.4124999046326	-11.829190599121
4.4172000885010	-11.949368890024
4.4218997955322	-12.068028055698
4.4265999794006	-12.185957365425
4.4313001632690	-12.303949589914
4.4359998703003	-12.422574626498
4.4407000541687	-12.542007580007
4.4454002380371	-12.661944495516
4.4500999450684	-12.781637997208
4.4548001289368	-12.900037089572
4.4594998359680	-13.016032521261
4.4642000198364	-13.128705135321
4.4689002037048	-13.237557286292
4.4735999107361	-13.342638288524
4.4783000946045	-13.444516238093
4.4829998016357	-13.544126514003
4.4876999855042	-13.642505095535
4.4924001693726	-13.740480682926
4.4970998764038	-13.838416311779
4.5018000602722	-13.936053541256
4.5064997673035	-14.032512359426
4.5111999511719	-14.126439457449
4.5159001350403	-14.216312859480
4.5205998420715	-14.300778125332
4.5253000259399	-14.378982635226
4.5300002098083	-14.450768974830
4.5346999168396	-14.516708856190
4.5394001007080	-14.577911292879
4.5440998077393	-14.635702152787
4.5487999916077	-14.691226831972
4.5535001754761	-14.745104131224
4.5581998825073	-14.797185221511
4.5629000663757	-14.846554681494
4.5675997734070	-14.891687456252
4.5722999572754	-14.930811180598
4.5770001411438	-14.962349453982
4.5816998481750	-14.985320857818
4.5864000320435	-14.999611823529
4.5911002159119	-15.006013735250
4.5957999229431	-15.005997125645
4.6005001068115	-15.001343935155
4.6051998138428	-14.993649696714
4.6098999977112	-14.983929022768
4.6146001815796	-14.972339773454
4.6192998886108	-14.958156025628
4.6240000724792	-14.939975395599
4.6286997795105	-14.916097129972
4.6333999633789	-14.885018315912
4.6381001472473	-14.845870457566
4.6427998542786	-14.798704299266
4.6475000381470	-14.744534980469
4.6522002220154	-14.685106720242
4.6568999290466	-14.622491276793
4.6616001129150	-14.558608043747
4.6662998199463	-14.494775558831
4.6710000038147	-14.431443308546
4.6757001876831	-14.368149016231
4.6803998947144	-14.303694682972
4.6851000785828	-14.236535131388
4.6897997856140	-14.165218511807
4.6944999694824	-14.088835665995
4.6992001533508	-14.007322597601
4.7038998603821	-13.921533020697
4.7086000442505	-13.833069419085
4.7133002281189	-13.743915255038
4.7179999351501	-13.656007093498
4.7227001190186	-13.570784326419
4.7273998260498	-13.488927849586
4.7321000099182	-13.410228434451
4.7368001937866	-13.333723093329
4.7414999008179	-13.257982679629
4.7462000846863	-13.181511226146
4.7508997917175	-13.103193780939
4.7555999755859	-13.022594665421
4.7603001594543	-12.940126192384
4.7649998664856	-12.856983408765
4.7697000503540	-12.774865439953
4.7744002342224	-12.695604129577
4.7790999412537	-12.620750165885
4.7838001251221	-12.551227230431
4.7884998321533	-12.487170161648
4.7932000160217	-12.427919121268
4.7979001998901	-12.372216206031
4.8025999069214	-12.318542134278
4.8073000907898	-12.265496210691
4.8119997978210	-12.212180365324
4.8166999816895	-12.158439418262
4.8214001655579	-12.104904564318
4.8260998725891	-12.052865832638
4.8308000564575	-12.003958923987
4.8354997634888	-11.959761665567
4.8401999473572	-11.921439397986
4.8449001312256	-11.889447337148
4.8495998382568	-11.863425097396
4.8543000221252	-11.842271871629
4.8590002059937	-11.824386096987
4.8636999130249	-11.808038112302
4.8684000968933	-11.791772204022
4.8730998039246	-11.774744618351
4.8777999877930	-11.756947522835
4.8825001716614	-11.739169208957
4.8871998786926	-11.722813103810
4.8919000625610	-11.709517946955
4.8965997695923	-11.700737046251
4.9012999534607	-11.697376309362
4.9060001373291	-11.699525295281
4.9106998443604	-11.706425493548
4.9154000282288	-11.716579809969
4.9201002120972	-11.728113918473
4.9247999191284	-11.739179892183
4.9295001029968	-11.748410569033
4.9341998100281	-11.755231108133
4.9388999938965	-11.760016971427
4.9436001777649	-11.763957121959
4.9482998847961	-11.768714676092
4.9530000686646	-11.775959316938
4.9576997756958	-11.786859513772
4.9623999595642	-11.801657568161
4.9671001434326	-11.819459395297
4.9717998504639	-11.838233535828
4.9765000343323	-11.855077885811
4.9812002182007	-11.866695778579
4.9858999252319	-11.869931415398
4.9906001091003	-11.862332681927
4.9952998161316	-11.842481499076
5.0000000000000	-11.810072337573
#Parameters = {R_fat=48; R_glandular=38; R_skin_outer=50; T10=5; T15=7.5; T5=2.5; T_rad=4; T_x=10; T_y=0; T_z=75; Zc=65; skin_thickness=2; Mesh Pass=6}
#"Frequency / GHz"	"S1,1 (Mesh Pass=6) [Magnitude / dB]"
#-------------------------------------------------------
0.30000001192093	-26.484945932250
0.30469998717308	-27.443861661911
0.30939999222755	-29.472584671747
0.31409999728203	-33.533656777257
0.31880000233650	-41.293414478525
0.32350000739098	-33.678295814234
0.32820001244545	-27.133843124426
0.33289998769760	-23.017544911359
0.33759999275208	-20.028250911564
0.34229999780655	-17.691855875524
0.34700000286102	-15.788918887445
0.35170000791550	-14.202288690134
0.35640001296997	-12.865430935094
0.36109998822212	-11.740872255309
0.36579999327660	-10.809336798337
0.37049999833107	-10.062897778395
0.37520000338554	-9.4994078423655
0.37990000844002	-9.1175658814624
0.38460001349449	-8.9129031414814
0.38929998874664	-8.8755606049094
0.39399999380112	-8.9904638585057
0.39869999885559	-9.2394736356247
0.40340000391006	-9.6045219555217
0.40810000896454	-10.070501123852
0.41280001401901	-10.627285323323
0.41749998927116	-11.270598299852
0.42219999432564	-12.001779186746
0.42689999938011	-12.826261793482
0.43160000443459	-13.750031044707
0.43630000948906	-14.772312389269
0.44100001454353	-15.871267201726
0.44569998979568	-16.979306057717
0.45039999485016	-17.954433852759
0.45509999990463	-18.589521509554
0.45980000495911	-18.724407833315
0.46450001001358	-18.391061129192
0.46919998526573	-17.786182280020
0.47389999032021	-17.115149533222
0.47859999537468	-16.508526443253
0.48330000042915	-16.028364263758
0.48800000548363	-15.696231645936
0.49270001053810	-15.512644694424
0.49739998579025	-15.465762195502
0.50209999084473	-15.533058909053
0.50679999589920	-15.679301047614
0.51150000095367	-15.854166369840
0.51620000600815	-15.994271610502
0.52090001106262	-16.034965560796
0.52560001611710	-15.931731777183
0.53030002117157	-15.679228871887
0.53500002622604	-15.311981374681
0.53969997167587	-14.886070069205
0.54439997673035	-14.457223631813
0.54909998178482	-14.067846936834
0.55379998683929	-13.743743166746
0.55849999189377	-13.495726937041
0.56319999694824	-13.322155746716
0.56790000200272	-13.210937237745
0.57260000705719	-13.141141286229
0.57730001211166	-13.085322626960
0.58200001716614	-13.013641771733
0.58670002222061	-12.900022748260
0.59140002727509	-12.728750669561
0.59609997272491	-12.498541438653
0.60079997777939	-12.221774346333
0.60549998283386	-11.919460083330
0.61019998788834	-11.614731939211
0.61489999294281	-11.327589675736
0.61959999799728	-11.071883720604
0.62430000305176	-10.854254467246
0.62900000810623	-10.674263730573
0.63370001316071	-10.525175377154
0.63840001821518	-10.395377980236
0.64310002326965	-10.270433568265
0.64780002832413	-10.135824879692
0.65249997377396	-9.9799504662888
0.65719997882843	-9.7966278875028
0.66189998388290	-9.5861976373467
0.66659998893738	-9.3548659379453
0.67129999399185	-9.1126174310396
0.67599999904633	-8.8705872384774
0.68070000410080	-8.6386828871092
0.68540000915527	-8.4239239122765
0.69010001420975	-8.2295926591460
0.69480001926422	-8.0550787903441
0.69950002431870	-7.8963302906363
0.70420002937317	-7.7467874541410
0.70889997482300	-7.5987176950643
0.71359997987747	-7.4447861165845
0.71829998493195	-7.2795429316312
0.72299998998642	-7.1004472680436
0.72769999504089	-6.9082206526930
0.73240000009537	-6.7063837731979
0.73710000514984	-6.5002536652581
0.74180001020432	-6.2956590348344
0.74650001525879	-6.0977516790355
0.75120002031326	-5.9101107499398
0.75590002536774	-5.7342531706547
0.76059997081757	-5.5695482122144
0.76529997587204	-5.4135254991775
0.76999998092651	-5.2624857405637
0.77469998598099	-5.1123148581241
0.77939999103546	-4.9593452437753
0.78409999608994	-4.8011058238207
0.78880000114441	-4.6367492714230
0.79350000619888	-4.4671302559466
0.79820001125336	-4.2944845089559
0.80290001630783	-4.1218597187038
0.80760002136230	-3.9524377796798
0.81230002641678	-3.7889087151241
0.81699997186661	-3.6330062151583
0.82169997692108	-3.4852857225825
0.82639998197556	-3.3451587038877
0.83109998703003	-3.2111492255787
0.83579999208450	-3.0813219594710
0.84049999713898	-2.9537876497989
0.84520000219345	-2.8271569007634
0.84990000724792	-2.7008830432016
0.85460001230240	-2.5753645260322
0.85930001735687	-2.4518562759739
0.86400002241135	-2.3321727875892
0.86870002746582	-2.2183041717812
0.87339997291565	-2.1120214640107
0.87809997797012	-2.0145715108499
0.88279998302460	-1.9265217100702
0.88749998807907	-1.8477899307975
0.89219999313354	-1.7778583115603
0.89689999818802	-1.7160961835569
0.90160000324249	-1.6621259966267
0.90630000829697	-1.6161550458059
0.91100001335144	-1.5791697182783
0.91570001840591	-1.5529379850541
0.92040002346039	-1.5398392223242
0.92510002851486	-1.5425350080679
0.92979997396469	-1.5635910086271
0.93449997901917	-1.6051298429620
0.93919998407364	-1.6686232875554
0.94389998912811	-1.7549017072223
0.94859999418259	-1.8643922122407
0.95329999923706	-1.9976079335010
0.95800000429153	-2.1557909682935
0.96270000934601	-2.3416198291107
0.96740001440048	-2.5598575485013
0.97210001945496	-2.8178042679387
0.97680002450943	-3.1255378697833
0.98150002956390	-3.4959304107924
0.98619997501373	-3.9446471741166
0.99089998006821	-4.4903017609434
0.99559998512268	-5.1551781058911
1.0003000497818	-5.9669104846558
1.0049999952316	-6.9618534145579
1.0096999406815	-8.1915011397573
1.0144000053406	-9.7347426414941
1.0190999507904	-11.722815517234
1.0238000154495	-14.392470560278
1.0284999608994	-18.171872755449
1.0332000255585	-22.919246343676
1.0378999710083	-21.624874338719
1.0426000356674	-16.773575918442
1.0472999811172	-13.232543869491
1.0520000457764	-10.668476046632
1.0566999912262	-8.7143131742880
1.0614000558853	-7.1733222427482
1.0661000013351	-5.9353727654732
1.0707999467850	-4.9335751379237
1.0755000114441	-4.1235765658734
1.0801999568939	-3.4729938815469
1.0849000215530	-2.9557153049624
1.0895999670029	-2.5488593930588
1.0943000316620	-2.2314262990149
1.0989999771118	-1.9840055207033
1.1037000417709	-1.7891679961615
1.1083999872208	-1.6321728862930
1.1131000518799	-1.5016438479889
1.1177999973297	-1.3899400388553
1.1224999427795	-1.2930685105136
1.1272000074387	-1.2100852942638
1.1318999528885	-1.1421321651605
1.1366000175476	-1.0912755918442
1.1412999629974	-1.0594332639191
1.1460000276566	-1.0475210832867
1.1506999731064	-1.0549724437654
1.1554000377655	-1.0796140343000
1.1600999832153	-1.1179193613049
1.1648000478745	-1.1655108631301
1.1694999933243	-1.2178519861544
1.1742000579834	-1.2709432420406
1.1789000034332	-1.3219468078972
1.1835999488831	-1.3695593748584
1.1883000135422	-1.4140914961558
1.1929999589920	-1.4572195882573
1.1977000236511	-1.5014809041132
1.2023999691010	-1.5496378782662
1.2071000337601	-1.6040526097890
1.2117999792099	-1.6662024854772
1.2165000438690	-1.7363890264992
1.2211999893188	-1.8137182235887
1.2259000539780	-1.8962860548904
1.2305999994278	-1.9815614806005
1.2352999448776	-2.0668673516195
1.2400000095367	-2.1498885339690
1.2446999549866	-2.2290995135743
1.2494000196457	-2.3040385785692
1.2540999650955	-2.3753397020562
1.2588000297546	-2.4445589752425
1.2634999752045	-2.5138125010061
1.2682000398636	-2.5853171311105
1.2728999853134	-2.6609452370036
1.2776000499725	-2.7418661788493
1.2822999954224	-2.8283546693951
1.2869999408722	-2.9197680887588
1.2917000055313	-3.0147001151249
1.2963999509811	-3.1112700647462
1.3011000156403	-3.2074996847207
1.3057999610901	-3.3016935789992
1.3105000257492	-3.3927812245922
1.3151999711990	-3.4805146108262
1.3199000358582	-3.5655006583953
1.3245999813080	-3.6490670331295
1.3293000459671	-3.7329765625139
1.3339999914169	-3.8190736414480
1.3387000560760	-3.9089274551217
1.3434000015259	-4.0035510662049
1.3480999469757	-4.1032367971671
1.3528000116348	-4.2075281717312
1.3574999570847	-4.3153357711588
1.3622000217438	-4.4251688510869
1.3668999671936	-4.5354226403334
1.3716000318527	-4.6447093766593
1.3762999773026	-4.7521325529634
1.3810000419617	-4.8574712860369
1.3856999874115	-4.9612255297735
1.3904000520706	-5.0645248564217
1.3950999975204	-5.1689013225291
1.3997999429703	-5.2760101284028
1.4045000076294	-5.3873224102771
1.4091999530792	-5.5038749895446
1.4139000177383	-5.6261038238622
1.4185999631882	-5.7537943429893
1.4233000278473	-5.8861467427433
1.4279999732971	-6.0219463624903
1.4327000379562	-6.1598008636830
1.4373999834061	-6.2984342612910
1.4421000480652	-6.4369350525366
1.4467999935150	-6.5749613656791
1.4515000581741	-6.7128227865412
1.4562000036240	-6.8514489423562
1.4608999490738	-6.9922318008087
1.4656000137329	-7.1367846496142
1.4702999591827	-7.2866693553151
1.4750000238419	-7.4431414010279
1.4796999692917	-7.6069474257790
1.4844000339508	-7.7782234161276
1.4890999794006	-7.9564841904078
1.4938000440598	-8.1407322076193
1.4984999895096	-8.3296416565523
1.5032000541687	-8.5218166436138
1.5078999996185	-8.7160659262784
1.5125999450684	-8.9116451697699
1.5173000097275	-9.1084344730990
1.5219999551773	-9.3069844891931
1.5267000198364	-9.5084533879515
1.5313999652863	-9.7144156364282
1.5361000299454	-9.9266052053010
1.5407999753952	-10.146616547352
1.5455000400543	-10.375639179735
1.5501999855042	-10.614240259769
1.5549000501633	-10.862252078156
1.5595999956131	-11.118759755537
1.5642999410629	-11.382211507229
1.5690000057220	-11.650628220570
1.5736999511719	-11.921899529189
1.5784000158310	-12.194107513083
1.5830999612808	-12.465828875602
1.5878000259399	-12.736346193278
1.5924999713898	-13.005728649771
1.5972000360489	-13.274745044508
1.6018999814987	-13.544643251797
1.6066000461578	-13.816811888575
1.6112999916077	-14.092406245087
1.6160000562668	-14.371994368914
1.6207000017166	-14.655262223267
1.6253999471664	-14.940845449061
1.6301000118256	-15.226310835762
1.6347999572754	-15.508264343473
1.6395000219345	-15.782665327736
1.6441999673843	-16.045225006892
1.6489000320435	-16.291911723308
1.6535999774933	-16.519426365519
1.6583000421524	-16.725602666355
1.6629999876022	-16.909625371858
1.6677000522614	-17.072009173627
1.6723999977112	-17.214393580534
1.6770999431610	-17.339159831933
1.6818000078201	-17.448951525329
1.6864999532700	-17.546209033366
1.6912000179291	-17.632785943792
1.6958999633789	-17.709668646829
1.7006000280380	-17.776882871729
1.7052999734879	-17.833573758235
1.7100000381470	-17.878257110302
1.7146999835968	-17.909241203703
1.7194000482559	-17.925105857597
1.7240999937057	-17.925225895706
1.7288000583649	-17.910144285376
1.7335000038147	-17.881737842041
1.7381999492645	-17.843155535358
1.7429000139236	-17.798470021696
1.7475999593735	-17.752163356519
1.7523000240326	-17.708569595070
1.7569999694824	-17.671301504031
1.7617000341415	-17.642837231963
1.7663999795914	-17.624266677178
1.7711000442505	-17.615268286638
1.7757999897003	-17.614290872009
1.7805000543594	-17.618921584495
1.7851999998093	-17.626448731375
1.7898999452591	-17.634417176822
1.7946000099182	-17.641230215625
1.7992999553680	-17.646527588037
1.8040000200272	-17.651352756593
1.8086999654770	-17.658012646677
1.8134000301361	-17.669709155163
1.8180999755859	-17.689974280928
1.8228000402451	-17.722084430650
1.8274999856949	-17.768527029636
1.8322000503540	-17.830632732070
1.8368999958038	-17.908387032184
1.8415999412537	-18.000496739433
1.8463000059128	-18.104652284706
1.8509999513626	-18.218002349128
1.8557000160217	-18.337739554601
1.8603999614716	-18.461717902352
1.8651000261307	-18.588989252828
1.8697999715805	-18.720103717035
1.8745000362396	-18.857155162460
1.8791999816895	-19.003497145083
1.8839000463486	-19.163260657643
1.8885999917984	-19.340702078234
1.8933000564575	-19.539616842388
1.8980000019073	-19.762836498717
1.9026999473572	-20.011891681277
1.9074000120163	-20.286946214502
1.9120999574661	-20.586959642551
1.9168000221252	-20.910087079025
1.9214999675751	-21.254330088377
1.9262000322342	-21.618305779540
1.9308999776840	-22.002075667870
1.9356000423431	-22.407841962595
1.9402999877930	-22.840422410938
1.9450000524521	-23.307384822352
1.9496999979019	-23.818899150919
1.9543999433517	-24.387444991094
1.9591000080109	-25.027498878526
1.9637999534607	-25.755545905952
1.9685000181198	-26.590531884557
1.9731999635696	-27.555147967154
1.9779000282288	-28.678456957548
1.9825999736786	-30.000902847675
1.9873000383377	-31.583758221527
1.9919999837875	-33.528497306966
1.9967000484467	-36.019017378736
2.0013999938965	-39.417648549672
2.0060999393463	-44.310717112711
2.0107998847961	-47.144912361355
2.0155000686646	-41.974750785688
2.0202000141144	-37.602682180073
2.0248999595642	-34.490317131389
2.0295999050140	-32.105155291862
2.0343000888824	-30.172739368147
2.0390000343323	-28.549748424952
2.0436999797821	-27.154409319210
2.0483999252319	-25.935898862681
2.0531001091003	-24.860043321437
2.0578000545502	-23.901923719605
2.0625000000000	-23.042041296780
2.0671999454498	-22.264224261978
2.0718998908997	-21.554669008788
2.0766000747681	-20.901412923576
2.0813000202179	-20.294278279946
2.0859999656677	-19.724946268527
2.0906999111176	-19.187029799989
2.0954000949860	-18.676064781279
2.1001000404358	-18.189359018213
2.1047999858856	-17.725682943176
2.1094999313354	-17.284822434097
2.1142001152039	-16.867114986018
2.1189000606537	-16.472962825421
2.1236000061035	-16.102469376325
2.1282999515533	-15.755192714574
2.1329998970032	-15.430022808251
2.1377000808716	-15.125242552323
2.1424000263214	-14.838654504736
2.1470999717712	-14.567841680700
2.1517999172211	-14.310459791288
2.1565001010895	-14.064507134153
2.1612000465393	-13.828553578206
2.1658999919891	-13.601857945140
2.1705999374390	-13.384364292446
2.1752998828888	-13.176567675002
2.1800000667572	-12.979315022121
2.1847000122070	-12.793535546037
2.1893999576569	-12.619987680918
2.1940999031067	-12.459055689944
2.1988000869751	-12.310615716007
2.2035000324249	-12.174028593265
2.2081999778748	-12.048195423281
2.2128999233246	-11.931728823632
2.2176001071930	-11.823161640821
2.2223000526428	-11.721176226984
2.2269999980927	-11.624804309210
2.2316999435425	-11.533551579452
2.2363998889923	-11.447448421707
2.2411000728607	-11.366979614879
2.2458000183105	-11.292940873628
2.2504999637604	-11.226235287637
2.2551999092102	-11.167656916114
2.2599000930786	-11.117711114456
2.2646000385284	-11.076493283469
2.2692999839783	-11.043634308527
2.2739999294281	-11.018354626338
2.2787001132965	-10.999605769019
2.2834000587463	-10.986222762902
2.2881000041962	-10.977153746252
2.2927999496460	-10.971636297050
2.2974998950958	-10.969324518126
2.3022000789642	-10.970335894687
2.3069000244141	-10.975216252095
2.3115999698639	-10.984800141766
2.3162999153137	-11.000035332463
2.3210000991821	-11.021787069546
2.3257000446320	-11.050653310819
2.3303999900818	-11.086845162918
2.3350999355316	-11.130142008450
2.3397998809814	-11.179927681872
2.3445000648499	-11.235314784559
2.3492000102997	-11.295314256299
2.3538999557495	-11.359040541378
2.3585999011993	-11.425879527902
2.3633000850677	-11.495632408856
2.3680000305176	-11.568569462083
2.3726999759674	-11.645377094283
2.3773999214172	-11.727040525726
2.3821001052856	-11.814669186536
2.3868000507355	-11.909271393795
2.3914999961853	-12.011607381468
2.3961999416351	-12.122027671333
2.4008998870850	-12.240444839887
2.4056000709534	-12.366370703692
2.4103000164032	-12.499023330990
2.4149999618530	-12.637532522250
2.4196999073029	-12.781136590902
2.4244000911713	-12.929384510121
2.4291000366211	-13.082295745038
2.4337999820709	-13.240401559270
2.4384999275208	-13.404723780422
2.4432001113892	-13.576635599068
2.4479000568390	-13.757648758765
2.4526000022888	-13.949214230837
2.4572999477386	-14.152484211591
2.4619998931885	-14.368167239629
2.4667000770569	-14.596482939535
2.4714000225067	-14.837164964315
2.4760999679565	-15.089642546378
2.4807999134064	-15.353228269021
2.4855000972748	-15.627419784786
2.4902000427246	-15.912140767513
2.4948999881744	-16.207974333292
2.4995999336243	-16.516261595692
2.5043001174927	-16.839075607017
2.5090000629425	-17.179082617106
2.5137000083923	-17.539238897676
2.5183999538422	-17.922519156961
2.5230998992920	-18.331534386483
2.5278000831604	-18.768303680927
2.5325000286102	-19.234023146933
2.5371999740601	-19.729063864824
2.5418999195099	-20.253007139903
2.5466001033783	-20.804908383221
2.5513000488281	-21.383545766397
2.5559999942780	-21.987683851422
2.5606999397278	-22.616113723556
2.5653998851776	-23.267179680010
2.5701000690460	-23.937533885862
2.5748000144958	-24.619719315193
2.5794999599457	-25.298285204548
2.5841999053955	-25.944818146604
2.5889000892639	-26.513460537199
2.5936000347137	-26.941586081586
2.5982999801636	-27.162063428286
2.6029999256134	-27.128501204616
2.6077001094818	-26.839182649321
2.6124000549316	-26.338792888119
2.6171000003815	-25.696051959157
2.6217999458313	-24.977349718729
2.6264998912811	-24.232422334089
2.6312000751495	-23.492352051401
2.6359000205994	-22.773607764393
2.6405999660492	-22.083081904137
2.6452999114990	-21.422285035096
2.6500000953674	-20.790270823039
2.6547000408173	-20.185431491300
2.6593999862671	-19.606469043510
2.6640999317169	-19.052724908807
2.6688001155853	-18.524160732479
2.6735000610352	-18.021052016669
2.6782000064850	-17.543660002728
2.6828999519348	-17.091910838910
2.6875998973846	-16.665162983413
2.6923000812531	-16.262137690333
2.6970000267029	-15.880959076834
2.7016999721527	-15.519313232678
2.7063999176025	-15.174688306329
2.7111001014709	-14.844657884531
2.7158000469208	-14.527112996535
2.7204999923706	-14.220485061520
2.7251999378204	-13.923824434701
2.7298998832703	-13.636771767844
2.7346000671387	-13.359459684584
2.7393000125885	-13.092295171528
2.7439999580383	-12.835734230929
2.7486999034882	-12.590081270741
2.7534000873566	-12.355316212658
2.7581000328064	-12.131026085619
2.7627999782562	-11.916400391827
2.7674999237061	-11.710326212034
2.7722001075745	-11.511542329458
2.7769000530243	-11.318814998915
2.7815999984741	-11.131108027945
2.7862999439240	-10.947724251438
2.7909998893738	-10.768367666122
2.7957000732422	-10.593117009166
2.8004000186920	-10.422356765558
2.8050999641418	-10.256612198612
2.8097999095917	-10.096402599303
2.8145000934601	-9.9420811002309
2.8192000389099	-9.7937298913480
2.8238999843597	-9.6511042974621
2.8285999298096	-9.5136563383834
2.8333001136780	-9.3806223885462
2.8380000591278	-9.2511383483642
2.8427000045776	-9.1244038577943
2.8473999500275	-8.9997924684286
2.8520998954773	-8.8769682791942
2.8568000793457	-8.7559125522919
2.8615000247955	-8.6368882358990
2.8661999702454	-8.5203674829760
2.8708999156952	-8.4068829660102
2.8756000995636	-8.2969189819585
2.8803000450134	-8.1907870532572
2.8849999904633	-8.0885248757922
2.8896999359131	-7.9899076739988
2.8943998813629	-7.8944676637019
2.8991000652313	-7.8015772391864
2.9038000106812	-7.7105792492442
2.9084999561310	-7.6209021021674
2.9131999015808	-7.5321657588784
2.9179000854492	-7.4442505440527
2.9226000308990	-7.3573027475605
2.9272999763489	-7.2716903281327
2.9319999217987	-7.1879085742564
2.9367001056671	-7.1064665166867
2.9414000511169	-7.0277779969318
2.9460999965668	-6.9520553380455
2.9507999420166	-6.8792756288899
2.9554998874664	-6.8091725962490
2.9602000713348	-6.7412946989996
2.9649000167847	-6.6750935332705
2.9695999622345	-6.6100291858984
2.9742999076843	-6.5456963004480
2.9790000915527	-6.4818734984784
2.9837000370026	-6.4185889633087
2.9883999824524	-6.3560922226470
2.9930999279022	-6.2947969202313
2.9978001117706	-6.2351899866234
3.0025000572205	-6.1777194923683
3.0072000026703	-6.1226945366466
3.0118999481201	-6.0702312694362
3.0165998935699	-6.0202118773558
3.0213000774384	-5.9723173343622
3.0260000228882	-5.9260926892989
3.0306999683380	-5.8810370970000
3.0353999137878	-5.8367046070144
3.0401000976562	-5.7928008930924
3.0448000431061	-5.7492384516740
3.0494999885559	-5.7061415022825
3.0541999340057	-5.6638271275044
3.0589001178741	-5.6227192884984
3.0636000633240	-5.5832721405331
3.0683000087738	-5.5458461735192
3.0729999542236	-5.5106568384015
3.0776998996735	-5.4777008439249
3.0824000835419	-5.4467797899398
3.0871000289917	-5.4175219796029
3.0917999744415	-5.3894679481082
3.0964999198914	-5.3621609542494
3.1012001037598	-5.3352434347536
3.1059000492096	-5.3085216897908
3.1105999946594	-5.2820125569709
3.1152999401093	-5.2559256253665
3.1199998855591	-5.2306190508896
3.1247000694275	-5.2065183092078
3.1294000148773	-5.1840207133884
3.1340999603271	-5.1634034238042
3.1387999057770	-5.1447758256733
3.1435000896454	-5.1280342957072
3.1482000350952	-5.1128999098729
3.1528999805450	-5.0989672894047
3.1575999259949	-5.0857802849060
3.1623001098633	-5.0729378855853
3.1670000553131	-5.0601671728934
3.1717000007629	-5.0473727639786
3.1763999462128	-5.0346700748075
3.1810998916626	-5.0223361766280
3.1858000755310	-5.0107571402038
3.1905000209808	-5.0003362168811
3.1951999664307	-4.9914092369578
3.1998999118805	-4.9841558643795
3.2046000957489	-4.9785800592327
3.2093000411987	-4.9744791097346
3.2139999866486	-4.9715044258128
3.2186999320984	-4.9692139423624
3.2234001159668	-4.9671701114491
3.2281000614166	-4.9650303709867
3.2328000068665	-4.9626004229080
3.2374999523163	-4.9598917316038
3.2421998977661	-4.9570865925813
3.2469000816345	-4.9545129133539
3.2516000270844	-4.9525545903942
3.2562999725342	-4.9515646804431
3.2609999179840	-4.9517865634457
3.2657001018524	-4.9532759456599
3.2704000473022	-4.9559066390516
3.2750999927521	-4.9593616945075
3.2797999382019	-4.9632021592302
3.2844998836517	-4.9669507233416
3.2892000675201	-4.9701770557504
3.2939000129700	-4.9725767574859
3.2985999584198	-4.9740310813106
3.3032999038696	-4.9746091916879
3.3080000877380	-4.9745403739111
3.3127000331879	-4.9741480486805
3.3173999786377	-4.9737602507106
3.3220999240875	-4.9736217743447
3.3268001079559	-4.9738216291689
3.3315000534058	-4.9742427954654
3.3361999988556	-4.9745793324802
3.3408999443054	-4.9743680820097
3.3455998897552	-4.9730661738616
3.3503000736237	-4.9701500315778
3.3550000190735	-4.9651944793948
3.3596999645233	-4.9579463771961
3.3643999099731	-4.9483538711721
3.3691000938416	-4.9365441854732
3.3738000392914	-4.9227836586858
3.3784999847412	-4.9073756374875
3.3831999301910	-4.8905892072833
3.3879001140594	-4.8725580505799
3.3926000595093	-4.8532463795865
3.3973000049591	-4.8324253393096
3.4019999504089	-4.8097230668362
3.4066998958588	-4.7846804970033
3.4114000797272	-4.7568478648991
3.4161000251770	-4.7258901608808
3.4207999706268	-4.6916480433178
3.4254999160767	-4.6541909726262
3.4302000999451	-4.6138067547924
3.4349000453949	-4.5709605723443
3.4395999908447	-4.5262163405923
3.4442999362946	-4.4801352526012
3.4489998817444	-4.4332080216855
3.4537000656128	-4.3857755311996
3.4584000110626	-4.3380118091219
3.4630999565125	-4.2899518130669
3.4677999019623	-4.2415257085790
3.4725000858307	-4.1926510720125
3.4772000312805	-4.1433056938335
3.4818999767303	-4.0935971980715
3.4865999221802	-4.0438082984156
3.4913001060486	-3.9943922960589
3.4960000514984	-3.9459381656440
3.5006999969482	-3.8990993204029
3.5053999423981	-3.8545226865424
3.5100998878479	-3.8127537798010
3.5148000717163	-3.7741799423859
3.5195000171661	-3.7389957128368
3.5241999626160	-3.7072009449314
3.5288999080658	-3.6786467735827
3.5336000919342	-3.6530878578529
3.5383000373840	-3.6302608540699
3.5429999828339	-3.6099664167040
3.5476999282837	-3.5921072607675
3.5524001121521	-3.5767331704414
3.5571000576019	-3.5640201245073
3.5618000030518	-3.5542393726346
3.5664999485016	-3.5476976838915
3.5711998939514	-3.5446627333308
3.5759000778198	-3.5453042180709
3.5806000232697	-3.5496421439012
3.5852999687195	-3.5575374115263
3.5899999141693	-3.5686985585232
3.5947000980377	-3.5827367968003
3.5994000434875	-3.5992161004632
3.6040999889374	-3.6177382424088
3.6087999343872	-3.6380006393545
3.6135001182556	-3.6598463116775
3.6182000637054	-3.6832768770882
3.6229000091553	-3.7084362131548
3.6275999546051	-3.7355666269002
3.6322999000549	-3.7649393442920
3.6370000839233	-3.7967858742746
3.6417000293732	-3.8312356403128
3.6463999748230	-3.8682725164966
3.6510999202728	-3.9077234923013
3.6558001041412	-3.9492910645576
3.6605000495911	-3.9925860386033
3.6651999950409	-4.0372116541018
3.6698999404907	-4.0828321413918
3.6745998859406	-4.1292310514174
3.6793000698090	-4.1763536011834
3.6840000152588	-4.2243127094052
3.6886999607086	-4.2733584620189
3.6933999061584	-4.3238221956537
3.6981000900269	-4.3760407004429
3.7028000354767	-4.4302761653646
3.7074999809265	-4.4866614078335
3.7121999263763	-4.5451594709295
3.7169001102448	-4.6055663368153
3.7216000556946	-4.6675435102124
3.7263000011444	-4.7306835798653
3.7309999465942	-4.7945882386038
3.7356998920441	-4.8589491035205
3.7404000759125	-4.9236056994164
3.7451000213623	-4.9885835903244
3.7497999668121	-5.0540792044033
3.7544999122620	-5.1204212108523
3.7592000961304	-5.1879891070346
3.7639000415802	-5.2571305209547
3.7685999870300	-5.3280713763346
3.7732999324799	-5.4008593625653
3.7780001163483	-5.4753378992225
3.7827000617981	-5.5511612555202
3.7874000072479	-5.6278458044925
3.7920999526978	-5.7048639940937
3.7967998981476	-5.7817281109875
3.8015000820160	-5.8580918221156
3.8062000274658	-5.9338004676813
3.8108999729156	-6.0089160482411
3.8155999183655	-6.0836840733483
3.8203001022339	-6.1584611443255
3.8250000476837	-6.2336129270850
3.8296999931335	-6.3094117220490
3.8343999385834	-6.3859381646350
3.8390998840332	-6.4630355722796
3.8438000679016	-6.5402961816551
3.8485000133514	-6.6171135911858
3.8531999588013	-6.6927749629039
3.8578999042511	-6.7665751504254
3.8626000881195	-6.8379450032298
3.8673000335693	-6.9065348722658
3.8719999790192	-6.9722747923340
3.8766999244690	-7.0353535650743
3.8814001083374	-7.0961505437581
3.8861000537872	-7.1551195328690
3.8907999992371	-7.2126544544155
3.8954999446869	-7.2689709478533
3.9001998901367	-7.3240216555078
3.9049000740051	-7.3774737679383
3.9096000194550	-7.4287582051810
3.9142999649048	-7.4771649493135
3.9189999103546	-7.5219892526091
3.9237000942230	-7.5626756230745
3.9284000396729	-7.5989459701052
3.9330999851227	-7.6308585193586
3.9377999305725	-7.6588122057100
3.9425001144409	-7.6834599224000
3.9472000598907	-7.7055754635534
3.9519000053406	-7.7258985774373
3.9565999507904	-7.7449872674003
3.9612998962402	-7.7631125593762
3.9660000801086	-7.7802247352106
3.9707000255585	-7.7959884237397
3.9753999710083	-7.8098958206422
3.9800999164581	-7.8214013258369
3.9848001003265	-7.8300960280143
3.9895000457764	-7.8358266602319
3.9941999912262	-7.8387838963775
3.9988999366760	-7.8394966046924
4.0036001205444	-7.8387545859236
4.0082998275757	-7.8374819889420
4.0130000114441	-7.8365674792735
4.0177001953125	-7.8367059006631
4.0223999023438	-7.8382919455656
4.0271000862122	-7.8413694448676
4.0317997932434	-7.8456526230403
4.0364999771118	-7.8506210937571
4.0412001609802	-7.8556717871842
4.0458998680115	-7.8602717495999
4.0506000518799	-7.8641069845754
4.0553002357483	-7.8671856197877
4.0599999427795	-7.8698536293721
4.0647001266479	-7.8727481406219
4.0693998336792	-7.8766816006813
4.0741000175476	-7.8824796753495
4.0788002014160	-7.8908236282657
4.0834999084473	-7.9021161744959
4.0882000923157	-7.9164116559251
4.0928997993469	-7.9334038897709
4.0975999832153	-7.9525089999405
4.1023001670837	-7.9729890730698
4.1069998741150	-7.9941148951907
4.1117000579834	-8.0153312396507
4.1163997650146	-8.0363817035872
4.1210999488831	-8.0573751761418
4.1258001327515	-8.0787573839244
4.1304998397827	-8.1012285186736
4.1352000236511	-8.1255861408130
4.1399002075195	-8.1525534319598
4.1445999145508	-8.1826229311648
4.1493000984192	-8.2159378586706
4.1539998054504	-8.2522606459443
4.1586999893188	-8.2910017891380
4.1634001731873	-8.3313385694366
4.1680998802185	-8.3723756560185
4.1728000640869	-8.4133282291469
4.1774997711182	-8.4536885005902
4.1821999549866	-8.4933315245688
4.1869001388550	-8.5325367262268
4.1915998458862	-8.5719357591848
4.1963000297546	-8.6123530863375
4.2010002136230	-8.6546351602015
4.2056999206543	-8.6994559104527
4.2104001045227	-8.7471541446469
4.2150998115540	-8.7976549488442
4.2197999954224	-8.8504676676919
4.2245001792908	-8.9047764379629
4.2291998863220	-8.9596078030278
4.2339000701904	-9.0140385461746
4.2385997772217	-9.0673976172184
4.2432999610901	-9.1194376955772
4.2480001449585	-9.1704086152152
4.2526998519897	-9.2210312143849
4.2574000358582	-9.2723767358371
4.2621002197266	-9.3256676829480
4.2667999267578	-9.3820574821294
4.2715001106262	-9.4424257943381
4.2761998176575	-9.5072340041630
4.2809000015259	-9.5764805320684
4.2856001853943	-9.6497462641370
4.2902998924255	-9.7263356504563
4.2950000762939	-9.8054802336747
4.2996997833252	-9.8865733338694
4.3043999671936	-9.9693601866480
4.3091001510620	-10.054063481426
4.3137998580933	-10.141407626347
4.3185000419617	-10.232506749699
4.3232002258301	-10.328675359974
4.3278999328613	-10.431171940755
4.3326001167297	-10.540929985921
4.3372998237610	-10.658344171036
4.3420000076294	-10.783139314614
4.3467001914978	-10.914355260334
4.3513998985291	-11.050469100240
4.3561000823975	-11.189619638415
4.3607997894287	-11.329929548751
4.3654999732971	-11.469828959409
4.3702001571655	-11.608353942879
4.3748998641968	-11.745297208178
4.3796000480652	-11.881213726595
4.3843002319336	-12.017232544000
4.3889999389648	-12.154741288767
4.3937001228333	-12.294998330172
4.3983998298645	-12.438753898364
4.4031000137329	-12.585984579509
4.4078001976013	-12.735778343748
4.4124999046326	-12.886423037512
4.4172000885010	-13.035685014306
4.4218997955322	-13.181245284678
4.4265999794006	-13.321187334178
4.4313001632690	-13.454453407774
4.4359998703003	-13.581093466021
4.4407000541687	-13.702282811996
4.4454002380371	-13.820045598613
4.4500999450684	-13.936768866585
4.4548001289368	-14.054622514570
4.4594998359680	-14.174989320826
4.4642000198364	-14.298090504956
4.4689002037048	-14.422812066316
4.4735999107361	-14.546879584784
4.4783000946045	-14.667260114054
4.4829998016357	-14.780816075774
4.4876999855042	-14.885024803007
4.4924001693726	-14.978601727617
4.4970998764038	-15.061836521153
4.5018000602722	-15.136544925356
4.5064997673035	-15.205602704583
4.5111999511719	-15.272244327187
4.5159001350403	-15.339216574296
4.5205998420715	-15.408089976133
4.5253000259399	-15.478799373326
4.5300002098083	-15.549561186588
4.5346999168396	-15.617185570651
4.5394001007080	-15.677742811499
4.5440998077393	-15.727471948700
4.5487999916077	-15.763708409235
4.5535001754761	-15.785572910378
4.5581998825073	-15.794248053291
4.5629000663757	-15.792683502250
4.5675997734070	-15.784858518249
4.5722999572754	-15.774803762740
4.5770001411438	-15.765632194847
4.5816998481750	-15.758812646464
4.5864000320435	-15.753823864580
4.5911002159119	-15.748291554780
4.5957999229431	-15.738509482572
4.6005001068115	-15.720358837819
4.6051998138428	-15.690328461611
4.6098999977112	-15.646466329530
4.6146001815796	-15.588927418715
4.6192998886108	-15.519989345584
4.6240000724792	-15.443534984002
4.6286997795105	-15.364110735274
4.6333999633789	-15.285897401106
4.6381001472473	-15.211798797287
4.6427998542786	-15.142880842963
4.6475000381470	-15.078204219227
4.6522002220154	-15.015118081948
4.6568999290466	-14.949907206385
4.6616001129150	-14.878733128364
4.6662998199463	-14.798579869812
4.6710000038147	-14.708072571507
4.6757001876831	-14.607841980919
4.6803998947144	-14.500426991167
4.6851000785828	-14.389670264307
4.6897997856140	-14.279846036434
4.6944999694824	-14.174716981017
4.6992001533508	-14.076772538638
4.7038998603821	-13.986759807649
4.7086000442505	-13.903611410417
4.7133002281189	-13.824732733655
4.7179999351501	-13.746623659034
4.7227001190186	-13.665706702480
4.7273998260498	-13.579169619128
4.7321000099182	-13.485680066306
4.7368001937866	-13.385704915289
4.7414999008179	-13.281447039126
4.7462000846863	-13.176311655068
4.7508997917175	-13.074156436167
4.7555999755859	-12.978449806132
4.7603001594543	-12.891563610054
4.7649998664856	-12.814322466732
4.7697000503540	-12.745888672881
4.7744002342224	-12.683973825169
4.7790999412537	-12.625337023422
4.7838001251221	-12.566529762116
4.7884998321533	-12.504658184011
4.7932000160217	-12.438067491924
4.7979001998901	-12.366747669109
4.8025999069214	-12.292352245554
4.8073000907898	-12.217815075498
4.8119997978210	-12.146696128452
4.8166999816895	-12.082403029379
4.8214001655579	-12.027464586151
4.8260998725891	-11.983030031592
4.8308000564575	-11.948631881246
4.8354997634888	-11.922277264017
4.8401999473572	-11.900866493574
4.8449001312256	-11.880798282265
4.8495998382568	-11.858763404815
4.8543000221252	-11.832474090181
4.8590002059937	-11.801186632175
4.8636999130249	-11.765893276608
4.8684000968933	-11.729068363618
4.8730998039246	-11.694115537134
4.8777999877930	-11.664576347989
4.8825001716614	-11.643347850279
4.8871998786926	-11.632054090257
4.8919000625610	-11.630663479100
4.8965997695923	-11.637469943828
4.9012999534607	-11.649391596330
4.9060001373291	-11.662558874573
4.9106998443604	-11.673138536441
4.9154000282288	-11.678156509718
4.9201002120972	-11.676226494287
4.9247999191284	-11.667862983785
4.9295001029968	-11.655367011727
4.9341998100281	-11.642279233309
4.9388999938965	-11.632545499351
4.9436001777649	-11.629537446539
4.9482998847961	-11.635277049184
4.9530000686646	-11.649852815254
4.9576997756958	-11.671255063502
4.9623999595642	-11.695596852512
4.9671001434326	-11.717701874902
4.9717998504639	-11.732055215703
4.9765000343323	-11.733849126576
4.9812002182007	-11.719929727276
4.9858999252319	-11.689399154127
4.9906001091003	-11.643582142542
4.9952998161316	-11.585471883247
5.0000000000000	-11.518719418709
